segment,t,status,nis,innovation_px,innovation_py,innovation_pz,innovation_vx,innovation_vy,innovation_vz,innovation_yaw,gps_px,gps_py,gps_pz,gps_vx,gps_vy,gps_vz,gps_yaw,post_px,post_py,post_pz,post_vx,post_vy,post_vz,post_yaw,covariance_t,pvarx,pvary,pvarz,vvarx,vvary,vvarz,yawvar,accepted_count,rejected_count
0,2.157501184,accepted,0.305909014711697,0.00860462902968401,0.00493916039950626,0.00317721465057114,0.139799793042313,0.210528197549507,0.103442433923805,-8.09203839002848e-06,0.108108337001664,-0.277671604909479,-0.290000000000006,0.22,0.05,0.07,2.45916891606001,0.106932167620635,-0.275434148371313,-0.289283982062592,0.15359361760406,-0.0500187205363336,0.0194300545490285,2.45416764521508,2.157501184,0.681072178069422,0.681072178072607,2.00012764192595,0.0610251614645292,0.0610250861265979,0.0593888929671909,0.0205854709057002,1,0
0,2.257688832,accepted,0.355556618206126,-0.00703390112368676,-0.0099374632427558,-0.00245976037741269,-0.326211126546515,-0.0619316681224954,0.0246979309891358,0.00495655495364611,0.116424362822871,-0.28877846839694,-0.290000000000006,-0.15,-0.08,0.04,2.45916891606001,0.111969665292427,-0.283897896487499,-0.287783130186474,0.0411765977302325,-0.0437442446888922,0.0222260483387668,2.45571131482123,2.257688832,0.454138605558398,0.454138604326332,1.33375074458693,0.0757365513797981,0.0757307817648087,0.0446469874748177,0.012259736279305,2,0
0,2.359859456,accepted,0.019508120904245,0.00185847219852457,-0.0126789002089516,-0.164365075783856,-0.0297553762927113,0.0511923909266459,0.000201665544472797,0.00346568430523941,0.116424362921155,-0.299885333023352,-0.450000000000003,-0.02,0.03,0.02,2.45916891606001,0.113282057881159,-0.287376241146955,-0.326760115830398,-0.00927133509034479,0.0115573446849982,0.019133175699006,2.45670405486176,2.359859456,0.340709065365994,0.340709040935246,1.00066130218061,0.0576475456958199,0.057649059823253,0.0299231497850405,0.00874000322003759,3,0
0,2.458032896,accepted,0.0130636101445378,0.00579828932125262,-0.0263446665139185,-0.124897652017958,-0.00520868613336993,-0.0437174319996022,0.0153897445703303,0.00251354646506474,0.116424363151397,-0.310992197384771,-0.450000000000003,-0.05,0,0.03,2.45916891606001,0.111539003179612,-0.292118371030419,-0.349557604561452,-0.0469900534871897,0.0241095398681905,0.0175054425737689,2.45710933490344,2.458032896,0.272943838863699,0.272943792896345,0.800952354803373,0.0597001112424728,0.0597041527961152,0.0247314639213067,0.00680639366723671,4,0
0,2.556184064,accepted,0.254209839203258,0.0113117468272735,-0.0225792326670572,-0.102057506397068,0.133992667440931,-0.021077901368457,-0.147338808825457,0.00201306980298899,0.116424363151397,-0.310992197384771,-0.450000000000003,0.05,0.03,-0.13,2.45916891606001,0.115622817438699,-0.293493052895042,-0.371641140911158,-0.0201759580742834,0.0419638027598979,-0.0093804740765861,2.45826477343887,2.556184064,0.227791600175099,0.227791547806107,0.667876757873193,0.0526836455549556,0.052690358546803,0.0204760450894235,0.00558434281062914,5,0
0,2.658346496,accepted,0.00614673653672545,0.0116409904970369,-0.0220761766967149,-0.0767212561990364,0.0240667673950679,0.00843311919920024,-0.00953343369721479,0.00261658240009455,0.124740388874321,-0.310992196940522,-0.450000000000003,-0.01,0.06,-0.03,2.460914245312,0.116546269107058,-0.291484020672037,-0.384759606117415,-0.0228891684457026,0.0554266776734535,-0.0221824271187548,2.45875010556334,2.658346496,0.195610874258326,0.19561083467933,0.572907621783337,0.0454656946649359,0.0454684328826406,0.0173256745924103,0.0047581699153005,6,0
0,2.758519552,accepted,0.251534558181024,0.0193832984379151,-0.0260721855561844,-0.0627050181069759,0.122941632071905,-0.149389378438276,-0.0376350379804676,0.00384260554224181,0.133056416408153,-0.31099219692112,-0.450000000000003,0.08,-0.08,-0.07,2.462659574564,0.125730326456328,-0.299901596110945,-0.397119331802754,0.0101158898887386,0.00484656883141546,-0.0372590745111415,2.45953593227352,2.758519552,0.171515722753482,0.171515681015665,0.501706616504312,0.0389276604915221,0.0389296805977959,0.0149827244783358,0.00416093921730489,7,0
0,2.874699264,accepted,0.116753020896298,0.00585579889705459,-0.0231747746012882,-0.0479990850103503,-0.135217154889064,-0.0237907878296944,0.0373202345135326,0.00476116901503598,0.133056417019666,-0.322099061724637,-0.450000000000003,-0.12,-0.01,-0.01,2.46440490381599,0.118509305871796,-0.303217346326888,-0.405756169345769,-0.0294105376451696,0.00562760770926816,-0.0433962213234125,2.46012883841492,2.874699264,0.153194040941673,0.153194008659362,0.446599614327089,0.0398747150526915,0.0398731367186592,0.0139905228251218,0.00373014441108731,8,0
0,2.95684864,accepted,0.297806562608433,0.0255792567895129,-0.0198628235625891,-0.0403532503370289,0.237046664563589,0.0206752660620434,-0.00127341448874847,0.00444011922334786,0.141372440807025,-0.32209906154405,-0.450000000000003,0.2,0.04,-0.05,2.46440490381599,0.13294328120338,-0.303008087412887,-0.413692193542895,0.028273554982655,0.0248990238642874,-0.048422973107425,2.46048335331219,2.95684864,0.13824045189341,0.138240419235892,0.40230673059341,0.0380378204439561,0.0380357354955694,0.0132606383152021,0.00337786928286099,9,0
0,3.057036544,accepted,0.0358847932606085,0.0140569376503971,-0.0109332520522947,-0.0310608854521058,-0.0634070232980449,0.0242796473356095,-0.0141640443474681,0.00576849686429526,0.149688466307009,-0.310992196467196,-0.450000000000003,-0.04,0.06,-0.07,2.46615023306799,0.131243483199033,-0.298892691022929,-0.422674290471121,0.000268051709288435,0.0445830828259982,-0.0580789152316303,2.46098801594001,3.057036544,0.126063333190538,0.126063302800154,0.366177163290548,0.032910684477891,0.0329085545041131,0.0122411228100271,0.00311616552945039,10,0
0,3.1592064,accepted,0.582322569500075,0.017760971646046,-0.0399111267260264,-0.020761596918856,-0.0703850427147924,-0.323576616001184,0.123073708984403,0.00682638825259296,0.149688466752889,-0.333205923648299,-0.450000000000003,-0.06,-0.26,0.06,2.46789556231998,0.129679332185673,-0.314249726552847,-0.42685942134799,-0.00361665019831565,-0.00239236765452418,-0.0538211287031346,2.46159102360992,3.1592064,0.116395072449471,0.116395008192102,0.336295038628439,0.035334801923639,0.0353313982348481,0.0122893400091701,0.00291234906779481,11,0
0,3.257363968,accepted,0.307928307609572,0.0290118090288213,-0.0191748991365794,-0.0174963555138037,0.119575027460774,0.23275532626616,-0.0488455892716989,0.00635941186057254,0.158004494799951,-0.3332059231113,-0.450000000000003,0.11,0.24,-0.11,2.46789556231998,0.13813494722765,-0.302302931208074,-0.435538549179565,0.014361851537379,0.053424470318754,-0.0648192401060516,2.46216141234311,3.257363968,0.108331314345064,0.108331201676942,0.311066306886415,0.0370652700230354,0.0370615344256744,0.0124426891335964,0.00274845467026709,12,0
0,3.357549824,accepted,0.346018255081901,0.018832409288846,-0.0374594703259365,-0.158143063451271,-0.0587763831033611,-0.205100529658944,0.155739765575492,0.00738792008205902,0.158004494799951,-0.3332059231113,-0.600000000000001,-0.05,-0.13,0.09,2.46964089157198,0.136657153464626,-0.312482074929855,-0.447345559283617,-0.00383762034895158,0.029348146728817,-0.0541015397231313,2.46283108881323,3.357549824,0.101507146778036,0.101506986195619,0.289528720755291,0.0376571481815201,0.0376521801911452,0.0126047427370645,0.00262072698020893,13,0
0,3.457719552,accepted,0.141802610131953,0.0302811138131818,-0.0350166030346668,-0.147048832014079,0.151640337061353,-0.00284606969210808,0.0472522849049025,0.00674211471355601,0.166320520885075,-0.344312788847586,-0.600000000000001,0.14,0.03,-0.01,2.46964089157198,0.150733388352964,-0.312052741975382,-0.460630176674805,0.027111876568547,0.0317083292451956,-0.0531539758310132,2.46343037913538,3.457719552,0.0955046551964396,0.0955044723135593,0.270888394324279,0.0362170572274947,0.0362128782684491,0.0126208282938929,0.00252013705264134,14,0
0,3.557946624,accepted,0.238168620743403,0.013089403272821,-0.0350970471531238,-0.133562847661732,-0.130066129328512,-0.0132225236269933,0.104257088876144,0.00787998750733188,0.166320520885075,-0.344312788847586,-0.600000000000001,-0.11,0.01,0.04,2.47138622082397,0.138991543448916,-0.313149134627291,-0.467218897162246,-0.0238461642547932,0.0182230995540306,-0.0506862154930722,2.46409265340892,3.557946624,0.0897984264106911,0.0897982926214179,0.254447714710137,0.030560177199195,0.0305574833840666,0.0120466399709055,0.00244176869375129,15,0
0,3.658117888,accepted,0.0752271950997155,0.0303385494126532,-0.0441759304575476,-0.127148579765965,0.0464372652349198,-0.0696463145916437,0.0510927286844738,0.00721522494354998,0.166320520851401,-0.355419652349585,-0.600000000000001,0.01,-0.05,-0.01,2.47138622082397,0.142238867883208,-0.320547232290578,-0.477252811921284,-0.0239507104711281,0.000957170150647061,-0.0556200831986891,2.46475200526373,3.658117888,0.0850659718167596,0.0850658531600285,0.240063891705216,0.0287559649248959,0.0287541964760411,0.011869245106689,0.00238092288140949,16,0
0,3.758253312,accepted,0.216392760806963,0.0350013317917773,-0.0462719595709456,-0.117312772048631,0.135985666773294,-0.0881063260051508,-0.0170858088422552,0.00888198015379915,0.174636547449755,-0.366526516178868,-0.600000000000001,0.1,-0.09,-0.07,2.47313155007596,0.156027300865258,-0.332304530253212,-0.490569774024253,0.0037602926514204,-0.0278103686185552,-0.0549937381233689,2.46500019015708,3.758253312,0.08072004592975,0.0807199498074525,0.22722444253418,0.0261536642433969,0.026152708018132,0.0114647545184635,0.00233443133387832,17,0
0,3.872408832,accepted,0.11648080304012,0.0272981826796948,-0.0415288480607142,-0.10260291518328,-0.0619227294140045,0.0358120585696345,0.0934277707366152,0.0088313504228652,0.182952573395619,-0.377633380367225,-0.600000000000001,-0.06,0,0.02,2.47313155007596,0.151651919163397,-0.335278800075387,-0.496767628831823,-0.0129471095133476,-0.0273923956924339,-0.0636416583817318,2.46494288863437,3.872408832,0.0772770775544631,0.0772769853869162,0.216032433484729,0.0262023821053718,0.0262013318257295,0.0115041842854126,0.00231908904091811,18,0
0,3.95658112,accepted,0.0728671404650091,0.0241197957268215,-0.0405495029219696,-0.0962910043621821,-0.0502592617554727,0.0179178915754247,0.065549224299728,0.0103715690359247,0.174636547540736,-0.377633380381763,-0.600000000000001,-0.07,0,-0.03,2.47487687932796,0.146982991216208,-0.337587860856322,-0.503657395704773,-0.0327586019564413,-0.0135130144569971,-0.0877650636863261,2.46526710541932,3.95658112,0.0735557937258827,0.0735557239323896,0.205524676251684,0.0237311896909608,0.0237311173748725,0.0110098950643424,0.00226983162548284,19,0
0,4.05874944,accepted,0.100863365845201,0.0351917555067179,-0.0498116789720489,-0.0853507740075534,0.0314568440485471,-0.0376764892602362,0.118515165186296,0.0104668170494202,0.174636548027593,-0.388740245179087,-0.600000000000001,-0.07,-0.06,0,2.47662220857995,0.143184865844308,-0.343793278164052,-0.513471893611297,-0.095936587516472,-0.0287755815744509,-0.110258340979784,2.46697036896744,4.05874944,0.0709189351368242,0.0709188663357886,0.19652275788787,0.025854430320163,0.0258625742122205,0.011378080921285,0.00225481108481551,20,0
0,4.15694336,accepted,0.758842992210488,0.0511413366090364,-0.0313436715872994,-0.0746131982333103,0.337026175543749,0.102284014792726,0.0348979334561822,0.0116960727431015,0.182952573395619,-0.377633380367225,-0.600000000000001,0.22,0.09,-0.09,2.47836753783195,0.159119594748797,-0.340424550928115,-0.526861766603284,-0.048922510398863,0.00795137036540488,-0.121222644375735,2.4673838788526,4.15694336,0.0683972354876557,0.0683971922092628,0.188273692513222,0.0267390408328777,0.0267482624749604,0.0114986392277504,0.0022396130610933,21,0
0,4.259123968,accepted,0.025142598732403,0.0408611116623256,-0.0459408271837696,-0.192944803386975,-0.0315328569674991,0.0113103883247464,0.00393120383454237,0.0116672680625549,0.199584625460282,-0.388740244705761,-0.730000000000004,-0.01,-0.04,-0.07,2.48011286708394,0.15752242828826,-0.343920413763649,-0.545453420556725,0.0129080117174831,-0.0484040626125933,-0.0738103668963915,2.46927661812049,4.259123968,0.0658643541359676,0.0658642979153579,0.180629803775179,0.0255177498560495,0.0255171859170212,0.0111670963040996,0.00223505656432942,22,0
0,4.365277952,accepted,0.153082969737022,0.0457516273745564,-0.0510760735658614,-0.17666116596675,0.0372118843265132,-0.133335700175807,0.0228836693476611,0.012458672078794,0.199584625939837,-0.399847107690162,-0.730000000000004,-0.01,-0.12,-0.06,2.48360352558793,0.159212895454787,-0.362616612241921,-0.559379198154927,-0.038045350936957,-0.0186497427864096,-0.0806944537907937,2.47211935595069,4.365277952,0.0638055039373397,0.0638054691676795,0.173818354607645,0.0257955951195131,0.025798943861444,0.0111512632590325,0.00223979450282807,23,0
0,4.457422592,accepted,0.31346643158991,0.0557928025905913,-0.0247367234850739,-0.166238901485361,0.234176661029452,0.053759697599118,-0.0122803193167361,0.0126284186604844,0.207900651571779,-0.388740244432423,-0.730000000000004,0.06,0.1,-0.01,2.48534885483993,0.169123748901526,-0.361853245468681,-0.57131265484872,-0.132930183654971,0.0554112086858257,0.0019545034835345,2.47336039504232,4.457422592,0.0619496629643072,0.0619496045954525,0.167562215031553,0.0278268629239429,0.0278586836797703,0.0113705830066999,0.00222391423049447,24,0
0,4.557600256,accepted,0.709394569685966,0.0656914476562574,-0.0312015400164303,-0.163081704204153,0.299925191319332,0.0240256336974126,-0.122903276882624,0.0135961601894405,0.216216677294703,-0.388740243988175,-0.730000000000004,0.02,0.12,-0.1,2.48534885483993,0.178124605880837,-0.356950709613812,-0.581905841041515,-0.211000599540012,0.101658135951384,0.0134672465086369,2.47224187075193,4.557600256,0.0602264970127004,0.0602265354171061,0.161817430575744,0.0279269090278798,0.0280146122026815,0.0113947692574591,0.00222112866189967,25,0
0,4.65780608,accepted,1.7382349573114,0.0703902777850735,-0.0513107906316238,-0.146936088961289,0.347397044623484,-0.288630444388446,0.110259436759895,0.0138030581673667,0.216216677294703,-0.388740243988175,-0.730000000000004,0,-0.04,0.06,2.47836753783195,0.184917216251329,-0.369551986450804,-0.578884545564486,-0.247445212853611,0.165448971336465,-0.0302455741000026,2.46577447633265,4.65780608,0.0583977164741432,0.0583976370993927,0.15633717272981,0.0255171180489055,0.0255928896002253,0.0110641561845979,0.00221503575842898,26,0
0,4.758011136,accepted,1.39963288623515,0.0750283940166623,-0.0450541016376432,-0.142932867626051,0.376138072467424,-0.165106097298249,-0.0263328458788734,0.0137083195578969,0.224532703240567,-0.399847106787126,-0.730000000000004,0.02,-0.09,-0.12,2.47836753783195,0.189590845821338,-0.372909635649193,-0.594801836911682,-0.256664513049468,0.0309116479965255,-0.0916544240971135,2.46607147933881,4.758011136,0.0567331159729538,0.0567334180118711,0.151269837891767,0.0237923698602051,0.0239238912602195,0.0107046797305353,0.0022116401476292,27,0
0,4.876175872,accepted,0.447774135065367,0.0671054525248989,-0.0284201798870933,-0.121459274036736,0.280074270790906,0.0145676918304771,0.127434891255962,0.0151951281347822,0.224532703240567,-0.399847106787126,-0.730000000000004,0.02,0.02,0,2.48534885483993,0.175529895490153,-0.371870385653172,-0.606902863447953,-0.218535086856482,0.006984478150585,-0.118458719976516,2.47110775389187,4.876175872,0.0560296004970341,0.0560301693001894,0.147275188642651,0.0272145573254022,0.0273091258197511,0.0111979602816254,0.0022398909168784,28,0
0,4.9563136,accepted,0.267277025883671,0.0653320158351001,-0.0353279857358481,-0.11308200581214,0.0626461078967841,-0.0866608998335487,0.197008022871068,0.0153580458154541,0.224532703727424,-0.410953971584449,-0.730000000000004,-0.12,-0.15,0.07,2.48709418409192,0.165686606936202,-0.382149812765758,-0.611131156745216,-0.171433391180253,-0.0771150929390768,-0.114745524004089,2.47299265044868,4.9563136,0.0547227533885297,0.0547235910948244,0.142967200546491,0.0280089630627047,0.0280561482012491,0.0112475050714965,0.00220669949095887,29,0
0,5.058450176,accepted,0.91062416679106,0.0771410776530042,-0.00903908448610374,-0.109114771776224,0.263303342162281,0.359603736452683,0.0279596809543879,0.0139302037995446,0.232848731287628,-0.399847106250127,-0.730000000000004,0.22,0.29,-0.07,2.48883951334391,0.175311741249873,-0.368775640856663,-0.622999916474678,0.000263585467782275,-0.0110989824933237,-0.0958792295524013,2.47597830088733,5.058450176,0.0540053611928666,0.0540065729871557,0.139368448484259,0.0301742323487084,0.030233901596452,0.0114945393265463,0.00220982953685309,30,0
0,5.15861888,accepted,0.799819605076637,0.0557306871825849,-0.0226899832975634,-0.0978232817051982,-0.292600351212728,0.0663190743322556,0.190934153162026,0.0137594753425736,0.241164755463561,-0.399847106240451,-0.730000000000004,-0.16,-0.05,0.06,2.4923301718479,0.16168373266865,-0.372108580728495,-0.621813054154187,0.0674146785113813,-0.101140742289276,-0.11418758111257,2.47931956443958,5.15861888,0.0530386460803077,0.0530398579730584,0.135803401675853,0.0294132677094714,0.0294907937370653,0.011423746780179,0.00220646745541869,31,0
0,5.258813952,accepted,0.297826517768533,0.0698434673544493,-0.0269021432066445,-0.0927215744497896,-0.0112633043814558,-0.0519709166266867,0.163541344663511,0.015657410203787,0.241164755463561,-0.399847106240451,-0.730000000000004,0.09,-0.04,-0.01,2.4940755010999,0.172714061432939,-0.380155631936285,-0.623170828048292,0.0982704061097878,-0.00322731753315006,-0.153902640276611,2.47939196487333,5.258813952,0.0517126491420828,0.0517136168184839,0.132157971999044,0.0259468090046458,0.0260341449326081,0.010905402393181,0.00220301018062278,32,0
0,5.356980736,accepted,0.54107954144366,0.0772469495644889,-0.00160547792300425,-0.158946974159957,0.0588618654154458,0.226348813277873,0.206367799420464,0.0147024427710183,0.257796808787666,-0.3776333780781,-0.800000000000004,0.14,0.26,0.03,2.4923301718479,0.18758041938384,-0.36060186178426,-0.633769337545913,0.0913225119853488,0.0709380021585449,-0.163059454892539,2.47891884985247,5.356980736,0.0510481329736683,0.0510490703591033,0.129167021949706,0.0268902679587414,0.0269506576974428,0.0110124510495456,0.00219547889140628,33,0
0,5.455131648,accepted,0.653894204772025,0.0607825698183027,-0.0123846641887097,-0.150067736817876,-0.0887723277755588,-0.0277298748410185,0.24014204064085,0.0154771991673259,0.257796808308111,-0.366526513704293,-0.800000000000004,-0.01,0.04,0.1,2.49582083035189,0.189138734535362,-0.357804462022992,-0.629274911502804,0.0549903686757301,0.0599096598037228,-0.112386644892097,2.48147926820566,5.455131648,0.0498520991199728,0.049852769685843,0.12590474726652,0.0244271209786363,0.0244586310585622,0.0105112013626214,0.00218692715476192,34,0
0,5.557265408,accepted,0.52613009187098,0.0573752497108935,-0.00856313299939859,-0.162348021328031,-0.305306893391166,-0.0503272919005946,0.0382963588504012,0.0157609915822223,0.257796808308111,-0.366526513704293,-0.800000000000004,-0.13,-0.12,0.01,2.49756615960389,0.181747923295659,-0.361711395449555,-0.640499817599665,0.126407931730444,-0.0777920922440004,-0.0255737879897567,2.48252903187537,5.557265408,0.0493745641204691,0.0493753833470247,0.123374000127393,0.0259958315938794,0.0260500362380905,0.0106346400365971,0.00218227640445193,35,0
0,5.655432704,accepted,0.929108730303359,0.0572227602268341,0.00226063605226789,-0.152103981176797,-0.180760333999772,0.169154277235427,0.204092393125025,0.0165197386493876,0.24948078026105,-0.366526514241293,-0.800000000000004,0,0.09,0.13,2.49931148885588,0.173883476265108,-0.349590172841156,-0.630779006707292,0.133537027009179,-0.0346168337864342,-0.0502671481520357,2.48422424216084,5.655432704,0.0483107488300133,0.0483120057446723,0.120461436887722,0.0233562472391536,0.0234157626782552,0.0101622318083385,0.0021692913147549,36,0
0,5.757658368,accepted,1.59890832324893,0.0546511367020569,-0.000479788208545717,-0.157760063320197,-0.266856357939526,0.0940250148416139,0.302964028103527,0.01537264493368,0.241164754175925,-0.355419649894412,-0.800000000000004,-0.11,0.01,0.14,2.49931148885588,0.159783668673969,-0.34478822397889,-0.61515452639334,0.092654283046355,-0.060781533064913,-0.129147885642085,2.48472939412496,5.757658368,0.0474321615267559,0.0474335797181437,0.117798937113391,0.0214290634361724,0.0214590489749099,0.00977244675086313,0.00216123225276839,37,0
0,5.869842944,accepted,0.44932806207929,0.0597425978097355,0.00104063533145743,-0.172035216048558,-0.127053415657224,0.182814616783201,0.097815142405084,0.0168686052786904,0.241164754175925,-0.355419649894412,-0.800000000000004,0,0.12,-0.07,2.50454747661186,0.172453806002331,-0.340461990146338,-0.624635029727499,0.103176373922251,-0.027768491677933,-0.15914613927835,2.48906172173802,5.869842944,0.0470153570705887,0.0470160544052397,0.115682813019709,0.0215711767803601,0.0216045909088981,0.0096934925176869,0.00216615785517406,38,0
0,5.955999744,accepted,1.55544346471898,0.0435125974749533,-0.0205969749616634,-0.166590431177567,-0.4079085896371,-0.250650073131068,0.213409007326954,0.0167499755190006,0.232848730230235,-0.366526514265507,-0.800000000000004,-0.17,-0.33,0.17,2.50454747661186,0.16413017670379,-0.362941349108562,-0.624784307144416,0.178562626202661,-0.11534872464809,-0.0293920777889997,2.48782650491476,5.955999744,0.0463740206034016,0.0463746815071116,0.113434337539473,0.0223930592545205,0.0224799642253701,0.00967670989522112,0.00213295301090667,39,0
0,6.05812096,accepted,0.76159912092349,0.0468198416870371,-0.0116552929977129,-0.171795792580167,-0.170263151699713,-0.0482437787595549,0.218928222405108,0.0176057356364256,0.232848730940032,-0.388740243695435,-0.800000000000004,0.1,-0.22,0.19,2.50454747661186,0.169190413238077,-0.382548841480678,-0.609582043589794,0.229548816201558,-0.182193692011346,-0.00562720281644844,2.48749349563929,6.05812096,0.045618060715428,0.0456190566878412,0.111165187812423,0.0209172903863208,0.0210048130301026,0.00932252576422384,0.00212000344145411,40,0
0,6.158219264,accepted,3.03720289623306,0.0401528179831196,0.00276333943330714,-0.191792781249937,-0.387016652380528,0.40043439241511,0.183996042126467,0.017196093655266,0.232848731287628,-0.399847106250127,-0.800000000000004,-0.1,0.15,0.17,2.50629280586386,0.154176826753421,-0.361299880649969,-0.594286596297321,0.201819739142091,-0.16186597641614,0.00822974883835956,2.49070247796656,6.158219264,0.0448881917625644,0.0448894227756277,0.108985971568042,0.0196958343810262,0.019753633898091,0.00898757486159284,0.00210226030043139,41,0
0,6.256422144,accepted,2.5077908725992,0.0372948474951912,-0.0256625434019099,0.0176690399484513,-0.416001108143399,0.122162266036875,0.29069577949451,0.0160349509645661,0.207900652051334,-0.399847107416825,-0.580000000000005,-0.26,-0.02,0.21,2.50803813511585,0.130601181605587,-0.362867105073547,-0.567225913378198,0.0698441917336898,-0.116479085186767,-0.0504247530664484,2.49253373690965,6.256422144,0.044180232906477,0.0441812619395083,0.106892335526851,0.0184292060831898,0.0184515088395868,0.00864982231776594,0.00208440374924801,42,0
0,6.356606208,accepted,0.731985345210148,0.0443711491174462,-0.033558086084619,-0.00669074672836445,-0.228675462684611,0.101237481171046,0.151589733783571,0.0166261792125133,0.182952574460314,-0.410953972775361,-0.580000000000005,-0.07,-0.04,0.11,2.50978346436785,0.119802012023611,-0.369554376855535,-0.55944889169463,0.11684483710793,-0.122599919606207,-0.027385124154118,2.49416144472614,6.356606208,0.043637814766892,0.0436392202972413,0.105040291116291,0.018124063669173,0.018166271003053,0.00845822546290843,0.00206850548682527,43,0
0,6.456764672,accepted,1.69991716663022,0.0397317352795879,-0.0539851948419587,-0.011982865881927,-0.267545456625887,-0.0978505515695993,0.342971777649421,0.0168824946021093,0.174636549058614,-0.433167701783925,-0.580000000000005,-0.12,-0.13,0.18,2.51152879361984,0.113295113788945,-0.389213641658183,-0.537598436256897,0.10100971344789,-0.0487485391231111,-0.134495767234428,2.49566247033975,6.456764672,0.0431576169169894,0.0431588053925781,0.103315124414974,0.0175417357941571,0.0175912131699746,0.00828605115020542,0.00205248762000613,44,0
0,6.556908544,accepted,3.46551663604356,0.0179755209518435,-0.0575505007061772,-0.0315046473345123,-0.516740592579369,0.137684434521642,0.298557990328814,0.0167311481498507,0.149688469623012,-0.455381431609018,-0.580000000000005,-0.25,0,0.21,2.51327412287183,0.0827772913762247,-0.386509106584843,-0.518955811244066,0.166794310607004,-0.111109640741604,-0.0581200405113399,2.49766208840621,6.556908544,0.0425926344448514,0.0425942302215435,0.101551491551147,0.0170936587669343,0.0171964013370308,0.00805811146613789,0.00203349517062335,45,0
0,6.65903232,accepted,1.82508305553929,0.0355019496983569,-0.0669277757327904,-0.0564095341709203,-0.243888366337695,-0.0315790853330583,0.354124300753432,0.0151343731244737,0.133056419815137,-0.46648829418173,-0.580000000000005,-0.11,-0.15,0.3,2.51327412287183,0.0755906313007824,-0.404598429368664,-0.489165634812898,0.0872667232717357,-0.124015744458787,-0.0222949718708237,2.49881844729795,6.65903232,0.0420945537445813,0.0420958658632183,0.09991166002224,0.0166254843449837,0.0166720647273699,0.00781812326834668,0.00201838966453391,46,0
0,6.759232512,accepted,2.13857565701057,0.0378887833679414,-0.0541256173337551,-0.0977785328978576,-0.136275621109113,0.267449614631639,0.359524503685474,0.0149180551793431,0.133056419788764,-0.47759515949665,-0.580000000000005,0.05,0.06,0.41,2.51501945212383,0.0835599996832217,-0.400453707504624,-0.448551261789497,0.159912939468218,-0.158073549533728,0.0821626833336952,2.50160485290755,6.759232512,0.0415948073939746,0.0415958979637075,0.0983196065594898,0.0163335970319614,0.0163833332735503,0.00761622923862709,0.00199943157221541,47,0
0,6.875410432,accepted,2.53744091616456,0.00886716943295912,-0.0687490744093198,-0.140809964414287,-0.407591133428039,0.198774435013217,0.254871744454369,0.01547765892618,0.108108340122919,-0.48870202357092,-0.580000000000005,-0.24,0.01,0.4,2.51676478137582,0.0612542685139223,-0.40349587908691,-0.416862213413819,0.092370752901178,-0.152351985872502,0.168546915658528,2.50190360804013,6.875410432,0.0413747990700774,0.0413758417941108,0.097081136899575,0.0163708371430435,0.0163953776416217,0.00747605404642924,0.00199780967557809,48,0
0,6.957555456,accepted,2.50950050570948,0.00334035730584283,-0.104186226720479,-0.181151706856626,-0.399940034613326,0.0181287707565934,0.322932601767755,0.0148230152717441,0.0748442366096678,-0.522022617337398,-0.580000000000005,-0.26,-0.13,0.52,2.51851011062782,0.0363785254744243,-0.419452670506838,-0.371986539447017,0.0706608219944477,-0.145013427471749,0.223975971290944,2.50411975347287,6.957555456,0.0406478907925208,0.0406489494010338,0.0953337080454726,0.0155730095996089,0.0156039816426812,0.00722015416869433,0.00195855879774885,49,0
0,7.059693312,accepted,1.22730598183379,0.0117562145547107,-0.114381482317268,-0.22893573289241,-0.147449793348071,0.311689278732529,0.0974966754319903,0.0153700239668106,0.0498961561330016,-0.544236345266546,-0.580000000000005,-0.04,0.19,0.35,2.52025543987981,0.0253700198478758,-0.405798217024565,-0.346879999840065,0.0821170849893147,-0.0691915389455251,0.26077128055007,2.50639890778504,7.059693312,0.0402567859612546,0.040258151393239,0.0939939591232105,0.0152696996747476,0.0153016220763973,0.00705107783408606,0.00194191382346553,50,0
0,7.157860352,accepted,1.56419696018673,-0.0156539829963243,-0.157662046203599,-0.260265426920556,-0.332834582433711,-0.108043752914588,0.19548652836517,0.0130782767055702,0.0166320526461229,-0.566450074412806,-0.580000000000005,-0.32,-0.08,0.44,2.52025543987981,0.00250829236352331,-0.423163090370691,-0.306757802366061,-0.0427334154665196,0.00925115378061972,0.25984071113869,2.50846737537342,7.157860352,0.0398276183579991,0.0398285529069182,0.0926494222860856,0.014824321799348,0.0148295308842958,0.00686288028913833,0.00192134153877558,51,0
0,7.258030592,accepted,1.278989206902,-0.0317676136460443,-0.177257214766081,0.0270373690106762,-0.327335020969274,-0.0316239833354265,0.155308381714485,0.0131996695948913,-0.0332641045270618,-0.599770665540883,-0.25,-0.3,-0.03,0.45,2.52200076913181,-0.031099156651805,-0.430752186875857,-0.261401489191559,-0.0263769837556598,-0.00453854876830059,0.307441297939073,2.50995237938061,7.258030592,0.0394508092264663,0.0394519435754697,0.0913999589635503,0.0145573703306097,0.014565388655079,0.00671540962783813,0.00190261191586203,52,0
0,7.358208256,accepted,1.22682386433327,-0.0453280525400632,-0.201688420367255,-0.0189661995814574,-0.252166988546501,-0.154514499872792,0.192261318158875,0.0125808407555068,-0.0748442377736269,-0.633091259425708,-0.25,-0.23,-0.1,0.47,2.5237460983838,-0.0528841460668712,-0.451006283520441,-0.213003463322904,-0.0186083439735992,0.0288516975194337,0.292699028953898,2.51226296342194,7.358208256,0.0390942509022158,0.0390951942663534,0.0902068739369806,0.0141966154550564,0.0141918102005773,0.00657374601951161,0.00188348159605293,53,0
0,7.458347776,accepted,1.75948232370167,-0.0699814686442648,-0.195639335185063,-0.0647624530796519,-0.335771598673285,0.122827068153457,0.225537552560923,0.010873219125596,-0.12474039501142,-0.644198122425374,-0.25,-0.3,0.16,0.46,2.5237460983838,-0.0860200575907841,-0.443940654224847,-0.165054735193377,-0.017028642964777,0.0547545609080534,0.251548964361246,2.51434409792977,7.458347776,0.0387536118378888,0.0387547003987833,0.0890661238445099,0.0138069434138269,0.0138075999706301,0.0064411437647844,0.00186415294592939,54,0
0,7.558494976,accepted,1.35351238448696,-0.0914812815471921,-0.222152425422151,-0.103969694261116,-0.277930903583329,-0.148035594942185,0.191006251647745,0.0109252804077897,-0.182952580560193,-0.655304985102619,-0.25,-0.35,0.01,0.34,2.52723675688779,-0.118241645968762,-0.452673639129553,-0.130140900356567,-0.114656324020127,0.134338345865212,0.163064075766484,2.51787696709181,7.558494976,0.0384304962312683,0.0384313373392857,0.0879754701421827,0.0134267077305129,0.0133809489496562,0.00630435713302702,0.00184425450004002,55,0
0,7.658622464,accepted,0.587960789202069,-0.107507705063261,-0.247957670092175,-0.13854094668558,-0.0957255674129884,-0.174065646777364,0.12393238839513,0.00848360417657279,-0.232848739163014,-0.688625575553244,-0.25,-0.17,-0.06,0.33,2.52723675688779,-0.136862837470939,-0.463116791745234,-0.102766571254475,-0.0894142655866341,0.0867593379817941,0.214753670036286,2.5194013374938,7.658622464,0.0381223456579653,0.0381231846017889,0.0869316513470926,0.0132798151835887,0.0132569338381334,0.00618288894856227,0.00182481769457185,56,0
0,7.758778368,accepted,0.423803676978437,-0.127814481044011,-0.262595702812097,-0.168877734470393,-0.0789471069996716,-0.159548660009092,0.0731119469108714,0.0091541708288112,-0.282744899279152,-0.710839302936443,-0.25,-0.29,0.04,0.3,2.52898208613978,-0.165554337848867,-0.469841898405254,-0.0778831221883983,-0.223601814050624,0.174477270186886,0.231898179164472,2.52097937330845,7.758778368,0.0378285463409853,0.0378292216040216,0.0859328967506061,0.0131388562547238,0.0130900352035198,0.00605793681089692,0.00180412120356329,57,0
0,7.87497216,accepted,2.62659139287622,-0.165301187093368,-0.286454492285782,-0.223736981785966,-0.152878883749553,-0.303089047601818,-0.375642202448164,0.008897991108058,-0.357589139720927,-0.744159892245361,-0.25,-0.52,-0.19,0.32,2.52200076913181,-0.210714643127635,-0.49302820822913,-0.0667412710845883,-0.392208503542263,0.0646229953742467,0.670580399763735,2.51527440566567,7.87497216,0.0377853996244743,0.0377861082352007,0.0852392218935399,0.0138981579618127,0.013970648208192,0.0059825481031388,0.00179635436841718,58,0
0,7.959128576,accepted,2.44714086849077,-0.173338765120486,-0.278678745378688,-0.244910901525898,0.153514849759246,0.32971162165121,-0.322522007380567,0.00691346778558355,-0.415801325226997,-0.777480481085765,-0.25,-0.19,0.08,0.49,2.50978346436785,-0.234401915171522,-0.478879173076079,-0.0404219688652126,-0.321654478596707,-0.202693138293612,0.791693797435316,2.50291096848727,7.959128576,0.0372698510906909,0.0372703632015051,0.0840509675511912,0.0135062525868875,0.0134981471727574,0.0058348600902487,0.00176155457301413,59,0
0,8.157306112,accepted,0.505613414243602,-0.237386841919167,-0.291251815856718,-0.367291764465381,0.20891507563203,0.0038523491796799,0.0803386491434631,0.00972266409735401,-0.532225698553231,-0.799694201371621,-0.25,-0.14,-0.11,0.84,2.47662220857995,-0.286454607013508,-0.517204165668274,0.115260566507665,-0.325390204657607,-0.115681335043721,0.762779783690567,2.46770516593809,8.157306112,0.0388585065997426,0.0388596733813784,0.0850847332329729,0.0152317769354252,0.0152777731625476,0.00611188718176632,0.00182086256275465,60,0
0,8.357601792,accepted,2.94922359080384,-0.293462416085301,-0.338575381612032,-0.513861106955315,-0.415265420584987,0.336802738738996,0.336171769435192,0.0126004293988711,-0.632018022379225,-0.866335378520344,-0.25,-0.53,0.15,0.98,2.43473430653209,-0.384550878066865,-0.50926691866715,0.278852184454465,-0.170881698289417,-0.146476926940001,0.659843518645458,2.42227757419557,8.357601792,0.0408398940997811,0.0408433642689513,0.0863389258639998,0.0167883962824974,0.0167652699239677,0.00641102859805269,0.00187567507907336,61,0
0,8.45775744,accepted,0.556549103773727,-0.282212233290417,-0.365218357426516,-0.00352262292044248,0.00900970364490367,0.135772237253098,0.205936424602724,0.0122504874739047,-0.68191418522998,-0.888549102470726,0.339999999999996,-0.14,0.02,0.89,2.43473430653209,-0.408300087854492,-0.524636792428378,0.357510510299371,-0.150780591094434,-0.103798754669548,0.692945486467451,2.42331910158063,8.45775744,0.0408618535298118,0.0408650483796569,0.0857990716024365,0.0168013989204557,0.0167968837569383,0.00641306401025078,0.00184420307116351,62,0
0,8.557936896,accepted,1.19440239988901,-0.30133601132698,-0.41213325082892,-0.0884792747925801,-0.178758584029313,-0.358033121791545,0.213143046037266,0.0134310821496948,-0.723494323235983,-0.944083419614546,0.339999999999996,-0.25,-0.48,0.92,2.43997029428807,-0.443746559718447,-0.568640323109779,0.438381518890922,-0.0906986801653518,-0.158451158931161,0.713997990777461,2.42675787123126,8.557936896,0.0410951902060628,0.0410985957738079,0.0854373270499576,0.0171627537258005,0.0171721704957597,0.0064780489210834,0.00181378250302125,63,0
0,8.658060544,accepted,6.58953962347098,-0.29793121172245,-0.365092404381284,-0.156539670423327,-0.133189329810488,0.958027170787192,0.658976462505628,0.0134302835871063,-0.748442406017716,-0.955190281203305,0.339999999999996,-0.15,0.68,1.2,2.44171562354007,-0.469136180758708,-0.541090014363012,0.528561842694991,-0.0317923583344068,-0.198425265747826,0.563367165683396,2.43022382794468,8.658060544,0.0413913532997208,0.0413946146872165,0.085142214293005,0.0172376032930534,0.0172197905981856,0.00656035832122222,0.00178387491583107,64,0
0,8.758186752,accepted,2.52151665359773,-0.341115239431997,-0.390245825671118,-0.244786322322789,-0.45842302201837,0.186970992214739,0.400085986412075,0.0127098787135811,-0.814970618589926,-0.955190273594558,0.339999999999996,-0.53,-0.06,0.93,2.44346095279206,-0.521938117031624,-0.562599543704477,0.606608162279044,-0.124082368131574,-0.23070714505568,0.546379972331813,2.43053747122547,8.758186752,0.0415036129046933,0.0415063070852805,0.0847407745759123,0.0171601141497812,0.0171031438966723,0.0065613004826163,0.00175498788959293,65,0
0,8.958548992,accepted,3.61467801449664,-0.35399787716596,-0.399047371664472,-0.38298482397176,-0.24194250875547,0.805933954637743,0.399867943456323,0.0152089315697359,-0.906446918575815,-0.999617720627556,0.339999999999996,-0.44,0.65,1,2.44869694054804,-0.580803568126973,-0.56188616586526,0.734686614618142,-0.222210320304479,-0.0950888656066837,0.611002098209461,2.43426138405369,8.958548992,0.0447747252705021,0.0447767051016292,0.0868523084948215,0.0197178604171866,0.0197055368613755,0.00692351385052362,0.00179889862582839,66,0
0,9.058714624,accepted,0.867463341441505,-0.369574541867702,-0.427508361380164,-0.471368559564876,-0.19838614580449,-0.274455185700227,-0.0715224261505827,0.0193464578815643,-0.97297513176684,-0.988510847097073,0.339999999999996,-0.41,0.04,1.13,2.45044226980004,-0.633977616211178,-0.600485692982511,0.79642343721583,-0.239168496547627,0.277936173239844,1.19809501967177,2.43247627234065,9.058714624,0.0448438002368565,0.0448422584562621,0.0865446042942077,0.0207380283637881,0.0206555527688146,0.00691133796523727,0.00176669954828912,67,0
0,9.156860928,accepted,7.62359250870712,-0.33435698583942,-0.449103157566768,-0.656719210569764,0.494461465170374,-0.38853878260265,-1.14125038866289,0.0231071095021735,-1.01455527224354,-1.04404516097279,0.339999999999996,-0.43,-0.84,1.86,2.44346095279206,-0.654707549504651,-0.64240323691601,0.918677846484167,-0.874894931038519,-0.507540751029634,2.96301633312184,2.42513815742114,9.156860928,0.0450903714862077,0.0450934250353268,0.0863570808809411,0.0250084145871219,0.0253213212765843,0.00700725683048213,0.00172717545561469,68,0
0,9.357188096,accepted,13.7587858205404,-0.169274913218158,-0.703405704315555,-1.39338731564485,1.34971273661594,-1.530926821909,0.098313882083529,0.0282387604214271,-1.04781943664101,-1.42167853935775,0.339999999999996,0.15,-1.86,4.75,2.42949831877611,-0.779083046579111,-0.865019461183852,1.70537416504251,-1.05168909628407,-0.517620738890558,4.65119982233103,2.41195733954777,9.357188096,0.0496406349763519,0.0496526293670394,0.0889285581353578,0.0313644140944194,0.0324358550825145,0.00740672052399339,0.00175803673497033,69,0
0,9.457372672,accepted,5.86300628780217,-0.163096564751935,-0.670170235295119,-0.197883327266413,0.992978922281228,-0.858643525558151,0.560638847374451,0.0179431000711472,-1.05613548802357,-1.58828150079946,1.97,-0.25,-1.34,5.11,2.4329889772801,-0.830614959380027,-1.00231877389252,2.1855479952426,-1.15380044464637,-0.573956415113895,4.56327503513881,2.42073144110137,9.457372672,0.0505927645204866,0.0506108109928327,0.0890873821049499,0.0302566776973346,0.0316100145509116,0.00753500560898557,0.0017231020616833,70,0
0,9.55753088,accepted,2.41503159641532,-0.158512863656242,-0.629114624817143,-0.666489610813639,0.307232736812624,-0.0674071924810141,0.759051144753474,0.0122172454840421,-1.11434769314858,-1.67713640497547,1.97,-1.04,-0.4,5.23,2.43822496503608,-0.938143792934338,-1.07741685339816,2.65411164888724,-1.31943067968158,-0.349973333092534,4.48738160999391,2.42711933958207,9.55753088,0.0514729306782149,0.0514984436102989,0.089259184213166,0.0292054336459453,0.0308230973602613,0.00761692956255574,0.00169160795579047,71,0
0,9.657678848,accepted,4.50363576583791,-0.139631983581426,-0.573223257601165,-1.12240456794088,0.23606181377076,0.854591870710746,0.761855665267979,0.0115801640784401,-1.21414002392071,-1.67713638869381,1.97,-1.17,0.65,5.05,2.44171562354007,-1.06123900165137,-1.06516585290761,3.10123127971989,-1.38471008742861,-0.138917240540605,4.30290612888997,2.42757985810708,9.657678848,0.0523448305164817,0.0523814872281882,0.089463414676728,0.0280984093998705,0.0295554780182767,0.00769565384936899,0.00166020283865929,72,0
0,9.757827328,accepted,3.62798339742363,-0.104045330546074,-0.589486787999947,-1.56282564231808,0.565935602184347,0.132445828404792,0.748927074528684,0.0122995968153465,-1.30561632135404,-1.64381578097071,1.97,-0.84,0.42,4.97,2.44171562354007,-1.16030419914351,-1.06825729214173,3.533298649089,-1.35479221273213,0.288763894857056,4.23603435200505,2.42840428320493,9.757827328,0.0530804601608264,0.0531257532629835,0.0896516322065201,0.0276459525977916,0.0283867649718229,0.00772528432624766,0.00162840990149276,73,0
0,9.958178048,accepted,6.40173201575136,-0.0527428208888339,-0.475687112239989,-2.33719608150776,0.481073536338181,0.672889372325355,0.824791147633357,0.0108289347485471,-1.48856888528778,-1.44389219014064,1.97,-0.95,1.31,4.28,2.40506370924819,-1.38713579493538,-0.922765831348319,4.30353301243142,-1.37702662688196,0.696243712892379,3.47144647047127,2.39034303488833,9.958178048,0.0581928021001995,0.0582843964198396,0.0927169261229051,0.027307349430157,0.0274180417121569,0.00807562604760109,0.00164974602885756,74,0
0,10.058317824,accepted,6.71528576389047,-0.0842672634716901,-0.489571622471323,-2.65382631764074,0.364031321792311,0.518046704543679,0.94210551493391,0.012238787778581,-1.60499324238794,-1.33282352335313,1.97,-0.95,1.4,3.9,2.40331837999619,-1.48555234822801,-0.815425596247844,4.62123539425154,-1.27557613017402,0.92009431817496,2.97636302970191,2.38859167718338,10.058317824,0.0581593690852959,0.0582440518233047,0.0927317166662743,0.0254356410814612,0.0250112239260647,0.00808457994602274,0.00161731845585752,75,0
0,10.158470656,accepted,8.83937707400899,-0.105791281905961,-0.460491054346893,-2.92559325526088,0.335338179960831,0.814603800854498,1.01140810164509,0.0139432338451297,-1.72141758708752,-1.17732739783777,1.97,-0.99,1.86,3.53,2.41204502625616,-1.585384347393,-0.66198851187465,4.89081452316278,-1.29184808278769,1.10614421649664,2.5363260746974,2.39526682568721,10.158470656,0.0581787928845015,0.0582561116972833,0.0927726513100601,0.0239124219276088,0.0233921232000659,0.00811716356205684,0.00158979372076784,76,0
0,10.258665728,accepted,7.29911613996692,-0.1266326137155,-0.479599385722674,-3.15771739029328,0.362035092354319,0.627557866864507,0.884249627989711,0.0144241672097229,-1.84615795148323,-1.02183126682048,1.97,-1.02,1.92,3.05,2.41379035550816,-1.68980728762173,-0.508550238128192,5.10836038393695,-1.34984771419889,1.33256367945984,2.17829902980245,2.39689342252583,10.258665728,0.0582693232173183,0.0583410439308386,0.0928552290555985,0.0229778652091075,0.022299703707164,0.00814958731243544,0.0015593251811709,77,0
0,10.356839424,accepted,4.12800896525067,-0.152042409297214,-0.474891392756763,1.21712521167562,0.291609447644584,0.618331493510779,0.761290781002394,0.0159361181641393,-1.97921432981837,-0.844121405007712,6.52,-1.15,2.12,2.57,2.41553568476015,-1.80587859823764,-0.338172039300434,5.37693373978442,-1.4174597399411,1.5384010388227,1.83469555979959,2.39754342827457,10.356839424,0.0583123222343359,0.0583791303850612,0.0929043090034998,0.0221500032096147,0.0213725880290617,0.00817568442307041,0.00152712449145398,78,0
0,10.459021824,accepted,3.40893583829551,-0.176135296468411,-0.484097080065558,0.975823918056924,0.109856656666146,0.41135805440569,0.828781421001112,0.018169259248805,-2.12890275343614,-0.655304670592096,6.52,-1.35,2.16,2.26,2.39808239224021,-1.94828803459671,-0.159887083707048,5.61649725756348,-1.45160269462015,1.76671505125833,1.45824748397774,2.37925264933192,10.459021824,0.0585507355527642,0.0586145137817747,0.0930990009480688,0.0215683508717625,0.0205168006604522,0.00820551290146793,0.00148052125607901,79,0
0,10.559169536,accepted,3.63122418227762,-0.198641644633747,-0.459059095707713,0.766525164865651,-0.140684151724763,0.779518366153495,0.670087304522345,0.0176944118558557,-2.2952232081997,-0.433167336019328,6.52,-1.64,2.66,1.9,2.36143047794833,-2.11359657782685,0.0629442900661547,5.80768872435129,-1.50928193031107,1.91917604589596,1.24743553970536,2.34345624867045,10.559169536,0.0588821220742427,0.05894172778244,0.0933385840742209,0.0211427987051547,0.0201377558162763,0.00823876366477956,0.0014166116118072,80,0
0,10.659285248,accepted,2.28381084894514,-0.211504006472174,-0.450211781722657,0.603571797979452,0.0275460087385977,0.552416801366036,0.580498777516157,0.0179293876640045,-2.47817569868824,-0.188816262323146,6.52,-1.52,2.6,1.55,2.3387411976724,-2.2718604015908,0.282300984801211,5.96276958898089,-1.5473399402039,2.07231525338301,0.985428430570182,2.32035775972931,10.659285248,0.0591608563977017,0.059215135812034,0.0935710540317263,0.0207150600721619,0.0197047461831043,0.00823792829131654,0.00137455750910868,81,0
0,10.757385216,accepted,5.2565827927725,-0.226641283475237,-0.427087352278978,0.46727430719549,-0.134023417320625,0.926990856494933,0.946057299541572,0.0195530820307246,-2.63618009804859,0.0555348061629287,6.52,-1.26,2.84,1.77,2.33001455141243,-2.42723623234734,0.525663389364008,6.11147786879738,-1.13675657223403,1.95452130977504,0.84549109072522,2.31149643537592,10.757385216,0.0595064996691386,0.059560264477973,0.0938316261899768,0.0199644078893458,0.0192578888995037,0.00828784612339641,0.00135046210825627,82,0
0,10.957688832,accepted,2.20194101400417,-0.284957948197138,-0.424153035467008,0.2107188509991,0.0285741572536831,0.505629234599874,0.648656281896186,0.0211504361488188,-2.93555683753227,0.49980949000657,6.52,-1.16,2.56,1.86,2.32826922216044,-2.6605485489915,0.943105509421976,6.35058820304471,-1.19161803186418,2.07662506211356,1.22727668467395,2.30804880486313,10.957688832,0.0645536476457883,0.0645737923775836,0.0976348690363137,0.021869410789217,0.0214222463655535,0.00854066615801969,0.00137473466101098,83,0
0,11.05784576,accepted,1.45360169947082,-0.29141570202956,-0.447527065372024,0.040121160559428,0.00268611354556314,0.189275923008208,0.595211955778296,0.0210930769917739,-3.06861315216009,0.699733102466115,6.52,-1.12,2.22,1.94,2.33001455141243,-2.78969466807153,1.14120392780286,6.51700872557118,-1.12771156829555,2.03326212917273,1.36091322651447,2.30993558027192,11.05784576,0.0644280016383119,0.0644420269129161,0.097781780084251,0.0215647546174095,0.0213258126357126,0.00849655799161936,0.00135616898384081,84,0
0,11.158009088,accepted,2.17981044336149,-0.292914435221254,-0.438390285522436,-0.147232775438418,0.355885472724287,0.487846697540753,0.516220886215881,0.0208723370786021,-3.20998547795287,0.91076358521826,6.52,-0.96,2.52,2.1,2.33175988066442,-2.89940950566244,1.36949021788288,6.69465518165449,-1.29600381962913,2.0558987141849,1.5958525596797,2.31165490409782,11.158009088,0.0643534093983908,0.064358328217529,0.0979454916428075,0.0215283887835755,0.0213428920856331,0.00842925658910426,0.0013386562810494,85,0
0,11.258122496,accepted,2.44079082675232,-0.311524687512446,-0.454815918605599,-0.334778766487859,0.0251623643640018,0.328361881729823,0.755171039342283,0.0187454441847383,-3.3430417735064,1.12179406486165,6.52,-1.39,2.44,2.3,2.33175988066442,-3.04223648454626,1.58227013304811,6.89321227717134,-1.4181124304564,2.12328385473854,1.56306863272057,2.31374155036396,11.258122496,0.0642487463323841,0.0642489493234439,0.0980781314707388,0.0211157919125457,0.0209452542231576,0.00835040492419421,0.00132292453118536,86,0
0,11.356261888,accepted,3.4902308992327,-0.301879433866617,-0.464847182560852,-0.507940147046403,0.469002358876002,0.234197819002948,0.9129734522384,0.0167058060480634,-3.48441408855503,1.32171768872902,6.52,-1.01,2.3,2.04,2.32128790515246,-3.15902304115974,1.78161703174609,7.06684213798456,-1.45505863370077,2.06883798327361,1.14701358458722,2.30535133122246,11.356261888,0.0643142083127964,0.0643119470026993,0.0982605069835232,0.0203697137466022,0.0201960786662329,0.008313456466358,0.00130754727303309,87,0
0,11.458395904,accepted,2.82186528435762,-0.297509867390033,-0.477514151381376,0.916567377883838,0.661766376994029,0.345368400848678,0.60298927847513,0.0156787664519653,-3.6091543535773,1.51053444256162,8.09,-0.85,2.32,1.64,2.31081592964049,-3.27812275995565,1.98960984998481,7.22719364060796,-1.4799246233839,1.98325890170781,1.05476117410309,2.29630638531966,11.458395904,0.064716677996726,0.0647134601084361,0.0986873896541137,0.0203368919639347,0.0200978424636234,0.00831263616233656,0.00129450520443495,88,0
0,11.558555136,accepted,2.85607886155866,-0.344466580002442,-0.457275409378403,0.767999925073518,-0.119967258666756,0.76333057488573,0.556007736601916,0.0164603083745134,-3.7671586968108,1.72156494495764,8.09,-1.57,2.57,1.47,2.29859862487653,-3.44631602502727,2.21315505741747,7.37003075361962,-1.46198311944678,1.84009236671494,0.928949000584354,2.28263993266924,11.558555136,0.0649067198614927,0.0649030067861588,0.0989817542240496,0.0203149890503151,0.0198564913927229,0.0083142760250819,0.00127895407771141,89,0
0,11.658692864,accepted,2.91262088177592,-0.325736844802943,-0.489161069776416,0.62520945446393,0.681796641604958,-0.156391238718324,0.619553172547534,0.0177439796446168,-3.92516304270701,1.91038172153985,8.09,-0.87,1.73,1.55,2.26369203983665,-3.55892805151546,2.36437173640289,7.51840210590853,-1.51402574403208,1.86672222919472,0.950408342213067,2.24811646617678,11.658692864,0.0649209146707667,0.064919266479961,0.099176192297913,0.0201730467273506,0.0197067503163783,0.00824207272523804,0.00126235354166205,90,0
0,11.7588544,accepted,3.91805839603198,-0.329439428368897,-0.498021738619044,0.48065323782448,0.818121467242616,-0.230210975810863,0.703619337919789,0.0148063608611699,-4.04158728848289,2.05477102107596,8.09,-0.63,1.66,1.59,2.22180413778878,-3.66087355531336,2.51140332343142,7.6651341917189,-1.40221157059988,1.86611980979714,0.907896315793672,2.20929886977682,11.7588544,0.0649279012476133,0.0649295477281197,0.0993590223672608,0.0199722104938856,0.0194718076523978,0.00816774846056128,0.00124654896416188,91,0
0,11.95921792,accepted,3.48792774370761,-0.357718084723663,-0.437004041857836,0.276438428465848,0.760487572881464,0.0200105046219483,0.725423869613608,0.0143523515749315,-4.29106775993162,2.43240455070876,8.09,-0.58,1.78,1.27,2.153736296961,-3.88504482253648,2.84950225443881,7.8668517280315,-1.29712872720402,1.75192034121511,0.564840631744501,2.14217419070823,11.95921792,0.0699494646135013,0.0699502956630976,0.103436278616083,0.0211976222225165,0.0203990598782997,0.00835165896300745,0.00126440596495538,92,0
0,12.057362944,accepted,1.98194577246154,-0.419077575550256,-0.402334309356688,0.154815138276199,0.601818653033596,0.288260786709856,0.343900249518704,0.0128222243067757,-4.43244002940271,2.62122132874907,8.09,-0.84,2.22,1.09,2.14675497995302,-3.97965421507197,3.02971982345133,7.96138096217911,-1.40858859708928,1.94253342816536,0.755617888178142,2.13604019926823,12.057362944,0.0693970723246173,0.069395397972413,0.103363222159394,0.0208127964361023,0.0202191146968424,0.00820845647013817,0.00124660577064567,93,0
0,12.15749504,accepted,3.83209667617677,-0.449290953547905,-0.462543401730774,0.0573136647869692,0.112384416911648,-0.652275372356075,0.627364362787613,0.0113676335560151,-4.56549630460384,2.7545037835249,8.09,-1.06,1.1,1.24,2.15024563845701,-4.12219602414788,3.11561329661759,8.09578311479163,-1.17089870116168,1.68382379420634,0.638650249052471,2.13871203941826,12.15749504,0.0680192466116579,0.0680233858491227,0.102777214646421,0.0200929753388734,0.0193177528071766,0.0080644712105747,0.00122682663954012,94,0
0,12.257655296,accepted,2.82927747240782,-0.448130103500893,-0.347199842967015,-0.0651043961946662,0.178928501053398,0.753310073392638,0.445387285352257,0.0142122934014912,-4.67360448907437,2.92110681667437,8.09,-0.76,2.13,1.07,2.155481626213,-4.23083392694608,3.31835152707158,8.18196933663815,-0.931909278389732,1.42011561766775,0.634886383814046,2.14430054441406,12.257655296,0.06760727550739,0.0676103929810955,0.102717274920911,0.0204449618597357,0.0192334166535935,0.00805659070534584,0.00120288233658203,95,0
0,12.357807104,accepted,2.56902559242845,-0.447014728594669,-0.359386866572388,-0.153660440494599,0.238681870623903,0.44564003034572,0.619765147809532,0.0112667927075321,-4.77339663707671,3.09881671083716,8.09,-0.68,1.8,1.2,2.15722695546499,-4.3243323642183,3.48426629751165,8.28543677626395,-0.906907659663562,1.37972660076736,0.596964388100175,2.14867409490025,12.357807104,0.0670040940693191,0.0670071382612919,0.102509926859902,0.0200620858109801,0.0187746978218421,0.00794089338706971,0.00117689860922577,96,0
0,12.457998336,accepted,0.889030350136642,-0.467274120607323,-0.37058406869017,-0.0386462432364958,-0.0369109089905481,0.184084952216462,0.346314717838701,0.0112948595034079,-4.88150482252369,3.24320601914357,8.31,-0.92,1.35,1.01,2.16071761396898,-4.43934635996733,3.6169223862633,8.37700283030254,-0.893202287695471,1.17404186557004,0.675033124058912,2.15016133962761,12.457998336,0.0661083107892692,0.0661088265860381,0.10208081474257,0.0200031815630047,0.0182896219502885,0.00783466540618429,0.00115127121240537,97,0
0,12.55812736,accepted,2.06167923067238,-0.487474669219513,-0.34060838398061,-0.129867349944647,-0.0740831166584177,0.4306671786331,0.485774172434161,0.0105985819993144,-5.01456107223515,3.38759534618381,8.31,-0.93,1.51,1.05,2.155481626213,-4.55709116159406,3.75910814521583,8.47772270466749,-0.868497683478623,1.10716324438151,0.579701071680001,2.14605395109358,12.55812736,0.0652582152720849,0.0652576658620656,0.101625481531147,0.0194023639676797,0.0176685254688587,0.00769253116282155,0.00112921608439094,98,0
0,12.658240256,accepted,2.57706418841921,-0.453170074916404,-0.333047236056309,-0.225424094622015,0.316719211112519,0.51828626486942,0.463486561329863,0.0108769714508519,-5.09772118637899,3.53198463941658,8.31,-0.53,1.47,1.01,2.155481626213,-4.63426412892635,3.90179394915155,8.566121599647,-0.82608768769912,0.985320339245432,0.559185989218229,2.1485824961994,12.658240256,0.0646326719915272,0.064629930915756,0.101284353270602,0.0192108775998854,0.0172444263044157,0.0075922473631122,0.00110580083218062,99,0
0,12.758396416,accepted,2.29423441252785,-0.473704551079224,-0.342235668996465,-0.312123736658277,0.325674877890773,0.435621239314089,0.41161854396383,0.00672988330314794,-5.1891973345905,3.65416021393054,8.31,-0.43,1.25,0.9,2.15722695546499,-4.7031470390046,4.02762931768435,8.64927606468959,-0.732677152157208,0.844325176587554,0.500050142570121,2.15464262571453,12.758396416,0.0638729208365913,0.0638666033003459,0.100811356329371,0.018902116197156,0.0167702432337897,0.00748574021861688,0.00107974509757459,100,0
0,12.958747648,accepted,3.60087055976801,-0.526186652217642,-0.30753133985622,-0.391662131043647,0.00594654003410955,0.477852878563716,0.642704798475394,0.00430060331632909,-5.38046565722157,3.87629763945931,8.31,-0.84,1.21,0.75,2.16420827247297,-4.87820613483598,4.2323596919945,8.75880323150065,-0.852213122911248,0.770262040208646,0.13077489013294,2.16157848200023,12.958747648,0.0669890798872603,0.0669865405652773,0.103813257851299,0.0190389320761387,0.0167369958802081,0.00745569488319699,0.00107797772318877,101,0
0,13.058885632,accepted,3.16703883292479,-0.472760443232363,-0.338254192269191,-0.460228667213087,0.559360839036633,-0.0366298447483557,0.553235724871878,0.00378364934063091,-5.43867773782056,3.96515259800641,8.31,-0.33,0.63,0.69,2.16769893097696,-4.92478433781404,4.28594578601509,8.81137822863311,-0.846728242106744,0.660458572978014,0.153520282531115,2.1685573445913,13.058885632,0.0658601609808571,0.0658556207753385,0.103107411347141,0.018438515164094,0.0161436108193309,0.00728556764591228,0.00105128319503704,102,0
0,13.157003776,accepted,3.16681269130377,-0.494346391159173,-0.297749926315931,-0.508665666010176,0.2519587351893,0.318618627448655,0.570381931603977,-0.000770665918963243,-5.50520583837958,4.05400756360957,8.31,-0.68,0.93,0.62,2.16944426022895,-4.99955746055126,4.38294255000896,8.87125702376589,-0.9119341794882,0.63746000106824,0.0712844272120882,2.17339571033477,13.157003776,0.0641802990734222,0.0641650596392474,0.101892880200782,0.0172494001329459,0.0151895701051453,0.00703284125511484,0.00102568023814473,103,0
0,13.259155968,accepted,3.36843736056088,-0.480761254702323,-0.310610167713524,-0.566190697639259,0.50427254964715,0.0477522133436155,0.539710253619408,-0.00448224576219625,-5.5800499554161,4.14286253488291,8.31,-0.47,0.76,0.57,2.16944426022895,-5.05850848167565,4.44776336071378,8.92105994251907,-0.933581483516539,0.712885629370213,0.0487362305660735,2.17794120528924,13.259155968,0.0629906057086027,0.0629695742524326,0.101000796334466,0.016103797794099,0.0145376417527591,0.00679049386576057,0.00100960415027499,104,0
0,13.359332096,accepted,3.06235406028935,-0.498870152251601,-0.306080385730972,-1.03284055050823,0.341594976604268,-0.061274174742241,0.517259755242176,-0.00672800424207143,-5.64657807925911,4.19839690913795,7.89,-0.58,0.43,0.5,2.17293491873294,-5.12224327378329,4.48535031919567,8.96271988978126,-0.892303854329321,0.482304085065374,0.0013345805970979,2.1828273565799,13.359332096,0.0614705297011145,0.0614292507202013,0.0997386157371351,0.0155390198792608,0.0137734710542672,0.00661423580352927,0.000988296181932413,105,0
0,13.457479424,accepted,1.44538312182389,-0.522743154706582,-0.282310678258789,-1.07517241381358,0.222971264152173,0.125613766108176,0.272435743836424,-0.0101763086204478,-5.72973824185649,4.25393129629766,7.89,-0.55,0.58,0.37,2.17468024798493,-5.20032350731799,4.54189311381354,8.97113905509722,-0.757407599774104,0.463003171049391,0.104294463902104,2.18697587996537,13.457479424,0.0601058878261798,0.0600494635199633,0.0985311976261725,0.0147196308723673,0.0132835929554975,0.00641428791489204,0.000967852259089643,106,0
0,13.557607168,accepted,0.946053439707778,-0.550475591031246,-0.280992909609528,-1.10775871048514,0.0264045728895466,-0.215128559844684,0.0594649945901817,-0.0122330771496215,-5.8295304451584,4.3094656983348,7.89,-0.81,0.41,0.41,2.17642557723693,-5.29603467955722,4.54607827572948,8.9809635502528,-0.840890362106978,0.598223702667476,0.34898592214864,2.18806763618904,13.557607168,0.0583239382662046,0.0582498043264918,0.0968755385015926,0.013389802048266,0.0125262356671881,0.00609336305188692,0.000950731153962285,107,0
0,13.657768448,accepted,0.708862508879324,-0.547704638876079,-0.247227483386241,-1.1237922988439,0.0608689238705263,-0.115209937922982,0.0546964135632776,-0.011994905188943,-5.91269061449795,4.35389322293895,7.89,-0.58,0.38,0.36,2.17817090648892,-5.37711402697374,4.57539841103288,8.99523498411487,-0.641328191251785,0.480970897578023,0.303305080151874,2.19000506614462,13.657768448,0.0568974995180205,0.0568062102202424,0.095431102423747,0.0126601749229339,0.0119415310413852,0.00590509371782504,0.000933845329063739,108,0
0,13.757974528,accepted,1.36233106083847,-0.500423636888016,-0.222051663803938,-1.14373126915461,0.324292673929769,-0.115640535048039,-0.118232619308075,-0.0111361449542136,-5.93763863883834,4.39832070135526,7.89,-0.26,0.33,0.29,2.18166156499291,-5.42056218688233,4.59916001337035,8.99379980079627,-0.563314551643135,0.435264268633591,0.398536868124611,2.19419495442673,13.757974528,0.0560945498479728,0.0560068427957188,0.0945735066695854,0.0122758371101538,0.0116794584166378,0.00576212674965074,0.000920255237040278,109,0
0,13.958266112,accepted,0.691397581349577,-0.529725759527178,-0.215655476569467,-1.17450498281341,0.0813231296816819,0.0260147708443688,-0.11481385871351,-0.0109811954277417,-6.06237889105501,4.46496199167422,7.89,-0.46,0.48,0.4,2.18689755274889,-5.54368103246856,4.67517067619687,9.02215033434293,-0.540262588430065,0.454123431784016,0.505047883361172,2.19819104626684,13.958266112,0.0582994922516466,0.0582509464016369,0.0968414912566525,0.0124737216522647,0.0120632490882979,0.00572823801919521,0.000929663355882012,110,0
0,14.058379776,accepted,4.28231492022078,-0.525267164468525,-0.235233381367825,-1.18872123038539,0.285767534832336,-0.44695124852472,-0.449641492969229,-0.0121550347484334,-6.12890702514913,4.49828264013935,7.89,-0.3,0.26,0.13,2.18864288200089,-5.58365108019622,4.66323625936014,8.99063121367711,-0.564881470385011,0.66280263507508,0.554365507420587,2.20010847191296,14.058379776,0.0569413147505909,0.0568982788150518,0.0954950588696933,0.0114966965448763,0.0114412518608142,0.00547532502724303,0.000919225181523076,111,0
0,14.158535936,accepted,0.991293643361729,-0.51068405767385,-0.189564554837721,-1.1563964686395,0.0456114704958329,-0.159444570089619,-0.190867564114601,-0.0111118984918139,-6.15385504717269,4.54271011907193,7.89,-0.58,0.54,0.39,2.19213354050488,-5.65636047379629,4.70489779813199,8.99523143370038,-0.627311257712493,0.683795286515903,0.568260443447331,2.20267809408474,14.158535936,0.0558281862659155,0.0557864130574284,0.0943281108918829,0.0109529561118728,0.0109145106252355,0.00529236234896238,0.000910679680643041,112,0
0,14.256657152,accepted,10.2666102106947,-0.489630282454379,-0.224197595127865,-1.16202359869598,0.453873362618005,-0.836302757613191,-0.351214888130257,-0.0103516400189729,-6.2120671808252,4.55381703471014,7.89,-0.21,-0.07,0.24,2.19562419900887,-5.66785024661437,4.64070449385666,8.97148442641131,-0.621092220755556,0.675352986920306,0.568792972621839,2.20462878196849,14.256657152,0.054221585320773,0.0541820879866822,0.0925797660441497,0.0101749313060688,0.0101931486668306,0.00505364020248991,0.000902077568620256,113,0
0,14.35881472,accepted,6.66688683384419,-0.502586899003536,-0.152415284303489,-2.13608430401263,0.407025757771385,-0.605839145286489,-0.297889668376266,-0.0089648215664746,-6.23701523152897,4.56492391936745,6.89,-0.28,0.17,0.23,2.19736952826086,-5.69715132134498,4.63176684370861,8.93715928860793,-0.655137196299923,0.719743810472231,0.506853674083491,2.20562798574151,14.35881472,0.0531493313477458,0.0531139491875272,0.0913348469763333,0.00962659724822612,0.00967162343202705,0.00486587036805063,0.000895957950164523,114,0
0,14.458956032,accepted,2.04340721185048,-0.520393944092174,-0.0997106026322285,-2.10604640104978,0.113490970573265,-0.212891071913381,-0.207253919260314,-0.00767017465224873,-6.27859530265628,4.5982445500412,6.89,-0.49,0.47,0.53,2.20086018676485,-5.76338449332794,4.67014775953515,8.92374798734916,-0.599528227755444,0.665518145709336,0.721520449499207,2.208082610798,14.458956032,0.0523338227413966,0.0523035285541064,0.0903583131974915,0.00943721713609831,0.00949759501544251,0.00473928555113032,0.00088938992732345,115,0
0,14.557079808,accepted,4.32149221397696,-0.467184051004626,-0.111242475381272,-2.10462529972575,0.400744038756584,-0.565924112614241,-0.0500083868714682,-0.00807836034322573,-6.29522731634495,4.6315651562579,6.89,-0.28,0.22,0.73,2.20260551601684,-5.80717102206683,4.68782623038402,8.94366521319895,-0.660082691297335,0.749452336629175,0.771330913392664,2.21000855333079,14.557079808,0.0518195545460915,0.0517936228631648,0.0897064252477251,0.00925411237980382,0.00931906486351949,0.00462920417715808,0.000883181882670843,116,0
0,14.657230336,accepted,13.2730127433167,-0.446704534560381,-0.138284214371699,-2.13899200006641,0.695101804657353,-1.10262518895864,-0.206573543960096,-0.00786515420775036,-6.32017538592197,4.62045831453753,6.89,0.02,-0.43,0.69,2.20435084526884,-5.81962634208201,4.64720273483071,8.96212634149776,-0.632684698546801,0.597203587554314,0.882781462057147,2.21123264911915,14.657230336,0.0512861079899799,0.0512614199595433,0.0890179493218133,0.00913724310576478,0.0091779194260009,0.00453448658021917,0.000877296650835153,117,0
0,14.755396608,accepted,2.73238860984138,-0.487372694716988,-0.108291147112248,-2.15495829901077,0.23752996187523,-0.2727547039407,-0.258884575651839,-0.00651143090541684,-6.37007152830925,4.59824463108085,6.89,-0.38,0.34,0.56,2.20609617452083,-5.87543331277466,4.67568985871482,8.97009430298027,-0.605616828423428,0.593364968370009,0.802678634413025,2.21227038160785,14.755396608,0.0506776218092873,0.0506566534836751,0.0882373390842407,0.00886610486921513,0.00891958909848254,0.0044306531633283,0.00087124878883418,118,0
0,14.95769088,accepted,15.3358663058038,-0.37955487326968,-0.219610807257651,-2.23945168236115,0.719930447344518,-1.26166256222218,-0.243409775870316,-0.00769782210888925,-6.36175550821725,4.59824462359509,6.89,0.24,-0.5,0.49,2.20958683302482,-5.92531717440886,4.69124296774551,9.05750888079225,-0.437970693731032,0.678917023392079,0.719200101127506,2.21415465847995,14.95769088,0.0528664441574442,0.0528436575823868,0.0904827810047106,0.0091874026274024,0.00932706528474914,0.00445363246666781,0.000885091747584652,119,0
0,15.057833216,accepted,1.73647393966035,-0.37270920245531,-0.153258569156081,-2.23220700118517,0.0427089659203402,-0.192140253255218,0.194607951952102,-0.00414498375664341,-6.34512345601222,4.60935147160485,6.89,-0.44,0.5,0.82,2.21133216227682,-5.98255924001406,4.74305017674802,9.08694971025177,-0.484185043826533,0.681250223500658,0.622228384904909,2.21509938239691,15.057833216,0.0526267916559695,0.0526036819458126,0.0901647358976629,0.00909250205580942,0.00919949070917761,0.00439456951939254,0.00087878314493853,120,0
0,15.156059392,accepted,7.97077237841487,-0.318175639754609,-0.191389871861873,-2.25697522833696,0.553694757677712,-0.881088258326541,0.179521964597998,-0.00578819195178726,-6.35343946615801,4.62045834405086,6.89,-0.02,-0.19,0.78,2.21133216227682,-5.99833968460281,4.73087739132749,9.11391475064094,-0.545504634280222,0.6394090353376,0.598294265943566,2.21571303215154,15.156059392,0.0521801624696217,0.0521580218783614,0.089622487757056,0.0089541253013932,0.00901534480120848,0.00431514607678094,0.000872300973048412,121,0
0,15.256286208,accepted,7.06237943262843,-0.333252283487552,-0.209031292725711,-2.2845052468233,0.31895540878854,-0.893858643826947,0.112034306936845,-0.00388870556382104,-6.37838755602332,4.58713777369911,6.89,-0.07,-0.18,0.69,2.21307749152881,-6.02746343067756,4.71045755058485,9.13557169788377,-0.373251430790289,0.659095514075929,0.574154445346013,2.21473901144369,15.256286208,0.0517529151371386,0.0517350268897835,0.089094126836945,0.00882158925310668,0.00894160197317104,0.00425540436986263,0.000865782223136484,122,0
0,15.356460032,accepted,2.08487111746987,-0.332598541461802,-0.189795344138092,-2.30947815739909,0.0842280068144963,-0.329962023409838,-0.199848910236486,-0.00249177304996362,-6.39501959853146,4.58713778857789,6.89,-0.18,0.32,0.53,2.2148228207808,-6.0685078985495,4.7496485354885,9.13569485239496,-0.263734007791638,0.634492308556908,0.718188149084955,2.21660075924942,15.356460032,0.0516983221392708,0.0516794597080673,0.0889510118861053,0.00892176159250205,0.00911275174862506,0.00423219767821556,0.000859341724799502,123,0
0,15.456621824,accepted,7.87488032163038,-0.299088226694272,-0.219763859524667,-2.48722019250394,0.307463247917291,-0.896310169834842,-0.360006802504632,-0.00238133813907115,-6.38670357818285,4.58713778135092,6.72,0.15,-0.32,0.46,2.2165681500328,-6.06979416359767,4.72209346240367,9.12188499518994,-0.142201092948367,0.521631085415794,0.802397490900184,2.2159830956334,15.456621824,0.0513180518887064,0.0513008660775182,0.0884654901184515,0.00883498384227386,0.00910330423660992,0.0041786352144073,0.000852168633723343,124,0
0,15.556793344,accepted,6.70564716995853,-0.322103220740726,-0.242689520842606,-2.48179955130416,-0.226614237532905,-0.71548531585545,-0.219897033293594,-0.000222851179549899,-6.40333566811249,4.53160347445233,6.72,-0.35,-0.12,0.58,2.2165681500328,-6.1173728977443,4.68164114009688,9.12210667087194,-0.14337038619549,0.536763228181468,0.784550480625854,2.21409261284689,15.556793344,0.050516561974642,0.0505052088057958,0.0875277874236538,0.00852860303298998,0.00875923240993173,0.00407168671247386,0.000844475480695542,125,0
0,15.658937856,accepted,8.10785802806239,-0.274918871196027,-0.247214962527826,-2.47187795584684,0.114312089391466,-0.892967951481178,-0.196095992546789,0.000402581611758102,-6.41165171830702,4.49828288791675,6.72,-0.1,-0.21,0.44,2.2165681500328,-6.13252131513489,4.644359593667,9.11864479899349,-0.208067433663738,0.618979234110783,0.622690693843626,2.21324933567471,15.658937856,0.0499670629392145,0.0499584426547782,0.0868346647910573,0.00829120457807956,0.00838890661445603,0.00397823698430446,0.000837776677745752,126,0
0,15.75706496,accepted,5.84294223980778,-0.243030993540874,-0.235863882677705,-2.45019081148729,0.348826018183288,-0.770471679366439,-0.218555091618437,0.00425842905978202,-6.40333571785812,4.47606915258221,6.72,-0.02,0,0.28,2.22005880853679,-6.14174211283104,4.64728710378266,9.101540008034,-0.353483336883937,0.731205194102563,0.486352587880549,2.21419226319884,15.75706496,0.0497224244813403,0.0497127689794417,0.0864697420666032,0.00826379197805207,0.00817976287562503,0.00391957760708398,0.00083120933546127,127,0
0,15.959295232,accepted,15.8020115815623,-0.2045852258697,-0.390467223224121,-2.45080938647733,0.27118869966511,-1.19100707821576,-0.0963556272230003,0.0040050990688969,-6.40333577742531,4.40942796713505,6.72,-0.04,-0.3,0.13,2.22180413778878,-6.16681836062534,4.62707049403298,9.10707274587497,-0.287908675500524,0.786044547687526,0.216752570763733,2.21362480344369,15.959295232,0.0512769065347016,0.0512647061378668,0.087991549708392,0.00836773880063475,0.00819116827245192,0.00390993275959782,0.000840567790912674,128,0
0,16.059456768,accepted,10.1650216380883,-0.211248382522135,-0.35887384772179,-2.40495760685862,0.267931289251429,-1.03410014503187,-0.182458918415512,0.00695265781555365,-6.41165184791544,4.35389365239162,6.72,-0.11,-0.15,-0.06,2.22180413778878,-6.17944136345575,4.5980031924501,9.05599893268678,-0.361864489041528,0.816451766323362,0.110740640637903,2.21270748496842,16.059456768,0.050686053833126,0.0506755177025918,0.0873010641838574,0.00821676611240064,0.0079409986941908,0.00383671943156248,0.000832519830748845,129,0
0,16.15760384,accepted,15.6140055497752,-0.18692231311024,-0.356492178528632,-2.3349095908483,0.210863854835436,-1.15558293110876,0.127845641290857,0.00862232565334553,-6.4116518676905,4.33167992497255,6.72,-0.19,-0.27,0.08,2.22354946704078,-6.20059361878929,4.52205953648958,9.02577701940263,-0.383290285553003,0.785819442803254,-0.04767895586856,2.21243144784592,16.15760384,0.0496104933847651,0.0496045671252513,0.0860733456643882,0.00782448413242578,0.00752286016052518,0.00372370210229358,0.000823249062273152,130,0
0,16.25772544,accepted,4.15412679385803,-0.136219864252756,-0.260064603853264,-2.3092267171145,0.205350906464353,-0.542361778877416,0.0117142850158261,0.0115447740357868,-6.37007176542689,4.33167988823711,6.72,-0.17,0.1,0.02,2.22529479629277,-6.21609909338622,4.52654583905968,8.98248039811157,-0.362639728899196,0.604736769574497,0.0022028562286987,2.2127857870665,16.25772544,0.0489884517866366,0.0489827714200233,0.0853086921185809,0.00751398498551091,0.0073628160185006,0.0036273810025949,0.000816424006556167,131,0
0,16.35987712,accepted,13.1731988451952,-0.139647241586347,-0.293830568751527,-2.2559064676542,0.23726331302302,-1.10321746470908,0.24677297143265,0.0110259922231948,-6.39501985658258,4.29835931701489,6.72,-0.15,-0.44,0.04,2.22529479629277,-6.23242066277686,4.46266399172412,8.95933716774152,-0.371523140004,0.585988886187958,-0.203972375012914,2.2126503959412,16.35987712,0.0483801641973425,0.0483756745365476,0.084539140947799,0.00728487697077694,0.00710796741338153,0.00355158672536469,0.000809836941795864,132,0
0,16.458030848,accepted,5.8140853522803,-0.120298217140505,-0.259576395432168,-2.45530811196586,0.0836211388366902,-0.632576726312509,0.102053612289588,0.0121983502496898,-6.38670387526355,4.25393185295975,6.48999999999999,-0.17,-0.23,0.03,2.22704012554476,-6.25895677441686,4.42764908193529,8.90902895932578,-0.247846943686785,0.352007617308875,-0.0748589663114074,2.21366820062441,16.458030848,0.0475271767958555,0.0475239287965911,0.0834895498587842,0.00694669665522969,0.00692167852081068,0.00344481726506919,0.000803409417510505,133,0
0,16.558195456,accepted,7.82350361848186,-0.122996424224555,-0.268645831810871,-2.41419797125573,0.274809474357084,-0.986249839361547,-0.0721160429843656,0.013114423469458,-6.40333596636621,4.1983975463027,6.48999999999999,0.05,-0.47,-0.12,2.22878545479676,-6.26414200406205,4.38995623581728,8.8499700564136,-0.213172786226363,0.471109198999002,-0.0559338766911545,2.21420133233993,16.558195456,0.0473564646618956,0.0473527223697916,0.0832088458193125,0.00705010390816897,0.00693639509131574,0.00343025229889781,0.000797345415708632,134,0
0,16.658327296,accepted,6.33334727906611,-0.156000600487327,-0.317707469518577,-2.35079576523303,0.0747699248656883,-0.907119797168379,-0.119907796539678,0.0131912043786211,-6.44491614165498,4.12064953362656,6.48999999999999,-0.16,-0.44,-0.24,2.22878545479676,-6.28803021843961,4.36709128768996,8.78461056541271,-0.23254673090011,0.426675960356131,-0.128954911451408,2.21486441877841,16.658327296,0.0472211717721494,0.0472160633243674,0.0829639818220471,0.00702871920096474,0.00691599541646776,0.00339636144720191,0.000791559919168571,135,0
0,16.756443392,accepted,4.90584104544676,-0.125497504838941,-0.309797937518968,-2.27587852161845,-0.00758170766802232,-0.659321554656948,0.0790701352125228,0.012967601395208,-6.43660013874999,4.09843579656565,6.48999999999999,-0.25,-0.27,-0.09,2.22878545479676,-6.31495907962679,4.33667805615359,8.72801172314202,-0.243660298035202,0.348662628126222,-0.17294906224743,2.21530570725754,16.756443392,0.0467480319474202,0.0467429620760525,0.0823417281154373,0.0068684298592403,0.00678382592588108,0.00333078698198303,0.000785402518323921,136,0
0,16.958749184,accepted,4.22250594809457,-0.112098162909278,-0.423771124422661,-2.17225737713539,0.232723542992199,-0.739974037694396,-0.0269578398033954,0.0119755927281249,-6.49481239623627,3.97626034339395,6.48999999999999,-0.21,-0.49,-0.42,2.23053078404875,-6.37194956574505,4.34153801765012,8.61563990121941,-0.435269921072599,0.219727579684393,-0.399785209755191,2.21860057588268,16.958749184,0.0489773552752423,0.0489650355604209,0.084596071248732,0.00719857893767987,0.00713649593856425,0.00335696047108932,0.000796013558574473,137,0
0,17.058883584,accepted,4.35183500901313,-0.0820338931914684,-0.42372989451027,-2.07359742994148,0.158189494464054,-0.71037919730347,0.247405013481648,0.0119239110974108,-6.49481242674199,3.94293975039056,6.48999999999999,-0.3,-0.37,-0.34,2.23227611330075,-6.40448560319821,4.30581768992192,8.53733592480174,-0.452678917022561,0.308777553449655,-0.588717496296896,2.2204294969534,17.058883584,0.0488424634507272,0.0488303690668669,0.0843752248494651,0.00722098049981785,0.00709948675358863,0.00334391157819643,0.000790164186142071,138,0
0,17.158993664,accepted,12.3223529551347,-0.0833333171137749,-0.47977087609002,-1.98793595536548,0.218909958842204,-1.39657013197272,0.236449679370598,0.0118929626629356,-6.52807659099776,3.85408486646212,6.48999999999999,-0.13,-1.1,-0.42,2.23402144255274,-6.43146520710297,4.224533289827,8.45400520885923,-0.340569932159237,0.23626734192834,-0.657561654512681,2.22154876178854,17.158993664,0.0487050681826459,0.0486922141892494,0.0841441675057469,0.00720005600129539,0.00709568968506273,0.00332241759462783,0.000784440102624655,139,0
0,17.2571392,accepted,3.03395663930073,-0.0319268982086403,-0.470328601453446,-1.89895057420235,0.0504994064197783,-0.671994387008293,0.000376908419241762,0.0102912332761544,-6.50312858888852,3.78744365818489,6.48999999999999,-0.22,-0.39,-0.55,2.23402144255274,-6.46896172198345,4.20535800199187,8.34980532635317,-0.269079935368294,0.255995986505389,-0.555846239385962,2.22355353106574,17.2571392,0.048684675728861,0.0486687485996448,0.0840259354401999,0.00731870950378453,0.00719724676223501,0.00331853754186804,0.000778510821718448,140,0
0,17.359270912,accepted,4.80748166017222,-0.0332129465256399,-0.527916126354628,-1.81341098250735,-0.0633692888435818,-0.882556463245809,-0.0491379078312695,0.00881891777289168,-6.53639274397524,3.70969563886382,6.48999999999999,-0.37,-0.64,-0.5,2.23402144255274,-6.50734197233523,4.16613875859329,8.26336203078889,-0.309245251819299,0.205665905557304,-0.456784541454459,2.22513969551341,17.359270912,0.048702651342019,0.0486833129563485,0.083933759490876,0.00738742847164386,0.00726815247785582,0.00329142169437029,0.00077325815315673,141,0
0,17.457428224,accepted,8.98143562753828,0.0190191990957924,-0.554706319604123,-2.5508968351567,0.404461689131196,-1.2072607360652,-0.199531745438109,0.00734951037934639,-6.52807678361159,3.64305444527587,5.66999999999999,-0.05,-0.78,-0.69,2.23402144255274,-6.52348214950433,4.11412742546226,8.15820165031719,-0.440628609716821,0.383095107175687,-0.500469002652369,2.22610919970465,17.457428224,0.0487222244795804,0.0487009269291388,0.0838342276730877,0.00760219814494325,0.00730669164880841,0.00329799482866886,0.000767013701859388,142,0
0,17.55955712,accepted,5.54344024951177,0.0152038606584837,-0.581748841916306,-2.4368608317023,0.0945046554477529,-0.872471672134438,-0.400794294064576,0.00627210308604376,-6.54470888933795,3.57641327516713,5.66999999999999,-0.18,-0.35,-0.95,2.23402144255274,-6.5536057024237,4.09286653423507,8.03613861662292,-0.270905180050341,0.489911504939297,-0.56175118889468,2.22731757308177,17.55955712,0.0488692697296084,0.0488434848841846,0.0838515687336053,0.00779265720685953,0.00738529819145317,0.00331611455223982,0.000760999557528883,143,0
0,17.657715968,accepted,7.15486277005318,0.0376265200347321,-0.619547008297882,-2.30263423028883,0.0858804897640342,-1.15143926862963,-0.172181983312574,0.00699953831134525,-6.54470892992913,3.53198581666731,5.66999999999999,-0.25,-0.5,-0.91,2.23576677180474,-6.57558336683023,4.0705300215222,7.91681525444861,-0.332537384606374,0.609971272507807,-0.74641064759712,2.22846542819795,17.657715968,0.0489410777666511,0.0489084930071894,0.0837843854308,0.00796169655096077,0.00738443658533849,0.00332241358192696,0.000754025639324318,144,0
0,17.757901824,accepted,11.6118235638675,0.072470669436921,-0.660318343722461,-2.15602942674728,0.0263898717386679,-1.50259118220953,0.209648785545265,0.00690585029541424,-6.53639295703122,3.47645148866235,5.66999999999999,-0.17,-0.83,-0.72,2.23751210105673,-6.60349116309558,4.02933946479707,7.79374338957326,-0.194183878067877,0.615758086189204,-0.93199792837797,2.22967853308651,17.757901824,0.0490157690377604,0.0489747961261458,0.0837217379385348,0.00799567664336741,0.00740892243631421,0.00331315435019261,0.000747089242937752,145,0
0,17.95818368,accepted,9.13482266476291,0.0787306732089421,-0.821310345859041,-1.9603303286963,0.070137346084224,-1.3088112793878,-0.168381453684697,0.00480894393990372,-6.54470909232307,3.35427598922501,5.66999999999999,0.16,-0.58,-0.9,2.23925743030872,-6.61422574015577,4.06503464552402,7.58007901708605,0.0955941060350442,0.672199514886649,-0.739300615816524,2.2322285219828,17.95818368,0.0515868244679791,0.0514947955533278,0.085985087921341,0.0086447280338534,0.00805616080031023,0.00337239365049722,0.000752795131913575,146,0
0,18.058323712,accepted,5.24167972376298,0.0591607110264949,-0.828039157136325,-1.84405286982615,-0.337113263357076,-0.799432384532979,-0.298718541769798,0.00743656647628832,-6.54470913331013,3.30984853340373,5.66999999999999,-0.17,-0.1,-0.82,2.24100275956072,-6.6232678837135,4.05541412494052,7.45732170683642,0.154766599059157,0.660474368730984,-0.530587808669944,2.23350209108474,18.058323712,0.0514960869761684,0.0513968499655319,0.0858090106391976,0.0087066982510023,0.00816900397282119,0.00334229371673252,0.000744399200634056,147,0
0,18.158491136,accepted,9.04143271413546,0.0828156348347893,-0.825218150333638,-1.73955447508997,-0.207126707149545,-1.22704633086186,-0.371980838473684,0.006312188299197,-6.51976106618637,3.30984851053618,5.66999999999999,0.07,-0.36,-0.83,2.24100275956072,-6.61128885584605,4.02532419645982,7.35159995753844,0.27228042690112,0.810814967340194,-0.467684722924358,2.23309961413557,18.158491136,0.0514287977790011,0.0513248306713999,0.0856472989778692,0.0089764178126443,0.00826810815709147,0.00337399888295788,0.00073514576382937,148,0
0,18.258646784,accepted,5.60144679909618,0.0648799307114807,-0.830560057389015,-1.63621304424588,-0.355341595497699,-0.87396032576434,-0.182671112415138,0.00682894851315208,-6.51976109683134,3.27652791699661,5.66999999999999,0,-0.1,-0.65,2.24274808881271,-6.60574853342004,4.01738513223996,7.26089012267535,0.342244639909232,0.730325241491553,-0.473810891591735,2.23540402476714,18.258646784,0.051329106521181,0.0512177965664505,0.0854537132415403,0.00880963129822436,0.0082871318233308,0.00334083019660482,0.000726379143391498,149,0
0,18.358773504,accepted,4.72425764252907,0.0912244826808175,-0.804180435137289,-1.5436103732133,-0.289831987654782,-0.840913070478746,0.0453027254539514,0.00863856855506784,-6.48649700005065,3.28763475135096,5.66999999999999,0.06,-0.16,-0.36,2.24449341806471,-6.59288944917666,4.00737581742896,7.18431634493291,0.33978445242672,0.639839856539555,-0.407857932951368,2.23519969460903,18.358773504,0.0512705923697933,0.0511513007642741,0.0852935650894885,0.00869387381133387,0.0082840606674514,0.0033038415609107,0.000718649218588814,150,0
0,18.458882048,accepted,8.22134544512494,0.077778135244162,-0.823163412243316,-2.63552013417093,0.00639732446235139,-1.14059689561506,-0.21984241617374,0.00921601716687137,-6.48649704026786,3.24320729491666,4.52,0.15,-0.41,-0.45,2.2462387473167,-6.55957547893241,3.96442650765383,7.08824008053662,0.146365436766308,0.678935325353731,-0.239991524902809,2.23572867851921,18.458882048,0.0512483300483764,0.0511322057162277,0.0851632491734293,0.00884745607001262,0.00821386952508815,0.00329098045064636,0.000711566628589076,151,0
0,18.559023872,accepted,4.57791620206742,0.0717800020763022,-0.782942046485226,-2.54921985240985,-0.546564965952262,-0.417688982119093,-0.128831695206269,0.00881689051279677,-6.46154897546824,3.24320727195637,4.52,-0.23,0.09,-0.21,2.2462387473167,-6.5720458476234,3.96727402995393,7.00712494548502,0.291801429702964,0.482382822898224,-0.0894492254723385,2.23846927368699,18.559023872,0.051082842564711,0.0509629644958941,0.0849180908331715,0.00859811957827141,0.00832084552251688,0.00323034002326948,0.000704904645460388,152,0
0,18.657187328,accepted,5.74718670484029,0.0640865714015453,-0.789935816943404,-2.48528023390826,-0.304243068318342,-0.815528817874689,-0.0542417307802029,0.00767064430117825,-6.47818103633641,3.22099355750154,4.52,-0.04,-0.34,-0.06,2.2479840765687,-6.56108571838895,3.92472725143991,6.95035585619654,0.252147047489381,0.432939385616041,-0.012497962782439,2.23993526160833,18.657187328,0.0509164634485305,0.0508016327767902,0.0846684979825335,0.00854421269134593,0.00827369002743794,0.00319963589456536,0.000698644199631325,153,0
0,18.759324416,accepted,3.55312798243157,0.0435632449955188,-0.790247946050957,-2.43233586264795,-0.306080502048788,-0.505948619743974,-0.208726484824371,0.00639006183311697,-6.48649710052405,3.1765661084492,4.52,-0.01,-0.1,-0.12,2.2479840765687,-6.54700732753605,3.9079984776926,6.89029784334536,0.285410231476866,0.380032751281285,0.0795661820635173,2.24165130727627,18.759324416,0.0510072549425463,0.0508908731409132,0.0846238728685397,0.00856062487609201,0.00835382243406956,0.00318236533888968,0.000693492666521018,154,0
0,18.959558912,accepted,6.782208302418,0.0550005958350965,-0.867397859413462,-2.39415433545229,-0.147939252942662,-0.878813376120318,0.00182553010124936,0.00529125778561212,-6.44491705192549,3.10992488527195,4.52,0,-0.51,0.13,2.24972940582069,-6.51094830824103,3.86148385134771,6.86418850675261,0.140787779155957,0.310491304688133,0.122740837143084,2.24381375067552,18.959558912,0.0533275707821056,0.053194299990094,0.0865660423087874,0.00883106512541094,0.00857734690358717,0.00319422419336506,0.000700049262110659,155,0
0,19.057696256,accepted,7.0740058745234,0.0602795381932388,-0.84114065800557,-2.35501792422476,-0.107792194324434,-0.898527411056424,-0.00991195335508518,0.00411152539171145,-6.43660107826504,3.05439055638279,4.52,0.03,-0.49,0.11,2.24972940582069,-6.50406885131114,3.77736516353678,6.82523269266471,0.132941780030711,0.348584210481511,0.114517479774759,2.24497407479028,19.057696256,0.0526995068279756,0.0525842981616116,0.0860296432354713,0.00867708265237092,0.00836808619777423,0.00317410355170741,0.000694246055135174,156,0
0,19.155854336,accepted,5.74622095754703,0.0177147229632784,-0.830616148635484,-2.30787288359887,-0.324098771305983,-0.716160345013593,-0.0167102638603394,0.00478353974730528,-6.46986523828586,2.97664253761679,4.52,-0.08,-0.51,-0.01,2.25147473507268,-6.51723435655979,3.70869067912796,6.77860804055,0.226380072214253,0.158113053685774,0.00117995901723408,2.24645703307637,19.155854336,0.0521234345884074,0.0520129313113203,0.085509313862924,0.00828697409456195,0.00816141065633865,0.00309645666252983,0.000689510119531306,157,0
0,19.258021376,accepted,6.09240947821616,0.0143509688030621,-0.786917706428861,-2.25864130323438,-0.575704881599501,-0.321846694089506,0.0700121673640695,0.00328630248324657,-6.47818129782522,2.93221508736054,4.52,-0.31,-0.27,0.04,2.25147473507268,-6.57604159419355,3.64416407629732,6.74124444123511,0.216198395702582,0.017861262549533,-0.0316430057430364,2.24900235742647,19.258021376,0.050937060597503,0.0508422680178125,0.0845352408893187,0.00778275075314375,0.00774590457139991,0.0029891403414349,0.000684733186242437,158,0
0,19.35815552,accepted,7.92183353747754,0.041013675567271,-0.744848235797565,-2.69159864618884,-0.712250499507308,-0.246008466575816,0.0284348149870201,0.00148836902094196,-6.50312939663502,2.89889451719505,4.05,-0.28,-0.25,0.03,2.25147473507268,-6.64210131058179,3.5832786432384,6.69006269951689,0.374139501789107,-0.0296919268187031,-0.00208588896032122,2.25075550560948,19.35815552,0.049834913785331,0.049752637375394,0.0835703659391499,0.00742219610255364,0.00749167038983845,0.00292436467093745,0.000679295652528008,159,0
0,19.458291456,accepted,5.82117213362001,0.061187922534514,-0.706221993121157,-2.64225472076126,-0.714622263572362,-0.175425351241501,-0.0145057240326592,-0.0014105854787938,-6.52807749311338,2.8655739466988,4.05,-0.19,-0.25,-0.05,2.25147473507268,-6.65232790754647,3.53133292610427,6.6368225386908,0.487044447998896,-0.0894338544751401,-0.0412349042923578,2.25319870819508,19.458291456,0.0494152253810396,0.0493423039345784,0.0831223334469218,0.00726646061892652,0.0074270550982496,0.0028814364061983,0.000674528362261366,160,0
0,19.558454272,accepted,14.4960284643436,0.0260439840512676,-0.70305363712703,-2.59000335119801,-1.09303756481748,-0.168653820688406,-0.0104750439704619,-0.00226490685107805,-6.56965764659161,2.82114652858933,4.05,-0.44,-0.24,0.05,2.25322006432468,-6.7393125087659,3.47750462172277,6.58657811972221,0.568344371098757,-0.0888363632876267,0.0576358776145284,2.25651988026473,19.558454272,0.0484728309531895,0.0484085717718438,0.082235644254582,0.00701977071905529,0.00725150914924555,0.00281812363222568,0.000668598900105195,161,0
0,19.65658368,accepted,7.78281304830635,0.116496243322562,-0.663095369690488,-2.54488262151453,-0.74397307751302,-0.140301016859783,0.0186732245616265,-0.00306676075715728,-6.57797366668361,2.82114653607509,4.05,-0.24,-0.03,0.17,2.25671072282867,-6.78559199996118,3.44402664178422,6.54604277461891,0.448343185474037,0.0957648003159239,0.148121219336747,2.26133166753964,19.65658368,0.0475741120251411,0.0475220781476511,0.0813524043829756,0.0068710184865595,0.00692771612215476,0.00274570286865653,0.000662622308296608,162,0
0,19.758720256,accepted,4.92345273825444,0.17456366792382,-0.624319379287391,-2.5074012742223,-0.511792705249742,-0.0651468740070526,0.175192079639319,-0.00562422861759071,-6.57797365646618,2.83225340114181,4.05,-0.25,0.11,0.25,2.25671072282867,-6.81029703560919,3.42777228054461,6.52782945972844,0.22496445583749,0.166164197346842,0.075061836103464,2.26365169489703,19.758720256,0.046848613659364,0.0468070513694288,0.0805971842565475,0.00663948781381028,0.00655140428584455,0.00264974499663662,0.000658084055591904,163,0
0,19.959017216,accepted,8.44070570054565,0.111824003832554,-0.596651119604003,-2.50181531725294,-0.872188974376274,0.192155730705831,0.170900422259685,-0.00880662283891143,-6.59460565163366,2.88778773665245,4.05,-0.25,0.6,0.16,2.25845605208066,-6.79056511273868,3.48283780720166,6.51654749947777,0.570461929810262,0.41632242726162,-0.011021344102664,2.27075993633388,19.959017216,0.0486179605488249,0.0485692044545212,0.0821917648894879,0.00698550375047806,0.00692745408754281,0.00268343399563033,0.000662323902005454,164,0
0,20.05916544,accepted,11.9065595283771,0.1329176142578,-0.583863868952512,-2.46194591166298,-0.980673944787905,-0.0919896167028109,0.369474675141341,-0.0150069805157846,-6.60292161223202,2.95442892940576,4.05,-0.43,0.59,0.23,2.25671072282867,-6.84163753053174,3.5076366513844,6.50085760555568,0.484325325515132,0.673971341748146,-0.132804581901944,2.27625905891375,20.05916544,0.0479365859934284,0.0479002176783586,0.0815117993827068,0.00696098771441264,0.00664371852301317,0.00264685894718154,0.000653967811948155,165,0
0,20.157280768,accepted,9.05513817074539,0.187852887185046,-0.552950361357495,-2.44443192433158,-0.76067519558978,-0.273274857975428,0.308397054236709,-0.0193708034242004,-6.61123756248829,3.0321769872196,4.05,-0.38,0.67,0.25,2.25496539357667,-6.88157071292298,3.5345900537275,6.47948447388366,0.326198409384707,0.922166164710645,-0.0528920627651031,2.27849892749686,20.157280768,0.0471745537482158,0.0471514411738821,0.080742100510711,0.00702504405895826,0.00640045390940144,0.0026113177809002,0.000643610631298287,166,0
0,20.259391744,accepted,5.21110921277474,0.252789169504095,-0.501154977207997,-2.4349861139532,-0.583312052935307,-0.115616814041078,0.153543106269591,-0.0264609484575562,-6.58628941466619,3.12103187775063,4.05,-0.21,0.79,0.26,2.25147473507268,-6.89358044587405,3.59320203706936,6.45226995234021,0.336164266771272,0.89558545012402,0.10635221375058,2.28059265083687,20.259391744,0.046632140536922,0.0466140746287395,0.0801499559467596,0.00682399610904951,0.00632983967210344,0.00255226382318999,0.000634613235012689,167,0
0,20.35754752,accepted,4.76276010485813,0.280347401820809,-0.507248434761201,-2.41791246714782,-0.379781910979864,-0.532971253151256,0.0547611141194538,-0.0310652453288207,-6.5779733400118,3.1765661918573,4.05,0,0.36,0.31,2.25147473507268,-6.8795213779078,3.62452857389188,6.4243729319969,0.364018277038166,0.864169330793386,0.251858013998639,2.2825889482229,20.35754752,0.0463223738413344,0.0463026435581468,0.079750225574132,0.00675916501739858,0.0063475722341833,0.00252583452193088,0.000627610314245329,168,0
0,20.45767808,accepted,3.98657094624189,0.246190838145999,-0.478797458151028,-2.07086445086518,-0.560706652870976,0.0426593575618658,-0.0769931724978095,-0.0312682045085126,-6.59460533467336,3.23210052900376,4.38,-0.16,0.91,0.26,2.25322006432468,-6.88551368145714,3.69967061941973,6.40334264578396,0.370353003914964,0.867152471834543,0.331948599870193,2.28655025853288,20.45767808,0.0459185297650322,0.0459000199670375,0.0792633908851774,0.00663157759663055,0.0062885544686613,0.00249781007189363,0.000621600554239925,169,0
0,20.557825536,accepted,4.33232613509851,0.259155118485983,-0.452186248160728,-2.05513226210659,-0.524353728587153,0.204769816035111,-0.157981542651556,-0.0351034614067998,-6.59460524234986,3.33206230667275,4.38,-0.17,0.98,0.15,2.25322006432468,-6.89708577343626,3.79015875729127,6.38008418600964,0.325403639340509,0.784647733449047,0.30077996903489,2.2901254634835,20.557825536,0.0454768985025799,0.045458457490682,0.0787337384679265,0.0063681958083765,0.00614707115942115,0.00244566456640253,0.000616579317761358,170,0
0,20.65796608,accepted,5.10632648963831,0.249798519730913,-0.444848471252746,-2.04120083306233,-0.598266521651406,-0.113030393721127,-0.249923019214817,-0.0372038733322397,-6.61123720289118,3.42091723639642,4.38,-0.23,0.62,0.11,2.25496539357667,-6.91028840118783,3.84121004081945,6.35870126542693,0.336557614590088,0.72422749053652,0.351441446210607,2.2933537605569,20.65796608,0.0450717938046597,0.0450543451929705,0.0782288976556022,0.00621283096989215,0.00607641650648234,0.00240858801929581,0.000612168287381506,171,0
0,20.758087168,accepted,7.68615152562723,0.303778064533633,-0.408285003387505,-2.01653457857495,-0.760096211178439,-0.227522019490895,-0.172845693265823,-0.0401190508312697,-6.56965701386592,3.50977211271994,4.38,-0.36,0.61,0.26,2.25496539357667,-6.94278298981114,3.88194217676315,6.34074459945799,0.355125956026163,0.821671681595102,0.427138596304809,2.29706111973808,20.758087168,0.0445856357847934,0.0445715628270599,0.0776469186526235,0.00616106043536663,0.00599285116906162,0.00240029714929573,0.00060729217730269,172,0
0,20.9583744,accepted,7.76685034793029,0.257598754039088,-0.439877593985029,-2.02705776173921,-0.252960447772541,-0.451581364049771,-0.593171707645925,-0.0454181236285596,-6.61123701839805,3.62084079273995,4.38,0.23,0.44,-0.36,2.25671072282867,-6.88811916245832,3.99524142431409,6.30278852374047,0.471836198076746,0.858529949314848,0.213880426081652,2.30149162250496,20.9583744,0.0460047521990003,0.0459818034173135,0.0789179925754435,0.00624424413071334,0.00609948642849317,0.00244053945823831,0.000611317307374788,173,0
0,21.058518272,accepted,9.19814599574613,0.246180119008347,-0.386676476078196,-1.94040048511667,-0.971748238060351,-0.0434496829680603,-0.222039459201605,-0.0459759465415503,-6.6029209255229,3.69858883564404,4.38,-0.66,0.88,-0.07,2.25671072282867,-6.92620301098202,4.06946926496932,6.26496615089045,0.264110296910959,0.919304963850715,0.14656243536442,2.3052595940224,21.058518272,0.0456666667361232,0.0456455361762029,0.0784915646786594,0.00617185894008852,0.00595797439466515,0.00241696701817786,0.000606669954597368,174,0
0,21.15662848,accepted,6.211574470535,0.280263997332813,-0.401777376835128,-1.89589587039149,-0.4007839030619,-0.750236953407885,-0.345878668865216,-0.0508439406011969,-6.6195529158147,3.75412317259835,4.38,-0.06,0.06,-0.22,2.25671072282867,-6.91601085517817,4.09499917387713,6.21842127823386,0.329504431499135,0.779410280715448,0.117677692587533,2.30687636648056,21.15662848,0.045544636528492,0.045520239871857,0.0782492538061312,0.00607551445967697,0.00598026898561213,0.00239073198169192,0.000602882216861672,175,0
0,21.258773248,accepted,3.34559855522467,0.281703653696503,-0.386030290940743,-1.85361462424865,-0.48378008411586,-0.150186852968183,-0.298995106891401,-0.0516023353983766,-6.60292084330677,3.78744374978185,4.38,-0.18,0.64,-0.12,2.25671072282867,-6.90906412754791,4.15110000139342,6.17845367568112,0.287443157901043,0.781615578148629,0.171396619012958,2.3083080126013,21.258773248,0.045459508103625,0.045434981921103,0.0780420117033974,0.00609342247701554,0.00600797913401604,0.00238279043676214,0.000599544640561208,176,0
0,21.358947328,accepted,3.95071671653891,0.275262619237701,-0.356120610526936,-1.82023058150353,-0.63264105657149,0.0259107128768454,-0.266554372720504,-0.0521548754397791,-6.60292076161118,3.87629866313088,4.38,-0.33,0.86,0.06,2.25845605208066,-6.91093501310187,4.22324649087989,6.14915469771774,0.281188949025038,0.832926632808547,0.32021545097722,2.31096734493355,21.358947328,0.0453860113068317,0.0453610673937441,0.0778405481122682,0.00618038139160844,0.00609000744876896,0.00239082007811302,0.00059621198493074,177,0
0,21.459079936,accepted,7.90755871477928,0.276178848545325,-0.395960159170794,-1.62829105555851,-0.528151967417788,-0.766747254516732,-0.331809776904204,-0.0543604216699887,-6.61123674125125,3.92072612788558,4.55,-0.25,0.15,-0.09,2.25845605208066,-6.91876498147497,4.24552533239393,6.12414600150868,0.258069474901103,0.879693837525108,0.234899801469391,2.31294211904429,21.459079936,0.0452033724540236,0.0451776006691906,0.0775396738604784,0.00615159078248284,0.00603179037233922,0.00239965454132706,0.000592677439034658,178,0
0,21.559192064,accepted,9.58891929506588,0.280493637136091,-0.379765947901485,-1.59645903421121,-0.692741390857303,-0.666504186357407,-0.10814098390068,-0.0549892972957391,-6.61123671061358,3.95404672045926,4.55,-0.41,0.19,0.1,2.26020138133266,-6.95178753678734,4.25576771972258,6.10746463421445,0.245146731122139,0.815226552309422,0.206356696043539,2.31600062477987,21.559192064,0.0447820523109983,0.0447581703953777,0.0770317901704915,0.00599111279308262,0.00591663982253209,0.00236998970362109,0.000589072108846069,179,0
0,21.657336832,accepted,2.20451569554965,0.315085581077975,-0.322137682141512,-1.58243236477217,-0.363892622875767,0.0808513072344611,-0.292519299193362,-0.0576994259868124,-6.61123665904243,4.0095810424469,4.55,-0.13,0.86,-0.04,2.26020138133266,-6.93884983109748,4.32710213193196,6.08548762983296,0.224241751294953,0.780142869209425,0.245788817027698,2.31747644726621,21.657336832,0.0447313647668384,0.044707416143292,0.07683580605374,0.00599519445510565,0.00596082237811168,0.0023563629437662,0.000585946938616026,180,0
0,21.757356288,accepted,3.67038462487112,0.30014753288627,-0.340175070570972,-1.55922294586778,-0.395929765990915,-0.54969092498595,-0.0506053618161963,-0.0587838330781714,-6.61123660798451,4.06511536322224,4.55,-0.09,0.23,0.12,2.26020138133266,-6.92742775871004,4.35930971433922,6.0772284161697,0.293846586530488,0.756490128114269,0.168032012588346,2.31832804634145,21.757356288,0.0447052734827575,0.0446812961949559,0.0766597730021407,0.0059732031205719,0.00596037177268154,0.00236067643869243,0.000583000228790223,181,0
0,21.873653504,accepted,3.10142801948505,0.290821147745564,-0.346768705843321,-1.54858859840417,-0.474560879245615,-0.352921414453711,-0.0784386970147352,-0.0599772079405696,-6.60292055661695,4.09843594812687,4.55,-0.17,0.33,0.14,2.26020138133266,-6.91667759431943,4.41058315835103,6.065074314194,0.288643194093813,0.666476113098566,0.215713691781077,2.31958902547573,21.873653504,0.0449797771493004,0.0449548185608555,0.076766968585648,0.00600869546688713,0.0060449337556158,0.00234692141577333,0.000581667487797266,182,0
0,21.957767168,accepted,2.80089811011237,0.302891512707706,-0.318669278256269,-1.53213364220271,-0.330570100607442,-0.401400251089898,0.0317112050731752,-0.0609241384400958,-6.59460449478265,4.14286339808582,4.55,-0.16,0.22,0.14,2.26020138133266,-6.91358521199888,4.42080530258055,6.05615588890509,0.158140785378514,0.601135437612289,0.107049618688024,2.3204895174164,21.957767168,0.0445102711378592,0.0444883560449416,0.0761914918056663,0.00587091937719992,0.00593236567794797,0.00230569624558865,0.000577835200308347,183,0
0,22.057933824,accepted,1.75292922406898,0.316450583773113,-0.299384542646282,-1.50693767851269,-0.26230436159526,-0.207934818989811,0.19496498423838,-0.0616255098042409,-6.57797242073503,4.17618397543271,4.55,-0.02,0.3,0.18,2.26020138133266,-6.90205568256382,4.45276150900551,6.04062620118195,0.234185651562957,0.497946617187268,-0.0144840775042368,2.32076410501713,22.057933824,0.0444976407008115,0.044477109387373,0.0760240002766886,0.0058205950618518,0.00590763997684852,0.00228510436660781,0.000575788234810003,184,0
0,22.15597312,accepted,2.97778420926953,0.298852524267221,-0.292728834433533,-1.49776405077003,-0.530554085766265,-0.100421513534076,0.136281807136958,-0.0619029865640131,-6.57797239010466,4.20950456842991,4.55,-0.25,0.42,0.28,2.26020138133266,-6.90707864808791,4.4859360119457,6.02984124922846,0.25963812718469,0.514081257093114,0.144994259607813,2.32128231237326,22.15597312,0.0443577308041868,0.0443400815445634,0.0757508183240187,0.00585729634481964,0.00594871586354071,0.00228457619803566,0.000573222877848477,185,0
0,22.2582912,accepted,2.34546585601154,0.342658588354523,-0.271215871627599,-1.50206042228719,-0.351327854766017,-0.258056506187702,0.153704616016817,-0.0626731103845715,-6.54470824938502,4.27614572316868,4.55,-0.17,0.37,0.39,2.26020138133266,-6.90372944698049,4.51960355962123,6.03527004662674,0.167928997033685,0.614721075000693,0.237389897244138,2.32214985728132,22.2582912,0.0442960159620796,0.0442810522064889,0.075548371898684,0.00589890608859608,0.00597893928557234,0.00229880408634383,0.00057077185104083,186,0
0,22.358294528,accepted,1.99084078533735,0.354100364699408,-0.27537878558063,-1.30915939244217,-0.334300998004865,-0.218191813892849,0.00417633106736121,-0.0632797364847839,-6.5363922060281,4.29835944476612,4.75,-0.16,0.16,0.31,2.26020138133266,-6.90855666609586,4.54665673328351,6.03603391891195,0.16012528365443,0.365368600270563,0.30478533361068,2.32246785223455,22.358294528,0.0440817044232421,0.0440648991269624,0.0752163248302117,0.00582111260691473,0.00594624518481529,0.00222272106696863,0.000568335803948568,187,0
0,22.458403072,accepted,2.3297098979695,0.328537163461548,-0.279723221309434,-1.31727549074398,-0.360936885994997,-0.200746360501821,0.013390516116433,-0.06375068704864,-6.56134026953735,4.29835946790218,4.75,-0.17,0.11,0.24,2.26020138133266,-6.91622246266481,4.5495432856832,6.04528612136089,0.172231791551557,0.297185791700579,0.226199280731066,2.32284861986868,22.458403072,0.0437225261975299,0.0437072700344453,0.0747627138220337,0.00568061837049773,0.00580417019466276,0.00218969502967505,0.000565916917784392,188,0
0,22.558495232,accepted,2.92162254345928,0.340541741097317,-0.259982225145216,-1.31414350186862,-0.455577220075578,-0.128226508199938,0.108319237301165,-0.0628761047891171,-6.55302422657631,4.32057318870464,4.75,-0.18,0.19,0.21,2.26194671058465,-6.92778825353037,4.56038751125636,6.05094561321933,0.251985612783483,0.309357347939076,0.103897312041434,2.32364555651468,22.558495232,0.04340505317711,0.0433915942085787,0.0743393641781402,0.00554329930809983,0.00566011892488608,0.00218414593487138,0.000563583624575728,189,0
0,22.656613632,accepted,3.50957995920235,0.347904616428476,-0.282329164824016,-1.30252857213734,-0.176738782906775,-0.510697682144136,0.0249482041229485,-0.0643961254451253,-6.5613402597158,4.30946633217392,4.75,-0.04,-0.15,0.02,2.26194671058465,-6.91613547761577,4.53343262987083,6.03164796102551,0.12914718012208,0.330009017494157,-0.00610511276565572,2.32568523546482,22.656613632,0.0430438508005574,0.0430329779391271,0.0738760883882393,0.00541280143732373,0.00554364006490026,0.00216438055584967,0.000560970880683787,190,0
0,22.75875072,accepted,4.20217578763085,0.36083931661865,-0.244848286072753,-1.2820497327492,-0.514566442242942,-0.151453389079391,0.217483140611947,-0.0646617577525004,-6.53639218600373,4.32057317356221,4.75,-0.34,0.12,0.27,2.26194671058465,-6.94059733432218,4.5424627081834,6.03140169034488,0.145102937338765,0.260944989995596,0.0582588379133612,2.32545739825153,22.75875072,0.0427043952752465,0.0426936976575005,0.0734339778512955,0.00532512444311534,0.0054539402611531,0.00213204085286585,0.000558510288224711,191,0
0,22.958977536,accepted,8.0685333305112,0.270109384959647,-0.203894436630325,-1.27314400555132,-0.743987842391859,-0.0708523043978978,0.385111547437636,-0.0680397253667278,-6.61123633103539,4.36500069844102,4.75,-0.37,0.07,0.2,2.26194671058465,-6.95512376341388,4.55488364777328,6.04030298737601,0.328265186090944,0.135455777017005,-0.173472289303268,2.32814714915105,22.958977536,0.0441707630338694,0.0441715816536993,0.0746775259904275,0.00542031299582712,0.00553953533006392,0.00216035808965927,0.000563616492741036,192,0
0,23.057116672,accepted,7.23319425141181,0.320350155293776,-0.196032199354813,-1.26617285771928,-0.525954305766477,-0.184716686542566,0.554968139395051,-0.067793924102534,-6.60292030035199,4.37610755669809,4.75,-0.25,0.08,0.23,2.26194671058465,-6.97108864573211,4.54636337804072,6.0487370305231,0.243493859506853,0.25286213124561,-0.310726262988437,2.32840543752211,23.057116672,0.043695136834155,0.0436977086776359,0.0741362775722851,0.00525631766038135,0.00538066835241824,0.00216622915805346,0.000560912244400278,193,0
0,23.15727616,accepted,4.41113305967666,0.327326832250655,-0.18477861522438,-1.27124226405373,-0.399181526273145,-0.294081711781283,0.330298545686566,-0.0691658966036504,-6.611236320444,4.37610756418386,4.75,-0.14,-0.08,0.11,2.26194671058465,-6.97129074805308,4.52451282728503,6.03115739007482,0.236048437752109,0.195833779810076,-0.212483223219617,2.32982329765185,23.15727616,0.0432843176605532,0.0432884211152907,0.0736496219299313,0.00517431985322244,0.00530383473390449,0.00214052024846239,0.000558402294881572,194,0
0,23.259403776,accepted,4.05389473181482,0.342914270254738,-0.17857844349722,-1.26594166901903,-0.18236391525878,-0.374651563978527,0.452334408707879,-0.0680610669795039,-6.61123633103539,4.36500069844102,4.75,-0.15,-0.19,0.3,2.26369203983665,-6.96076328016019,4.50564540534359,6.0295184865043,0.0232543066023895,0.165337492124897,-0.145027783993076,2.33080860446383,23.259403776,0.0430958510503528,0.0431022782546364,0.0733480400858294,0.00514519471623318,0.00532224561505882,0.00211620352062795,0.000555947518692981,195,0
0,23.357555712,accepted,5.51011627274916,0.330221466291862,-0.171089475870873,-1.26763185034773,-0.502508953132789,-0.240933605222995,0.410368917467479,-0.0683939461413807,-6.61955237142298,4.34278697910833,4.75,-0.36,-0.21,0.34,2.26369203983665,-6.99001644819501,4.48529903649191,6.03335211040767,0.114706925608612,0.0168511700631109,-0.0606557329362061,2.33060554506786,23.357555712,0.0427356285908928,0.0427411762900257,0.0728928882044663,0.0050839155505953,0.00523024430900931,0.00207949151143518,0.000553373321278706,196,0
0,23.459715584,accepted,2.57265207445755,0.337322648483364,-0.162359172161182,-1.09547803482432,-0.320641799396213,0.151521556514049,0.316663407824571,-0.0695381038542324,-6.64450045522052,4.32057327291832,4.93,-0.2,0.07,0.32,2.26369203983665,-6.99973849921867,4.49117698939958,6.03120359883989,0.105721366207608,-0.074883790499044,0.00900624865548598,2.33143202080354,23.459715584,0.0425804819603362,0.0425870536041476,0.0726159830196962,0.00507508635344064,0.00521611393153041,0.00205420682254029,0.000550973203971024,197,0
0,23.557868544,accepted,6.29636832745579,0.311838898653065,-0.162914777268158,-1.10021393179645,-0.664899570196472,0.0839313820760722,0.330865097986146,-0.0688569995466279,-6.6694485167942,4.32057329631805,4.93,-0.47,-0.01,0.3,2.26543736908864,-7.03772408515952,4.48707012067305,6.04253592076017,0.158601296888557,-0.0900056569401377,-0.0211389907084261,2.33228909644869,23.557868544,0.0422380618614308,0.0422444883477811,0.072170209099174,0.00497608530485494,0.00510810237590856,0.00204547491477115,0.000548348123310303,198,0
0,23.65799424,accepted,1.39207851875117,0.337076051011646,-0.187722441926062,-1.11274146696702,-0.186514302746753,-0.241552429739526,0.237785984999191,-0.0689186675249145,-6.68608058837841,4.28725271821068,4.93,-0.04,-0.39,0.23,2.26543736908864,-7.02344156055434,4.45710161513067,6.03443515745105,0.142218302035264,-0.156501395775123,-0.00661621185141625,2.33304113261426,23.65799424,0.0423625773812757,0.04237499081871,0.0721248149606189,0.0050383920684227,0.00517717790900334,0.00204232010880686,0.000545986417310733,199,0
0,23.75810176,accepted,1.06411402544808,0.343654006378114,-0.182760567298489,-1.10062443374424,-0.178832446811075,0.106397161842308,0.207879951228637,-0.0691121545000928,-6.66944857856087,4.25393211077194,4.93,0,-0.11,0.15,2.26543736908864,-7.01337966772744,4.43743665798462,6.02156038704152,0.174533396660001,-0.214020884884483,-0.0568656036477368,2.33308991055596,23.75810176,0.042466800182649,0.0424851428439883,0.0720605044657042,0.00507492134527571,0.00521118997508696,0.00203768030531134,0.000543630413401833,200,0
0,23.872242176,accepted,1.73187131045371,0.33999290256605,-0.207513670711887,-1.07993762146791,0.00547970248772572,-0.35521322445354,0.259834707081415,-0.0697569749961238,-6.65281657662931,4.20950463793572,4.93,0.23,-0.51,0.16,2.26543736908864,-6.98317490613847,4.3901852757195,6.00420148057139,0.225607695488979,-0.167724327918975,-0.0986873147831249,2.33396929021652,23.872242176,0.0428004955937753,0.0428269396296984,0.0722068514304387,0.00511007442406745,0.00527287311102354,0.00207093301880512,0.0005424499144046,201,0
0,23.958390016,accepted,3.34070284909696,0.329271543394283,-0.191646581496732,-1.06292934536664,-0.22826447467555,0.108555272503971,0.62503545546803,-0.0699204554722659,-6.63618455673359,4.18729089363812,4.93,-0.03,0,0.45,2.26718269834063,-6.97064094752232,4.37988295951169,6.00699746031791,0.19029776833605,-0.106121991766927,-0.168041885187882,2.33557504231047,23.958390016,0.0426310318218707,0.0426610811322207,0.0718957399846982,0.00507516214215253,0.00525952781011411,0.00208475375203825,0.0005391497674579,202,0
0,24.056515328,accepted,4.88959702325744,0.331370649676586,-0.173100692788355,-1.05028487637428,-0.200955443172543,0.287295235436313,0.765117068250988,-0.0690907926891779,-6.61955251538387,4.18729087815387,4.93,-0.02,0,0.44,2.26718269834063,-6.95486378944913,4.37248918376208,6.00174955557174,0.173127067863809,-0.278766136621531,-0.316633564614111,2.33450388410322,24.056515328,0.0426865340015858,0.0427218426085333,0.0717884621351543,0.00508890231627116,0.00525660381372159,0.00204017552790618,0.00053667084080394,203,0
0,24.1586752,accepted,3.07604578913371,0.311910884432633,-0.159303996503682,-1.0315305137304,-0.0794955810071346,0.178775100584505,0.575613107241888,-0.0677442528887231,-6.61955251538387,4.18729087815387,4.93,0.23,-0.07,0.19,2.26892802759263,-6.92942137708953,4.35416281960382,5.97713750841637,0.305557601972832,-0.243074090604377,-0.378929638151287,2.3351779551677,24.1586752,0.0427425124277986,0.042783101352374,0.071691139516285,0.00507246347134023,0.00524081382349898,0.00205641334258934,0.000534557051818121,204,0
0,24.258836736,accepted,4.01615867643716,0.313492710967964,-0.142995280596934,-1.00927405859276,-0.0532323059161264,0.155809940436567,0.621827707133055,-0.0654926186189475,-6.57797241026829,4.18729083979234,4.93,0.33,-0.06,0.14,2.27067335684462,-6.88911954038315,4.3391309293278,5.9662125847145,0.378841961681831,-0.209614723681155,-0.472384314416819,2.33467834456709,24.258836736,0.0426252010493306,0.0426681067030745,0.0714522399263665,0.00500543106408451,0.00517866746687656,0.00205759892690325,0.000532321125384063,205,0
0,24.358985984,accepted,3.42101405522916,0.318741218358275,-0.137342198758637,-0.991284627037292,-0.0441938152603933,0.15586213724337,0.49545766965197,-0.0657460749905669,-6.5280762972064,4.17618392958056,4.93,0.38,-0.09,0.02,2.27067335684462,-6.84457639082524,4.32587298099042,5.9489481978799,0.419714207891798,-0.237828169221461,-0.465904187658827,2.33492661298609,24.358985984,0.0423071990077334,0.0423482361346267,0.0710566996619733,0.00491158587106962,0.00508126185744524,0.00202673711394734,0.000530096783128055,206,0
0,24.459107072,accepted,4.90882654724331,0.322132148784344,-0.140240405014251,-0.845080820704347,-0.047660181551306,-0.100688518339128,0.799977991791515,-0.0659054860583681,-6.4781801814391,4.16507702040884,5.05,0.34,-0.27,0.15,2.27067335684462,-6.79658128074714,4.29490476764159,5.92601897039487,0.383869818643999,-0.173557851927684,-0.639994657715,2.3351343506818,24.459107072,0.0423547528933276,0.0424011749912036,0.0709465864861057,0.00488055800236434,0.00505808363384998,0.00204242058569843,0.000527923584838042,207,0
0,24.557248256,accepted,3.32637618741833,0.325267163758699,-0.139993858522595,-0.812191749110737,-0.337310361301563,-0.0692904831254552,0.772767699826889,-0.0654835701061414,-6.43660009907521,4.14286325417641,5.05,0.03,-0.29,0.09,2.27067335684462,-6.76716676466717,4.27618994182018,5.87479816513419,0.35998984161691,-0.222884923755778,-0.676796026110175,2.33483499729011,24.557248256,0.0426133632283517,0.0426692773684964,0.0710003674854964,0.00495119183160668,0.00513570698354751,0.00204351167668154,0.000525620454754181,208,0
0,24.65745536,accepted,7.48033134896237,0.316176595938951,-0.114582282910231,-0.754733558045584,-0.0211739140514446,0.289290373125342,1.04848817621195,-0.0647800224297668,-6.41165204694181,4.13175636745225,5.05,0.27,0.06,0.25,2.27241868609662,-6.72315142076733,4.25999194068842,5.84404979959996,0.287718366543138,-0.220489909248673,-0.786750110440025,2.33551354554402,24.65745536,0.0427420298985099,0.0428052124321051,0.0709646643540603,0.00495868317133215,0.00515844865787972,0.00204632217816563,0.000523398262222557,209,0
0,24.757635072,accepted,4.89386733443508,0.329920472354018,-0.108359194363415,-0.709393688419009,-0.126734792905656,0.0336717864069508,0.902665595353927,-0.0641707308035815,-6.37007194364444,4.13175633063379,5.05,0.08,-0.15,0.05,2.27241868609662,-6.69974251085315,4.23880395094003,5.78854801562719,0.201514325822132,-0.182981992024356,-0.843194845677395,2.33517340971695,24.757635072,0.0429190218487296,0.0429902116553171,0.0709810440337449,0.00499003568742282,0.00521734226441398,0.00206471237028684,0.000521130239083532,210,0
0,24.875827968,accepted,3.65533662124175,0.351414272751517,-0.117051503508097,-0.639503673932124,0.0190762167105609,-0.305907222988858,0.821509796633984,-0.0648857035890567,-6.33680787853518,4.10954257319218,5.05,0.09,-0.34,0.08,2.27241868609662,-6.67922808041799,4.20987343864442,5.70824470460701,0.0708177219452447,-0.0417286582968575,-0.73513647798475,2.33626117897783,24.875827968,0.0435424720379714,0.0436292158197242,0.0713844368427559,0.00514418275040806,0.00541719172055621,0.00213245389709052,0.000519932325414655,211,0
0,24.958011392,accepted,4.74175335139484,0.36423552966349,-0.113956225282404,-0.603562058526126,0.0727396494727895,0.0785413295430876,0.782086112740333,-0.0656094522793231,-6.30354381522953,4.0873288150572,5.05,0.29,-0.09,0.17,2.27241868609662,-6.65540905848141,4.20377033008296,5.68935372222383,0.217815159835607,-0.16591593470691,-0.601952476557321,2.33642759624224,24.958011392,0.0432154941936809,0.0433019342560705,0.0710165489981037,0.00509713135897388,0.00533140629324923,0.00209048424672415,0.000516385591084433,212,0
0,25.056232704,accepted,4.59724632536739,0.358977650412854,-0.123980728482532,-0.566938808930396,-0.234902267799049,0.0443151631659616,0.97816556958566,-0.0653103989003192,-6.2702797621413,4.0540081932449,5.05,0.07,-0.28,0.2,2.27241868609662,-6.63127375202649,4.17659361578009,5.64263722108719,0.298673037130439,-0.323626696874328,-0.769815961273042,2.33633643603291,25.056232704,0.0434845331474161,0.0435826331698633,0.0711296152115166,0.00512112957371486,0.00533851238182728,0.00206463605543816,0.000514130183042552,213,0
0,25.156406528,accepted,6.9919239204767,0.305211615097543,-0.131133501709503,-0.50844582358548,-0.532475647498389,0.0426518632424174,1.13526752167477,-0.0650022753731081,-6.29522786351441,4.00958075765065,5.05,-0.22,-0.36,0.12,2.27241868609662,-6.61754259748,4.13903347960413,5.59245099138329,0.29852624683787,-0.401805231918614,-1.00420461824128,2.3359302210891,25.156406528,0.0437903312874488,0.0439009429608767,0.071282031216458,0.00514449170079509,0.00535616422394013,0.00205990229221826,0.000512011541475846,214,0
0,25.25661952,accepted,7.77887336887363,0.299483948792071,-0.108404092440183,-0.432570496125679,-0.302721967314583,0.369069217072931,1.0982173674345,-0.0637469397580657,-6.2869118619071,3.98736702153219,5.05,0,-0.03,-0.12,2.27416401534861,-6.59785031827948,4.11305500818076,5.52567671619211,0.291524269873955,-0.388227020761997,-1.20526138663862,2.33618810314537,25.25661952,0.0439907206210848,0.0441110929008367,0.0713749184398374,0.00514213825770264,0.00535406029086766,0.00207300407684523,0.000509863995837909,215,0
0,25.35688576,accepted,7.96972195573235,0.297141773626739,-0.115504277212698,-0.360973151568624,-0.257903416007389,-0.302391656643913,1.28266945450179,-0.0634930066582609,-6.26196382877891,3.95404640608124,5.05,0.09,-0.65,0.17,2.27416401534861,-6.56566132083279,4.05310983185328,5.45260138473878,0.33913230328075,-0.354556094458927,-1.10083913688192,2.33641527976471,25.35688576,0.044293362446176,0.0444261274735424,0.0715509539302407,0.00521491395197717,0.00542259524238041,0.00210565308440387,0.000507804316320624,216,0
0,25.457069824,accepted,6.89100751713195,0.264422808376562,-0.126754437901933,-0.00881549944155058,-0.20465968180234,-0.0387917345663912,1.30196234199586,-0.0649080770332331,-6.27859592661644,3.88740523575041,5.33,-0.01,-0.47,0.12,2.27241868609662,-6.54712310994972,4.00935811568178,5.38211790291035,0.18774532992411,-0.431876493282379,-1.17066927532778,2.33593908779265,25.457069824,0.0446448767134526,0.0447920958459809,0.0717713905278221,0.00526958269758925,0.00552813353389298,0.00209403198261614,0.000505650038255504,217,0
0,25.555202816,accepted,6.65564561007616,0.249418743041984,-0.116050686653232,0.0627828924845923,-0.297482029369876,0.359557503349527,1.20202447897313,-0.0648420730169756,-6.27859596565333,3.84297777934575,5.33,-0.1,-0.25,0.02,2.27241868609662,-6.53651143163077,3.9714202255985,5.30954820779545,0.188639814647034,-0.601333224196913,-1.1708887921817,2.33552278872635,25.555202816,0.0449519284745534,0.0451131666038413,0.0719642702351047,0.00533882738187964,0.00558684039932771,0.00206145366999071,0.000503353733360694,218,0
0,25.65739392,accepted,16.797649479196,0.219707842072877,-0.0903418572711332,0.151055585166707,-0.239111661391578,0.596598667187751,1.36165511974104,-0.063146340206194,-6.3035440499641,3.82076407263815,5.33,-0.13,-0.03,0.07,2.27416401534861,-6.54299988242952,3.95733126200997,5.27003653395583,0.0922546184768002,-0.600301752475976,-1.26812271492729,2.33443615548705,25.65739392,0.044936905370958,0.0450998033223635,0.0719629323774201,0.00527873331650832,0.0055575447550766,0.00205204941692356,0.000501003294202811,219,0
0,25.757529344,accepted,7.11139328408566,0.212979560961763,-0.125900740221326,0.180187187066105,-0.0687969839101715,0.174785881577207,1.28363730473234,-0.0622193489206198,-6.32017614159459,3.76522976561583,5.33,0.05,-0.54,0.14,2.27416401534861,-6.53382465575951,3.89629997110722,5.19849077253114,0.113847104238788,-0.710268957666914,-1.13199592083792,2.33482130699951,25.757529344,0.0452497781987328,0.0454271971363021,0.0721702954086898,0.00536343916197957,0.00562456822376183,0.00203982499830418,0.000498801539224447,220,0
0,25.869729536,accepted,9.3162645132211,0.175540405142774,-0.0992349084551005,0.248838142379338,-0.512393859292753,0.350692460809853,1.27496491652833,-0.0614121043047033,-6.3368082325799,3.70969545937611,5.33,-0.28,-0.47,0.23,2.27416401534861,-6.53734466367963,3.82521438318715,5.13827989422088,0.215174567509153,-0.81075852866154,-1.03003352656625,2.33363942278239,25.869729536,0.0457581212561298,0.045952792405204,0.0725437115672318,0.00545580163148985,0.00566243344163008,0.0020396392975917,0.000497384616103341,221,0
0,25.957869824,accepted,10.6258426641861,0.139051293150161,-0.0943509243769527,0.27923740602207,-0.220911178618074,0.531431424168742,1.35309436187186,-0.0610657864842676,-6.37838838797625,3.65416117523106,5.33,-0.06,-0.32,0.34,2.27416401534861,-6.53017155747441,3.77617123550577,5.11355683989898,0.14977882780075,-0.835674780534074,-0.997566321017474,2.33317579846634,25.957869824,0.0457165668531782,0.045915478676523,0.0724868882379873,0.00545004421898889,0.00567700827396994,0.00203241839438074,0.000494446071190489,222,0
0,26.056006912,accepted,14.491971570933,0.130899015339474,-0.0803832334723986,0.31213899170045,-0.353285696754598,0.566918649886484,1.50857943595298,-0.0603052783676175,-6.37838842727706,3.60973371760172,5.33,-0.2,-0.35,0.61,2.27416401534861,-6.53216672192548,3.72357588183985,5.09440218647539,0.136332321643954,-0.898334277832495,-0.879383028657998,2.33214975141826,26.056006912,0.045828611747507,0.0460335688330041,0.0725657844382151,0.00547751328622276,0.00569622482263681,0.00202201020851637,0.00049208897543817,223,0
0,26.158157568,accepted,10.4701336018932,0.131829234896696,-0.0781391366208362,0.316399633600347,-0.113228404474262,0.370045684442951,1.35299619695184,-0.0598181596480782,-6.39502052188418,3.55419941082228,5.33,-0.09,-0.51,0.61,2.27416401534861,-6.53498609551847,3.65366949299709,5.08092759172236,0.0142087838504211,-0.867836208515067,-0.727001744814584,2.33201311392525,26.158157568,0.0460314898816307,0.0462455596729112,0.0727144529128318,0.00549605063570374,0.00578336539647352,0.00203276999987139,0.000489926857637217,224,0
0,26.258337024,accepted,12.4838703620307,0.110378423922208,-0.0676745518374684,0.318996046988723,-0.105457315894009,0.592056879304206,1.3798808432198,-0.0597901937838317,-6.41996863581346,3.498665112305,5.33,-0.11,-0.24,0.56,2.27416401534861,-6.53955765341295,3.60299843220806,5.08291166456592,-0.0140159623236748,-0.812092012180171,-0.802536603155948,2.33162993785287,26.258337024,0.0461572686078435,0.0463781606631622,0.0728101988589579,0.00545615097708342,0.00575984280984112,0.00205184304645949,0.000487626063219865,225,0
0,26.358481408,accepted,16.1652310550069,0.0665433373538846,-0.0673760286048486,0.43244969220442,-0.397173821651902,0.489989239198332,1.59566910739178,-0.0571184609400239,-6.46986480613584,3.45423770015548,5.43,-0.28,-0.4,0.7,2.27590934460061,-6.56602320765483,3.55256633501868,5.08356820750944,0.0975023004746748,-0.873094195015016,-0.874199335897883,2.33089366528104,26.358481408,0.0462717455256096,0.0465008384005727,0.0729105255243843,0.00543359324019139,0.00566900329600417,0.00204587566752691,0.000485495876576405,226,0
0,26.4586048,accepted,14.0946289448561,0.0433315645154204,-0.0599860345280265,0.436087872751153,-0.248524511142806,0.656816753029664,1.4108113387406,-0.0568412202386561,-6.51976097477927,3.40981028870552,5.43,-0.2,-0.21,0.51,2.27590934460061,-6.58422393635565,3.5125675155524,5.07275398785442,0.0337683036896021,-0.844204139870103,-0.881498504050063,2.33047928623068,26.4586048,0.0463548516759386,0.0465899402923361,0.0729984513380219,0.00540525897027314,0.00566499892441799,0.0020407056989547,0.000483302387476838,227,0
0,26.556770816,accepted,13.1210171735733,0.00662370431188197,-0.0763816701271058,0.442397583516785,-0.526275239867588,0.239079398836123,1.48665166266227,-0.0551736182089755,-6.56965715673411,3.35427601201439,5.43,-0.37,-0.61,0.61,2.27590934460061,-6.61306796064058,3.44448498556192,5.06492786906591,0.13452928241116,-0.841067920097961,-0.85731134680679,2.32949386211917,26.556770816,0.046456855681006,0.0466997229665428,0.0730896767376154,0.00539661056098283,0.00561507098614311,0.00203793938887311,0.000481242135147712,228,0
0,26.65895296,accepted,12.261049532145,-0.0372499358068117,-0.0694038809009303,0.449110917147492,-0.451978570082168,0.339400545561071,1.43007824468672,-0.0555200001960827,-6.62786936913764,3.28763488067964,5.43,-0.17,-0.45,0.62,2.27416401534861,-6.62475858826047,3.37720043641447,5.05596981971721,0.262165560055305,-0.778640672511429,-0.791391532785311,2.32831065698717,26.65895296,0.0466340091664794,0.0468847720099437,0.0732403518721283,0.00540404308069362,0.0055914445362642,0.00204581040969608,0.00047962974745843,229,0
0,26.759099904,rejected,25.058933344082,-0.0794677166972209,-0.0282921959099651,0.452846087146246,-0.892537237274656,1.1316395367048,1.49232648715318,-0.0552891883555011,-6.66113347859186,3.26542118229024,5.43,-0.3,0.31,0.74,2.27416401534861,-6.58166576189464,3.29371337820021,4.97715391285375,0.592537237274656,-0.821639536704799,-0.752326487153181,2.32945320370411,26.65895296,0.0466340091664794,0.0468847720099437,0.0732403518721283,0.00540404308069362,0.0055914445362642,0.00204581040969608,0.00047962974745843,229,1
0,26.875263232,accepted,11.0606779481941,-0.155497235766453,0.0594565889922642,0.534501914411126,-0.337872642632046,0.75734644602484,1.24945811659277,-0.056151601647775,-6.66944950036281,3.26542118977114,5.43,0.22,0.1,0.58,2.27416401534861,-6.54547686514496,3.25576238157864,4.96274249756363,0.541170036613333,-0.634101144036335,-0.653124896972041,2.32951202875488,26.875263232,0.0493913957412474,0.0496962657372582,0.0753873383582898,0.00572532486239277,0.00588102828804168,0.00209051477713626,0.000484399481949708,230,1
0,26.959403264,accepted,13.5281803727125,-0.178320927399258,0.0435262775378895,0.528245648935619,-0.3523729202253,0.479776017385056,1.52001346422823,-0.056127366102384,-6.67776553273976,3.25431433374563,5.43,0.2,0.01,0.72,2.27416401534861,-6.53490295974217,3.24352378876123,4.98300065399105,0.533517596537364,-0.454561367884718,-0.780498593683241,2.32951678401972,26.959403264,0.0490542458338154,0.049354980822817,0.0751908195400017,0.00569192697336737,0.00577922902890022,0.00209646637651621,0.000481230340813334,231,1
0,27.057586432,rejected,24.5407449763622,-0.192177854135552,0.0652669632290421,0.533058762255285,-0.521117739347952,0.852110170351798,2.02165652745998,-0.0566010717854555,-6.66944950036281,3.26542118977114,5.43,0.16,0.46,1.05,2.27416401534861,-6.47727164622726,3.2001542265421,4.89694123774471,0.681117739347952,-0.392110170351798,-0.971656527459982,2.33076508713407,26.959403264,0.0490542458338154,0.049354980822817,0.0751908195400017,0.00569192697336737,0.00577922902890022,0.00209646637651621,0.000481230340813334,231,2
0,27.157731584,accepted,22.8425594244758,-0.260865647267344,0.163772580783245,0.630634155336206,-0.72666454903497,1.27487138942355,1.64965309610725,-0.0586189556464594,-6.64450138384547,3.32095548891115,5.43,0.44,0.88,0.69,2.27416401534861,-6.44599176692802,3.24263568995127,4.88866465894893,1.13535642521528,-0.354768689117633,-0.936669309852679,2.33450033979243,27.157731584,0.0514518639229687,0.0518006945643411,0.0770439479175764,0.00592688769103136,0.00615975786584095,0.00212608506738471,0.000483787068532416,232,2
0,27.259852032,accepted,18.4149299463037,-0.301916877185014,0.152943489571052,0.640007140227209,-0.208789760721804,0.862672100350699,1.58452992125461,-0.0614587401971542,-6.64450133225972,3.37648981074647,5.43,0.74,0.75,0.57,2.27416401534861,-6.37889736082756,3.29206211063564,4.88630329851577,0.929980405145856,-0.0818508746881741,-0.992032090954239,2.33577460515815,27.259852032,0.0513414694967438,0.0516866930367973,0.0770685053345251,0.00602044644014331,0.00596849796814164,0.00214982184054379,0.000480647943848838,233,2
0,27.358011392,rejected,28.7852011696391,-0.354947119570893,0.1622690506296,0.651892946929645,-0.898142193222024,0.98401889700522,2.0234901975637,-0.0632262388109641,-6.63618524674272,3.44313098792364,5.43,0.11,0.84,0.76,2.27416401534861,-6.28123812717183,3.28086193729404,4.77810705307035,1.00814219322202,-0.144018897005221,-1.2634901975637,2.33739025415958,27.259852032,0.0513414694967438,0.0516866930367973,0.0770685053345251,0.00602044644014331,0.00596849796814164,0.00214982184054379,0.000480647943848838,233,3
0,27.45818624,accepted,21.1438152533218,-0.441220477113044,0.247193424653324,0.803067850174977,-0.473698608481421,0.983042260120098,1.73325183456817,-0.0648433348298516,-6.62786916330055,3.50977216638508,5.45999999999999,0.47,0.69,0.54,2.27416401534861,-6.24599878676987,3.34001180046792,4.75994640969151,0.916301912526576,-0.259330587780051,-1.16894084827671,2.33935378704873,27.45818624,0.0536856149284685,0.0540643832195982,0.0788956621367505,0.00605068700617071,0.00609547579131352,0.00214747950506144,0.000483342183771822,234,3
0,27.55832704,accepted,22.5046007176625,-0.449541211567335,0.250891270656993,0.816642574462601,-0.426846731160154,1.2284792612456,1.6505494228278,-0.065311421973774,-6.60292104833751,3.56530646412463,5.45999999999999,0.48,0.89,0.49,2.27590934460061,-6.20936516905292,3.40939073737831,4.74353467721435,0.881242461856156,-0.297161997438454,-1.13697412174756,2.3415826761234,27.55832704,0.0534788061121957,0.0538515811090595,0.0788691001502425,0.00595776484908943,0.0060209945980967,0.002131582845278,0.000480564223287748,235,3
0,27.658458112,accepted,21.3799403748377,-0.457998068001703,0.25910094784497,0.828330031765375,-0.418008059213841,1.19721102375484,1.52431243218696,-0.0685725937181481,-6.58628894441476,3.6319476342347,5.45999999999999,0.37,0.75,0.45,2.27416401534861,-6.18457123389601,3.47081254260881,4.73067798343978,0.762647789467274,-0.405065357037067,-1.05134818770645,2.34261563964515,27.658458112,0.0532188501223243,0.0535844968907927,0.0788037670659499,0.00583757744375305,0.00592781005723737,0.00208963353656771,0.000478049143151628,236,3
0,27.758560256,accepted,16.5747538972228,-0.452340837077705,0.253625075482645,0.830089770772635,-0.440379413439174,0.976880319376562,1.35116961201702,-0.069604022335187,-6.56134083010421,3.68748193300458,5.45999999999999,0.36,0.57,0.36,2.27416401534861,-6.16580119103127,3.51637212707826,4.72121482840681,0.775012039208917,-0.371738048288324,-0.969798852102378,2.34363638787325,27.758560256,0.0529538168449514,0.0533135297305707,0.0787289629270404,0.00579078865012966,0.00587100735373515,0.00209809593708901,0.000475508068792319,237,3
0,27.87473536,accepted,20.3099517641399,-0.506132208969086,0.251223374015043,0.849691280747612,-0.689234473081026,0.892004861002358,1.59793640709544,-0.0708814173899892,-6.58628886258721,3.72080254854342,5.45999999999999,0,0.47,0.58,2.27416401534861,-6.15574858233761,3.54310654252196,4.71348235833979,0.655846807629569,-0.391042500950529,-0.993436035424543,2.34475816606051,27.87473536,0.0531386880413953,0.05350042628126,0.0789677941393106,0.0057486921637172,0.0058110151283264,0.00209470362702489,0.000473954522097198,238,3
0,27.95887232,accepted,23.1686842320923,-0.493563294025372,0.259145445310561,0.837510977522141,-0.598987904463854,1.18067598731762,1.60169477221533,-0.0735795327085693,-6.59460484312179,3.76523001322262,5.45999999999999,0.12,0.71,0.45,2.27241868609662,-6.16964969409215,3.59976246444267,4.72570369386059,0.688774854526063,-0.430720079104664,-1.12705406315391,2.34572791279431,27.95887232,0.05251002601673,0.0528606423634495,0.0786000393175414,0.00559725795717681,0.00568601471970581,0.00207661317345819,0.000470719770329007,239,3
0,28.058992896,accepted,17.1550167525591,-0.476256093565822,0.259771533618123,0.852222030497698,-0.3479891583698,1.00301078135997,1.44793191618336,-0.0746411046917452,-6.57797274761286,3.82076431965404,5.45999999999999,0.32,0.62,0.24,2.27241868609662,-6.1508267706025,3.64018238017453,4.69986202170293,0.646815165358074,-0.349652801770134,-1.18667942991036,2.34637439419868,28.058992896,0.0523130500147966,0.0526600843184732,0.078539590955376,0.00556241564135203,0.00560812280912585,0.00209095270390112,0.000468367171402357,240,3
0,28.157092864,accepted,20.1412070659942,-0.493403239070345,0.260621052999416,0.878374359179031,-0.663683543845983,1.07128805271342,1.49550323018191,-0.0743192474034036,-6.57797270650845,3.86519177589265,5.45999999999999,0.05,0.68,0.18,2.27416401534861,-6.15501645815253,3.68739890038148,4.67884561589071,0.683342765642934,-0.356190435160249,-1.29205465632719,2.34832617930336,28.157092864,0.0520819546345978,0.0524245726384541,0.0784407613741087,0.00547869222031163,0.00553732588477947,0.00208232017890994,0.00046590738844075,241,3
0,28.259224832,accepted,18.9327694984918,-0.487393452445826,0.26697220415433,0.914820235868241,-0.560358553348753,0.752029163946295,1.6066541488201,-0.0768172141471144,-6.56965663652425,3.92072608969496,5.45999999999999,0.21,0.42,0.26,2.27241868609662,-6.14774554891114,3.71722174605502,4.6500478939937,0.741863334378525,-0.305371800979433,-1.32201605732543,2.34891831624455,28.259224832,0.0519240125279361,0.0522634603577283,0.0783976206350985,0.00544515583294734,0.00549489013857974,0.00208711889471398,0.000463604682809217,242,3
0,28.359388416,accepted,19.5357782965554,-0.499677155073417,0.271661919547388,0.620588331918656,-0.491231384134259,0.996062286064779,1.45090360171895,-0.0778487294805288,-6.56965659606502,3.96515354723509,5.14,0.31,0.78,0.2,2.27241868609662,-6.13312302035315,3.77852383208356,4.61665673471085,0.773687367609577,-0.180198369112895,-1.22707916590931,2.35041740855098,28.359388416,0.0516547164264358,0.0519891645021079,0.078277932411241,0.00545476306779449,0.00545618700948841,0.00209996304585891,0.000460936040227968,243,3
0,28.457515008,accepted,15.7583314722242,-0.505122139008626,0.261066244749256,0.643049163794696,-0.44371264832986,0.913416156886723,1.20345914815604,-0.0781606379881876,-6.5696565450071,4.02068786801043,5.14,0.32,0.67,0.02,2.27416401534861,-6.1249507077413,3.84253148595884,4.58574357247074,0.737833131666693,-0.208703520788659,-1.16197744509086,2.35237215309399,28.457515008,0.0512810215941688,0.0516072231503166,0.0780832342934665,0.00535818312753926,0.0053770027018527,0.00206226013596543,0.000458226392542843,244,3
0,28.557621504,accepted,18.2185637377124,-0.476193283294606,0.272365374584715,0.668040329384174,-0.413519183970378,1.02233903961825,1.37403464735423,-0.0795927536031122,-6.52807636803208,4.09843587957322,5.14,0.31,0.83,0.25,2.27416401534861,-6.10647580348675,3.91123864701878,4.5641708001145,0.699838849157491,-0.156936977741942,-1.10223992304968,2.35362337737639,28.557621504,0.0510447311311976,0.0513656282206683,0.0779703600891964,0.00532880189901354,0.00531778643122145,0.00204972163304651,0.000455665076748533,245,3
0,28.657765376,accepted,17.2564909874476,-0.487816953734656,0.268039402323236,0.685663048121649,-0.618484217948536,0.915988475861597,1.39304574142996,-0.0806191139072845,-6.5197602868113,4.16507705851156,5.14,0.16,0.81,0.33,2.27416401534861,-6.0975214506544,3.96919118358997,4.54347486613545,0.750104093315166,-0.0761761015067227,-1.04149838083046,2.35507761769919,28.657765376,0.0508812815124503,0.0511995747017286,0.0778953713880846,0.00533701657859763,0.00529863133194191,0.00205901635963859,0.000453017607922538,246,3
0,28.75791616,accepted,14.9555100745722,-0.462421850054002,0.282872506590123,0.69815715520244,-0.178065604345713,0.963378484993109,1.14529214779857,-0.08224072373008,-6.48649613393867,4.24282507788602,5.14,0.56,0.8,0.16,2.27416401534861,-6.06150488765819,4.04793081379612,4.52679445097573,0.721920545308056,-0.127201075716198,-0.965976647877881,2.35602441933929,28.75791616,0.050565622974985,0.0508761466736636,0.0777243397099522,0.00523071448554777,0.00522692091751781,0.00202322165817324,0.00045037649557993,247,3
0,28.876037376,accepted,19.7307929633007,-0.432848006735902,0.326660919984491,0.732817753356833,-0.283707874343613,1.46585436195844,1.24476977636806,-0.0840335681517668,-6.41165184791544,4.35389365239162,5.14,0.45,1.19,0.22,2.27416401534861,-6.0178988373381,4.13327115070858,4.48447492419184,0.717112108389451,-0.232446251722224,-1.00695186979016,2.35808048502373,28.876037376,0.0508636225392114,0.0511757687897843,0.077986031936501,0.00515456442202415,0.0052124171683974,0.00199474814615323,0.000448965107551984,248,3
0,28.956143872,accepted,11.5154615792225,-0.458606750993811,0.318388681763435,0.735776099273503,-0.214599171027477,0.895412035237993,0.996058532613147,-0.0855958508571586,-6.41996779823013,4.43164171012008,5.14,0.42,0.68,0,2.27416401534861,-5.99815712807131,4.19108441371536,4.47691941480841,0.619562834579927,-0.184138517938656,-0.979743204513344,2.35905656398106,28.956143872,0.0501521484483521,0.0504543638857379,0.0774775774279922,0.0050770522145322,0.00509082333658671,0.00198431285665663,0.000445630854422631,249,3
0,29.058326528,accepted,14.0955664215963,-0.432516479161837,0.349479013157589,0.779596755143783,-0.111922277638549,0.898095010794462,1.36567950659453,-0.0858949466504848,-6.37007159730942,4.52049658119104,5.14,0.38,0.72,0.18,2.27416401534861,-5.96585141438144,4.23933660506969,4.44130124354695,0.480498923543735,-0.151041270453967,-1.16814055901455,2.35867180821378,29.058326528,0.0501082384333094,0.0504103067605829,0.0774590502690199,0.0050344540827968,0.00500458508399758,0.00198865784954907,0.000443518652902267,250,3
0,29.158477824,accepted,14.5403365233858,-0.441777044715926,0.387807641187077,0.823118300294673,-0.138643211684152,0.993781927703538,1.27168721048812,-0.0858564005585789,-6.36175549813179,4.60935148631271,5.14,0.3,0.8,-0.03,2.27416401534861,-5.9504121462113,4.29992572544581,4.39803217820503,0.426555662856076,-0.162711849325514,-1.28388901784872,2.35859459773122,29.158477824,0.0499829526744139,0.0502821976772427,0.0773803816414447,0.00496871028879844,0.00493951171015543,0.00198596407002898,0.000441324870508397,251,3
0,29.258590976,accepted,14.6636125040822,-0.433885727055694,0.426764634110085,0.867119021877556,0.0302202639274717,1.09120108221452,1.28778962306707,-0.0855193280751374,-6.35343938708698,4.70931325889473,5.14,0.2,0.95,0.06,2.27416401534861,-5.93829504316851,4.36259085941133,4.34964874259639,0.163101967935035,-0.109438552838151,-1.21165986521357,2.35740457369527,29.258590976,0.049914109080233,0.0502120885182612,0.0773347817054169,0.00498077249302633,0.0049367317118897,0.0019875636677799,0.000439079679684029,252,3
0,29.358696704,accepted,14.5054713258947,-0.404407761475271,0.456106866245277,0.739339680294664,-0.177693998121958,1.01630741188444,1.33319357510648,-0.0843537023469279,-6.32849123895947,4.8092750146702,4.97,0.08,0.85,0.1,2.27416401534861,-5.95414609141817,4.42971936624784,4.30819015597923,0.245711278185789,-0.136505505650868,-1.21601100775445,2.3568109121546,29.358696704,0.0498574159385946,0.0501507331110118,0.0772955026767997,0.00493591939185784,0.00489086526372981,0.00199234889129767,0.00043692763127421,253,3
0,29.456879104,accepted,16.3758857984208,-0.375176329758028,0.498072494775672,0.774919181088754,-0.207020607828505,1.27010549071509,1.27544180145942,-0.0841042816775506,-6.31185912087016,4.89812991366587,4.97,0.06,0.85,0.25,2.27416401534861,-5.96609595864281,4.49183046759313,4.26934304898829,0.254701318523253,-0.38437200185293,-1.00895962707444,2.35662152207398,29.456879104,0.0497706958543405,0.050060006785503,0.0772278910604097,0.00482780681753177,0.00489100203074602,0.00193802988686178,0.000434954796908505,254,3
0,29.559017728,accepted,9.57006572051053,-0.362710927986143,0.518653207126761,0.792005864044365,-0.0545828776933104,0.823046518515296,0.984033997421862,-0.0852586997469782,-6.30354303231312,4.97587795682288,4.97,0.19,0.51,0.15,2.27416401534861,-5.96090672125445,4.52976955249427,4.24387093635967,0.236397248118991,-0.285647402867179,-0.819882627423722,2.35774949112679,29.559017728,0.0496909802322718,0.0499796866434649,0.0771748907382848,0.00486654810705243,0.00488338009626701,0.00196758041513754,0.000433012946808922,255,3
0,29.65913216,accepted,13.3903766087657,-0.304893928802776,0.55712049134682,0.806113267566025,0.186133504622699,1.06273470281637,1.02418474084017,-0.0846277261042965,-6.23701480531887,5.05362594859882,4.97,0.46,0.7,0.27,2.27590934460061,-5.93439482585557,4.5900495765001,4.23300948966178,0.272309958829278,-0.326841539498821,-0.73963225833075,2.35861669931565,29.65913216,0.0495240626366769,0.0498092667677412,0.0770553521920277,0.00481305365949226,0.00484331809902767,0.0019638516654481,0.0004310293561022,256,3
0,29.759231744,accepted,11.3774664154183,-0.27460074101111,0.574748026621882,0.802260928327402,0.371551272152817,0.892652682513173,0.993939651787086,-0.0844916609170423,-6.18711862083276,5.13137395525354,4.97,0.53,0.6,0.37,2.27590934460061,-5.90173674027417,4.63625356295026,4.23160139363458,0.162556482383726,-0.262550235790404,-0.611251840525286,2.35798389173167,29.759231744,0.0493888396676175,0.0496729493668128,0.0769544970804374,0.00482350027968485,0.00482366188676665,0.00197584603135971,0.000428998575691223,257,3
0,29.87542144,accepted,14.6872210710835,-0.264108284523521,0.607433808415467,0.808630781424025,-0.253510422232871,1.17227126971347,1.11913651570078,-0.0833645761302773,-6.14553846432464,5.19801510538594,4.97,-0.05,0.63,0.51,2.27590934460061,-5.91006589339782,4.68630763156364,4.2335094498981,0.190409740907824,-0.506146566985207,-0.592847180628968,2.35770788542977,29.87542144,0.0496643014063811,0.0499488591539849,0.0771722749672311,0.00472957110782616,0.00481038810309032,0.00193682446735634,0.00042795349407334,258,3
0,29.957595392,accepted,11.3326906788883,-0.240635682215802,0.613978876895574,0.785311008515253,0.0917208972487809,0.880707264735567,1.16289067177761,-0.0819126310531928,-6.13722239683304,5.25354941955869,4.97,0.17,0.32,0.53,2.27590934460061,-5.90368081840411,4.71368674315733,4.25261572798584,0.0741797474659891,-0.5332947565562,-0.618675602641503,2.35582745278346,29.957595392,0.0492119967655144,0.049491998019592,0.0768019478255794,0.0046578041879796,0.00474675214188478,0.00191966273062445,0.000425448094956197,259,3
0,30.057725184,accepted,13.837632393891,-0.231908036706732,0.642685651957144,0.780545543794312,0.155550017589269,1.06158649007714,1.20938651402382,-0.0795583831721873,-6.12890633967623,5.2979768689421,4.97,0.19,0.47,0.56,2.27590934460061,-5.90015158518205,4.74141366630988,4.25943588073432,0.0317534401690316,-0.559383729608935,-0.634620445572807,2.35332294213839,30.057725184,0.0491643275296055,0.049445334298149,0.0767524793670076,0.00462094099176292,0.00471136997692482,0.00191763230267188,0.000423748192619353,260,3
0,30.157830144,accepted,15.8129928670937,-0.252075915623755,0.674481756214957,0.771514079361846,0.0350829689540412,1.14718719368368,1.16701692227912,-0.0791673250149714,-6.1538543495687,5.35351121100209,4.97,-0.12,0.55,0.51,2.27590934460061,-5.91227015043181,4.77913870066437,4.27413223191963,-0.16079858717836,-0.559116196578746,-0.640665120453734,2.35240789700345,30.157830144,0.0490384656384881,0.0493194463017058,0.0766528344740686,0.00457728089659535,0.00469436749383986,0.00190550885021108,0.000421921878145342,261,3
0,30.258014208,accepted,15.6506295158258,-0.191317468771284,0.700131137682708,0.760723133508685,0.276006163245697,0.737173580996426,1.44086524374431,-0.0773209171375142,-6.12059021561598,5.42015236868603,4.97,0,0.16,0.83,2.27590934460061,-5.92430963023816,4.79284374962245,4.29446475858316,-0.276054231912062,-0.550237612320385,-0.593473228506989,2.35041299702653,30.258014208,0.0489342674580357,0.0492145793148954,0.0765681430543973,0.00455209478182163,0.00468362330779111,0.00190495671708134,0.000420054967385991,262,3
0,30.358170112,accepted,13.7146310408162,-0.141667048994388,0.700627221112509,1.13562917347248,0.814211109111028,0.613863475268645,1.19906433981048,-0.0769200985966139,-6.11227417783105,5.44236609032712,5.37,0.18,0.15,0.62,2.27416401534861,-5.93188783256098,4.80247057310529,4.30608998227714,-0.619561533424475,-0.440585969613861,-0.566498874962956,2.34746152685722,30.358170112,0.0488783034875384,0.0491586069387629,0.0765158247240832,0.00456701564574487,0.00480291692676859,0.00191586605648564,0.000417807487807377,263,3
0,30.456326144,accepted,11.5212795125817,-0.138916570525778,0.689845387195986,1.11972255362592,0.548975415235273,0.541476498024845,1.16129279511267,-0.0729541582321764,-6.1289062066465,5.45347296861556,5.37,0.03,0.14,0.59,2.27590934460061,-5.96542831040652,4.82194658670235,4.32515171155362,-0.510113055032748,-0.379933768713838,-0.557396130557405,2.34565795832918,30.456326144,0.0487451060421513,0.0490222414590922,0.0764081114160052,0.00455746819634233,0.00468095998341794,0.00194189867159355,0.000415551637505323,264,3
0,30.558454528,accepted,21.2316333221696,-0.122667810500066,0.714296412661353,1.10340584587556,0.171729735166191,1.08873263379172,1.3676125125304,-0.0706549820828757,-6.13722219703184,5.48679356932768,5.37,-0.34,0.54,0.8,2.27590934460061,-6.01207100422613,4.8811840800034,4.36869233320781,-0.513446027245946,-0.506861039524121,-0.546353882610829,2.34268033678382,30.558454528,0.0485580496636386,0.0488294682217554,0.0762856358264564,0.00444899050562459,0.00459861621363458,0.00190977199537009,0.000413489443100205,265,3
0,30.658579712,accepted,15.9952433201637,-0.0527429155890449,0.708981923532406,1.05763358463781,0.621486188139742,0.621283618406851,1.39529621500382,-0.0682051011840303,-6.12890613032469,5.54232788426576,5.37,-0.11,0.16,0.87,2.27590934460061,-6.04499933869303,4.89761525330043,4.39760037760414,-0.721017638208286,-0.436936815117189,-0.509133874873752,2.34043274340641,30.658579712,0.0484674020815165,0.0487371291585552,0.0762207333986751,0.00444850892300211,0.00465117269140583,0.00191853440843233,0.000411204563661549,266,3
0,30.758739712,accepted,14.8508917357131,-0.0557844722184351,0.686402013689918,1.02537191747333,0.618200563704224,0.412134298871992,1.46092537068659,-0.0663795579101096,-6.17048622728754,5.54232792015637,5.37,-0.03,0.01,0.85,2.27590934460061,-6.08694391070343,4.90482634040349,4.42816453757866,-0.638919987390332,-0.384518071484481,-0.594970480340698,2.33910387380511,30.758739712,0.0484263281607643,0.0486951456285083,0.0761934678103693,0.00443267664405186,0.00453872663136149,0.00194603186171054,0.000409062357474222,267,3
0,30.874868992,accepted,16.9615546982239,-0.0289805458440489,0.680213725961996,1.01114350275184,0.484019272734612,0.404690056764777,1.61454853927059,-0.064691518614111,-6.19543428484352,5.54232794141728,5.37,-0.26,0.03,1.07,2.27590934460061,-6.14567652870291,4.91171769628077,4.45288906680432,-0.737943165514569,-0.356750204282366,-0.525944181598744,2.33730728770315,30.874868992,0.0487021139065026,0.0489715359981625,0.0764413372114813,0.0044609261293379,0.00456215374198161,0.00196415780086635,0.000407435301480939,268,3
0,30.957013248,accepted,15.1853540623835,-0.0261187401395953,0.672935435040191,0.959793957857448,0.382581247591421,0.494580600339093,1.46624501378481,-0.0623363649137567,-6.23701436966798,5.55343484140119,5.37,-0.42,0.08,0.99,2.27590934460061,-6.19436087153001,4.93637754957078,4.50033992917347,-0.798186375913144,-0.394106268066225,-0.458138204138004,2.33497783444123,30.957013248,0.0482179926564413,0.0484797357625874,0.0760745811698099,0.0043897932914394,0.00451153222359575,0.00194791270325515,0.000404387851893466,269,3
0,31.057146368,accepted,14.2389641211494,0.0168893846989242,0.642929399727921,0.909280065289064,0.865518141468565,0.211874212491074,1.43590847302139,-0.0616452317693885,-6.26196243859251,5.54232799934518,5.37,0,-0.19,0.98,2.27416401534861,-6.23880463526108,4.93333382037261,4.53278933505139,-0.851302514702766,-0.389976520976966,-0.442634073351422,2.33268893984554,31.057146368,0.048248970024626,0.0485090632552119,0.0761122552739997,0.00438681001402904,0.00449974456104278,0.00195875174608563,0.000402240530401895,270,3
0,31.159305984,accepted,17.6019566785065,0.0682450206403615,0.685829782800033,0.88227130274416,0.628819691875211,1.03885598676797,1.32502859753072,-0.0596524986250917,-6.26196240927442,5.57564859135305,5.37,-0.31,0.59,0.86,2.27416401534861,-6.29628235942027,4.97507019268595,4.56273373863189,-0.927311700582961,-0.416199453697584,-0.449977944916655,2.32955574976158,31.159305984,0.0482557046175982,0.0485141859478493,0.0761459604141801,0.00434654877025694,0.00448654673548202,0.00195440444013192,0.000400063870152319,271,3
0,31.25744512,accepted,14.8691418153338,0.101706461990148,0.648286472104886,0.866953420393452,0.89577989305668,0.12517383956893,1.44379742974468,-0.0560343730476291,-6.29522647569313,5.58675548496455,5.37,-0.19,-0.24,0.73,2.27416401534861,-6.3517197021821,4.96843680962114,4.57629382821863,-1.06993400520046,-0.354337696102892,-0.700177382660857,2.32696900213971,31.25744512,0.0482235178137517,0.0484805062914159,0.076145501790111,0.0043186180769372,0.00448967728093079,0.00197180745915658,0.000397591118462162,272,3
0,31.357555968,accepted,17.7265577972228,0.115008822780824,0.649040024040983,0.861670492073227,0.598794016755361,0.341158463459163,1.46954181936763,-0.056810689766154,-6.3451225989477,5.57564866460889,5.37,-0.59,-0.05,0.75,2.27241868609662,-6.42186831555743,4.97493516465722,4.60492177422171,-1.17630926666832,-0.372398959738027,-0.700222645545044,2.32518113893603,31.357555968,0.0480412949941536,0.0482948262090387,0.0760507143961762,0.00426346207180932,0.00447223222486582,0.00196427989111302,0.000394673101038395,273,3
0,31.457682944,accepted,20.2208273212945,0.15670569993924,0.659485771298303,1.09285839122017,0.863317545777059,0.637200872986203,1.45254261711531,-0.0552508860781327,-6.3867026755195,5.59786243108993,5.62,-0.4,0.28,0.72,2.27241868609662,-6.48913339061567,5.00410418435529,4.61880005416738,-1.24396948868932,-0.330945411832957,-0.714715675475062,2.32262720795069,31.457682944,0.0479253949105232,0.0481763109017617,0.0760032249386048,0.00424612661984628,0.00444209248403297,0.00197515314136048,0.000391825186265487,274,3
0,31.557862912,accepted,14.5362324787092,0.172065407511497,0.621214426658994,1.07047625158416,1.19801394424238,-0.00769135470680354,1.19605755142798,-0.0520649623958471,-6.44491482080895,5.58675561837988,5.62,-0.13,-0.38,0.48,2.27241868609662,-6.55401768837217,4.98700009904143,4.61230466779472,-1.30519207526138,-0.364419314094211,-0.70552927026704,2.32117491053213,31.557862912,0.0479491690574014,0.0482001210274621,0.0760561447520183,0.00422469495374763,0.00443690543198709,0.00197571821302697,0.000389319713439345,275,3
0,31.658048,accepted,15.2376499496485,0.188794907099033,0.622286739790324,1.07875506227517,0.582305617340028,0.241628773310743,1.3047721677861,-0.0489938582573197,-6.4948109444594,5.57564879931334,5.62,-0.71,-0.09,0.59,2.27241868609662,-6.64176027122444,4.99454544142143,4.63685566620556,-1.27839716657136,-0.315988667657065,-0.695980191965852,2.31748983619133,31.658048,0.0477285918221818,0.0479758807560524,0.0759401049295702,0.00420474051964085,0.00431917189191765,0.00198388682738653,0.000386430920936753,276,3
0,31.758156032,accepted,20.532579686014,0.253271500648118,0.641033035410715,1.04837572353092,1.02117295347834,0.704464058820013,1.37897183901572,-0.0451378555311126,-6.52807498957796,5.60896942274375,5.62,-0.38,0.48,0.73,2.27241868609662,-6.71602782283511,5.03496509355953,4.65521036697772,-1.37671739710763,-0.197685107782093,-0.632854106359527,2.3119632160029,31.758156032,0.0476465427922734,0.0478922845846915,0.07592432967748,0.00425910313012417,0.004328984575382,0.00199633610635286,0.000383585661915143,277,3
0,31.876294656,accepted,15.7030909532555,0.336019966127251,0.614622342576109,1.044281145585,1.28012757834546,0.0728214472197029,1.20007396983807,-0.0415302718189077,-6.54470700935632,5.63118316606927,5.62,-0.09,-0.15,0.5,2.27067335684462,-6.80785319556841,5.04241143199715,4.63859313494479,-1.34359241695038,-0.213282128272211,-0.689386813158734,2.30821382763733,31.876294656,0.0480391384329416,0.0482828111570991,0.0763065336791243,0.00425996222188623,0.0042699997575198,0.0019908760378287,0.000381796549883275,278,3
0,31.956467968,accepted,16.2538461317177,0.319329778174789,0.574747991648072,1.03837029523019,0.951068649826422,-0.115114967571851,1.36228062679967,-0.0386632001342568,-6.59460315367633,5.59786261950816,5.62,-0.33,-0.35,0.62,2.27067335684462,-6.85380552989691,5.03736526382611,4.6612882545374,-1.26015873629821,-0.230202363386848,-0.727771319402268,2.30583162837417,31.956467968,0.0475628199422427,0.0478006677006795,0.0759631516983566,0.00418815569382438,0.00413056576474001,0.00196982667467011,0.00037854101865305,279,3
0,32.05860992,accepted,16.5960316367637,0.343469168097392,0.578251977811232,1.03846385783492,0.880906884671545,0.260659038615643,1.40735378887433,-0.0370986779212159,-6.63618324807302,5.59786265798675,5.62,-0.3,0.11,0.66,2.27067335684462,-6.92276547329596,5.05679748914118,4.66507878077167,-1.16069583737449,-0.137552167916756,-0.731474653473281,2.3036203000607,32.05860992,0.0475425258453168,0.0477759711672548,0.076013605170897,0.00423501238340123,0.00402392318730889,0.00198150385346022,0.000376119106538274,280,3
0,32.1587392,accepted,14.3663344461769,0.36054383917437,0.590508321689691,1.02772637909575,0.787390817437094,0.606906449551792,1.25626105041992,-0.0335598040823308,-6.66944729473857,5.63118328098258,5.62,-0.19,0.41,0.51,2.27067335684462,-6.97967082787006,5.09679103237162,4.66570456576482,-0.959960028706713,-0.177859463837352,-0.732260750219193,2.30055623069014,32.1587392,0.0475187298710822,0.0477440557671828,0.07605944525077,0.00417899686036251,0.00390022758923656,0.00196743005410032,0.000373998169285337,281,3
0,32.258881792,accepted,12.0021474603761,0.375398070568283,0.596573570601773,1.03225744007989,0.819224341256478,0.409013912605582,1.08302597501289,-0.0317026636804334,-6.7027113188136,5.68671763397309,5.62,-0.16,0.44,0.34,2.26892802759263,-7.02248604395383,5.13616064492607,4.6557801570028,-0.958558992454136,0.0460788754197442,-0.730305984508015,2.2966132256655,32.258881792,0.0474564200856726,0.0476734495902375,0.0760804700632841,0.00433960152913905,0.0038563477081973,0.00200676554235821,0.000371421606330897,282,3
0,32.35904512,accepted,11.7893665411529,0.384915438160998,0.589423133130042,1.03765809025629,0.959900601523911,0.323500096784388,1.10886097610506,-0.0265057233420531,-6.73597535218966,5.73114512278593,5.62,-0.01,0.38,0.37,2.27067335684462,-7.06325452634204,5.17972291429648,4.64442720015202,-0.948426231203929,0.0683951179078756,-0.727649976733729,2.29333296002419,32.35904512,0.0474787741615573,0.0476802704250459,0.0761627567229409,0.00434556504014346,0.00382222990709805,0.00199996784594047,0.000369063105243313,283,3
0,32.457234176,accepted,8.85331016928728,0.382296794429919,0.569515929361351,0.807153924236546,0.876311754736049,0.0908916423366065,0.744874917506831,-0.0236120756899991,-6.77755541611714,5.76446575499609,5.39,-0.09,0.27,0.18,2.27067335684462,-7.09336776748601,5.22102418070647,4.63313936514789,-0.940352064657986,0.186465583557709,-0.556135875938037,2.2900821434372,32.457234176,0.0473065747270147,0.0474964555835119,0.0760956175550353,0.00445189603279116,0.00379236346690204,0.00201047047349505,0.000365919487647461,284,3
0,32.55734912,accepted,6.29500048431427,0.376620643992783,0.578454160506435,0.796150325551925,0.740122209547269,0.391375823340351,0.425097041964432,-0.0249181618371264,-6.81081943838857,5.82000010798527,5.39,-0.15,0.54,0.1,2.26718269834063,-7.12569129546474,5.28817323604759,4.62770808112697,-0.866148682412167,0.163052810659556,-0.319822912049385,2.28839788946905,32.55734912,0.0471412366435632,0.0473171895602503,0.0760327713799804,0.00441826084698446,0.00376126207889051,0.00198933263459874,0.000362724812951894,285,3
0,32.657480704,accepted,5.52722493709162,0.38604951591978,0.571951460796432,0.79791533520854,0.827377755285039,0.306904784746712,0.413884779076802,-0.0278504348214881,-6.81913540399121,5.87553443643571,5.39,0.07,0.44,0.17,2.26369203983665,-7.14828395904716,5.3395300224447,4.62080391190474,-0.735685305026961,0.14309810117216,-0.239771882974902,2.28836171207993,32.657480704,0.0471231411013887,0.0472792788484807,0.0760722264450651,0.00438859265407053,0.00373134446233452,0.00198760306232108,0.00036002772082103,286,3
0,32.757637376,accepted,4.20810346415362,0.372051362081319,0.552843707455868,0.798410070002539,0.688640603371593,0.218965595617024,0.31292355940978,-0.0264759104302819,-6.85239944641166,5.90885506202439,5.39,-0.08,0.42,-0.07,2.26369203983665,-7.17021521751727,5.38811117699254,4.61818674835494,-0.74775841688195,0.209684074508758,-0.379190325820705,2.28707402151572,32.757637376,0.0470205107536137,0.0471613038271087,0.0760411488369117,0.00438713951073483,0.00366508129717025,0.00200625545130363,0.000357081125627808,287,3
0,32.871771648,accepted,2.49626956337511,0.355261346198411,0.535075244782138,0.81245441410172,0.475223713674861,0.0890782765131342,0.182885991569899,-0.0228988184920271,-6.89397950970856,5.94217569586417,5.39,-0.23,0.25,-0.09,2.26369203983665,-7.20018018062084,5.43176628687735,4.60055724128524,-0.686680135451843,0.1667343285755,-0.26995045040659,2.28395460019821,32.871771648,0.0469969961256552,0.0471243582475509,0.0761112397882225,0.00431617696912,0.00363181045479302,0.00201252572350134,0.000354200716310705,288,3
0,32.957878272,accepted,4.71225380525984,0.370875171752057,0.527002854738474,0.813573281735473,0.735848045648173,0.324236941321002,-0.196797953073549,-0.0209665622986215,-6.88566346946753,5.9643894150842,5.39,0.15,0.21,-0.39,2.26194671058465,-7.19646843235712,5.47390170465961,4.57376679180202,-0.563862888450871,-0.104179439628042,-0.196194141371292,2.2807791299739,32.957878272,0.0466034495563017,0.0467162592524985,0.0758286912503146,0.00402070443292293,0.00359794014487175,0.00195839553855361,0.000351564806701663,289,3
0,33.058004992,accepted,3.12783371151919,0.368273249412693,0.531551182679627,0.840786501129899,0.543359012437329,0.379433369424818,0.132849296414282,-0.0142420107185202,-6.89397945599635,5.99771001647597,5.39,-0.21,0.39,-0.27,2.26194671058465,-7.21852260667846,5.50574127711615,4.56713297634969,-0.73788467879401,0.021945700031592,-0.400841914784142,2.27422140071501,33.058004992,0.0465254220485172,0.046625374651269,0.0758135473432693,0.0040622346177205,0.00351263111590306,0.0019849690111525,0.000349430336078638,290,3
0,33.158175744,accepted,2.79811053018816,0.361776661330321,0.503983054235573,0.876390763277763,0.625924091058773,-0.136442712071022,0.278538367843346,-0.0102145585818993,-6.9355595266441,6.01992378555472,5.39,-0.2,0.07,-0.32,2.26194671058465,-7.25621927560299,5.52563997791681,4.53770184952697,-0.81084125844649,0.207322346555936,-0.595291843433241,2.27003444528675,33.158175744,0.0465616039039137,0.046640229854047,0.0758923197403196,0.00420400331226672,0.00345832038444403,0.00204115571749608,0.000347088768796309,291,3
0,33.260302848,accepted,11.2642099014049,0.456393335066321,0.516314369884051,0.913741062040059,1.25997249379934,0.073541207509786,-0.0424238469251896,-0.00881608642997866,-6.89397939195665,6.06435120230063,5.39,0.28,0.28,-0.63,2.26194671058465,-7.24851363924949,5.56975467856991,4.48126510593024,-0.940085640737124,0.211729108391944,-0.589615925899907,2.26584715127297,33.260302848,0.0464380422368429,0.0465007081305882,0.0758510740739481,0.00416916027858096,0.00342466731953527,0.00203623013900777,0.000344141767960717,292,3
0,33.356436224,accepted,1.55284596862683,0.392853851054855,0.49022675424224,-0.165831180793634,0.425252134242407,-0.0234600088999902,0.237766216085237,-0.00561719198637878,-6.93555947293918,6.07545810728474,4.26,-0.39,0.01,-0.28,2.26020138133266,-7.29381866610322,5.5995335741456,4.43241920246702,-0.80358333093167,0.0360571053473074,-0.516411666551345,2.26434029117787,33.356436224,0.0463461939566286,0.0463840307842507,0.0758184332425423,0.0039895615271808,0.00339220511557998,0.00201118977945946,0.000341796980611253,293,3
0,33.45857536,accepted,10.3102217847916,0.45042577748514,0.471930569983972,-0.131160253225872,1.18175026493404,-0.133468724412835,-0.0980337745303078,-0.00459495527600229,-6.93555946222313,6.08656497163199,4.26,0.28,0.06,-0.39,2.26020138133266,-7.2861477916659,5.61975418146109,4.37531198734456,-0.862582676290611,0.192559464631967,-0.296931803213112,2.26019464453584,33.45857536,0.0461963296075303,0.046224697933086,0.075751364635761,0.00414828886905247,0.00338193718422555,0.00204984285186798,0.000338792805827334,294,3
0,33.558760448,accepted,2.15625863754862,0.434261156858671,0.489906991777558,-0.0881511640889432,0.493314920872279,0.230615147392186,0.0360140083255809,-0.00366261672268919,-6.93555942981836,6.11988556423781,4.26,-0.31,0.3,-0.17,2.26020138133266,-7.32488371476487,5.65930936545643,4.34561800048395,-0.78769651933741,0.0771379235642209,-0.20692844201157,2.2621174351268,33.558760448,0.0460927495968367,0.0461045284935496,0.0757108743808475,0.00401383513773605,0.00335792512867656,0.00203310088579489,0.000336104170555463,295,3
0,33.658899456,accepted,2.65526924096982,0.418796722764177,0.473917738260858,-0.0567975946349755,0.545017179120994,-0.0425138515497564,0.207757404906553,-0.00275862675546623,-6.98545552017685,6.14209934105493,4.26,-0.39,0.13,-0.06,2.26020138133266,-7.35400059768804,5.6800642811788,4.32583605768223,-0.916693272819113,0.174234272678579,-0.266195872685863,2.26053051166219,33.658899456,0.0459224544153182,0.045925546184943,0.0756172859947687,0.00405713567871766,0.00330058009586884,0.00205167545264713,0.000333120500446864,296,3
0,33.757001472,accepted,4.00451504589965,0.405618532531564,0.424751189574451,-0.0476866605795641,0.805164755458513,-0.455072890006418,-0.203746595616433,0.000221199263869654,-7.03535165172789,6.11988566160616,4.26,-0.06,-0.34,-0.31,2.26020138133266,-7.39405700059066,5.68905178997854,4.29631969742944,-0.848027483820059,0.110732980833213,-0.109505359247555,2.25820576302027,33.757001472,0.0460129237201875,0.0459815548250165,0.0757290904799546,0.00403468353175369,0.00331325933157325,0.00205607466872758,0.000331161657640444,297,3
0,33.873137152,accepted,4.28544968165082,0.457181342194904,0.390242113750178,-0.012817106416537,0.714887935822022,-0.570993415469697,0.0424245075122122,0.00402832841697309,-7.03535167379788,6.09767193101086,4.26,-0.08,-0.44,-0.19,2.26194671058465,-7.44371059554293,5.69259685676442,4.27169854550338,-0.777278691434258,0.123511320843098,-0.233444167021033,2.25583782907641,33.873137152,0.0463844693637922,0.0463075959200996,0.0761034585753543,0.00405149597446834,0.00329254942973134,0.00207816829870851,0.000329517154396963,298,3
0,33.959295488,accepted,1.3814386900605,0.456190820204969,0.374562481155999,0.00239632729230888,0.267815496422825,-0.17189448196349,0.1466703700593,0.00610190775232855,-7.05198373207068,6.07545822092347,4.26,-0.47,-0.06,0.09,2.26194671058465,-7.47008466936352,5.6968104195803,4.26831486742106,-0.724696362008812,0.108102532568044,-0.0547403600252263,2.25410984325881,33.959295488,0.0456964311937757,0.0456438717541678,0.075559530266918,0.00396922893389505,0.00324699520546465,0.00204809734159623,0.000325504694761893,299,3
0,34.059424768,accepted,2.8886288373993,0.44611887701746,0.359975311687915,-0.00232352836648264,0.523484406402901,-0.146082496179316,0.146743488290099,0.00774082255771358,-7.10187984464572,6.07545827050614,4.26,-0.27,0.08,0.12,2.26194671058465,-7.49144429796626,5.71462609478297,4.27044028832721,-0.772359625666393,0.223150875649054,-0.0255718464171299,2.25140658072961,34.059424768,0.0454036775720824,0.0453530904282118,0.0753477953897263,0.00402902233529973,0.00318884405255078,0.00204390783075821,0.000321970517225998,300,3
0,34.157554432,accepted,2.53587406777724,0.432338545147971,0.354322956208178,-0.0203425676427305,0.609759065362078,-0.0325340496765603,0.0651898643686039,0.00933708713513104,-7.13514389649185,6.09767202983925,4.26,-0.2,0.31,0.2,2.26020138133266,-7.51743821501078,5.75182497413499,4.28096366688663,-0.791035983738376,0.343068805936966,0.134457786606784,2.24851660268946,34.157554432,0.0453084165424352,0.0452372862149549,0.0752888547716622,0.00415769812686173,0.00318275347320723,0.00204960887460872,0.000318884340147456,301,3
0,34.259713536,accepted,1.36916467824551,0.394091113193223,0.312768169103677,-0.0392654176110012,0.258457411743028,-0.285480858535975,-0.0349505343766546,0.00934946270339765,-7.18504000855365,6.09767207993952,4.26,-0.18,0.01,0.25,2.25845605208066,-7.54640167876616,5.77231722140274,4.29527509694281,-0.426245340484906,0.288639155343724,0.283701379174505,2.24749550008861,34.259713536,0.0451143705413663,0.0450352189631347,0.075144983708476,0.00406978956755339,0.00325504080838029,0.00204220764386822,0.000315056165908629,302,3
0,34.357971968,accepted,0.863091566728463,0.367895200706116,0.303897042629948,-0.76413654557671,0.249866467970268,-0.00365997509990779,-0.127174880100479,0.00957635440996363,-7.22662008864168,6.10877898708324,3.56,-0.27,0.35,0.13,2.25845605208066,-7.56430211495026,5.81306195347852,4.30117389977132,-0.509441277056583,0.35470273089597,0.253014980938085,2.24796153509486,34.357971968,0.0449019263027478,0.0448133928891734,0.0749689690229292,0.00407556142623238,0.00317554889784451,0.00202682324035893,0.000311316013598605,303,3
0,34.458205184,accepted,1.73824868151729,0.330281957160331,0.265909970715718,-0.774938436268803,0.449061310823823,-0.181575675000444,-0.137042255418792,0.00936577664404847,-7.28483220738133,6.11988591117479,3.56,-0.04,0.3,0.23,2.25845605208066,-7.57854499278495,5.85142406562523,4.31332639561072,-0.47493534157444,0.478531414477161,0.363177157987568,2.24743109551439,34.458205184,0.0448877189592959,0.0447702814225784,0.0749570556767888,0.00421376242626943,0.00318452518172576,0.00205172962448416,0.000308109095881122,304,3
0,34.55832704,accepted,1.68438981691487,0.323129087444182,0.256887429882229,-0.780893901159074,0.472666880897456,-0.0980114116473576,-0.0592850825154003,0.0109058095124039,-7.30146421027027,6.15320652143288,3.56,-0.03,0.31,0.14,2.25845605208066,-7.58651210847658,5.897989248146,4.32285066337346,-0.488389168430665,0.406408479202265,0.19626148013846,2.24586591812815,34.55832704,0.0448589139611812,0.0447088787300611,0.0749279878165587,0.00406344897178294,0.00311930163881401,0.00202256677348275,0.000305071281274482,305,3
0,34.658471424,accepted,0.535737139756993,0.298254913742413,0.251633008422012,-0.788307384527247,0.145606871014593,0.154035502679565,0.0236276686244323,0.0121083928365131,-7.32641223144031,6.18652713944658,3.56,-0.13,0.38,0.31,2.25845605208066,-7.60699064449129,5.95132926275361,4.33494852061024,-0.270719775824725,0.230323321166348,0.284640878292668,2.24615942660305,34.658471424,0.044787868413911,0.0446085236754884,0.0748592678457931,0.00384749628854142,0.00319657699552617,0.00199158740979231,0.000302104617473315,306,3
0,34.758669568,accepted,1.50159516834228,0.262983430472254,0.265222928361524,-0.801471059273243,0.0355975397645449,0.419397791561784,0.033006711097391,0.0126566716130529,-7.36799227848569,6.23095463901283,3.56,-0.22,0.52,0.3,2.25845605208066,-7.62186823485747,6.00034935775523,4.34803832062754,-0.25478940829261,0.111807991995493,0.26541893092435,2.24650613927429,34.758669568,0.0446593267069586,0.0444661196598218,0.0747386269232833,0.0036780640283364,0.00316707810676679,0.00195992312754266,0.000299343250163473,307,3
0,34.872822528,accepted,1.15568812368863,0.247994069753865,0.250745620610231,-0.823016252988594,0.39817111595571,0.0975697332649764,-0.046060362075287,0.0154389932469785,-7.40125631704962,6.26427526667057,3.56,0.1,0.19,0.31,2.26020138133266,-7.62128702644952,6.02518618449617,4.36489963639224,-0.288909789882904,0.0946561162570887,0.353177655169182,2.2440285569116,34.872822528,0.0449323575703603,0.0446978863891848,0.0749816484232196,0.00368179325359344,0.00316349896287487,0.00196771840442602,0.000297659201247554,308,3
0,34.95897856,accepted,1.21880568682467,0.230575906348265,0.232592920417722,-0.83594219814379,0.381452630054641,-0.00208282110032493,-0.17600577632235,0.0140666135119281,-7.41788835324513,6.26427528397615,3.56,0.03,0.09,0.17,2.25845605208066,-7.6206406052595,6.03767884370309,4.37140121251037,-0.341943965699575,0.0925692301776575,0.341709027980643,2.24363528564425,34.95897856,0.0446713783567994,0.044428576439134,0.0747237149429073,0.0036449820544005,0.00310284535181166,0.00196355929641754,0.000295106829359505,309,3
0,35.059087616,accepted,0.869709809020116,0.205666094864765,0.221112633478344,-0.837797530185921,0.180013880541706,0.0503761371138256,-0.166058914421848,0.0157822358544717,-7.45115242563617,6.2642753185873,3.56,-0.2,0.1,0.07,2.26020138133266,-7.63219872863649,6.05343838230511,4.36660106653897,-0.371944721201312,0.0519452308124918,0.23031789271785,2.24407221488635,35.059087616,0.0442410182565696,0.0440215171453077,0.074327762357332,0.00350881340249721,0.00300128685496613,0.00194064187414253,0.000291627481888224,310,3
0,35.15730304,accepted,0.902493726958486,0.203683987012222,0.23849477831622,-0.832927594684485,-0.124628342078203,0.248684205797949,0.0876539127622659,0.0137496809034676,-7.46778442955887,6.2975959282337,3.56,-0.58,0.34,0.34,2.25845605208066,-7.67557441269972,6.08360801391419,4.38403554542545,-0.458871424216761,0.0991070856349456,0.252024578339564,2.24559303405852,35.15730304,0.0440124304301685,0.0437943409003133,0.0741003774907561,0.00350394168670956,0.00293561747248002,0.00194105682467789,0.000288887817492245,311,3
0,35.259487488,accepted,0.607252131887179,0.220815652857519,0.218869982965634,-0.843845958433134,0.179040572215098,-0.03807114769985,0.0424305639987351,0.0134106320119467,-7.50936450888436,6.30870283588263,3.56,-0.43,0,0.26,2.26020138133266,-7.70637101181217,6.0923718268535,4.39228011359953,-0.601111282474274,0.0374709675116386,0.21636137003374,2.2459405361775,35.259487488,0.0436320496315245,0.0434311493991952,0.0737317956888549,0.00337474938081461,0.002823881916613,0.001904067525287,0.00028584928239733,312,3
0,35.357602816,accepted,3.00937179706504,0.237179483868609,0.202304726642294,-1.24141735812382,0.551181699894458,-0.0535064156373065,0.119844696695639,0.00906324942164183,-7.53431257654042,6.29759599805176,3.16999999999999,-0.08,-0.1,0.33,2.25845605208066,-7.72506245229612,6.09691395999364,4.39626400570584,-0.614911889622268,-0.0480696349862156,0.208676807297151,2.24745480019483,35.357602816,0.0434184177594634,0.0432112849309651,0.0734999592975392,0.00326839114503474,0.00278171419158273,0.0018831734800964,0.000283367457194991,313,3
0,35.459725312,accepted,0.932945573931289,0.215899527773343,0.19565593904606,-1.24558640371803,0.198041106668572,0.0767214643686755,0.0507249716851825,0.0176337740741452,-7.56757667307627,6.27538230474129,3.16999999999999,-0.34,-0.17,0.24,2.26020138133266,-7.75901507197352,6.09205283888449,4.39719200177345,-0.530558817144409,-0.243898107649263,0.187292776866482,2.24208149896172,35.459725312,0.0430719926228543,0.0428751350720774,0.073140957870013,0.00306501825874003,0.00275305138184904,0.00184003703875673,0.000281603264754848,314,3
0,35.55789056,accepted,2.90289908414508,0.217505579832689,0.213676173373222,-1.25013284297094,-0.0122539874217468,0.378897030227257,0.440733472953965,0.0226873264981164,-7.59252471530444,6.28648919543133,3.16999999999999,-0.58,0.18,0.7,2.26020138133266,-7.80687062051518,6.10242804788925,4.42404369777913,-0.568534101943131,-0.190073452424342,0.262568230990831,2.23781057569485,35.55789056,0.0429400344921361,0.0427371517849799,0.0729767966794497,0.00308814114370527,0.00273124379636608,0.00184315657125068,0.000280335170287863,315,3
0,35.65814784,accepted,1.75011555138233,0.226849039027667,0.185648276685034,-1.28859714037843,0.344456942214006,-0.035444255374361,-0.0755663154015492,0.0093279161933193,-7.64242083848547,6.27538238428641,3.16999999999999,-0.33,-0.14,0.31,2.25845605208066,-7.83073713401214,6.09096051762366,4.42834331553534,-0.661263515659889,-0.105638542532022,0.38089198982702,2.2478740192637,35.65814784,0.0425997668156655,0.0424114769144306,0.0726155844067616,0.00311658325487995,0.00267495898913482,0.0018378789169124,0.000276862436001941,316,3
0,35.758326784,accepted,1.50588265769065,0.215420272668956,0.182193957252899,-1.29585275952178,0.33874907378575,0.111143932684573,0.0288107296762845,0.00367332261002584,-7.68400094053344,6.26427556445449,3.16999999999999,-0.32,0,0.39,2.25845605208066,-7.86921534247881,6.09427331587984,4.44421227942767,-0.648899291740976,-0.108542969065457,0.358571231255433,2.25385511643926,35.758326784,0.0424395991672875,0.0422467275099906,0.072415270715689,0.00308143713276301,0.00264661724431057,0.00183689046996083,0.000274294106937741,317,3
0,35.868461056,accepted,1.91724628969868,0.18133015979809,0.133463841224984,-1.31257283080188,0.327632645542481,-0.171979659352112,0.039329779385206,0.00707688966881515,-7.76716118440974,6.20874133292451,3.16999999999999,-0.46,-0.34,0.37,2.25845605208066,-7.91311971031851,6.06344907743042,4.46288238694405,-0.775269217006268,-0.173177590040336,0.328489295167972,2.24990132283594,35.868461056,0.0422699541592344,0.0420833426227431,0.0722098814140174,0.00299573987681635,0.00257225922189499,0.00180454207907886,0.000272638864552424,318,3
0,35.956652288,accepted,2.00599536969372,0.183233703626006,0.168329678291163,-1.32127180296708,0.333937811242992,0.28582455323211,0.132725148813611,0.00874154708348263,-7.80042524583541,6.21984823325992,3.16999999999999,-0.47,0.16,0.45,2.25845605208066,-7.95869750966593,6.07268254513987,4.4752346587057,-0.796143912474921,-0.12015299467113,0.316028356237807,2.24901205237689,35.956652288,0.0420022080484958,0.0418134637681717,0.0718946368397275,0.00300193823653993,0.00253895618808432,0.00180288054513059,0.000270833948736471,319,3
0,36.056817664,accepted,2.66707634249722,0.183147255451847,0.164456001486846,-1.34847482401288,0.433906623100259,0.277338586220795,-0.143547930461106,0.00701102833994138,-7.8503213549571,6.2198482880137,3.16999999999999,-0.25,0.06,0.32,2.25671072282867,-8.00035296820479,6.07606189877436,4.48438073473299,-0.673363203629899,-0.21172924032306,0.45820239122154,2.24908882780963,36.056817664,0.0419084810830571,0.0417097710687095,0.0717502250030118,0.00293599794330902,0.00257438906329223,0.00178702210181021,0.000269065455995987,320,3
0,36.156974592,accepted,0.856162812333691,0.169693476582262,0.156688879205927,-1.35195276233811,0.186441592116336,0.0396938870790127,0.0189942805538161,0.0122354093999695,-7.89190146024561,6.20874146928408,3.16999999999999,-0.39,-0.19,0.3,2.26020138133266,-8.04049458398178,6.05940496973557,4.49980737595263,-0.569867233277286,-0.228364659359313,0.27845264026657,2.24747836256204,36.156974592,0.0416124692578852,0.0414257198797696,0.0714044727251091,0.00285825184381671,0.0025377460807829,0.00178037486582789,0.000267142570201224,321,3
0,36.257087232,accepted,1.89385354119124,0.145206896891902,0.130666962200633,-1.35646685752774,0.36273596407743,-0.01264921673901,-0.053783457640445,0.0100716576035,-7.96674566363157,6.17542095835115,3.16999999999999,-0.45,-0.1,0.22,2.25845605208066,-8.07569486876796,6.04648155579535,4.4978776755289,-0.800194671028987,-0.0880330022186985,0.269760442714092,2.24709177840265,36.257087232,0.0413265779466295,0.0411522483505522,0.0710691867646484,0.00291497415900621,0.00243273791209463,0.00177336400102342,0.000264771693540262,322,3
0,36.357267712,accepted,2.80425911248141,0.125540877734274,0.12342721316158,-1.35048066604192,0.368437911319076,0.0703495145639525,-0.370448786188783,-0.000131975538634421,-8.03327382381447,6.1643141693265,3.18,-0.46,0.04,-0.03,2.25496539357667,-8.12854830384599,6.04775921668477,4.48139233588623,-0.818156281472119,-0.0288189631960273,0.331837016103672,2.25438099969475,36.357267712,0.041205428674235,0.041024372435475,0.0708887037603517,0.00294476152901458,0.00241831242694426,0.00177671846148861,0.000262001453605992,323,3
0,36.45743104,accepted,2.89356293563092,0.156520774902967,0.111009207697972,-1.32937520074636,0.338097939313237,-0.398075557586913,0.0909672597641777,0.000930627488246571,-8.04990587099726,6.15320732426247,3.18,-0.4,-0.5,0.33,2.25496539357667,-8.17767498103118,6.01830669241067,4.49387114434475,-0.727533892968466,-0.110921633446576,0.238045542735714,2.25239200364569,36.45743104,0.0410786497240187,0.0408888844323725,0.0706989869672957,0.00285604645074182,0.00240532407037581,0.00176321624081229,0.000260212810197096,324,3
0,36.559565056,accepted,1.47414361822989,0.130629280592029,0.0928434008433392,-1.33765890373911,0.107458833754045,-0.238946861269408,0.177499739649084,0.0146233173011998,-8.10811806374755,6.09767306654335,3.18,-0.49,-0.41,0.38,2.26020138133266,-8.22639948826642,5.9890372530497,4.51016147932894,-0.593059079974487,-0.177056255857941,0.203346615831268,2.24470978649222,36.559565056,0.0408949197518364,0.040705515518212,0.0704511158434313,0.00277906051594945,0.00241355021601432,0.00175151357617283,0.000259093053807062,325,3
0,36.659746816,accepted,1.86871855393677,0.129165859875162,0.120199089215318,-1.35387895595085,0.321115854886254,0.280979520008564,0.0512513321479562,0.0219652502107479,-8.15801418890066,6.08656626142057,3.18,-0.3,0.05,0.3,2.26194671058465,-8.26538116093851,5.98524619520851,4.51276163792808,-0.614623436286134,-0.225864896773483,0.246402497601465,2.23972512601378,36.659746816,0.0408476281716257,0.0406478622526593,0.0703397264191312,0.00273943752020278,0.00239998757405913,0.00172857286114437,0.000258191984049313,326,3
0,36.759938048,accepted,2.8412186381928,0.117800009041961,0.105582911015699,-1.35587839605574,0.432382413207965,-0.0824447639382777,-0.190686141185687,0.0157352611624573,-8.20791031146571,6.07545945414171,3.18,-0.19,-0.17,0.08,2.25845605208066,-8.28591102336968,5.96513749981774,4.49691401414946,-0.608451992290636,-0.0904883114573304,0.264376785030286,2.241322221057,36.759938048,0.0406233641057997,0.0404318235968582,0.0700493098845852,0.00280414544679633,0.00237250056701131,0.00172970889366808,0.000255452766367139,327,3
0,36.87421312,accepted,1.28649238543223,0.120008626502354,0.117572779158381,-1.34589106967868,0.184774328164709,0.204826590742384,0.07450818891944,0.0101778580294059,-8.2328583821057,6.06435261767194,3.18,-0.4,-0.03,0.23,2.25496539357667,-8.33579514364805,5.96531704376493,4.50824885226649,-0.579861054413414,-0.229823591443983,0.15397765727593,2.2445849313883,36.87421312,0.0406370229715133,0.0404356582985938,0.0699933018795653,0.00267617428713174,0.00234813364516522,0.0016930339249749,0.000253332034477822,328,3
0,36.958369024,accepted,1.06195537089878,0.104615659714469,0.103925988434086,-1.34014664398755,0.184520979149754,0.0115430191007712,0.162482774806361,0.0145998118278605,-8.27443849929059,6.04213893664954,3.18,-0.27,-0.38,0.32,2.25671072282867,-8.3627326813187,5.94182674070492,4.50998702911271,-0.449445635555705,-0.39142482214913,0.157643006109209,2.24158859631685,36.958369024,0.040220162819691,0.04002783449179,0.0694976763960281,0.00254115130563893,0.00236165341978922,0.00165621932433858,0.000251730370466212,329,3
0,37.058463232,accepted,1.27472016299435,0.062690572364664,0.0775338128208167,-1.33887985328999,0.199741242022785,-0.00922452175247429,0.192822649195188,0.0215207823700978,-8.34096671332781,5.98660469209649,3.18,-0.18,-0.31,0.28,2.26020138133266,-8.38671255053089,5.91046438938284,4.5119441960809,-0.37415073517582,-0.301459318314458,0.0880281527264388,2.23800380039354,37.058463232,0.0400144666688653,0.0398290248383045,0.0692142845621604,0.00256129900428079,0.00235393450958618,0.0016576865505856,0.00025018268869889,330,3
0,37.15863168,accepted,1.88469975716741,0.0409677471196108,0.0696588224058052,-1.33661545993105,-0.138210773797784,-0.00137991004466193,0.334964835334612,0.0192530517589504,-8.37423082667953,5.95328413898009,3.18,-0.39,-0.24,0.39,2.25845605208066,-8.42659487392754,5.88623087171027,4.52225628834815,-0.255923203538608,-0.237760440777137,0.0588494070447951,2.23950120962574,37.15863168,0.0398079980500005,0.0396295029576685,0.0689262236262817,0.00256902267915137,0.00237832805774549,0.00166113914448954,0.000247683226149716,331,3
0,37.258775808,accepted,3.78009925431207,0.0430921994734135,0.10513866048812,-1.34952762264662,0.0518108754153525,0.632373873981075,0.462256473302446,0.015605278786305,-8.40749488799514,5.96439104154574,3.18,-0.17,0.35,0.53,2.25671072282867,-8.44979951255383,5.88665130904874,4.524444523407,-0.22275510130453,-0.273737873413054,0.0690776129202035,2.24185590499982,37.258775808,0.0399130918776959,0.0397146870891832,0.0689592158485714,0.00255326573140838,0.00240236563492902,0.00165605843921832,0.000246321089363318,332,3
0,37.358942208,accepted,2.34188075699861,0.0517223973908827,0.138285401177458,-1.13740306306379,0.237498282850474,0.495625198529934,0.318134628282026,0.0102335307355688,-8.41581086898118,5.99771164458793,3.39,0.12,0.24,0.35,2.25496539357667,-8.45914436785916,5.88078518683913,4.51927376842794,-0.115615586249378,-0.249413031459037,0.0321261951627769,2.24505565693044,37.358942208,0.0400373406405272,0.0398193103609949,0.0690131488978317,0.00257432427793753,0.00246161171144553,0.00167004982731021,0.000244669784722721,333,3
0,37.459160576,accepted,2.00621581445914,0.0146668735982978,0.134934818260291,-1.13109513123725,-0.22602331879535,0.0847225518907138,0.376334020366851,0.00636259667723182,-8.45739096125141,5.99771169365295,3.39,-0.27,-0.06,0.45,2.25322006432468,-8.48734782768566,5.8723542199169,4.52618021392797,-0.0496127025501264,-0.141441035853611,0.0770400579549514,2.24752260502918,37.459160576,0.0399696522283009,0.039747576512045,0.0688708219560726,0.00263328713607963,0.00249429300354178,0.00168947463219549,0.000242242677638539,334,3
0,37.559305472,accepted,4.0583380553482,0.00334704289632271,0.136172317653971,-1.14544279728468,-0.283629157979824,0.0196489750924251,0.594226896748529,0.00471199884368012,-8.49065504839079,5.98660486829212,3.39,-0.39,-0.21,0.7,2.25322006432468,-8.51371909328788,5.85654818445653,4.55506916784323,-0.113061408647463,-0.227805635922605,0.112423729906854,2.24892212589673,37.559305472,0.039896455421514,0.0396723712499783,0.068721931947935,0.00256482460131798,0.0024479489609369,0.00166665501922331,0.00024014135145925,335,3
0,37.659472384,accepted,4.41637958828671,0.0104774249028328,0.153244999976184,-1.17301876382408,-0.256208572511833,0.0843410393447998,0.65235887284727,0.00544348223359448,-8.51560310612985,5.98660489781027,3.39,-0.38,-0.11,0.73,2.25322006432468,-8.54334268089427,5.84349205261887,4.58342501543652,-0.129801579589247,-0.191358406226537,0.0844788720318048,2.24822334000768,37.659472384,0.0398472054813372,0.0396206467812909,0.0685981437344028,0.00257328943153562,0.002422569446649,0.00166509059703609,0.000238322601875058,336,3
0,37.759643648,accepted,2.50776043128956,-0.0596106522069846,0.108184220078807,-1.19953725904395,-0.14798134412223,-0.25058803986652,0.528316727480612,0.00483951635272017,-8.598763370605,5.91996381153193,3.39,0.04,-0.7,0.5,2.25322006432468,-8.54707159995879,5.80490607908068,4.59377211255131,0.186132915923176,-0.452472106328478,-0.0250317881522125,2.24790376098266,37.759643648,0.0399247147082032,0.0396853671599397,0.0686041542635485,0.0024194256429302,0.00260891178700793,0.00165155888975761,0.000236915219149852,337,3
0,37.877831168,accepted,5.39905343485318,-0.0507595961404785,0.154952848212407,-1.19950361063486,-0.0939354251239055,0.555475147437617,0.77606563760768,0.0192258828416536,-8.59044735204539,5.91996380137516,3.39,-0.22,0.35,0.84,2.26194671058465,-8.54807487460693,5.79161496761196,4.60000364316817,-0.129639393276731,-0.197248738926861,0.0683885151618165,2.24356259548981,37.877831168,0.0402727411649046,0.0400222003904592,0.0688937770444208,0.00259708483054422,0.00243510097675904,0.00165233818165119,0.000236954007049108,338,3
0,37.957978112,accepted,4.557110323436,-0.0125790532296275,0.159752016703542,-1.21382620835481,0.263321942941244,-0.258081129042283,0.747871270297672,0.00400420377880106,-8.5738152882079,5.94217751184241,3.39,0.06,-0.28,0.77,2.25322006432468,-8.55013814864712,5.77537214524494,4.61822550298435,-0.19823361041404,-0.0262513223300558,0.0276819479154057,2.24784627398723,37.957978112,0.040047572758258,0.039796501936415,0.0685924195184107,0.00269911403756288,0.00237115531886518,0.00165814661384645,0.000233873700725512,339,3
0,38.058203392,accepted,3.25371090927636,-0.0741703802768914,0.132581981179102,-1.21535896948499,-0.00540796204947999,0.217660337116782,0.749487496292629,-0.0112905609697749,-8.64865948441148,5.91996387169131,3.39,-0.23,0.46,0.56,2.24449341806471,-8.57803398222787,5.79819907245674,4.61168678276327,-0.225358350954991,0.244912948581343,-0.18575440980256,2.25571354084723,38.058203392,0.0402018138683992,0.0399172682928207,0.068667806657736,0.00290251106364793,0.00233298867452615,0.00170089280201201,0.0002312451653452,340,3
0,38.158328064,accepted,5.37900661547868,-0.0357458093351344,0.131673613954424,-1.20296532513476,0.724472192466598,-0.0874814398936601,0.594852249580146,-0.014896837919395,-8.64034342544092,5.953284455725,3.39,0.44,0.14,0.38,2.24274808881271,-8.57446513805617,5.81979334410654,4.59950781025288,-0.272027508019803,0.223997255172442,-0.210887580321323,2.2553950874346,38.158328064,0.0403053558876337,0.0399862770378709,0.0686888241060554,0.00288482971119463,0.00230124520733863,0.00169276811312169,0.000229374146162587,341,3
0,38.258465536,accepted,9.86621421320475,-0.0197766575208664,0.114906904751875,-1.18719574224677,0.091226161373299,-0.460611801516492,1.18998398203001,-0.00539027514910018,-8.61539536950546,5.95328442551348,3.39,-0.03,-0.3,0.98,2.2462387473167,-8.59220374932234,5.82196395788754,4.61135434495963,-0.117679221362282,0.153368568210529,-0.199858460141825,2.24997601120613,38.258465536,0.0403968994257129,0.0400453118412312,0.0687007155148304,0.00283142210077696,0.00238167457693443,0.00169753233820678,0.000228133549568353,342,3
0,38.35859968,accepted,5.79109060695423,0.00446426100458908,0.105922666175601,-0.75883153936966,0.269691771033661,-0.147532685637171,1.02021711999164,0.00758747185572473,-8.59876334375478,5.94217754188302,3.83,0.19,-0.04,0.74,2.24972940582069,-8.59385486821493,5.8332550457327,4.61527739054882,-0.0752808547620799,0.104763394949043,-0.272797291305634,2.24096163630076,38.35859968,0.0405377362715148,0.0401520579431063,0.0687626163128623,0.00279540707818573,0.00239521835465184,0.00169615401466936,0.000227462526187697,343,3
0,38.458748416,accepted,8.43417620178938,0.0148061157340251,0.091265659125102,-0.754115082561933,0.303510239392592,-0.279053947696708,1.22395073476964,0.0130695648507766,-8.58213132057755,5.93107065608809,3.83,0.29,-0.19,0.76,2.25147473507268,-8.58579409464377,5.831649391462,4.61871590769839,-0.00811667489252551,0.0844641294323432,-0.454703844143493,2.23688352330368,38.458748416,0.0406725793861142,0.0402604412330326,0.0688221713198968,0.00277613737632347,0.0024066891022279,0.00169757726648989,0.000226253143955921,344,3
0,38.558884864,accepted,4.71854460563711,-0.000881419588818488,0.0788281595112048,-0.740346298406823,0.166100213078028,-0.124107084602543,0.964407985861114,0.017731935446522,-8.58213133348578,5.91996379121839,3.83,0.2,0.03,0.49,2.25147473507268,-8.57623097985551,5.8387119360134,4.59294759779037,0.036602983696353,0.152088759229704,-0.467907765413933,2.23293190335183,38.558884864,0.0408208828962268,0.0403808306658537,0.068897633667226,0.00283791919158668,0.00243230366928442,0.00171067987883193,0.000224980375882017,345,3
0,38.659028736,accepted,10.8400089944857,0.0301563051871927,0.0605163520668119,-0.712766724498398,0.157895440264285,-0.356435238696604,1.37182111315631,0.00987823565764856,-8.55718327807086,5.91996376160749,3.83,0.04,-0.15,0.86,2.24972940582069,-8.58059962722751,5.84679782382926,4.58724357344001,-0.113568704156951,0.200885740423163,-0.500455927338316,2.23832213028027,38.659028736,0.0409409707843249,0.040465836463318,0.0689398294109525,0.00288075696782311,0.00233612593639639,0.00170204082607071,0.000222723502288807,346,3
0,38.759157248,accepted,4.30563239177528,0.0104339696650957,0.0363009160537295,-0.714233579156518,0.353643085603901,-0.284217450928262,0.786003165529961,0.00817309333976146,-8.57381534127046,5.89775005304105,3.83,0.31,-0.14,0.4,2.2479840765687,-8.56977269738422,5.85084094161711,4.56389918254168,-0.0372627986425996,0.139215616679179,-0.380167616791747,2.23834942740773,38.759157248,0.0410691219114766,0.0405626998256335,0.0689899634355082,0.0028459279144295,0.00239215882806953,0.00169672369267707,0.000220966437191503,347,3
0,38.877311744,accepted,6.90145260340614,0.040434714191278,0.0267217507238708,-0.690486182569231,0.272950902677563,-0.214500865730986,1.1503683449178,0.0164959135026996,-8.53223524912489,5.89775000328751,3.83,0.25,0,0.72,2.25147473507268,-8.56202055474141,5.86339248624299,4.5513830890558,-0.017963307152727,0.210620352745419,-0.422132194999142,2.2337131293157,38.877311744,0.0414961683007586,0.0409363569865434,0.0693345947441101,0.00292521599527003,0.00240772001688164,0.0017136154396762,0.00022008850049537,348,3
0,38.959431936,accepted,9.17857624462574,0.0153525287844154,-0.0162235744090564,-0.687937401675938,0.308162627429225,-0.477902570313437,1.19906215134993,0.0161400342855016,-8.54886732575326,5.86442943114669,3.83,0.25,-0.25,0.77,2.25147473507268,-8.55072415925099,5.86092975607157,4.5555079118937,-0.0512614174928006,0.220077858501077,-0.41924829798275,2.23345688334798,38.959431936,0.0413348796005287,0.0407642928948781,0.069101653437815,0.0029219154761934,0.00236972455362064,0.0017051337081846,0.000218020151548662,349,3
0,39.059582976,accepted,3.29723479682802,0.0109755574058692,-0.0377437329629924,-0.683411579509002,0.291914419610973,-0.0442572117204108,0.728840950033701,0.0184514872826305,-8.54055133353794,5.84221569296935,3.83,0.31,0.12,0.33,2.25147473507268,-8.54013471095829,5.87634332971558,4.53117766222045,0.0227567643312816,0.162097343370854,-0.393611573407512,2.23212031231281,39.059582976,0.0414575262674219,0.0408533391341553,0.0691459444345096,0.00287786729134449,0.00241112929693735,0.00169895365666051,0.000216435519889391,350,3
0,39.1597888,accepted,4.65748680603943,-0.011353859405002,-0.0405164550205308,-0.656919923059807,0.055094384894801,0.0556997813715092,1.07285744563279,0.0219200665609511,-8.54886733918202,5.85332256618291,3.83,0.06,0.3,0.56,2.25322006432468,-8.53745555621268,5.89415717725272,4.50824572091544,0.00551614323015406,0.24409768386587,-0.506971847094991,2.23101875264893,39.1597888,0.0416557488184995,0.0410117647103008,0.0692599115860286,0.0029475491973758,0.00238978438943378,0.00170976599415611,0.000215301321886563,351,3
0,39.25797376,accepted,3.52456285729768,-0.026249328994199,-0.0849892536594714,-0.634913766474936,0.269494142616927,-0.429306138571483,0.620088013358436,0.0151156028741499,-8.55718338395397,5.8311088471947,3.83,0.36,-0.21,0.3,2.24972940582069,-8.5186088213513,5.8956630926139,4.48138651751264,0.0965544340781064,0.211756657347828,-0.315070203264426,2.23309508710889,39.25797376,0.0417276874056848,0.0410567057067296,0.0692560652553484,0.00293363697557507,0.00246013730832332,0.00170867521122523,0.000213109429767398,352,3
0,39.360140288,accepted,3.29695509671316,-0.0363174202038596,-0.130143762251821,-0.614307558690538,0.265266449023737,-0.481310227153762,0.56013456268937,0.0159636028293431,-8.54886740555599,5.7977882456139,3.83,0.34,-0.15,0.16,2.24972940582069,-8.50051673775286,5.90467669843163,4.45819682366282,0.0809069448544114,0.323195031180137,-0.39565044694085,2.23223379105947,39.360140288,0.0418777601514791,0.0411696254450543,0.0693221279881098,0.00302487980665483,0.00243143242043041,0.0017286800743784,0.000211262596444376,353,3
0,39.46028928,accepted,4.98652540968648,-0.0361418380579064,-0.160970452083894,-0.405288009042816,0.366394735429928,-0.469466100401687,0.675740489229011,0.0179212321071462,-8.53223539452445,5.77557449684388,4,0.4,-0.09,0.02,2.24972940582069,-8.4769019470222,5.90904004223341,4.43273597253098,0.0429119556072535,0.369747236503995,-0.648553486249443,2.22968845613969,39.46028928,0.0419293720750543,0.0411990866262905,0.0692978819318302,0.00304090492315572,0.00235926890575065,0.0017310449086613,0.000209264512789862,354,3
0,39.558462208,accepted,3.42558762882435,-0.0424467142812173,-0.207949746783799,-0.37497145581975,0.278877205919238,-0.721166279429218,0.361613028237022,0.0196517384019481,-8.5156033967897,5.74225388406977,4,0.36,-0.31,-0.08,2.24972940582069,-8.46074206131962,5.91869107153308,4.38365835449265,0.0876573275397329,0.400989447028068,-0.438638769842474,2.22845886964891,39.558462208,0.0420545945891141,0.0412749720985311,0.069336774406402,0.00308651260281921,0.0024059913537509,0.00173794259201451,0.000207603051436241,355,3
0,39.658617344,accepted,2.77249579443055,-0.0364849420930202,-0.236203677322595,-0.335473811260183,0.313002364934932,-0.415535680299689,0.382388465120641,0.0257720781309798,-8.49065536487441,5.72004012454103,4,0.42,-0.11,-0.04,2.25147473507268,-8.43628350124937,5.92812804598888,4.35119389814544,0.115155187169641,0.296109172815627,-0.418010844502353,2.22393206485681,39.658617344,0.0420820551616699,0.041275414087554,0.0692865476433102,0.00298434747754139,0.00240541437930634,0.00171530380494879,0.000205686499869004,356,3
0,39.758733056,accepted,2.11043529242411,-0.0723037496789658,-0.263992411671794,-0.308551934729179,-0.069056647169891,-0.444032640993307,0.378108629889527,0.0334705290488762,-8.49065539147532,5.69782639626167,4,0.16,-0.08,0,2.25496539357667,-8.42158485500669,5.93578988959758,4.32159133731973,0.229605743577357,0.356661513188991,-0.374500853068289,2.22082420604786,39.758733056,0.0421468477981651,0.0413160446640092,0.0692739941772682,0.00302967205359264,0.00246868778129093,0.00172970996305296,0.000204033168907437,357,3
0,39.876830464,accepted,3.53924612793455,-0.0490602020910185,-0.290179089437335,-0.285126842927889,0.343646220980164,-0.62717023626387,-0.0749998622826216,0.027079371046236,-8.45739131556522,5.69782635675766,4,0.38,-0.07,-0.35,2.25322006432468,-8.38595602455541,5.94663814843946,4.27910258799069,0.0467066176778206,0.5441926047572,-0.275236439520105,2.22407753187343,39.876830464,0.0424347793881476,0.041564518904723,0.069478805807083,0.0032024383284704,0.00236161643643642,0.00174157353952776,0.000201502916237228,358,3
0,39.958981888,accepted,1.67127593849583,-0.0914075905157912,-0.317089982547933,-0.245707679760341,0.221887144332742,-0.421463086859306,0.0736296289220674,0.0191246061505383,-8.47402337928536,5.67561264879184,4,0.29,0.15,-0.59,2.2479840765687,-8.36957254466673,5.96163817428679,4.24732348546752,0.0747657464282091,0.562181144783155,-0.662450836412428,2.22741743048297,39.958981888,0.0421376832634068,0.0412754459121582,0.0691199625927228,0.00315150982708662,0.00229719689953585,0.00173404112681905,0.000198479029175921,359,3
0,40.059129856,accepted,4.50853995543186,-0.0778043910021147,-0.349043109460131,-0.169829669423284,0.140860648136493,-0.864730171721815,0.421426413906611,0.0229604437908448,-8.4407593041524,5.67561260962965,4,0.19,-0.22,-0.44,2.25147473507268,-8.35583302561404,5.98482474663071,4.18423740418779,0.0543137851822178,0.633294442922864,-0.857544882630496,2.22705859535987,40.059129856,0.0422945091099487,0.0413689349780355,0.069185734607603,0.00320694505503641,0.00225911461544272,0.00174336694261747,0.000196828089419744,360,3
0,40.159258368,accepted,6.62910473596503,-0.0796688883628711,-0.419039994853347,-0.0874161499014852,0.399142101985853,-0.943712478427441,0.402382816000782,0.0245529448277009,-8.43244333802477,5.63118514230114,4,0.49,-0.28,-0.57,2.25147473507268,-8.33178713670116,5.99935139652751,4.10609310454626,0.101867571314437,0.648323055335901,-0.967487588373761,2.22443655023954,40.159258368,0.0423963369595475,0.0414134822165926,0.0692047851814454,0.00321024218438341,0.00225962542668372,0.00174599084459094,0.00019494113080428,361,3
0,40.257412352,accepted,5.70560409911338,-0.105921998414923,-0.473186105544383,-0.0140573026851678,-0.0440644295568796,-0.939929279599981,0.489034019380448,0.0334757325309707,-8.42412735588762,5.59786454028796,4,0.17,-0.21,-0.47,2.25496539357667,-8.31826946491494,6.02420371144684,4.03454640501616,0.217147105814495,0.717039350302645,-0.954109596271949,2.22018201376601,40.257412352,0.0425038530459423,0.0414593379611523,0.0692259508217877,0.00326936609068311,0.00231578841680221,0.00176214813197535,0.000193373139462981,362,3
0,40.35956736,accepted,5.3903440242141,-0.105683493840974,-0.510387098059592,0.0488106714807031,0.101121956978523,-0.857702242666711,0.300717564071671,0.0384843744758276,-8.39917931222251,5.58675764571814,4,0.3,-0.12,-0.35,2.25671072282867,-8.28547191248811,6.04307317803661,3.96959887608322,0.205240882332015,0.722204283931331,-0.646195875700433,2.21639083961377,40.35956736,0.0425762834329447,0.0414943614988284,0.0692261381768734,0.00327412421131888,0.00232747465443408,0.00175510753239151,0.000191330713133122,363,3
0,40.45770368,accepted,3.29323475309713,-0.148430137579011,-0.553648851281287,-0.595306591324412,0.123990516835338,-0.602730694531499,0.153681502195913,0.036523263150694,-8.41581137864805,5.56454393601756,3.31,0.33,0.19,-0.48,2.25496539357667,-8.25879796464785,6.0695179291383,3.90658453486748,0.212188597135696,0.779112101701186,-0.631793251111043,2.2168394199957,40.45770368,0.0424958141416823,0.0414021673318179,0.0690872251898591,0.00329046097618106,0.00230598804942195,0.0017536887548849,0.000188470773611875,364,3
0,40.557822208,accepted,5.96895657638602,-0.171637339184894,-0.604890108383278,-0.529084352207486,-0.0525578103860797,-1.07128202030673,0.171152555642485,0.0361844100795272,-8.40749538385929,5.54233019930999,3.31,0.19,-0.32,-0.51,2.25496539357667,-8.23702852217614,6.09374650355379,3.83849406902629,0.245218178498727,0.737057046300975,-0.679887935329867,2.21758418122372,40.557822208,0.0426520137040466,0.0414934972568463,0.0691536219822879,0.00324423667267283,0.00231182568828127,0.00174688323300751,0.0001865774613212,365,3
0,40.659918592,accepted,7.76564281621984,-0.183232890537422,-0.669738073179222,-0.456778923105175,0.0806985970944862,-1.12634460305963,0.258417531036021,0.0380406377616493,-8.39917940352574,5.50900959590873,3.31,0.2,-0.16,-0.45,2.25496539357667,-8.21050337623267,6.11461674713579,3.77309133415475,0.125336174093086,0.948983427369779,-0.705507677330141,2.2151774484701,40.659918592,0.0427762775109922,0.0415680375127446,0.0692010601398203,0.00343467929803206,0.00223449866818483,0.00176875965095693,0.000184593532926642,366,3
0,40.756102656,accepted,8.10692305158993,-0.161173949988797,-0.699304677724902,-0.402826934108164,0.0682176832603469,-1.03615373900026,0.336320855140193,0.0333631359235773,-8.35759930867476,5.50900954719526,3.31,0.26,-0.08,-0.32,2.25322006432468,-8.18949527928275,6.13916129678274,3.72668278380088,0.198823603550932,0.93706301105726,-0.651773403869115,2.21781269790232,40.756102656,0.0427368250122384,0.041493579483365,0.0690942925615253,0.00339451123312326,0.0022557691523955,0.00176178087027182,0.000181813334046714,367,3
0,40.872247296,accepted,8.68221748140657,-0.220737513792709,-0.787609179788354,-0.330894043818976,-0.051338946682893,-1.31176093085183,0.453831134510387,0.0389833058897655,-8.39086343688488,5.46458212840312,3.31,0.02,-0.3,-0.31,2.25496539357667,-8.17213958384816,6.19017169515701,3.65270506562998,0.074360659766708,0.996026155846267,-0.760091070055899,2.21477038882917,40.872247296,0.0432042926018528,0.0418338362152421,0.0694471959006785,0.0034582028679457,0.00218979314573349,0.00176256546986649,0.000180536031576787,368,3
0,40.958360576,accepted,9.94025441530225,-0.194891769074623,-0.827348592854253,-0.283457477390139,0.153961876913662,-1.24640057576229,0.444341238120513,0.0371352468745019,-8.36591539219331,5.45347523486849,3.31,0.16,-0.15,-0.15,2.25322006432468,-8.16207853802094,6.20869464717635,3.61098247366517,0.0138880563143799,1.07728549399268,-0.589124569887889,2.21410979058519,40.958360576,0.0430723756834349,0.0416671298003095,0.0692549259097994,0.0035199066405713,0.00216136555872396,0.00176042419326246,0.000178295688755699,369,3
0,41.058457856,accepted,13.0860886312571,-0.154373414736074,-0.861410846250339,-0.231336919685398,0.338226920592944,-1.09158919898637,0.616314492665005,0.0378752794702,-8.31601927801287,5.45347517677464,3.31,0.32,-0.09,-0.08,2.25322006432468,-8.13508712247101,6.22836716574531,3.57934788309462,-0.00295355897373854,0.97761758161532,-0.686517193805904,2.21208379131468,41.058457856,0.0430195123063194,0.0415855462426092,0.0691475322406676,0.00337768130958115,0.00211911679701236,0.00172263861681581,0.000175781161595471,370,3
0,41.158610432,accepted,13.2128226963341,-0.170503793594104,-0.903995548441046,-0.19994416764442,0.412951049941351,-1.20895051161641,0.754186838813645,0.0490476609699604,-8.30770329497391,5.42015457441344,3.31,0.31,-0.22,0.08,2.25845605208066,-8.11428254976959,6.24638302727713,3.54518707119584,-0.0899456032239782,0.96821319342938,-0.665292802480706,2.20672292541012,41.158610432,0.0430943418369066,0.0416023003928292,0.0691504996822358,0.00335350600864574,0.00207392340051338,0.00169829278603743,0.000174240954127712,371,3
0,41.258744576,accepted,12.7223528447437,-0.159687759923267,-0.938116085436897,-0.166446848277519,0.40173501575194,-0.906753576062131,0.64653293055249,0.0498978417580336,-8.29107127013233,5.40904769155452,3.31,0.16,0.19,-0.1,2.25671072282867,-8.0980645870225,6.26073396802917,3.52320292039345,-0.224132297923557,1.07380461296396,-0.735010224163328,2.20350202565697,41.258744576,0.0429374331885351,0.0414556375459377,0.0689616872777018,0.00339792433917948,0.00199494809812265,0.00168068646263817,0.000171516703822097,372,3
1,42.458959616,accepted,0.445308307502334,0.0105310788607902,-0.00468432030560173,0.00560342887843168,0.00127198995701222,-0.297765288715428,0.179488615831463,0.0102514710653061,-7.86695416279226,5.52011585516692,2.52,0.46,-0.08,0.13,2.24449341806471,-7.87219146850908,5.51559654581142,2.52138645996588,0.459195643688741,0.0564353044474642,0.0466613682574775,2.22663406444832,42.458959616,0.795201232714903,0.795201245529861,2.01818125697055,0.0673692625139008,0.0674635776318874,0.0654232712029852,0.0218996430758293,1,0
1,42.559090688,accepted,0.342573623141007,-0.0182738618704512,-0.0315413855878788,-0.00628815906630242,-0.15088210750326,-0.164943014993662,0.187788932486296,0.0301584937175088,-7.85032214725901,5.49790210785915,2.52,0.25,0,0.23,2.2479840765687,-7.84281005199216,5.51376397088889,2.5291900816274,0.333378152388059,0.0892553384502968,0.0940009029377978,2.22792912217966,42.559090688,0.530487451502247,0.530487353458872,1.34535018835748,0.0736285197912597,0.073559450375603,0.0464864218789482,0.0126984702232126,2,0
1,42.659182848,accepted,0.291663793701527,-0.0112914474793593,-0.00679143061518062,-0.0279947920072132,0.0699793457672694,0.270745579032148,-0.0584636934827366,0.0194564435099158,-7.82537407752082,5.50900894537164,2.52,0.28,0.26,0.13,2.2479840765687,-7.81356302463788,5.52721774474234,2.53865330239966,0.2470951605811,0.134989287673961,0.176053903663031,2.23423930013666,42.659182848,0.398339778732333,0.398339654884175,1.00851707713137,0.0744312905532536,0.0745728729485905,0.0349768335335425,0.00896444808272416,3,0
1,42.75933056,accepted,0.26176897806926,-0.0335967765984213,-0.0289198132543858,-0.0381425586243309,0.108942050586419,-0.197990263739498,-0.122117352644949,0.00603065893879595,-7.8336900865155,5.52011581884666,2.52,0.14,0.07,0.1,2.24449341806471,-7.80128470287978,5.53268020141488,2.54608558743664,0.0784970522911212,0.173556725062175,0.204384400841395,2.24144274740298,42.75933056,0.319276634611429,0.319277443745739,0.806876050361193,0.0736860699370591,0.0740692804742904,0.0292612546435312,0.00690792340201779,4,0
1,42.875460608,accepted,0.169920776417388,0.036450002574818,-0.0156498704099031,-0.0469123484767127,0.136892115691265,-0.0902105202611877,-0.0882451145970369,-0.00899683567875265,-7.75884588919731,5.54232946631256,2.52,0.24,0.07,0.08,2.24100275956072,-7.77885602680284,5.54849687869033,2.55500186271212,0.173769451014002,0.113063655184848,0.154272477444326,2.24849097615567,42.875460608,0.266795208417713,0.266796420376529,0.672788789777298,0.0618438801375743,0.0620319882099365,0.0235493057098802,0.0056616493928219,5,0
1,42.95956096,accepted,0.162637910046287,0.00610461936599638,-0.0163002695749963,-0.0581843003812348,0.0254799354684846,-0.0998398218420009,-0.163026188265597,-0.00147953929992273,-7.76716190774963,5.54232947535111,2.52,0.04,0.02,0.14,2.24274808881271,-7.77139653206991,5.55113925415148,2.56472579921235,0.0195940692496086,0.0868304796728671,0.285405921838077,2.24465303525603,42.95956096,0.229278620603845,0.229280868537587,0.576978587674917,0.0637683378715605,0.0640401022380177,0.0215755008066674,0.00480157885469117,6,0
1,43.059630592,accepted,0.450680663387367,0.000209775287295599,-0.0286687747741494,-0.0632560801449848,0.225836144543831,-0.163076913736004,-0.109723751990446,-0.00370919292541583,-7.76716192014463,5.5312226096096,2.52,0.28,-0.09,0.06,2.24100275956072,-7.75001297618439,5.54358827299413,2.57063040235898,0.146616404839424,0.00483771528398313,0.157593092943585,2.24440793641832,43.059630592,0.201240140962674,0.201242567853125,0.505176576006591,0.0523931040014204,0.0525567037599503,0.0187707812067882,0.00419776209208026,7,0
1,43.157647104,accepted,1.20044633376443,-0.00291891214163353,-0.00880594926880107,-0.0617660489064105,0.0652054296525349,0.322922159596866,-0.28028378867043,0.00210663554401025,-7.74221386319732,5.53122258266971,2.52,0.13,0.24,-0.19,2.24274808881271,-7.73478412650211,5.56579498510989,2.55933856496898,0.0855789738613893,0.0434294591556592,0.0506115816391565,2.24114012608953,43.157647104,0.179403073724417,0.179405218115245,0.449235727243683,0.043912855244681,0.0440088512496952,0.016647254580443,0.00374767897951647,8,0
1,43.259803136,accepted,0.401046820640093,0.00364631515293912,-0.023525729671988,-0.0326663182573608,0.0180618370656495,-0.0922398837794596,0.250993791684511,-0.000123056204584859,-7.72558179935983,5.55343629383166,2.52,0.06,-0.01,0.05,2.24274808881271,-7.72727327492064,5.56862329600108,2.55965696468485,0.0495785567008129,0.0578374109588616,-0.175806259111065,2.24266988411608,43.259803136,0.162303899189089,0.162306927432476,0.404744269541991,0.0415713506307192,0.0416744206115573,0.015751209347604,0.00340258132534393,9,0
1,43.359969792,accepted,0.33918248091823,-0.0549779112519282,-0.0436249183702211,-0.292742058359711,-0.237280210198677,-0.0209825415909671,0.0155294647765158,-0.00307598872358694,-7.78379395828301,5.53122262776973,2.25,-0.31,0.11,-0.07,2.24100275956072,-7.75361794175415,5.56902708097987,2.51605418021868,-0.149525892903135,0.123889565671276,-0.0879256376286565,2.24420625041581,43.359969792,0.14813551230947,0.148138895067602,0.368357519637477,0.0393766639830754,0.0394886984687759,0.0147327378968172,0.00313195312972111,10,0
1,43.460067328,accepted,0.0638587909337688,-0.0382131760920359,-0.0386546609576097,-0.258861794171855,-0.0461929904521126,0.0495845708047897,0.0641545307989799,-0.00893398676571033,-7.80042598428301,5.54232951141258,2.25,-0.07,0.14,-0.09,2.23925743030872,-7.76848808011523,5.58094680615613,2.48949866898672,-0.0346155244805285,0.101880661732352,-0.149350703509958,2.24738582407988,43.460067328,0.136667353835388,0.136671269364071,0.338213272235471,0.0393048224935969,0.0394338025498404,0.0142678403243675,0.00292006047592492,11,0
1,43.558241536,accepted,0.0890711836988992,-0.0541936165189618,-0.0361132678861775,-0.226340125041384,-0.00379372663951437,0.100996709819457,-0.0370940374058249,-0.00159504187867032,-7.81705802242139,5.54232952957271,2.25,0.06,0.05,-0.16,2.24100275956072,-7.7675802830507,5.58509118070699,2.4563352781301,0.0621506858782932,-0.0188756467243589,-0.127324161259024,2.24284757922736,43.558241536,0.126623777134789,0.126626662189282,0.312629287382143,0.0352317320141235,0.0353330100064318,0.013436373938049,0.00275476968914896,12,0
1,43.656404992,accepted,0.0692314939309917,-0.0723073533524881,-0.0433326479069409,-0.199006061011768,-0.0456512863910579,0.0693782407529359,0.0642742178131763,0.00659366881183976,-7.83369006223873,5.54232954772798,2.25,0.02,0.09,0.04,2.24449341806471,-7.76980168809613,5.5870257706939,2.4371246758882,0.055342010827186,0.0356565183747494,-0.0194592026511396,2.23859311056156,43.656404992,0.118429078554157,0.118432038812481,0.290907746466416,0.0366826741344063,0.0368006995185381,0.0133607752194141,0.00262548270626615,13,0
1,43.758541824,accepted,0.871939648327307,-0.0793907368340339,-0.0481322519224348,-0.180261137785802,0.210500595218287,0.0420688880082173,-0.23340513682055,0.000593239421674774,-7.84200608143622,5.54232955667864,2.25,0.26,0.08,-0.27,2.24274808881271,-7.74488363827267,5.59167221888684,2.40052576345517,0.121312948979103,0.0515924585604217,-0.0690595476137194,2.24257960055626,43.758541824,0.110878605330263,0.110880751658229,0.271953706889379,0.0310369012987897,0.031104458563918,0.0125358250952992,0.00252244731141804,14,0
1,43.870704128,accepted,0.226139073501471,-0.104499469419243,-0.0425599202725531,-0.146705990975761,-0.174976714516072,0.0206539348498719,-0.0909242999813688,-0.00177185669672042,-7.84200606916588,5.55343642034224,2.25,-0.15,0.06,-0.08,2.24274808881271,-7.75750123311136,5.59467759365795,2.38266393936465,-0.0149393325128495,0.0434847224640278,0.00233878236246956,2.24436581446434,43.870704128,0.104972088218168,0.104974317252934,0.255754348707116,0.0326383161010211,0.0326649708364698,0.0126719757537261,0.00245715072503786,15,0
1,43.956815104,accepted,0.206012904063862,-0.113421630476564,-0.0438631100927944,-0.132537674595699,-0.00988484725868989,0.201390145101537,0.0294034957196712,-0.00536566082883017,-7.87527014492942,5.5534364571801,2.25,-0.1,0.23,-0.01,2.24100275956072,-7.76960428555266,5.60726964611061,2.37582463189039,-0.0926446866463091,0.0654518333065822,-0.037258671556978,2.24583137876185,43.956815104,0.0994768588999613,0.0994790891851776,0.241248645636817,0.0326217156298382,0.032642004555992,0.0127543343619331,0.00237716388798925,16,0
1,44.056986112,accepted,0.904742136173507,-0.106506850003361,-0.0237396005518535,-0.114242843388324,0.0285509697002517,0.391842239854942,0.157769662227784,-0.0100010023327695,-7.89190214665264,5.58675706831486,2.25,-0.12,0.42,-0.05,2.23925743030872,-7.78963365565594,5.63701631066668,2.36535194092774,-0.143073943175631,0.105109947410576,-0.19457445888121,2.24801822675205,44.056986112,0.0948876497603542,0.0948899120478946,0.228586871965342,0.032249399419876,0.0322658554119229,0.0129482094229327,0.00232992413978318,17,0
1,44.15715328,accepted,0.138911037328246,-0.129500486319448,-0.0387570691000567,-0.0922918048846952,-0.00553754973682705,-0.0219882898660178,0.144910686863368,-0.00932573740510012,-7.93348221850262,5.60897084349744,2.25,-0.21,0.16,-0.08,2.23925743030872,-7.81171313690554,5.64384013954525,2.34463000977311,-0.205729212714513,0.177292183945606,-0.21327004265162,2.2479105814551,44.15715328,0.0908069781293842,0.0908091867426215,0.217315334740759,0.0327414526677272,0.0327704025722838,0.0131108104561728,0.00229444185207292,18,0
1,44.257279232,accepted,0.517530368057407,-0.125923194679815,-0.0431621410591028,-0.0720279033909219,0.271242376785766,0.112075735244002,0.112581029274798,-0.0173456493219577,-7.96674628199582,5.6200777439989,2.25,-0.07,0.29,-0.09,2.23402144255274,-7.82648708504717,5.66960336020411,2.32453203935849,-0.284726826871509,0.201235291746445,-0.191181009362995,2.24929878357208,44.257279232,0.0871817098330174,0.08718424142084,0.207236695631949,0.0334694982559234,0.0335371662387987,0.013316903750103,0.00226901225758702,19,0
1,44.357431552,accepted,1.73575325754872,-0.139013811147952,-0.0588413798049254,-0.0622054079644436,0.484837457541289,-0.0883011009299075,-0.128569054268735,-0.0151271332448148,-8.00001034523239,5.63118464545386,2.25,0.07,0.16,-0.23,2.23402144255274,-7.81739723428357,5.67757235501305,2.29981107572563,-0.280226721783759,0.223266565602301,-0.109948217924335,2.24708798019907,44.357431552,0.0835286457562908,0.0835313278476722,0.197975329122861,0.0315769581525217,0.0316728458396534,0.0130290429164621,0.00225004779385279,20,0
1,44.459641088,accepted,1.15326850284942,-0.137465784011213,-0.0392742984822361,-0.686065813117001,0.398227527617095,-0.0115253885127779,0.111487611604375,-0.0140769758707195,-7.9833782699017,5.66450522062123,1.59999999999999,0.09,0.32,-0.01,2.23227611330075,-7.81679440958102,5.70066005635538,2.26144350579127,-0.212233608598696,0.328234178524487,-0.107539308720414,2.24381321229581,44.459641088,0.0804693491076669,0.0804716334920449,0.189712464396839,0.0309541492344781,0.0310142360593144,0.0129605246881115,0.00224030651540098,21,0
1,44.55983744,accepted,0.468835121375633,-0.149167578741733,-0.044446965706471,-0.654032967945086,0.230571385760086,0.00217183807527496,0.0413984274722264,-0.0106607798756926,-7.98337824523636,5.68671894863693,1.59999999999999,0.08,0.19,-0.01,2.23402144255274,-7.81976910668253,5.72917694470082,2.22755370683653,-0.0930939458187608,0.188143551845804,-0.0467164038853554,2.24356346178048,44.55983744,0.0775855132518062,0.0775879790076131,0.182130718526643,0.0302225694917372,0.0302659717158804,0.0127047494719096,0.00223420344792499,22,0
1,44.6580032,accepted,1.09604814367697,-0.134450176090318,-0.0543845578067934,-0.627112978788042,0.37763571576268,-0.0810921066708297,0.0362008275231823,-0.00405532067206993,-7.96674619534086,5.6978257936228,1.59999999999999,0.3,0.13,0.09,2.23576677180474,-7.80270765147797,5.74187965159026,2.20291921536523,0.0194660367470898,0.189686095196987,0.0585952460420118,2.23910299805123,44.6580032,0.0748788652630043,0.0748808327692485,0.17514615782581,0.029421836310658,0.0294626778541171,0.0124236755444377,0.00222797436086467,23,0
1,44.760190208,accepted,0.521559453620793,-0.152593608109747,-0.0468113206962375,-0.613699614897706,0.168001764674334,0.166735546783005,-0.118142539914739,0.00145982197025241,-7.95011414299656,5.70893263938993,1.59999999999999,0.16,0.27,0.05,2.23751210105673,-7.79109610343429,5.76704657386161,2.18007838108277,0.0278420426620559,0.139941785373781,0.157071592896835,2.23620799748572,44.760190208,0.0726723301278514,0.0726745568086905,0.168933441846888,0.0303919006123935,0.0303892703496743,0.0124486488994434,0.00222861752052489,24,0
1,44.876392704,accepted,0.474792268782664,-0.152919305418937,-0.0593965127788696,-0.596560196943901,0.240538387918319,0.01215351094624,0.0404134120404573,0.00391905258771708,-7.94179811437339,5.72003949461073,1.59999999999999,0.23,0.11,0.11,2.23925743030872,-7.77373636768828,5.77788285943645,2.17545580085773,0.0471488070300008,0.100479455022737,0.0735945322269351,2.23581630793751,44.876392704,0.0708712562677725,0.070873635981816,0.163418369238597,0.0300041843255408,0.0299797208911078,0.0124866830957842,0.00225366633064721,25,0
1,44.958524672,accepted,0.505739914308132,-0.164224670963826,-0.0695512201883242,-0.578059704110287,0.180105507962033,0.00818374784780451,-0.123470439824698,0.00176933172897442,-7.93348209504393,5.72003948523035,1.59999999999999,0.32,0.13,-0.06,2.23751210105673,-7.75687547133681,5.78743105423781,2.1432871912564,0.19069181343951,0.123488316566188,0.0465504295087134,2.23587453657731,44.958524672,0.0682113618151655,0.068212815196315,0.157508741408514,0.026039380703468,0.0260526440592736,0.0116959937066809,0.00222422531375387,26,0
1,45.058657024,accepted,1.12871010547598,-0.150938770403036,-0.0415061787698727,-0.548862250163038,0.0504186626734069,0.413740866703605,-0.0785567517609576,0.00266363697845673,-7.89190195062755,5.76446689755114,1.59999999999999,0.19,0.64,-0.06,2.23925743030872,-7.74380208353287,5.83392937401548,2.12286846639045,0.147952453371946,0.304839647084364,0.0105097497068191,2.23667204508773,45.058657024,0.0665377456928687,0.0665392546014638,0.152675215380604,0.0267762015258431,0.0267798777434749,0.0117444386273464,0.00222287430544202,27,0
1,45.156819712,accepted,1.82132811144834,-0.105639134147625,-0.0645893305283272,-0.522407485283302,0.234772508687674,-0.390283932149958,0.106349610693738,-0.00237181278663279,-7.8336897825353,5.79778742683104,1.59999999999999,0.4,-0.14,0.07,2.23576677180474,-7.70867528896931,5.8202000712594,2.11350594554915,0.22724177263859,0.146210507535576,-0.0243895997529601,2.23779077485808,45.156819712,0.0646169310787238,0.0646182151771284,0.147873610448914,0.0247277222143105,0.0247281262350515,0.0112661933928439,0.00222692401660881,28,0
1,45.258929664,accepted,0.197573106446357,-0.120191600343783,-0.0502157797438185,-0.509912716358746,-0.0420452659965322,-0.0749400772331388,-0.0826295798435837,0.00139328835346753,-7.80042571813301,5.78668052486335,1.59999999999999,0.39,0.08,-0.1,2.23751210105673,-7.68922193763331,5.82746872853268,2.08349567889722,0.420694008510504,0.135009706084588,-0.0282976180969808,2.23605201342836,45.258929664,0.0629012801431828,0.0629027176110177,0.143453731174731,0.0234950881646485,0.0235834292212964,0.0108505035182046,0.00222666930484096,29,0
1,45.359058176,accepted,0.210620547441359,-0.128515782119706,-0.0633340193326442,-0.478403533853351,-0.0771753836321021,-0.0571185113018281,0.0956802934856778,0.00592037835692727,-7.77547766183088,5.78668049783557,1.59999999999999,0.28,0.19,0.01,2.23925743030872,-7.65829708423935,5.84288931578065,2.06942651464871,0.339887568029596,0.234431538026619,-0.0771760434465748,2.23389817422107,45.359058176,0.0614402504603729,0.0614413537432984,0.139461849859224,0.0232595166306606,0.0232750064795075,0.0106737210772059,0.00222106556213417,30,0
1,45.459171584,accepted,0.525291252204469,-0.145985494560755,-0.0656267302689466,-0.679014439876041,-0.196214498365805,-0.0651698888253161,0.0659415621573289,0.00241946231309775,-7.76716163037034,5.79778735436143,1.38,0.22,0.11,-0.04,2.23751210105673,-7.64524399606146,5.85476253780938,2.04229660379398,0.366882125755916,0.158715500934583,-0.0991709837617702,2.23551592615959,45.459171584,0.0599371915115773,0.0599382607796166,0.135586618133292,0.0221543172269954,0.0221864883875773,0.0102921975293346,0.00222056162752518,31,0
1,45.55933568,accepted,0.972181069453213,-0.0588802808789852,-0.0335511877534351,-0.65252654653169,0.220408857319741,0.231400081238807,-0.0899933690718672,0.00352616214473311,-7.66736935699689,5.84221470348917,1.38,0.69,0.45,-0.15,2.23751210105673,-7.59232359218425,5.89377788911349,2.00321628136073,0.518430707402936,0.269948654111692,-0.0720579147003132,2.23425395386831,45.55933568,0.0586214280275952,0.0586227549138281,0.132049890040183,0.0220987573888456,0.0221621894239834,0.0100754451780871,0.00221450393882394,32,0
1,45.657507072,accepted,1.00452176516579,-0.0593643567703852,-0.053324270440033,-0.613426057372996,-0.215730801940477,-0.152253992963643,0.259586184751451,0.00284047670290022,-7.60084117011032,5.87553522483634,1.38,0.32,0.19,0.12,2.23751210105673,-7.55795856876975,5.91684421437059,1.99115274875493,0.49735477373352,0.315118227810547,-0.119896576183432,2.23528302890973,45.657507072,0.0575364618291665,0.0575374937985288,0.128894403743689,0.0226599368502566,0.0226971074510882,0.0100858987535085,0.00220699533275927,33,0
1,45.759675392,accepted,1.22934459761036,-0.0743785606866565,-0.0620076996573458,-0.60049731041612,-0.349260992646984,-0.201094750663229,0.235052345840044,0.000704342954495285,-7.57589310271088,5.88664206310312,1.38,0.18,0.17,0.25,2.23576677180474,-7.5241267210405,5.93494310292633,1.97471221192354,0.475366286271678,0.33971844518262,0.029808662116159,2.23583808891191,45.759675392,0.0567481966993833,0.0567492386804172,0.126148464776221,0.0251261247551485,0.0251516269627579,0.0102791280761814,0.00220366199259865,34,0
1,45.877782784,accepted,0.821492142309307,-0.0955674679707554,-0.0779677367764959,-0.602941005521451,-0.354653982896426,-0.108061761622971,0.0617941663223953,-0.000923768227904187,-7.55926105372448,5.89774890886052,1.38,0.19,0.24,0.17,2.23576677180474,-7.49049805495458,5.96577377859241,1.9681869446066,0.483313105849708,0.328970999466888,0.112622131333425,2.23734274785416,45.877782784,0.0563729613811866,0.0563741800400074,0.123879667110778,0.0275516869644054,0.0275956109847312,0.010548557928666,0.00222259508409195,35,0
1,45.9599168,accepted,0.650186820180525,-0.0627644262434064,-0.0709837538912268,-0.590117364368456,-0.288198409997587,0.00224317438832156,0.0731660036418597,-0.000788193028582462,-7.50936491672611,5.91996258479831,1.38,0.27,0.29,0.06,2.23576677180474,-7.47223826356519,5.98858711852584,1.95798205408975,0.499351312407858,0.287609473020024,-0.00695404072878645,2.23690309033211,45.9599168,0.0551742425310331,0.0551754357785708,0.12094698994577,0.0255127675577436,0.0255727082566075,0.0103157156074587,0.00218391764830292,36,0
1,46.060077568,accepted,3.58807836780889,-0.0783785828204477,-0.0880005948805778,-0.562394727753039,-0.361000175620254,-0.286317357778604,0.622487074253084,0.00337184244854694,-7.49273287949683,5.91996256740971,1.38,0.25,-0.14,0.26,2.23751210105673,-7.44299244327145,5.984846175458,1.96632820173429,0.549006619645333,0.100130479032359,-0.319891963004269,2.23341542144025,46.060077568,0.0545733316766861,0.0545748773698947,0.118655328266053,0.0245853305953331,0.0246409265298933,0.0103846160781559,0.00217176422275749,37,0
1,46.158243328,accepted,5.2665741301312,-0.104830104135893,-0.0825439344929224,-0.541487141762962,-0.704741636341091,0.088039380756845,0.738923455105863,0.0101216863830107,-7.48441687256968,5.90885569549015,1.38,0.1,0.14,0.33,2.23925743030872,-7.42867349723921,5.99416154606599,1.94796006107291,0.699040068119462,0.0644980495060815,-0.361358534554744,2.22892290778413,46.158243328,0.0541069622371926,0.0541091291170161,0.116577516716454,0.0255296869599015,0.0257758169555302,0.0105993387031371,0.00215057923422078,38,0
1,46.258386176,accepted,2.34033182355628,-0.0938449536456183,-0.0746950790852008,-0.539953361739832,-0.296648342390102,0.270732054033598,0.524719203992142,0.0130440845775843,-7.45946880542685,5.91996253280343,1.38,0.21,0.29,0.32,2.24100275956072,-7.39007865872465,6.01105461755355,1.93658859183825,0.457171290399893,0.0620912564634649,-0.172311676598505,2.22846332793393,46.258386176,0.0537297450466898,0.0537332959128816,0.114660093701945,0.0273376142243535,0.0273246278589291,0.0106042486758133,0.0021366206699307,39,0
1,46.358516224,accepted,1.67075047421024,-0.097917239352916,-0.0813186539285482,-0.460978177996077,-0.299029422996163,-0.0488780562987687,0.464062408051753,0.00221053045286368,-7.44283674509382,5.9421762459271,1.45999999999999,0.17,0.2,0.3,2.23402144255274,-7.37087155645518,6.01698714316367,1.93757307404581,0.417965114993519,0.239901963385959,-0.13534209621,2.23222803179164,46.358516224,0.0534070351464582,0.0534104734743129,0.112864387307983,0.0278926542575332,0.0279447430195205,0.0106585199381677,0.00212762237786503,40,0
1,46.458659584,accepted,1.89656072759405,-0.0891234582839484,-0.0903634607531423,-0.46186593892767,-0.295398198068337,-0.0989829408771725,0.504997012456588,-0.00520610243466857,-7.41788867575151,5.95328308333932,1.45999999999999,0.13,0.13,0.3,2.23053078404875,-7.35488060538032,6.03291278815013,1.94176851415447,0.375440825596602,0.212054388537509,-0.174132070979237,2.23573649870039,46.458659584,0.053141067272652,0.0531452293647404,0.111194783958115,0.0279759369716687,0.0280161057130018,0.0107053332882607,0.00211765062596273,41,0
1,46.558782464,accepted,1.47721162946443,-0.0882049987036027,-0.119443955753017,-0.466963841322799,-0.170494800326838,-0.291451050155367,0.372596940014121,-0.00468766719828695,-7.40957266895631,5.94217621115476,1.45999999999999,0.24,0.02,0.29,2.23053078404875,-7.3395305891817,6.03220707301632,1.94139540049509,0.377812702717276,0.257495740965765,-0.0573331621744602,2.23541508872575,46.558782464,0.0527845858999122,0.0527883174189419,0.109551998384389,0.0281523397524293,0.0281917244567823,0.0106747980884288,0.00210270708638857,42,0
1,46.65692544,accepted,1.98927645624508,-0.0827600276124532,-0.110030737533632,-0.472092039718048,-0.258835929750218,-0.155028482112769,0.487712115599003,-0.000920769299038504,-7.37630859501829,5.94217617697818,1.45999999999999,0.29,-0.04,0.32,2.23227611330075,-7.32019064255017,6.03469681295325,1.956384835844,0.49948860424932,0.0867125747682466,-0.133839237255181,2.23286261478595,46.65692544,0.0523869522970325,0.0523911330221725,0.107941650267316,0.0271056967371794,0.0271694353976159,0.0106145147488028,0.00208232997932657,43,0
1,46.759091456,accepted,2.77790816155355,-0.120665507166501,-0.149176938475481,-0.480025370327002,-0.159625531602197,-0.396828217410984,0.511688632514218,0.00993008790490535,-7.39294067781718,5.89774873524305,1.45999999999999,0.28,-0.21,0.36,2.23576677180474,-7.29209098847518,6.00424265407313,1.96876314877176,0.407268567867784,0.112573526305508,-0.114890204689092,2.22638182957526,46.759091456,0.0520409786895105,0.0520451051812054,0.106460464602926,0.0264125047784505,0.0264535185959961,0.0104880333206342,0.00206449165450134,44,0
1,46.869248256,accepted,4.53580475609335,-0.173789083403467,-0.134044052832119,-0.493557723746703,-0.566059423841295,0.0371024870490272,0.624192771644591,0.00977572563223328,-7.40957274951875,5.86442816019188,1.45999999999999,0.04,-0.09,0.41,2.23576677180474,-7.29915244454635,5.99800201889123,1.99465945169774,0.496027346187249,-0.120132496503235,-0.164876226926929,2.22511715847192,46.869248256,0.0518753327998916,0.0518798518130813,0.105199957340929,0.0256553515280549,0.0256652998080122,0.0104340278538979,0.00205622614121141,45,0
1,46.95738112,accepted,3.78541958767587,-0.119616071773971,-0.115172175511789,-0.524335067335892,-0.612611778869971,0.191764364203643,0.520235888643893,0.0180059801559742,-7.36799264476538,5.87553498106386,1.45999999999999,0.05,0.14,0.47,2.23925743030872,-7.30555271814871,6.00334268352108,2.00981953772238,0.561542577510205,-0.0217780442735413,-0.0138970622834098,2.222055579895,46.95738112,0.0513289484755151,0.0513336378814442,0.103650774983219,0.0254528444312237,0.0256054094717493,0.0103320795312547,0.00201992331075951,46,0
1,47.057546752,accepted,3.73956084494497,-0.0743833381726091,-0.0912222859103604,-0.547181291081322,-0.535877473544358,0.189786656730722,0.594363052037833,0.0116828729674312,-7.31809649705826,5.90885552316182,1.45999999999999,0.09,0.15,0.5,2.23751210105673,-7.29286417353554,6.01333707023678,2.03752642146158,0.539877601832692,-0.0109274375524076,-0.0549766828224106,2.2263974619673,47.057546752,0.0511663933185683,0.0511716245420878,0.102476709530777,0.0250342726435291,0.0251783010970417,0.010288927391934,0.00200151846978464,47,0
1,47.157672704,accepted,2.89836292639546,-0.0900508904803479,-0.0996179641708723,-0.557564221934383,-0.465985448404962,0.149527088211951,0.537200404598158,0.00694356874888413,-7.32641251573522,5.90885553151186,1.45999999999999,0.07,0.05,0.22,2.23576677180474,-7.27939714682052,6.01800329406186,2.04321319523159,0.46568228953429,-0.0780666296821634,-0.283376034194288,2.22867095483902,47.157672704,0.0510501119357389,0.0510559888449484,0.101391605513779,0.0241273768058785,0.0241858082060556,0.0102378728243179,0.001983019706181,48,0
1,47.25983232,accepted,6.16446852557893,-0.127805547263792,-0.127458120735228,-0.554297670114417,-0.565803728800725,-0.241724091463388,0.5418634347646,0.00747285980169732,-7.35967661447055,5.88664183740774,1.45999999999999,-0.12,-0.21,0.24,2.23576677180474,-7.3180836974807,5.97544322635903,2.07312889558251,0.305748384310533,-0.0266102749363263,-0.241298532632206,2.22796578432176,47.25983232,0.0500227156194425,0.0500274523077018,0.0996478442645414,0.021452595968203,0.0215112930707308,0.00965646201470234,0.00196700301547098,49,0
1,47.35804032,accepted,7.9366408826058,-0.0864833839107284,-0.0817016134544453,-0.586825225149895,-0.619552851022334,0.241073842976814,0.859329524538921,0.0067568519140595,-7.36799263353609,5.8866418459287,1.45999999999999,-0.23,0.18,0.56,2.23402144255274,-7.34415911701154,5.98866566319229,2.10900333488291,0.288310164142655,-0.0234452911304287,-0.237007391545866,2.22754885445064,47.35804032,0.0496431994551106,0.0496479037107629,0.0984315791024533,0.0208935779883229,0.0209602754427088,0.0094932271426702,0.00194562694459418,50,0
1,47.458205696,accepted,3.1490993259134,-0.0682892982767713,-0.0895619860288503,-0.583785243042682,-0.513932359153578,0.162029784240497,0.504610868418389,0.0044353760201945,-7.37630864097648,5.89774871802537,1.51,-0.05,0.11,0.41,2.23227611330075,-7.35287262544896,5.99774571698081,2.11812022150234,0.391427819320116,-0.0303976348892844,-0.0633466356362336,2.22809198344044,47.458205696,0.0495237137703387,0.0495289237575538,0.0974863643521106,0.0215188096099127,0.021661803936594,0.00947540414514918,0.00192532199208681,51,0
1,47.558304,accepted,2.18694984585715,-0.039054793358714,-0.0590651514192624,-0.606823069797077,-0.364365293123315,0.396401512886956,0.347595292245129,0.00504579769266877,-7.35136054866237,5.93106928568486,1.51,0.03,0.27,0.37,2.23227611330075,-7.34195213928149,6.01876825391893,2.12686931499539,0.346669953000039,-0.0762832662800879,0.0417455803784641,2.2276709508837,47.558304,0.0495155009468738,0.049521098069604,0.0966741797022848,0.0221151201376992,0.0221843222088967,0.00945774206973133,0.00190469811257351,52,0
1,47.658525952,accepted,2.95796399698662,-0.103906446126064,-0.119859166666849,-0.619476674599773,-0.340657135960571,-0.33738288538862,0.410721352187721,0.00592309541869351,-7.40957272653966,5.88664188862623,1.51,0.07,-0.42,0.42,2.23227611330075,-7.34642564066268,5.9664967876928,2.15630840738086,0.347970155473651,-0.141501279835102,0.0401536635705926,2.2250219176081,47.658525952,0.0490639964169463,0.0490693845225864,0.0955285315803696,0.0209879077947001,0.0210686055791752,0.00921740114921036,0.00188414506571236,53,0
1,47.758679552,accepted,6.61754814956759,-0.117410103046839,-0.108164089313016,-0.644692050658681,-0.582179347599968,-0.0979772339067014,0.602197907958993,0.00877234122882431,-7.43452081898572,5.85332132139645,1.51,-0.36,-0.02,0.46,2.23402144255274,-7.39729108321447,5.94518926697265,2.21676501237891,0.101037953731204,0.0569214428669828,-0.0846593071646985,2.22646425147356,47.758679552,0.0482739895969157,0.0482777527499818,0.0940843254178236,0.0187511778842702,0.0187873322639673,0.00874263085128135,0.00186499179845135,54,0
1,47.874784512,accepted,2.34485447000612,0.00865902594830814,-0.0421971088057607,-0.706722099359285,-0.254889253110386,0.341140098355694,0.474265975905257,-0.00494304688019431,-7.37630862922667,5.90885558298429,1.51,-0.15,0.38,0.48,2.22878545479676,-7.40438068739805,5.97556471875976,2.23450679541907,0.0740948043987564,0.0783402626321794,0.0288210796371935,2.23354279767724,47.874784512,0.0486489584347235,0.0486533566558881,0.0937561953920377,0.0197321915547803,0.0197771910954837,0.00878824412622247,0.00186132461719582,55,0
1,47.958910464,accepted,2.08342294030555,0.00275788701116841,-0.0749082475836733,-0.727917481826968,-0.244809281107723,-0.106649082215114,0.490958025617767,-0.00578944384033209,-7.39294066606737,5.90885560020197,1.51,-0.12,0,0.55,2.22878545479676,-7.41669209961433,5.97233245770309,2.26091220002503,0.0917660922998292,0.0919222937405229,0.0860299308437858,2.23441277499744,47.958910464,0.0481234749712918,0.0481276374684909,0.0925999455830321,0.0193235006175286,0.0193683665618961,0.00862737152597532,0.00182679747271753,56,0
1,48.057087488,accepted,1.56969044275645,-0.0380644309637521,-0.123701231308248,-0.748865602528011,-0.0987024099344791,-0.145486826934143,0.429971846844732,-0.0047201528486398,-7.44283683779465,5.8533213301762,1.51,0.08,-0.19,0.31,2.22878545479676,-7.41507132932712,5.96040035781116,2.27816914674908,0.164095185154708,-0.0643656110949997,-0.0962266811239056,2.23295181344806,48.057087488,0.0479175544958731,0.0479221725525674,0.0917735537524662,0.0186035209332506,0.0186574248032302,0.00852010325212278,0.00180572829987908,57,0
1,48.157200128,accepted,1.35414061033572,-0.0199821069869239,-0.134533361287093,-0.760501243404017,0.065270700523864,-0.0879481812440556,0.446099532531496,0.00788786994318302,-7.42620483284548,5.82000072017558,1.51,0.04,-0.11,0.41,2.23402144255274,-7.40200311869344,5.94363510444118,2.28536556257156,-0.0184738422542871,-0.0330762192319475,-0.0160781506321292,2.22665171947693,48.157200128,0.047936394847848,0.0479408443844937,0.0911900718213037,0.01899169650865,0.0190493551661242,0.00845170098425736,0.00178570085924222,58,0
1,48.257341184,accepted,2.0430942220484,0.0224553666024478,-0.124701248568154,-0.771244263070224,0.0232947111371581,0.0997208190950534,0.614256340914218,0.00121225377715595,-7.38462473932139,5.82000067687743,1.51,-0.03,0.1,0.56,2.22878545479676,-7.40493549965268,5.9475064188016,2.30218678139262,-0.0511113574807077,0.00899516864450172,-0.0303830635037686,2.22748833897713,48.257341184,0.0481233322347664,0.048127845229053,0.0907773174369753,0.0194000727537505,0.0194739995050963,0.00847093719312467,0.00176680532368472,59,0
1,48.357487616,accepted,1.02986466934847,0.0243072370305795,-0.124283484795517,-0.572282645068649,-0.00953763011997474,0.26943943914173,0.379925973754907,-8.44730025137963e-05,-7.38462473932139,5.82000067687743,1.73,-0.05,0.21,0.36,2.22878545479676,-7.40884477104024,5.9575274979591,2.31126514469361,-0.041269156062985,-0.0357656914454611,-0.00689752232885116,2.22860373805569,48.357487616,0.0484219400292828,0.0484265715057698,0.090479453480885,0.0200583002389066,0.0201244280986143,0.00852565133494114,0.00174783836609458,60,0
1,48.457606912,accepted,1.68704613334048,0.0234363109963045,-0.13557394787366,-0.581477375621132,-0.0294218644704638,0.139949215569719,0.535927557717786,0.00440805356631291,-7.3846247510712,5.80889381191851,1.73,-0.01,-0.02,0.59,2.23053078404875,-7.40976521441173,5.95124086350916,2.33566973000903,0.0159739427018611,-0.145045159443967,0.0771087390826558,2.22622321679311,48.457606912,0.0485543145883484,0.0485588547192416,0.0900723105831859,0.0204201377074665,0.0204337341143379,0.00852140806387191,0.00172864827290513,61,0
1,48.557788416,accepted,1.74133846677272,-0.0113460468717053,-0.152033077764382,-0.613884563962601,-0.262297225703672,0.261277028520057,0.400019066329352,0.00796678783168892,-7.41788884864081,5.78668011799636,1.73,-0.21,0.16,0.46,2.23227611330075,-7.42964839805915,5.95650774296129,2.36131531105414,0.0202962299297813,-0.070840879028292,0.078669443309313,2.22438994033844,48.557788416,0.0485802564650921,0.0485845187661739,0.0896030275790125,0.0202097433463385,0.0202526767909247,0.00845595778922426,0.00171026917853455,62,0
1,48.65793152,accepted,0.497478456756995,-0.00426711458617657,-0.1539501921636,-0.646990357442693,0.0365369324493661,0.283770291637008,0.0915695998991436,0.00193230041070258,-7.43452087696494,5.79778700085175,1.73,-0.01,0.27,0.39,2.23053078404875,-7.42788363226257,5.96639998986181,2.36806831680158,-0.043052763686568,0.012226486177967,0.299948791845871,2.22855699715538,48.65793152,0.0489009160217181,0.0489049820617217,0.0893959039693754,0.0211412273938143,0.0212199829116427,0.00847465133202647,0.00169149479964619,63,0
1,48.75808128,accepted,0.337586673214593,0.0159418518170966,-0.165579867925359,-0.670327230648143,-0.13442005342922,-0.0755786345232227,0.0988243592151344,-0.00709350482609583,-7.41788882552976,5.80889384669571,1.73,-0.18,0.02,0.43,2.22704012554476,-7.44729479257236,5.96132672747917,2.39471651716499,-0.064628989526552,0.083136675155194,0.334807744081722,2.23387681248965,48.75808128,0.0486759583950578,0.0486795839836612,0.0887856539593558,0.0204059686252873,0.0204864207127832,0.00831777458403162,0.00167294110904411,64,0
1,48.87624448,accepted,0.601329717047816,-0.0141881828048556,-0.167189855895858,-0.701981408149614,0.00772416563643966,0.318260166553101,-0.0770987677273793,-0.00608469928469013,-7.46778495168012,5.79778703537015,1.73,-0.06,0.35,0.21,2.22704012554476,-7.45349155560725,5.98317789390308,2.41144734971498,-0.0670525987913439,0.0615931465483328,0.281713396510711,2.2326197513945,48.87624448,0.0495071387078561,0.0495109275534622,0.089070327091951,0.0209025408010435,0.020988976997186,0.00839183106951443,0.00166759732754398,65,0
1,48.958394112,accepted,0.627516756697212,-0.0252471334231599,-0.212680702664759,-0.701078960958806,0.151157008198088,-0.260435658195777,0.0261600385147688,-0.000232541945345055,-7.48441701189579,5.77557332405321,1.73,0.06,-0.18,0.16,2.23053078404875,-7.44613890740897,5.95762282087228,2.41751918429229,-0.0734378751098799,0.0472560872321742,0.132767920370049,2.23095771492212,48.958394112,0.0489544908891072,0.0489578261185269,0.0881903542233589,0.0197664879644971,0.0198521698703767,0.00823295819147992,0.00163678924709038,66,0
1,49.05651584,accepted,0.365567229549229,-0.0622675904172239,-0.215108120836584,-0.694333497547918,-0.0948390965238671,-0.129436945149189,0.0197999712665333,-0.00350220252408873,-7.51768111049916,5.75335962951938,1.73,-0.15,0.04,0.06,2.22704012554476,-7.47106587646999,5.9429699842181,2.41200310611528,-0.0731290346934421,0.143573242012454,0.0397380960264582,2.23059105417744,49.05651584,0.0479762723118898,0.047978472204219,0.0870034097125738,0.0177673105720401,0.0178281194860872,0.00786047658206112,0.00161752237652262,67,0
1,49.15868288,accepted,0.454447861932939,-0.0461044776691431,-0.191272176645237,-0.696972116088755,-0.0554850062017838,0.178775178551775,-0.173569348896731,-0.00388281771211352,-7.52599711755827,5.76446650325805,1.73,-0.16,0.3,0.04,2.22704012554476,-7.48549686133423,5.96297418283455,2.40014523883422,-0.110153833367488,0.136442523957435,0.20418449058529,2.23065699537195,49.15868288,0.0482446367289713,0.0482469139727387,0.0868642128996933,0.0183450471176471,0.0184262098140628,0.00784727249671785,0.00160152569665295,68,0
1,49.258845696,accepted,0.80223876034308,-0.0585501638581878,-0.208885844037458,-0.691482927652387,-0.0811317290732301,-0.167841301777541,-0.200137431127744,-0.00426670674121743,-7.55094517359648,5.76446652942641,1.73,-0.1,-0.1,0.02,2.22529479629277,-7.50536045644765,5.94377227352295,2.38054084893227,-0.0332495179982379,0.0369302294556372,0.202609928751809,2.22927074321426,49.258845696,0.0474551985404654,0.0474580483299005,0.085824816911382,0.0169021832697446,0.0169737005634762,0.00753517917642514,0.00158451673245576,69,0
1,49.358961408,accepted,1.65542151074063,-0.0785337039725986,-0.196805319822635,-0.990313726013035,-0.0191996661098066,0.122452899324673,-0.467854158033475,0.00213530233672321,-7.58420926264952,5.75335969975256,1.41,0,0.23,-0.22,2.22704012554476,-7.50971850034039,5.95459660721675,2.34120363067703,0.0168055847583466,0.119135535062687,0.222586895949052,2.22516684164964,49.358961408,0.0474571098348647,0.0474596144847221,0.0854773653060416,0.0168545465529978,0.0169398831685825,0.00746132479309324,0.00156828797845325,70,0
1,49.45910272,accepted,1.28468575887369,-0.10154941619354,-0.201115263538781,-0.953742444663972,-0.288332356265364,-0.0214302663827377,-0.272298646631422,0.00283120480831256,-7.60915730693791,5.76446659087983,1.41,-0.27,0.06,-0.08,2.22878545479676,-7.53882958044855,5.95725808767075,2.31840223472538,-0.0166811369030764,0.0771510203640584,0.174941444019117,2.2260487714328,49.45910272,0.0472895572545429,0.0472921809084955,0.0849893911124922,0.0163911871897453,0.0164770583482678,0.00733410681626443,0.00155140030484864,71,0
1,49.557254912,accepted,1.38421900761801,-0.0771476638314921,-0.19235160303542,-0.926250716014774,0.160640031753654,-0.0792828816360196,-0.422543374410908,-0.00222141635271189,-7.62578933254933,5.77557347296236,1.41,0.01,0.03,-0.19,2.22704012554476,-7.53847176315761,5.95574724566253,2.2849351616443,-0.136012689918726,0.100101532831446,0.211791487380383,2.22919599960466,49.557254912,0.0473382941340195,0.0473406539753435,0.0847119222291044,0.016474454182524,0.0165616929118426,0.00726712010986642,0.00153302893006256,72,0
1,49.659429888,accepted,1.29536644064441,-0.0741613141968731,-0.168867854449699,-0.902376295556463,-0.0445801099597766,0.128170170268096,-0.408870563613415,-0.00702934405519517,-7.62578930866113,5.79778720201459,1.41,-0.11,0.18,-0.13,2.22529479629277,-7.5577628573767,5.97222284205827,2.26079037311007,-0.0705220852064476,0.0634180870227926,0.257803702488991,2.23201903741001,49.659429888,0.0474274921667647,0.0474299889340232,0.0844906381582313,0.0165073088007501,0.0165961821033803,0.00720958558324999,0.00151756454045574,73,0
1,49.757590528,accepted,0.724538010383538,-0.0847973363038301,-0.182626351017528,-0.873031695712239,0.0368240845845475,-0.183179062940583,-0.140424769024812,-0.00136106070954067,-7.6507373648313,5.79778722861265,1.41,-0.13,0,0.02,2.22704012554476,-7.56339494464934,5.94897686929243,2.24522638697986,-0.161503666785388,0.151172169014538,0.147195225314161,2.22846291024081,49.757590528,0.046543734774655,0.0465461182501439,0.0833772912964228,0.0149766124441027,0.0150537557599243,0.00688038518377382,0.00150104112976465,74,0
1,49.875794688,accepted,2.01919834489633,-0.0971687074612175,-0.180205123645298,-0.866657328023926,0.0505421831594239,-0.139831613152691,-0.55196730137805,-0.0110071665311784,-7.68400144162129,5.79778726441532,1.41,-0.13,0.12,-0.25,2.22180413778878,-7.58612382375343,5.9617768963621,2.21744953162858,-0.176951373564041,0.24613165224879,0.277211886738846,2.23231629261658,49.875794688,0.0471031662940376,0.0471052471660869,0.0836421112894776,0.0155687684314602,0.0156366960808979,0.00688617559211429,0.00149392555798302,75,0
1,49.957905152,accepted,2.18497357380296,-0.102037565332299,-0.181017054298148,-0.830104570247602,0.0280015445597145,-0.258569411267304,-0.574936619381566,-0.0110774884786995,-7.7006334793711,5.79778728240454,1.41,-0.13,-0.03,-0.28,2.22180413778878,-7.59995525853063,5.95535088222195,2.18437682638665,-0.156730553231265,0.206364554566546,0.271915035604466,2.2324209428678,49.957905152,0.0468398654781549,0.0468417376640724,0.0831106571517171,0.0154549504522162,0.0155364299572,0.00681878390659943,0.00146791635837134,76,0
1,50.058066688,accepted,1.64597714439899,-0.109819971100458,-0.192390201571812,-0.798187079786902,0.139981028732108,-0.372842021240219,-0.359473705186677,-0.00536313309867698,-7.72558154754769,5.78668044378489,1.41,-0.04,-0.11,-0.07,2.22354946704078,-7.6089733879144,5.94574781337825,2.16640969050037,-0.169202289847943,0.229691817572651,0.274071018977171,2.2286215212025,50.058066688,0.0470114960771882,0.0470131339070685,0.0830145771663487,0.0155691494067041,0.015647032899068,0.00678904135259396,0.00145328727434553,77,0
1,50.158225152,accepted,3.88942795257408,-0.107862667605283,-0.198786050660734,-0.774164577966863,0.488076714903638,-0.133170716534051,-0.533357638397936,-0.00803127722070274,-7.74221359860161,5.77557359819353,1.41,0.15,0.14,-0.45,2.22180413778878,-7.58980181990672,5.95533070514853,2.11716389814314,-0.285591196641992,0.257598604036317,0.0553178283533853,2.2289046028471,50.158225152,0.046822753701262,0.0468245080761858,0.0825978191922511,0.0148789701628948,0.0149840901751007,0.00666161946978601,0.00143708384488793,78,0
1,50.258390016,accepted,0.766895279960998,-0.112659963668335,-0.192480600313446,-0.709297631471329,0.066578842970876,-0.299414349457253,-0.161344918492462,-0.00410625269358489,-7.72558154754769,5.78668044378489,1.41,-0.14,-0.06,-0.2,2.22354946704078,-7.61152464378618,5.95080359945659,2.09315355016427,-0.202239676392701,0.213071540360606,-0.0465137967342666,2.22758423636809,50.258390016,0.0469776306642111,0.046979209112056,0.0825071456921678,0.0148028082072703,0.0148954265957077,0.006624976343538,0.00142256394461351,79,0
1,50.358528256,accepted,1.93297769521002,-0.117038859544138,-0.202237256351267,-0.679248171693672,0.371146168923785,-0.22241933075508,-0.220979649059389,0.00144377918379446,-7.7505296150864,5.77557360706604,1.41,0.12,0.06,-0.19,2.22529479629277,-7.59598177017662,5.94695353261562,2.05137265338943,-0.207250332426955,0.253849892575049,0.01759262091167,2.22353049124932,50.358528256,0.0465955159671578,0.0465971552677996,0.0819438212018194,0.0143530919778989,0.0144361979781169,0.0064628168995501,0.00140841071848311,80,0
1,50.458688512,accepted,3.08047655125625,-0.126199263751587,-0.200995157855408,-1.10021416877459,0.430360092641065,-0.154527401097914,-0.336439000651028,-0.00175700009733948,-7.74221359860161,5.77557359819353,0.959999999999994,0.26,0.11,-0.27,2.22354946704078,-7.56819952856361,5.95200509895457,1.99758748559745,-0.115325442579494,0.243134033953487,0.0435748053849939,2.22460110649152,50.458688512,0.0460772913886114,0.046079232837532,0.0812384165234598,0.0136915889466637,0.0137690600876306,0.00626721536196592,0.0013933717798798,81,0
1,50.556829696,accepted,2.21515811107543,-0.141978049327609,-0.151358327610296,-1.04163060985769,0.108078096245557,0.484231325123212,-0.321020692796591,0.00491850354494483,-7.71726549232361,5.82000102797975,0.959999999999994,0.04,0.67,-0.25,2.22529479629277,-7.57165431451292,6.00328572836461,1.95675383354894,-0.0606086493488736,0.224408374937885,0.0556017502432553,2.22068019033135,50.556829696,0.0461315769964436,0.0461332477601409,0.0810810487103122,0.0137314101569515,0.0138300817576517,0.00622086214620472,0.00137932816222795,82,0
1,50.658922752,accepted,1.25156161791369,-0.124946231857482,-0.183353449476096,-1.00651242849483,0.345070074751471,-0.271057212870195,-0.0162793007187535,0.00336433624520183,-7.70894945001506,5.84221474842314,0.959999999999994,0.18,-0.2,0.08,2.22529479629277,-7.56335934582649,6.00063932728735,1.94492742410321,-0.139906438920338,0.0487135252790958,0.0928576854492139,2.22249300552911,50.658922752,0.0463616932028088,0.0463631305436201,0.0811006911446474,0.0139330628305597,0.0140278439143696,0.00619832925386971,0.00136598094768788,83,0
1,50.759077888,accepted,0.772539774830347,-0.101563848608202,-0.147800833580654,-0.992985324359161,0.221088494827785,0.270980045107356,-0.0133113536126753,0.00590025388989934,-7.68400138221974,5.85332158470608,0.959999999999994,-0.02,0.21,0.08,2.22704012554476,-7.572572176256,6.01251211101794,1.93199674255577,-0.228109232465619,-0.0452757591635739,0.0900327163280664,2.22146827709192,50.759077888,0.0467312100233534,0.046732510890161,0.0812498773969808,0.0142716422510241,0.0143506303244014,0.00621542040621426,0.00135244506930056,84,0
1,50.877221376,accepted,0.512611944981735,-0.0864650629058028,-0.161644285731546,-0.986436026455029,0.175973340569353,-0.131789677574658,0.00888438572333775,0.00882875034560415,-7.69231741265382,5.84221473060483,0.959999999999994,-0.07,-0.2,0.16,2.22878545479676,-7.59476524104905,5.98838390251019,1.92693137440759,-0.232185501456115,-0.0806777193993581,0.148374533933459,2.2207806109444,50.877221376,0.0473408877964655,0.0473423444179016,0.0816500936724827,0.0145738891042333,0.0146522186004671,0.00621886177892195,0.00134661150249939,85,0
1,50.957362432,accepted,1.00134931037891,-0.0937807352724009,-0.17682753318905,-0.982021106345609,0.322551951105981,0.174383161997585,-0.132343857208998,0.00567779373436084,-7.70894948590968,5.80889415415319,0.959999999999994,0.1,0.12,0.11,2.22704012554476,-7.59496582311356,5.9927208515977,1.91316847820132,-0.19916630159709,-0.0428549074966317,0.235297164055018,2.22193947607034,50.957362432,0.0470135478372313,0.0470151022038611,0.0811637952769729,0.0144768968372249,0.0145688593216288,0.00615052618218324,0.00132355927241793,86,0
1,51.057526016,accepted,1.8467163849124,-0.0747963543451,-0.167127515973246,-0.972161930379751,0.417740634211881,0.366767727847832,-0.0996945775578953,0.00432255974736551,-7.69231743654202,5.8200010015526,0.959999999999994,0.21,0.29,0.03,2.22704012554476,-7.58851651505196,6.00946801830512,1.90544840254011,-0.17623847619361,-0.0499110483156174,0.123814019488504,2.22333081544164,51.057526016,0.047208383564065,0.0472102173819912,0.0811683431327674,0.014353135192294,0.0144325419246774,0.00612272108854539,0.00130989356536702,87,0
1,51.159648512,accepted,0.711885031556765,-0.0902151718356761,-0.179604335344837,-0.955531528754204,0.223455110106431,0.238272448442956,0.0320899855120785,0.000699646859019687,-7.70063344321256,5.83110787373096,0.959999999999994,0,0.28,0.11,2.22529479629277,-7.59875880325463,6.02050130079776,1.89799411571139,-0.209672870794056,0.055731940131065,0.0758831296833661,2.22463129083319,51.159648512,0.0476249111768088,0.0476272408530006,0.0813726126150851,0.0144508085566242,0.0145835878366047,0.00611908204760997,0.00129749770306397,88,0
1,51.259792384,accepted,0.465486586306028,-0.110761365348851,-0.20429821598868,-0.949719200445025,0.126392968373963,0.0969820537103685,-0.083021122600951,-0.00354985266668884,-7.73389753214094,5.82000104613502,0.959999999999994,-0.09,0.08,0.05,2.22354946704078,-7.61405650259993,6.02755823834982,1.88281298153256,-0.204918403892817,-0.00914888248407206,0.126588372821078,2.22707424589224,51.259792384,0.0474546748847978,0.0474570791395466,0.0810906074085682,0.0141684728494219,0.0142682136631944,0.00602437008416389,0.00128382807116145,89,0
1,51.357993216,accepted,2.74091849181477,-0.0983535660429782,-0.167208344679535,-0.941053119403663,0.121769301726559,0.726397163187381,-0.0833317787812108,-0.000120205906716908,-7.73389749611435,5.85332163858586,0.959999999999994,-0.13,0.62,0.2,2.22529479629277,-7.63018454512058,6.06638028748543,1.87660844274741,-0.244307793064307,-0.056633589196949,0.278347339387199,2.22512686281998,51.357993216,0.0476878158438385,0.0476905982398584,0.0811441371575112,0.0144685318823865,0.0145298217331536,0.00601134841442049,0.00127083308691536,90,0
1,51.458119424,accepted,1.66827887370936,-0.104535094005887,-0.187316202349055,-1.17372945925107,0.225109159437508,0.437292731430309,-0.157619197555252,-0.0040411039667001,-7.76716154617878,5.8755354033564,0.739999999999995,-0.13,0.38,0.29,2.22180413778878,-7.64885053360138,6.09045489986044,1.87903607397147,-0.339266032760939,-0.0255067366276997,0.439403460699017,2.22551817762971,51.458119424,0.0478956716479902,0.0478988958554115,0.0811870430103208,0.0146339968341113,0.0147349671479188,0.00598249120801036,0.00125760733089186,91,0
1,51.55826432,accepted,2.91511439566431,-0.095805277305451,-0.203633151380202,-1.18341552047177,0.489007347705807,0.413069296959935,-0.261720245604257,-0.0104884032405277,-7.77547755311324,5.88664227708888,0.739999999999995,0.23,0.44,0.13,2.21831347928479,-7.64184617229598,6.11852063198322,1.87970211911843,-0.220150006670299,0.0590535450575873,0.379691118944417,2.22873945262448,51.55826432,0.0480018959925021,0.0480054290946766,0.0811473419544303,0.0143671080760446,0.0144704233385569,0.00592157063255821,0.0012446846169638,92,0
1,51.658426624,accepted,2.1808406713518,-0.135688809762119,-0.211920316335394,-1.1729569349885,-0.0150572220120627,0.538714780293411,-0.264057511417837,-0.0076843954067054,-7.7921095661977,5.90885602378851,0.739999999999995,-0.05,0.45,0,2.22005880853679,-7.66208267468266,6.15656864024386,1.870343669483,-0.0374810967974788,-0.0498909335819897,0.252244481088776,2.22779706728385,51.658426624,0.0481846765615929,0.0481891596701024,0.0811746587980913,0.0142251356594229,0.0142553605748592,0.00589475548402225,0.0012327731894425,93,0
1,51.7585664,accepted,0.968598664610948,-0.126347103860877,-0.239011546303615,-1.15110380111626,0.333702227625041,-0.0464861313862791,-0.0166917124223057,0.00203401397090985,-7.80042558475001,5.90885603282706,0.739999999999995,0.09,-0.05,0.13,2.22180413778878,-7.65017093748561,6.13630811415777,1.86656516444076,-0.218618617467144,-0.00958149619074971,0.142636456250487,2.22047738675576,51.7585664,0.0482898140495426,0.0482934862886192,0.0811482650539073,0.013916699852508,0.0139790299290196,0.00583617223078362,0.00122239174099799,94,0
1,51.872729856,accepted,1.21454844906633,-0.131244776808447,-0.243953061403139,-1.14324149022834,0.245743829130289,0.329679336697529,-0.0259900425323796,-0.0103296954783838,-7.81705763399302,5.89774918611616,0.739999999999995,-0.06,0.36,0.13,2.2165681500328,-7.67048225372345,6.16017932828927,1.85812871042834,-0.289061248208945,0.0524477922269695,0.151765978369119,2.22650594093104,51.872729856,0.0488658488268183,0.0488705360414867,0.0815561463118451,0.013991208929252,0.0140989959679387,0.00582081068464691,0.00121416388794386,95,0
1,51.958886912,accepted,2.13321012898139,-0.160029718065704,-0.260490310162471,-1.11936038122238,0.297199380411918,0.297887220280168,0.0650883907439536,-0.00759324656427829,-7.85032172060457,5.88664235903649,0.739999999999995,0.16,-0.01,-0.05,2.21831347928479,-7.64972471851994,6.18475930454763,1.84628733628381,-0.0965504083604217,-0.2684016823474,-0.113533082091164,2.22761417094989,51.958886912,0.047425621311028,0.047427744102996,0.0802196298706713,0.0127464326852391,0.0125756962258395,0.00560736875146115,0.00119417246453234,96,0
1,52.059008256,accepted,0.677686634690326,-0.215142401482616,-0.303412079403194,-1.10592732337105,0.132467144662813,0.164459340299876,-0.0348322737360617,0.00860262706422965,-7.86695379644119,5.85332178362271,0.739999999999995,0.1,-0.04,0.07,2.22878545479676,-7.6464833805438,6.16222482119794,1.82082567053218,-0.0231271095280197,-0.193409658072572,0.100239929724981,2.22110320482508,52.059008256,0.0473526555798947,0.0473550400252577,0.0800533638445055,0.0126679417292965,0.0126158841467767,0.00552745983161522,0.00118475050261421,97,0
1,52.159145472,accepted,1.91359672141792,-0.234337370082607,-0.286151532963457,-1.09607321243832,-0.0505888934461795,0.513264594138901,-0.0257222506796606,0.00738586213034376,-7.88358583342115,5.85332180238832,0.739999999999995,-0.14,0.32,0.14,2.22878545479676,-7.66096601924824,6.17413781590002,1.8120768046553,-0.0953276254458646,-0.156257253601989,0.161853236326168,2.22178103999158,52.159145472,0.0473825556880943,0.0473848570080758,0.0799733476975212,0.0125821978877706,0.012546657675254,0.00547654383813413,0.00117287591975509,98,0
1,52.259277568,accepted,1.53841384591653,-0.212911131577044,-0.298498678494854,-1.08396754677563,0.331422825644591,0.212031603884238,-0.0799418325211257,-0.00579875071647162,-7.89190184022365,5.8644286763858,0.739999999999995,0.11,0.18,0.05,2.22354946704078,-7.65056924044382,6.17606222836626,1.79448905730268,-0.19209987787991,-0.0146124306262709,0.123681924734647,2.22966054793245,52.259277568,0.0470951716913891,0.0470971106746061,0.0796191211560578,0.0120786994312039,0.012136111185143,0.00535698730900737,0.00116019059499372,99,0
1,52.359415552,accepted,1.11208580334671,-0.283962033917787,-0.327772007007242,-1.07387400626071,0.039858668215631,0.100327446117028,-0.302624700718168,-0.0184768286682786,-7.95011398249213,5.85332187572709,0.739999999999995,-0.08,0.18,-0.08,2.2165681500328,-7.67140048090705,6.18040866057588,1.76515308997612,-0.119320720046795,0.0852033448541525,0.207890033765208,2.23441969448136,52.359415552,0.0469519685140581,0.0469539498219092,0.0793911698748719,0.0118893758002432,0.0119819204202363,0.00526209123617024,0.00114907167842476,100,0
1,52.45759616,accepted,1.61851968876048,-0.318492865088354,-0.35718060306794,-1.84838135018523,0.130973453359629,-0.20969446140334,-0.184379208088679,-0.0134694464525382,-8.00001012183654,5.8311082023565,-0.0700000000000003,0.07,-0.07,-0.13,2.22005880853679,-7.67890043066721,6.15695626700927,1.72494344208544,-0.0529496925621731,0.118754875193904,0.0416372377231903,2.23294480247081,52.45759616,0.0467475737282486,0.0467495479319157,0.0790987878358268,0.0114782849599368,0.0115868189057354,0.00516798545657393,0.00113900080775603,101,0
1,52.557746688,accepted,1.44267880125711,-0.337607578229067,-0.363523595895446,-1.8089183512744,0.113929588745016,-0.159876944274842,-0.182407310861104,-0.00900433905263753,-8.02495820229078,5.80889450188617,-0.0700000000000003,0.06,-0.02,0.05,2.22180413778878,-7.68691488817525,6.1456720923227,1.68648191862122,-0.047413990996961,0.123070346111153,0.219942110034234,2.23039512448709,52.557746688,0.0465798403178514,0.0465818440706128,0.0788523660651885,0.0114085077904561,0.0115186728456412,0.00508358922442601,0.00112972563077687,102,0
1,52.659864832,accepted,3.19884970590777,-0.373378717430461,-0.35135143629708,-1.78901117934457,0.0161559342431957,0.0931059024505221,-0.529596844759173,-0.000517216759317485,-8.05822227922004,5.80889453923676,-0.0700000000000003,-0.01,0.34,-0.1,2.22529479629277,-7.69492575635784,6.15937423197332,1.62980439721322,-0.0281362573491401,0.25279194159266,0.402254145145011,2.22593036794057,52.659864832,0.0463218505853152,0.0463233055192444,0.0785281329731368,0.0112618979398697,0.0113705256610001,0.00497987754826791,0.00112145540067134,103,0
1,52.75800832,accepted,3.8602685509541,-0.418207323922176,-0.393152227755357,-1.74232952023789,0.0129414152856287,-0.486408473879042,-0.548264060135679,-0.00792802300846684,-8.11643442240493,5.79778774185721,-0.0700000000000003,-0.01,-0.14,-0.15,2.22354946704078,-7.71038932134966,6.1426187833172,1.59912267792671,-0.0257965217018093,0.311534921389148,0.377529711798901,2.23081191597004,52.75800832,0.0464062332904727,0.0464077510030532,0.0785019908403476,0.0112377821050507,0.0113301508177573,0.00494019054734902,0.00111031696729653,104,0
1,52.876168192,accepted,5.23117788513125,-0.420227691387629,-0.377843082609576,-1.72715609160058,-0.0176730239678667,-0.0685543250129141,-0.756914174615821,-0.00812656927985023,-8.1330664620976,5.79778776070099,-0.0700000000000003,-0.05,0.19,-0.17,2.22354946704078,-7.72806500171822,6.15700481511841,1.54968667940493,-0.0378103224552825,0.249449041552695,0.552606696918444,2.23137438599998,52.876168192,0.0466199951831539,0.0466215410382347,0.0786376111435002,0.0112415378362811,0.0113488637244102,0.00487974318015227,0.00110624867905715,105,0
1,52.958286592,accepted,6.22977851892286,-0.384368455777278,-0.379985743834856,-1.6659235422337,0.281838101661616,-0.331998200349498,-0.605959393945558,-0.00596687136287111,-8.11643442240493,5.79778774185721,-0.0700000000000003,0.24,-0.07,-0.01,2.22529479629277,-7.70788320554803,6.12371283402335,1.48753953069024,-0.0141033237531684,0.222175281636606,0.561351892708309,2.23037522711342,52.958286592,0.0455390203099914,0.045540238054821,0.0775259520407019,0.0105460138363632,0.0106398466680794,0.00471289629818417,0.00109146577392059,106,0
1,53.058489856,accepted,4.68174279921379,-0.432197114711474,-0.338878879365327,-1.61408049192126,-0.183700738167207,0.174664311957875,-0.583944809452845,-0.000615974349735815,-8.1247504410892,5.79778775132547,-0.0700000000000003,0.06,0.21,-0.09,2.22704012554476,-7.72770655331791,6.14740823247199,1.44261145592656,0.221875108183821,0.050670792854416,0.461883271855011,2.22815429544126,53.058489856,0.0450368983379031,0.0450392978845433,0.0769357707516179,0.0100305223025923,0.0102280042016444,0.00460597090683661,0.00108112806560419,107,0
1,53.158644224,accepted,2.46969565899548,-0.426603861142507,-0.363174152926766,-1.55707441017374,-0.0428589419923351,-0.392231435106353,-0.31166378117353,0.00999107135813571,-8.1330664620976,5.79778776070099,-0.0700000000000003,0.12,-0.14,0.1,2.23227611330075,-7.72295269677068,6.11698918336596,1.43099223140526,0.156549389204632,0.221467373366841,0.397136285855342,2.22182253016402,53.158644224,0.0449929038904236,0.044994441816378,0.0767932379837578,0.00988167784110038,0.0100289129269582,0.00454122695718804,0.00107275049533398,108,0
1,53.258765056,accepted,6.11557030589139,-0.412885321114205,-0.345881717051945,-1.54623120911708,-0.0754898758076593,-0.293299907282602,-0.653510113787888,-0.000459304783809067,-8.11643442240493,5.79778774185721,-0.0700000000000003,0.1,0.04,-0.09,2.22704012554476,-7.72538568347178,6.09669614819257,1.36323013949725,0.164770235909195,0.299826530839353,0.527365200168827,2.22676459112484,53.258765056,0.0444134817729375,0.0444150771951004,0.076120595783498,0.00954926952918825,0.00966352420667082,0.00440988047302258,0.00106140659386836,109,0
1,53.358857216,accepted,5.33842278200521,-0.413028099061405,-0.305582235758014,-2.1394905410164,-0.33316148194846,-0.00787003090529265,-0.667925140547109,-0.00387170234044065,-8.11643439709439,5.8200014699608,-0.720000000000006,-0.14,0.28,-0.11,2.22529479629277,-7.74475706560937,6.11599661731523,1.31982012913177,0.166032859497084,0.28542322399335,0.529514446536186,2.22946561568198,53.358857216,0.0443170088846041,0.0443181768907492,0.0759246670064409,0.00942974860825746,0.00955935984243341,0.00435264780160811,0.00105167562358296,110,0
1,53.45698304,accepted,3.13078756918533,-0.415722248264727,-0.319829592552439,-2.08662274847916,0.0227278661693179,-0.215759386569763,-0.434128566167794,-0.00386692687768475,-8.14969847208808,5.82000150757506,-0.720000000000006,0.06,0.06,0.02,2.22529479629277,-7.74418847058088,6.10984082046832,1.28491489618447,0.0359745645356357,0.256464950456878,0.43240592520597,2.22874555460743,53.45698304,0.0440730949393621,0.0440737467944742,0.0755777149213961,0.00916116517522884,0.00923227289385015,0.0042703230192584,0.00104245633909855,111,0
1,53.559155456,accepted,7.358535015453,-0.44219575814994,-0.338601707371379,-2.05974995560267,0.0570413519570942,-0.493158529321897,-0.741187290664951,-0.012303436947688,-8.18296256167626,5.80889468073827,-0.720000000000006,0.06,-0.01,-0.16,2.22005880853679,-7.7488542473736,6.09328376524806,1.2328227208477,0.00411555741552015,0.444427838008647,0.550509181803717,2.23138664155936,53.559155456,0.0439781847634383,0.0439781611869919,0.0753877301879756,0.00921028063049426,0.00918635193049031,0.00420857854449703,0.00103328865211326,112,0
1,53.659296,accepted,5.84276023701537,-0.417331565164482,-0.334300684201134,-1.99174696708602,0.237888661818151,-0.608991690536894,-0.47123031576041,-0.00990902884074263,-8.15801451828237,5.79778778953549,-0.720000000000006,0.35,-0.23,-0.23,2.22180413778878,-7.73286627161345,6.07072688664041,1.19366043237179,0.125601388064795,0.334844395553202,0.221043775412632,2.2299709474686,53.659296,0.0439028101824763,0.0439029416641604,0.0752154401671883,0.00886337239804293,0.00891964890315101,0.00415590557386416,0.0010245560458974,113,0
1,53.759451392,accepted,3.31686390876029,-0.408362162217096,-0.321898006397505,-1.93482780955343,-0.0288471192877462,-0.417307019766214,-0.21859438938185,0.0058574177637114,-8.12475045399743,5.78668088576107,-0.720000000000006,0.13,0.04,0.01,2.23053078404875,-7.73178905107757,6.0499175851489,1.15200012944702,0.153439155425877,0.415554199810658,0.214077717213878,2.22389821747968,53.759451392,0.0434267405928694,0.0434261569523517,0.0746327936251581,0.0085747167527707,0.00858886170370895,0.00405109675841317,0.00101553883966462,114,0
1,53.875607296,accepted,4.88606593031034,-0.381527073020438,-0.313037792129343,-1.91510390941502,0.206058294883471,-0.517511084482846,-0.385054760972351,0.0038086115224929,-8.099802397688,5.78668085761507,-0.720000000000006,0.28,-0.05,0.08,2.22878545479676,-7.7096237920404,6.04076200108812,1.12132893145009,0.0873929686705353,0.425420372081076,0.446598550549058,2.22384183787461,53.875607296,0.0435420903566332,0.0435413612139031,0.0746672536296448,0.00865181128887423,0.00862533472656412,0.0039976738910309,0.00101041261976635,115,0
1,53.957718528,accepted,2.42016469777138,-0.364949162423887,-0.27852396359746,-1.87841362749583,0.182409836710149,-0.151661073944741,-0.330158928812962,0.00395565879576765,-8.06653831081984,5.79778768564825,-0.720000000000006,0.26,0.31,0.11,2.22878545479676,-7.69477884603257,6.05400761201182,1.0910843119479,0.0890385338798694,0.448468744771586,0.423455884855906,2.22425977277213,53.957718528,0.0429525790074874,0.042951394584736,0.073961871845983,0.00837421306741487,0.00833999817882594,0.00391090325628259,0.00099679245039648,116,0
1,54.057859072,accepted,3.45070060680122,-0.379826460925123,-0.299417907417248,-1.85473205759661,0.152613304326313,-0.391741987701923,-0.343402782255144,0.00447775238275705,-8.06653831081984,5.79778768564825,-0.720000000000006,0.25,0,0.12,2.22704012554476,-7.6835772350057,6.0525835009765,1.06772523130318,0.106015363109323,0.361128737742705,0.447018841344272,2.22194920147657,54.057859072,0.0427810482549024,0.0427803451532157,0.0736866539194551,0.00820813015017224,0.00822068870517757,0.00384688290105376,0.000988760542971006,117,0
1,54.158004992,accepted,4.15782058442123,-0.3455556587731,-0.275837028440496,-1.83396799225346,0.105305692817054,-0.367816853141806,-0.441958391347879,0.00963391067865071,-8.01664217121151,5.82000135746471,-0.720000000000006,0.22,0.1,0.08,2.22878545479676,-7.67023567897672,6.05072971247004,1.03340098856542,0.120944672198206,0.436683099960728,0.500813520878442,2.21868379296682,54.158004992,0.0425046930859994,0.042503718322363,0.0732969128602932,0.0080784559237009,0.00805372302379688,0.00377488678821339,0.000980549151598858,118,0
1,54.2581248,accepted,6.51081208068981,-0.323487551636452,-0.291943376800171,-1.80458188950204,0.312179448211768,-0.676596821503721,-0.496199115782563,0.00970605200915386,-7.98337812101512,5.79778759226446,-0.720000000000006,0.37,-0.29,0.04,2.22704012554476,-7.64567775443248,6.0307323509156,1.01304010939752,0.074048411663442,0.344862712777523,0.518356337267402,2.21680505707262,54.2581248,0.0425219932895372,0.0425212623608334,0.0732183163015381,0.00803480606060858,0.00803620321887301,0.00373770886982778,0.000972898472572658,119,0
1,54.356325632,accepted,2.04448109349452,-0.296025462429044,-0.268084516202515,-1.7810144072612,0.103352602507261,-0.150174863714633,-0.352917319630277,0.0148960871631241,-7.93348200904877,5.7977875370028,-0.720000000000006,0.16,0.22,0.1,2.22878545479676,-7.63775816370058,6.04657657918809,0.999804188291077,0.0608395551170074,0.359422690106062,0.438274406841168,2.21413641796992,54.356325632,0.0424673230603262,0.0424667146583307,0.0730612506626771,0.00794047390694381,0.00793948506107024,0.00369709688926075,0.000965263030277037,120,0
1,54.456485888,accepted,3.94466848512352,-0.258554295957483,-0.268571190448581,-1.90901952984205,0.238056324083353,-0.109605831827974,-0.464308677191864,0.0146887586698004,-7.89190190168543,5.80889435375346,-0.859999999999999,0.27,0.16,0.05,2.22878545479676,-7.61443157412194,6.05805359459247,0.961203490788037,0.0503955798779459,0.258833363289214,0.490891433863291,2.21426348268364,54.456485888,0.0421138209843202,0.042113421732662,0.072587002753462,0.00769237478137078,0.00772353055098942,0.00361348147575328,0.000958082603976854,121,0
1,54.556611072,accepted,7.75899001212067,-0.271555213518551,-0.288965655972863,-1.88054207689147,0.0621319222198866,-0.181693414991854,-0.779851085594006,0.0150066392770478,-7.875269876074,5.79778747236564,-0.859999999999999,0.22,0.11,-0.03,2.22878545479676,-7.60460185961975,6.05942430362067,0.898515891977964,0.161393172581477,0.275113083057182,0.71456105473526,2.21396384155825,54.556611072,0.0417829191298951,0.041782609426772,0.0721342972375383,0.00759311298577486,0.00763652488283785,0.00353851023203887,0.000950856003043519,122,0
1,54.656779776,accepted,6.63295160961816,-0.24245083991777,-0.275388602636189,-1.82742943412742,0.211772937626833,-0.015135228195048,-0.705854963601968,0.0151955607960654,-7.83368977026496,5.80889428979994,-0.859999999999999,0.28,0.2,-0.08,2.22878545479676,-7.57563048999969,6.07536133339255,0.856092600323113,0.0837826761479037,0.21260075042982,0.594136812044743,2.21399071840622,54.656779776,0.0414848351889752,0.0414846786240989,0.0717029959916216,0.0073175833116401,0.00735571555991473,0.00346482384199371,0.000944016656486378,123,0
1,54.756934656,accepted,9.17466871114932,-0.254945116564145,-0.321822320531178,-1.77009754855346,0.420390006191927,-0.504361283642414,-0.749115711174313,0.014568921456954,-7.82537378580367,5.77557368857421,-0.859999999999999,0.42,-0.22,-0.31,2.22878545479676,-7.54245225495554,6.04664320654348,0.812734132358399,0.0242882336382028,0.250773520983091,0.41255860020233,2.21448504608056,54.756934656,0.0414147224746581,0.041414346038234,0.0715178564613005,0.00718123238684658,0.00721132091203803,0.00342075300827681,0.000937054046053745,124,0
1,54.8711104,accepted,4.39203020821813,-0.268398664195526,-0.335518801150767,-1.71523783638922,0.088572919846084,-0.290960437711053,-0.563465664437346,0.00814435655279899,-7.81705779178475,5.75335995039554,-0.859999999999999,0,0.11,-0.21,2.22529479629277,-7.54858984013928,6.05452568313432,0.773330694879188,-0.0849092967294702,0.380245038002944,0.332081705995342,2.21757841209302,54.8711104,0.0415699305899702,0.0415695888305316,0.0715777503274128,0.00717174767442784,0.00718106070054268,0.00338709348598014,0.000932144602464365,125,0
1,54.9552064,accepted,6.37045464528146,-0.248682976364045,-0.345542721546601,-1.65416729022298,0.378035210214842,-0.491759271599892,-0.394851359199232,0.000839072044038769,-7.80874177258725,5.75335994144488,-0.859999999999999,0.16,0.14,-0.18,2.22180413778878,-7.52827262434709,6.03937501952729,0.722066093632039,-0.191019697500416,0.592787242112262,0.197318264716848,2.2205427162146,54.9552064,0.0410004529277137,0.0409994688273156,0.0708655509157531,0.00700766244005392,0.00692908900005615,0.00331929422695191,0.000919064727549178,126,0
1,55.057413888,accepted,3.82228718731189,-0.272972262211532,-0.358509131636014,-1.59090495775199,0.245557649697974,-0.588112500624008,-0.0114014811059514,-0.0053349580688864,-7.81705780392313,5.74225308699694,-0.859999999999999,0,0.06,-0.02,2.21831347928479,-7.53325279303292,6.04718034911942,0.701880885581522,-0.234048532811011,0.613743063466087,-0.0119828332865699,2.22386129698465,55.057413888,0.0410465060595026,0.0410459239448,0.0708169125414611,0.00694775328629073,0.00687317030730141,0.00329851047192321,0.000910836396841134,127,0
1,55.159547904,accepted,5.57606283897548,-0.232507300645048,-0.35789260755888,-1.56762822731737,0.400721345660843,-0.548836149851145,-0.107631139097271,-0.00822503021969601,-7.79210972334424,5.76446678815578,-0.859999999999999,0.22,0.25,-0.02,2.2165681500328,-7.52526679944762,6.05692874756823,0.668603157085701,-0.151769101276243,0.756274808622018,0.0812345449569699,2.22332769536163,55.159547904,0.0408233782317289,0.0408221895961647,0.0704788520290275,0.00695189614416663,0.00673577481237605,0.00325448943044201,0.000901423991120004,128,0
1,55.259679744,accepted,12.2550359371764,-0.225102808002009,-0.381834243192129,-1.54026964015636,0.803647761552087,-0.715803057140982,-0.276114106620871,0.000239401822298202,-7.76716169079836,5.74225303234077,-0.859999999999999,0.63,-0.12,-0.13,2.22005880853679,-7.47515994290417,6.04888230170038,0.627103592024489,-0.121659082662219,0.546594745862672,0.135006355601629,2.21842750643688,55.259679744,0.0406711672245936,0.0406704967285473,0.070216434500077,0.00671330682090316,0.00666740330167546,0.00319488666720021,0.000894368895639768,129,0
1,55.357846784,accepted,4.55751493559723,-0.23217001702783,-0.370161391547335,-1.50968058252572,0.484320529537109,-0.475889547127806,-0.0937554312374828,0.0165113705839586,-7.7172655885289,5.73114611419058,-0.859999999999999,0.39,0.06,0.18,2.22704012554476,-7.45280255069515,6.05352202719313,0.615605629253226,-0.0677598035598907,0.506138162487621,0.268331672313008,2.21036458918005,55.357846784,0.040599578304265,0.0405990283023193,0.0700398282699131,0.00669224658982907,0.00666198759950004,0.00315631973753654,0.000888459110244703,130,0
1,55.458014976,accepted,7.70435264453423,-0.205823623999597,-0.383914115710509,-1.907353855419,0.711325004684286,-0.615233714620984,-0.119072243632961,0.0231016020171193,-7.66736948793108,5.72003919491731,-1.26000000000001,0.57,-0.09,0.26,2.23053078404875,-7.41589850682793,6.04944844284245,0.60531173174233,-0.105591906385233,0.490775496688938,0.372603351311361,2.20748006625663,55.458014976,0.0406459640808554,0.0406455142549493,0.069986385553808,0.0067270455859137,0.00672158292188038,0.00313288327882447,0.000882425894723314,131,0
1,55.558155264,accepted,6.10772172650859,-0.214224566107513,-0.41101007022928,-1.90325721070417,0.571968834806661,-0.503874337587909,-0.248823734683271,0.022325323968702,-7.64242146727428,5.68671857638601,-1.26000000000001,0.47,-0.04,0.19,2.23053078404875,-7.39003644003209,6.04810896190037,0.590513354893419,-0.0717575243961313,0.433454842167727,0.42866896278582,2.20849514726477,55.558155264,0.0406514940269246,0.0406511045355652,0.0698882346728998,0.00669805298730348,0.00671272986842185,0.00309765567525432,0.000875912836709552,132,0
1,55.658360576,accepted,3.13844198992924,-0.216698291135232,-0.424125635074113,-1.88820679298549,0.288102331511618,-0.486504515354313,-0.145930327374994,0.025955051875961,-7.61747343202299,5.66450482161106,-1.26000000000001,0.14,-0.06,0.19,2.23227611330075,-7.38922903140057,6.0478692855158,0.586308460273211,-0.13731773521959,0.402647862837943,0.329003327443515,2.20735395003971,55.658360576,0.0408267704483412,0.0408264795453519,0.0699616059053087,0.00670588700820406,0.00675382176314693,0.00308650618911828,0.000870249247289309,133,0
1,55.758529792,accepted,1.44904362810898,-0.170985276946151,-0.414167731307522,-1.87955817551048,0.229064527342536,-0.179095215639408,-0.0181511171601368,0.0236089991459574,-7.57589332596463,5.67561164111708,-1.26000000000001,0.14,0.29,0.38,2.23227611330075,-7.39779534478035,6.06942815537269,0.585722198149813,-0.0819596148651656,0.45987348319252,0.393566763163384,2.20921688944215,55.758529792,0.0411049237381205,0.0411051278922518,0.0701349283289894,0.00684863526552368,0.00686056101317177,0.00308349164514766,0.00086402773632134,134,0
1,55.874673664,accepted,3.80164771328951,-0.127896141077926,-0.422160033159431,-1.9109326230092,0.42310608248422,-0.391943095342819,-0.336380929778013,0.0139433642235773,-7.54262921560414,5.7089321981022,-1.26000000000001,0.27,0.19,0.28,2.22878545479676,-7.39109204280586,6.09458243248356,0.596219144038154,-0.13484203519294,0.561527003556469,0.605576647515929,2.21492494519621,55.874673664,0.0415824630383956,0.0415831220503402,0.0704985088333989,0.00707560309583689,0.00706318217253941,0.00308971372065747,0.000859523297403093,135,0
1,55.956810752,accepted,10.8645779225368,-0.111256228630171,-0.480197089111769,-1.9068252290719,0.64754201709844,-1.02558514220035,-0.3255539059365,0.00831673360467144,-7.51768120360317,5.66450471617583,-1.26000000000001,0.44,-0.43,0.29,2.22704012554476,-7.36796214401685,6.0659812889381,0.593263803405571,-0.179302434582403,0.545873873044809,0.605787337591131,2.21925151702279,55.956810752,0.041410018986926,0.0414105887645897,0.0702170696164635,0.00703159909498124,0.00703819042240832,0.00306903681103967,0.000849334461633534,136,0
1,56.058976768,accepted,1.18492854236493,-0.116506524374493,-0.455426225850658,-1.90915814673078,-0.114990942879884,-0.106958961523149,0.0497060137864331,0.0128418412662894,-7.5010491657287,5.66450469887512,-1.26000000000001,-0.2,0.37,0.5,2.22704012554476,-7.39418696730558,6.10148458766546,0.618247581252887,-0.0904010170747736,0.469678751572837,0.446607207279865,2.21477432571975,56.058976768,0.0417248224649143,0.0417258364387355,0.0704034459479695,0.00700102475468104,0.00701705953183217,0.00305787587192007,0.000844629011953058,137,0
1,56.159122432,accepted,2.11884699653835,-0.0509269215809729,-0.433459887945712,-1.91732659581799,0.345848167313069,-0.297912108683156,-0.00866891186914426,0.021217184382945,-7.45946901357289,5.72003897509133,-1.26000000000001,0.16,0.29,0.37,2.23053078404875,-7.3908132154733,6.12518360467236,0.623170521294679,-0.173184444301723,0.573590179482006,0.374269870889018,2.20969699998558,56.159122432,0.0420182250569203,0.0420196700136536,0.0705668080744564,0.00709166223466873,0.00709041710987927,0.00306378917102326,0.000839715741019031,138,0
1,56.257300736,accepted,9.97302519258678,-0.0329697198518506,-0.487941376774113,-1.91741069403973,0.67578203188855,-0.915383763177165,-0.133578324948026,0.0095908386378043,-7.45115301607141,5.6978252383056,-1.26000000000001,0.36,-0.26,0.21,2.22529479629277,-7.36953133646426,6.10528150391446,0.614749292436896,-0.282550599496083,0.606000710306579,0.337413999425809,2.21629191247426,56.257300736,0.0420892147774855,0.0420908519506602,0.0705269033091359,0.00708036701457681,0.00710489855749273,0.00305266876868858,0.000831466350704743,139,0
1,56.359457024,accepted,6.58933506151309,-0.0740977705559258,-0.509124397477361,-1.91176617167137,0.424517395252815,-0.774494819304185,-0.173202944990782,0.0118029094210472,-7.46778510224281,5.65339779810247,-1.26000000000001,0.19,-0.21,0.16,2.22529479629277,-7.36429555712064,6.09103316139762,0.606310363417628,-0.21408526203961,0.521920011268673,0.32576351080693,2.21425667661116,56.359457024,0.0422299513169855,0.0422318761457685,0.0705592005071414,0.00702283137226602,0.00705269475420648,0.0030264402181652,0.000826344686559402,140,0
1,56.45758848,accepted,2.60309174482428,-0.105264871722668,-0.515797716817342,-1.83172198087711,0.103373153428724,-0.489995281210494,0.0237547836182173,0.0179432989580555,-7.49273318178064,5.63118409574239,-1.19,-0.24,0.16,0.46,2.22704012554476,-7.3831925727243,6.09834918938609,0.611146946391188,-0.339714547229083,0.62285201586876,0.432883865642255,2.21031502097605,56.45758848,0.0423309438527455,0.0423329386112829,0.0705591112779956,0.00709955709316153,0.00712725966277322,0.0030241427827199,0.000820731123085655,141,0
1,56.557734912,accepted,3.86728639773962,-0.0375087149984674,-0.473780760760453,-1.84321373408432,0.448691544284862,-0.565739908958452,-0.0910172913092635,0.00920529534380687,-7.45115302730799,5.68671837455898,-1.19,0.15,0.12,0.35,2.22354946704078,-7.38771899514703,6.11330947932461,0.615852011012684,-0.281063010598413,0.65965411765592,0.435735266772804,2.2144844620318,56.557734912,0.0425832333818614,0.042586074648729,0.0706930658926639,0.00716092309226205,0.00713805907273397,0.00301708278924932,0.000813684929848213,142,0
1,56.657904384,accepted,7.83714759375598,-0.0304796802561711,-0.520481671565063,-1.84636197919713,0.546807832390771,-0.918409331805733,-0.0380439031007133,0.00532536961679408,-7.45115305068296,5.66450464671905,-1.19,0.2,-0.13,0.33,2.22180413778878,-7.3850982929547,6.10916408512197,0.621832264533682,-0.323151412793748,0.744061340048626,0.364137102289116,2.21672300633909,56.657904384,0.0427688359874879,0.0427721445135521,0.070773021896322,0.00720920202943836,0.00714159088816166,0.00302210106251115,0.000806866824354,143,0
1,56.760070656,accepted,9.5016863680055,-0.0840613040215494,-0.586821738029098,-1.84683711519183,0.726930725810839,-0.861337390395386,-0.104284026183471,0.00761276937796529,-7.50104923572165,5.59786351284152,-1.19,0.39,-0.09,0.27,2.22180413778878,-7.36534791266543,6.10426134373625,0.617658073995058,-0.302120166720123,0.72523704675938,0.369076784528974,2.21389102709785,56.760070656,0.0429091348346475,0.0429123045590482,0.0708251328354002,0.00717648660169233,0.00711552099315383,0.00300729761142557,0.000801397939404925,144,0
1,56.876206592,accepted,2.92966652477748,-0.0546741452978168,-0.579380916994233,-1.84565156608915,0.442104453176358,-0.452823198740242,0.117374785699681,0.0111828753238212,-7.46778513711098,5.62007720556242,-1.19,-0.02,0.42,0.43,2.22354946704078,-7.39169782174227,6.15930778096621,0.62843147970914,-0.447711513663153,0.853269653889517,0.31043319165762,2.21243541408831,56.876206592,0.0436059498700806,0.043608955038053,0.0713593217953864,0.00738572607498544,0.00731225695877485,0.00304843255732759,0.000797964194847345,145,0
1,56.95836672,accepted,12.6580429207226,-0.0319792729442749,-0.616592268764591,-1.8455966406812,0.941439202999966,-0.826118991392459,-0.223218735418924,0.00422222605263345,-7.45946911804544,5.62007719704147,-1.19,0.54,0.09,0.18,2.22005880853679,-7.35090320770006,6.15156142293226,0.607139101800487,-0.350978920418071,0.868334917711853,0.395538609546184,2.21431781202438,56.95836672,0.0432162669062248,0.0432190127397187,0.0709559883003641,0.00727773104244195,0.00714807517264065,0.00301356231285055,0.000787392731344626,146,0
1,57.058518784,accepted,6.28392187888854,-0.078090941103496,-0.65999932961835,-1.83937665714856,0.12277867253477,-1.00554432853406,-0.0682399891751611,0.00925999955897705,-7.45946916427484,5.57564974006628,-1.19,-0.09,-0.23,0.3,2.22005880853679,-7.37665666391958,6.15844475357699,0.613616010102839,-0.209240814122341,0.73317235743363,0.363571501048511,2.21156223294099,57.058518784,0.0435042829709191,0.0435060751881225,0.0711285411903343,0.00720429139709221,0.00712122248360438,0.00298516678575353,0.000782718310582941,147,0
1,57.158654976,accepted,5.87157289600106,-0.0427981519576308,-0.669551660950819,-1.83371862542057,0.305775257870042,-0.960960770484979,0.106876807053352,0.0267552158944526,-7.44283713815019,5.56454285780665,-1.19,0,-0.13,0.4,2.22704012554476,-7.38492689022258,6.16289101480666,0.616553191310014,-0.296198994138841,0.79276261904409,0.291056606887267,2.20127195071265,57.158654976,0.0438419834483071,0.043842792386634,0.0713418515527214,0.00728867271313752,0.00718662000760019,0.00299808555786222,0.000779779373345229,148,0
1,57.258828032,accepted,1.870391197294,-0.000865684977951808,-0.660065354813661,-1.8321396555339,0.341757429077267,-0.307892555614346,-0.0746338232112349,0.0192006095448631,-7.41788905564303,5.58675656104207,-1.19,0.01,0.52,0.14,2.22354946704078,-7.40290855876905,6.21488994242171,0.606810691417121,-0.32301794574575,0.814843707311538,0.209627117057325,2.20460364515285,57.258828032,0.0443364690210873,0.0443349915757906,0.0716693497542785,0.00738273126721712,0.00728881638249912,0.0030019755868928,0.000773624349205128,149,0
1,57.358966016,accepted,8.2953194429397,0.063790106851239,-0.700861862099904,-1.6571315356256,0.576841087439803,-0.943175970115871,-0.154657891316342,0.0126996076190666,-7.37630895011251,5.59786338296164,-1.03,0.2,-0.1,0.08,2.22005880853679,-7.39736504167828,6.211311560547,0.588630948172973,-0.351058922139174,0.795869177111479,0.228967318774604,2.20759353642247,57.358966016,0.0444864497273524,0.0444842896830114,0.0717410813575202,0.0073524288057702,0.00728245194133629,0.00298699441537808,0.000767080880217868,150,0
1,57.459065344,accepted,5.53480438814579,0.0720554370982418,-0.71598525775712,-1.63891082025622,0.469666396955468,-0.876303626210005,0.0120120745907824,0.013802730807229,-7.35967693444729,5.57564963661356,-1.03,0.15,-0.09,0.2,2.22180413778878,-7.40335870105645,6.22143587754226,0.58056946386208,-0.303040642784474,0.750211929599473,0.1849262360485,2.20830920965363,57.459065344,0.0448192446884256,0.0448159979485505,0.0719475485611951,0.00735242068581086,0.00729752658465656,0.00297616231973138,0.000762179655637307,151,0
1,57.559217664,accepted,3.82293576808531,0.0683814132850165,-0.749317503158559,-1.62572465158744,0.315163264371259,-0.73234111158062,0.148416643480662,0.0218213358121568,-7.35967696880223,5.54232904459111,-1.03,0.1,-0.06,0.27,2.22529479629277,-7.40948846845045,6.23070333758419,0.573459622116151,-0.20463323373606,0.64262406915794,0.120018818728198,2.20395246739525,57.559217664,0.0451945057001769,0.0451904097944371,0.0721882504346478,0.00733131274929633,0.00731668336987405,0.00295448760646083,0.000759014704281451,152,0
1,57.657356544,accepted,4.16001591911772,0.0825395310600321,-0.758132426925295,-1.61302472564006,0.168962541739308,-0.771647265503385,0.242301687841812,0.0308044232398927,-7.34304494267758,5.53122216163677,-1.03,-0.06,-0.09,0.36,2.22878545479676,-7.41353194061273,6.22227752703042,0.565980514457539,-0.222690443232127,0.648416287663267,0.11763636836814,2.19884500960887,57.657356544,0.0454679741299946,0.0454647174700546,0.0723509492472883,0.00736257622155854,0.0073465061691313,0.00294512929186739,0.000755820948323297,153,0
1,57.759468032,accepted,2.44068032665053,0.078027603056201,-0.74441314025474,-1.60206903381871,0.505342590822609,-0.252295003787475,0.172122076506422,0.0224946425175432,-7.36799297624261,5.55343591668778,-1.03,0.11,0.59,0.19,2.22529479629277,-7.41725783757805,6.26231880582303,0.550760157508646,-0.378830462652523,0.828344925830495,0.0164581623565159,2.20280022458706,57.759468032,0.0459050515401452,0.0459019728704256,0.0726421712635871,0.00749907483582474,0.00742819327535052,0.0029681682679733,0.000749666339337098,154,0
1,57.86960896,accepted,2.60350099333889,0.0717059332902394,-0.743764198929196,-1.5954741303595,-0.142741614259851,-0.460611239431515,0.0623660346616169,0.0084820924631126,-7.37630895011251,5.59786338296164,-1.03,-0.32,0.19,0.26,2.2165681500328,-7.45890714726094,6.27745895196461,0.541445377920502,-0.18457254302213,0.619548468926388,0.195353842472383,2.20859928165061,57.86960896,0.0460523968623543,0.0460489966504661,0.0727653939957081,0.00733841119389417,0.00734524252839938,0.00291034407085444,0.000744670223950927,155,0
1,57.957762816,accepted,2.19006385464548,0.0756308438060822,-0.722017265781796,-1.58456032771928,0.11908290424511,-0.484546047713914,0.181452328502125,0.0178594548569011,-7.39294097584859,5.60897026435566,-1.03,-0.04,0.13,0.29,2.22005880853679,-7.45968207552144,6.28209445989441,0.534478991886956,-0.154595059239088,0.592522565814588,0.107291740874888,2.20253375673002,57.957762816,0.0461063471493414,0.04610260047598,0.0727387759152302,0.00729537470956999,0.00731400818250768,0.00289715397269041,0.000740386211637278,156,0
1,58.057889536,accepted,2.18238309429965,0.0902190046402715,-0.713035700784252,-1.57580775324792,0.0712129909324162,-0.428326945565472,0.173079921384769,0.0190217840165179,-7.39294095298685,5.63118399237269,-1.03,-0.22,0.22,0.23,2.22005880853679,-7.47528103099611,6.29119669539511,0.527983296954139,-0.287529401199469,0.623873745093453,0.0563096572299569,2.2016142846237,58.057889536,0.0462311728542245,0.0462278713291727,0.0728044286405887,0.00724894718859187,0.00726539614050326,0.00288549099773353,0.000736309616858047,157,0
1,58.158059008,accepted,7.12258406519238,0.0927848414427341,-0.719317507133816,-1.56208035484072,0.218784484188271,-0.819093322879638,0.0610177880633042,0.00910185767547222,-7.417888998309,5.64229088288829,-1.03,-0.24,0,0.11,2.2148228207808,-7.48370912565831,6.2488327792199,0.510230952530755,-0.444215858580843,0.759648528699018,0.0478499257666801,2.2066467949886,58.158059008,0.0458638647462165,0.0458626785031732,0.0725323892282351,0.00710652335663172,0.0070846364176788,0.00286888409110006,0.000729945259314295,158,0
1,58.258215168,accepted,1.48687510943562,0.0907917556006899,-0.656140911692166,-1.53869530256899,0.290728999610025,-0.179524882805906,0.15530295772261,-0.000280023199583646,-7.43452101513264,5.66450462932558,-1.03,-0.09,0.47,0.02,2.20958683302482,-7.50615266083273,6.29102363397962,0.488234446743979,-0.370482790507131,0.638515260409604,-0.136869836598353,2.20971931094177,58.258215168,0.0461999033521425,0.046198260064204,0.0727366473490833,0.00703795544660591,0.00705935233794441,0.00284661743794719,0.000724920065268422,159,0
1,58.35633408,accepted,1.69797464712524,0.0621394298188216,-0.671324551415103,-1.50559575208531,-0.108794495238172,-0.29063055076602,0.19926272966148,0.0110425130154312,-7.46778507925641,5.67561152750272,-1.03,-0.17,0.16,0.21,2.2148228207808,-7.5367486236596,6.30368981598786,0.46163937784949,-0.0657102239379723,0.431909428115781,0.0108166281212874,2.20382595069441,58.35633408,0.0461842235503254,0.0461825392766519,0.0726992387276745,0.00695018350663045,0.00702457161021013,0.00280061569219378,0.000722031227881366,160,0
1,58.458476288,accepted,2.2387257997419,0.0485025747943926,-0.682533025225106,-1.31738770730316,0.0586267930175714,-0.545906963454077,0.101538205088788,0.025747921410209,-7.49273314691977,5.66450469009536,-0.850000000000001,-0.03,-0.06,0.26,2.22005880853679,-7.53620533544105,6.29270212690807,0.448898554048865,-0.0861926652401683,0.461064265735752,0.156888685911518,2.1945666576704,58.458476288,0.0464837260566381,0.0464841389649097,0.0728938131982521,0.00699808841662713,0.00706720145014015,0.00279447538826214,0.000720833742878413,161,0
1,58.558673152,accepted,1.10766885086951,0.0481391287679456,-0.667636389994232,-1.31110758381231,0.25062502638657,0.0445751924107881,0.14946519513579,0.0191917669172441,-7.50936517316908,5.67561157097179,-0.850000000000001,-0.04,0.52,0.25,2.21831347928479,-7.54191768906153,6.3256202470827,0.44420656344139,-0.282189913014684,0.471523057739598,0.099239081422177,2.19955327367248,58.558673152,0.0468057669845424,0.0468068922227752,0.0730967485659072,0.00701057609671355,0.00705727908447794,0.00278735511720237,0.000715647007634848,162,0
1,58.658825728,accepted,0.990187128449015,0.0214823215610984,-0.651389304176912,-1.28984378008692,-0.0227863153955293,0.0128454364704779,0.231257896992853,0.00902792876950365,-7.55094522072769,5.72003907140984,-0.850000000000001,-0.31,0.5,0.13,2.21307749152881,-7.57334475877627,6.35253134481057,0.42969381876371,-0.287905085174065,0.482410234059285,-0.10081385160969,2.20428402063456,58.658825728,0.0469401525158871,0.0469437549873998,0.0731776224351334,0.00693749931372202,0.00698383922298466,0.00277207427273786,0.000710346353245711,163,0
1,58.758974208,accepted,2.25327622655703,0.0168936521116869,-0.659274077804249,-1.28148044083869,0.234617637948533,-0.468982484366586,0.0211782271984188,-0.00218172511540349,-7.59252528120183,5.75335970879111,-0.850000000000001,-0.2,0.24,0.18,2.20609617452083,-7.59121752431682,6.35723570277002,0.409742786566929,-0.424574620103973,0.683773803352219,0.15640685970372,2.20825456334361,58.758974208,0.0470028465550759,0.0470085728203189,0.0732171340515351,0.00697103402372786,0.0069892019266445,0.002780431912384,0.000705329555621207,164,0
1,58.873129216,accepted,3.77146526544245,-0.00353970083475907,-0.685588556113613,-1.281225814849,0.280969333653724,-0.660528705441074,0.110455958007712,-0.0127762928057442,-7.64242139612291,5.75335976163569,-0.850000000000001,-0.07,0.03,0.26,2.20086018676485,-7.61728832879865,6.36710125721253,0.415175197589003,-0.338918570833663,0.656649838358961,0.148739572779776,2.21319013218541,58.873129216,0.0473925725395196,0.0473987955661222,0.0735278568817049,0.00694586859088126,0.00696353685875171,0.0027750249979872,0.000702556804651381,165,0
1,58.959282944,accepted,1.78626552680345,-0.0376326235355675,-0.66286125291744,-1.27476402125891,0.0948732486415138,-0.380088358438639,0.211730143506843,0.000415614913848117,-7.67568547084538,5.75335979727231,-0.850000000000001,-0.05,0.09,0.29,2.20609617452083,-7.63222586577603,6.3682837807976,0.414320941768928,-0.141354789924243,0.449346641199512,0.0786717736094673,2.20543105859071,58.959282944,0.0471381701136901,0.0471435961287591,0.0733025729502818,0.00681173174092586,0.00687859222224708,0.00273004574439126,0.000698263464736506,166,0
1,59.059381504,accepted,1.77745280657657,-0.057432450227644,-0.631506913378475,-1.26678788425045,-0.0846766061802653,-0.00733453201372719,0.433550528734595,0.0238794684514247,-7.7006335032593,5.77557355335231,-0.850000000000001,-0.19,0.35,0.37,2.2165681500328,-7.65093989625597,6.38709357768124,0.418625504685707,-0.108948329639832,0.352032692391308,-0.0600139786498111,2.19319912558687,59.059381504,0.0472489135721833,0.047255278237785,0.0733735826744173,0.00675885800754961,0.00682639772031337,0.00270606382398317,0.00069736331689596,167,0
1,59.159548416,accepted,2.17148083552329,-0.0605704789350083,-0.588087326437355,-1.26383382166682,0.0779259372969574,0.497252583074203,0.28443783918111,0.020368006,-7.72558149951468,5.83110790075874,-0.850000000000001,-0.11,0.76,0.19,2.21307749152881,-7.66243593290125,6.4299519753442,0.403914367464752,-0.185768642793877,0.273870383723634,-0.094125812392635,2.19350814028099,59.159548416,0.0475131047433089,0.0475214895330892,0.0735510372510071,0.0067892707167872,0.00681252898159069,0.00269218452383063,0.000693157733882038,168,0
1,59.257677056,accepted,1.8828550294017,-0.068917001457435,-0.586352827081349,-1.23206343350236,0.354220208145012,-0.178423340548369,0.301337692285715,0.00877967089814424,-7.75052950700664,5.87553538511324,-0.850000000000001,0.16,0.26,0.01,2.20609617452083,-7.66025371109746,6.431853105098,0.375913006937949,-0.182079082200549,0.427257207293373,-0.290002892640635,2.19751039363016,59.257677056,0.0476103800167887,0.0476223797478379,0.0736144031045921,0.00670301855785094,0.0067551129049136,0.00268623828324979,0.000687572718918925,169,0
1,59.357817856,accepted,1.62947232774307,-0.075508626873046,-0.56396479730559,-1.40979981291598,0.293841135527994,-0.088989680860096,0.257282736866349,-0.000886128662167085,-7.75052947072344,5.90885597851758,-1.06,0.22,0.27,0.01,2.20086018676485,-7.65555708869608,6.44873604334675,0.339609357813871,-0.0627484497514267,0.350865900300684,-0.246666429618885,2.20182104571236,59.357817856,0.047651764412654,0.0476643588774636,0.0736506709926437,0.00667041188550994,0.00674172317582337,0.00266456789701834,0.000682829313213828,170,0
1,59.460003328,accepted,2.72036480949215,-0.0964279505562393,-0.523339130731901,-1.36949665012112,-0.141656098748883,0.379673196488835,0.546578691834894,0.0105230520070072,-7.75052942282238,5.95328343592114,-1.06,-0.03,0.56,0.29,2.20609617452083,-7.66522495115655,6.48173992835696,0.309035152964695,0.10678771442288,0.187777495574247,-0.253547801187149,2.19619149595812,59.460003328,0.0479623081474566,0.0479772800320211,0.0738751994610308,0.00674913378178409,0.00684540168847882,0.00265414347478148,0.000679979309801759,171,0
1,59.558138112,accepted,4.00572475432306,-0.0931929098303232,-0.500192509578027,-1.33942291741344,-0.168051143808442,0.0497818117687038,0.746635353317055,0.0208695786665878,-7.74221335817992,5.99771088401629,-1.06,0.11,0.17,0.47,2.20958683302482,-7.66432659660151,6.48585335336398,0.298449485755176,0.270895199229238,0.118173893826558,-0.268548968904048,2.18901800463787,59.558138112,0.0479615395032748,0.0479776914379515,0.0738803816185411,0.00672654381576588,0.00689996942293654,0.00264362854276859,0.00067620598831651,172,0
1,59.658278656,accepted,2.46884339760937,-0.131385745624987,-0.473931962763464,-1.33589895244373,-0.337629886640336,0.123953529220037,0.515947346131306,0.0183223836511566,-7.76716137728974,6.03103150298216,-1.06,-0.1,0.4,0.32,2.20958683302482,-7.66025366972002,6.49747415464895,0.275977024228954,0.225948040168946,0.276234403145203,-0.192842212965707,2.19160827880211,59.658278656,0.0481670340484113,0.0481863761991611,0.0740288378108111,0.00666811416698844,0.00687230719131218,0.00263954107040176,0.000671593906931818,173,0
1,59.758432256,accepted,1.34745588378709,-0.130861423076437,-0.458313194163853,-1.32148667988042,0.000112326013455066,-0.192786316780555,0.35019399249952,-1.29067542555816e-05,-7.78379336624399,6.07545897983985,-1.06,-0.04,0.24,0.22,2.20435084526884,-7.65700345356437,6.50727643428694,0.254589564690836,-0.0411874250966566,0.422606757063916,-0.128957082248983,2.20417037864746,59.758432256,0.0483438721052108,0.0483655823765019,0.0741596171114379,0.00662969322437143,0.00671089606679495,0.00263169113565886,0.000666229342390298,174,0
1,59.87054976,accepted,2.27536642376449,-0.141566536650949,-0.423492395932213,-1.29205412106581,-0.250183374009977,0.0296060412284372,0.528319993943083,-0.00646035151435598,-7.79210933599344,6.11988644593395,-1.06,-0.09,0.32,0.25,2.20260551601684,-7.67139435498904,6.53179144547532,0.23550049609705,0.150450282344094,0.287690604619569,-0.274507460144489,2.20875907202187,59.87054976,0.0487736849647724,0.0487976473752716,0.0745049860234772,0.00665462974167787,0.00680530735803406,0.00262521149602997,0.000663221186979452,175,0
1,59.958686208,accepted,4.8896440653364,-0.146826731034052,-0.385304987549874,-1.2614224014518,-0.155988006981097,0.115542687063137,0.919638117820036,0.00663909534093188,-7.80042529386112,6.17542077516785,-1.06,0.04,0.47,0.48,2.20784150377283,-7.66826560329454,6.55567621365627,0.224721828518935,0.189718037637042,0.355136472527612,-0.43080607977572,2.20142599555365,59.958686208,0.0486175711303521,0.0486424208385266,0.0743756232162216,0.00656142083718226,0.00675102462889746,0.00261607756935347,0.000658818729085907,176,0
1,60.058899968,accepted,5.61649337024238,-0.114162011840303,-0.380118465355348,-1.24393045346813,0.00331995430517498,-0.38597959047212,0.819377964893965,-0.00047642970507189,-7.77547719082367,6.21984820605637,-1.06,0,0.07,0.45,2.20435084526884,-7.66458832469265,6.55661920521072,0.214075271618769,-0.0041043633388015,0.436634462596895,-0.358872912942313,2.20424991883073,60.058899968,0.0485396495415338,0.0485648502881549,0.0743475728391956,0.00647178457178948,0.00656137746022561,0.00260265892944637,0.000654866137291812,177,0
1,60.159026688,accepted,1.31838548615903,-0.13420137383327,-0.355537117167477,-1.24236367653537,0.00274032717680416,-0.0231044616209737,0.407044413668065,-0.00430175728510784,-7.80042522117737,6.24206196100444,-1.06,0.02,0.38,0.12,2.20260551601684,-7.67030851525308,6.58477651242396,0.180345395715002,0.0162277653205914,0.399368005719291,-0.284807930384389,2.20677990391942,60.159026688,0.0486625338467401,0.0486887142485285,0.074449160531503,0.0064633846382863,0.00655243311061405,0.00259271002897933,0.00065128295307083,178,0
1,60.259172864,accepted,4.72494833484002,-0.126215355032677,-0.344234812254076,-1.20049217741178,-0.0249809343008279,-0.115074638117455,0.86139965077272,0.00095310945365501,-7.79210916673773,6.27538254596464,-1.06,0.1,0.19,0.25,2.20435084526884,-7.67179671395413,6.60030551916552,0.16818993905573,0.12296862731624,0.298022579446221,-0.601765848379932,2.20317737516813,60.259172864,0.0486852002968047,0.0487113327452268,0.0744832865053878,0.00640819690812922,0.00652312764458247,0.00257079305573558,0.000647765321508734,179,0
1,60.357335552,accepted,8.07992360394334,-0.140032444492032,-0.3324447032714,-1.1525344030907,0.000531999297759322,-0.163841582687937,1.08837956895093,0.0103613531485509,-7.80042516088861,6.29759628318362,-1.06,0.16,0.12,0.29,2.20784150377283,-7.66498959789888,6.60632059617141,0.141649019565333,0.158288993224073,0.274643952479248,-0.783517025991662,2.19733274440475,60.357335552,0.0485417764409815,0.048567311943686,0.0744054376430092,0.00632294816302743,0.00644437506552691,0.00255020475636321,0.000644236309440272,180,0
1,60.45748608,accepted,3.70350793871568,-0.105489685983428,-0.283358717830121,-0.872508627802605,0.108702836896312,0.12839920928765,0.657537216656644,0.0167570050103629,-7.75052900155633,6.34202368746788,-0.790000000000006,0.32,0.24,0.24,2.21133216227682,-7.63846065017718,6.62857989971026,0.116374920884135,0.215836185431951,0.115889422249798,-0.407205402507458,2.19544774977912,60.45748608,0.0482678195545599,0.0482915840259298,0.0742481096460338,0.00629511295177227,0.00636833978556354,0.00250952157609663,0.00064013564653132,181,0
1,60.55762688,accepted,5.68692857062971,-0.126668539371289,-0.307404485803928,-0.862912714497316,0.170667856172022,-0.273272040475279,0.807839663311972,0.0183879287988922,-7.75052900155633,6.34202368746788,-0.790000000000006,0.31,-0.07,0.47,2.21133216227682,-7.61280000561139,6.61544327128413,0.116088243275005,0.145905796779884,0.18873368096955,-0.325318289184095,2.19299969277002,60.55762688,0.0480513310781927,0.0480743031493483,0.0741214690542708,0.00615626259208616,0.00621541111198436,0.00248989725858935,0.000636482840309737,182,0
1,60.657796352,accepted,3.23160806379165,-0.153502773624505,-0.249696796265638,-0.872573812064474,-0.0695620947538878,0.338863329494259,0.565800200326237,0.0167790284649967,-7.74221294943353,6.37534426982771,-0.790000000000006,0.18,0.42,0.13,2.21133216227682,-7.59950530785358,6.64555385154139,0.104974228332832,0.245825787910675,0.0937595130450046,-0.428331552554335,2.19552191912382,60.657796352,0.0479125315240873,0.0479352849548082,0.0740380329920366,0.00610995473155697,0.00617265043865637,0.00246330942250852,0.000632074729738576,183,0
1,60.75793024,accepted,3.2518008163541,-0.197067364660273,-0.275970107644607,-0.858305951231645,-0.322238784915902,-0.314680325178415,0.470159487985696,0.0216376160268865,-7.75884498589297,6.37534428799271,-0.790000000000006,0.1,-0.24,0.2,2.21307749152881,-7.59607948225927,6.61532170806253,0.0862371533092761,0.406256060558624,0.0582337992382296,-0.263866257166149,2.19024400527109,60.75793024,0.0477174469965896,0.0477394953439967,0.0739173393711876,0.00603928947629852,0.00620917799809057,0.00244904756684172,0.000627781857013082,184,0
1,60.872106496,accepted,1.0997124769559,-0.212542900885009,-0.249373286527018,-0.857685331585018,-0.0507877869383285,-0.0325623538717184,0.331800974408179,0.0240965213603097,-7.76716101542525,6.36423743354344,-0.790000000000006,0.14,-0.01,0.16,2.21307749152881,-7.56581725544144,6.60304206433141,0.0759948562132028,0.187042269634078,0.0193827747836131,-0.16799107236263,2.18928015286237,60.872106496,0.0478374013393347,0.0478620996866946,0.0740562966509141,0.00600606972938033,0.00599724042758344,0.0024201743362015,0.000625277118986194,185,0
1,60.964266752,accepted,0.680675025753523,-0.283301085858827,-0.274365065222647,-0.850795403851511,-0.0648447286516764,0.182501172594014,0.0106686922542575,0.0137307104506235,-7.83368919895391,6.33091691290069,-0.790000000000006,0.13,0.17,-0.16,2.20958683302482,-7.56754103853517,6.62017686481471,0.0461539038518758,0.188880736264115,-0.00287449695879271,-0.172429599165464,2.19646684389953,60.964266752,0.0469290564268473,0.0469481294243531,0.0734137550497046,0.00577618642449365,0.00575343274661785,0.00237122733330847,0.000618870023116617,186,0
1,61.060388608,accepted,1.02697462962332,-0.232029418907612,-0.28376525369914,-0.818188087958366,-0.146676124754925,-0.261938944429339,-0.025129894005515,0.00349719933948611,-7.79210908231146,6.35313059648897,-0.790000000000006,-0.05,-0.04,-0.21,2.20609617452083,-7.58240816964502,6.60094768755887,0.0111316015706779,0.0873844666831447,0.206411634589743,-0.18738287012331,2.20199264043582,61.060388608,0.0464161484649553,0.0464332547468607,0.0730500221928243,0.00553083666639567,0.00555822549757082,0.00235079044704477,0.000614682793102399,187,0
1,61.160482048,accepted,0.46678722908862,-0.222945854254283,-0.260722599524169,-0.776820276168335,0.131493708942384,-0.0100513631899476,0.0893195517984457,-0.00277167084934549,-7.80042508821216,6.36423746944372,-0.790000000000006,0.05,0.33,-0.15,2.20435084526884,-7.57044142750818,6.61579063762001,-0.0190143249614876,-0.0763588237131457,0.337598390508206,-0.239136140436221,2.20713099786578,61.160482048,0.0459527366458651,0.0459697080986537,0.0727292441251926,0.00535956357440574,0.00536123808856015,0.00233645073839391,0.000611805674765933,188,0
1,61.258651904,accepted,1.31656092809094,-0.197313394698683,-0.256436489780748,-0.752593641651558,0.195403378538124,-0.256948024009144,-0.0464996050896408,-0.00277103845661797,-7.76716099141239,6.38645116189477,-0.790000000000006,0.21,0.1,-0.19,2.20609617452083,-7.55265762407435,6.60435423799337,-0.0555425098687332,0.0244039014538189,0.340184241792009,-0.146424157703554,2.20850846388842,61.258651904,0.0453002008349581,0.0453149598591856,0.072253740864916,0.00519787202198663,0.00522049722226235,0.00230244941128244,0.00060876288610036,189,0
1,61.35881856,accepted,5.56109015604412,-0.220286882077027,-0.267638899695455,-0.957964741792001,0.383926201196217,-0.591583089220573,0.0657995372803543,0.00194255051956382,-7.77547702196383,6.37534430598679,-1.03,0.33,-0.2,-0.15,2.20958683302482,-7.51742182820316,6.56612065898741,-0.0817934777172071,-0.0340158840951905,0.356557743622879,-0.216319076629441,2.20715113750778,61.35881856,0.0447325861775904,0.0447459034171833,0.0718341116278675,0.00503367884762055,0.00503837457690242,0.0022796380240552,0.000606150068202688,190,0
1,61.458955776,accepted,6.12051880783562,-0.223846733307492,-0.261179375131165,-0.93512981148295,0.369880690162703,-0.575553858421573,-0.293286588730458,0.00600288087022838,-7.75052900155633,6.34202368746788,-1.03,0.23,-0.18,-0.29,2.21133216227682,-7.49159957145339,6.5299898880428,-0.140787712343222,-0.121283348933663,0.362345247174791,-0.00604886006867837,2.20525328013006,61.458955776,0.0441943213764768,0.0442067383150905,0.071429740119643,0.00492157166094747,0.00491045547230459,0.00226128286758953,0.000603669184700933,191,0
1,61.559132928,accepted,2.300755375775,-0.233274051882081,-0.231336204718565,-0.890493423397501,0.22951059482484,-0.312769532053573,-0.204829387644424,0.0144344749180583,-7.7338969799407,6.33091680416952,-1.03,0.2,-0.04,-0.21,2.2148228207808,-7.48229283199089,6.52057482498662,-0.175570068666682,-0.0189188039932962,0.254592435152235,-0.0121622229749498,2.20052088365926,61.559132928,0.0436919848802576,0.0437026098519749,0.0710421627337741,0.00479848928459958,0.00479164847478413,0.00220890446906685,0.000601183902726172,192,0
1,61.659339264,accepted,3.0006586543885,-0.228871217234628,-0.222065180109485,-0.863746337336465,0.295301037553672,-0.227645466559064,-0.342772321076809,0.0257133836327736,-7.70894893513177,6.31980991313633,-1.03,0.32,0.03,-0.18,2.21831347928479,-7.45495639418741,6.5104482468654,-0.215282486844447,0.038546484668622,0.244426604090488,0.152655956491741,2.19303013292908,61.659339264,0.0432129389549983,0.0432225226453795,0.0706683685464257,0.00470600625462571,0.0047054293885185,0.00217076182460158,0.000599012372113596,193,0
1,61.759557888,accepted,4.25217314737875,-0.229351044477878,-0.222929832450443,-0.828098359424176,0.345753124521344,-0.338133233912938,-0.377614974020797,0.0206987227174071,-7.68400088115379,6.3198098860158,-1.03,0.32,-0.01,-0.23,2.2148228207808,-7.42484078375639,6.50010677019706,-0.253191924589663,-0.00975085762585806,0.30957055728058,0.136921500739209,2.19431263302295,61.759557888,0.0427601275841946,0.0427690080791148,0.0703084332851162,0.00458647813639307,0.00457793324766386,0.00214827749753666,0.000596103089100795,194,0
1,61.877765888,accepted,7.43558190545719,-0.197165006183231,-0.235357256742426,-0.794861390987013,0.512374464696116,-0.363335645532132,-0.531472547831865,0.00909232126148041,-7.64242080259815,6.30870297689577,-1.03,0.34,-0.05,-0.36,2.20784150377283,-7.39740094351068,6.49870435408592,-0.300599962536006,-0.148151713418166,0.293674456132662,0.157381993478878,2.19908705526024,61.877765888,0.0426526499898782,0.0426609590367316,0.0702702842568838,0.00451969226033047,0.00449916811792394,0.00213459747363185,0.000594713707819504,195,0
1,61.95988224,accepted,4.91078061648895,-0.195140680377504,-0.233723263811109,-0.741632250192964,0.451690148988065,-0.256538918631794,-0.414560391465564,0.00935285129713126,-7.60084073346818,6.28648920429898,-1.03,0.37,0.03,-0.32,2.20784150377283,-7.3655010324233,6.48702552261777,-0.340806903254734,-0.0611044752696776,0.272637595023523,0.0834591170406336,2.19871044254708,61.95988224,0.0419029533388974,0.0419102357412815,0.0696164929467647,0.0043778630398335,0.00435806564978076,0.00209495189983172,0.000590596789163115,196,0
1,62.06002944,accepted,1.58480540001626,-0.205077539703296,-0.221305916973059,-0.69628877498321,0.335732775296113,-0.0795790019602145,-0.105841612383583,0.023077858149021,-7.5675766612018,6.28648916899932,-1.03,0.42,0.05,-0.05,2.21307749152881,-7.33501322940857,6.49321888616485,-0.355643595625553,0.09902880363538,0.124506340076152,0.0519844104206633,2.19073553052186,62.06002944,0.0415118209630445,0.0415180965033724,0.0692918797832185,0.00430170755224468,0.00428313870267283,0.00203556795361403,0.000588390968644183,197,0
1,62.160098816,accepted,3.04438741257892,-0.225781476271074,-0.235300670995964,-0.674889777917675,0.0890098546728882,-0.481758364299033,-0.16622216645889,0.0315963040215443,-7.54262861832844,6.27538227839716,-1.03,0.28,-0.17,-0.14,2.2165681500328,-7.31473960140298,6.45621961997335,-0.382087280947667,0.193697943555823,0.28786841081225,0.021125777471599,2.18473629016339,62.160098816,0.0411339165610468,0.0411399285881791,0.0689747822247406,0.00419666878290653,0.00421751245961957,0.00202833482917546,0.000586174858734295,198,0
1,62.260288512,accepted,6.57341237165674,-0.227146050655355,-0.224585486558052,-0.655161545842522,0.277709813906871,-0.291512198948449,-0.656289230956435,0.0228409323581458,-7.52599659168326,6.26427539692631,-1.03,0.44,0.12,-0.52,2.2148228207808,-7.2786012477585,6.45400437950662,-0.447141409035082,0.173547641994548,0.396947297274515,0.120321740362664,2.19181253246715,62.260288512,0.0407717608282537,0.0407774024922966,0.0686702120550546,0.00414333554627616,0.00414326970551297,0.00202002821577659,0.00058268758597302,199,0
1,62.360428544,accepted,4.87994285569617,-0.223763962124014,-0.229792701067272,-1.04803491553597,0.398826410013923,-0.444054911839818,-0.265377898262271,0.0112225756014626,-7.50104853693543,6.26427537058218,-1.49,0.21,0,-0.24,2.21133216227682,-7.24593964548835,6.44496115710155,-0.484057275281893,-0.17242426184506,0.422784592698008,0.0174850122240683,2.20028208341316,62.360428544,0.0404254668753565,0.0404317262738971,0.0683744130794656,0.00406087758212591,0.00403121276709535,0.00201804706162333,0.000579626128288153,200,0
1,62.458617088,accepted,6.52250604580929,-0.225537087582181,-0.241903345383665,-1.01945590123219,0.239415078076156,-0.680855585672073,-0.250363583974741,0.00633341236125506,-7.49273254213936,6.24206163206169,-1.49,0.05,-0.28,-0.03,2.21133216227682,-7.25135810830882,6.4128390470551,-0.510302144865075,-0.180327863173196,0.369290956339279,0.213069041369791,2.20549353476448,62.458617088,0.0400573518775875,0.0400630559898227,0.0680567493330902,0.00401284999987294,0.00398615439556182,0.00199389807279329,0.000576872286116818,201,0
1,62.558745856,accepted,11.5350211270408,-0.192095838561804,-0.242980399312291,-1.00141725572547,0.785490354408198,-0.605352746469948,-0.267217805007713,0.00244301506836475,-7.47610052931151,6.21984788718737,-1.49,0.4,-0.08,-0.08,2.20958683302482,-7.21699441178578,6.39963652080064,-0.529165707370628,-0.352498741526298,0.497687544846199,0.179893619180737,2.2070770905265,62.558745856,0.0397371764253069,0.0397428028695972,0.0677798674979268,0.00397053018436554,0.0039581953869443,0.0020310692095881,0.000573900470115668,202,0
1,62.658877952,accepted,7.84409787148994,-0.210557871092957,-0.235509255030805,-0.986647958232463,0.651719153039508,-0.426955265784607,-0.314852396829448,0.0134659825567978,-7.45946850408866,6.20874100527576,-1.49,0.29,0.05,0.01,2.2165681500328,-7.19560446491208,6.39830671685897,-0.547830236133616,-0.335074557819265,0.457290729744503,0.316512688344782,2.20323954960734,62.658877952,0.0394250706251569,0.0394305293387295,0.0675112167503875,0.00392103735838886,0.003911888779691,0.00201153308619845,0.000571070134722143,203,0
1,62.759022336,accepted,8.84070186732527,-0.209655017322165,-0.239779397868036,-0.979092567805543,0.726041947172605,-0.42343786459527,-0.303699919832575,0.0237337098100685,-7.4345204612226,6.19763411509712,-1.49,0.56,-0.25,0.11,2.22180413778878,-7.165490939334,6.3921067548637,-0.553875035042296,-0.13634095700284,0.153990843813292,0.405809350861219,2.19912403977263,62.759022336,0.0391246025811601,0.0391290439472644,0.0672526219681016,0.00385391753842327,0.00382566697730472,0.00190879512177362,0.000568996942699752,204,0
1,62.87722112,accepted,2.95178549756086,-0.21287856016734,-0.235461176571135,-0.98190255542152,0.46064076815222,-0.102526744627935,-0.136071975555633,0.0452611863309391,-7.40125640935457,6.17542035101995,-1.49,0.2,0.04,0.21,2.23053078404875,-7.15324536030094,6.39472617451697,-0.53648430084218,-0.242435665842786,0.136562536023641,0.3415258587529,2.18651014773171,62.87722112,0.0391145698150712,0.0391190505148453,0.0672818239839753,0.00381139969373509,0.00380052628252663,0.00188814696653172,0.000569558094000525,205,0
1,62.959384064,accepted,5.27591364284922,-0.211975899383011,-0.231945806037136,-0.97948609503036,0.631384550707923,-0.233574367093347,-0.0900865647149169,0.0371273344019851,-7.38462437251386,6.17542033380226,-1.49,0.41,-0.05,0.18,2.22878545479676,-7.12337136829265,6.38005664466495,-0.534426185763376,-0.196620604115635,0.172446826728186,0.266632728498027,2.19275864115281,62.959384064,0.0385433224803556,0.0385474787668552,0.0667487245865198,0.00371333079812722,0.00369831870480996,0.00185046982742146,0.000564815419006924,206,0
1,63.05953664,accepted,3.23086753218455,-0.218047518288469,-0.232549610144098,-0.979114998358427,0.495851033015309,-0.0265625023378838,-0.155268730462909,0.0258671484158319,-7.359676328746,6.16431344466501,-1.49,0.28,0.12,0.09,2.22354946704078,-7.10499840899142,6.3877636046792,-0.540511800056193,-0.197034466651155,0.143992884399609,0.240429124500279,2.19838428343094,63.05953664,0.038269710522378,0.0382737289895987,0.0665098356763017,0.00366022131113115,0.00364375774414694,0.00181841304064005,0.000561627490936817,207,0
1,63.159672576,accepted,2.28956922722185,-0.239128022398587,-0.235879374622415,-0.976646283015228,0.229592668630878,-0.159766368950145,-0.321224090356952,0.0270145844421306,-7.359676328746,6.16431344466501,-1.49,0.12,-0.06,0.01,2.22354946704078,-7.10787045328637,6.3795445073853,-0.557102564599311,-0.101816403783539,0.0919883974660319,0.323079406221262,2.19727915123038,63.159672576,0.0380033207403956,0.0380069560755651,0.066277149877072,0.00363014618191806,0.00359253577785955,0.00177864976610952,0.000559266064873892,208,0
1,63.257859584,accepted,1.58189361757606,-0.205883770025811,-0.259483201342934,-0.963472460687639,0.302256193697007,-0.133775072705741,-0.0897539243627256,0.0235298567693398,-7.32641228824651,6.13099281796564,-1.49,0.18,0,0.24,2.22180413778878,-7.10087428559529,6.37155001349613,-0.549960446185174,-0.111464161167386,0.126945083389278,0.32626918198744,2.19890535482816,63.257859584,0.0377165625493368,0.0377200277350785,0.0660207855205453,0.00357732584387287,0.00354361459281603,0.00176042122949546,0.000556680003449816,209,0
1,63.359969024,accepted,0.786116800603944,-0.196649654868131,-0.251332659509528,-0.971761294993148,0.120313518140807,0.167270826533762,0.0162372932118892,0.0192283122376935,-7.30146423272884,6.1309927923979,-1.49,0.23,0.12,0.24,2.22180413778878,-7.10047833606573,6.38907075030874,-0.532900093806242,0.11337532866772,-0.0421895821282034,0.22222028481806,2.20322591844766,63.359969024,0.0374953677901007,0.0374982209515098,0.0658315523125752,0.00354743449518554,0.00349039358280193,0.00171084743698692,0.000554061725948703,210,0
1,63.460101376,accepted,1.01933885767312,-0.224573526283695,-0.230569221048511,-1.10523978208332,0.0686291137906511,0.225409054595791,0.0261996278266085,0.030796747316983,-7.30978024004456,6.14209966518308,-1.61,0.2,0.02,0.37,2.22529479629277,-7.08608294693158,6.38476599447567,-0.520784656693002,0.133065305169293,-0.19795804274721,0.342205693905262,2.19542379012538,63.460101376,0.0372483121820509,0.0372511574263245,0.0656160758040314,0.00357458483191355,0.00346693125882074,0.00167686118960376,0.000551886806168419,211,0
1,63.558271488,accepted,1.02288289122448,-0.246722581600106,-0.223442560099767,-1.12882244426518,0.140648031162793,0.120210556498981,-0.148124815340271,0.0246616430144972,-7.32641227675331,6.14209968197106,-1.61,0.15,-0.06,0.31,2.22354946704078,-7.07529987377042,6.36894342745728,-0.512037218636339,0.0135755023733593,-0.176900240020839,0.453285513789492,2.19965952455113,63.558271488,0.0369819055826703,0.0369848464566065,0.0653765095357799,0.00353763305149662,0.00342840126840017,0.00166045678323226,0.00054870130165737,212,0
1,63.6584576,accepted,2.87485472119313,-0.268672451892993,-0.19980426480611,-1.14512722962221,-0.115830725149316,0.34113483691388,-0.313622009139746,0.0219637211123183,-7.34304431552958,6.14209969892508,-1.61,-0.05,-0.05,0.25,2.22354946704078,-7.09173209235643,6.36387798558818,-0.50973088796857,0.0599190768118537,-0.379409566053604,0.555839158644215,2.2017818848449,63.6584576,0.0367513509275561,0.0367540031074506,0.0651736595037297,0.00361216731959197,0.0034095801637959,0.00163270359029958,0.000545301153725018,213,0
1,63.758619648,accepted,3.47039164412625,-0.288873298102163,-0.1798676019838,-1.15371105775216,0.129076135909625,0.391304550354451,-0.335366156002137,0.0199544168308234,-7.3763083885658,6.14209973344834,-1.61,0.11,-0.03,0.1,2.22354946704078,-7.08546581363752,6.34829622749322,-0.502807095207501,-0.0154530150688797,-0.407847376328621,0.427289624859004,2.2044178194082,63.758619648,0.0365283614816855,0.0365310725969424,0.0649740619340229,0.00356024754133579,0.00334419969427161,0.0016161587704991,0.000541962968708121,214,0
1,63.876816896,accepted,3.63598059982749,-0.306196655800939,-0.159003746585673,-1.15969589059503,0.0139876974541444,0.373842999777813,-0.396228535932356,0.0190639910256531,-7.4012564551881,6.13099289483975,-1.61,-0.11,-0.19,0.05,2.22354946704078,-7.10301521741065,6.31543158111684,-0.501864258641788,-0.125153956438778,-0.551061838498188,0.437143788189586,2.20469322206935,63.876816896,0.0365608943040854,0.0365633724950267,0.0650398528435824,0.00363380657536015,0.00333399438709781,0.00160129421660771,0.000539497123863687,215,0
1,63.958952704,accepted,3.58641500849775,-0.291922934204709,-0.164294754963018,-1.13971345463467,0.370761548422842,0.211017566659205,-0.334364776174259,0.0161185396880867,-7.41788851475128,6.10877918318717,-1.61,-0.07,-0.21,-0.12,2.22180413778878,-7.10513850555966,6.28492823626907,-0.515929937058332,-0.428498375180716,-0.414809206579713,0.206564013375815,2.20666452111351,63.958952704,0.0360890467864981,0.0360916376629187,0.064583240383372,0.00343856289098103,0.00331678839203621,0.00158829872085825,0.000534623943089465,216,0
1,64.059091968,accepted,2.55327880156075,-0.312218957916564,-0.145541206487501,-1.10687538269873,0.295770819562805,0.318938727985688,-0.10038595629485,0.0173579754052926,-7.45946863138644,6.08656549848068,-1.61,-0.13,-0.28,0.04,2.22354946704078,-7.13304064021113,6.25296200242115,-0.529177828942265,-0.41633911104573,-0.588745302983376,0.136836241917027,2.20702641373871,64.059091968,0.0358800942340336,0.0358821117493123,0.0643978002562777,0.0034975083195793,0.00326561536429183,0.00156522688784708,0.000530617903622359,217,0
1,64.159251712,accepted,5.54778274383192,-0.323387877683888,-0.139201561735447,-1.09927718356601,0.570642429500409,-0.0584367710285063,-0.385549602465997,0.0171774336298607,-7.50936477663746,6.05324495674047,-1.61,-0.12,-0.62,-0.32,2.22529479629277,-7.15094817252301,6.18365675000891,-0.559311067177202,-0.670684898407283,-0.566079508889923,0.0571302962713498,2.21070536845259,64.159251712,0.0356779003788385,0.0356792842269259,0.0642158300237752,0.00341854992571135,0.00334501430436306,0.00155671763122709,0.000526206759910751,218,0
1,64.257412864,accepted,3.68742348641293,-0.306356506070038,-0.139170109034755,-1.43814503721983,0.494518746857149,0.157959813861119,-0.129409676608329,0.0144452622628837,-7.53431290407634,5.98660379697683,-2,-0.34,-0.51,-0.17,2.22354946704078,-7.19858702915569,6.13389291396407,-0.595293832464854,-0.81778654128867,-0.664454907905652,-0.0450713940222764,2.21069218661323,64.257412864,0.0354525160014105,0.0354532802669808,0.0640110177369746,0.0034252834643674,0.00338715765318254,0.00154167413619567,0.000520987311473458,219,0
1,64.35750784,accepted,6.15970273297764,-0.311478354122544,-0.125747380307561,-1.39719180651773,0.581648940524566,0.065808023707345,-0.418836531965837,0.0116769779538504,-7.60084109923017,5.94217641206367,-2,-0.38,-0.6,-0.48,2.22180413778878,-7.25397639193809,6.06902540620433,-0.658362737290014,-0.941931902190914,-0.666160032637442,-0.070430615803525,2.21223516600546,64.35750784,0.0352580081345608,0.0352577906305655,0.0638374914669348,0.00337264674255717,0.00342996377558861,0.0015310468637801,0.000515717087531348,220,0
1,64.4576704,accepted,6.38291631697241,-0.316462789237654,-0.106282522780136,-1.33798905560105,0.631162147262859,0.134147493909235,-0.355354967812067,0.00984003095196506,-7.67568531602298,5.89774903281229,-2,-0.54,-0.58,-0.37,2.22180413778878,-7.32048017712999,6.01088244116867,-0.711426243248019,-1.15004592369289,-0.712164503750754,-0.0225575850214238,2.21381173345373,64.4576704,0.0350678321974111,0.0350670330307062,0.0636690952614216,0.00335851666811718,0.00355806140011726,0.00152463913973615,0.000509614703632433,221,0
1,64.559813888,accepted,13.3136391990774,-0.283414567324523,-0.113484780810993,-1.29003450839665,0.958263370362608,-0.11125340790987,-0.512477298192822,0.00702388802703169,-7.73389753214094,5.82000104613502,-2,-0.42,-0.85,-0.41,2.22005880853679,-7.38614384424063,5.92120860233402,-0.770721808769063,-1.34419003156486,-0.748463431652183,0.0922833541118892,2.21745732923553,64.559813888,0.0349090505065914,0.0349071638973135,0.0635310278044586,0.0033390690359287,0.00370723746877614,0.00152206380308382,0.000502850830780431,222,0
1,64.657953024,accepted,7.45365909376183,-0.286494399390519,-0.0958106004005961,-1.22420887634366,0.743824442716381,0.154658873573432,-0.270891079269941,0.00332151639478084,-7.80874177258725,5.75335994144488,-2,-0.7,-0.57,-0.39,2.22005880853679,-7.4747542050752,5.85771423705121,-0.816483584183757,-1.41934805270645,-0.72205903410618,-0.125180690047356,2.21831227513886,64.657953024,0.0347012161597776,0.0346988120306203,0.0633410116852922,0.00325373062943449,0.00369899115666338,0.00151118852236572,0.000496061718120441,223,0
1,64.756153856,accepted,5.8034830438911,-0.284844166715148,-0.104751720160604,-1.17274033189231,0.649789207805684,-0.196883581341562,-0.204067913110292,0.000640171780896814,-7.90021806718875,5.67561199210715,-2,-0.83,-1,-0.35,2.21831347928479,-7.5749360271788,5.76222552080577,-0.861687078467593,-1.45719597456095,-0.814598669070873,-0.15098142282272,2.22127714438947,64.756153856,0.0344998531597989,0.0344973278319088,0.063156276516332,0.00325321452216578,0.00365382829595364,0.00149072714470362,0.000489367636910626,224,0
1,64.87028992,accepted,15.8785630488044,-0.244912498978841,-0.083151790339314,-1.13001956027869,0.925385135964999,-0.246747687113241,-0.722071871160582,-0.00186462266591336,-7.99169437601077,5.58675717899449,-2,-0.6,-1,-0.64,2.21831347928479,-7.68491754922281,5.6479506879113,-0.943688431106288,-1.49354145329955,-0.767290435042168,0.0688716188429504,2.22451462010818,64.87028992,0.0345098358956953,0.034507398864127,0.0631915821790918,0.00320730867144735,0.00363956674553238,0.00148575826459979,0.000484342338600917,225,0
1,64.956400128,accepted,8.77954419765061,-0.264959739883884,-0.104137959512907,-1.06420271883669,0.643888598635955,-0.292664352452359,-0.530811484804961,-0.00729441377875739,-8.07485467984851,5.48679549412213,-2,-0.85,-0.94,-0.51,2.2165681500328,-7.77021875552644,5.56560876878162,-0.993191233882393,-1.47297157556365,-0.661070279005083,0.0106367503212271,2.22691129696724,64.956400128,0.0341555884841307,0.0341534039910315,0.062846206912407,0.00309177770257087,0.00352069198756265,0.00147889856270077,0.000478487170657105,226,0
1,65.058617856,accepted,15.0663736940611,-0.246415203209206,-0.136889469552518,-1.00872596397137,0.759895858515371,-0.822950246085937,-0.348311448672484,-0.00950189774447718,-8.17464703798801,5.37572696448953,-2,-0.84,-1.18,-0.41,2.2165681500328,-7.87915130572163,5.44733514281335,-1.03363700687484,-1.5757481225963,-0.390786448967618,-0.0689839423639823,2.23137426884637,65.058617856,0.0340204043537911,0.0340185075121694,0.0627257412763689,0.00298467217623413,0.00355100359797346,0.00151245607472287,0.000473940792331133,227,0
1,65.156742656,accepted,18.0362660360572,-0.223866529500889,-0.149456454562791,-0.947533177586439,1.02512957054724,-0.76263188770201,-0.143018312033464,-0.0129866317181229,-8.26612336634591,5.27576529068321,-2,-0.62,-0.94,-0.39,2.21831347928479,-7.9735610555322,5.36463399323933,-1.07828187026313,-1.61326908812225,-0.207251735469022,-0.250707736918611,2.23512108306402,65.156742656,0.0338329066353315,0.0338343327665249,0.0625541366510137,0.00295002852356057,0.00351636610670979,0.00153507272537534,0.000469214137266851,228,0
1,65.256834816,accepted,9.57228667197696,-0.224993172555019,-0.14691621896307,-0.895813083739183,0.690869792980849,-0.564085899256646,-0.26373340130921,-0.0178557834177901,-8.35759967211329,5.19801734756627,-2,-0.75,-0.79,-0.45,2.21831347928479,-8.08893901102913,5.29927712375965,-1.13811946705705,-1.41994176736019,-0.246775461442217,-0.191954566251969,2.23826074550766,65.256834816,0.0336729742845993,0.0336805398008098,0.0624132675402722,0.00293151586738452,0.00326199432583711,0.00149541999700284,0.000465983777394705,229,0
1,65.358961152,accepted,13.3472755899338,-0.194347613007055,-0.178210509964453,-1.60927795091227,0.748874861497479,-0.7823634069325,-0.0606981620134146,-0.0184818175916601,-8.43244395317836,5.10916252035952,-2.77,-0.69,-0.85,-0.26,2.22005880853679,-8.18931430135252,5.22519583723855,-1.19039366248305,-1.41628217949523,-0.0954230722621344,-0.202853372690144,2.24075603249262,65.358961152,0.033543384162305,0.0335550942978634,0.0623014269882444,0.00294362848473266,0.00320480571923562,0.00150879465532472,0.000462941019836925,230,0
1,65.457145088,accepted,5.8465566326461,-0.203406899965064,-0.173808085822368,-1.57012781410207,0.346922356317577,-0.599942295053241,-0.0291954491689013,-0.0198800992031436,-8.51560424312075,5.03141456843452,-2.77,-0.8,-0.84,-0.04,2.22005880853679,-8.29292694581586,5.15680129660571,-1.22637628320021,-1.13695265390504,-0.260608247436988,-0.0138232670367446,2.24112772747293,65.457145088,0.0333683212356453,0.0333841335236478,0.0621399404797541,0.00290909312093752,0.00297673164733641,0.00144800048419909,0.000461007313368835,231,0
1,65.559252992,accepted,5.11962909710085,-0.18903417663901,-0.180021517609685,-1.55304919941933,0.471700191726122,-0.407562621100475,-0.159882089330561,-0.0224833454810427,-8.5904485124506,4.95366660842313,-2.77,-0.55,-0.63,-0.05,2.21831347928479,-8.37303614323953,5.0991966012761,-1.25284544861326,-1.00758755681985,-0.236304621096286,0.104923804927556,2.24088699488309,65.559252992,0.0332499710196879,0.0332676516717702,0.0620325777982212,0.00290940027398866,0.00289699177241572,0.00143266851882364,0.000459649319442496,232,0
1,65.659418624,accepted,4.00681910496108,-0.196642174906533,-0.187264237130339,-1.53394738943323,0.21518177043287,-0.498921055654308,-0.130741872108849,-0.0219233945629904,-8.6652927726114,4.88702551301912,-2.77,-0.76,-0.74,0.11,2.21831347928479,-8.45893670978003,5.03317321656538,-1.26932406203719,-0.969387440809014,-0.257837246826894,0.236267296914842,2.24056374151866,65.659418624,0.033109284925982,0.033126839650714,0.0619012406081041,0.0029052687769876,0.00286551276016256,0.00141213295419995,0.000458294648409573,233,0
1,65.757555712,accepted,4.64700380852296,-0.187223973671529,-0.178017235958092,-1.53409806977003,0.455243041095729,-0.226719339104127,-0.334900334040475,-0.0221835147850276,-8.73182100040255,4.83149127198001,-2.77,-0.39,-0.49,0.06,2.21831347928479,-8.51769697735761,4.98828874512929,-1.2840866566339,-0.831601653623456,-0.271236042357654,0.38731790940279,2.23999804845277,65.757555712,0.0329488105328973,0.0329663574078332,0.0617462633204081,0.00290503759741178,0.00282707983291697,0.00139367010005674,0.000457038545514207,234,0
1,65.875702784,accepted,1.33540378840067,-0.192272939580281,-0.166080886666967,-1.53824572568763,0.0283346027619465,-0.112695007013909,-0.228985020911277,-0.0228341202746578,-8.80666521975652,4.79817077225614,-2.77,-0.74,-0.27,0.32,2.2165681500328,-8.61807011249257,4.95176385643165,-1.27178092494641,-0.768439984466481,-0.161547592864916,0.543057806967289,2.23908589265922,65.875702784,0.0330565591307227,0.0330736370491357,0.0618685426711026,0.00295539424583846,0.00284054157585937,0.00139251692520645,0.000456850894694664,235,0
1,65.9598592,accepted,2.95002196989703,-0.199496422449057,-0.165507531325167,-1.54352367456589,0.276697394775177,-0.205744242357301,-0.306230022436437,-0.0225800516527701,-8.88150942826979,4.7759571361786,-2.77,-0.45,-0.39,0.23,2.2165681500328,-8.66823963995754,4.9222887670322,-1.27240686763621,-0.718794411892255,-0.191479848686814,0.529154785847918,2.23849293220026,65.9598592,0.0327226823873694,0.0327392091949439,0.0615333833627198,0.0029066277942519,0.00279802123446685,0.00136434921377421,0.000454735314519291,236,0
1,66.057981696,accepted,2.64048587092145,-0.204173693493191,-0.148229089971322,-1.55746318299464,0.0888105057266252,0.121043642003291,-0.399555483265612,-0.0238287035710885,-8.93140557696187,4.75374346956984,-2.77,-0.46,-0.06,0.24,2.2148228207808,-8.72686695584389,4.90635887693617,-1.26537513925094,-0.547004969690532,-0.178024295032128,0.630998539524171,2.23833197334548,66.057981696,0.0325744937121387,0.0325890605804055,0.061384538723264,0.00290437422731937,0.00280916987220655,0.00134585385142591,0.000453260249920941,237,0
1,66.158128384,accepted,3.72807204659197,-0.213922548045922,-0.148920076746015,-1.56906463417221,0.201351125246329,-0.230926146629875,-0.4338892898211,-0.0238497185137545,-8.9896177307848,4.74263667669223,-2.77,-0.23,-0.31,0.08,2.2148228207808,-8.76773846325364,4.87137482843377,-1.2561144035454,-0.425768189771732,-0.0871536603081005,0.504956777624922,2.23764171453494,66.158128384,0.032457803941935,0.0324694222494218,0.0612638651117111,0.00288406709407171,0.00279516524419995,0.00133693146539784,0.000451615695907707,238,0
1,66.258296576,accepted,2.85103618088189,-0.212546769284097,-0.152804324368956,-1.7057270288366,0.134657791793695,-0.230965927916186,-0.346605653909139,-0.0216005211231916,-9.0228818382299,4.72042299055605,-2.91,-0.32,-0.1,0.16,2.2165681500328,-8.80704238739374,4.85304409589786,-1.25514634997208,-0.451031800033746,0.122984067932597,0.498801930030664,2.23717967876588,66.258296576,0.0323415238710946,0.0323490766348735,0.0611452848330663,0.00294327759401459,0.00276910499919193,0.00133938137850624,0.000449654017348197,239,0
1,66.358478848,accepted,1.91894188389004,-0.220071989412478,-0.15268313141769,-1.69669838993081,0.123912985125468,-0.255936065163236,-0.159430828703678,-0.0197767219943348,-9.07277796032107,4.72042305361606,-2.91,-0.36,0.03,0.22,2.21831347928479,-8.85036485104872,4.8512508899919,-1.25053659178731,-0.480564791609596,0.277231788498181,0.374458157979703,2.23705652535277,66.358478848,0.0322286248723513,0.0322327363164414,0.0610295129472968,0.00298009356371301,0.00272542041767697,0.00134031902152639,0.000447333995396036,240,0
1,66.458621184,accepted,3.29024656225572,-0.21299538221443,-0.148773511406358,-1.70328030415834,0.27958219420653,-0.308981712395807,-0.243595420375492,-0.0234604292733969,-9.10604202605026,4.73152996169378,-2.91,-0.14,0.04,0.21,2.2148228207808,-8.87969248587679,4.85506063649315,-1.24989774821101,-0.410774958801782,0.338445801621928,0.447444714399743,2.23643144115164,66.458621184,0.0321181921906674,0.0321193006556305,0.060915523338664,0.00299952881126272,0.00273583170048274,0.00133056895373255,0.000444649326549776,241,0
1,66.558788864,accepted,3.81478794021089,-0.206171868820933,-0.157332837698891,-1.71062072104975,0.248355432691995,-0.249968524271219,-0.396116635941452,-0.0172367757763285,-9.11435804809973,4.73152997227053,-2.91,-0.01,0.16,0.2,2.21831347928479,-8.89677843315813,4.86755156273253,-1.25334496542669,-0.250398019881063,0.401032861896291,0.587731895489406,2.23379038989724,66.558788864,0.032009307208395,0.0320071043304875,0.0608036389127,0.00303068700357558,0.00279664628498645,0.00132045775516042,0.000441856431269417,242,0
1,66.660915968,accepted,3.84882501721076,-0.203408022906503,-0.145367415932566,-1.72214728738435,0.337906479608235,-0.1273894349091,-0.391695305246642,-0.01273552588348,-9.12267402324986,4.76485057440963,-2.91,0.12,0.34,0.29,2.22005880853679,-8.90151795080101,4.89768762693214,-1.24153439614782,-0.207109892906701,0.462135944197598,0.673331107797236,2.23099338613301,66.660915968,0.0319285019814177,0.0319222981101854,0.0607182834695245,0.0030507024494867,0.00280805043317359,0.00130871124904594,0.000439029280908819,243,0
1,66.75904128,accepted,2.60132003014394,-0.239417463417254,-0.124268090477644,-1.73349838709021,0.174379874719637,-0.164659841854074,-0.330556849590178,-0.00919504438196839,-9.15593803394441,4.82038493874009,-2.91,0.03,0.3,0.31,2.22180413778878,-8.9111469325786,4.93013230996805,-1.22589804627483,-0.139366155393759,0.458629767784875,0.633179416879724,2.22978365798992,66.75904128,0.0318028768251423,0.0317929668758031,0.0605848305908761,0.00299855839897071,0.00280680956856225,0.00128980330863563,0.000435917242760424,244,0
1,66.875233024,accepted,6.83190168599567,-0.246969485544215,-0.0974082404169447,-1.76916553430345,0.274759040721985,0.260884053471535,-0.639586644727713,-0.00877104612409685,-9.16425399708811,4.86481240679161,-2.91,0.22,0.44,0.16,2.22005880853679,-8.90499409010705,4.97762154025673,-1.21248300504537,-0.0476329689873572,0.186718131701079,0.787755405698139,2.22897457907814,66.875233024,0.0318997148425531,0.0318832494886321,0.0606767589394517,0.00285644161932482,0.00287389439172128,0.00124987118746174,0.000434356293625999,245,0
1,66.959373312,accepted,5.05666520103251,-0.238024421932826,-0.0802460277975632,-1.76002718215016,0.267530731535516,0.283743517469742,-0.48872474416419,-0.00931852718513859,-9.15593792014327,4.90923985401553,-2.91,0.07,0.41,0.2,2.22005880853679,-8.90615708643252,5.00664523300218,-1.21048020049815,-0.190824828858327,0.134310920271356,0.679180230297467,2.22946866185111,66.959373312,0.0316076295280118,0.0315900451285765,0.0603696194044094,0.00276907624314258,0.00273831803956595,0.00123328786873869,0.000431687869498757,246,0
1,67.059478528,accepted,3.34149973139364,-0.240371406645515,-0.0637610748009383,-1.76440172217687,0.138138273498713,0.133948433387283,-0.441823863783083,-0.0125227614474106,-9.1642538828984,4.95366732050673,-2.91,-0.01,0.22,0.22,2.21831347928479,-8.92109582931675,5.02481554979741,-1.20270952730478,-0.145304736228978,0.0896868060837912,0.653049494216744,2.23082614880551,67.059478528,0.0315160321434111,0.0314958329306692,0.0602647690694157,0.00272400473780731,0.002732583297644,0.00122084005678326,0.000429750667028521,247,0
1,67.159639552,accepted,6.92604032074612,-0.235060142161954,-0.0321928078912563,-1.77249013146189,0.527895987651648,0.32195316727126,-0.425547172903325,-0.0130356884150205,-9.17256984591745,4.99809478924676,-2.91,0.26,0.39,0.2,2.21831347928479,-8.90802956981875,5.05113916699714,-1.19344557825305,-0.253555119411995,0.0771062608767041,0.617004420611654,2.23107381849116,67.159639552,0.0314275616372141,0.0314050546291126,0.0601614591016271,0.00268896824663353,0.00265662689718624,0.00121307482558039,0.000428166969739405,248,0
1,67.259790336,accepted,3.33210786691006,-0.263159169539051,-0.00762924003238119,-1.89256396196428,0.216674976635559,0.256938740074504,-0.327819796995993,-0.0150819486574321,-9.20583385480839,5.05362915288119,-3.04000000000001,-0.22,0.39,0.02,2.21831347928479,-8.93533556200791,5.07836886407974,-1.19832603067928,-0.431784177650159,0.14025513967018,0.340424555687487,2.23315041495808,67.259790336,0.0313411778868567,0.0313168857443659,0.0600597311769053,0.00264517816241877,0.00255307662036445,0.00121418698112856,0.000426790032089061,249,0
1,67.359916544,accepted,6.05792753954562,-0.229482532673218,-0.0110747462926097,-1.87604011195186,0.629287416702535,0.0750368394816166,-0.270472880767254,-0.0195445679519928,-9.22246584878935,5.0869497671547,-3.04000000000001,-0.07,0.24,0.05,2.2165681500328,-8.95684470061319,5.10267203156738,-1.21053974002778,-0.682094826513489,0.167103878837328,0.313974929997004,2.23477851734222,67.359916544,0.0312573332504094,0.0312309274508606,0.0599602423563486,0.00262855421483238,0.00250981726216402,0.00122685914078077,0.000425468180053423,250,0
1,67.460054528,accepted,7.75868044862268,-0.196340770349055,-0.0116242446316486,-1.8678228845043,0.773885798297005,0.00146542379852452,-0.187933828044341,-0.0209874620710404,-9.222465819857,5.1091634951033,-3.04000000000001,0.08,0.22,0.2,2.2148228207808,-8.97931216121986,5.12043517191945,-1.21289225945621,-0.672242966440381,0.218615018591207,0.382625404991244,2.23408177687593,67.460054528,0.0311766264070063,0.0311486258843549,0.0598620876261233,0.00263035390382622,0.002501411259581,0.00122546115245132,0.000424209057391179,251,0
1,67.55821696,accepted,6.3858252109434,-0.177152075250723,0.00459960380910118,-1.86954819012677,0.671943649138496,0.153411037981669,-0.181005283858154,-0.0175584472681836,-9.22246577710732,5.14248408923418,-3.04000000000001,0.03,0.26,0.29,2.2165681500328,-9.00497033252715,5.14812958460507,-1.21063253168383,-0.623548375886914,0.110916942005439,0.465792227809442,2.23306706761869,67.55821696,0.0310768753343148,0.0310467744189945,0.0597428048023216,0.0025877722303316,0.00249438466727618,0.00120756408414802,0.000423072103656898,252,0
1,67.65838464,accepted,6.14817816145826,-0.151314386054532,0.0116381987700684,-1.87838133370211,0.680430866753813,0.126870732470129,-0.0804029530963502,-0.0177918283498606,-9.21414973141166,5.16469780590912,-3.04000000000001,0.17,0.18,0.44,2.2148228207808,-9.0212779645022,5.16168448335418,-1.19503729642877,-0.491825585789932,0.0566356412993604,0.516535012804159,2.23182479827895,67.65838464,0.0310040605849146,0.030972657729374,0.0596485276036399,0.0025651340943832,0.00249593483154723,0.00118932037137926,0.000422049697168752,253,0
1,67.75848192,accepted,1.49711479917994,-0.17488556222721,0.0293334842161048,-1.89770668034867,0.19727066386891,-0.112838503559203,-0.110975583454907,-0.0178288755463631,-9.24741376601631,5.19801844245789,-3.04000000000001,-0.32,-0.04,0.45,2.2148228207808,-9.06636713077481,5.16325069210218,-1.1767332313913,-0.51351984697827,0.0704020861165482,0.556939513227726,2.23219577183937,67.75848192,0.0310042157312835,0.0309702657836256,0.0596257175525657,0.00256804076189067,0.0024956234818362,0.00119077657681712,0.000421043414581515,254,0
1,67.876665088,accepted,3.53286161386672,-0.126448150392605,0.0168587082457865,-1.9272296066812,0.505266242487553,-0.0451362487587418,-0.0569746602899076,-0.0179171794881756,-9.24741378035418,5.18691157757094,-3.04000000000001,0.09,0.03,0.49,2.2148228207808,-9.09289650240749,5.16763060903973,-1.1450527951173,-0.402649394616807,0.0739594865271073,0.543408020374176,2.23201026879177,67.876665088,0.0311804278912093,0.0311429525006073,0.0597806393931951,0.00257020257385646,0.00251695407616804,0.00118507944548725,0.00042083152720016,255,0
1,67.958794752,accepted,3.45575610671913,-0.147900256154944,0.0583795276939734,-1.94078342094303,0.425104321628914,0.219596405109182,0.0377880359726641,-0.0171340970370428,-9.27236178102029,5.23133906695395,-3.04000000000001,0.09,0.28,0.58,2.2148228207808,-9.09994747378225,5.1890736342815,-1.1255476916442,-0.323928164769186,0.0666644099750594,0.539722473796962,2.23169871853312,67.958794752,0.0308963947325134,0.0308596377279445,0.0594700634307673,0.00253393991723924,0.00250180205343296,0.00117209959498992,0.000418768897750311,256,0
1,68.058962944,accepted,5.17564243574505,-0.0944398105526396,0.0289243687302472,-1.96939229592281,0.67942502895015,-0.200915405854404,-0.0915604595176863,-0.020689779872443,-9.2307816845858,5.23133901308396,-3.04000000000001,0.34,-0.11,0.45,2.21133216227682,-9.10425278489811,5.19295425279867,-1.10443242327405,-0.325375390779379,0.0867078935988447,0.537768075107346,2.23105674264495,68.058962944,0.0309341171421225,0.030893945064811,0.0594783343510625,0.00253712221475355,0.00249985083934936,0.00117719477032933,0.000417668269520524,257,0
1,68.159117056,accepted,6.96364339657371,-0.0576028615877515,0.0272322428364413,-1.97336217339132,0.806969564270879,-0.188570901779092,0.176692866136619,-0.0212905342226986,-9.19751760503928,5.23133897049381,-3.04000000000001,0.46,0.01,0.46,2.20958683302482,-9.09974223332347,5.19503398305889,-1.08685436291094,-0.329812666907016,0.194434280856804,0.282073887316507,2.22953717394665,68.159117056,0.0309668666310304,0.0309244846374253,0.0594815788155725,0.00253135113636063,0.00247216668125982,0.00119303481225506,0.000416549666341697,258,0
1,68.259241472,accepted,3.7343769196736,-0.0675202000609278,0.0598022723103693,-1.85154071306142,0.462102431570265,-0.0572406853837929,0.269385534404404,-0.0194534394560493,-9.19751754795173,5.27576642742754,-2.91,0.19,0.11,0.54,2.20958683302482,-9.10350291120241,5.21396679035938,-1.06957982914069,-0.260737683975018,0.165826719844928,0.27097886203895,2.22818572501355,68.259241472,0.030942716852866,0.0308980318284516,0.0594284365046923,0.0025123197578528,0.00247785545478036,0.00118719474055804,0.000415350111635369,259,0
1,68.359371008,accepted,5.42255729795536,-0.0193498519789816,0.0354345397222682,-1.86375902042091,0.632814311274273,-0.099199815788099,0.312387538601301,-0.0156194798407712,-9.14762144587316,5.26465949964928,-2.91,0.39,0.08,0.47,2.21133216227682,-9.09364999925348,5.22455808823807,-1.05673363279569,-0.228472202411139,0.176830371398436,0.158052698088991,2.22597533189942,68.359371008,0.0309544073134041,0.0309078657949655,0.0594095511704071,0.00250246462706762,0.0024735111969777,0.00119061385918136,0.000414151844334237,260,0
1,68.459573248,accepted,8.17395752907387,-0.00595927581246336,0.0362448391234507,-1.8695612099715,0.784957461851817,-0.40022054731611,0.352329112056792,-0.00601212588917699,-9.11435735444487,5.27576632089365,-2.91,0.65,-0.26,0.48,2.2148228207808,-9.06898171276186,5.22034606759387,-1.05068894190252,-0.118818610821785,0.131866139939491,0.128124062147886,2.21957095128146,68.459573248,0.0309990625177421,0.03095032751236,0.0594233786985279,0.00249391239579992,0.00250371333373259,0.00117870957763893,0.000413003153513268,261,0
1,68.559694592,accepted,3.34125973304339,-0.000555699338372406,0.0563632260630609,-1.87601550379423,0.44258062100126,-0.162702743309634,0.271769401226327,0.00290178392493567,-9.08109326133763,5.28687314283758,-2.91,0.35,-0.03,0.44,2.2165681500328,-9.05767294213169,5.22359764807446,-1.04803775360342,-0.0833118841141286,0.129431622726268,0.167995055227001,2.21313151943953,68.559694592,0.0310330126383604,0.0309830740280355,0.0594284663994261,0.00249320626120462,0.00251251550081774,0.00117325314584537,0.000411973734449432,262,0
1,68.657843456,accepted,4.32315724893509,0.0164674291995084,0.0405739219874004,-1.87884552411342,0.498150439902472,-0.326634297354836,0.280854076767302,0.00730129028718496,-9.04782919858507,5.27576623639215,-2.91,0.45,-0.21,0.45,2.21831347928479,-9.03916064466691,5.2201314326531,-1.0454391347536,-0.0380898991497379,0.110130115307932,0.168850588409437,2.21027461894858,68.657843456,0.0310582965213833,0.0310071767549115,0.0594238420141819,0.00248883708579604,0.00252321111527919,0.00116383044405399,0.000410718897898336,263,0
1,68.760000256,accepted,8.02052606206442,0.0526011725794895,0.0394706403008396,-1.87563628839547,0.774803019785713,-0.218810803760466,0.432416225358636,0.00728845163985037,-9.00624909932052,5.27576618425072,-2.91,0.5,-0.04,0.46,2.2165681500328,-9.01591231002325,5.22556380202792,-1.03967164550138,-0.257863693595111,0.17426418324526,0.0289659829925783,2.20851770633304,68.760000256,0.031108042458169,0.0310557411251271,0.0594437843262865,0.0024916823714989,0.00244299865129488,0.00118486203274646,0.000409739096071823,264,0
1,68.874145536,accepted,3.38829811829075,0.071089915908578,0.032790795757613,-1.87948920296215,0.502994917920963,-0.197132808577957,0.0675608864010513,0.00909323230285874,-8.97298502197348,5.27576614225634,-2.91,0.35,-0.17,0.36,2.2165681500328,-9.01503246911877,5.23329920022875,-1.05499769194772,-0.14179087581631,0.0231291141143468,0.290209132794191,2.20720285145048,68.874145536,0.0312992861220036,0.0312423435603835,0.0596085420629203,0.00249057553298766,0.00248653000429237,0.00115248562317427,0.000409262615493512,265,0
1,68.960271872,accepted,3.06413566821686,0.0581712112271031,0.0190706240559146,-1.88784115034996,0.218140714133796,-0.463789727676918,0.0278969375367005,0.00809589676100098,-8.96466903053531,5.25355240372612,-2.91,0.17,-0.48,0.38,2.2148228207808,-9.00978178856166,5.21084373463807,-1.04872224125403,-0.0432992592779501,-0.0258493265512132,0.349562630768377,2.20607461315027,68.960271872,0.0311591410434118,0.031102606044401,0.0594436387761948,0.00247755781117765,0.00250525017378238,0.00113395314765011,0.000407414867746145,266,0
1,69.060429312,accepted,1.60789868242013,0.0659788283415814,0.0299332273479624,-1.88934300820972,0.274260002180905,-0.0890010487965918,0.0535232568926968,0.00938071813090602,-8.94803700594305,5.24244551879547,-2.91,0.26,-0.07,0.31,2.2148228207808,-8.99765457098936,5.20864344140743,-1.04600796066181,-0.00812778900662,0.0173280410308272,0.254111788669661,2.20535032006822,69.060429312,0.0311864442049287,0.0311299701093447,0.0594426817543837,0.00246791020125732,0.00250358047163333,0.00112986986124708,0.000406161004709842,267,0
1,69.158544384,accepted,2.17441042226924,0.0828566990142701,0.0142770232245555,-1.88289335931461,0.328839388072504,-0.197125974635967,0.0536925915518331,0.0101898337037474,-8.9147729425453,5.23133861243793,-2.91,0.35,-0.07,0.23,2.2148228207808,-8.97734615993898,5.20671934443057,-1.05226716990793,0.0287562568343616,0.122877155204254,0.173949652222025,2.20420966387517,69.158544384,0.0311768886910565,0.0311209879578521,0.059407978399448,0.0024655452553672,0.00250086949185661,0.00113140824819824,0.00040474798380607,268,0
1,69.25869952,accepted,3.43939001709066,0.101047434967484,-0.00254679624398513,-1.76634449258951,0.322161319705304,-0.356195207470446,0.122087972103399,0.0102544600236416,-8.86487683802525,5.22023168586445,-2.81,0.44,-0.14,0.03,2.2148228207808,-8.94096891732189,5.19836143566516,-1.06190360522556,0.127271800739072,0.206166967533158,-0.0933577837660594,2.20340512328401,69.25869952,0.0311052055031699,0.0310511653143493,0.0593151628858216,0.00245588270478369,0.00251084653748841,0.00112550174454154,0.000403111252749345,269,0
1,69.358852352,accepted,4.70650621364329,0.0869142091327415,-0.0277710461682643,-1.74148377938746,0.0657715669055559,-0.592643169661559,0.0968235676842543,0.0123740078278374,-8.83992880714371,5.19801792711343,-2.81,0.22,-0.27,0.05,2.2148228207808,-8.91978966307125,5.18469044358271,-1.08802029279132,0.156842342680319,0.30608397196092,-0.0482231415519775,2.20093522595177,69.358852352,0.0310321512223924,0.0309795225577274,0.0592241038778199,0.00245970548926113,0.00249739034935567,0.00112491604713098,0.000401346587916934,270,0
1,69.458969856,accepted,3.91277833352773,0.102117346714362,-0.0388149431636791,-1.71344414825225,0.231785085364656,-0.47428764224062,0.13521323291515,0.0148223952703148,-8.80666474142913,5.18691102127215,-2.81,0.41,-0.03,0.06,2.2148228207808,-8.89026178143068,5.19283474883804,-1.11324194965377,0.185412910367887,0.431028051957286,-0.0761847632269366,2.19845892704431,69.458969856,0.0309659226851538,0.030913086323247,0.0591400735600909,0.00247937866809781,0.00248257234071597,0.00112811561795445,0.000399403598031494,271,0
1,69.559150336,accepted,2.75382849107425,0.0791316471942327,-0.038345735431216,-1.69122366811062,0.000875386362174213,-0.418974522044889,0.109547054376171,0.0172465518656031,-8.7817166693449,5.19801785552274,-2.81,0.32,0.04,0.03,2.2165681500328,-8.85849585729523,5.20696341015945,-1.13666006584384,0.319966749043927,0.447164255085509,-0.0806825914075058,2.19821336341323,69.559150336,0.0308962906741897,0.0308444243835223,0.059052152677901,0.00246180299861908,0.00252325657924138,0.00111235938527506,0.0003972002685376,272,0
1,69.65933184,accepted,2.26076709066916,0.0912046544886227,-0.0290571539683082,-1.66002847581729,0.270361613688682,-0.230168956743204,0.134074932883301,0.0180494356521819,-8.73182052595359,5.22023152228163,-2.81,0.63,0.18,0.01,2.2148228207808,-8.80220730978403,5.23289088339448,-1.16581533504926,0.367521691977428,0.403429312469582,-0.125009545395576,2.19575380984664,69.65933184,0.0308271525246153,0.0307765320758894,0.0589652914670404,0.00242269309420973,0.00251600022238918,0.00109510432053701,0.00039506308440165,273,0
1,69.75944192,accepted,1.23375850489141,0.065117992890011,-0.024702516309798,-1.63035861914992,-0.18100005658614,-0.137581123094032,0.0103664626425573,0.019614079621316,-8.69855641943219,5.24244521142578,-2.81,0.29,0.13,-0.13,2.2148228207808,-8.77401151598676,5.25730214532047,-1.20297327627634,0.466638988007995,0.263876600268088,-0.142559980515841,2.19518144884795,69.75944192,0.0307567120134307,0.0307062154532351,0.0588791356068614,0.00236264074273986,0.00254635427525735,0.00106992379040181,0.000392901712603619,274,0
1,69.875632384,accepted,2.08128832457751,0.0447824621666193,-0.0149014689106837,-1.57712568807055,-0.133641041256494,-0.0543554819370728,0.332132498407521,0.0198286709561439,-8.6819243540258,5.26465891966765,-2.81,0.25,0.09,-0.01,2.2148228207808,-8.73462221249509,5.27548962771054,-1.23464542157052,0.380278251183649,0.142982019297366,-0.34048744899764,2.19514302158062,69.875632384,0.0308734721223903,0.0308260169169916,0.0589757277449526,0.00234265920022375,0.00248490157069387,0.00105713840586033,0.000391824974138785,275,0
1,69.959801856,accepted,1.73584310471618,0.0552011385760736,-0.0261051559804395,-1.54958039664794,0.0782993851429279,-0.152611782378306,0.269163796410647,0.0208706367005265,-8.64866027656141,5.26465887948,-2.81,0.45,-0.01,-0.05,2.2148228207808,-8.69722065830654,5.27992269874138,-1.26598201129967,0.373921390083089,0.138509135241393,-0.318308255728008,2.19370904552346,69.959801856,0.0306106893275245,0.0305654489207427,0.058704557939022,0.00230958769648061,0.00243855240596875,0.00104821616733728,0.000389481016942014,276,0
1,70.060003328,accepted,1.16973531900146,0.0267035608432042,-0.0121328762463691,-1.51431818000602,-0.103173522196991,-0.0198339380451058,0.205083652067847,0.0195548088411677,-8.63202822445913,5.27576572275189,-2.81,0.32,-0.01,-0.18,2.21307749152881,-8.66493646866231,5.28629326881102,-1.30476683131543,0.420658758412842,0.00938766598511874,-0.384881858314374,2.19369720576852,70.060003328,0.03054257125867,0.0304994812172715,0.0586205666372713,0.0022886154083174,0.00243954746401255,0.00103595976065157,0.00038778129645235,277,0
1,70.158188288,accepted,5.92360371759918,0.0649694618499943,-0.0251698854559139,-1.4530151140475,0.352982851271025,-0.103658000725472,0.595466684685079,0.0198533283954938,-8.57381610010368,5.26465878912855,-2.81,0.46,-0.04,-0.18,2.21307749152881,-8.61402428271375,5.28247516230685,-1.34055822985645,0.116187713317617,0.0611237764647409,-0.770841222270926,2.19320978291948,70.158188288,0.0304512018957478,0.030413541436728,0.058512916957874,0.0023077714164253,0.00232165504237137,0.00103799041969185,0.000386630379570554,278,0
1,70.260397824,accepted,6.12049285444194,0.0642049018133495,-0.0284992360517782,-1.60884768503043,0.167911833153079,-0.203495537231474,0.652570068241939,0.020976280349668,-8.55718406182604,5.26465876942049,-3.03,0.04,-0.07,-0.13,2.21307749152881,-8.60873009723676,5.27915342060761,-1.40335163167214,-0.123638981058122,0.128486016949607,-0.777426280021052,2.1921465134132,70.260397824,0.0304047019135991,0.0303679073632682,0.058453892299164,0.0022948465918382,0.00225881360660793,0.00104804844613831,0.000385888818938849,279,0
1,70.358527488,accepted,7.84842168559747,0.0796437388164506,-0.0338152895486648,-1.55170567652978,0.369138796042792,-0.265659113181306,0.672019781701469,0.0219762850134599,-8.54886805553677,5.25355189490542,-3.03,0.21,-0.27,0,2.21307749152881,-8.60236939859441,5.26943049151538,-1.45873533921892,-0.149714663733672,-0.0108121781678545,-0.666724219304027,2.19129205878052,70.358527488,0.0303142943600402,0.0302751179415539,0.0583515453015089,0.00225709377499404,0.00222339531942907,0.00103122662026302,0.000384979766127802,280,0
1,70.460684032,accepted,10.0900869154519,0.0919128204381998,-0.0481700398929998,-1.50174737037478,0.296162874501026,-0.406609650772927,0.782822562851476,0.0221956619391492,-8.53223605690753,5.22023128151211,-3.03,-0.03,-0.35,0.05,2.21307749152881,-8.60245260398617,5.2410299858404,-1.50105956549171,-0.318665825114867,0.0466692795744807,-0.726191562311356,2.19122410079768,70.460684032,0.0302719198423519,0.0302342122537755,0.0582928636919876,0.00224763631106364,0.00221418863245155,0.00103876352852006,0.000384245740837739,281,0
1,70.560847616,accepted,16.4075522095761,0.0825337975952429,-0.0644031213215204,-1.45618113982586,0.340544803453611,-0.742357434014222,0.883055037073442,0.0361025402039834,-8.54886814879017,5.17580384428998,-3.03,-0.13,-0.67,0.03,2.2148228207808,-8.6071967065003,5.19118487700644,-1.54010820583009,-0.462199809520503,0.0540206592403018,-0.845416432834916,2.17978648018352,70.560847616,0.030208828446152,0.0301730176601637,0.0582123279126949,0.00224550418462205,0.00222999077908324,0.00104095607392122,0.000384282403182263,282,0
1,70.659011584,accepted,19.0040865400325,0.123308386108194,-0.0987335974333563,-1.41262270999428,0.575979030010598,-0.551632612264502,1.02424176308294,0.0333335401053896,-8.54055222168036,5.09805578351643,-3.03,-0.1,-0.52,0.22,2.2148228207808,-8.62339714206298,5.1593230581828,-1.57424812624389,-0.66169149537849,0.0177003334600782,-0.794871894566747,2.18280699275023,70.659011584,0.0301244489461034,0.0300862401967368,0.0581131940309792,0.00221837588707135,0.00225397306184464,0.0010399147522293,0.000382845763168829,283,0
1,70.759116544,accepted,14.1165577160007,0.106966078424502,-0.0971415450650435,-1.37554186517887,0.38472057052285,-0.618256137024741,0.843579105343463,0.0341212951721803,-8.57381635339494,5.05362836738071,-3.03,-0.13,-0.77,0.09,2.2148228207808,-8.65319907360993,5.10924602941895,-1.62244473065977,-0.504842384746418,-0.16712293551996,-0.746363045094288,2.18203252456978,70.759116544,0.0300641454009245,0.0300218530284531,0.0580371372494184,0.00220354860611714,0.0021891839810503,0.00100391175314135,0.000382030026254146,284,0
1,70.877281536,accepted,7.72476130070668,0.125497441456579,-0.0985849735732716,-1.34826158667235,0.0724557148529947,-0.316311803824232,0.740793553471263,0.0421219544900686,-8.5987644919997,4.98698721175375,-3.03,-0.59,-0.64,0.39,2.2165681500328,-8.71608924954191,5.06290651121543,-1.65535173334479,-0.659749261225508,-0.332035038294066,-0.344535158127465,2.1756007251018,70.877281536,0.0302079135682578,0.0301610758042537,0.0581605892754407,0.00219640320008361,0.00218456830060707,0.000993706040333582,0.000382472587231755,285,0
1,70.959420416,accepted,12.3677379733391,0.150063977387479,-0.118755647864015,-1.34039869012751,0.531006969635528,-0.434792384500349,0.781752773825525,0.0415039347951716,-8.62371263137431,4.92034605604509,-3.03,-0.25,-0.65,0.34,2.2165681500328,-8.73576049933291,5.00887870931044,-1.66102579672208,-0.767363259339603,-0.226665513251592,-0.43507428950937,2.17690791680826,70.959420416,0.0299435355672356,0.0298984701401843,0.0578813699940552,0.00215042819835662,0.00219779069040924,0.000990035569850832,0.000380487376786456,286,0
1,71.059533312,accepted,6.24361887172484,0.154961693122374,-0.124452679781905,-1.31719872312229,0.422008815955359,-0.39074663071076,0.443693964652387,0.0297243999627703,-8.66529279974014,4.86481178506919,-3.03,-0.49,-0.54,-0.05,2.21307749152881,-8.78920833437379,4.96161148657389,-1.70483316314813,-0.90115763312433,-0.159792476833332,-0.490701042881159,2.18492004960774,71.059533312,0.029889051635184,0.0298421017371372,0.0578052763933381,0.00213026184276967,0.00223757171416336,0.000990527078831773,0.000377969439263264,287,0
1,71.157786624,accepted,11.6539524784542,0.165587619571246,-0.136429375146797,-1.26755933620216,0.345892935960817,-0.545366783888974,0.778869528672653,0.0216271562016153,-8.71518898808793,4.80927752380929,-3.03,-0.58,-0.7,0.1,2.20958683302482,-8.85425277892985,4.90812485337775,-1.7333804231271,-0.916854137413065,-0.168940815029238,-0.672241467925745,2.18978315514444,71.157786624,0.0298166983092799,0.0297670644344927,0.0577105377495429,0.00212857207327543,0.00223868794199346,0.0009821592090599,0.000376031490279414,288,0
1,71.25992192,accepted,7.31933315469681,0.151062446084653,-0.133342861576015,-1.07213871055372,0.344042025790633,-0.3920040653026,0.604853746008036,0.0268068500993364,-8.79834925442064,4.75374330472707,-2.87,-0.59,-0.59,-0.06,2.21307749152881,-8.923459027151,4.85919932343984,-1.77668508743693,-0.925095933656389,-0.20850597632873,-0.65985180009452,2.18779056254131,71.25992192,0.0297889584071016,0.0297369941160807,0.0576588096448607,0.00211716973940988,0.00221959475560585,0.000973062944887482,0.000375108856020878,289,0
1,71.36005632,accepted,11.5285260195257,0.168899955103241,-0.139982693448816,-1.02578344864028,0.349132122596666,-0.381852420338836,0.868089158250818,0.0292689896753271,-8.84824544471129,4.69820904432173,-2.87,-0.64,-0.55,0.12,2.2148228207808,-8.99030098318812,4.81079765073254,-1.80640663335512,-0.980086600016431,-0.178459666971419,-0.740221060103658,2.18708859045193,71.36005632,0.0297399183316001,0.0296869068843456,0.0575849065168759,0.00210774712037082,0.00223157240228572,0.000968426493234073,0.000374000801827276,290,0
1,71.460232192,accepted,5.44948487691192,0.149691393175592,-0.144172683290971,-0.986379927849094,0.126160388114652,-0.238384259215403,0.629260517751304,0.023142717620992,-8.93140571597079,4.64267482676047,-2.87,-0.65,-0.58,-0.1,2.21133216227682,-9.06888119014122,4.76822259743844,-1.85990901753958,-0.772228215759018,-0.34813525706443,-0.723954479775434,2.18902662762756,71.460232192,0.0296899255032287,0.029634923057683,0.0575139570679618,0.00211292104310442,0.00212383272442323,0.000948888497808233,0.000372456325805479,291,0
1,71.558386432,accepted,4.92943319468442,0.116736068682872,-0.1333652824192,-0.942644013402113,0.0526650412011408,-0.162946068973772,0.626710012895904,0.0314505845583,-9.02288199222919,4.59824748458476,-2.87,-0.67,-0.5,-0.08,2.2165681500328,-9.13290705919483,4.71797090095137,-1.90323729405914,-0.720616502376153,-0.341688374397874,-0.701410678133685,2.18579860150145,71.558386432,0.0296172700059417,0.0295629022723642,0.0574183472580559,0.00209338185507332,0.00208575494807537,0.000942276683267263,0.000372240991976352,292,0
1,71.660486912,accepted,3.4591444791153,0.116029877565916,-0.148316634658518,-0.903825098191537,0.118901255707559,-0.302469458810907,0.432634999405172,0.0234963408525477,-9.0977262461021,4.54271325710827,-2.87,-0.74,-0.51,-0.1,2.21307749152881,-9.20304067852701,4.66830146078644,-1.95330798669258,-0.855499414219859,-0.215467940384667,-0.529328030239943,2.19050788306724,71.660486912,0.0295884621696999,0.029534335239286,0.057365929756914,0.00205089762731072,0.0020933875710494,0.00093784008565545,0.000370380142992917,293,0
1,71.75867008,accepted,4.63715514997737,0.0922952936824473,-0.156033306447297,-0.851794209783805,-0.000888929151390494,-0.357263279908575,0.525315953816012,0.00834679531140425,-9.19751854726925,4.49828592755892,-2.87,-0.83,-0.46,-0.2,2.20609617452083,-9.28717450915549,4.62799509160441,-1.99912553872889,-0.82866127508775,-0.111826653118021,-0.721040399239917,2.19846372133463,71.75867008,0.0295172316486517,0.0294630122753729,0.0572733138363264,0.00204629952001761,0.00207958306774798,0.000931839730057266,0.000368315860369666,294,0
1,71.876818688,accepted,3.07052022948217,0.111989718610079,-0.169863954976155,-0.799751609264882,0.13301068872281,-0.290743982550309,0.400220225600011,0.00845596352915612,-9.26404678285377,4.4427516932927,-2.87,-0.57,-0.46,-0.21,2.20609617452083,-9.36452003477753,4.58995362267925,-2.05793601875107,-0.69938804762938,-0.176701040763214,-0.607146384442223,2.1981053539964,71.876818688,0.0296634757546177,0.0296075787227448,0.0573940770734135,0.00203593926067328,0.00202814730107862,0.000927571566642141,0.000368175788545939,295,0
1,71.958980864,accepted,7.78137058972636,0.106733192891125,-0.182462656269281,-0.761863857311129,0.0852620675652751,-0.359482613988688,0.744811179705943,0.015155357654427,-9.31394297911228,4.38721743560956,-2.87,-0.59,-0.66,0.08,2.20958683302482,-9.41221255190048,4.54268735618563,-2.07499556845441,-0.672629663999318,-0.309546359438839,-0.658151291840291,2.19503203374934,71.958980864,0.0294129654579465,0.0293585333638067,0.0571298306404174,0.0020273943817783,0.00200120080264308,0.000922394423825743,0.000367046424186644,296,0
1,72.059202048,accepted,5.80657052064085,0.0859107805192938,-0.169150379879059,-0.724729795124423,-0.0641885015274258,-0.0228959419110628,0.711160844489287,0.0225380391340182,-9.39710324085066,4.34279008807585,-2.87,-0.77,-0.33,-0.03,2.21307749152881,-9.48430898098031,4.50590233493645,-2.11344784424632,-0.706612275018911,-0.308642319912975,-0.734878713273887,2.19078693175981,72.059202048,0.0293628686539127,0.0293089702331939,0.0570600860982125,0.00202068379842474,0.00199831374892193,0.000918337658395623,0.00036669302562227,297,0
1,72.159335936,accepted,5.15506070234562,0.0458176345831038,-0.151479435384758,-0.674744767887911,-0.068448312909301,0.03014670434498,0.669852542624382,0.0175875566588006,-9.50521153942383,4.32057650186302,-2.87,-0.76,-0.31,-0.34,2.21133216227682,-9.55366223900253,4.46972016772154,-2.16527450149564,-0.69266119334401,-0.340476081048974,-1.00394391408872,2.19386946093604,72.159335936,0.0293120126998989,0.0292585809948791,0.0569893104150208,0.00204230104648335,0.00201147554186802,0.000917173905622509,0.000365367829170269,298,0
1,72.259434496,accepted,11.2089131771465,0.0426950096553451,-0.172110990856413,-0.595137203875467,-0.397468770641708,-0.411223182359685,0.827415795294378,0.00992365462905376,-9.58005579772492,4.26504228074563,-2.87,-1.11,-0.66,-0.28,2.20609617452083,-9.64553488281216,4.40716164250845,-2.23487771444868,-0.721156591398378,-0.259141019765426,-1.09982265502675,2.19647203233654,72.259434496,0.0292599585640282,0.0292073511982755,0.0569180137865091,0.00203107939041748,0.00201218453182277,0.000909811851571924,0.000364080971452324,299,0
1,72.359605504,accepted,10.1435512175627,0.0513063762050283,-0.176323800103449,-0.736563797952826,-0.00240581646421345,-0.347765165782841,0.886989723320831,0.004259055357835,-9.66321607938046,4.20950807087625,-3.08000000000001,-0.66,-0.54,-0.19,2.20260551601684,-9.7128978260222,4.35980860405256,-2.30213866075391,-0.657291216106448,-0.20101075407902,-1.06897538114255,2.19860429138091,72.359605504,0.029209301929343,0.0291571334049516,0.0568493917977889,0.00200776686429518,0.0019819902024008,0.000904024323622881,0.000362997502510614,300,0
1,72.459782912,accepted,8.62626009894704,0.0568213387658503,-0.173644462702639,-0.677502272979111,0.0950595097225008,0.0374933847411517,0.871233054454426,0.00986464382685304,-9.71311226545805,4.16508068107211,-3.08000000000001,-0.37,-0.2,-0.04,2.20784150377283,-9.76228853966794,4.3361940649693,-2.36116346143181,-0.462474206579799,-0.23777681588065,-0.903350316000806,2.19813372545567,72.459782912,0.0291589723873561,0.0291071380150434,0.0567819493707426,0.00197506328330772,0.0019386124361455,0.000904941497011329,0.000362448165381007,301,0
1,72.557903872,accepted,14.5978959573442,0.0176544892134221,-0.163171368900646,-0.630052758280779,-0.255842533006137,-0.0803120734573438,1.11445135861415,0.0188670947343117,-9.78795646602639,4.15397391975514,-3.08000000000001,-0.74,-0.23,0.19,2.2148228207808,-9.82032454373234,4.30752937926141,-2.39390745463566,-0.489463183001751,-0.15258578251253,-0.91418974560878,2.19613038628245,72.557903872,0.0290870691847572,0.0290353353910446,0.0566925062036818,0.00195837467178913,0.00192573151064315,0.000897165658514502,0.000362162988435089,302,0
1,72.660028928,accepted,10.5795055829762,-0.00612391723230843,-0.136418873404321,-0.584747313233269,-0.143194191127965,0.150058504808985,0.952881058020865,0.00879150796124861,-9.87111667391776,4.15397403373097,-3.08000000000001,-0.49,-0.06,-0.09,2.20958683302482,-9.87355147201707,4.29544801506557,-2.44805025455574,-0.349670516062476,-0.207917539374456,-1.03418511769156,2.20093899081313,72.660028928,0.0290584483516982,0.0290064972341612,0.0566464855807796,0.00196341554168949,0.0019395700033071,0.00090210657174305,0.000360863130049721,303,0
1,72.760176896,accepted,13.1788855095061,-0.0389543736154447,-0.125043944352397,-0.525788925798783,-0.266220006316692,-0.0789566284669632,1.054742405795,0.0118877247441609,-9.94596086157058,4.15397413755489,-3.08000000000001,-0.59,-0.23,0,2.21133216227682,-9.92387222740174,4.27049595181229,-2.50058544860364,-0.329530243743812,-0.153825008910333,-1.04496095358737,2.19945514266611,72.760176896,0.0290080811854387,0.0289560069432747,0.0565792247609827,0.00194921010668391,0.00193214090366917,0.000895544441207684,0.000360135302292418,304,0
1,72.87434112,accepted,15.7159968074488,-0.0326160321591118,-0.111645384038128,-0.460941771802234,-0.0644578662365033,0.0994226971621212,1.18598993705944,0.013852716674851,-9.99585700075614,4.14286734182071,-3.08000000000001,-0.45,0,0.04,2.21307749152881,-9.96775298183674,4.25707246080065,-2.55673109394256,-0.386891944092726,-0.0983178131217824,-1.13492735145682,2.19943136920293,72.87434112,0.0291051331580162,0.0290518225496841,0.0566559102470928,0.00195552154070432,0.00193234725644065,0.000888784594954853,0.000359907699173753,305,0
1,72.96052608,accepted,17.2952983864175,-0.0537444687814599,-0.106004960690785,-0.428529445365802,-0.209854010067347,0.0331418426324074,1.23294198472798,0.0137843828769477,-10.054069147404,4.14286742362197,-3.08000000000001,-0.56,-0.07,0.2,2.21307749152881,-10.0140990894506,4.24750349333841,-2.5864316629424,-0.354683210249855,-0.103462998351947,-1.02142166085868,2.19945250026025,72.96052608,0.0289031755872785,0.0288509051680636,0.0564451150742473,0.00191944810456797,0.00190228771378191,0.00088490846637505,0.000358631198998715,306,0
1,73.058706944,accepted,12.0428389908685,-0.0617815406655069,-0.0882533037015332,-0.396610392407054,-0.228937826568139,0.253880183928807,0.986316254170329,0.0132738409045148,-10.1039652730288,4.14286749381128,-3.08000000000001,-0.4,-0.03,0.1,2.21133216227682,-10.0572846118559,4.24341887792244,-2.63233009359427,-0.175846632810988,-0.27943834311208,-0.877077715230362,2.19840455488259,73.058706944,0.028832902450356,0.0287806076340438,0.0563608538291302,0.00190348218269471,0.00191192356297068,0.000904310444826261,0.000357548144247549,307,0
1,73.158823936,accepted,14.980193252368,-0.105361485236786,-0.0576188087118643,-0.35954066975917,-0.347648411992009,0.218615965066839,1.09054727318236,0.0136478840457466,-10.1788094424799,4.1539744648624,-3.08000000000001,-0.5,-0.15,0.13,2.21133216227682,-10.0967277197351,4.22248418880656,-2.66314236168699,-0.159836079516435,-0.365035406987042,-0.950151750571941,2.19778668770688,73.158823936,0.0287831237642067,0.0287308331167077,0.0562954117151933,0.00191379126623124,0.0019131290400466,0.000912522771658703,0.000356466435747434,308,0
1,73.258966016,accepted,12.5846572794901,-0.138519918469452,-0.0233101046595703,-0.54661602960774,-0.38390336250911,0.332598127815056,0.937339464864119,0.0127808067554747,-10.2536536147757,4.16508143572669,-3.31,-0.58,0.04,-0.09,2.20958683302482,-10.1414898271347,4.20691661477262,-2.71743542876068,-0.204480405903652,-0.286385096816878,-1.01893731805804,2.19709666645522,73.258966016,0.0287335073243783,0.0286815695884826,0.0562302409822383,0.00189670134589093,0.00189813376559615,0.000899735377272946,0.000355499876389859,309,0
1,73.36513664,accepted,11.0368241865621,-0.151724805921379,-0.0156666824922862,-0.48421309687078,-0.380012124400877,0.201272415702274,0.900939404301014,0.0132656523132457,-10.3118657610496,4.16508151959347,-3.31,-0.54,0,-0.13,2.20958683302482,-10.1866643879344,4.19170279667835,-2.78118122505489,-0.168391741724886,-0.197701026997337,-1.02281903830951,2.1965800689454,73.36513664,0.0287478880409363,0.0286958941872566,0.0562269378619839,0.00187820249368225,0.00190105653512253,0.000892056082233848,0.00035471369618554,310,0
1,73.461307648,accepted,13.1706324432012,-0.154402009805949,0.00704731142204018,-0.430326429445952,-0.381373295214586,0.462275340628287,0.913526262400401,0.0123420093608462,-10.353445847699,4.17618844332631,-3.31,-0.41,0.06,0,2.20784150377283,-10.2255537419903,4.19596870125955,-2.8337817459012,-0.0367496245722483,-0.393221457612008,-0.905039569846683,2.19610060986896,73.461307648,0.0286570210059401,0.0286054466591325,0.0561238271377285,0.0018866094846626,0.00192070622489402,0.000924408911312218,0.000353237494072965,311,0
1,73.559412992,accepted,12.4861180544658,-0.16516376115791,0.01774782400968,-0.390174134364057,-0.3411632701749,0.42882585864346,0.911565057893885,0.0134532818649982,-10.4033419733385,4.17618851575205,-3.31,-0.51,0.06,0.03,2.20958683302482,-10.2625527976915,4.18345170572317,-2.8736138414105,-0.176316973387789,-0.360579618554452,-0.873084734005631,2.19654100167002,73.559412992,0.0285872004628742,0.0285364099089334,0.0560397771151238,0.00186590295744102,0.00186073967056977,0.000912429968743851,0.000352078994710513,312,0
1,73.65957632,accepted,3.48785757188379,-0.189416320440101,0.0276852336094375,-0.379184978905733,-0.455280551850011,0.13930568501517,0.293528391233303,0.0170265626480388,-10.4698701217812,4.18729547673295,-3.31,-0.36,0.01,0.02,2.21307749152881,-10.312275223266,4.16820147248375,-2.91964993552696,0.0852290568854713,-0.126326502950123,-0.271048500125971,2.19641818994318,73.65957632,0.0285394267451503,0.0284885587205644,0.0559784404961186,0.00180938203351313,0.00193968611130023,0.000898459727819916,0.000350763163959498,313,0
1,73.75970816,accepted,2.44309179709298,-0.169995886285564,0.00108868138580931,-0.398552973781336,-0.28400104339501,-0.225569761866002,0.291731608365058,0.0197653594057621,-10.4615541338329,4.16508173653861,-3.31,-0.1,-0.23,0.62,2.2165681500328,-10.3128339725229,4.15066506672633,-2.90072204506207,0.177105003204681,-0.00938538162098526,0.330745158109516,2.19633772400587,73.75970816,0.0284905572520306,0.0284408900021179,0.0559168089328571,0.00184844336474291,0.00202895896452249,0.000891515715761236,0.000349246388320636,314,0
1,73.87582976,accepted,2.92000502832284,-0.199895026291239,0.0269083224744566,-0.475719648359074,-0.127215283645709,0.330723775286934,0.362258592935617,0.0252815104025528,-10.4948181995913,4.1761886490892,-3.31,-0.09,0.24,1.17,2.22354946704078,-10.3077042532474,4.16917696386437,-2.820643173598,0.0335107672486989,-0.0827587926272843,0.810986814056132,2.19930048620983,73.87582976,0.0286054727572018,0.0285574728811997,0.0560154469738758,0.00193827165268522,0.00204147348832394,0.0008902396899879,0.00034849618971839,315,0
1,73.957970432,accepted,8.78666746096856,-0.1817830965794,0.00893160026945061,-0.564884365924755,-0.160722925672478,0.0599393445648926,0.870131636133741,0.0234685502386549,-10.4948181995913,4.1761886490892,-3.31,-0.2,0.06,1.82,2.22354946704078,-10.3272517413614,4.17047892569834,-2.70435492299351,-0.0439574647222357,0.00210641803112469,0.957698586808882,2.20043573569769,73.957970432,0.0283689243348074,0.0283225247881869,0.0557740984107694,0.00194342698088852,0.00201703817927075,0.000873414987655628,0.000346816569074128,316,0
1,74.056111104,accepted,8.68739589341605,-0.215559621925067,0.0420380587053035,-0.693366252083287,-0.0467898437105947,0.484734815507529,0.733603778175263,0.0260288177518313,-10.5447142761392,4.20950931568386,-3.31,-0.09,0.43,1.6,2.22529479629277,-10.3375016265526,4.19625861241478,-2.58539305707729,-0.0452425529576952,-0.0432160469786481,0.873075445681818,2.20054033525937,74.056111104,0.0283034290083131,0.028258594679105,0.0556957593129441,0.00190802861619901,0.00197726600607741,0.000881685797756914,0.000345899491049028,317,0
1,74.158221824,accepted,7.86397550751826,-0.249258542469907,0.0633223012789239,-0.810946483690743,-0.422089765324508,0.33363944225974,0.637503354964193,0.0265902937578719,-10.594610333569,4.25393684692127,-3.31,-0.52,0.3,1.37,2.22529479629277,-10.3764041098866,4.21118211401326,-2.47496336708827,-0.107867250438477,-0.0258867303508727,0.738040399582045,2.1994566110524,74.158221824,0.028280441823174,0.0282369984331026,0.0556574847601647,0.00186397473627822,0.00191428075655623,0.000881388227599926,0.000345108009143552,318,0
1,74.258429696,accepted,7.84969022951391,-0.249341738741728,0.0695497205122146,-0.900183520003358,-0.128602658486101,0.342251600688551,0.745018464180718,0.0239806496451616,-10.6361904053747,4.27615063578746,-3.31,-0.22,0.22,1.28,2.22354946704078,-10.4008919117654,4.22784217269653,-2.38093838796519,-0.0951631065159331,-0.114323762867514,0.541535166081692,2.20037767485041,74.258429696,0.0282375790298286,0.0281954196594463,0.0556009822567179,0.00182408100033633,0.00186893019640112,0.000899859228631596,0.00034399825985612,319,0
1,74.356585472,accepted,7.91612873749718,-0.238228574258891,0.0661140435505265,-0.39451200854288,-0.155925735783847,0.199203721548932,0.815501833043168,0.0199951928845628,-10.6528224296003,4.28725752529126,-2.73,-0.29,0.18,1.22,2.22005880853679,-10.4296979977455,4.23367689885312,-2.29692602221547,-0.138311893050609,-0.0146046375833567,0.411918993859811,2.20054549648866,74.356585472,0.0281831272118659,0.0281422695258899,0.0555318866434251,0.00178240607220606,0.00182366959484456,0.000884822824734876,0.000342848463149858,320,0
1,74.458710528,accepted,5.95289282965261,-0.23927695688101,0.0807804305436592,-0.471756022563942,0.209413051700612,0.334481267948649,0.623520320090555,0.0194082281833907,-10.6860864806395,4.30947130437082,-2.73,-0.01,0.26,1,2.22005880853679,-10.441424611248,4.24940433177796,-2.23104272413587,-0.216459259792615,-0.0671617866776721,0.38205508828239,2.20144488242515,74.458710528,0.0281684390191017,0.0281292325837391,0.0555027649949471,0.00177543637366852,0.00178793594556598,0.000896677471309113,0.000341968032483875,321,0
1,74.55686272,accepted,6.64711037310309,-0.231186520638298,0.0899775036686696,-0.541768561981528,0.076395832319762,0.270910514312082,0.721316146633423,0.0171089668899591,-10.6944024654939,4.33168504543431,-2.73,-0.17,0.2,1.13,2.21831347928479,-10.4650241979801,4.25916960496488,-2.15631664681371,-0.245966086081903,-0.0647461116149644,0.415261494142483,2.20177678277393,74.55686272,0.0281106749271177,0.0280726697164,0.0554313993691632,0.00176930233184475,0.00177347137768326,0.000901298880523803,0.000340975159203894,322,0
1,74.657045248,accepted,6.15814731811528,-0.2363813469282,0.0998308338460943,-0.616868316344129,0.360545594811563,0.125264571843825,0.685138569383531,0.0152667168612077,-10.7276665160126,4.35389882252384,-2.73,0.03,0.1,1.1,2.2165681500328,-10.4793557554523,4.26298394632488,-2.08808234687873,-0.325425724250138,-0.0221264965530018,0.420238541453645,2.2017740942749,74.657045248,0.0281036720733988,0.0280667596561275,0.0554090662208355,0.00175893679837532,0.00175155276767317,0.000905304277605928,0.000340188529349799,323,0
1,74.757185792,accepted,8.76577405262061,-0.250060995097268,0.110235158719022,-0.67326569128713,-0.0409304843361666,0.364966202541657,0.803489213538896,0.0149015479758723,-10.7609305639578,4.37611260247255,-2.73,-0.27,0.36,1.1,2.2165681500328,-10.5198502098172,4.28931181233851,-2.02164067980096,-0.230959237883674,0.00300873781240104,0.303965830258342,2.20225706078611,74.757185792,0.0280620628663152,0.028024937190262,0.0553552316189217,0.00173245136237353,0.00174473029232759,0.000911796267332723,0.000339347488174164,324,0
1,74.877332224,accepted,11.9057315159839,-0.244957302032422,0.125358348546628,-0.729235032763439,0.085411116051051,0.359185860093308,0.988421272034835,0.014123570741984,-10.7858785770409,4.40943323224752,-2.73,-0.09,0.33,1.04,2.2165681500328,-10.5428440740443,4.30682072958386,-1.95851070558572,-0.174974143342599,-0.0216899207191613,0.0605756249767397,2.20314738473393,74.877332224,0.0282326315638019,0.0281966428609912,0.0555100158680335,0.00171633692185196,0.00173631199959093,0.000940063754966019,0.000339072486842796,325,0
1,74.961500672,accepted,6.55429601448219,-0.243772223858763,0.154944588898917,-0.774312524568975,0.238900082594428,0.431872879298949,0.576799944874089,0.0125285000214443,-10.802510533834,4.46496757882068,-2.73,0.08,0.55,0.69,2.2148228207808,-10.5516260182852,4.33858711850112,-1.93442691264383,-0.155499164235699,0.127422501510941,0.118213218942205,2.20311785881544,74.961500672,0.0280248112692557,0.0279899624656561,0.0552981235350643,0.00169065921017273,0.00172577433428317,0.000921980767522575,0.000337708261471838,326,0
1,75.059666688,accepted,5.51129342604384,-0.223316832221728,0.155118879324394,-0.811579146940613,0.38813033943591,0.265169523359615,0.509211841894224,0.0113134607331227,-10.7858784264084,4.50939501059576,-2.73,0.35,0.44,0.66,2.21307749152881,-10.5465673291602,4.37339794817347,-1.9014409240328,-0.0319407005443881,0.181058825077031,0.155026250580995,2.20243401239223,75.059666688,0.0279634957881093,0.0279298879515316,0.0552266739417925,0.00168118271291505,0.00175032983484636,0.000923541386071004,0.000336645535094933,327,0
1,75.159853568,accepted,11.2892169149288,-0.244152363120326,0.177164465224132,-0.833792702956848,-0.234211045959107,0.447335453805977,0.86612619087085,0.0102847672867434,-10.7858783426879,4.56492933127402,-2.73,-0.11,0.54,0.87,2.21307749152881,-10.5615276910553,4.41742014133739,-1.86006063375853,0.118790867265417,0.102395646036144,0.0121040222965454,2.20382093520715,75.159853568,0.0279236319801152,0.0278923654055424,0.0551759633393527,0.00166783763687175,0.00178451947675125,0.000954102095804588,0.000335421402964741,328,0
1,75.260013568,accepted,3.25511280437841,-0.263271101625945,0.199361606907249,-0.102483397001644,0.139614582147239,0.341867447383598,0.389148272391555,0.00843852962013036,-10.810826302559,4.63157055503813,-1.97000000000001,0.3,0.52,0.29,2.21307749152881,-10.5467257656903,4.45679448887974,-1.84745228417746,0.161742831717977,0.185967050367149,-0.0952293530723631,2.2056045820314,75.260013568,0.0278841776068736,0.0278563820756745,0.0551260074175949,0.00164916763396769,0.00178196327740014,0.000948731242307889,0.000334179160789738,329,0
1,75.360194048,accepted,10.8616694450867,-0.284869194962315,0.222574853125664,-0.111241800872065,-0.224499517674044,0.4783835960928,0.837303651542917,0.00573643830083803,-10.8108262017952,4.6982117409487,-1.97000000000001,0.03,0.65,0.58,2.21133216227682,-10.546225014769,4.50816539208525,-1.81432632285475,0.249090316558505,0.181965228494592,-0.248563116037641,2.20684217004966,75.360194048,0.0278460710429934,0.0278221095063893,0.055077093763926,0.00163869930778628,0.00180389400600312,0.00096374297693095,0.000332811709302303,330,0
1,75.4623808,accepted,8.54085651862047,-0.305257642127309,0.241412080109736,-0.138791990205264,-0.11457329008364,0.464114177955949,0.733771357043827,0.00369339946613989,-10.8191421207713,4.7648529390705,-1.97000000000001,0.21,0.62,0.58,2.20958683302482,-10.528514793555,4.55577494404165,-1.79279104876035,0.321169402148383,0.166321259155063,-0.145961834466532,2.20719523529819,75.4623808,0.0278277848313787,0.0278092061221492,0.055048772976559,0.00163557988423321,0.00182638648364942,0.000984058583599747,0.00033137553069634,331,0
1,75.558602752,accepted,5.994365022236,-0.306412325396524,0.259926888473816,-0.151899792745428,-0.048481876707944,0.415687193523127,0.598717036422351,0.00220125153659456,-10.8025099804103,4.8314940988918,-1.97000000000001,0.35,0.55,0.24,2.20958683302482,-10.5070172838717,4.6016551872429,-1.78733492651099,0.396321946143238,0.143784187883631,-0.352401332896682,2.20864251797615,75.558602752,0.0277517588704391,0.0277375690696363,0.0549633768720331,0.00162881276454648,0.00184304145073008,0.00100496005191948,0.000329629534463945,332,0
1,75.66081408,accepted,10.5503091343188,-0.338437424542491,0.290490770529566,-0.141382852877058,0.0390248570627623,0.625149019337175,0.744913290504748,-0.000156633575233656,-10.8025098631238,4.90924215063529,-1.97000000000001,0.45,0.8,0.26,2.20784150377283,-10.4709270666676,4.66137554976797,-1.78968051937685,0.410311833290707,0.188525702858404,-0.477148166642016,2.20990365516824,75.66081408,0.0277356565560916,0.0277282347619841,0.0549379545349005,0.00162179751668424,0.00183287289603899,0.00101072689623868,0.000328157587157535,333,0
1,75.76102656,accepted,5.16323146124973,-0.364529870933483,0.317627675755416,-0.137792683931948,-0.140661076914342,0.515995244418581,0.409814744232168,-0.00223133719591351,-10.7858776894387,4.99809703972129,-1.97000000000001,0.44,0.7,0.08,2.20784150377283,-10.4387727722437,4.71781218822166,-1.81160071564238,0.576783834359606,0.196142907119761,-0.325521998393649,2.21177134026936,75.76102656,0.0276996721286398,0.0276982479714122,0.0548940825528304,0.00161258609246807,0.0019075382724161,0.00102111952840834,0.000326339477433936,334,0
1,75.87925632,accepted,6.15735365351517,-0.391185314738946,0.330198537173478,-0.122671026833405,-0.331603195305352,0.436787883526347,0.491635252817295,-0.00305253840428676,-10.7609295116493,5.07584505195683,-1.97000000000001,0.29,0.67,0.11,2.20958683302482,-10.3987088384354,4.77893376438664,-1.82199132171979,0.614050706783472,0.243537791556577,-0.376300170519552,2.21394275350925,75.87925632,0.0278379355733165,0.0278479106019208,0.0550263067773274,0.00160971534630413,0.00191699107227889,0.00102864457766656,0.000325038005535689,335,0
1,75.959484672,accepted,7.73079152559868,-0.414237827861889,0.359464241873395,-0.123661474731337,-0.323160038937761,0.645332562297737,0.405257207398727,-0.00412114799328744,-10.7609293944948,5.15359310135123,-1.97000000000001,0.34,0.78,0.04,2.20958683302482,-10.3753368903234,4.83966335945387,-1.82581138150438,0.656170873424748,0.149436359122537,-0.360817233333,2.21565492271469,75.959484672,0.0276041759261749,0.0276182470353169,0.0547873829756111,0.00161172422552239,0.00191240468154647,0.00106950345244474,0.00032255086371322,336,0
1,76.059700224,accepted,11.9052382752995,-0.424073801245077,0.396708914555794,-0.0976533346797026,-0.25900701386399,0.917046681449673,0.397787804944028,-0.00611776392816576,-10.7359812030273,5.24244797853817,-1.97000000000001,0.38,0.93,-0.11,2.20958683302482,-10.3370091941576,4.90743302461329,-1.85186703323413,0.633791765241194,0.0331610750940762,-0.50351778925488,2.21839263248529,76.059700224,0.0275705622428726,0.0275930539477045,0.0547483447814366,0.00164291940608252,0.00187612800341837,0.00113005764210125,0.000320630497887451,337,0
1,76.161910272,accepted,10.9854155656462,-0.472732091240058,0.431767243141387,-0.0630061266801434,-0.30308097350769,0.845055208948191,0.411457701894446,-0.00843153105978889,-10.7442970724279,5.34240976956704,-1.97000000000001,0.33,0.87,-0.2,2.20958683302482,-10.3003903358147,4.96908959689239,-1.88534195002398,0.626668318000872,0.0434189507725706,-0.607009194177001,2.22024883930243,76.161910272,0.0275555112553668,0.0275868437730178,0.0547309124339803,0.00164532356021694,0.00185346542399711,0.00114119223388579,0.000318922355154325,338,0
1,76.262122752,accepted,9.41115521177659,-0.487139890170731,0.479583900676277,-0.0204030101392543,-0.0594623793558772,0.865144565663758,0.273252225474431,-0.00801759546437131,-10.7276648671197,5.45347838640462,-1.97000000000001,0.56,0.86,-0.39,2.21133216227682,-10.2562421787763,5.0349541487787,-1.93497928296447,0.617615917523573,0.014255294196191,-0.660622459299571,2.22194876411955,76.262122752,0.027519677702253,0.0275581369067605,0.054694920527067,0.0016586626263328,0.00182605352351599,0.00116220798826873,0.000317231135299743,339,0
1,76.362363136,accepted,12.8142172895528,-0.510954608115421,0.505132338256332,-0.288998864618684,-0.490981931448881,0.868295157310345,0.370500122364253,-0.010820849975552,-10.7027166933553,5.5312263991184,-2.29000000000001,0.14,0.73,-0.33,2.21133216227682,-10.2316897740413,5.08719095330702,-1.9847215580267,0.621130002140999,-0.120080699695457,-0.696683260143757,2.2235770161189,76.362363136,0.0274856170363844,0.0275315288640175,0.0546616494042108,0.00171472192809381,0.00181024673161722,0.00121706635504499,0.000315257923467272,340,0
1,76.460543744,accepted,21.6150482521228,-0.516825375240225,0.552642921281029,-0.233179606054619,-0.241923557194883,1.29449136896208,0.448796709866341,-0.0131391187458201,-10.6944005227774,5.63118816570001,-2.29000000000001,0.23,1.25,-0.29,2.20958683302482,-10.2036457686809,5.16449446340117,-2.035618565222,0.467079777783073,-0.0182005214800058,-0.734552438350097,2.22532276321746,76.460543744,0.0274318912120071,0.0274838912976768,0.0546106384846491,0.00167919400417055,0.0017156661745223,0.00119058402968689,0.000313692681612559,341,0
1,76.56078976,accepted,8.46206217009696,-0.493319465926758,0.56220631043611,-0.170896166794627,0.0300517171984363,0.786490226281027,0.358013063514023,-0.0144237451606379,-10.6528202794642,5.73114988312123,-2.29000000000001,0.43,0.83,-0.54,2.21133216227682,-10.1705536536117,5.22599609116384,-2.10255882923064,0.399087638003841,0.0599647567451542,-0.894819928192903,2.22738599180132,76.56078976,0.0274059291730332,0.02746235025819,0.0545875679394425,0.00166367117741894,0.00168146667808974,0.0011643375657364,0.000312441111955353,342,0
1,76.6609984,accepted,4.50608469944185,-0.501451168743644,0.563032957629279,-0.0987838850288214,0.0154097089647841,0.364433530807992,0.498556517327362,-0.0169576693955307,-10.6361881430108,5.79779104453278,-2.29000000000001,0.29,0.47,-0.4,2.21133216227682,-10.1472519135723,5.26839997128534,-2.16656230898994,0.272621219035636,0.113783370834032,-0.893123021709059,2.22879175294585,76.6609984,0.0273855121964677,0.0274454017068474,0.0545721336417987,0.00164413865858358,0.00162545512255495,0.00115032295433262,0.000311374210125054,343,0
1,76.761265664,accepted,5.86647126282105,-0.499628936462999,0.587139953520256,-0.0328102753136053,0.245551182189037,0.547245512817176,0.371217235310331,-0.0232954877446701,-10.6278720251317,5.86443221764284,-2.29000000000001,0.39,0.62,-0.52,2.20784150377283,-10.1283292699488,5.32196641057015,-2.23788988251325,0.146712589852265,0.084552091456038,-0.887385644874421,2.23207356704911,76.761265664,0.0273594998062282,0.0274188774663018,0.0545513555493354,0.0016539662628034,0.00158162876200349,0.00116825703555386,0.000310144158612625,344,0
1,76.87549696,accepted,7.201217820944,-0.487655768467647,0.603707789249636,0.0611936464042619,0.270430385980886,0.379159602674711,0.619242495116426,-0.0410637892034318,-10.6029238707566,5.9310733656074,-2.29000000000001,0.33,0.41,-0.59,2.20086018676485,-10.1136008830549,5.36391871926886,-2.31621660587664,0.0620308302763248,0.0392913736618466,-1.20195230406747,2.24242797531967,76.87549696,0.0274602974181471,0.0275174460925661,0.0546627397855113,0.0017102375326971,0.00159248605920811,0.00118081686521079,0.000309242187473096,345,0
1,76.961700352,accepted,11.9092445266966,-0.479730970544406,0.62417497268383,0.144792469452946,0.230443654439164,0.697952961365281,0.697338321147295,-0.0541387754795535,-10.5862917513538,5.98660766221016,-2.29000000000001,0.34,0.65,-0.77,2.19387886975687,-10.1066966594366,5.41634711440575,-2.39507784620169,0.111495594644949,-0.0341273636405116,-1.45988490581379,2.24865749106524,76.961700352,0.0272919798653772,0.0273441307920788,0.0544965173948842,0.00177292797536555,0.00161810270763578,0.00117760913213488,0.000308033768512413,346,0
1,77.063944704,accepted,12.7042212880756,-0.502521901353756,0.640648845249506,0.272436131833182,-0.147236895222127,0.454653383626256,0.95645298506985,-0.0573533998385924,-10.5946076686948,6.05324886079382,-2.29000000000001,0.05,0.34,-0.82,2.19213354050488,-10.1133220889199,5.45199700523023,-2.50868250603956,0.191084612402203,-0.10661194523581,-1.76541563449348,2.24885165881312,77.063944704,0.0272913736273113,0.0273382975819912,0.0545032872970751,0.00186480538480724,0.00167664743639944,0.00116373318001945,0.000306945911390216,347,0
1,77.162181632,accepted,15.0000208432089,-0.520095387630102,0.679563091291915,0.399813402395093,-0.136416054455429,0.874141994460978,0.723673208483947,-0.058235057535827,-10.6029236076027,6.10878319464818,-2.29000000000001,0.35,0.48,-1.14,2.19038821125288,-10.1035894722913,5.49348272124258,-2.64612946837317,0.481900305774689,-0.377036788698867,-1.85627847070763,2.24922875343056,77.162181632,0.0272436748308716,0.0272845790730999,0.0544601839712559,0.00203511971116013,0.00175529351842726,0.00119975053967045,0.000304672979022873,348,0
1,77.26240384,accepted,10.1130513535051,-0.53088887639549,0.703557374420865,-0.405650422581969,-0.266814767937487,0.767355719238817,0.494950934251043,-0.0555866971034087,-10.577975484616,6.1532106156958,-3.24,0.39,0.26,-1.35,2.19387886975687,-10.0743304089969,5.50650355927192,-2.81557653397112,0.649954828910883,-0.492341638963019,-1.84140436635542,2.24965446420855,77.26240384,0.0272335311354022,0.0272703363397968,0.0544560841706525,0.00210397094697145,0.00179705997060254,0.00119842049153432,0.000302017978944216,349,0
1,77.362633984,accepted,6.35708427691531,-0.555545467296652,0.720449111454205,-0.225271379680688,-0.159187250652941,0.515659767043802,0.507184135419915,-0.0634616494937776,-10.5613434150527,6.17542431816681,-3.24,0.56,-0.03,-1.53,2.18864288200089,-10.0283125795968,5.4987327423789,-2.9932837283223,0.713705149686384,-0.535232081305932,-2.03292579017028,2.25204450387752,77.362633984,0.0272344643697023,0.0272675755379513,0.0544613404000197,0.00216605724155902,0.00184253542757423,0.00117563706523816,0.000299776786722773,350,0
1,77.460835584,accepted,9.84451216725039,-0.534971923805966,0.734118098642093,-0.0421649190182558,-0.229347144105221,0.792468494052757,0.476840921476041,-0.067075649680449,-10.4864992507367,6.175424208254,-3.24,0.64,0.17,-1.61,2.18689755274889,-9.97639646166847,5.49891987574288,-3.17642420384658,0.863694182922309,-0.606837003596501,-2.0836366997712,2.25451314497103,77.460835584,0.0272199097536549,0.0272478577457231,0.0544484074839823,0.00221936836366197,0.00189825143415949,0.00115078970627008,0.000297014388279793,351,0
1,77.561129984,accepted,5.87018597280804,-0.561137799067128,0.768401446031494,0.15422662219763,-0.20885344034911,0.579508120171188,0.29751016451445,-0.0705328182528833,-10.4449191249521,6.19763787699411,-3.24,0.76,-0.2,-1.96,2.18689755274889,-9.90913806518284,5.47901517168675,-3.37801793833953,0.962583071949942,-0.766549639382196,-2.25550846642849,2.25753526857753,77.561129984,0.0272133819246802,0.027237068628289,0.054440575812605,0.00237044576102424,0.00195596776013146,0.00115507959541597,0.000293764079024988,352,0
1,77.66334592,accepted,12.2133515880781,-0.555423922987702,0.798691549389861,0.374070691328919,0.0438909597599004,0.983119418153874,0.417229297519977,-0.0816458133050708,-10.3617589567883,6.18653089205616,-3.24,1.04,-0.01,-1.9,2.18340689424491,-9.81753096528464,5.45697300243889,-3.59111011402118,0.997956195442744,-0.972333294818464,-2.31503975604959,2.26730490710127,77.66334592,0.0272471935911702,0.0272642306194324,0.0544716712339854,0.00255491208555964,0.00194872945164843,0.00117287029467057,0.000291187606666878,353,0
1,77.761620224,accepted,9.58674030806228,-0.548387223197288,0.81444151010376,0.582628604473105,0.0667657055280882,0.705424037642041,0.569083007247251,-0.0896804200022858,-10.270282785554,6.16431703104547,-3.24,0.99,-0.48,-1.86,2.18166156499291,-9.73238801665879,5.40676465044104,-3.78740927194627,0.92406129140226,-1.17029233087675,-2.42378009604972,2.27260934186251,77.761620224,0.0272361582443891,0.0272426011774381,0.0544544283592006,0.00274383530597449,0.00189577695455864,0.00118849902579819,0.000287576164461445,354,0
1,77.87987072,accepted,10.1674575120731,-0.551602883949823,0.857771907249766,0.824482899686388,0.0846083216215441,0.770007264441941,0.456438793955231,-0.0945560736394482,-10.1704906431433,6.10878256679871,-3.24,1.1,-0.68,-1.83,2.17991623574092,-9.62762226879116,5.31588893229441,-4.03016077067155,1.01827735391985,-1.43192858124409,-2.28183652617432,2.27631771322111,77.87987072,0.02741112476885,0.0273927940944175,0.0546195681558405,0.00295979317911207,0.00186769434791513,0.00119156661547694,0.000283125712307809,355,0
1,77.960098816,accepted,17.0495096669068,-0.538851136079035,0.856258962321862,0.971223171084438,0.251893003081843,1.09152568953108,0.422492761662044,-0.0996338767390834,-10.0706985150779,6.04214123947791,-3.24,1.51,-0.68,-1.83,2.17817090648892,-9.52879130492766,5.26949186657572,-4.17764973208289,1.27173455017088,-1.74433366766587,-2.24897149255753,2.28253514082,77.960098816,0.0271952664211432,0.0271678027545855,0.0543978272830907,0.00326740278649691,0.00193564734931902,0.00121670821075651,0.000276181343629791,356,0
1,78.062324992,accepted,11.0289310800045,-0.520543337482312,0.873731568898792,1.17121440357436,0.175915143315211,0.722731147500228,0.555887406679066,-0.103279951058914,-9.91269428570511,5.95328610539004,-3.24,1.51,-1.21,-1.8,2.17991623574092,-9.39420393944536,5.14267220096197,-4.36627646803835,1.34224484026518,-1.91441857977766,-2.34922951332259,2.28595131249805,78.062324992,0.0272179378400175,0.0271662355460454,0.0544035649912092,0.00341710001235602,0.00194062613604321,0.00119968117821431,0.00026926733264504,357,0
1,78.16256384,accepted,23.8759052010873,-0.515994561363787,0.923221405708503,1.36208445595945,0.586655240102596,1.24428869264046,0.492813107700166,-0.103687027162954,-9.7713220883266,5.86443099652051,-3.24,2.03,-0.89,-1.83,2.18166156499291,-9.23156818883106,5.03398604792095,-4.56071332600751,1.4722371380178,-2.10150444429474,-2.31847128514869,2.29304702724275,78.16256384,0.0272389688557202,0.0271581117866558,0.0544010859282059,0.00358562504453183,0.00194251716381999,0.0011936842776402,0.000261805568558426,358,0
1,78.262840064,accepted,14.2119916283816,-0.484491143167011,0.91327766107497,-0.477391309358127,0.393578762665969,0.746657961618154,0.680470892243989,-0.106899272482423,-9.57173781576501,5.73114835523971,-5.27,1.85,-1.51,-1.64,2.18340689424491,-9.07462484354768,4.88458470226539,-4.76286285591622,1.47431141815845,-2.23607179237541,-2.31427809816922,2.29478144676042,78.262840064,0.027249532217387,0.0271376464885727,0.0543859796287067,0.00365678011053381,0.0018836789119671,0.00118698043465658,0.00025394835344676,359,0
1,78.36304512,accepted,15.1627114019466,-0.477481454984321,0.94741873014018,-0.282828961844364,0.455874232701816,0.914530694063039,0.475985681306867,-0.106945099071232,-9.39710159196095,5.59786575184032,-5.27,2.15,-1.58,-1.71,2.1851522234969,-8.90091449915557,4.72825025281558,-4.96651331865743,1.71886294884305,-2.46774083334801,-2.1823058043999,2.2981811374653,78.36304512,0.0272611327333481,0.0271141244330004,0.0543700135813496,0.00385258929736555,0.00193524189634606,0.00117679855858298,0.000245753267916867,360,0
1,78.461262848,accepted,21.9676538856109,-0.468542111644551,0.982854922843043,-0.0898248895326192,0.561429190409555,1.18029390637516,0.444251453231155,-0.104441873979875,-9.19751731935219,5.45347625584475,-5.27,2.37,-1.58,-1.74,2.18864288200089,-8.7011030699636,4.56498726738656,-5.15928526169228,1.84321468755101,-2.72600689362742,-2.18119013782931,2.30118982633992,78.461262848,0.0272568210578179,0.0270746220020866,0.0543356590818962,0.00410398246064751,0.00193281682534825,0.001204619533871,0.000236476084683283,361,0
1,78.563480064,accepted,16.7407578969525,-0.451697192058154,0.999280559114195,0.110621237510824,0.439410461282318,0.873454837396761,0.680695320713786,-0.0899616002725461,-8.96466900263672,5.27576613175774,-5.27,2.29,-2.03,-1.45,2.19562419900887,-8.49372503934295,4.35320661913583,-5.34253125133238,1.87660688948637,-2.87809553344589,-2.12328529834436,2.29141598719318,78.563480064,0.0273035824181056,0.0270755795206007,0.0543440799401343,0.00417012105842214,0.00187887495006741,0.00121273767119506,0.000227524080921215,362,0
1,78.661731584,accepted,21.4831418884468,-0.421088094928908,1.01690412785776,0.273070026827965,0.444554068771585,1.12784554815543,0.628217580929059,-0.0776156436856499,-8.73182070200826,5.07584228764682,-5.27,2.3,-1.95,-1.37,2.20086018676485,-8.28838060670331,4.14995799896353,-5.50603710496969,1.88488152468075,-3.04778865916269,-1.99131539816521,2.28498964246482,78.661731584,0.0273086773615564,0.0270365051694606,0.0543132327237334,0.00426015538711688,0.00180720362506921,0.00124814757900947,0.000220019571209226,363,0
1,78.764017408,accepted,15.9992258193628,-0.401512738207558,1.00953103274415,0.434571649248972,0.0681366196119575,0.860857828006373,0.775020976057419,-0.075561033508643,-8.49897242547744,4.84259785673129,-5.27,1.89,-2.27,-1.15,2.20260551601684,-8.10064583335218,3.90587764030182,-5.65657304157683,1.82990632340135,-3.11105155676331,-1.91530233254928,2.28038056738706,78.764017408,0.027365178282979,0.0270373329247443,0.0543259238340244,0.00417638473082534,0.00173415509265646,0.00125957256558291,0.000213466258547135,364,0
1,78.878241024,accepted,21.8473758177983,-0.403443791093085,1.10403218115215,0.601257837528952,0.422980986814554,1.24873508191204,0.475550975142459,-0.074072475386239,-8.2993881780377,4.64267406570901,-5.27,2.21,-1.97,-1.38,2.20435084526884,-7.87451969047738,3.63496444207074,-5.83929924073862,1.81232715613385,-3.1893131733896,-1.85020025699786,2.2838697147031,78.878241024,0.027581342301264,0.0271614069705994,0.0544779254425573,0.00414785084621162,0.00168645447628554,0.00128866053789071,0.000207517660054164,365,0
1,78.962502656,accepted,24.078134469312,-0.340782545102197,1.07466836804437,0.728904543647596,0.608543380254273,1.166999077451,0.681120431415832,-0.080719592380293,-8.06653983835266,4.44275024268742,-5.27,2.36,-1.97,-1.38,2.20260551601684,-7.6926881279203,3.45893654809913,-5.95437993802755,1.7812956953208,-3.10968063975537,-2.05329535825691,2.28939027096327,78.962502656,0.0274498411142226,0.0269977928041809,0.0543225017716366,0.00388575073295051,0.00165238365668364,0.0012683292646645,0.00020182603259731,366,0
1,79.062718464,accepted,17.4940724625729,-0.328627735181178,1.07505626060843,0.89609195719811,0.125160641943568,1.02673014803804,0.625447019058251,-0.085314409212268,-7.84200753021295,4.22061270677082,-5.27,1.9,-2.13,-1.48,2.20435084526884,-7.51024382796673,3.22850567199944,-6.12109925631638,1.78383747815827,-3.13433963690932,-2.09783006374133,2.29185369215493,79.062718464,0.0274856001123921,0.0269791365044456,0.0543158792259143,0.00377913011464971,0.00163181646873453,0.0012802231334891,0.000196652294387777,367,0
1,79.162937088,accepted,23.7296712382389,-0.302048576705035,1.12492385580567,1.06941746651628,0.653826198838104,1.31056738273269,0.36068517132163,-0.0876652576902925,-7.63410720239803,4.04290265412848,-5.27,2.38,-1.73,-1.86,2.20435084526884,-7.29741452339983,3.01282723296328,-6.30974629573364,1.75230110762372,-3.01275737669943,-2.21762138391378,2.29722066479559,79.162937088,0.0275681320215255,0.0269912996563703,0.0543449156780647,0.0035254469550796,0.00161261997485463,0.00125850038200035,0.000192733532253115,368,0
1,79.263186432,rejected,26.7060857555907,-0.247170499002657,1.12760280648383,-0.162562188690741,0.486300147876719,1.50373211784512,0.617258772204936,-0.0956617318932476,-7.36799473795844,3.84297881832488,-6.71,2.26,-1.42,-1.83,2.20260551601684,-7.12082423895578,2.71537601184105,-6.54743781130926,1.77369985212328,-2.92373211784512,-2.44725877220494,2.29826724791009,79.162937088,0.0275681320215255,0.0269912996563703,0.0543449156780647,0.0035254469550796,0.00161261997485463,0.00125850038200035,0.000192733532253115,368,1
1,79.363382016,rejected,31.1713089471269,-0.164675536753633,1.25082216196862,0.084201432659385,0.401639527824999,1.79876802935308,0.661512650414357,-0.0949953532782857,-7.11019824704844,3.6763755922216,-6.71,2.17,-1.09,-1.82,2.20260551601684,-6.94552271029481,2.42555343025298,-6.79420143265939,1.768360472175,-2.88876802935308,-2.48151265041436,2.29760086929513,79.162937088,0.0275681320215255,0.0269912996563703,0.0543449156780647,0.0035254469550796,0.00161261997485463,0.00125850038200035,0.000192733532253115,368,2
1,79.461634816,rejected,47.0855313734918,-0.0835895328585377,1.39705872770796,0.327830734984553,0.248142817289954,2.4533713672478,0.887515057723314,-0.0956758126945232,-6.85240171253077,3.543092970084,-6.71,2.05,-0.39,-1.6,2.20086018676485,-6.76881217967223,2.14603424237603,-7.03783073498455,1.80185718271005,-2.8433713672478,-2.48751505772331,2.29653599945937,79.162937088,0.0275681320215255,0.0269912996563703,0.0543449156780647,0.0035254469550796,0.00161261997485463,0.00125850038200035,0.000192733532253115,368,3
1,79.563842304,accepted,15.0508559498417,-0.0596734742568819,1.58724080091289,0.589924518382917,0.276731893636487,1.30087071362176,0.867151245809572,-0.0976747204842567,-6.64450127019262,3.44313099539968,-6.71,2.06,-1.55,-1.75,2.19911485751286,-6.57450413763911,1.93654721264295,-7.27086200801253,1.78941639995082,-2.83219385540868,-2.6131322173327,2.29798614782948,79.563842304,0.0316623575913848,0.0301670416601665,0.0577261306850424,0.00343006656680848,0.001783797096674,0.00128300165538829,0.000195731468938495,369,3
1,79.664113152,accepted,11.8684382517468,-0.0435785788908669,1.63036021463133,0.826007886504578,0.397593895898641,1.07918686520012,0.798413222294658,-0.105264815086406,-6.44491689184109,3.28763471385858,-6.71,2.1,-1.74,-1.85,2.19387886975687,-6.38834795375386,1.73106619344802,-7.50615278261126,1.70899357079844,-2.80284707260944,-2.64439190646674,2.30025888084143,79.664113152,0.0318603512678289,0.0302449095990536,0.0578697983529581,0.00335262511122648,0.00177078066969731,0.00131056408883794,0.000193702660742435,370,3
1,79.764335104,accepted,11.7990573767707,-0.0213672442503183,1.67950788493588,1.05379231837132,0.295578980288807,1.12707504697039,0.743695482902386,-0.110073511322157,-6.23701648026638,3.13213842993174,-6.71,2.11,-1.71,-1.68,2.19387886975687,-6.20502479589394,1.52827311461833,-7.73202084357961,1.81972716580546,-2.82022259816534,-2.41955397032266,2.30483031918993,79.764335104,0.0320588185300264,0.0303254329130962,0.0580174001800755,0.00331253146333199,0.00175705892043377,0.00129754320169207,0.000191802067653959,371,3
1,79.882528512,accepted,10.7398617475452,-0.0860020523255649,1.74677121754521,1.29871885603296,-0.620777108418964,0.80743712067941,0.979024560154367,-0.113368007969598,-6.07069621251398,2.93221473048428,-6.71,1.19,-2.15,-1.28,2.19387886975687,-6.0036656046841,1.24865253623157,-7.97192065697702,1.80277895890401,-2.94525707453531,-2.25383449196417,2.30577668625078,79.882528512,0.0325720755946741,0.0306358545881908,0.0584055637297815,0.00341974898496522,0.00175234638248759,0.0013505212388767,0.000190666612147681,372,3
1,79.962789376,accepted,12.6062093011658,-0.0746905193685992,1.73489334121974,1.43662005831485,-0.0428520915532433,1.2306570251335,0.944390595220121,-0.112501276288473,-5.92932399006914,2.74339791931598,-6.71,1.85,-1.83,-1.19,2.19387886975687,-5.85656776896015,1.08174727156742,-8.10755951017232,1.89281242236246,-3.04489617364273,-2.12902786738644,2.30629113152302,79.962789376,0.0325301664398284,0.0305234177906574,0.0583553249253906,0.00348643031185976,0.00175260549953534,0.00136226984168309,0.000188923243501488,373,3
1,80.06297088,accepted,12.6482727239195,-0.0749034446511843,1.80080192453349,1.59909782858852,0.221742956131773,1.190416697962,0.95145860002076,-0.113715154120401,-5.73805560772148,2.57679479983341,-6.71,2.17,-1.97,-0.95,2.19387886975687,-5.65751202339949,0.850278232011507,-8.26680061757942,1.95181082066615,-3.14422629978793,-1.89539677617075,2.30806284606563,80.06297088,0.0327909820725536,0.03064019931961,0.0585411364979829,0.00357423974809033,0.00175783855192809,0.00138631887053746,0.000187439151167675,374,3
1,80.1631744,accepted,9.11638969590291,-0.087667893122827,1.83789107489866,1.73267190548791,-0.0711877252120083,0.764281881734916,0.901598134275966,-0.116756558344582,-5.55510326505445,2.3768710985972,-6.71,1.76,-2.25,-0.82,2.19387886975687,-5.47173458960279,0.603880091137265,-8.40000018903021,1.83001085423032,-3.00114385095142,-1.7156813250719,2.31020649565055,80.1631744,0.0330746381246658,0.0307642156106375,0.0587392710039498,0.00338085991502644,0.0017516886672262,0.00137299316837365,0.00018619280057933,375,3
1,80.265398272,accepted,11.3391936758935,-0.0987998975412276,1.87519534639396,0.548376665985241,0.0798107751529114,1.0233404912815,0.934918841802139,-0.119090436920388,-5.38046693516954,2.17694740930811,-8.01000000000001,1.93,-1.96,-0.52,2.19387886975687,-5.28120691077767,0.375748035280204,-8.52934074466804,1.85120052506968,-2.96725688088173,-1.45001527112733,2.31288515310294,80.265398272,0.0333408904750184,0.0308970568937559,0.0589342238481242,0.00333901279155502,0.00177479516508728,0.00136156299859655,0.000184973452276717,376,3
1,80.365664,accepted,10.2236519421236,-0.119763119073129,1.92777904842211,0.656396203797639,0.0314444162563459,1.03888726209871,0.662137629030109,-0.125859736770683,-5.20583058139644,1.99923745185006,-8.01000000000001,2.07,-1.96,-0.58,2.19038821125288,-5.08699759317814,0.148514712209458,-8.64134310797378,2.03886704276525,-2.98173137496152,-1.23839340457189,2.31612581890018,80.365664,0.0335760371225022,0.0310074875366948,0.0591014517414319,0.00335348720437839,0.00182204896274058,0.0013109949191914,0.000183911768158495,377,3
1,80.461862656,accepted,7.29374734361614,-0.0926740238396935,1.92056517112899,0.741799525772196,0.138171642882162,0.525308368576746,0.743478584696834,-0.12892949366736,-4.98129810545354,1.77710000746387,-8.01000000000001,2.27,-2.56,-0.3,2.18864288200089,-4.88689095609715,-0.0795708629548553,-8.72328097303116,2.13336251148872,-3.07210334329635,-1.03878717037668,2.31749111349607,80.461862656,0.0337548596763648,0.0310845006419007,0.0592196416493075,0.00345371233349817,0.00186702031077461,0.00131478451952965,0.000182751740123596,378,3
1,80.562066432,accepted,23.1660246885287,-0.0392989767775971,1.99430462734511,0.81873122317506,0.779110955620571,1.87460838293551,0.972641047223913,-0.127203156351744,-4.70686944508905,1.59938999378168,-8.01000000000001,2.99,-1.31,-0.08,2.19038821125288,-4.64111621715362,-0.299322585183035,-8.7935138755241,2.22316613444043,-3.16084381979837,-1.04668093988917,2.31930703953028,80.562066432,0.0340215791383356,0.0312232242377642,0.0593954215147129,0.00352343678703141,0.00189371062962025,0.001329948359887,0.000181337193898793,379,3
1,80.66232064,accepted,21.7819232621306,0.0664018583105896,2.0557554574124,0.887513591866151,1.16160518848362,1.58836297904302,1.04528387664543,-0.114554224408848,-4.34928052577644,1.43278680475534,-8.01000000000001,3.41,-1.64,-0.01,2.20086018676485,-4.37695994587754,-0.533215062244217,-8.859875739251,2.26549220955322,-3.20657903621955,-1.04860837657653,2.3178273533784,80.66232064,0.0343130744219412,0.0313765649578168,0.0595829573694549,0.0035439673605026,0.0019129729830546,0.00135675571154127,0.000179580528710988,380,3
1,80.762565888,accepted,9.34206078264366,0.0803447451176389,2.07641254220685,0.963882743105088,0.0676092245919389,0.889462318114614,0.890653483805281,-0.109735021382665,-4.06653583140207,1.22175621976806,-8.01000000000001,2.44,-2.34,-0.25,2.20609617452083,-4.14107392909364,-0.782115037674209,-8.94317576451456,2.37466369768684,-3.21392943099067,-1.13617547962468,2.31594912816033,80.762565888,0.0346246267443699,0.031549515003826,0.0597832255179882,0.00349835928210929,0.00193427775057524,0.00135293519844294,0.000178401864835325,381,3
1,80.876770304,accepted,8.89204962037732,0.0750425364411549,2.13833629416623,1.06119798650633,0.305070930342381,0.767811872429973,0.796720591425275,-0.10444639633192,-3.78379113173535,0.988511914905623,-8.01000000000001,2.84,-2.48,-0.34,2.21133216227682,-3.84608447517324,-1.0763964721258,-9.0391092897245,2.54022142444648,-3.23194335974685,-1.13197093996265,2.31640792508705,80.876770304,0.0351462086340109,0.0318898530576537,0.0601439899656995,0.00349264809521224,0.00198316190801192,0.00135577936531899,0.000177474483463722,382,3
1,80.961012736,accepted,10.5779826880165,0.15737477045124,2.10086073072976,1.12988811084995,0.574418980756025,0.960724098432742,0.791341792139098,-0.0996224773301542,-3.47609833942265,0.755267609740526,-8.01000000000001,3.13,-2.19,-0.42,2.2165681500328,-3.61043610077026,-1.26955824788758,-9.10640611095409,2.56451467504158,-3.13361351963171,-1.20641217865614,2.31739172141825,80.961012736,0.0351922729980426,0.0318891741834815,0.0601429030728788,0.00333085990218668,0.00197980802410361,0.00136618731246605,0.000176300722766079,383,3
1,81.063266816,accepted,14.3289146315315,0.174464998404645,2.15440674969119,1.22638730855195,0.426950149102398,1.36693698109557,0.923902093636504,-0.0944216383318186,-3.16840550835888,0.566450774920001,-8.01000000000001,3.1,-1.73,-0.4,2.22354946704078,-3.32140966425,-1.50193006424267,-9.19913689096751,2.68125964103951,-3.07684545619699,-1.31869461423112,2.31914675028079,81.063266816,0.0355143943879815,0.0321085386964732,0.0603613801108465,0.00322698876992054,0.00200017438587962,0.00137417527499764,0.000175529713960253,384,3
1,81.1635264,accepted,11.9193866090154,0.169407100150048,2.19683384421532,1.3232400241357,-0.0776699602775506,1.16871832294561,0.808732423110265,-0.093111462070512,-2.87734470666031,0.388740824850813,-8.01000000000001,2.76,-1.86,-0.55,2.22704012554476,-3.03954279288921,-1.72405835786689,-9.29738771310157,2.84021634284359,-3.00972376492869,-1.35425961636683,2.32049576825761,81.1635264,0.0357806058494935,0.0323026820686734,0.0605489220460521,0.00313004018801057,0.00203744451623501,0.00135871151531475,0.000174599605162143,385,3
1,81.263734272,accepted,8.71353844408148,0.154772628736963,2.21244230272961,1.24516079540139,0.054949417921494,0.604708025060813,0.84753769742531,-0.0916542475408071,-2.59459992311198,0.188817161958984,-8.19,2.94,-2.33,-0.46,2.22878545479676,-2.74041979832999,-1.95104836468916,-9.3975788250951,2.88836695515098,-2.91940474842564,-1.30224714204628,2.32078406408341,81.263734272,0.0360254098319333,0.032497593771492,0.0607263592648335,0.00302858863070875,0.00205796084542659,0.00135802733448943,0.000173589492034562,386,3
1,81.363934208,accepted,9.22070806651055,0.133074542268385,2.20504268312914,1.33711613252827,-0.146942602117813,0.784027971906695,0.787447943742568,-0.0906075812785838,-2.32017115887231,-0.0333202171397799,-8.19,2.66,-2.09,-0.53,2.22878545479676,-2.45063953426264,-2.16252653885333,-9.49079847989497,2.80785568857381,-2.85778837055522,-1.31285801885273,2.31939660491584,81.363934208,0.036259604904539,0.0326991302756511,0.0609037871848853,0.00294812766125749,0.00204782328232527,0.0013795065879762,0.000172841424816731,387,3
1,81.464169216,accepted,13.8556108516674,0.139869664177888,2.23988660023024,1.43477438130621,0.339959382466443,1.2092499622881,0.83743401524342,-0.0842288591868332,-2.03742633463115,-0.21103012999544,-8.19,3,-1.76,-0.51,2.23053078404875,-2.15744484629511,-2.36135560124284,-9.58242410171761,2.6673323643192,-2.94851755740301,-1.34164251477519,2.3156826832863,81.464169216,0.0364693044129637,0.0328891529113911,0.0610712073060489,0.00299843070304743,0.00203197843624447,0.00143965768686729,0.00017222033851512,388,3
1,81.564370176,accepted,15.3718610453659,0.130411345982392,2.28076805556883,1.52218619368052,-0.0976308422881256,1.44246691837868,0.683181632835026,-0.0797515443027637,-1.771313550049,-0.377633163284133,-8.19,2.38,-1.57,-0.56,2.23053078404875,-1.89691312465934,-2.56145417613114,-9.67386799335977,2.47895842513401,-2.9894191983899,-1.23898246600976,2.31021005620379,81.564370176,0.0366819187278775,0.033072386117012,0.0612439461655079,0.00303072253635223,0.00204217592862632,0.00148483840437619,0.000171700854022871,389,3
1,81.662616576,accepted,12.1252947853194,0.121978168256077,2.31164155791836,1.59723180509364,-0.121992228074023,1.18849761376026,0.53760349854122,-0.0792357610902936,-1.53014883061123,-0.544236181540342,-8.19,2.37,-1.78,-0.51,2.22878545479676,-1.64908887200865,-2.76404799916099,-9.75110654492815,2.49246254450051,-2.94686207630361,-1.04382713751386,2.30782394061284,81.662616576,0.0368662128123446,0.0332300923901583,0.061391575072267,0.0030103406632079,0.0020798855610525,0.00142366692585418,0.000170875020067813,390,3
1,81.766838784,accepted,8.12477795992429,0.126954823974468,2.32216465856404,1.65592540251791,0.605525009494367,0.580568556398323,0.15362853125929,-0.081419666230234,-1.27235205186627,-0.74415978806713,-8.19,2.92,-2.23,-0.66,2.22878545479676,-1.37310095942333,-2.9888800971318,-9.81492908617753,2.32286702643582,-2.79364711361748,-0.810044115486772,2.3111245709494,81.766838784,0.0371361073001848,0.0334607910797681,0.0616063770674812,0.00291809803263745,0.00214279834831345,0.00140722695124042,0.00016989702637269,391,3
1,81.881012992,accepted,8.40044130772672,0.040087627485297,2.33472998703352,1.70380835013677,-0.744793908426226,0.498320822065753,0.297096322706093,-0.0820389262895622,-1.06445142409871,-0.977403969571903,-8.19,1.63,-2.4,-0.35,2.22878545479676,-1.12495353427874,-3.23909707082891,-9.86542726835964,2.36682637882117,-2.88227504636449,-0.645272286473133,2.30947508343279,81.881012992,0.0375835527263152,0.0338399784701392,0.0619646065923891,0.00302235771029093,0.00220033162928988,0.00139943246783575,0.000169307288367355,392,3
1,81.965244928,accepted,16.3839602336128,0.0603681599394975,2.33108754280213,1.72825288292226,-0.17043592699752,1.6869834774625,0.442185514981844,-0.0791161529960736,-0.873182831016802,-1.15511382252346,-8.19,2.06,-1.24,-0.1,2.23053078404875,-0.934524896387159,-3.38500038061177,-9.88309979996401,2.22872059182277,-2.90097290113529,-0.538946595496223,2.30885029774535,81.965244928,0.0375622816572958,0.0338468080047901,0.061940326944023,0.00304354186011793,0.00224632376440148,0.00145413612058317,0.000168414328644452,393,3
1,82.065517056,accepted,7.60080465529169,0.0941452613668482,2.33747327904549,1.74911946314547,0.556073671130358,0.633039823145299,0.394201471214587,-0.0764144139123339,-0.623702036942579,-1.33282367585107,-8.19,2.57,-2.1,-0.23,2.23227611330075,-0.700759260513791,-3.59714969875276,-9.90355342284222,2.01932956027495,-2.71729979021776,-0.619835358492502,2.30903258994383,82.065517056,0.0378567833347305,0.0340968082989411,0.0621666955679622,0.00285805324612658,0.00228950498430483,0.00148782721455361,0.000167930158569622,394,3
1,82.165747456,accepted,8.41163599979725,0.111807950523401,2.3523977660043,1.77730130567916,0.474714309839749,0.962041374915911,0.325674908364128,-0.076141936269853,-0.390853286652268,-1.51053351949092,-8.19,2.4,-1.64,-0.44,2.23227611330075,-0.488727822195201,-3.78494035616497,-9.93392394618761,1.92920437241054,-2.58452463229002,-0.762196235441181,2.30842133016314,82.165747456,0.0381473647189111,0.0343656655229778,0.0624065788536723,0.00271368340283504,0.00230653974314099,0.0015065208583346,0.0001675555587424,395,3
1,82.265950976,accepted,9.46377448891478,0.0498658870183477,2.2859412190131,1.82291538702407,-0.796797385805132,-0.259186697541875,1.03782584507917,-0.0739502815934023,-0.249480830652313,-1.7548845373092,-8.19,1.04,-2.71,0.15,2.23402144255274,-0.312869610540363,-3.98745681062103,-9.97004561734204,1.83324340182986,-2.44104160892571,-0.882488351728243,2.30733592877227,82.265950976,0.0384361088202056,0.034647888475617,0.0626562289706371,0.00257875941122029,0.00233359988946262,0.0015292575147602,0.00016738036116313,396,3
1,82.364129792,accepted,11.1275317445059,0.0569498916813009,2.30760792575224,1.4779564853845,0.649922860536535,1.39176800455899,0.481787924451068,-0.0686425187999227,-0.0831602785845746,-1.91038063951259,-8.58000000000001,2.38,-0.91,-0.46,2.23925743030872,-0.1258111927614,-4.13493656235561,-10.0265706056613,1.7342756124461,-2.28219335031342,-0.938576571082001,2.30761132916577,82.364129792,0.0386657476840311,0.0349109202501421,0.0628789194209377,0.00247031842703579,0.00238097925583747,0.00156316899305477,0.000167384295820873,397,3
1,82.46635776,accepted,9.91881419035701,0.0456144946947252,2.36931893743445,1.54189393458017,-0.114955946796818,1.30921489694269,0.44265209309612,-0.0666318815843869,0.0997923353513214,-1.99923555272662,-8.58000000000001,1.69,-0.95,-0.48,2.24100275956072,0.0526855331656243,-4.28378674107674,-10.0921673818906,1.80427825987406,-2.23883090759822,-0.920287304820738,2.30676598672683,82.46635776,0.0389455851313665,0.0352311339379369,0.0631559564698275,0.00245256506695577,0.00238843485776808,0.00157881636049096,0.000167156709459678,398,3
1,82.56457088,accepted,7.58185949275191,0.0171181570631281,2.39166827975795,1.59135825389446,-0.239072180420799,0.884198013929543,0.428031067809152,-0.0628086869315037,0.257796870486666,-2.09919732546655,-8.58000000000001,1.74,-1.05,-0.3,2.24449341806471,0.236477857398108,-4.41320354120327,-10.1409800478241,1.97789147384803,-1.91629231323145,-0.725477575108069,2.3065958400728,82.56457088,0.0391552789567921,0.0355104990888057,0.0633709473357285,0.0023503316173399,0.00240011338968182,0.00151004651286244,0.000166971388316165,399,3
1,82.664817408,accepted,7.60603985143056,-0.0148758696255787,2.41137208226187,1.63526656152959,-0.296824068302998,0.921145337723376,0.446438651462191,-0.0597779420632421,0.432433464745508,-2.17694536674551,-8.58000000000001,1.92,-0.65,-0.29,2.2479840765687,0.442267047291731,-4.51120153428401,-10.1848599922447,2.21566521008055,-1.55371742759778,-0.733953180723769,2.30716048751558,82.664817408,0.0393770905300234,0.0358424576494955,0.0636141989620857,0.00222834209600999,0.00235995010416311,0.00143231403461738,0.000166982916174189,400,3
1,82.767007488,accepted,10.8909057900259,-0.0799633570671221,2.40754212350117,1.6762189159566,-0.617054596393714,0.578143359308107,1.23164835766699,-0.0585481119885984,0.582121976040653,-2.24358654051274,-8.58000000000001,1.45,-0.65,0.52,2.24972940582069,0.649568641448231,-4.58046355923203,-10.2107626877487,2.06496461912187,-1.21291330564912,-0.70627748287393,2.30772105502679,82.767007488,0.0395763306153982,0.0361979658428927,0.0638701049884003,0.00216233404769889,0.00242739398149561,0.00148054159408279,0.000166979582606342,401,3
1,82.881223424,accepted,10.2107017845233,-0.202168268250823,2.37738499014934,1.71697355830441,-1.03058535553698,0.0744409961090039,0.876012760415671,-0.0559234386301295,0.681914323348531,-2.3324414449693,-8.58000000000001,0.96,-0.94,0.05,2.25147473507268,0.858121760135934,-4.64860098461921,-10.2581419940218,1.984650637699,-1.00252568190151,-0.822110484045449,2.306887297081,82.881223424,0.0399049175467435,0.0367091615666683,0.0642884687025733,0.00211844875901124,0.00245508052172328,0.00147286745892176,0.000167274385503091,402,3
1,82.965476352,accepted,9.92351702816276,-0.245281334261674,2.35076137946742,1.7565441157122,-0.482495391561645,0.700431216191996,1.07891987642385,-0.0551492105048665,0.773390639415354,-2.37686889210104,-8.58000000000001,1.32,-0.21,0.06,2.25147473507268,1.00374286574701,-4.65526066879335,-10.2921495129443,1.80044662104945,-0.894501845860096,-1.01398519967519,2.30591296921957,82.965476352,0.0397992305124472,0.0368067722285347,0.0643013372150566,0.00206906800092854,0.00248429923152623,0.00149534311966187,0.000167134941434664,403,3
1,83.065682944,accepted,11.7873090370959,-0.341273020003316,2.3020833896506,1.81355596359134,-1.31124166525475,-0.106641565229153,0.8150453929773,-0.0545271394679245,0.839918874873553,-2.44351007020573,-8.58000000000001,0.42,-0.98,-0.18,2.25147473507268,1.14565884376391,-4.69041497055231,-10.3560371171945,1.72292414886853,-0.863225894881299,-0.991487874753243,2.3055361924428,83.065682944,0.0399117459391259,0.0371237347664021,0.0645528450046266,0.00207719874923629,0.00254060736513586,0.00148931051642922,0.000166900957926697,404,3
1,83.16592384,accepted,6.06841896787555,-0.359859745757818,2.26945358039798,1.87427423427271,-0.0217617921022584,0.361973224346664,0.715894280460386,-0.0527960785778441,0.956343282067471,-2.51015123991731,-8.58000000000001,1.68,-0.56,-0.26,2.25322006432468,1.30709643364703,-4.7159201508646,-10.4151961672194,1.70132401098413,-0.908249724847167,-0.971471565893499,2.3053980428343,83.16592384,0.0400582725681882,0.0374737514991175,0.0648517916972465,0.00208992501741156,0.00257957166926301,0.00152290627661441,0.00016696669013262,405,3
1,83.364156416,accepted,9.43880470333946,-0.594134626217353,2.26954924982938,1.99412204176931,-0.933827944784765,0.189613230865305,0.700135375083429,-0.0470017687424917,1.08939975659555,-2.63232672607036,-8.58000000000001,1.07,-0.6,0.01,2.25671072282867,1.64495839431742,-4.83725618707601,-10.5339328218994,1.9956075386379,-0.776037386990247,-0.686304202874126,2.30293711986447,83.364156416,0.0415778424329294,0.0392305795570271,0.0665224977629631,0.00219604201771226,0.00263435508155789,0.00147169881397953,0.000168414005903301,406,3
1,83.468540672,accepted,14.3435972558568,-0.707715752499513,2.25326387316522,1.37250904839648,-1.51537320814089,0.733883799392281,0.847392061797795,-0.0513248451165484,1.13097990584331,-2.66564731359955,-9.22000000000001,0.27,-0.04,0.37,2.25322006432468,1.78754554377747,-4.84202994305034,-10.5641266549523,1.77374274113971,-0.755732988492287,-0.475570258929637,2.30328125773379,83.468540672,0.0417470378704713,0.0396111485680634,0.0668596263455301,0.00225173733314314,0.00280051251140515,0.00157355261858577,0.000167636893309718,407,3
1,83.566761984,accepted,18.2166507887896,-0.843723265197446,2.23428962197375,1.3869445848711,-1.79814100771671,0.659813923073738,0.918142824406519,-0.0536647702780595,1.12266387723474,-2.67675417800381,-9.22000000000001,0.08,0.01,0.45,2.25147473507268,1.90286898229618,-4.83442102430587,-10.5776464393989,1.86341327792395,-0.6320338377091,-0.466357573222447,2.30392448911699,83.566761984,0.0418124788586923,0.0398804419759134,0.0670833460924128,0.00225129649643179,0.00277219692970431,0.00152139281470641,0.000167061819192027,408,3
1,83.667018496,accepted,16.2807707705808,-0.99998339335877,2.20162614520094,1.40511021898904,-1.81397262952007,0.320308146219865,0.823564326075299,-0.0555062959234114,1.08939976691471,-2.69896791106036,-9.22000000000001,0.03,-0.32,0.32,2.24972940582069,2.02300143785778,-4.83292588613495,-10.5979567941628,1.82881676230306,-0.625532157717558,-0.502132557051613,2.30416080236221,83.667018496,0.041910451476404,0.0401831586817344,0.0673245959512505,0.00224195386222149,0.00278200748353711,0.00155457769740999,0.000166755781323283,409,3
1,83.767330816,accepted,17.9162582132173,-1.140790321386,2.16028105638918,1.42409816680395,-1.75182156330853,0.279564276073157,0.804902510035286,-0.0484084199686627,1.06445168561992,-2.73228850797849,-9.22000000000001,0.11,-0.32,0.39,2.25496539357667,2.12830819874649,-4.82459292847542,-10.614941020717,1.84406599315437,-0.58467159159939,-0.413332632908621,2.30227475263793,83.767330816,0.0419616228978445,0.0404342689648544,0.0675088853617877,0.00226188955677547,0.00280353210211415,0.00157191739873406,0.000167138525766009,410,3
1,83.879559936,accepted,19.3952015265797,-1.26522364363339,2.11249760187248,1.44787091325532,-1.64844851743602,0.254032216699129,1.08918520300256,-0.0432225526308141,1.06445169103246,-2.76560910000294,-9.22000000000001,0.09,-0.07,0.59,2.25845605208066,2.25128684534488,-4.81202654740973,-10.6284119588336,1.72125237085769,-0.309868066722412,-0.495702507712367,2.30086184151064,83.879559936,0.0421673786384856,0.0408515561431434,0.0678405971275669,0.00225743812913131,0.00283427205414685,0.00155691027471947,0.000167757382367071,411,3
1,84.065790464,accepted,21.2429236425662,-1.47595570135132,2.08707358506319,1.51352523001696,-1.67066688102896,0.172988240934105,1.04083602135663,-0.0398849383923037,1.089399776838,-2.76560909615064,-9.22000000000001,-0.04,0.02,0.44,2.26020138133266,2.47297320640761,-4.78656309956085,-10.6915689734677,1.61050614189131,-0.139357987090017,-0.597243057640474,2.29944068953309,84.065790464,0.0433763203027337,0.0424256906004813,0.0692486037293168,0.00228578009966204,0.00291021605249598,0.00160316133273225,0.000168806209741912,412,3
1,84.166016768,accepted,23.6524632062222,-1.53148433485592,2.03254519308313,1.53778050141575,-1.61954629535563,0.16752608399915,1.07619523851694,-0.0521695485312135,1.09771580539829,-2.76560909509604,-9.22000000000001,-0.14,0.08,0.37,2.25322006432468,2.5290946516928,-4.73319615166726,-10.7092342568284,1.4578825152393,-0.0742646670686304,-0.70154040616419,2.304844255414,84.166016768,0.0432525837218754,0.0424926949705955,0.0692782096222103,0.00225410751699147,0.00292869185650098,0.00163214151390621,0.000167397305127575,413,3
1,84.266281216,rejected,32.9824613373413,-1.55964325109413,1.97123963809608,1.55925240953312,-1.8595525638253,0.0759013494591603,1.17644629350645,-0.0579049818396258,1.1143478630321,-2.76560909246925,-9.22000000000001,-0.44,0.07,0.46,2.24972940582069,2.67399111412623,-4.73684873056533,-10.7792524095331,1.4195525638253,-0.00590134945916033,-0.716446293506445,2.30763438766032,84.166016768,0.0432525837218754,0.0424926949705955,0.0692782096222103,0.00225410751699147,0.00292869185650098,0.00163214151390621,0.000167397305127575,413,4
1,84.364340736,rejected,37.6840580219359,-1.72874016206557,1.98512171060388,1.64694283613629,-1.80376987125254,0.163048985416573,1.46983741774988,-0.0585433197613003,1.08939977495071,-2.75450223306463,-9.22000000000001,-0.29,0.15,0.44,2.24972940582069,2.81813993701628,-4.73962394366851,-10.8669428361363,1.51376987125254,-0.0130489854165733,-1.02983741774988,2.30827272558199,84.166016768,0.0432525837218754,0.0424926949705955,0.0692782096222103,0.00225410751699147,0.00292869185650098,0.00163214151390621,0.000167397305127575,413,5
1,84.464529408,rejected,35.8311951902159,-1.90303769685519,1.99593150399234,1.76492203422385,-1.75174957769342,0.0709414429623785,1.46018525175537,-0.0593162486524683,1.06445168738255,-2.74339537244771,-9.2,-0.23,0.06,0.46,2.24972940582069,2.96748938423774,-4.73932687644005,-10.9649220342239,1.52174957769342,-0.0109414429623785,-1.00018525175537,2.30904565447316,84.166016768,0.0432525837218754,0.0424926949705955,0.0692782096222103,0.00225410751699147,0.00292869185650098,0.00163214151390621,0.000167397305127575,413,6
1,84.56471424,rejected,25.4180967965227,-2.07796635565959,1.99452830333585,1.86912354948835,-1.63462503068704,0.0344841049461633,1.1156656686663,-0.0589162246123474,1.04781963039392,-2.74339537498662,-9.2,0.04,0.06,0.12,2.25147473507268,3.12578598605352,-4.73792367832247,-11.0691235494884,1.67462503068704,0.0255158950538367,-0.995665668666304,2.31039095968503,84.166016768,0.0432525837218754,0.0424926949705955,0.0692782096222103,0.00225410751699147,0.00292869185650098,0.00163214151390621,0.000167397305127575,413,7
1,84.66486528,rejected,33.1984765606026,-2.24001698241252,1.99559256470097,1.95254438742236,-1.92936514488436,0.173714065959456,0.929406543576729,-0.0589603931625611,1.06445168738255,-2.74339537244771,-9.2,0,0.07,0.24,2.25147473507268,3.30446866979507,-4.73898793714869,-11.1525443874224,1.92936514488436,-0.103714065959456,-0.689406543576729,2.31043512823525,84.166016768,0.0432525837218754,0.0424926949705955,0.0692782096222103,0.00225410751699147,0.00292869185650098,0.00163214151390621,0.000167397305127575,413,8
1,84.765046528,rejected,54.3834711597947,-2.39220235528467,2.05208069020486,2.02735574300357,-2.15618783890672,0.553081487961764,1.24769539347678,-0.0604185953333705,1.10603182597086,-2.69896790868751,-9.2,-0.29,0.52,0.4,2.25147473507268,3.49823418125553,-4.75104859889236,-11.2273557430036,1.86618783890672,-0.0330814879617638,-0.847695393476775,2.31189333040605,84.166016768,0.0432525837218754,0.0424926949705955,0.0692782096222103,0.00225410751699147,0.00292869185650098,0.00163214151390621,0.000167397305127575,413,9
1,84.967469312,rejected,31.9142425405609,-2.82085936314998,2.00399910262044,2.1798799428614,-1.72921712754005,0.0496540678519544,1.01396947740808,-0.0553339220849152,1.03950359981439,-2.73228851183079,-9.2,0.09,0.11,0.09,2.25845605208066,3.86036296296437,-4.73628761445124,-11.3798799428614,1.81921712754005,0.0603459321480456,-0.923969477408079,2.31378997416558,84.166016768,0.0432525837218754,0.0424926949705955,0.0692782096222103,0.00225410751699147,0.00292869185650098,0.00163214151390621,0.000167397305127575,413,10
1,85.06766592,rejected,55.1302932116902,-2.90918613370365,2.05202007940977,2.28258013408668,-2.12898543055049,0.20783640215276,1.46409360781402,-0.0548895444730282,1.14761196713434,-2.6878610389515,-9.2,-0.08,0.12,0.42,2.25845605208066,4.05679810083799,-4.73988111836127,-11.4825801340867,2.04898543055049,-0.0878364021527597,-1.04409360781402,2.31334559655369,84.166016768,0.0432525837218754,0.0424926949705955,0.0692782096222103,0.00225410751699147,0.00292869185650098,0.00163214151390621,0.000167397305127575,413,11
1,85.165902848,rejected,54.4628982441294,-3.14459637610067,2.02625846229957,2.37868942160634,-2.23721786467763,-0.267445024095426,1.15404333038405,-0.0552487232526269,1.11434785572497,-2.72118163624058,-9.2,-0.26,-0.28,0.17,2.25845605208066,4.25894423182564,-4.74744009854015,-11.5786894216063,1.97721786467763,-0.0125549759045745,-0.984043330384051,2.31370477533329,84.166016768,0.0432525837218754,0.0424926949705955,0.0692782096222103,0.00225410751699147,0.00292869185650098,0.00163214151390621,0.000167397305127575,413,12
1,85.266071552,rejected,46.5651569869508,-3.34252088008226,2.03036040001929,2.47836015197273,-1.99215619961838,0.485863117782181,1.41697093529618,-0.0534953797037483,1.10603182785814,-2.71007477316292,-9.2,-0.13,0.61,0.39,2.26020138133266,4.44855270794041,-4.74043517318221,-11.6783601519727,1.86215619961839,0.124136882217819,-1.02697093529618,2.3136967610364,84.166016768,0.0432525837218754,0.0424926949705955,0.0692782096222103,0.00225410751699147,0.00292869185650098,0.00163214151390621,0.000167397305127575,413,13
1,85.366305536,rejected,49.3990850643343,-3.56057447899838,2.01742088968718,2.57639496974593,-1.72829817188418,-0.141811382704296,0.898092533898858,-0.0544845050505893,1.08108373998509,-2.71007477684917,-9.2,0.34,0,0,2.25845605208066,4.64165821898346,-4.72749566653635,-11.7763949697459,2.06829817188418,0.141811382704296,-0.898092533898858,2.31294055713125,84.166016768,0.0432525837218754,0.0424926949705955,0.0692782096222103,0.00225410751699147,0.00292869185650098,0.00163214151390621,0.000167397305127575,413,14
1,85.468521216,rejected,84.6302936449699,-3.80808399385073,1.98382605780615,3.03434753067074,-2.68790389898977,-0.265750707712929,1.07964838451499,-0.0538529993539605,1.05613565719159,-2.7322885094628,-8.83000000000001,-0.52,-0.11,0.23,2.26020138133266,4.86421965104232,-4.71611456726895,-11.8643475306707,2.16790389898977,0.155750707712929,-0.849648384514986,2.31405438068662,84.166016768,0.0432525837218754,0.0424926949705955,0.0692782096222103,0.00225410751699147,0.00292869185650098,0.00163214151390621,0.000167397305127575,413,15
1,85.568708608,rejected,55.4671545805449,-4.05203769074863,2.00228787132067,3.11710129815603,-2.32942311160408,0.536827109088252,0.868726914241682,-0.0536334303630799,1.03118756674336,-2.69896791981956,-8.83000000000001,-0.17,0.66,0.06,2.26020138133266,5.08322525749199,-4.70125579114023,-11.947101298156,2.15942311160408,0.123172890911748,-0.808726914241682,2.31383481169574,84.166016768,0.0432525837218754,0.0424926949705955,0.0692782096222103,0.00225410751699147,0.00292869185650098,0.00163214151390621,0.000167397305127575,413,16
1,85.666907392,rejected,59.6039574670372,-4.29002912949373,2.01367689759346,3.19282877167667,-2.34827097902127,-0.164868917098138,1.04988554080878,-0.0539899621132229,1.00623947753722,-2.67675419543432,-8.83000000000001,-0.15,-0.06,0.32,2.25845605208066,5.29626860703095,-4.69043109302778,-12.0228287716767,2.19827097902127,0.104868917098138,-0.729885540808782,2.31244601419389,84.166016768,0.0432525837218754,0.0424926949705955,0.0692782096222103,0.00225410751699147,0.00292869185650098,0.00163214151390621,0.000167397305127575,413,17
1,85.76707072,rejected,56.0621392807387,-4.53294302621624,2.01134843123171,3.26541697934483,-2.40144364212916,-9.03887761456446e-05,0.840334623370984,-0.0531231717993461,0.981291388290111,-2.66564733551696,-8.83000000000001,-0.17,0.1,0.22,2.26020138133266,5.51423441450635,-4.67699576674867,-12.0954169793448,2.23144364212916,0.100090388776146,-0.620334623370984,2.313324553132,84.166016768,0.0432525837218754,0.0424926949705955,0.0692782096222103,0.00225410751699147,0.00292869185650098,0.00163214151390621,0.000167397305127575,413,18
1,85.967467776,rejected,50.8761603318855,-5.01602170087181,2.00660792850942,3.32969282878415,-2.46215389458438,0.0784111039937965,0.476828091240843,-0.0567750148249231,0.964659326526828,-2.63232674413062,-8.83000000000001,-0.07,0.25,0.37,2.25671072282867,5.98068102739864,-4.63893467264004,-12.1596928287842,2.39215389458438,0.171588896006203,-0.106828091240843,2.31348573765359,84.166016768,0.0432525837218754,0.0424926949705955,0.0692782096222103,0.00225410751699147,0.00292869185650098,0.00163214151390621,0.000167397305127575,413,19
1,86.067649024,rejected,69.835048580498,-5.27405492067508,1.97422050196463,3.33357182304764,-2.49771926512367,-0.389276076722344,0.480714408955302,-0.0579011771133535,0.948027271176176,-2.64343361182725,-8.83000000000001,-0.06,-0.17,0.52,2.25671072282867,6.22208219185125,-4.61765411379187,-12.1635718230476,2.43771926512367,0.219276076722344,0.0392855910446984,2.31461189994202,84.166016768,0.0432525837218754,0.0424926949705955,0.0692782096222103,0.00225410751699147,0.00292869185650098,0.00163214151390621,0.000167397305127575,413,20
1,86.167851776,rejected,67.1103382576414,-5.53002498818214,1.95645876806178,3.3293505168491,-2.69612809921338,0.0533139275033001,0.52405502250462,-0.0596168808675976,0.939711242747843,-2.64343361331155,-8.83000000000001,-0.21,0.23,0.63,2.25496539357667,6.46973623092999,-4.59989238137334,-12.1593505168491,2.48612809921338,0.1766860724967,0.10594497749538,2.31458227444427,84.166016768,0.0432525837218754,0.0424926949705955,0.0692782096222103,0.00225410751699147,0.00292869185650098,0.00163214151390621,0.000167397305127575,413,21
1,86.268049664,rejected,67.6139702959613,-5.77609780360027,1.94838032593792,3.32047380344146,-2.49517263868076,-0.0974678767315836,0.680107482822985,-0.0643756490156226,0.939711241234527,-2.63232674746532,-8.83000000000001,-0.02,0.06,0.71,2.25147473507268,6.7158090448348,-4.58070707340323,-12.1504738034415,2.47517263868076,0.157467876731584,0.0298925171770154,2.31585038408831,84.166016768,0.0432525837218754,0.0424926949705955,0.0692782096222103,0.00225410751699147,0.00292869185650098,0.00163214151390621,0.000167397305127575,413,22
1,86.368288512,rejected,72.4432396257449,-6.03297599169645,1.94261087881527,3.52095861407369,-2.64674446458372,-0.0815035792999966,0.848785538185658,-0.0664576832421675,0.939711239867772,-2.62121988497993,-8.64,-0.02,0.15,0.57,2.24972940582069,6.97268723156422,-4.5638307637952,-12.1609586140737,2.62674446458372,0.231503579299997,-0.278785538185658,2.31618708906286,84.166016768,0.0432525837218754,0.0424926949705955,0.0692782096222103,0.00225410751699147,0.00292869185650098,0.00163214151390621,0.000167397305127575,413,23
1,86.468475392,rejected,72.0265176449627,-6.29473697414777,1.93056476705275,3.55114356652471,-2.62912841789522,0.0171256633107124,0.804335985134898,-0.0660113060112768,0.948027266790091,-2.61011301876761,-8.64,0.15,0.24,0.47,2.24972940582069,7.24276424093786,-4.54067778582036,-12.1911435665247,2.77912841789522,0.222874336689288,-0.334335985134898,2.31574071183197,84.166016768,0.0432525837218754,0.0424926949705955,0.0692782096222103,0.00225410751699147,0.00292869185650098,0.00163214151390621,0.000167397305127575,413,24
1,86.56862848,rejected,88.7519346786547,-6.57848603036236,1.91877843008588,3.57985061159015,-2.98511400264379,-0.0462623296638091,0.735504263710239,-0.0604418524545176,0.956343293844368,-2.5990061536797,-8.64,0.02,0.17,0.49,2.25496539357667,7.53482932420672,-4.51778458376557,-12.2198506115901,3.00511400264379,0.216262329663809,-0.245504263710239,2.31540724603119,84.166016768,0.0432525837218754,0.0424926949705955,0.0692782096222103,0.00225410751699147,0.00292869185650098,0.00163214151390621,0.000167397305127575,413,25
1,86.66886784,rejected,85.5460692986792,-6.89189889641019,1.87775049029257,3.61426323084544,-2.95655908343242,0.140266042318402,0.613081922698201,-0.054537587872487,0.948027268039491,-2.62121988375442,-8.64,0.1,0.33,0.19,2.26020138133266,7.83992616444968,-4.49897037404699,-12.2542632308454,3.05655908343242,0.189733957681598,-0.423081922698201,2.31473896920514,84.166016768,0.0432525837218754,0.0424926949705955,0.0692782096222103,0.00225410751699147,0.00292869185650098,0.00163214151390621,0.000167397305127575,413,26
1,86.767062272,rejected,95.0276442548715,-7.1953008854528,1.88124785774946,3.65915825085938,-3.10400100484206,-0.00741989160507137,0.557753070461973,-0.051469205255648,0.948027265027462,-2.59900615499309,-8.64,0,0.2,0.08,2.26369203983665,8.14332815048026,-4.48025401274255,-12.2991582508594,3.10400100484206,0.207419891605071,-0.477753070461973,2.31516124509229,84.166016768,0.0432525837218754,0.0424926949705955,0.0692782096222103,0.00225410751699147,0.00292869185650098,0.00163214151390621,0.000167397305127575,413,27
1,86.969499392,rejected,128.757926064662,-7.83283766350808,1.83391516290667,3.76042398689347,-3.15089182445332,0.047248135172976,0.439683075049376,-0.0484199173078705,0.948027265027462,-2.59900615499309,-8.64,0.06,0.22,-0.08,2.26718269834063,8.78086492853554,-4.43292131789976,-12.4004239868935,3.21089182445332,0.172751864827024,-0.519683075049376,2.3156026156485,84.166016768,0.0432525837218754,0.0424926949705955,0.0692782096222103,0.00225410751699147,0.00292869185650098,0.00163214151390621,0.000167397305127575,413,28
1,87.069664512,rejected,167.270713507376,-8.16433046896361,1.81643941365012,3.81756378696327,-3.31526892805539,-0.161364279488808,0.623476540536496,-0.0479281257752593,0.939711236855743,-2.5990061562186,-8.64,-0.09,0.06,0.03,2.26718269834063,9.10404170581935,-4.41544556986872,-12.4575637869633,3.22526892805539,0.221364279488808,-0.593476540536496,2.31511082411589,84.166016768,0.0432525837218754,0.0424926949705955,0.0692782096222103,0.00225410751699147,0.00292869185650098,0.00163214151390621,0.000167397305127575,413,29
1,87.167843584,rejected,124.849622120568,-8.50124241882242,1.77628990668715,3.87165092015977,-3.29854999939482,-0.208021124604812,0.480497270123164,-0.049801649849111,0.923079180679666,-2.62121988692308,-8.64,0,-0.05,-0.09,2.26543736908864,9.42432159950209,-4.39750979361023,-12.5116509201598,3.29854999939482,0.158021124604812,-0.570497270123164,2.31523901893775,84.166016768,0.0432525837218754,0.0424926949705955,0.0692782096222103,0.00225410751699147,0.00292869185650098,0.00163214151390621,0.000167397305127575,413,30
1,87.26804864,rejected,170.283690506404,-8.83509023749698,1.75346796335355,3.93880638276951,-3.25281675937285,-0.0255067955322602,0.661827121881908,-0.0500338445249566,0.92307918204642,-2.63232674940846,-8.64,0.08,0.06,-0.05,2.26543736908864,9.7581694195434,-4.38579471276202,-12.5788063827695,3.33281675937285,0.0855067955322602,-0.711827121881908,2.3154712136136,84.166016768,0.0432525837218754,0.0424926949705955,0.0692782096222103,0.00225410751699147,0.00292869185650098,0.00163214151390621,0.000167397305127575,413,31
1,87.368218624,rejected,175.51788524137,-9.17144263528629,1.72981956453827,4.00929093723816,-3.2916891395581,-0.184946295437706,0.560473229931331,-0.0523314469080129,0.923079183171164,-2.64343361508379,-8.64,0.08,0.01,-0.1,2.26369203983665,10.0945218184575,-4.37325317962206,-12.6492909372382,3.3716891395581,0.194946295437706,-0.660473229931331,2.31602348674466,84.166016768,0.0432525837218754,0.0424926949705955,0.0692782096222103,0.00225410751699147,0.00292869185650098,0.00163214151390621,0.000167397305127575,413,32
1,87.47042816,rejected,191.616577742046,-9.51519245766807,1.7012816066155,4.0529778834314,-3.50109865580605,-0.329518850904233,0.675959387509131,-0.0538216485251088,0.931395215297691,-2.65454047711034,-8.66,0.01,-0.15,0.05,2.26369203983665,10.4465876729658,-4.35582208372583,-12.7129778834314,3.51109865580605,0.179518850904233,-0.625959387509131,2.31751368836175,84.166016768,0.0432525837218754,0.0424926949705955,0.0692782096222103,0.00225410751699147,0.00292869185650098,0.00163214151390621,0.000167397305127575,413,33
1,87.570667264,rejected,191.518455107524,-9.87932669460058,1.65243531788737,4.12232760884325,-3.34454783055966,-0.120940130770574,0.831075816212857,-0.0555531541064291,0.92307918918792,-2.68786107148823,-8.66,0.19,0.01,-0.05,2.26194671058465,10.8024058837885,-4.34029638937561,-12.7823276088433,3.53454783055966,0.130940130770574,-0.881075816212857,2.31749986469108,84.166016768,0.0432525837218754,0.0424926949705955,0.0692782096222103,0.00225410751699147,0.00292869185650098,0.00163214151390621,0.000167397305127575,413,34
1,87.6708864,rejected,165.604505265062,-10.2218972080646,1.61167756852788,4.19169808940338,-3.52548877667464,-0.398237268501221,0.525666161267157,-0.0492758428419044,0.931395222813159,-2.71007479781928,-8.66,-0.01,-0.16,-0.05,2.2776546738526,11.1532924308778,-4.32175236634716,-12.8516980894034,3.51548877667464,0.238237268501221,-0.575666161267157,2.3269305166945,84.166016768,0.0432525837218754,0.0424926949705955,0.0692782096222103,0.00225410751699147,0.00292869185650098,0.00163214151390621,0.000167397305127575,413,35
1,87.767110144,rejected,201.423916332115,-10.5708101462949,1.6012515554666,4.25944581308208,-3.58651463772525,0.216762651939621,0.410488666729378,-0.0523017625914637,0.923079190686632,-2.69896793440333,-8.66,-0.05,0.33,-0.07,2.26892802759263,11.4938893369815,-4.30021948986993,-12.9194458130821,3.53651463772525,0.113237348060379,-0.480488666729378,2.32122979018409,84.166016768,0.0432525837218754,0.0424926949705955,0.0692782096222103,0.00225410751699147,0.00292869185650098,0.00163214151390621,0.000167397305127575,413,36
1,87.969463808,rejected,188.938500150426,-11.2725766436133,1.53241690554555,4.36649295173878,-3.39564301333841,-0.378632786128071,0.396899454659528,-0.0502119791189295,0.931395225825189,-2.73228852658061,-8.66,0.04,-0.07,-0.08,2.25845605208066,12.2039718694385,-4.26470543212616,-13.0264929517388,3.43564301333841,0.308632786128071,-0.476899454659528,2.30866803119959,84.166016768,0.0432525837218754,0.0424926949705955,0.0692782096222103,0.00225410751699147,0.00292869185650098,0.00163214151390621,0.000167397305127575,413,37
1,88.067678464,rejected,224.625649778511,-11.6091540973853,1.50374685740065,4.41310268712942,-3.61048476769322,-0.222614990631088,0.300216318047015,-0.0533412438901992,0.939711254128865,-2.73228852578481,-8.66,-0.02,0.05,-0.16,2.26020138133266,12.5488653515142,-4.23603538318546,-13.0731026871294,3.59048476769322,0.272614990631088,-0.460216318047015,2.31354262522286,84.166016768,0.0432525837218754,0.0424926949705955,0.0692782096222103,0.00225410751699147,0.00292869185650098,0.00163214151390621,0.000167397305127575,413,38
1,88.167868672,rejected,214.193498313426,-11.9599206212651,1.47155775817158,4.45888193900172,-3.68901160208625,-0.401087688331979,0.289192293395836,-0.0536771441632027,0.948027282945772,-2.73228852447142,-8.66,-0.09,-0.09,-0.12,2.26194671058465,12.9079479042109,-4.203846282643,-13.1188819390017,3.59901160208625,0.311087688331979,-0.409192293395836,2.31562385474785,84.166016768,0.0432525837218754,0.0424926949705955,0.0692782096222103,0.00225410751699147,0.00292869185650098,0.00163214151390621,0.000167397305127575,413,39
1,88.266036224,rejected,228.85061060313,-12.3036445177516,1.40972381206334,4.50237277073728,-3.47618070844012,-0.477722451547508,0.483126122327847,-0.0572164250616249,0.95634331627342,-2.76560911552915,-8.66,0.13,-0.16,-0.09,2.25671072282867,13.2599878340251,-4.17533292759249,-13.1623727707373,3.60618070844012,0.317722451547508,-0.573126122327847,2.31392714789029,84.166016768,0.0432525837218754,0.0424926949705955,0.0692782096222103,0.00225410751699147,0.00292869185650098,0.00163214151390621,0.000167397305127575,413,40
1,88.370237952,rejected,242.751506943669,-12.6682840747534,1.36875926952364,4.58250065618493,-3.67754243901907,-0.211060591211358,0.104438369600395,-0.0674173958723032,0.964659346207767,-2.77671597877286,-8.63,-0.05,0.05,-0.28,2.25147473507268,13.6329434209611,-4.1454752482965,-13.2125006561849,3.62754243901907,0.261060591211358,-0.384438369600395,2.31889213094499,84.166016768,0.0432525837218754,0.0424926949705955,0.0692782096222103,0.00225410751699147,0.00292869185650098,0.00163214151390621,0.000167397305127575,413,41
1,88.468424448,rejected,261.592992502178,-13.026618345809,1.35223907598113,4.62431253642917,-3.8208414021285,-0.305174525142144,0.425427097687245,-0.0684275007260533,0.964659344445138,-2.76560911430364,-8.63,-0.13,-0.02,0,2.24972940582069,13.9912776902542,-4.11784819028477,-13.2543125364292,3.6908414021285,0.285174525142144,-0.425427097687245,2.31815690654674,84.166016768,0.0432525837218754,0.0424926949705955,0.0692782096222103,0.00225410751699147,0.00292869185650098,0.00163214151390621,0.000167397305127575,413,42
1,88.56858624,rejected,243.358406944261,-13.3743504786206,1.33520484845621,4.66748540939256,-3.51228299046389,-0.162913170767711,0.346552379880083,-0.0734435078156941,0.989607429529104,-2.75450224787807,-8.63,0.24,0.12,-0.09,2.24449341806471,14.3639579081497,-4.08970709633428,-13.2974854093926,3.75228299046389,0.28291317076771,-0.436552379880083,2.3179369258804,84.166016768,0.0432525837218754,0.0424926949705955,0.0692782096222103,0.00225410751699147,0.00292869185650098,0.00163214151390621,0.000167397305127575,413,43
1,88.668810496,rejected,282.542937146128,-13.7285491997993,1.29571717359384,4.71116879020876,-3.94314420492688,-0.405642350746085,0.466427293930941,-0.0784713195999838,1.01455551696531,-2.76560910737058,-8.63,-0.13,-0.12,0.03,2.23925743030872,14.7431047167646,-4.06132628096442,-13.3411687902088,3.81314420492688,0.285642350746085,-0.436427293930941,2.31772874990871,84.166016768,0.0432525837218754,0.0424926949705955,0.0692782096222103,0.00225410751699147,0.00292869185650098,0.00163214151390621,0.000167397305127575,413,44
1,88.767021568,rejected,279.828766983143,-14.0975032263883,1.24520878439537,4.75405216506898,-3.8606626337839,-0.289460696892875,0.368387794232237,-0.0834984825978831,1.02287154827371,-2.78782283421789,-8.63,0.01,0,-0.07,2.23402144255274,15.120374774662,-4.03303161861326,-13.384052165069,3.8706626337839,0.289460696892875,-0.438387794232237,2.31751992515062,84.166016768,0.0432525837218754,0.0424926949705955,0.0692782096222103,0.00225410751699147,0.00292869185650098,0.00163214151390621,0.000167397305127575,413,45
1,88.969520896,rejected,301.443613005904,-14.8604631852724,1.15242740200307,4.84357789947046,-4.03282127813072,-0.448178016129353,0.45448332664292,-0.277050062086109,1.05613567025156,-2.8211434226259,-8.63,-0.04,-0.15,0.01,2.04028989558137,15.916598855524,-3.97357082462897,-13.4735778994705,3.99282127813072,0.298178016129353,-0.44448332664292,2.31733995766748,84.166016768,0.0432525837218754,0.0424926949705955,0.0692782096222103,0.00225410751699147,0.00292869185650098,0.00163214151390621,0.000167397305127575,413,46
1,89.069738752,rejected,316.161919557009,-15.2469771081604,1.10012257670136,4.88817303969276,-4.0522639607385,-0.302563896477121,0.476110175889465,-0.275065969618418,1.07276773101476,-2.84335714764842,-8.63,0,0,0.03,2.04203522483337,16.3197448391752,-3.94347972434978,-13.5181730396928,4.0522639607385,0.302563896477121,-0.446110175889465,2.31710119445178,84.166016768,0.0432525837218754,0.0424926949705955,0.0692782096222103,0.00225410751699147,0.00292869185650098,0.00163214151390621,0.000167397305127575,413,47
1,89.169932288,rejected,322.989377065471,-15.647700239831,1.03624427734712,4.93296945457166,-4.05303816508194,-0.337930161019261,0.468825643755197,-0.273163695204474,1.08108376498759,-2.87667773931296,-8.63,0.06,-0.03,0.02,2.04378055408536,16.7287840048186,-3.91292201666009,-13.5629694545717,4.11303816508194,0.307930161019261,-0.448825643755197,2.31694424928983,84.166016768,0.0432525837218754,0.0424926949705955,0.0692782096222103,0.00225410751699147,0.00292869185650098,0.00163214151390621,0.000167397305127575,413,48
1,89.26813312,rejected,345.139945668885,-16.0461478066955,0.983541197623059,4.97728557025196,-4.25137938747138,-0.32261679209112,0.472915043898151,-0.274695795219113,1.08939979706584,-2.89889146538388,-8.63,-0.08,-0.01,0.02,2.04203522483337,17.1355476037614,-3.88243266300694,-13.607285570252,4.17137938747138,0.31261679209112,-0.452915043898151,2.31673102005248,84.166016768,0.0432525837218754,0.0424926949705955,0.0692782096222103,0.00225410751699147,0.00292869185650098,0.00163214151390621,0.000167397305127575,413,49
1,89.37032448,rejected,353.026118391435,-16.4755874509642,0.906939392755626,5.24362500671,-4.24383631883259,-0.317043471974151,0.513881545073696,-0.272821033986044,1.08939980372778,-2.94331892308984,-8.41,-0.01,0,0.06,2.04378055408536,17.564987254692,-3.85025831584547,-13.65362500671,4.23383631883259,0.317043471974151,-0.453881545073696,2.3166015880714,84.166016768,0.0432525837218754,0.0424926949705955,0.0692782096222103,0.00225410751699147,0.00292869185650098,0.00163214151390621,0.000167397305127575,413,50
1,89.470515968,rejected,371.558337351567,-16.8945056996559,0.863821076803407,5.28923686080255,-4.39460917098653,-0.302098012386142,0.456551954723213,-0.272600327429466,1.09771583443198,-2.95442578625186,-8.41,-0.1,0.02,0,2.04378055408536,17.9922215340879,-3.81824686305527,-13.6992368608026,4.29460917098653,0.322098012386142,-0.456551954723213,2.31638088151483,84.166016768,0.0432525837218754,0.0424926949705955,0.0692782096222103,0.00225410751699147,0.00292869185650098,0.00163214151390621,0.000167397305127575,413,51
1,89.570715392,rejected,356.837034757342,-17.3195962942469,0.831275364382867,5.33514757438669,-4.27610387960311,-0.147336012881033,0.559357157224478,-0.272504646926166,1.10603186531641,-2.95442578510451,-8.41,0.08,0.18,0.1,2.04378055408536,18.4256281595633,-3.78570114948738,-13.7451475743867,4.35610387960311,0.327336012881033,-0.459357157224478,2.31628520101153,84.166016768,0.0432525837218754,0.0424926949705955,0.0692782096222103,0.00225410751699147,0.00292869185650098,0.00163214151390621,0.000167397305127575,413,52
1,89.670929664,rejected,388.351895541387,-17.7425316281223,0.776023197890112,5.38125070028039,-4.41693206171724,-0.362294152998518,0.430775921439599,-0.272355126274219,1.12266392466457,-2.97663951029661,-8.41,0,-0.03,-0.03,2.04378055408536,18.8651955527869,-3.75266270818672,-13.7912507002804,4.41693206171724,0.332294152998518,-0.460775921439599,2.31613568035958,84.166016768,0.0432525837218754,0.0424926949705955,0.0692782096222103,0.00225410751699147,0.00292869185650098,0.00163214151390621,0.000167397305127575,413,53
1,89.769128448,rejected,386.577593556939,-18.1626340691745,0.754284554535648,5.42661380583077,-4.30793183845907,-0.216697971015013,0.453289958131476,-0.273881783746623,1.1392959822147,-2.96553264319574,-8.41,0.17,0.12,-0.01,2.04203522483337,19.3019300513892,-3.71981719773138,-13.8366138058308,4.47793183845907,0.336697971015013,-0.463289958131476,2.31591700857999,84.166016768,0.0432525837218754,0.0424926949705955,0.0692782096222103,0.00225410751699147,0.00292869185650098,0.00163214151390621,0.000167397305127575,413,54
1,89.971481344,rejected,426.560215673193,-19.0646105338472,0.629632967281581,5.52124636164496,-4.59190894599711,-0.306080337187647,0.430665837312291,-0.273315341204003,1.15592804955616,-3.02106696214484,-8.41,0.01,0.04,-0.04,2.04203522483337,20.2205385834033,-3.65069992942642,-13.931246361645,4.60190894599711,0.346080337187647,-0.470665837312291,2.31535056603737,84.166016768,0.0432525837218754,0.0424926949705955,0.0692782096222103,0.00225410751699147,0.00292869185650098,0.00163214151390621,0.000167397305127575,413,55
1,90.069712896,rejected,433.046192976426,-19.5029642092931,0.59541472045599,5.56759627354148,-4.56140073969054,-0.350709228916936,0.472563704686812,-0.273213669343543,1.17256010718998,-3.02106695951804,-8.41,0.1,0,0,2.04203522483337,20.675524316483,-3.61648167997403,-13.9775962735415,4.66140073969054,0.350709228916936,-0.472563704686812,2.31524889417691,84.166016768,0.0432525837218754,0.0424926949705955,0.0692782096222103,0.00225410751699147,0.00292869185650098,0.00163214151390621,0.000167397305127575,413,56
1,90.169871872,rejected,418.422364494764,-19.9563095991043,0.548982600355118,5.61507196535727,-4.65363621604328,-0.174477301052079,0.565199749271153,-0.272998568146233,1.18919216709965,-3.03217381945347,-8.41,0.07,0.18,0.09,2.04203522483337,21.145501766204,-3.58115641980859,-14.0250719653573,4.72363621604328,0.354477301052079,-0.475199749271153,2.3150337929796,84.166016768,0.0432525837218754,0.0424926949705955,0.0692782096222103,0.00225410751699147,0.00292869185650098,0.00163214151390621,0.000167397305127575,413,57
1,90.268047872,rejected,488.08431238966,-20.4230176434025,0.502867148542968,5.66183899881858,-4.96401961311789,-0.43887602972786,0.627149319220486,-0.272872177376076,1.18919216898694,-3.04328068392888,-8.41,-0.18,-0.08,0.15,2.04203522483337,21.6122098123894,-3.54614783247185,-14.0718389988186,4.78401961311789,0.35887602972786,-0.477149319220486,2.31490740220944,84.166016768,0.0432525837218754,0.0424926949705955,0.0692782096222103,0.00225410751699147,0.00292869185650098,0.00163214151390621,0.000167397305127575,413,58
1,90.370252544,rejected,465.356527052399,-20.9068754960889,0.421535747504107,5.71078876791235,-4.72725947797311,-0.263563152441064,0.481043250742069,-0.274715098596757,1.19750820497902,-3.08770813980385,-8.41,0.12,0.1,0,2.04028989558137,22.1043837010679,-3.50924388730796,-14.1207887679124,4.84725947797311,0.363563152441064,-0.481043250742069,2.31500499417813,84.166016768,0.0432525837218754,0.0424926949705955,0.0692782096222103,0.00225410751699147,0.00292869185650098,0.00163214151390621,0.000167397305127575,413,59
