segment,t,status,nis,innovation_px,innovation_py,innovation_pz,innovation_vx,innovation_vy,innovation_vz,innovation_yaw,gps_px,gps_py,gps_pz,gps_vx,gps_vy,gps_vz,gps_yaw,post_px,post_py,post_pz,post_vx,post_vy,post_vz,post_yaw,covariance_t,pvarx,pvary,pvarz,vvarx,vvary,vvarz,yawvar,accepted_count,rejected_count
0,2.157501184,accepted,0.305946907912224,0.00860462902968401,0.00493916039950626,-0.0128610885511894,0.139799793042313,0.210528197549507,0.103442433923805,-8.09203839002848e-06,0.108108337001664,-0.277671604909479,-0.433965834805925,0.22,0.05,0.07,2.45916891606001,0.106932167618418,-0.275434148372721,-0.425231177057607,0.153593617382422,-0.0500187203297536,0.0194196674105732,2.45416776957046,2.157501184,0.681072178069422,0.681072178072607,2.00012764192595,0.0610251614645292,0.0610250861265979,0.0593888929671909,0.020585479352794,1,0
0,2.257688832,accepted,0.355681659509707,-0.00703390117251154,-0.00993746362830117,-0.0265114427095171,-0.326211127796256,-0.061931675627978,0.0247083195072268,0.00495643056695805,0.116424362822871,-0.28877846839694,-0.449999918059255,-0.15,-0.08,0.04,2.45916891606001,0.111969665908587,-0.283897896049771,-0.431750859779784,0.0411766253791699,-0.0437442033543993,0.0221924587303671,2.45571218359715,2.257688832,0.454138605560126,0.454138604328061,1.33375074458623,0.0757365573377951,0.0757307877178718,0.0446469873112805,0.0122597392652868,2,0
0,2.359859456,accepted,0.0146838235170177,0.00185846699501338,-0.0126789067900097,-0.0357244146125307,-0.0297554385899674,0.0511923119134518,0.00023527001026737,0.00346481559610945,0.116424362921155,-0.299885333023352,-0.465330501052506,-0.02,0.03,0.02,2.45916891606001,0.113282039180651,-0.287376262440733,-0.438548188581427,-0.00927199845242023,0.0115566124367524,0.0192531364298486,2.4566999780343,2.359859456,0.340709065365539,0.340709040934801,1.00066130217935,0.0576475490017688,0.057649063065758,0.0299231497140082,0.0087400049639581,3,0
0,2.458032896,accepted,0.0102729002423799,0.00579839522301029,-0.0263445502709355,-0.0431826713917019,-0.00520757173379578,-0.0437162297824912,0.0152696040249112,0.00251762043989778,0.116424363151397,-0.310992197384771,-0.480061306331919,-0.05,0,0.03,2.45916891606001,0.111538937118223,-0.292118396323835,-0.444975759410761,-0.0469913840945865,0.0241089324281901,0.0177019628375554,2.45710436151399,2.458032896,0.272943838862019,0.27294379289517,0.800952354801514,0.0597001179156082,0.0597041603748905,0.0247314637087517,0.00680639486916711,4,0
0,2.556184064,accepted,0.253199347595662,0.0113119760503745,-0.0225791329965301,-0.0514474195154309,0.133994664778458,-0.0210769925670869,-0.147535523479212,0.00201803468642536,0.116424363151397,-0.310992197384771,-0.494788769724813,0.05,0.03,-0.13,2.45916891606001,0.115622665954491,-0.293493005373514,-0.458598598265306,-0.0201782828830754,0.0419642759411839,-0.00915840589423739,2.45826028645959,2.556184064,0.227791600167716,0.227791547800635,0.667876757870625,0.0526836511904446,0.0526903654127033,0.0204760451556197,0.00558434373832688,5,0
0,2.658346496,accepted,0.00546347855967081,0.0116414330605874,-0.0220762775048043,-0.0499046025208347,0.0240701261333096,0.00843252699140763,-0.00975546208670802,0.00262105540962576,0.124740388874321,-0.310992196940522,-0.510118118402659,-0.01,0.06,-0.03,2.460914245312,0.116546036552282,-0.291483891401746,-0.467864837106486,-0.0228921532426033,0.0554280328652995,-0.0219662181542513,2.4587464829159,2.658346496,0.195610874258477,0.195610834682988,0.572907621780286,0.045465696195007,0.0454684354256278,0.017325675021832,0.00475817061876908,6,0
0,2.758519552,accepted,0.251506382080934,0.0193838818172911,-0.0260724714309671,-0.0547703821214945,0.122945670112641,-0.149391179496801,-0.0378507018319588,0.00384621119384398,0.133056416408153,-0.31099219692112,-0.525148963631061,0.08,-0.08,-0.07,2.462659574564,0.125730025658172,-0.299901390521767,-0.479219590770051,0.0101124415719874,0.00484863548106505,-0.0370694622597382,2.45953322680152,2.758519552,0.171515722780608,0.17151568104685,0.501706616501514,0.0389276559295109,0.0389296768543395,0.0149827251379492,0.00416093960146966,7,0
0,2.874699264,accepted,0.116900199229929,0.00585657149644192,-0.0231752600643568,-0.0585023611566554,-0.135212485929255,-0.0237935397557258,0.0371320368670656,0.0047638534112715,0.133056417019666,-0.322099061724637,-0.542581588125934,-0.12,-0.01,-0.01,2.46440490381599,0.118508859054615,-0.303217008257321,-0.489015511875926,-0.0294143185708815,0.0056303084840002,-0.0432439087339066,2.46012694344634,2.874699264,0.15319404099338,0.153194008719705,0.446599614327948,0.0398746988848561,0.0398731211424045,0.0139905235226439,0.00373014473390967,8,0
0,2.95684864,accepted,0.298319947438682,0.0255800452040096,-0.019863406282824,-0.0620143568744712,0.237051201013947,0.0206720077618377,-0.00142413363218873,0.00444199996676309,0.141372440807025,-0.32209906154405,-0.55490800208964,0.2,0.04,-0.05,2.46440490381599,0.132942764838034,-0.303007659790537,-0.499123497757015,0.0282696180148905,0.0249022031088596,-0.0483155314695739,2.46048216364196,2.95684864,0.138240451971711,0.13824041932364,0.402306730596959,0.0380377963583621,0.0380357118440442,0.0132606390569458,0.00337786948060961,9,0
0,3.057036544,accepted,0.0366496150381076,0.0140578935882455,-0.0109340353410137,-0.0655812874410672,-0.0634021867275815,0.0242757233426115,-0.0142688199284338,0.0057696724292926,0.149688466307009,-0.310992196467196,-0.569941075242383,-0.04,0.06,-0.07,2.46615023306799,0.131242958292647,-0.298892217063351,-0.511261302300889,0.000264373502940302,0.0445864354594661,-0.0580343001237827,2.46098754260849,3.057036544,0.126063333386539,0.126063303004351,0.366177163295153,0.03291065675438,0.0329085270381145,0.0122411234452208,0.00311616569884785,10,0
0,3.1592064,accepted,0.583318190799804,0.0177619114184877,-0.039911979526033,-0.0674504897732709,-0.0703805937152516,-0.3235806860179,0.123032844002608,0.00682685441673625,0.149688466752889,-0.333205923648299,-0.585271537882399,-0.06,-0.26,0.06,2.46789556231998,0.129678606000156,-0.314249009723675,-0.519368710264845,-0.0036207740884721,-0.00238811032258514,-0.0538497486739245,2.46159119424005,3.1592064,0.116395072528907,0.116395008281892,0.336295038640498,0.0353347533856373,0.035331349714306,0.012289340614898,0.00291234917099671,11,0
0,3.257363968,accepted,0.309084877763372,0.0290129742516439,-0.0191760725918862,-0.0749839901618996,0.119579848168332,0.232750280093579,-0.0488123086044094,0.00635924456539705,0.158004494799951,-0.3332059231113,-0.599999961587514,0.11,0.24,-0.11,2.46789556231998,0.138133997524841,-0.302301929411004,-0.532520402539794,0.0143572278997564,0.0534295736712799,-0.0649377508765226,2.46216219141199,3.257363968,0.108331314228105,0.108331201570511,0.311066306906203,0.0370651991990284,0.0370614635757184,0.0124426898074721,0.00274845476071286,12,0
0,3.357549824,accepted,0.341460941022228,0.0188338588432952,-0.0374610249066838,-0.0741502827616817,-0.0587710350423411,-0.205106457955025,0.155864460929139,0.00738715938429069,0.158004494799951,-0.3332059231113,-0.613001255774805,-0.05,-0.13,0.09,2.46964089157198,0.136656462993012,-0.31248150450696,-0.538255305095211,-0.00384049057262227,0.0293506095009889,-0.0540812746547012,2.46283091718618,3.357549824,0.101507146543646,0.101506985970389,0.28952872078269,0.0376570550401141,0.0376520868711967,0.0126047435039778,0.00262072701251583,13,0
0,3.457719552,accepted,0.138256453766286,0.0302821096961949,-0.0350174360138483,-0.0821414154826472,0.151643563135394,-0.00284884772491547,0.0472350650036569,0.00674228182650838,0.166320520885075,-0.344312788847586,-0.626000451813155,0.14,0.03,-0.01,2.46964089157198,0.150732919224241,-0.312052537210437,-0.547143185456543,0.0271101586563481,0.0317089479316725,-0.0530286432373318,2.4634296620826,3.457719552,0.0955046549249768,0.0955044720485757,0.270888394355349,0.0362169819128036,0.0362128028339366,0.0126208289250647,0.00252013705857714,14,0
0,3.557946624,accepted,0.235289824010166,0.0130900527324216,-0.035097314290143,-0.0860694530592404,-0.130064249986756,-0.0132231490067899,0.104132495482212,0.0078806807828995,0.166320520885075,-0.344312788847586,-0.639007089479961,-0.11,0.01,0.04,2.47138622082397,0.138991243080001,-0.313149102282734,-0.55070751298706,-0.0238471056703374,0.0182229394602665,-0.0504987672199226,2.46409169562418,3.557946624,0.0897984263708394,0.0897982925863437,0.25444771473487,0.0305601413113962,0.0305574474618199,0.0120466403326429,0.0024417686946962,15,0
0,3.658117888,accepted,0.0733738216954843,0.0303389468462145,-0.0441759418433836,-0.0956852344511686,0.0464382600137102,-0.0696460541504313,0.0509051060885498,0.00721614449234664,0.166320520851401,-0.355419652349585,-0.652006484847654,0.01,-0.05,-0.01,2.47138622082397,0.142238615243998,-0.320547267730818,-0.558846029049106,-0.0239514509450212,0.000956768444022791,-0.0553990739146391,2.46475098141446,3.658117888,0.0850659716500392,0.0850658529976409,0.240063891728228,0.0287559508511841,0.0287541823724647,0.0118692453807316,0.00238092287632903,16,0
0,3.758253312,accepted,0.215626783280232,0.0350016600771218,-0.0462718775442327,-0.100742933270114,0.135986442324441,-0.088105803415591,-0.0173071821227148,0.00888295520368843,0.174636547449755,-0.366526516178868,-0.665001229197557,0.1,-0.09,-0.07,2.47313155007596,0.156027051317095,-0.332304560237657,-0.571216301504094,0.00375950345821879,-0.0278106967200094,-0.0547723704806381,2.46499921945354,3.758253312,0.0807200456606122,0.0807199495419713,0.227224442553332,0.0261536647731255,0.026152708522358,0.0114647547031913,0.00233443132278067,17,0
0,3.872408832,accepted,0.116094235887853,0.0272985260374782,-0.0415287749299451,-0.101797014168009,-0.0619218796607982,0.035812498412603,0.0932069123382971,0.00883225843856383,0.182952573395619,-0.377633380367225,-0.679815385260163,-0.06,0,0.02,2.47313155007596,0.15165163729559,-0.335278805493874,-0.577360054978158,-0.0129479733985756,-0.0273926244669048,-0.0634431348896598,2.46494205207943,3.872408832,0.0772770772368719,0.0772769850734177,0.216032433504239,0.0262023879156557,0.0262013376105751,0.0115041843960583,0.00231908902852747,18,0
0,3.95658112,accepted,0.0731282844010988,0.0241201519933855,-0.0405494755596404,-0.106453796367052,-0.0502583560099591,0.0179181809498344,0.0653520871965246,0.0103723576109243,0.174636547540736,-0.377633380381763,-0.690738566290548,-0.07,0,-0.03,2.47487687932796,0.146982696295808,-0.337587807367524,-0.584770440029448,-0.0327595240957608,-0.0135130111510123,-0.0876095505843525,2.46526641378453,3.95658112,0.0735557933896395,0.0735557235999088,0.205524676267166,0.0237311915071543,0.0237311191842284,0.0110098951490269,0.00226983161348809,19,0
0,4.05874944,accepted,0.101771988152592,0.0351921479782272,-0.0498117329189779,-0.108250567606988,0.0314578380614052,-0.037676482653289,0.118363049777551,0.0104674515903822,0.174636548027593,-0.388740245179087,-0.703997123013288,-0.07,-0.06,0,2.47662220857995,0.143184472954763,-0.34379315138027,-0.595701189117903,-0.0959378216095095,-0.0287753933232053,-0.110158801246165,2.46696984851144,4.05874944,0.0709189348796721,0.0709188660824556,0.196522757904924,0.0258544181375653,0.0258625619578643,0.0113780810803801,0.00225481107221731,20,0
0,4.15694336,accepted,0.760350607686747,0.0511418556164323,-0.0313438152090694,-0.109133353996115,0.337027504391198,0.102283871424656,0.0348032378539903,0.0116965432390721,0.182952573395619,-0.377633380367225,-0.716739915085711,0.22,0.09,-0.09,2.47836753783195,0.159119090449966,-0.340424319538209,-0.610711715963421,-0.0489241377594048,0.00795169582859654,-0.121201478595054,2.46738352665445,4.15694336,0.0683972353074789,0.0683971920340366,0.188273692530348,0.026739008549572,0.0267482301741769,0.0114986393852336,0.00223961304811862,21,0
0,4.259123968,accepted,0.0190820998608243,0.0408617933235828,-0.0459410850920274,-0.10909668492043,-0.0315310208331612,0.0113101953870069,0.00391723869374089,0.0116675776585238,0.199584625460282,-0.388740244705761,-0.730000035851084,-0.01,-0.04,-0.07,2.48011286708394,0.157522157473514,-0.343920426455722,-0.625516381218564,0.0129073636740894,-0.0484043922489232,-0.0736395706530949,2.46927617501469,4.259123968,0.0658643540609807,0.0658642978448239,0.180629803791163,0.0255176990469295,0.0255171350657034,0.0111670963337924,0.00223505655472534,22,0
0,4.365277952,accepted,0.148086197278455,0.0457519678042712,-0.05107602257567,-0.104049274050795,0.0372125201984405,-0.133335292015399,0.0227161332143448,0.0124590450324398,0.199584625939837,-0.399847107690162,-0.737433111491988,-0.01,-0.12,-0.06,2.48360352558793,0.159212758092971,-0.362616791043139,-0.636280839634716,-0.0380456578231793,-0.0186497730461661,-0.0804029531530809,2.47211890607835,4.365277952,0.0638055038460875,0.0638054690824223,0.17381835462186,0.0257955480886601,0.0257988968638484,0.011151263330647,0.00223979449997672,23,0
0,4.457422592,accepted,0.309464667533234,0.0557929679573538,-0.0247365461110061,-0.103249338143353,0.234176939866652,0.0537596127049266,-0.012571554038659,0.0126287868341453,0.207900651571779,-0.388740244432423,-0.743885229944972,0.06,0.1,-0.01,2.48534885483993,0.169123635453368,-0.361853502139915,-0.645563526221496,-0.132931380035339,0.055412127072898,0.00235188483892095,2.47335999287894,4.457422592,0.0619496628377114,0.0619496044745905,0.167562215045746,0.027826830967943,0.0278586516903788,0.0113705832556737,0.00222391424930224,24,0
0,4.557600256,accepted,0.70688883698862,0.0656916944109252,-0.0312013960458328,-0.10977057764325,0.299926620345723,0.0240243053259337,-0.123302662740505,0.0135964545806866,0.216216677294703,-0.388740243988175,-0.750899833881476,0.02,0.12,-0.1,2.48534885483993,0.178124277367008,-0.356950941496096,-0.653987516252489,-0.211005011038456,0.101660872140747,0.0139388924027055,2.47224157128287,4.557600256,0.0602264967806646,0.0602265351905142,0.161817430590158,0.0279269060103776,0.0280146092170369,0.0113947698156614,0.00222112872605651,25,0
0,4.65780608,accepted,1.73446463301782,0.0703910866527349,-0.0513108722583577,-0.102818224725398,0.347402226702839,-0.288633938110043,0.109784885117761,0.0138032322401846,0.216216677294703,-0.388740243988175,-0.757916409627249,0,-0.04,0.06,2.47836753783195,0.184916580893728,-0.36955208261756,-0.649237641458904,-0.247454853567949,0.165455634618946,-0.0297389962253345,2.46577431582788,4.65780608,0.0583977160708108,0.0583976367014006,0.156337172744585,0.0255171365482475,0.02559290818649,0.0110641573579886,0.00221503576431693,26,0
0,4.758011136,accepted,1.39795831717212,0.0750300770728178,-0.0450547416048573,-0.107563580732607,0.376149454470502,-0.165114201849586,-0.0268420703124938,0.0137083356309846,0.224532703240567,-0.399847106787126,-0.764932931596405,0.02,-0.09,-0.12,2.47836753783195,0.189589970213494,-0.372909784409936,-0.663812454227553,-0.256679219040954,0.0309193622808513,-0.0911336963765234,2.46607150809098,4.758011136,0.0567331154910119,0.0567334175334233,0.151269837904061,0.0237923981683248,0.0239239211307395,0.0107046814141738,0.00221163990665262,27,0
0,4.876175872,accepted,0.445740372794859,0.0671082545898625,-0.0284210557527564,-0.0957173255538389,0.280092265676117,0.0145580051794465,0.12691209858174,0.0151949066252794,0.224532703240567,-0.399847106787126,-0.773207019743445,0.02,0.02,0,2.48534885483993,0.175527942974203,-0.371870065548677,-0.674928416148077,-0.218552874070947,0.00699332487162147,-0.117909921776512,2.47110799169827,4.876175872,0.0560296002399235,0.0560301690597233,0.147275188658935,0.0272146008576748,0.0273091717214797,0.0111979630330515,0.00223989054309466,28,0
0,4.9563136,accepted,0.265127251957853,0.0653354920548308,-0.0353290705082421,-0.0939188980425323,0.0626663931925779,-0.0866711601347668,0.196457503688332,0.0153576670719282,0.224532703727424,-0.410953971584449,-0.778818394573378,-0.12,-0.15,0.07,2.48709418409192,0.165684206290845,-0.382149427798143,-0.678455031903485,-0.171452608601387,-0.0771066077708704,-0.114185870668281,2.47299303821305,4.9563136,0.054722753234472,0.0547235909679216,0.142967200571637,0.0280090112291847,0.028056198884307,0.0112475075270407,0.0022066990324206,29,0
0,5.058450176,accepted,0.90991603826107,0.0771456217198603,-0.00904042750065459,-0.0978183278748759,0.263326047172886,0.359593488698093,0.027398085205982,0.0139296309608183,0.232848731287628,-0.399847106250127,-0.785970164733143,0.22,0.29,-0.07,2.48883951334391,0.175308680767832,-0.368775013301294,-0.689901564427084,0.000243945023338077,-0.0110903376574126,-0.0953255577027235,2.47597884549098,5.058450176,0.0540053613530337,0.0540065731989387,0.139368448537171,0.0301742876065392,0.0302339558838487,0.0114945408202517,0.00220982909308199,30,0
0,5.15861888,accepted,0.798054656963478,0.0557358725577232,-0.0226915602122064,-0.093961318495375,-0.292577700821705,0.0663088629899326,0.190379185965244,0.0137587465418281,0.241164755463561,-0.399847106240451,-0.792984141275788,-0.16,-0.05,0.06,2.4923301718479,0.161680794639993,-0.372108206309733,-0.688568921261756,0.0673975824601473,-0.101134278983249,-0.113671789967449,2.47932026300379,5.15861888,0.0530386462358065,0.0530398581810742,0.135803401740068,0.0294133133818715,0.0294908370998661,0.0114237459952729,0.00220646724641156,31,0
0,5.258813952,accepted,0.296364680293821,0.0698482453968107,-0.0269032179191739,-0.096017284382212,-0.0112436198792305,-0.0519784572351708,0.163026871734486,0.0156565324883484,0.241164755463561,-0.399847106240451,-0.799999964148924,0.09,-0.04,-0.01,2.4940755010999,0.172711859462336,-0.380155502901543,-0.690038017034515,0.0982572345153595,-0.00322175718497983,-0.153458324973205,2.47939278183134,5.258813952,0.0517126490918328,0.051713616808057,0.132157972049098,0.0259468315330727,0.0260341640230462,0.0109054020844274,0.00220301014411601,32,0
0,5.356980736,accepted,0.534574491816092,0.0772505398655664,-0.00160619204880635,-0.0704748235033754,0.0588770530947911,0.226342396653674,0.205927618526998,0.0147014404050974,0.257796808787666,-0.3776333780781,-0.778351630332281,0.14,0.26,0.03,2.4923301718479,0.187578609874501,-0.360601729388944,-0.697762552336956,0.0913131255737598,0.070943742362626,-0.162432746026261,2.47891982583957,5.356980736,0.0510481331520284,0.0510490705770414,0.129167022021148,0.0268902650989283,0.0269506518898191,0.0110124511076111,0.00219547895083408,33,0
0,5.455131648,accepted,0.644560645634578,0.0607853652912282,-0.0123854081733291,-0.042842691870404,-0.0887615408916544,-0.0277366151163478,0.239515195655204,0.0154760201928377,0.257796808308111,-0.366526513704293,-0.756706647968073,-0.01,0.04,0.1,2.49582083035189,0.189137876162715,-0.357804674363923,-0.689898081630836,0.0549857773935347,0.0599153370783103,-0.111576986302855,2.48148046968054,5.455131648,0.0498520991691964,0.0498527697628976,0.125904747324171,0.0244271193614441,0.0244586279921755,0.0105112014791515,0.00218692720040094,34,0
0,5.557265408,accepted,0.519554216503793,0.057376607768062,-0.00856356526081065,-0.0359910848038695,-0.305301659259894,-0.0503342877080083,0.0374827106960647,0.0157595629682312,0.257796808308111,-0.366526513704293,-0.734183337802698,-0.13,-0.12,0.01,2.49756615960389,0.181747910859852,-0.361711872242292,-0.697192859300535,0.126408640810006,-0.077787548738051,-0.0245014915553473,2.48253048226512,5.557265408,0.0493745642066061,0.0493753834603717,0.123374000203942,0.0259958473568213,0.0260500515072045,0.010634638411347,0.002182276507603,35,0
0,5.655432704,accepted,0.917626411809685,0.0572226910323438,0.0022606373269497,-0.00805137963012503,-0.18076123135671,0.169148927128747,0.203011116079542,0.0165180535254352,0.24948078026105,-0.366526514241293,-0.712534742314737,0,0.09,0.13,2.49931148885588,0.173884807557431,-0.34959139035404,-0.683144285226696,0.133546244179297,-0.0346153239673651,-0.0489599315786888,2.48422601062141,5.655432704,0.0483107485222905,0.0483120054669251,0.120461436965224,0.0233562895033335,0.0234158049294027,0.0101622303728035,0.00216929158328528,36,0
0,5.757658368,accepted,1.58247503632846,0.0546487934466995,-0.000478740664684008,0.00447975902093167,-0.266866965673874,0.0940231017710351,0.301643864213759,0.0153706032984822,0.241164754175925,-0.355419649894412,-0.689991164783336,-0.11,0.01,0.14,2.49931148885588,0.159786244278315,-0.344790241131792,-0.662747196119528,0.0926713484359829,-0.0607841141666021,-0.127585101434425,2.48473155332192,5.757658368,0.0474321609436758,0.0474335791711284,0.117798937190867,0.0214291334279015,0.0214591199560865,0.00977244558233749,0.00216123264907518,37,0
0,5.869842944,accepted,0.439000801854112,0.059737964923899,0.00104292466466166,0.010129751230846,-0.127072834383502,0.182817261506699,0.0962342918884129,0.0168661090049187,0.241164754175925,-0.355419649894412,-0.665251372563617,0,0.12,-0.07,2.50454747661186,0.172458115995294,-0.340464701297736,-0.6669181470044,0.103199791188601,-0.0277730527798769,-0.15725815291276,2.48906430924479,5.869842944,0.047015356362776,0.0470160537217317,0.115682813079861,0.0215712906085512,0.0216047064628013,0.00969349176649907,0.00216615826390868,38,0
0,5.955999744,accepted,1.54283899148409,0.043506157685057,-0.0205938796769335,0.0292778216176567,-0.407934575627584,-0.250645583202885,0.211502892796055,0.0167471029485355,0.232848730230235,-0.366526514265507,-0.646251422603328,-0.17,-0.33,0.17,2.50454747661186,0.164136538358939,-0.36294486007851,-0.66146995300274,0.178594228597074,-0.115355906360645,-0.0271240851729694,2.48782941523353,5.955999744,0.0463740199222445,0.0463746808476884,0.113434337595075,0.0223932184767019,0.0224801277261059,0.00967670927313263,0.00213295344767758,39,0
0,6.05812096,accepted,0.742530797740529,0.0468100702132083,-0.0116510277992703,0.0409259253517382,-0.170298390578275,-0.0482362411979427,0.216632086131385,0.0176024606214491,0.232848730940032,-0.388740243695435,-0.62373087873582,0.1,-0.22,0.19,2.50454747661186,0.169199197637404,-0.382553695199555,-0.640369268147159,0.22959474725608,-0.182208010113753,-0.0030549597360083,2.48749695732589,6.05812096,0.0456180594431339,0.0456190554520576,0.111165187874407,0.0209174783514276,0.0210050062611596,0.0093225256628387,0.00212000409529877,40,0
0,6.158219264,accepted,3.01758117584495,0.0401391755851626,0.00276970627738915,0.0370789969103211,-0.387067791940305,0.400450028199559,0.181393531028302,0.0171922298963656,0.232848731287628,-0.399847106250127,-0.601656442741103,-0.1,0.15,0.17,2.50629280586386,0.154188022952309,-0.361306236603765,-0.618853679772021,0.201879563624687,-0.161888731453118,0.0111165151168258,2.49070660403131,6.158219264,0.0448881901652945,0.0448894212345938,0.108985971635095,0.019696043275202,0.0197538485475269,0.00898757540302583,0.00210226106668838,41,0
0,6.256422144,accepted,2.49149278881644,0.0372775053188862,-0.0256538405988874,0.0419510048084848,-0.416066659456837,0.122187216770583,0.287776114593967,0.0160303812431297,0.207900652051334,-0.399847107416825,-0.580000000000005,-0.26,-0.02,0.21,2.50803813511585,0.130613576434649,-0.362874332941782,-0.59116224982155,0.0699089444222487,-0.116507356978106,-0.0477284824053518,2.49253842016266,6.256422144,0.0441802311384429,0.0441812602299973,0.106892335585334,0.0184294318412302,0.0184517380262135,0.00864982324254299,0.0020844045033535,42,0
0,6.356606208,accepted,0.725085595978422,0.0443519073904577,-0.0335478822633421,0.0499818936210779,-0.228747470451345,0.10126846135578,0.148869318426046,0.0166210113867575,0.182952574460314,-0.410953972775361,-0.546992349968683,-0.07,-0.04,0.11,2.50978346436785,0.119816349992322,-0.369562637473972,-0.581879438042068,0.116917099692938,-0.122632194163805,-0.0247626776609829,2.49416663687718,6.356606208,0.0436378130791059,0.0436392186804316,0.105040291171626,0.0181242841121546,0.0181664972437421,0.00845822727440485,0.00206850622852117,43,0
0,6.456764672,accepted,1.68425219563607,0.0397098248159747,-0.0539735798847827,0.0761909004347135,-0.267624097490242,-0.0978157557177265,0.340329123505243,0.0168767926899474,0.174636549058614,-0.433167701783925,-0.513993134371013,-0.12,-0.13,0.18,2.51152879361984,0.113311723618401,-0.389222659033908,-0.557725314823628,0.101086555158211,-0.048779455878842,-0.131858557920034,2.4956681776134,6.456764672,0.0431576153153585,0.0431588038462564,0.103315124457009,0.0175419390699433,0.0175914228108347,0.00828605333207743,0.00205248825710778,44,0
0,6.556908544,accepted,3.45048027379991,0.0179507502454514,-0.0575382532017364,0.0873586495046482,-0.516826838788893,0.13771800227748,0.295905802417823,0.0167249082032823,0.149688469623012,-0.455381431609018,-0.480998726400522,-0.25,0,0.21,2.51327412287183,0.082795827261938,-0.386518857139795,-0.536071404607904,0.16688188717476,-0.111142016887041,-0.0554309861045865,2.49766840519332,6.556908544,0.0425926330422619,0.0425942289007728,0.101551491590311,0.0170938255720355,0.0171965794517832,0.00805811492507755,0.00203349554243444,45,0
0,6.65903232,accepted,1.80486077445053,0.0354739516129953,-0.0669145170787979,0.0930786661700009,-0.243985758473322,-0.0315429749624501,0.351419958956658,0.0151274833604353,0.133056419815137,-0.46648829418173,-0.447351999331381,-0.11,-0.15,0.3,2.51327412287183,0.0756111661961919,-0.404608946777171,-0.502546056576982,0.0873601768614296,-0.124049853038953,-0.0194839765100384,2.49882534123801,6.65903232,0.0420945525164294,0.0420958647114663,0.099911660047263,0.0166256222310512,0.0166722099089325,0.00781812661582881,0.00201838993601622,46,0
0,6.759232512,accepted,2.11458438320818,0.0378582353250349,-0.0541115160837514,0.080980679457922,-0.136380470317003,0.267487017837157,0.35670156121821,0.0149105719219573,0.133056419788764,-0.47759515949665,-0.414339035606858,0.05,0.06,0.41,2.51501945212383,0.083582746328936,-0.400465234908419,-0.457538973989592,0.160014930438237,-0.158111158113868,0.0851512047542364,2.50161233967487,6.759232512,0.0415948063267968,0.0415958969698166,0.0983196065709516,0.016333703928846,0.0163834501146088,0.00761623338911926,0.00199943170793851,47,0
0,6.875410432,accepted,2.51678499031745,0.00883186371395976,-0.0687329100586973,0.0717676979379446,-0.407706422267744,0.198816809250638,0.251867570175389,0.0154694553856465,0.108108340122919,-0.48870202357092,-0.376061888807072,-0.24,0.01,0.4,2.51676478137582,0.0612807166003211,-0.403509057169197,-0.420645841247578,0.0924793834482592,-0.1523941376005,0.171785459569284,2.5019118158197,6.875410432,0.0413747981727062,0.0413758409728302,0.0970811369038671,0.0163709239860559,0.0163954721359612,0.00747605820270262,0.00199780951998634,48,0
0,6.957555456,accepted,2.47856049374671,0.0033045564340158,-0.104169436150776,0.0533678791607834,-0.400057671492675,0.018173996790886,0.319682377417716,0.0148142747480695,0.0748442366096678,-0.522022617337398,-0.348997562448673,-0.26,-0.13,0.52,2.51851011062782,0.0364059153638481,-0.419466324431539,-0.370228259172781,0.0707732826903775,-0.145057360376615,0.227491373920637,2.50412850852547,6.957555456,0.0406478900757979,0.0406489487623375,0.0953337080286166,0.0155730789388783,0.0156040590363046,0.00722015815852281,0.0019585584027275,49,0
0,7.059693312,accepted,1.20729670029309,0.0117168562353521,-0.11436311432152,0.0335997348390774,-0.147573400404722,0.311737108214231,0.093964727498386,0.0153605747030259,0.0498961561330016,-0.544236345266546,-0.315346196441027,-0.04,0.19,0.35,2.52025543987981,0.0254004937325171,-0.405813101625322,-0.338938561819083,0.0822358246298348,-0.0692358766961006,0.264606033624651,2.5064084247227,7.059693312,0.0402567853656382,0.0402581508897087,0.0939939590901452,0.0152697610741499,0.0153016912842528,0.00705108155722292,0.00194191315793371,50,0
0,7.157860352,accepted,1.53055887405853,-0.0156966217694223,-0.157642602709928,0.0284126376197177,-0.332962680650611,-0.107995312922166,0.191631238321446,0.0130680605237377,0.0166320526461229,-0.566450074412806,-0.283003095437152,-0.32,-0.08,0.44,2.52025543987981,0.00254145889968475,-0.42317861478055,-0.292126992173611,-0.042616062087473,0.00921164394697566,0.264033496611931,2.50847768588331,7.157860352,0.0398276177873953,0.0398285524048169,0.0926494222473002,0.014824386460536,0.0148295980261549,0.00686288257285242,0.00192134070356149,51,0
0,7.258030592,accepted,1.2665363073945,-0.0318131214645584,-0.177237552326282,0.0119855387775453,-0.327463413845111,-0.0315820204621837,0.151096344514999,0.0131886065517302,-0.0332641045270618,-0.599770665540883,-0.25,-0.3,-0.03,0.45,2.52200076913181,-0.0310639480493405,-0.430768183455566,-0.24710021373701,-0.0262556221749753,-0.00457405907645131,0.311306995712851,2.50996336508995,7.258030592,0.039450808699966,0.0394519431181972,0.091399958908739,0.0145574336924371,0.0145654560183178,0.00671541175352424,0.00190261079767549,52,0
0,7.358208256,accepted,1.2118577396921,-0.0453759483790288,-0.20166879869361,0.0200974010462452,-0.252297809587021,-0.154477476770698,0.188384871742598,0.0125690857716116,-0.0748442377736269,-0.633091259425708,-0.196247402624465,-0.23,-0.1,0.47,2.5237460983838,-0.052846747435565,-0.451022389797978,-0.197805591746413,-0.0184855402704435,0.0288232517939825,0.296377250972577,2.51227467791766,7.358208256,0.0390942504544102,0.0390951938706261,0.0902068738822582,0.0141966633735612,0.0141918613489521,0.00657374752266535,0.00188348034459689,53,0
0,7.458347776,accepted,1.74163379196276,-0.0700316847825307,-0.19562031506537,0.0271558488598268,-0.335904016310674,0.122855850556118,0.221856013463217,0.0108607168131232,-0.12474039501142,-0.644198122425374,-0.14251527227713,-0.3,0.16,0.46,2.5237460983838,-0.0859803670398149,-0.443956854197322,-0.147793141034534,-0.0169045504717045,0.0547333958786021,0.255165137743994,2.51435655517713,7.458347776,0.0387536115110292,0.0387547001152579,0.0890661237775595,0.0138069668833495,0.0138076259555084,0.00644114438816977,0.00186415136540433,54,0
0,7.558494976,accepted,1.33649759149526,-0.0915337404407544,-0.222134074969611,0.0396273801140227,-0.278062373578078,-0.148013852714902,0.187387380345628,0.0109120152764346,-0.182952580560193,-0.655304985102619,-0.0887790210516357,-0.35,0.01,0.34,2.52723675688779,-0.118199900951705,-0.452689358428947,-0.10970258329915,-0.11453705042775,0.134327091625389,0.166736852834218,2.51789026857285,7.558494976,0.038430496009147,0.0384313371597283,0.087975470084894,0.0134267151683247,0.0133809541283487,0.00630435673489327,0.00184425266602631,55,0
0,7.658622464,accepted,0.573856158333396,-0.107562011915138,-0.247940868472982,0.055599858218747,-0.0958570376086192,-0.174054687934316,0.120262610507811,0.00846946390105696,-0.232848739163014,-0.688625575553244,-0.0350533467467571,-0.17,-0.06,0.33,2.52723675688779,-0.136819117959987,-0.463132009529883,-0.0780885601920919,-0.0892948969237575,0.0867562312193287,0.218584870670142,2.5194153816137,7.658622464,0.0381223455478959,0.0381231845577939,0.0869316512899909,0.0132797950728706,0.0132569119794176,0.00618288763582161,0.00182481575635114,56,0
0,7.758778368,accepted,0.41192699277638,-0.127870586301971,-0.262580097014456,0.0747479187826266,-0.0790755178020286,-0.159544796245643,0.0692786085230567,0.00913927891406496,-0.282744899279152,-0.710839302936443,0.0186875748073234,-0.29,0.04,0.3,2.52898208613978,-0.165509108581342,-0.469856027505631,-0.0479483808586207,-0.223490934618202,0.17448473748495,0.235989992044415,2.52099424552333,7.758778368,0.0378285463019048,0.0378292216414636,0.0859328967158898,0.0131388277322298,0.0130900024056174,0.00605793518756842,0.00180411902236631,57,0
0,7.87497216,accepted,2.65370351140604,-0.165360719713313,-0.286441216172018,0.0768869162993823,-0.153014188584126,-0.303094105711787,-0.379736509680213,0.0088820557784226,-0.357589139720927,-0.744159892245361,0.081033988863382,-0.52,-0.19,0.32,2.52200076913181,-0.210667829428895,-0.49304100420589,-0.0303141099543263,-0.392100487668084,0.0646360734765651,0.675045603629197,2.51529022079852,7.87497216,0.0377853994323453,0.0377861082030508,0.0852392219485627,0.0138980992233832,0.0139705887768964,0.00598254542195992,0.00179635182881807,58,0
0,7.959128576,accepted,2.46951503910463,-0.173395241403622,-0.278667167201507,0.094476212254258,0.153391935127888,0.329695495301726,-0.326985792557339,0.00689688380723119,-0.415801325226997,-0.777480481085765,0.12619002230629,-0.19,0.08,0.49,2.50978346436785,-0.234356347161237,-0.478893129442922,0.00309537613183915,-0.321554867577331,-0.202686656579499,0.796581579195052,2.50292676510516,7.959128576,0.0372698512001768,0.0372703634971363,0.0840509675158174,0.0135061729427315,0.0134980778404658,0.00583485423485224,0.00176155225026157,59,0
0,8.157306112,accepted,0.466507809700243,-0.237453146324798,-0.29123987103936,0.070747905543543,0.208806010592036,0.0038388647501553,0.0754391791171575,0.00970509696058874,-0.532225698553231,-0.799694201371621,0.232526673373371,-0.14,-0.11,0.84,2.47662220857995,-0.286398682511604,-0.517217200701065,0.16870663975914,-0.32530342261462,-0.115668580834662,0.768451647685163,2.46772197299004,8.157306112,0.0388585031879842,0.0388596702119074,0.0850847335932617,0.0152316912693254,0.0152777053879042,0.00611187905776625,0.0018208603569707,60,0
0,8.357601792,accepted,2.85069328233937,-0.293536393036462,-0.338566167724977,0.021553874352722,-0.41536063790098,0.336774820440674,0.330476097192699,0.0125817694359913,-0.632018022379225,-0.866335378520344,0.339999862637391,-0.53,0.15,0.98,2.43473430653209,-0.384485743468801,-0.509280051107973,0.344555939868784,-0.170799343601911,-0.146455086081456,0.666609438402753,2.42229552921812,8.357601792,0.0408398858150897,0.0408433565053572,0.086338926333233,0.0167883205630882,0.0167652105995068,0.00641101229488119,0.00187567270748684,61,0
0,8.45775744,accepted,0.540390408375971,-0.282285787409009,-0.365207757576176,0.093415379651667,0.00892287660557675,0.135744387201974,0.199141711391091,0.0122316431578344,-0.68191418522998,-0.888549102470726,0.503320812316638,-0.14,0.02,0.89,2.43473430653209,-0.408233147541593,-0.524650686338859,0.42550955248953,-0.150698244061457,-0.103777438466404,0.699696672857576,2.42333714371675,8.45775744,0.040861844488398,0.0408650399018515,0.0857990720620805,0.0168013721953176,0.0167968670504924,0.00641304552564428,0.00184420104110147,62,0
0,8.557936896,accepted,1.18371513195089,-0.30141139672417,-0.412121765922865,0.169524919473403,-0.178845742847403,-0.358061068876771,0.206368473550629,0.0134121526522306,-0.723494323235983,-0.944083419614546,0.666680865176893,-0.25,-0.48,0.92,2.43997029428807,-0.443676775073161,-0.568654344561734,0.512194075335907,-0.09061573267634,-0.158427264620422,0.721212163698446,2.42677626015921,8.557936896,0.0410951804388374,0.0410985866804086,0.0854373274422768,0.0171627520989387,0.0171721725800035,0.00647802525375755,0.00181378101834958,63,0
0,8.658060544,accepted,6.54661364743795,-0.298009174178729,-0.365081247554714,0.258873979205115,-0.133272735907425,0.957994562628939,0.651735303683403,0.0134110132662997,-0.748442406017716,-0.955190281203305,0.829949913372182,-0.15,0.68,1.2,2.44171562354007,-0.469063496652016,-0.54110530722102,0.611554166224522,-0.0317142044913304,-0.198399230765817,0.571477330732094,2.43024171653181,8.658060544,0.0413913430566156,0.0413946052580777,0.0851422145442056,0.0172376193315528,0.0172198193227016,0.00656032480741225,0.00178387381889704,64,0
0,8.758186752,accepted,2.48714899896214,-0.341195963471117,-0.390233358999303,0.324630341143767,-0.458503964237609,0.186940273023977,0.391932933930038,0.0126911248014436,-0.814970618589926,-0.955190273594558,0.993223136093384,-0.53,-0.06,0.93,2.44346095279206,-0.521864616496679,-0.562617730337073,0.701932974573191,-0.124011351001286,-0.230685469505993,0.555739591130975,2.43055557146384,8.758186752,0.0415036022024123,0.0415062972229339,0.0847407746643511,0.0171601797654316,0.0171032348261029,0.00656126278166637,0.00175498730799648,65,0
0,8.958548992,accepted,3.60112308578945,-0.354086075980486,-0.399034223975848,0.499751691910706,-0.242017804059204,0.805905328778885,0.390387841507144,0.0151891094606951,-0.906446918575815,-0.999617720627556,1.31994866869758,-0.44,0.65,1,2.44869694054804,-0.580730827994865,-0.561896845722203,0.850599154116003,-0.222164761781714,-0.0950526141148801,0.622839883194251,2.43427940961726,8.958548992,0.0447747203666152,0.0447767024041965,0.0868523066652688,0.0197181369427827,0.0197058437729897,0.00692346906434023,0.00179889820235955,66,0
0,9.058714624,accepted,0.901168980736666,-0.369652101629564,-0.427501359163813,0.554814503278896,-0.198442051499486,-0.274488711447979,-0.0834594012781069,0.019327401913404,-0.97297513176684,-0.988510847097073,1.48328617911789,-0.41,0.04,1.13,2.45044226980004,-0.633915150052792,-0.6004756327167,0.93493659724921,-0.239144704822104,0.278010317104072,1.21266923697331,2.43249478311266,9.058714624,0.0448437926341558,0.044842253628941,0.0865446017294378,0.0207385185279938,0.0206559916880781,0.00691130461343508,0.00176669773966955,67,0
0,9.156860928,accepted,7.76624972962354,-0.334424456319454,-0.44911992638168,0.506661357411907,0.494374405657859,-0.388597100249749,-1.15596438975098,0.0230874111258084,-1.01455527224354,-1.04404516097279,1.64333082349566,-0.43,-0.84,1.86,2.44346095279206,-0.654684280974809,-0.64240226906317,1.08292885734527,-0.874916631905187,-0.507514633023626,2.9808258806091,2.42515533111609,9.156860928,0.0450903657334057,0.0450934195547815,0.0863570776343997,0.0250090312194687,0.025322105840647,0.00700721690528076,0.00172717342785159,68,0
0,9.357188096,accepted,13.2728083255761,-0.169296114299371,-0.70341292477523,0.0687571100135036,1.3497212420744,-1.53097722690107,0.0801502938385923,0.0282198222115464,-1.04781943664101,-1.42167853935775,1.96999916509481,0.15,-1.86,4.75,2.42949831877611,-0.779096326508842,-0.865006494565985,1.90487926872258,-1.0517908864108,-0.517540132777547,4.67380521783361,2.41197423398553,9.357188096,0.0496406722740637,0.0496526723570511,0.0889285510824085,0.0313659022005059,0.0324375574270016,0.00740667475564837,0.00175803480024231,69,0
0,9.457372672,accepted,5.78026405003852,-0.1630719543906,-0.670193420440457,0.0563317218507615,0.993106728555725,-0.858768708237563,0.537796665384897,0.0179256333706559,-1.05613548802357,-1.58828150079946,2.42599671795796,-0.25,-1.34,5.11,2.4329889772801,-0.83067542810925,-1.00231419778783,2.39205902936543,-1.15400065328986,-0.573872281527539,4.58648344019785,2.4207465867996,9.457372672,0.050592814553447,0.0506108667609076,0.0890873731813874,0.0302585524124138,0.0316121697563989,0.00753495053179063,0.0017230984729042,70,0
0,9.55753088,accepted,2.19172317542757,-0.158430254761237,-0.629130212312599,0.0365386561529397,0.307476112741253,-0.0675432801547056,0.735604805993326,0.0122018787949836,-1.11434769314858,-1.67713640497547,2.88187575002189,-1.04,-0.4,5.23,2.43822496503608,-0.938253158382334,-1.07739634452108,2.8776405256628,-1.31974422866591,-0.349814366993716,4.5127618834843,2.42713336281408,9.55753088,0.0514729953114885,0.0514985135254589,0.0892591731208277,0.0292076948641414,0.0308256377171136,0.00761687684464718,0.00169160456018933,71,0
0,9.657678848,accepted,4.06293627794957,-0.139488654414213,-0.57326289522541,0.0192198848195435,0.236426252234996,0.854369060578728,0.736215094720012,0.0115655270326087,-1.21414002392071,-1.67713638869381,3.33770817381096,-1.17,0.65,5.05,2.44171562354007,-1.06138528721397,-1.06510782922181,3.35173470794483,-1.38511994716014,-0.138620803913968,4.33206491788338,2.42759434039593,9.657678848,0.0523449134133304,0.0523815747046911,0.0894634011246707,0.0281010222786773,0.029558344956553,0.00769559249470854,0.00166020062223693,72,0
0,9.757827328,accepted,2.86979812892917,-0.103854913407883,-0.589578445317456,0.00727794256242476,0.566404042693262,0.132067148301608,0.719455941495872,0.0122845490268868,-1.30561632135404,-1.64381578097071,3.79354292801377,-0.84,0.42,4.97,2.44171562354007,-1.16046949234519,-1.06812548961955,3.82054338462306,-1.35528078304561,0.28927875089316,4.27054333032295,2.42842212516214,9.757827328,0.0530805534995521,0.0531258496416757,0.0896516160348293,0.0276491718338887,0.0283899605923779,0.00772523787152429,0.00162840833188196,73,0
0,9.958178048,accepted,4.79931266206037,-0.0524706332972986,-0.475945016303661,0.104026850302101,0.481635281177222,0.672136045013444,0.789530797253357,0.0108095763062774,-1.48856888528778,-1.44389219014064,4.70545712986243,-0.95,1.31,4.28,2.40506370924819,-1.38729133988176,-0.922477027649095,4.65224206092459,-1.3775224637516,0.697201351214416,3.51532524517213,2.39036798002052,9.958178048,0.0581930736402495,0.0582846721567642,0.0927168995646191,0.0273120515417296,0.0274222070305236,0.00807555042644962,0.00164973983645214,74,0
0,10.058317824,accepted,4.6134814400238,-0.0840614883420163,-0.489965135512385,0.184298358794998,0.364539082008549,0.51691128061833,0.897737547272545,0.0122131168438209,-1.60499324238794,-1.33282352335313,5.16125226703161,-0.95,1.4,3.9,2.40331837999619,-1.48562644216354,-0.815020246055978,5.03742404764827,-1.2760067467228,0.92146262578728,3.03072952542955,2.38862757185628,10.058317824,0.0581595663792473,0.0582442475504116,0.0927316877389236,0.0254407452233064,0.0250153913548093,0.00808447421417519,0.00161730678401483,75,0
0,10.158470656,accepted,6.26461453113494,-0.10567322463138,-0.461044653102608,0.299848707565394,0.335790373125693,0.813011942876312,0.956417378008474,0.0139061192962666,-1.72141758708752,-1.17732739783777,5.61710682975124,-0.99,1.86,3.53,2.41204502625616,-1.58537085764361,-0.661453939152942,5.38391701148452,-1.29222855820372,1.10799710718949,2.60268544489567,2.39531659354592,10.158470656,0.0581789297157465,0.0582562403000508,0.0927726193002734,0.0239180759409571,0.0233965631891165,0.00811701274428116,0.00158977445888425,76,0
0,10.258665728,accepted,4.40170902536509,-0.126605031176583,-0.480332488150755,0.445645781636857,0.362481785174627,0.625453189601153,0.817109023555736,0.0143733366872967,-1.84615795148323,-1.02183126682048,6.07315365160468,-1.02,1.92,3.05,2.41379035550816,-1.68970417299467,-0.507858655732436,5.6877673148397,-1.35024088098606,1.33496443299743,2.25817239976738,2.39695918655468,10.258665728,0.0582694177947628,0.0583411221515433,0.0928551926521354,0.022984335700886,0.0223046823185063,0.00814940565063804,0.00155929494849432,77,0
0,10.356839424,accepted,3.46204920191546,-0.152102041489987,-0.475831940876195,0.629830781506771,0.292101982951702,0.615659655993809,0.680479504268853,0.0158694792532543,-1.97921432981837,-0.844121405007712,6.52,-1.15,2.12,2.57,2.41553568476015,-1.80606979801178,-0.33721239731735,5.94580137663779,-1.41818457131736,1.54115467408515,1.91072505508185,2.39761090584316,10.356839424,0.0583123838946932,0.0583791669875803,0.0929042676065585,0.0221573161253772,0.0213782332277003,0.00817546976795072,0.00152707529566881,78,0
0,10.459021824,accepted,2.83648039596885,-0.175864990130025,-0.485353044487445,0.559660981867005,0.110677113138254,0.408318979306308,0.751859611359496,0.0181012975628736,-2.12890275343614,-0.655304670592096,6.68051903242704,-1.35,2.16,2.26,2.39808239224021,-1.948737217005,-0.158642768604227,6.17892035265015,-1.45259784547628,1.76984014099216,1.53120120331096,2.37932488824086,10.459021824,0.0585508123657162,0.0586145567890294,0.0930989526966055,0.0215763282990621,0.0205227938494238,0.00820526303294191,0.00148045086789362,79,0
0,10.559169536,accepted,3.25061026706658,-0.198090425422745,-0.460627620890778,0.514596244004949,-0.139658089328043,0.776181197223683,0.596303297007284,0.0176188437450682,-2.2952232081997,-0.433167336019328,6.83784175953095,-1.64,2.66,1.9,2.36143047794833,-2.11426264734611,0.0644617202767203,6.36760239803728,-1.5104311486239,1.92258423390626,1.31823206451064,2.34353842146519,10.559169536,0.0588822808135816,0.0589418471787322,0.0933385273680785,0.0211510262835942,0.0201439834378409,0.00823846903927097,0.00141652677630036,80,0
0,10.659285248,accepted,2.00367708065024,-0.210723657918642,-0.452079329233222,0.511644740179099,0.0286730036470426,0.548839680295068,0.508906336991849,0.0178431053332222,-2.47817569868824,-0.188816262323146,6.99511421761555,-1.52,2.6,1.55,2.3387411976724,-2.27271540321878,0.284082701979331,6.52370047583825,-1.54855704573421,2.07595660713415,1.05473908430576,2.32045144448399,10.659285248,0.0591611017128986,0.0592153350457439,0.0935709879369903,0.0207232760763845,0.0197109391117446,0.00823761535142576,0.00137446366061173,81,0
0,10.757385216,accepted,4.88484418377985,-0.225669606686857,-0.429235043472916,0.528728358492634,-0.132871931839279,0.923158762876861,0.876024370286031,0.0194562178357724,-2.63618009804859,0.0555348061629287,7.14922012963643,-1.26,2.84,1.77,2.33001455141243,-2.4281687828846,0.527653374177119,6.67713296429696,-1.1379025936598,1.95837796001438,0.914103505682656,2.3116034063779,10.757385216,0.0595068834843971,0.0595605982782879,0.0938315500960811,0.0199720984702855,0.0192640947136414,0.00828735413312908,0.00135036280444423,82,0
0,10.957688832,accepted,2.00076934759471,-0.283803189091503,-0.426936754358049,0.575051052861173,0.0296650194456243,0.501597744969508,0.578557149033785,0.0210378553712776,-2.93555683753227,0.49980949000657,7.46387845271319,-1.16,2.56,1.86,2.32826922216044,-2.66161930738836,0.945641766888478,6.9350833780358,-1.19265980240821,2.08061391794866,1.29726828976321,2.30816942209275,10.957688832,0.0645549787673424,0.0645750244991972,0.097634731342755,0.021878313864282,0.0214301307096111,0.00854010069892165,0.00137463080377145,83,0
0,11.05784576,accepted,1.26323515361294,-0.290241751835713,-0.450466645128792,0.549795084789779,0.00371016573928218,0.185209273364828,0.524489063978888,0.0209695925862423,-3.06861315216009,0.699733102466115,7.62121565729464,-1.12,2.22,1.94,2.33001455141243,-2.79075461613434,1.14383906149924,7.11669803250159,-1.12865748993803,2.03724001085782,1.4320692581495,2.31006679529531,11.05784576,0.0644292631739045,0.0644431898947497,0.0977816277985255,0.0215731598187856,0.0213337433583196,0.00849592126786339,0.00135606440069085,84,0
0,11.158009088,accepted,2.00179555191576,-0.291760252250956,-0.441423678772893,0.504475336583885,0.356811292419302,0.483850611181135,0.444317731308214,0.0207380514508499,-3.20998547795287,0.91076358521826,7.77856291567997,-0.96,2.52,2.1,2.33175988066442,-2.90046794067859,1.37219975651897,7.31312275440558,-1.29686124977149,2.05977394839759,1.66887880507884,2.31179141565724,11.158009088,0.0643546260951704,0.0643594458218675,0.0979453238373071,0.0215365576536177,0.0213508551579946,0.00842859452076042,0.001338554526537,85,0
0,11.258122496,accepted,2.09868049195253,-0.310381063868078,-0.457916737345223,0.455236603764799,0.0260135588783217,0.324419718696106,0.681379148065056,0.0186061913239022,-3.3430417735064,1.12179406486165,7.93583175439518,-1.39,2.44,2.3,2.33175988066442,-3.04330354181346,1.58503152558711,7.53380620276246,-1.41891798867721,2.12708419539355,1.63856445921652,2.31388141776299,11.258122496,0.0642499044382005,0.0642500089992094,0.0980779467106668,0.021123618475742,0.0209529459625131,0.0083497327230515,0.00132282630700612,86,0
0,11.356261888,accepted,3.05892574386904,-0.300733972441561,-0.467988620814407,0.414020314427566,0.469800602730251,0.230246877163937,0.836735110024873,0.0165635885139879,-3.48441408855503,1.32171768872902,8.08999959784785,-1.01,2.3,2.04,2.32128790515246,-3.16007676349695,1.78440141811654,7.73325256558504,-1.45579794619852,2.07261664178933,1.2257608156448,2.30548898544019,11.356261888,0.0643154042830181,0.0643130428771053,0.0982603016261696,0.0203767324257134,0.0202031925369253,0.00831268441432146,0.00130745310533654,87,0
0,11.458395904,accepted,2.40545704195619,-0.296381929414806,-0.480689538401529,0.264508492713777,0.662476578781015,0.341508705481824,0.523451079619931,0.0155390983874906,-3.6091543535773,1.51053444256162,8.11243474918003,-0.85,2.32,1.64,2.31081592964049,-3.2793288319609,1.99258851207255,7.88149912308696,-1.48069206855791,1.98716230364861,1.12940613778112,2.29644618356098,11.458395904,0.0647180249543557,0.0647147008952744,0.0986871531373896,0.0203434826293224,0.0201048872126494,0.0083117404540654,0.00129441371639688,88,0
0,11.558555136,accepted,2.49391519813397,-0.343185580775984,-0.460652520448846,0.150620200133864,-0.11924035562796,0.759304296523637,0.480686460826744,0.0163176751245109,-3.7671586968108,1.72156494495764,8.13443577262206,-1.57,2.57,1.47,2.29859862487653,-3.44765634522868,2.21626885566419,8.01244432078708,-1.46275484273074,1.84412662077587,0.999521791553559,2.28278400784084,11.558555136,0.0649081542566462,0.0649043332583372,0.0989814872026091,0.0203207150251328,0.0198632990731001,0.00831317194602655,0.00127886705626099,89,0
0,11.658692864,accepted,2.58598569018062,-0.324320266775027,-0.492681907956348,0.042127036051486,0.682547545562287,-0.160503385220655,0.548302673615166,0.0175960847120966,-3.92516304270701,1.91038172153985,8.15643207248546,-0.87,1.73,1.55,2.26369203983665,-3.56038519034072,2.36757737532008,8.14919203807862,-1.51480499618298,1.87079942302667,1.01702712691692,2.24826077932137,11.658692864,0.0649223593484385,0.0649206048397453,0.0991758953134393,0.020178459080389,0.0197133249726172,0.00824093029628928,0.00126227194848562,90,0
0,11.7588544,accepted,3.61164457552157,-0.327906051278939,-0.501642071384963,-0.0684062962004255,0.818860453191255,-0.234421332130135,0.636394661736067,0.0146585181287184,-4.04158728848289,2.05477102107596,8.17843360202521,-0.63,1.66,1.59,2.22180413778878,-3.66241456594239,2.51468379267567,8.28492199488662,-1.40295309413047,1.87027671493557,0.970751677201971,2.20944225490615,11.7588544,0.0649293549945391,0.064930897025738,0.0993586942133775,0.0199770377854114,0.0194781410994382,0.00816653263076095,0.00124647211691707,91,0
0,11.95921792,accepted,3.23100699805674,-0.356043949038288,-0.441153282322444,-0.223600024137927,0.761072520501836,0.0154892920483134,0.6615235511318,0.0142010207219507,-4.29106775993162,2.43240455070876,8.22244554593118,-0.58,1.78,1.27,2.153736296961,-3.8867056329664,2.85322368401094,8.48239537933858,-1.29769522274913,1.75635597912426,0.624549297096947,2.14231855254796,11.95921792,0.0699518018744775,0.0699525288293712,0.103435754074851,0.0212009244154138,0.0204053804631634,0.00835006933484731,0.00126433832077549,92,0
0,12.057362944,accepted,1.88072224137675,-0.417366007502502,-0.406490202301804,-0.3126090933927,0.602308491551219,0.283824099443195,0.283625646406615,0.0126752745062095,-4.43244002940271,2.62122132874907,8.24400412750799,-0.84,2.22,1.09,2.14675497995302,-3.98137056244125,3.03345592596796,8.56676760864752,-1.40907306016756,1.9468741407318,0.811919632654219,2.13618133140407,12.057362944,0.0693992174049782,0.0693974519295938,0.103362660931967,0.020816295787496,0.0202251040380134,0.00820701578408773,0.00124654854661898,93,0
0,12.15749504,accepted,3.6022838679672,-0.447532439512289,-0.466722728084453,-0.377729663123912,0.11273695055803,-0.656837207788863,0.570723670776589,0.0112244534650996,-4.56549630460384,2.7545037835249,8.26599919024366,-1.06,1.1,1.24,2.15024563845701,-4.12393191978622,3.11917073730288,8.69034522497181,-1.17121070856338,1.68816852274351,0.690982270653815,2.13884692866667,12.15749504,0.0680209624154822,0.0680250099643052,0.102776684536833,0.0200945095601709,0.0193231547406517,0.00806275879329114,0.00122678591718261,94,0
0,12.257655296,accepted,2.71869767036307,-0.446370791288363,-0.351202836396932,-0.466917838248337,0.179084554832019,0.748808510360764,0.392843656439929,0.0140721482531467,-4.67360448907437,2.92110681667437,8.28800043861801,-0.76,2.13,1.07,2.155481626213,-4.23253824870763,3.32184828642138,8.76785179870062,-0.932013284639545,1.42445523623718,0.683962423819887,2.14443270849518,12.257655296,0.0676089000157339,0.0676119335289004,0.102716712771874,0.0204441853561263,0.019238682166623,0.00805441071267129,0.00120286531784342,95,0
0,12.357807104,accepted,2.40827075895643,-0.445306138253167,-0.363324843671088,-0.524474159220212,0.238661115431001,0.441151447295407,0.570378849163413,0.011126427203187,-4.77339663707671,3.09881671083716,8.30999983130077,-0.68,1.8,1.2,2.15722695546499,-4.32599496177321,3.48764919355291,8.86300537994601,-0.906841779153567,1.38401331731809,0.643009706786666,2.14880252938937,12.357807104,0.0670055748030699,0.0670085444832209,0.102509343387657,0.0200601834885276,0.0187794722808713,0.00793856254482693,0.00117691552554844,96,0
0,12.457998336,accepted,0.871948106665985,-0.465625384657645,-0.374399973925909,-0.662854437290681,-0.0371262927489667,0.179726719035746,0.300088904439411,0.0111629937910562,-4.88150482252369,3.24320601914357,8.26798402536474,-0.92,1.35,1.01,2.16071761396898,-4.44098974929729,3.62014203865524,8.93927062790273,-0.892950753425942,1.17819681428051,0.716579307372802,2.15027990981782,12.457998336,0.0661096044033398,0.0661100619993485,0.10208023917737,0.0199996573636106,0.01829386670009,0.0078320292681722,0.00115131924189882,97,0
0,12.55812736,accepted,2.03553280281266,-0.485863308287035,-0.344253355215574,-0.780310029081848,-0.07446701858228,0.426314267489252,0.444032803758369,0.0104830276030961,-5.01456107223515,3.38759534618381,8.22599381627022,-0.93,1.51,1.05,2.155481626213,-4.55871117685542,3.76215753809343,9.02397220901851,-0.868089720730092,1.11131400328898,0.616806250284667,2.14615482703656,12.55812736,0.0652593456440951,0.0652587568560632,0.101624913223861,0.0193976591514007,0.0176722525706128,0.00768970612383631,0.00112928315447677,98,0
0,12.658240256,accepted,2.62003774288653,-0.451597837584769,-0.336518337908215,-0.901384487639778,0.316167772688646,0.513988505721734,0.426294271730141,0.010776164318413,-5.09772118637899,3.53198463941658,8.18401037063015,-0.53,1.47,1.01,2.155481626213,-4.63585365968554,3.9047085465226,9.09592408601284,-0.825536015961032,0.98943119720644,0.591886835999925,2.14866279073164,12.658240256,0.0646337072453014,0.0646309420309645,0.101283775462859,0.0192047187520406,0.0172476803146595,0.00758912769314909,0.00110589528496567,99,0
0,12.758396416,accepted,2.39895514927073,-0.472177051356085,-0.345568237192226,-1.01319706234345,0.324982591662443,0.43132454436776,0.37890152683706,0.00664811118186082,-5.1891973345905,3.65416021393054,8.14200878175514,-0.43,1.25,0.9,2.15722695546499,-4.70470417271362,4.03037219416847,9.16178919175556,-0.732001096313887,0.848408438504974,0.528251414022236,2.15469930906401,12.758396416,0.0638738495094556,0.0638675342294773,0.100810789712853,0.0188945025270513,0.0167730994998965,0.00748229014034896,0.00107987679102886,100,0
0,12.958747648,accepted,3.70894400412634,-0.524789665777442,-0.311158137835473,-1.16184815054849,0.00502691543260469,0.473189406487394,0.614359454600463,0.00423465345829488,-5.38046565722157,3.87629763945931,8.05798928582931,-0.84,1.21,0.75,2.16420827247297,-4.87968872981276,4.23521982546624,9.25393531781258,-0.851330210556167,0.774640785214635,0.15413006123164,2.16161857722646,12.958747648,0.0669901434947828,0.0669875730228834,0.10381241319208,0.0190284542761242,0.0167390788805828,0.00745175930830496,0.00107818612636785,101,0
0,13.058885632,accepted,3.39405915089775,-0.47137233798723,-0.341560411628595,-1.25170254532406,0.55835774976979,-0.0411247260962313,0.529893628919492,0.00373732756635992,-5.43867773782056,3.96515259800641,8.0159953192601,-0.33,0.63,0.69,2.16769893097696,-4.92625569952782,4.28860176605095,9.2862189253057,-0.845794915272831,0.664722260172205,0.172143479677365,2.16856980726019,13.058885632,0.0658611233659853,0.0658565717665318,0.103106608597692,0.0184275845159103,0.0161451971677117,0.00728152274853115,0.00105155120526905,102,0
0,13.157003776,accepted,3.41201484251702,-0.492971846184146,-0.300837784447468,-1.32048842006863,0.250918802550377,0.314132117845449,0.551761446158616,-0.000782304133480238,-5.50520583837958,4.05400756360957,7.9748483948426,-0.68,0.93,0.62,2.16944426022895,-5.00104574752497,4.3852893841415,9.32506676253209,-0.910974155223273,0.641653674429747,0.0852034687157483,2.17337801261492,13.157003776,0.0641811186422131,0.0641659405644943,0.101892220608866,0.0172387618558113,0.0151906081478807,0.00702886275792292,0.00102600456392517,103,0
0,13.259155968,accepted,3.69894510996856,-0.479376614207788,-0.313394365423335,-1.39941724709596,0.503204681442559,0.043389475622863,0.525736210680106,-0.00444906285137936,-5.5800499554161,4.14286253488291,7.93200974796291,-0.47,0.76,0.57,2.16944426022895,-5.06000072134862,4.44989743773067,9.35372628224584,-0.932599436064157,0.717001030665334,0.0582363578150188,2.1778773978446,13.259155968,0.0629913192178602,0.0629704061929777,0.101000218866392,0.0160940127844718,0.0145383434013777,0.00678683443932869,0.00100995058187429,104,0
0,13.359332096,accepted,3.27644399883968,-0.497480356910317,-0.308635842533463,-1.46643863507445,0.340528469996554,-0.065579944288647,0.508096767431394,-0.00665487226226302,-5.64657807925911,4.19839690913795,7.88999948773522,-0.58,0.43,0.5,2.17293491873294,-5.12373188013419,4.48719536428857,9.38436066253792,-0.891346273218535,0.486243242740238,0.00808484928743648,2.18272366070992,13.359332096,0.0614711053143637,0.0614300838812466,0.0997381909307379,0.0155283057755968,0.0137738054085221,0.0066101921505903,0.000988688892860744,105,0
0,13.457479424,accepted,1.75979241789112,-0.521352876892116,-0.284544768267321,-1.59567126929325,0.221936612659033,0.121684599603701,0.265860002714971,-0.0100694817202283,-5.72973824185649,4.25393129629766,7.79180140468124,-0.55,0.58,0.37,2.17468024798493,-5.2018020225108,4.54352653187786,9.37983150660676,-0.756464697829822,0.4666322038987,0.108256537500265,2.18684433337209,13.457479424,0.0601063471977297,0.0600503072737527,0.0985308934730802,0.014709473710229,0.0132838748222838,0.00641034734115883,0.000968289437961034,106,0
0,13.557607168,accepted,1.37369418288421,-0.549094754928845,-0.282976693768122,-1.71521859653542,0.0253818652085172,-0.218587225756652,0.0555206961543697,-0.0121000063306393,-5.8295304451584,4.3094656983348,7.69162188149215,-0.81,0.41,0.41,2.17642557723693,-5.29753787446404,4.54744578808761,9.37475445151322,-0.839964050879016,0.601363841954885,0.350103617977545,2.18791523273364,13.557607168,0.0583242312410966,0.0582506848523233,0.0968754319118845,0.013381722456019,0.0125261277812386,0.00609005391628168,0.00095121503534678,107,0
0,13.657768448,accepted,1.21183707759891,-0.546296677093565,-0.248914506967405,-1.81626967233453,0.0598955899098043,-0.118465269027465,0.0539242452167251,-0.0118401799298953,-5.91269061449795,4.35389322293895,7.59140880496057,-0.58,0.38,0.36,2.17817090648892,-5.37862504605468,4.5765646780367,9.37250552444732,-0.640446401600633,0.483962689228022,0.301147600641555,2.18982920858499,13.657768448,0.0568976433717575,0.056807142737761,0.0954311393259694,0.012652032478506,0.0119414902679306,0.00590165496170247,0.000934367341679374,108,0
0,13.757974528,accepted,1.93380504792031,-0.499002325897708,-0.223511841309978,-1.91961777385171,0.323376771768904,-0.118586004922699,-0.115769406651684,-0.0109585092405755,-5.93763863883834,4.39832070135526,7.49115090526151,-0.26,0.33,0.29,2.18166156499291,-5.42205224763479,4.60025865116702,9.35277854507692,-0.562478638745669,0.438050792891954,0.392996828386371,2.19399755584351,13.757974528,0.056094670416647,0.0560077598012707,0.0945735805307489,0.0122676712459534,0.0116791573990523,0.00575867621436596,0.00092080151993099,109,0
0,13.958266112,accepted,1.4454365510828,-0.528409792429496,-0.217340023647799,-2.1315519057232,0.0804311682680469,0.023199051718144,-0.108701536678174,-0.0107795414327407,-6.06237889105501,4.46496199167422,7.29075574421698,-0.46,0.48,0.4,2.18689755274889,-5.54508431908273,4.67647106827545,9.35752655698398,-0.539445762789603,0.456787129496103,0.495179032777376,2.19797532044518,13.958266112,0.058299800176017,0.0582516802415861,0.0968413355642409,0.012464725932209,0.0120623295121816,0.00572472534749571,0.000930251118005129,110,0
0,14.058379776,accepted,5.05677639004154,-0.523948383828816,-0.236798602545851,-2.22251723696762,0.284893260628106,-0.449619245277212,-0.439737130169568,-0.0119361929524673,-6.12890702514913,4.49828264013935,7.19059030830911,-0.3,0.26,0.13,2.18864288200089,-5.58506932804921,4.66441046630454,9.30170644733331,-0.564098628156321,0.665302146510121,0.540724787758521,2.19986959373233,14.058379776,0.0569416121282074,0.056899082401685,0.0954950445080246,0.011490171131143,0.0114402431564075,0.00547266226973525,0.000919829115199988,111,0
0,14.158535936,accepted,1.87184533045483,-0.509345018022074,-0.190993712713722,-2.26570738987578,0.0448203708135282,-0.162010386469152,-0.176891462969172,-0.0108680002795016,-6.15385504717269,4.54271011907193,7.09038235442524,-0.58,0.54,0.39,2.19213354050488,-5.65778069863315,4.70597871614473,9.28056039104902,-0.626585175270434,0.686221741540011,0.550478827971122,2.20242655635103,14.158535936,0.055828471924714,0.0557872597589836,0.0943281960076842,0.0109469786753742,0.0109132474478642,0.0052898946189053,0.000911290391156952,112,0
0,14.256657152,accepted,11.157968098735,-0.488282176071888,-0.22552043957254,-2.34338447629862,0.453140492683181,-0.838792760829929,-0.333129288913952,-0.0100960017176019,-6.2120671808252,4.55381703471014,6.99221039687457,-0.21,-0.07,0.24,2.19562419900887,-5.66929197518082,4.64163666835962,9.23065826157101,-0.620452973276391,0.677653206252158,0.547174869196324,2.20434694485668,14.256657152,0.0542218437757011,0.0541830539977704,0.0925800507041756,0.0101700675958101,0.0101918098929035,0.00505155384981823,0.000902698816703085,113,0
0,14.35881472,accepted,6.8557309667423,-0.501212177642893,-0.153592015176639,-2.39303577261551,0.406372480613924,-0.608293918347003,-0.275937130931392,-0.00867777598037023,-6.23701523152897,4.56492391936745,6.89,-0.28,0.17,0.23,2.19736952826086,-5.69856393771256,4.63260509214056,9.19135594464315,-0.654546594655802,0.72196401656486,0.484974752970341,2.20532659654386,14.35881472,0.0531495889800122,0.0531149531368186,0.0913352419787463,0.00962275052076482,0.00967022933936839,0.00486416543195807,0.00089657722990172,114,0
0,14.458956032,accepted,2.27224626921337,-0.519035653350996,-0.100763988571746,-2.37508838958744,0.112990501207225,-0.214895315411012,-0.184908433306652,-0.00736444866158159,-6.27859530265628,4.5982445500412,6.8729358048413,-0.49,0.47,0.53,2.20086018676485,-5.76475743010273,4.67095696697993,9.17237655270084,-0.599066542650823,0.667359491237649,0.699088561651169,2.20777671185355,14.458956032,0.0523340896502717,0.0523045156480058,0.0903587581784375,0.00943294215601365,0.00949580998774256,0.0047375960078657,0.000890004471636686,115,0
0,14.557079808,accepted,4.62960046273253,-0.465856684723864,-0.112237662175119,-2.38482425701343,0.400300173505312,-0.567793808515688,-0.027282254688081,-0.00776938145708073,-6.29522731634495,4.6315651562579,6.85621540014586,-0.28,0.22,0.73,2.20260551601684,-5.8084971638735,4.68863183512432,9.18601613358125,-0.659661075361742,0.751202246623175,0.748323097077293,2.2096927290629,14.557079808,0.0518198395632959,0.0517945429460415,0.0897068596173307,0.00925071873545134,0.00931708891310054,0.00462792466205219,0.00088378360633342,116,0
0,14.657230336,accepted,13.5540048831435,-0.445415067258059,-0.139259169473311,-2.4298624096946,0.694781455490529,-1.10430477849998,-0.183038087604057,-0.00754517674315514,-6.32017538592197,4.62045831453753,6.83914963457012,0.02,-0.43,0.69,2.20435084526884,-5.82090630040159,4.6480076297679,9.19814376175098,-0.63239109643283,0.598781056053854,0.859026377708556,2.21089772470169,14.657230336,0.0512863920027781,0.0512622941315852,0.0890183831200242,0.00913306862190935,0.00917559599823921,0.00453305150779328,0.000877891415796749,117,0
0,14.755396608,accepted,2.98674226798564,-0.486120307111944,-0.109259602638626,-2.45620181222209,0.237266286877408,-0.274481739579466,-0.234733490076704,-0.00617166967758997,-6.37007152830925,4.59824463108085,6.82242198850722,-0.38,0.34,0.56,2.20609617452083,-5.87667301693596,4.676469945537,9.19972559120231,-0.605369827735796,0.59497262618481,0.778321011459385,2.21192962971142,14.755396608,0.0506779144724906,0.0506574958425139,0.0882377913890418,0.00886226349849569,0.0089173396678338,0.00442936140626553,0.00087183284787338,118,0
0,14.95769088,accepted,15.6687852737307,-0.378360389627959,-0.220730636613941,-2.56614893179604,0.719740017155512,-1.26347205014199,-0.218430206719248,-0.00734900870384392,-6.36175550821725,4.59824462359509,6.78795081104855,0.24,-0.5,0.49,2.20958683302482,-5.92650107945304,4.69217399340067,9.27723799798319,-0.437785032759792,0.680613252417002,0.693842217542391,2.21378549247212,14.95769088,0.0528666409471191,0.0528441773153436,0.0904829251243166,0.00918487279109488,0.00932467665736713,0.00445306864360353,0.000885668784661949,119,0
0,15.057833216,accepted,2.19514774302352,-0.371543741697982,-0.154373383211394,-2.5684919443517,0.0425635093283757,-0.194045021259668,0.220390653929913,-0.00377193213641336,-6.34512345601222,4.60935147160485,6.77088644139907,-0.44,0.5,0.82,2.21133216227682,-5.98370279510074,4.74398940472008,9.29850060271897,-0.484035816269645,0.683059550595007,0.595865299447444,2.21473058147705,15.057833216,0.0526269450805511,0.0526040988293243,0.0901648017186105,0.0090902271796442,0.00919712570708219,0.00439412543678403,0.000879337119369545,120,0
0,15.156059392,accepted,8.46851682201829,-0.317043872483039,-0.192513779934244,-2.6017678214182,0.553615347138511,-0.883033767143302,0.206324737533423,-0.00541545438760149,-6.35343946615801,4.62045834405086,6.75414858762542,-0.02,-0.19,0.78,2.21133216227682,-5.9994458216621,4.73181089080362,9.31749677796646,-0.545416586723682,0.641246550966737,0.571022035891091,2.21532779069628,15.156059392,0.0521803002229626,0.0521583891816758,0.0896225247170925,0.00895198371113775,0.00901290686425538,0.00431478668794556,0.000872832725886127,121,0
0,15.256286208,accepted,7.55812779938702,-0.332150795949612,-0.210149352829435,-2.63826680159891,0.318921415010236,-0.895743956989337,0.13958996139941,-0.0034982029014472,-6.37838755602332,4.58713777369911,6.73706982248642,-0.07,-0.18,0.69,2.21307749152881,-6.02854279596325,4.71138123449457,9.33105237676735,-0.37320439717407,0.660868276899485,0.546160838321583,2.21434124219374,15.256286208,0.0517530433308876,0.0517353459489504,0.0890941437444611,0.00882027856616032,0.0089392993818632,0.00425552855031726,0.00086628643077024,122,0
0,15.356460032,accepted,2.48298829451908,-0.331516889278492,-0.190891984470593,-2.67213445470606,0.0843396817243787,-0.331585608679282,-0.171455585239332,-0.002088725416721,-6.39501959853146,4.58713778857789,6.7200000872454,-0.18,0.32,0.53,2.2148228207808,-6.06955875710568,4.75060917953888,9.32211806491465,-0.263840668954064,0.636050537029824,0.689109951323368,2.21620212067676,15.356460032,0.0516983697530049,0.0516796400824093,0.0889509138581633,0.00891997633355989,0.00911004328919207,0.00423247237419451,0.000859821841323583,123,0
0,15.456621824,accepted,8.02446437140612,-0.298019320527904,-0.220882412490978,-2.69366302106277,0.307736672064305,-0.897786898998329,-0.330465461475948,-0.00197829135364547,-6.38670357818285,4.58713778135092,6.69704135144505,0.15,-0.32,0.46,2.2165681500328,-6.07082267799544,4.723060270004,9.3034386054262,-0.142458436623121,0.523018199096341,0.772967003301772,2.21557596767388,15.456621824,0.0513180849652965,0.0513010062821974,0.0884653654610361,0.00883243643784349,0.00910034215138522,0.00417887730597558,0.000852628328354574,124,0
0,15.556793344,accepted,6.90112460094276,-0.321043679855856,-0.243798924640381,-2.70630430931702,-0.22627754364609,-0.716951949302033,-0.190133918791504,0.000188063653621118,-6.40333566811249,4.53160347445233,6.67408035571003,-0.35,-0.12,0.58,2.2165681500328,-6.1183776847763,4.68254894972787,9.29942156874277,-0.143676084250368,0.538110072724542,0.755149835883596,2.21369541304,15.556793344,0.0505166675254795,0.0505054250670272,0.0875277537293186,0.00852694639112421,0.00875646146793753,0.00407234384801016,0.000844906532763841,125,0
0,15.658937856,accepted,8.35510570719894,-0.273885060464802,-0.248278950147147,-2.71550939786194,0.114612059272495,-0.894605779965548,-0.166409250722367,0.000803445123260804,-6.41165171830702,4.49828288791675,6.6506671170531,-0.1,-0.21,0.44,2.2165681500328,-6.13350608559378,4.64522112160926,9.29090508689599,-0.208335673304564,0.62048998994936,0.593192171830722,2.21284585534519,15.658937856,0.0499671948463608,0.0499586743797971,0.0868346692673802,0.00829133590819397,0.00838656089750551,0.00397954000552222,0.000838171253637734,126,0
0,15.75706496,accepted,6.11977752591651,-0.242021422288266,-0.236892039079815,-2.71136652549301,0.349093382813483,-0.772276716629456,-0.18875520905161,0.00466905638242654,-6.40333571785812,4.47606915258221,6.62817473582105,-0.02,0,0.28,2.22005880853679,-6.14270568972271,4.64814404145384,9.26756109696282,-0.35372392920697,0.732908516728188,0.456401590551081,2.21377533916105,15.75706496,0.0497225037444769,0.0497129248852357,0.0864696844240102,0.00826569797496539,0.00817761673664095,0.00392149532304531,0.000831565099829963,127,0
0,15.959295232,accepted,16.1853709974615,-0.203563440441898,-0.391715088002474,-2.74888138865433,0.271496719898403,-1.19317848773486,-0.0657782366139572,0.00443192305016682,-6.40333577742531,4.40942796713505,6.58182015906226,-0.04,-0.3,0.13,2.22180413778878,-6.16777269203955,4.6279740708423,9.2646223600457,-0.288148701137923,0.787999978832808,0.186437502434352,2.21317738318993,15.959295232,0.0512768317424229,0.051264660394773,0.0879912970782415,0.00837177915164132,0.00818945572587967,0.0039128724255721,0.000840855474454232,128,0
0,16.059456768,accepted,10.5181338774358,-0.210268207793359,-0.359984140840516,-2.72059483311143,0.268216443055526,-1.03629245987326,-0.151806100363932,0.00740647257895644,-6.41165184791544,4.35389365239162,6.55886145182782,-0.11,-0.15,-0.06,2.22180413778878,-6.18036268771803,4.59884459246586,9.20676208023846,-0.362104077148229,0.818485218575995,0.0799877649175083,2.212242571413,16.059456768,0.0506860029668876,0.0506754971993172,0.0873008396845331,0.00822172341326177,0.00793943441248113,0.00384008211135797,0.000832745978360687,129,0
0,16.15760384,accepted,16.1783907314075,-0.185981720744516,-0.357556114341945,-2.6662773528911,0.211125845321158,-1.15790817216833,0.158932671881138,0.00909507281528432,-6.4116518676905,4.33167992497255,6.53636449359462,-0.19,-0.27,0.08,2.22354946704078,-6.20146783943359,4.52275556535631,9.17075477572221,-0.383489336001455,0.78792283275506,-0.0785263790787129,2.21194051838386,16.15760384,0.0496105808056073,0.0496046925630931,0.0860732936905152,0.00782984408255131,0.00752163982055226,0.00372734184771254,0.000823393527047143,130,0
0,16.25772544,accepted,4.61813336778065,-0.135309237053145,-0.260962498455964,-2.65767287344862,0.205800340812877,-0.544471126624987,0.043133686642029,0.0120384311479955,-6.37007176542689,4.33167988823711,6.51341494036249,-0.17,0.1,0.02,2.22529479629277,-6.21693621236573,4.5271782434869,9.12039105769125,-0.363044362478745,0.606691770402132,-0.029280189487132,2.212284339672,16.25772544,0.048988569110253,0.0489829288480792,0.0853086905989934,0.00751720296026327,0.0073613793522557,0.00363047633285976,0.000816523626636248,131,0
0,16.35987712,accepted,13.8194995904819,-0.138766596406913,-0.294676413107097,-2.62058408296271,0.237674519397203,-1.10552847022764,0.278598268310789,0.0115330028822842,-6.39501985658258,4.29835931701489,6.4900000586795,-0.15,-0.44,0.04,2.22529479629277,-6.23322881806123,4.46321866930904,9.09001114775084,-0.371880909452699,0.588137322254225,-0.235831898766189,2.21212969431837,16.35987712,0.0483803188478642,0.0483758632082485,0.0845392066009164,0.00728884904054078,0.00710691124124744,0.00355502436926742,0.000809886932228291,132,0
0,16.458030848,accepted,6.19111398647619,-0.11943991419227,-0.260336655691665,-2.66336390581819,0.0843169661663319,-0.634570498720839,0.134455915073171,0.0127273373886521,-6.38670387526355,4.25393185295975,6.40946535282947,-0.17,-0.23,0.03,2.22704012554476,-6.25971076570352,4.42813368860653,9.03649783525683,-0.248479052954566,0.353836680237188,-0.106638563866155,2.2131356420844,16.458030848,0.0475274063547582,0.0475241947820891,0.0834897504942181,0.00694810883526858,0.00692033023614232,0.00344763906385215,0.000803425021267353,133,0
0,16.558195456,accepted,8.18824503033577,-0.122170994530772,-0.269312157044176,-2.70119176893981,0.275545269131978,-0.988107723490016,-0.0401875534417316,0.0136518227180558,-6.40333596636621,4.1983975463027,6.32728057423851,0.05,-0.47,-0.12,2.22878545479676,-6.2648968795643,4.3904659613756,8.97066287483034,-0.213869898147226,0.472883924104034,-0.0880226239420636,2.21365955969971,16.558195456,0.0473566148278706,0.0473528968139449,0.0832089554743943,0.00705302884549557,0.00693500736224651,0.00343399161430027,0.000797334651473044,134,0
0,16.658327296,accepted,6.76589672743913,-0.155170077684778,-0.318405255340582,-2.71313330716948,0.0756049811198146,-0.909067119935189,-0.0874233029031211,0.0137416073758367,-6.44491614165498,4.12064953362656,6.24512268169921,-0.16,-0.44,-0.24,2.22878545479676,-6.28878271677363,4.3676304064754,8.89689093746186,-0.233347153874502,0.428545917428024,-0.161836966121419,2.21431645289856,16.658327296,0.0472212348736621,0.0472161492477774,0.0829639915981021,0.00703161416765919,0.00691461375081579,0.00340024521323539,0.000791523443024451,135,0
0,16.756443392,accepted,5.51760674653764,-0.124661371532603,-0.310532429815914,-2.71029465630463,-0.00660597347190947,-0.661326111830813,0.11237834618821,0.0135207436966991,-6.43660013874999,4.09843579656565,6.16461870143137,-0.25,-0.27,-0.09,2.22878545479676,-6.31568266700847,4.33719359534307,8.83142860098713,-0.244584054666439,0.350556790513986,-0.206561536186742,2.21475405938614,16.756443392,0.0467480935094558,0.0467430451641082,0.0823417522294515,0.00687079884929935,0.00678243917520176,0.00333460184493349,0.000785335872458191,136,0
0,16.958749184,accepted,4.95283655853023,-0.111165930535003,-0.424737239557409,-2.76014742288238,0.233942803952247,-0.742432496674702,0.00768692038525604,0.0125401144146924,-6.49481239623627,3.97626034339395,5.99862736921163,-0.21,-0.49,-0.42,2.23053078404875,-6.37277831652927,4.34233087003977,8.70184568682116,-0.43645006970767,0.222119225188695,-0.435605009566568,2.21803616011288,16.958749184,0.0489771126225845,0.0489647165815725,0.0845956742081326,0.00720044111234654,0.00713495202883628,0.00336055967318236,0.000795929499258987,137,0
0,17.058883584,accepted,5.26078834320185,-0.0810871352310114,-0.424781031275075,-2.72973626712957,0.159373686754263,-0.71311936325903,0.283458709169462,0.0124930821050531,-6.49481242674199,3.94293975039056,5.91646737619954,-0.3,-0.37,-0.34,2.23227611330075,-6.40532222148272,4.30665588539146,8.60850900539225,-0.453824510280599,0.311436302736092,-0.626055195702507,2.21985897600757,17.058883584,0.0488421664883278,0.0488299705117033,0.0843747645415806,0.00722462146607804,0.00709820956148737,0.00334830273954692,0.000790058158009014,138,0
0,17.158993664,accepted,13.3177051564457,-0.0823698524766536,-0.480877127528236,-2.71102423714294,0.220230379822273,-1.39934561734362,0.274115294433962,0.0124697572050185,-6.52807659099776,3.85408486646212,5.83432733767891,-0.13,-1.1,-0.42,2.23402144255274,-6.43231078121623,4.22542793522624,8.50876259239706,-0.341844417636615,0.238968496062081,-0.696672116689074,2.22096532636623,17.158993664,0.0487047335113467,0.0486917439909407,0.0841436580869815,0.00720351140938502,0.0070945063622869,0.0033271581484568,0.000784313109559699,139,0
0,17.2571392,accepted,3.94476750114955,-0.0309514449709534,-0.471496675727694,-2.68606003558611,0.0520561463154164,-0.67458684748385,0.0397648058825661,0.0108831707006694,-6.50312858888852,3.78744365818489,5.75379920197403,-0.22,-0.39,-0.55,2.23402144255274,-6.46982822317214,4.2063528560619,8.38633188791766,-0.270605018072286,0.2585357364874,-0.59696730778629,2.2229645068645,17.2571392,0.0486843184460128,0.048668180065728,0.0840253716916992,0.00732226970392858,0.00719575714566718,0.00332383050342262,0.000778365165227374,140,0
0,17.359270912,accepted,5.75399033284335,-0.032173529222522,-0.529163966946312,-2.66571839983118,-0.0615050895087254,-0.885053198639486,-0.0075280264626354,0.0094142046459269,-6.53639274397524,3.70969563886382,5.67000042009455,-0.37,-0.64,-0.5,2.23402144255274,-6.50824089546467,4.16720515163514,8.28029767958055,-0.311064986733431,0.208106287983658,-0.500222866454989,2.22454961474453,17.359270912,0.0487022849908653,0.0486826611707127,0.0839331712719566,0.00739035315923187,0.00726621298219319,0.00329668189973691,0.000773094214651147,141,0
0,17.457428224,accepted,9.11125309914534,0.0201044209648673,-0.556018067000517,-2.67649127275017,0.406381613014926,-1.20990785875686,-0.155823920872883,0.00794490350366406,-6.52807678361159,3.64305444527587,5.55706350448364,-0.05,-0.78,-0.69,2.23402144255274,-6.5244236853134,4.1152445893223,8.17055443096778,-0.442482602704009,0.385641178695527,-0.543919130614933,2.22550648462099,17.457428224,0.0487218278602704,0.0487001775773824,0.0838336245557031,0.00760772981717527,0.00730459459640773,0.00330415709580091,0.000766826654766561,142,0
0,17.55955712,accepted,5.7224061775038,0.0163461279378287,-0.583124784672571,-2.6752069012434,0.0965221578565343,-0.875056629684424,-0.357157086041714,0.00688062970954206,-6.54470888933795,3.57641327516713,5.43955682532137,-0.18,-0.35,-0.95,2.23402144255274,-6.55460819922744,4.09404802222849,8.04128265736053,-0.272868607885793,0.492399042432636,-0.605486215782503,2.22670963178411,17.55955712,0.0488688699358562,0.048842619700171,0.0838509779202233,0.00779967012100026,0.00738337229522058,0.00332333180094567,0.000760785469588688,143,0
0,17.657715968,accepted,7.54731332967352,0.0388225567666574,-0.620989058884775,-2.6468554168323,0.0878904367590135,-1.15428160020426,-0.128105443840125,0.00761332656266456,-6.54470892992913,3.53198581666731,5.32661797343292,-0.25,-0.5,-0.91,2.23576677180474,-6.57663773562124,4.07176217745761,7.91267390534598,-0.334499003175592,0.612713461473083,-0.79089674557335,2.22784965025839,17.657715968,0.0489407225529835,0.0489075403772355,0.083783853735065,0.00797085914538244,0.00738267450287842,0.00333026651313366,0.000753780016621772,144,0
0,17.757901824,accepted,12.2784519155013,0.073720633708465,-0.661851344663795,-2.60606391557147,0.0284739019410138,-1.50557165590099,0.254491209531833,0.00752996354451518,-6.53639295703122,3.47645148866235,5.21134690227996,-0.17,-0.83,-0.72,2.23751210105673,-6.60459044572408,4.03064344001792,7.77813957005064,-0.196218635971917,0.618640902069614,-0.977500275124067,2.22904885893201,17.757901824,0.0490154970587908,0.0489737659829361,0.0837212907783353,0.00800555206825507,0.00740756213113058,0.00332146982310461,0.000746807823455431,145,0
0,17.95818368,accepted,9.85194306641312,0.0803091986241249,-0.823155652960864,-2.62463805678422,0.0729427946859156,-1.31132205091629,-0.122118230218454,0.00544797015009735,-6.54470909232307,3.35427598922501,4.98090814579898,0.16,-0.58,-0.9,2.23925743030872,-6.6155977109283,4.06665529493132,7.54363901611958,0.0928675014648597,0.674615027032246,-0.786888332702277,2.23158106774505,17.95818368,0.0515870438519183,0.0514933611372915,0.085985109875048,0.00865473453719229,0.00805412151682997,0.00338148644301498,0.000752469423388168,146,0
0,18.058323712,accepted,5.94840942844773,0.0608263584502904,-0.82989210860656,-2.60713738711302,-0.333870618123375,-0.801535952064504,-0.25065741315028,0.00809066828201166,-6.54470913331013,3.30984853340373,4.86568979847127,-0.17,-0.1,-0.82,2.24100275956072,-6.62469802143915,4.05705555617049,7.40262018041272,0.151593809846848,0.662489345448967,-0.580187709613371,2.23285204903755,18.058323712,0.0514964072315118,0.0513954123267244,0.085809221347354,0.00871532189517166,0.00816626265062559,0.0033512679364221,0.000744033751296399,147,0
0,18.158491136,accepted,9.79965664547481,0.0845763263335986,-0.827053436638064,-2.59944256131277,-0.203690571460932,-1.22894479164979,-0.322269593569474,0.00696922519507748,-6.51976106618637,3.30984851053618,4.75043993466702,0.07,-0.36,-0.83,2.24100275956072,-6.6128029030104,4.02696193960202,7.2764569201273,0.268924946850841,0.812630245253086,-0.519210783391599,2.23243884774301,18.158491136,0.0514291652087005,0.0513233707733563,0.0856477088246444,0.00898636175804007,0.00826529441920652,0.00338429740051276,0.000734736943550671,148,0
0,18.258646784,accepted,6.5098625955296,0.0667473575300086,-0.832382022053577,-2.59068140135768,-0.351634263061644,-0.875805388367848,-0.130678210689719,0.0074991055857776,-6.51976109683134,3.27652791699661,4.63520362000222,0,-0.1,-0.65,2.24274808881271,-6.60734880641917,4.01901199096787,7.1633947650873,0.33861115288649,0.732095066943392,-0.527805029336973,2.23473376179472,18.258646784,0.0513295438165385,0.0512163298564885,0.0854543429934431,0.00881823396823259,0.00828412656038374,0.00335116472008651,0.00072592915358566,149,0
0,18.358773504,accepted,5.83256486609792,0.0932042041921681,-0.805993091149599,-2.59068114010311,-0.285775681021072,-0.842664989315529,0.099832176873381,0.00931618080222396,-6.48649700005065,3.28763475135096,4.52000058909302,0.06,-0.16,-0.36,2.24449341806471,-6.59458459627837,4.00901700000217,7.06229911284054,0.335808405575207,0.641534298913642,-0.464648378643182,2.23452033857713,18.358773504,0.0512711158888523,0.0511498214135745,0.0852944487867389,0.00870091931689575,0.00828062759636757,0.00331402099832645,0.000718166540286032,150,0
0,18.458882048,accepted,8.04021667188055,0.079902326957682,-0.824963965606597,-2.55486108266145,0.0108055968353139,-1.14224548021303,-0.162541818310267,0.00989929150656454,-6.48649704026786,3.24320729491666,4.47292010623402,0.15,-0.41,-0.45,2.2462387473167,-6.56137891881897,3.96600741059278,6.96547002089616,0.142080405638822,0.680449177165914,-0.296188059777854,2.23503587462281,18.458882048,0.0512488308225579,0.0511306959916026,0.0851643853663052,0.00885438991642887,0.0082098045351952,0.00330123229853063,0.000711053685336249,151,0
0,18.559023872,accepted,4.45624393127533,0.0740386632636811,-0.784663159825806,-2.51497556945022,-0.541670215459856,-0.418926111088286,-0.0720613233731363,0.00951426780839348,-6.46154897546824,3.24320727195637,4.42582432039887,-0.23,0.09,-0.21,2.2462387473167,-6.57391894685659,3.96879751183804,6.8832197229942,0.287038456538379,0.483502237858285,-0.145099692472769,2.23777968216674,18.559023872,0.0510833886250257,0.0509614805569276,0.084919454012935,0.00860177717531234,0.00831621144445261,0.00324013316478451,0.000704365125461004,152,0
0,18.657187328,accepted,5.74399133376831,0.0664530880803662,-0.791561671243818,-2.49622690375308,-0.299053248291812,-0.81662464939259,0.00188082076815514,0.00836389128462844,-6.47818103633641,3.22099355750154,4.37965894297759,-0.04,-0.34,-0.06,2.2479840765687,-6.56304944349447,3.92618563711952,6.82428083555097,0.247106809079799,0.43393794218738,-0.067708577295001,2.23924288081368,18.657187328,0.0509169548636969,0.0508001470099043,0.0846700702110113,0.00854705573003418,0.00826879880371648,0.00320943295216214,0.000698084103145662,153,0
0,18.759324416,accepted,3.52495199369922,0.046064985623274,-0.791804059823916,-2.48897593134849,-0.300559641904049,-0.506845102978688,-0.153072363669213,0.00708782646873907,-6.48649710052405,3.1765661084492,4.33162480269397,-0.01,-0.1,-0.12,2.2479840765687,-6.54913060994763,3.90941852541004,6.76037106239004,0.280031579745042,0.380850620586269,0.0245362958699478,2.24095774196568,18.759324416,0.0510077412223165,0.0508893089200773,0.0846257915564323,0.00856244656844928,0.00834857669841932,0.0031923308920316,0.000692918878903036,154,0
0,18.959558912,accepted,6.98146016967944,0.0582869033833173,-0.868994517146588,-2.53564687660747,-0.141765553611632,-0.879838745143796,0.0578504969874769,0.00600693787160456,-6.44491705192549,3.10992488527195,4.23745634676064,0,-0.51,0.13,2.24972940582069,-6.51359026162215,3.8628951653795,6.72458414893713,0.134872912801769,0.311402625399757,0.0674546071399022,2.24308947932273,18.959558912,0.0533280913298924,0.0531922716838351,0.0865690643475111,0.00883223676781647,0.00857156584673623,0.00320435073471579,0.000699435788201013,155,0
0,19.057696256,accepted,7.31720510380809,0.0635161982913672,-0.842647616248007,-2.5386706669152,-0.101585039756844,-0.8995329852161,0.0456296970471428,0.00489278797424753,-6.43660107826504,3.05439055638279,4.19130324957464,0.03,-0.49,0.11,2.24972940582069,-6.50664929846258,3.77868514968648,6.68084609262283,0.126992305207191,0.349469959249802,0.0596198261758271,2.2441800953643,19.057696256,0.0526998759391319,0.0525824524433163,0.0860326506055687,0.00867904966174313,0.00836262663512791,0.00318482564414809,0.000693594085943439,156,0
0,19.155854336,accepted,6.01094616565978,0.0208922063655521,-0.83203896428965,-2.5329314467304,-0.317776906016131,-0.717220011513925,0.0387739419074679,0.00564689824275133,-6.46986523828586,2.97664253761679,4.14514040043711,-0.08,-0.51,-0.01,2.25147473507268,-6.51976345611625,3.70994746068044,6.62857739155721,0.220311947190777,0.159086373109255,-0.0537899235920497,2.24559731571004,19.155854336,0.0521237709056603,0.0520112436458713,0.0855123617526451,0.00828712427493434,0.00815617211204888,0.00310658896338683,0.000688829601964347,157,0
0,19.258021376,accepted,6.46268048853558,0.0175238465237282,-0.788276290656124,-2.52586892404752,-0.569200556513738,-0.322910009658783,0.125625066864877,0.00416333854596118,-6.47818129782522,2.93221508736054,4.09709217400125,-0.31,-0.27,0.04,2.25147473507268,-6.57825523344171,3.64530638694127,6.58710587598632,0.210077899198243,0.0188107010538988,-0.0861638457874965,2.24814217514788,19.258021376,0.0509373335987476,0.0508409907342063,0.0845378521495042,0.00778145847818805,0.00774101174984037,0.00299829855758188,0.000684028662883809,158,0
0,19.35815552,accepted,7.69925440736503,0.0438645656870831,-0.746074183843771,-2.53198140343851,-0.705693192475022,-0.246785430570083,0.0832981879291744,0.00236001595384305,-6.50312939663502,2.89889451719505,4.05,-0.28,-0.25,0.03,2.25147473507268,-6.64405021681152,3.58433358221265,6.54072607983532,0.367931077882227,-0.0289813882574156,-0.0546915659140217,2.24991022584277,19.35815552,0.0498351265675707,0.0497516531376166,0.0835725645971145,0.00742044859174996,0.00748704716726349,0.00293349105125159,0.000678577748407227,159,0
0,19.458291456,accepted,5.5375257970756,0.0637872687858989,-0.707334298038726,-2.45455781000549,-0.708010702573222,-0.176124754236961,0.0385864767035361,-0.000542440153179946,-6.52807749311338,2.8655739466988,4.08306495390735,-0.19,-0.25,-0.05,2.25147473507268,-6.65431519166574,3.53233361201442,6.4905109148284,0.480672534304499,-0.0887549110075739,-0.0926594300630192,2.25235727994618,19.458291456,0.0494153682105713,0.0493413704425037,0.0831245650478823,0.00726413355652098,0.00742246628320117,0.00289027485406577,0.000673811597284031,160,0
0,19.558454272,accepted,14.1006566602283,0.0286963939451921,-0.704104354620944,-2.37238351888917,-1.08615622998716,-0.169046347245048,0.0413566936071464,-0.00139918475536405,-6.56965764659161,2.82114652858933,4.1161387836089,-0.44,-0.24,0.05,2.25322006432468,-6.74108130967431,3.4784574908905,6.44595451679978,0.561829239714318,-0.0884164939229485,0.00807235696889484,2.25570633249353,19.558454272,0.0484729564422596,0.0484078375478711,0.0822375634585486,0.00701732531486064,0.00724701876742246,0.00282662020938707,0.000667878891923489,161,0
0,19.65658368,accepted,7.44040013314943,0.118917282530048,-0.664092609606613,-2.30084184722913,-0.737072332824311,-0.140602333217572,0.0685485521658985,-0.00224269579600689,-6.57797366668361,2.82114653607509,4.14854118061127,-0.24,-0.03,0.17,2.25671072282867,-6.7871462130664,3.44491900706904,6.4115103053768,0.441785803286843,0.0960396148001993,0.100451043039734,2.2605284305384,19.65658368,0.0475742020910103,0.0475215026871722,0.0813540415552699,0.00687015686684971,0.00692361077651876,0.00275410758125664,0.000661888046007098,162,0
0,19.758720256,accepted,4.74701105046893,0.176804693234822,-0.625256098351875,-2.23569198946132,-0.504914926902974,-0.0656962546126208,0.223561550093373,-0.00480531333983469,-6.57797365646618,2.83225340114181,4.18226674720201,-0.25,0.11,0.25,2.25671072282867,-6.81167969917116,3.42857015368794,6.39957146044084,0.218434865609445,0.16663429110122,0.0288641977359705,2.26283872980629,19.758720256,0.0468486625558276,0.0468065937184672,0.0805986328445776,0.00663927576052478,0.0065476523350481,0.00265701911673759,0.000657329488380148,163,0
0,19.959017216,accepted,8.10637676670753,0.114598942673534,-0.597487687914151,-2.16587572692464,-0.865001661922823,0.19177116436028,0.217516806485711,-0.00798089699086368,-6.59460565163366,2.88778773665245,4.2484049390913,-0.25,0.6,0.16,2.25845605208066,-6.79261807325515,3.48356059319513,6.39022719653352,0.563533901217136,0.416669205165495,-0.0556248120846228,2.26994961676001,19.959017216,0.0486179810268884,0.0485685275773857,0.0821939407026755,0.00698729124149383,0.00692380976331074,0.00269181135547194,0.000661536157938171,164,0
0,20.05916544,accepted,11.7045794929248,0.135675028610641,-0.584630343665351,-2.09967758611705,-0.973589891063372,-0.0926137035778286,0.414204758852362,-0.0142073482176133,-6.60292161223202,2.95442892940576,4.28147395050457,-0.43,0.59,0.23,2.25671072282867,-6.8436013383748,3.50824708721528,6.38214089502959,0.477507078417062,0.67453074404556,-0.175347160248506,2.27546660554627,20.05916544,0.0479365184507959,0.0478996207662957,0.0815137994508468,0.00696510685963828,0.00664065777754669,0.00265575368833338,0.000653141126663349,165,0
0,20.157280768,accepted,8.80694516412807,0.190508114464063,-0.553606669742992,-2.05765897739565,-0.75348846655854,-0.273776226921658,0.351067315358925,-0.018625366771305,-6.61123756248829,3.0321769872196,4.3138716982814,-0.38,0.67,0.25,2.25496539357667,-6.88337828301132,3.53508786922172,6.3691005105423,0.319321227547552,0.922568355478881,-0.0933368233074727,2.27773795519038,20.157280768,0.0471744094324479,0.0471509388847178,0.0807438667397534,0.00703059720828598,0.00639763922560675,0.00262051617745037,0.000642735124088929,166,0
0,20.259391744,accepted,4.81635795420169,0.255339706853865,-0.501667772915851,-2.02285612938531,-0.575771177844214,-0.115713463697883,0.19440847753615,-0.0257800415173186,-6.58628941466619,3.12103187775063,4.34758881173479,-0.21,0.79,0.26,2.25147473507268,-6.8953030668994,3.5936165429338,6.35017365782967,0.328960052553452,0.895606546632169,0.0676040802428786,2.27989546098637,20.259391744,0.0466319865102432,0.0466136355478097,0.0801516220813268,0.00682816527413584,0.00632694732227102,0.00256091471471094,0.000633704516668802,167,0
0,20.35754752,accepted,4.29221272803168,0.28280344745812,-0.507656041741411,-1.98200781789183,-0.371954833121213,-0.532724437066765,0.0937183362291307,-0.0304137227014398,-6.5779733400118,3.1765661918573,4.37999991546862,0,0.36,0.31,2.25147473507268,-6.8813135804097,3.62489198222705,6.33015464390859,0.356478773723986,0.863887155915379,0.214748863414855,2.28192408894185,20.35754752,0.0463222450146125,0.0463022141608379,0.079751975803388,0.0067624881105427,0.00634462998362021,0.00253460943329989,0.000626685956902046,168,0
0,20.45767808,accepted,3.7624743771316,0.248763005804862,-0.479132224087017,-1.95592473354217,-0.552605170482741,0.0430678208630781,-0.0397439240767629,-0.0306013188265153,-6.59460533467336,3.23210052900376,4.39699835724354,-0.16,0.91,0.26,2.25322006432468,-6.88729673236012,3.69998283369175,6.31102338811051,0.362601162266743,0.866708335320937,0.295817756300911,2.28587563652999,20.45767808,0.0459184076547968,0.0458996196306608,0.0792651213767649,0.0066343590679858,0.00628572040610334,0.00250685097531331,0.000620651393542808,169,0
0,20.557825536,accepted,4.03828820866266,0.261738346865988,-0.452464834621371,-1.92517594342544,-0.51608460268803,0.205073629879898,-0.121470451215095,-0.034425031039941,-6.59460524234986,3.33206230667275,4.41399962625118,-0.17,0.98,0.15,2.25322006432468,-6.89882568176684,3.79041125904716,6.2901406021832,0.317519537262243,0.7843052578904,0.265439074251233,2.28944472335206,20.557825536,0.045476790641466,0.0454580909497627,0.0787354240317384,0.00636994405983096,0.00614432866693486,0.0024542910683668,0.000615608778195986,170,0
0,20.65796608,accepted,4.72756450880244,0.252365938277443,-0.445044689693711,-1.8967080013953,-0.589800143821101,-0.112608561231909,-0.214361928735885,-0.0365195496127169,-6.61123720289118,3.42091723639642,4.43099972186133,-0.23,0.62,0.11,2.25496539357667,-6.91201175500003,3.84140239951108,6.27133977801904,0.328491855337139,0.723791475513621,0.317037850856466,2.29267625311329,20.65796608,0.0450716859034463,0.0450540020024479,0.0782305422655572,0.00621371570371244,0.00607376637732673,0.00241720194073326,0.000611183146540527,171,0
0,20.758087168,accepted,7.29988200843603,0.306332740379773,-0.408429591935393,-1.8577375387109,-0.751543304540022,-0.226943003061638,-0.138609160157506,-0.0394387206871381,-6.56965701386592,3.50977211271994,4.44799651457492,-0.36,0.61,0.26,2.25496539357667,-6.94442060048462,3.88210337915473,6.25651066817434,0.34699482327446,0.821088964452051,0.394151499811685,2.29638795860019,20.758087168,0.0445855180483915,0.0445712526371786,0.077648430591274,0.00616253584250334,0.00599050958530747,0.00240988391240927,0.000606286424301009,172,0
0,20.9583744,accepted,7.13323012455991,0.260931724169462,-0.439976142650677,-1.83422737539569,-0.244104406594537,-0.451470309996196,-0.560221019189845,-0.0447487624475653,-6.61123701839805,3.62084079273995,4.48199774881522,0.23,0.44,-0.36,2.25671072282867,-6.8903916606528,3.99529756307054,6.21934311157952,0.463498041963355,0.858384207544974,0.182195574660356,2.30080781183254,20.9583744,0.0460046582943648,0.0459813872006585,0.0789201618941043,0.00624659551616098,0.00609743988028153,0.0024518788632455,0.000610267355579012,173,0
0,21.058518272,accepted,8.76899330954613,0.249305194888952,-0.3867362975339,-1.73477823216353,-0.963030787710699,-0.0436358949162947,-0.190218594707007,-0.0452991980049764,-6.6029209255229,3.69858883564404,4.49899840939454,-0.66,0.88,-0.07,2.25671072282867,-6.92851400071487,4.06947746983829,6.18504567833895,0.255735740819842,0.919443421551322,0.115912160057088,2.30460060332709,21.058518272,0.0456665692961315,0.0456451376638221,0.0784937796974556,0.00617469554397079,0.00595604081366484,0.00242846325856425,0.000605602317582747,174,0
0,21.15662848,accepted,5.85492477053865,0.28341966692622,-0.401809788805535,-1.67730271946053,-0.391860835334611,-0.750436148858733,-0.314991347651639,-0.0501857380058892,-6.6195529158147,3.75412317259835,4.51565383036302,-0.06,0.06,-0.22,2.25671072282867,-6.91852784481107,4.09499515243805,6.1416384351062,0.320870065939982,0.779586220697336,0.0877479681914403,2.30622231690358,21.15662848,0.0455445742333382,0.0455198254218051,0.0782517398204165,0.00607699761398222,0.005978339870016,0.00240219464511229,0.000601814886403982,175,0
0,21.258773248,accepted,2.97858410007942,0.285132793257457,-0.386043123985769,-1.62077182565807,-0.474578937866451,-0.150328638836316,-0.268987932423684,-0.0509496645644347,-6.60292084330677,3.78744374978185,4.53299416777998,-0.18,0.64,-0.12,2.25671072282867,-6.91178200226774,4.15107680602549,6.10511651702086,0.278558905551611,0.781724233761579,0.142413371845843,2.30766171458998,21.258773248,0.0454594544059768,0.0454345520702442,0.0780447538789884,0.00609464508911392,0.0060061249112946,0.00239459873785981,0.000598474519835867,176,0
0,21.358947328,accepted,3.58277799708195,0.278898162590467,-0.356100610151017,-1.57399567681178,-0.623129814992383,0.0260699890817745,-0.237637241190323,-0.0515025825914157,-6.60292076161118,3.87629866313088,4.54999995654083,-0.33,0.86,0.06,2.25845605208066,-6.91386783478969,4.22321244905019,6.07949540450051,0.271986692762589,0.832741885936331,0.292320034978804,2.31032493541387,21.358947328,0.045385973607388,0.0453606226382455,0.0778435962630132,0.00618160572978132,0.00608830816604043,0.00240330836909166,0.000595140224305339,177,0
0,21.459079936,accepted,7.63484478913947,0.2800478549781,-0.395921001280541,-1.53581288521848,-0.518587253158081,-0.766805527911224,-0.304036920821344,-0.0537111135788066,-6.61123674125125,3.92072612788558,4.57003955735316,-0.25,0.15,-0.09,2.25845605208066,-6.92181932845764,4.24545943544703,6.05549292936985,0.24887728289441,0.879722448533275,0.207803096108204,2.31229551486912,21.459079936,0.0452033414174498,0.0451771542784106,0.077542909950769,0.00615356521485316,0.00603026926866991,0.00241301068440698,0.000591598255371499,178,0
0,21.559192064,accepted,9.33182927664402,0.28449212245445,-0.379708194829068,-1.4850175319198,-0.683052138781272,-0.666643816574643,-0.0809725220941084,-0.0543390515143085,-6.61123671061358,3.95404672045926,4.59007506726312,-0.41,0.19,0.1,2.26020138133266,-6.95475159986122,4.25567587767533,6.0408067662291,0.235913692604156,0.815330452070777,0.180074893705388,2.31535695844871,21.559192064,0.0447820102199905,0.044757758072595,0.0770349213946949,0.00599252095638149,0.00591525063545592,0.0023834125819586,0.000587978910208738,179,0
0,21.657336832,accepted,1.97789024384611,0.318988074725985,-0.322048289940571,-1.453469193943,-0.354087729468974,0.0807680467805291,-0.266112651769691,-0.0570492888964784,-6.61123665904243,4.0095810424469,4.60971684804591,-0.13,0.86,-0.04,2.26020138133266,-6.94205404108082,4.32698969661875,6.02024455008329,0.214750943158188,0.780195557716575,0.220036203430864,2.31683074208566,21.657336832,0.0447313317224847,0.0447069899089528,0.0768393020805343,0.00599590692091784,0.00595948469561189,0.00236988462363092,0.000584856557216975,180,0
0,21.757356288,accepted,3.50425731019956,0.304325373197201,-0.340069373915258,-1.4116743077612,-0.386007252978441,-0.549912267255871,-0.0249062886536613,-0.0581345324507145,-6.61123660798451,4.06511536322224,4.62973381144396,-0.09,0.23,0.12,2.26020138133266,-6.9308758422299,4.35917832741114,6.01378326629248,0.28423523352429,0.756688307237077,0.143043380366448,2.3176803793788,21.757356288,0.0447052429934114,0.0446808552054883,0.076663647530327,0.00597380663258322,0.00595914057487618,0.00237488355118024,0.000581912449031183,181,0
0,21.873653504,accepted,2.89736711946035,0.295424959862404,-0.346661542603742,-1.3792224072989,-0.464246169251662,-0.353084436515362,-0.0532767540599232,-0.0593240022030592,-6.60292055661695,4.09843594812687,4.65300845428912,-0.17,0.33,0.14,2.26020138133266,-6.9204825202358,4.41045433126702,6.00353484164665,0.278674415058652,0.666615910202255,0.191321127432217,2.31894396201917,21.873653504,0.0449797735921087,0.0449543555107557,0.0767714723167781,0.00600817972090308,0.00604375237701715,0.00236117138385743,0.000580581987462314,182,0
0,21.957767168,accepted,2.64089089471048,0.307555859949949,-0.318560903347509,-1.34868344774855,-0.320245671579118,-0.401919587098502,0.0563362643768955,-0.0602622911525073,-6.59460449478265,4.14286339808582,4.669842180455,-0.16,0.22,0.14,2.26020138133266,-6.91735768441717,4.42064616626619,5.99779004769185,0.148197916571283,0.601613094590311,0.0832626431638065,2.31983052240871,21.957767168,0.0445102345385691,0.0444879160580375,0.076195958889659,0.00586986543281062,0.00593111210923523,0.00231949301761643,0.000576758877864801,183,0
0,22.057933824,accepted,1.64469533546134,0.321238661795878,-0.299295490335744,-1.30629140219337,-0.251901608263569,-0.208678053764995,0.218885342558796,-0.0609363761740043,-6.57797242073503,4.17618397543271,4.68988860309158,-0.02,0.3,0.18,2.26020138133266,-6.90606031271068,4.452618882077,5.98512318279233,0.224103586000121,0.498656575674057,-0.0375914213804966,2.32007961915048,22.057933824,0.0444975948921611,0.0444766594120795,0.0760288726918519,0.00581846180031923,0.00590637216357502,0.00229900925467108,0.000574725435464973,184,0
0,22.15597312,accepted,2.79861282494719,0.303878395184653,-0.292638752285886,-1.28048921454812,-0.519825243072553,-0.100818907300386,0.159310876336966,-0.0612078575948489,-6.57797239010466,4.20950456842991,4.70950927568954,-0.25,0.42,0.28,2.26020138133266,-6.91120797617023,4.48581183519091,5.97776085848388,0.24929118096793,0.514450149631757,0.122859589418707,2.32060196563108,22.15597312,0.0443576602280055,0.0443396349793237,0.0757559314764407,0.0058551400228162,0.00594767357506689,0.00229889166523288,0.000572170444648141,185,0
0,22.2582912,accepted,2.18515048165581,0.347874250433264,-0.271122093850174,-1.26774055453077,-0.340448609005796,-0.258354351803032,0.175682717491348,-0.0619888277612519,-6.54470824938502,4.27614572316868,4.72998626430982,-0.17,0.37,0.39,2.26020138133266,-6.90801570149556,4.51947735272208,5.9868760626322,0.157439411196374,0.614986576226539,0.216317829215738,2.3214665725925,22.2582912,0.0442959152626675,0.0442806074802215,0.0755537899625559,0.00589779325874303,0.00597807507890599,0.00231375480165862,0.000569724071203436,186,0
0,22.358294528,accepted,1.90447578442977,0.359467057658914,-0.275284793349833,-1.25863852688143,-0.323044930283832,-0.218369039460854,0.0257558949264842,-0.0625926496006222,-6.5363922060281,4.29835944476612,4.75,-0.16,0.16,0.31,2.26020138133266,-6.91283607303185,4.54654566743169,5.9881457624385,0.14937517949092,0.365522901171221,0.283706097135653,2.3217971567816,22.358294528,0.0440816454803199,0.0440644788882468,0.0752218674175694,0.00581719495465045,0.00594536500312822,0.00223636030793999,0.000567304346670252,187,0
0,22.458403072,accepted,2.22128076671552,0.333922929998733,-0.279627205970014,-1.24923606683982,-0.349713355609362,-0.201110643713475,0.0345506695994097,-0.0630770211563236,-6.56134026953735,4.29835946790218,4.76803285626632,-0.17,0.11,0.24,2.26020138133266,-6.92037047386376,4.54941227095892,5.99849085575704,0.161587455695749,0.297518646136144,0.205638773931063,2.32219658408501,22.458403072,0.0437224423210307,0.043706875886084,0.0747680690872249,0.0056762694670276,0.00580332838379128,0.00220319541363297,0.000564903828404515,188,0
0,22.558495232,accepted,2.82284655689779,0.345775710197559,-0.259891780017587,-1.22923643811997,-0.444567255103043,-0.128813789235943,0.128715814896457,-0.0622188471937299,-6.55302422657631,4.32057318870464,4.78606276123293,-0.18,0.19,0.21,2.26194671058465,-6.93185040133944,4.56024606021892,6.00551323494968,0.241507764400657,0.309912988064253,0.0841341675208844,2.32301109225679,22.558495232,0.0434049393055483,0.0433912170286798,0.0743445802730412,0.0055394219741484,0.00565934953573549,0.00219821573758267,0.000562586510223553,189,0
0,22.656613632,accepted,3.43429437115491,0.353009617344206,-0.282268250382547,-1.20141697546762,-0.165912811826365,-0.511632103354782,0.0446964658810236,-0.0637595268684676,-6.5613402597158,4.30946633217392,4.80373712681238,-0.04,-0.15,0.02,2.26194671058465,-6.92008450259029,4.53328002317348,5.987904767302,0.11883477612367,0.33088873054887,-0.0252494954944058,2.32505326478796,22.656613632,0.0430437091133909,0.0430326238056431,0.0738811273101983,0.0054096336866581,0.00554284616030286,0.00217850639890321,0.000559987171768244,190,0
0,22.75875072,accepted,4.11026522910433,0.365869970914399,-0.244782276163898,-1.16421927093381,-0.50364116373316,-0.152234907229959,0.236678222500533,-0.0640453889740895,-6.53639218600373,4.32057317356221,4.82213539087429,-0.34,0.12,0.27,2.26194671058465,-6.94439503047578,4.54232321075935,5.98975650003312,0.13472643402897,0.261677993566319,0.0397968216966134,2.32486528874445,22.75875072,0.042704266000788,0.0426933697512348,0.0734388262373282,0.00532139709013992,0.00545331018383921,0.00214593233564533,0.00055753852157781,191,0
0,22.958977536,accepted,7.9599447652336,0.276083581914857,-0.203934910378657,-1.11958527119542,-0.732760811354654,-0.0720643514215146,0.403478432288508,-0.0674856972682436,-6.61123633103539,4.36500069844102,4.85820285574113,-0.37,0.07,0.2,2.26194671058465,-6.95976201007491,4.55481270536093,5.99969738584207,0.317614594047598,0.136620757787049,-0.190981270705534,2.32763531964699,22.958977536,0.0441704611820619,0.0441712116302465,0.0746837870036463,0.00541549292423921,0.0055388664869109,0.00217531803949251,0.000562643233860271,192,0
0,23.057116672,accepted,7.22800447119489,0.32604811472616,-0.196093883811595,-1.09798018919086,-0.515047459254886,-0.186299622843195,0.572168878412888,-0.067290083744588,-6.60292030035199,4.37610755669809,4.87588095655928,-0.25,0.08,0.23,2.26194671058465,-6.97552426016777,4.5462723294029,6.01128334494793,0.233085873611687,0.254380663881265,-0.327071594242778,2.32791434778059,23.057116672,0.0436947988389928,0.0436973573889527,0.0741421605915433,0.00525326431100576,0.00538003311135427,0.00218187116052841,0.000559948040665307,193,0
0,23.15727616,accepted,4.33953996854642,0.332841034794888,-0.184829052453315,-1.08821776274073,-0.388151578997474,-0.295448282203264,0.346618721824013,-0.0686870622745048,-6.611236320444,4.37610756418386,4.89392298952314,-0.14,-0.08,0.11,2.26194671058465,-6.97555024802177,4.5244307342312,5.99702254133467,0.225540227438007,0.197138000857181,-0.22800505529552,2.32935564298974,23.15727616,0.0432839662898789,0.043288088093561,0.0736552227764999,0.00517099223123671,0.0053034434211217,0.00215595095336694,0.000557448508531448,194,0
0,23.259403776,accepted,4.04291667850142,0.348280201435839,-0.178622868104758,-1.06789868137295,-0.171275083341127,-0.376015943347762,0.467973446790998,-0.0675983945025589,-6.61123633103539,4.36500069844102,4.9123195473649,-0.15,-0.19,0.3,2.26369203983665,-6.96506097876927,4.50557552896493,5.99868808536962,0.0125868492709317,0.166644177293112,-0.159929177813486,2.33034309709957,23.259403776,0.0430954863828475,0.0431019650713729,0.0733537594532892,0.00514186191558658,0.00532193362502235,0.00213122875010966,0.000555007392372261,195,0
0,23.357555712,accepted,5.40699267847908,0.335598137439821,-0.171139296252711,-1.05533585884887,-0.491182230908684,-0.242046818465594,0.42532704303682,-0.0679251722214218,-6.61955237142298,4.34278697910833,4.92999995388594,-0.36,-0.21,0.34,2.26369203983665,-6.99418202794659,4.48525183416101,6.00631425933123,0.103892656408434,0.0179072862657897,-0.0747949102114247,2.33015985944853,23.357555712,0.0427352913509289,0.0427408795951139,0.0728984394664001,0.00507942906443523,0.00523019016239726,0.00209415312286794,0.000552454491873385,196,0
0,23.459715584,accepted,2.56839696474742,0.342620107315372,-0.162428474228312,-1.05474844182341,-0.309186473973439,0.150558575795542,0.330878552442783,-0.0691011594172259,-6.64450045522052,4.32057327291832,4.94224164503787,-0.2,0.07,0.32,2.26369203983665,-7.00394767518047,4.49117387932837,6.00458280657226,0.0947491210637935,-0.0739638362601297,-0.00484031290183919,2.33101494398555,23.459715584,0.0425801400023894,0.0425867685517987,0.0726216736342799,0.00506988939066862,0.00521624065697686,0.00206858879487414,0.000550075734435784,197,0
0,23.557868544,accepted,6.20972480357311,0.317147440294154,-0.163003206806513,-1.04824444388342,-0.653462387871128,0.0829329477072757,0.344541534219968,-0.0684569034382809,-6.6694485167942,4.32057329631805,4.95400317804653,-0.47,-0.01,0.3,2.26543736908864,-7.041802383606,4.48707625465194,6.01679712365075,0.1477246450656,-0.0890593923940954,-0.034351586574181,2.33192788363629,23.557868544,0.0422377282758231,0.0422442149716096,0.0721757200785565,0.00497114115225617,0.00510836149430766,0.00206007548635653,0.000547469492388515,198,0
0,23.65799424,accepted,1.37533082785192,0.342272687455103,-0.187821556707579,-1.04967612010733,-0.175085211975568,-0.242527367378868,0.251033268398576,-0.0685766612515808,-6.68608058837841,4.28725271821068,4.96600110127288,-0.04,-0.39,0.23,2.26543736908864,-7.02792213472017,4.45715258995771,6.00913528352698,0.13109604895163,-0.155554826611112,-0.0195923131980722,2.33271031126387,23.65799424,0.0423621503523219,0.0423747300882706,0.072131026666311,0.00503309196213567,0.0051776040560802,0.00205699524640317,0.000545125119198684,199,0
0,23.75810176,accepted,1.0342620094902,0.34927315249364,-0.182918148792766,-1.02601797016028,-0.16721561854913,0.105308488275838,0.220882503578264,-0.0687908187543589,-6.66944857856087,4.25393211077194,4.97799684649437,0,-0.11,0.15,2.26543736908864,-7.01822545925188,4.43753550666805,5.99694125374047,0.163251563462672,-0.212965410558743,-0.0695682494242301,2.33278133849626,23.75810176,0.0424662607874071,0.0424848934110254,0.0720673793256576,0.00506928131805676,0.00521173776564303,0.00205244804952613,0.000542789688129225,200,0
0,23.872242176,accepted,1.73593319371642,0.346152113948238,-0.207747161765671,-0.992208231072469,0.0172669562805371,-0.356392157422948,0.272281775773669,-0.0694444625458344,-6.65281657662931,4.20950463793572,4.99167413417277,0.23,-0.51,0.16,2.26543736908864,-6.98850266875258,4.39034678376724,5.98036767571271,0.214163998184122,-0.166584369474408,-0.11082274862513,2.33365862908988,23.872242176,0.0427998002511883,0.0428267103741182,0.0722146626287488,0.00510539867974249,0.00527365703370678,0.00208648549225688,0.000541628249013844,201,0
0,23.958390016,accepted,3.35193405490106,0.335599486725254,-0.191915295523088,-0.966060567876157,-0.216489433498821,0.107187340313285,0.637017188430625,-0.0695898353524624,-6.63618455673359,4.18729089363812,5.00199711030904,-0.03,0,0.45,2.26718269834063,-6.97613901709728,4.38007251830096,5.98452157384197,0.17884878050537,-0.104794298247378,-0.179638957089451,2.33524663909813,23.958390016,0.0426302711053156,0.0426608726781743,0.0719039340812235,0.00507136005647419,0.00526037034818297,0.00210067753023499,0.00053835032499124,202,0
0,24.056515328,accepted,4.91586365350531,0.338012185612985,-0.173444761148599,-0.94289962063953,-0.189048107900913,0.285566906054849,0.777064506597489,-0.0687489996549546,-6.61955251538387,4.18729087815387,5.01375533029623,-0.02,0,0.44,2.26718269834063,-6.96065885316398,4.37273441396159,5.98070891690791,0.161546785507818,-0.27708377084738,-0.328164366259801,2.33416873932487,24.056515328,0.0426856935995531,0.0427216647588373,0.071797338463227,0.00508338836183195,0.00525729348170896,0.0020554221005078,0.000535896310920023,203,0
0,24.1586752,accepted,3.09405329711675,0.318906606886785,-0.159737657440521,-0.913328703145407,-0.0674709774104167,0.17696837427621,0.586897676160768,-0.0673816061544845,-6.61955251538387,4.18729087815387,5.02599700601021,0.23,-0.07,0.19,2.26892802759263,-6.9354651956794,4.35447557867573,5.95773496339164,0.293908960577856,-0.241322888543889,-0.389792616477825,2.33481699783108,24.1586752,0.042741567911359,0.0427829439024871,0.0717005991486892,0.00506766760886612,0.00524163859175174,0.00207225314887425,0.00053380805971447,204,0
0,24.258836736,accepted,4.05506541374913,0.320729026838828,-0.143481551446797,-0.880794363994304,-0.0411848129021156,0.153826992663081,0.632518604022768,-0.0650664274682846,-6.57797241026829,4.18729083979234,5.03799922389404,0.33,-0.06,0.14,2.27067335684462,-6.895230565576,4.33945793456896,5.94882458116038,0.367238121017508,-0.207702628047242,-0.482600517671703,2.33424806196842,24.258836736,0.0426242051762185,0.0426679669153406,0.0714619013340053,0.00500128949879947,0.00517948108604376,0.00207371217519817,0.000531605179285723,205,0
0,24.358985984,accepted,3.45158142396673,0.326045280874815,-0.137855518388178,-0.852869687418487,-0.032055826642045,0.153917901917184,0.505669533957437,-0.0652695869259912,-6.5280762972064,4.17618392958056,5.04999996932387,0.38,-0.09,0.02,2.27067335684462,-6.8505009733584,4.32619097678788,5.93393680697344,0.408143403416185,-0.235973869319838,-0.475604692505738,2.33444715302963,24.358985984,0.0423062354521473,0.0423480953273804,0.0710660637539258,0.00490746273374784,0.00508212712150913,0.00204248297148818,0.000529408957959534,206,0
0,24.459107072,accepted,4.99313016654309,0.329231495145553,-0.140760998681463,-0.801017741914784,-0.0358052239575078,-0.103014759535035,0.809491123645781,-0.0654170003454859,-6.4781801814391,4.16507702040884,5.07809282699773,0.34,-0.27,0.15,2.27067335684462,-6.80276483587357,4.29527552863641,5.9114079740493,0.372363278595365,-0.171294625570074,-0.649252713398931,2.33463889184414,24.459107072,0.0423536949511465,0.0424010697097563,0.0709565574671131,0.00487737876124745,0.00505873464602199,0.0020586550738994,0.000527248612354029,207,0
0,24.557248256,accepted,3.32765513595846,0.332600293137652,-0.140593083867674,-0.741055287279607,-0.325319265656847,-0.0717044684318833,0.782033131539888,-0.064983357569905,-6.43660009907521,4.14286325417641,5.10563018609062,0.03,-0.29,0.09,2.27067335684462,-6.77385775768887,4.27668798651733,5.86090064588017,0.348235278825911,-0.22051563336841,-0.685810199188588,2.3343418511377,24.557248256,0.0426121955428835,0.0426692289163979,0.071011597023704,0.00494769551366397,0.00513634621698842,0.0020599337176256,0.000524958130979684,208,0
0,24.65745536,accepted,7.54719534167541,0.324073403673728,-0.115323009644134,-0.656178677053772,-0.00902638337562373,0.286565170140683,1.05745760316992,-0.0642863006356436,-6.41165204694181,4.13175636745225,5.13374722008226,0.27,0.06,0.25,2.27241868609662,-6.73017902568388,4.26057363431406,5.83148386957209,0.275883729824617,-0.217823607865052,-0.795350034551366,2.33501090812076,24.65745536,0.0427407137115049,0.0428052032814769,0.070976733393364,0.00495535389617858,0.00515891422498659,0.00206293417183647,0.000522745601795149,209,0
0,24.757635072,accepted,4.9206815956449,0.338152111581192,-0.10922669927217,-0.584115619445592,-0.114475396087294,0.0307636139229545,0.911129963402892,-0.0636640281795184,-6.37007194364444,4.13175633063379,5.16185656817375,0.08,-0.15,0.05,2.27241868609662,-6.70714601118002,4.23950830408687,5.77773825931605,0.18955370297029,-0.180139911427255,-0.851271308062935,2.33466261335301,24.757635072,0.0429175824763277,0.0429902392900007,0.0709941384804309,0.00498734191385081,0.00521773353903409,0.00208171060158754,0.000520486407850431,210,0
0,24.875827968,accepted,3.6781046639806,0.360261983104464,-0.118101378277371,-0.48273724897562,0.0316543189401496,-0.308661498180436,0.829224587887002,-0.064368705268615,-6.33680787853518,4.10954257319218,5.19502022166485,0.09,-0.34,0.08,2.27241868609662,-6.68733647393503,4.21078314744125,5.69951250186275,0.0584955219040669,-0.0390294745582681,-0.742451776074985,2.33573396095245,24.875827968,0.0435408351872454,0.0436293028841504,0.0713994816361953,0.0051433601853603,0.00541780214585048,0.00215040571049061,0.000519292647269875,211,0
0,24.958011392,accepted,4.78995023170892,0.373383226022562,-0.115072936696251,-0.426147762066778,0.0856948398902723,0.0761726466166787,0.789416343709194,-0.0650781393331563,-6.30354381522953,4.0873288150572,5.21808000519234,0.29,-0.09,0.17,2.27241868609662,-6.66346172960738,4.20470567548721,5.6835117366954,0.205275154382716,-0.163618694059356,-0.608802574398019,2.33587827119548,24.958011392,0.0432138998139664,0.0433020207662241,0.0710316508664065,0.0050951199826233,0.00533236570440013,0.00210804860733768,0.00051575246012128,212,0
0,25.056232704,accepted,4.58392728943809,0.368279835122332,-0.125170080220097,-0.364775097349124,-0.22192643166806,0.0416428159791732,0.98513261043874,-0.0647600204928129,-6.2702797621413,4.0540081932449,5.24563984733894,0.07,-0.28,0.2,2.27241868609662,-6.63982160343206,4.17765063356299,5.63982561785882,0.285953380794653,-0.321005554840108,-0.776286884803159,2.33578706808674,25.056232704,0.0434827871596559,0.0435827730908519,0.0711461543505044,0.00511763241367731,0.00533921309947303,0.0020821775741871,0.000513506566452796,213,0
0,25.156406528,accepted,6.9514833648163,0.31505480875368,-0.132470370735253,-0.281239361231902,-0.519431617552307,0.0394514993345365,1.14174679438671,-0.0644490172131782,-6.29522786351441,4.00958075765065,5.27374754332105,-0.22,-0.36,0.12,2.27241868609662,-6.62660570154033,4.14021272259669,5.59311581376883,0.285742154673649,-0.398666257515064,-1.01011855212009,2.33538530116726,25.156406528,0.0437883901284839,0.0439011388490516,0.0713000948909813,0.00514031176350378,0.00535643467570205,0.00207769078207508,0.000511398799691523,214,0
0,25.25661952,accepted,7.7518126259573,0.309846849076591,-0.109919764573731,-0.180778946221501,-0.289636298181947,0.36541461593687,1.10396260204599,-0.0631985181090746,-6.2869118619071,3.98736702153219,5.30186622942207,0,-0.03,-0.12,2.27416401534861,-6.60728818953007,4.11435800456133,5.53028318406596,0.278756804973849,-0.384652138929725,-1.21038265671082,2.33564105565661,25.25661952,0.0439885847046878,0.0441113179207401,0.0713942037988806,0.00513825189253927,0.00535396852877168,0.00209127999111443,0.000509260441946466,215,0
0,25.35688576,accepted,7.97097774104745,0.307895452193139,-0.117147642713264,-0.0850739271496179,-0.244543533346296,-0.30576312158425,1.28747983648076,-0.0629400697144922,-6.26196382877891,3.95404640608124,5.32999985633831,0.09,-0.65,0.17,2.27416401534861,-6.57560163645552,4.0545797044725,5.46149917689791,0.326025829281917,-0.351243652059909,-1.1050158404786,2.33585731117654,25.35688576,0.0442909687463552,0.0444263839403889,0.0715718534061535,0.00521187094624679,0.00542281298995409,0.00212456938125653,0.000507209062170542,216,0
0,25.457069824,accepted,6.9167119857845,0.275701263426444,-0.128573839780609,-0.00728153530280728,-0.191057484710225,-0.0424261261560261,1.30629166404372,-0.0643429414954704,-6.27859592661644,3.88740523575041,5.34000240256819,-0.01,-0.47,0.12,2.27241868609662,-6.55756777859079,4.0110001184961,5.39081891413874,0.174440566073826,-0.428307214634418,-1.17490834009315,2.33537522352364,25.457069824,0.0446422751775574,0.0447923916113235,0.0717941422809038,0.00526593254203243,0.0055281654747716,0.00211278559263389,0.000505064679092927,217,0
0,25.555202816,accepted,6.65810545412099,0.261199776747608,-0.118044431858959,0.0743069179185003,-0.283550195145646,0.355930538714355,1.20648542673239,-0.0642740506653485,-6.27859596565333,3.84297777934575,5.34980007565534,-0.1,-0.25,0.02,2.27241868609662,-6.54740829122192,3.9732281630209,5.31823354120885,0.175032966178378,-0.59777768670218,-1.17523571653993,2.33496368753048,25.555202816,0.0449491046948843,0.0451134891943157,0.0719887977518505,0.00533348190478049,0.00558689845870831,0.00207981658059333,0.000502780419346992,218,0
0,25.65739392,accepted,16.8053128526913,0.232010558240136,-0.0925437886292686,0.172811949769203,-0.225073794023216,0.592678890108536,1.36596229772301,-0.0625830681453259,-6.3035440499641,3.82076407263815,5.36000291375291,-0.13,-0.03,0.07,2.27416401534861,-6.55390823209313,3.95920920193695,5.27908443081064,0.0787531491131767,-0.596505847734011,-1.27218640197416,2.33387632582604,25.65739392,0.0449340329699719,0.0451001130738923,0.0719879829266346,0.00527355605837656,0.005557380014017,0.00207031485245865,0.000500442033248256,219,0
0,25.757529344,accepted,7.14634396316527,0.225277341249219,-0.12814509301232,0.211550777618765,-0.0545617954260133,0.171249808590689,1.28775046013223,-0.0616559368430152,-6.32017614159459,3.76522976561583,5.37000051118472,0.05,-0.54,0.14,2.27416401534861,-6.5451823430357,3.89834725661316,5.20784796828853,0.0999468725502938,-0.706802858482935,-1.13596577309574,2.33426161332715,25.757529344,0.0452466167281959,0.0454275164116832,0.0721971021873616,0.00535751960668343,0.00562473888706618,0.0020579459875917,0.000498252941171245,220,0
0,25.869729536,accepted,9.28997489920348,0.188506050773706,-0.10164569852905,0.291125736450518,-0.49773764602623,0.347462495468824,1.27885491070238,-0.060846663880544,-6.3368082325799,3.70969545937611,5.38120266429477,-0.28,-0.47,0.23,2.27416401534861,-6.54923855211707,3.82741802254551,5.14815006670217,0.200915104565422,-0.807607167160792,-1.03372677608369,2.33309022152923,25.869729536,0.0457545614787802,0.0459531392245452,0.0725726124378624,0.0054493198324904,0.00566291150491383,0.00205790931829993,0.000496849241153586,221,0
0,25.957869824,accepted,10.6339988938369,0.152229329420326,-0.0968257426402221,0.329699016971891,-0.206143786555747,0.528250509850393,1.35677246733791,-0.0605164104906555,-6.37838838797625,3.65416117523106,5.39000265816055,-0.06,-0.32,0.34,2.27416401534861,-6.54222783575775,3.77843414461882,5.12418434427913,0.135420768591497,-0.832568849230622,-1.00103282833792,2.33263410208741,25.957869824,0.0457128139014042,0.0459158329151883,0.0725166724451754,0.00544366971789204,0.00567754010742659,0.00205059926055988,0.000493924369601391,222,0
0,26.056006912,accepted,14.4835475878746,0.144394616014823,-0.0829435016420326,0.37164589673015,-0.338253967804797,0.56400249015959,1.5120395410539,-0.0597594130671832,-6.37838842727706,3.60973371760172,5.39980074019547,-0.2,-0.35,0.61,2.27416401534861,-6.54444683678356,3.72592453100026,5.10597762722465,0.121743770686087,-0.895491583374343,-0.882584638574716,2.33161402170475,26.056006912,0.0458246546487204,0.0460339286108878,0.0725967339237387,0.00547098254469359,0.00569700586317908,0.00204003113621668,0.000491581864591882,223,0
0,26.158157568,accepted,10.4966208687762,0.145635955502569,-0.0807654846120047,0.385148772923142,-0.0979741100431179,0.367398302310996,1.35608225716467,-0.059277787704918,-6.39502052188418,3.55419941082228,5.40999953993375,-0.09,-0.51,0.61,2.27416401534861,-6.54756231868156,3.65609272938653,5.09354383086089,-0.000598934512384155,-0.865258029269663,-0.729852761197167,2.33147480038583,26.158157568,0.0460272643058595,0.0462459373155767,0.0727467414820964,0.00549045173038252,0.00578439905815938,0.00205086102470479,0.000489432106032257,224,0
0,26.258337024,accepted,12.4994180554432,0.124467586332623,-0.070349071872053,0.396654829799036,-0.0902476361369052,0.589226558004135,1.38248334095279,-0.0592448553679397,-6.41996863581346,3.498665112305,5.42000153355416,-0.11,-0.24,0.56,2.27416401534861,-6.55236307963093,3.6054532265663,5.09677168955512,-0.0287588980436651,-0.809335373103421,-0.804876699719508,2.33108294055515,26.258337024,0.0461528351878823,0.0463785725964991,0.0728436211588479,0.00545142615391804,0.00576073262688873,0.00207035806836762,0.00048714199337219,225,0
0,26.358481408,accepted,16.1225499358057,0.0808460233946153,-0.0701166445808177,0.418811404044541,-0.381955188050746,0.487078487283614,1.59789618085947,-0.056562606329011,-6.46986480613584,3.45423770015548,5.4300000076836,-0.28,-0.4,0.7,2.27590934460061,-6.57901609446836,3.55508147472225,5.09726811720949,0.0827667653973569,-0.87026137756647,-0.876308395093943,2.33034342988271,26.358481408,0.0462672042883044,0.0465012641380057,0.0729451355582796,0.00542858680684409,0.00566985999126554,0.0020645043081937,0.000485023169193153,226,0
0,26.4586048,accepted,14.0631182765207,0.0578205028888359,-0.0627960338446307,0.425597158011483,-0.233299416612921,0.653852905590196,1.41289127899191,-0.0562774754909894,-6.51976097477927,3.40981028870552,5.43300511881668,-0.2,-0.21,0.51,2.27590934460061,-6.59735571882198,3.51513841293729,5.08633234507792,0.0190508543423812,-0.841323126810657,-0.883475920487039,2.32991783671751,26.4586048,0.0463502094299299,0.0465903733641663,0.0730341622199058,0.00540085280758169,0.00566583152344765,0.0020592458771347,0.000482841248676707,227,0
0,26.556770816,accepted,13.0606684969993,0.021226141450744,-0.0792311676222468,0.434957880650098,-0.511036661086641,0.23625162367716,1.48852674840077,-0.0546056412662281,-6.56965715673411,3.35427601201439,5.43595148111703,-0.37,-0.61,0.61,2.27590934460061,-6.62639865214691,3.44711370354732,5.07843976573965,0.119754831889777,-0.838317708953775,-0.859080269434276,2.32893153163976,26.556770816,0.0464520764524906,0.0467001701354339,0.0731266310368932,0.00539270366983243,0.00561609871908741,0.00205650644049289,0.000480789091161235,228,0
0,26.65895296,accepted,12.2039715792964,-0.0223775224789273,-0.0723020089106279,0.444796287193556,-0.436653376251234,0.336813261185327,1.43166877851696,-0.0549672652411708,-6.62786936913764,3.28763488067964,5.43901838378985,-0.17,-0.45,0.62,2.27416401534861,-6.63833372554833,3.3798882321758,5.06945313194103,0.247312899819446,-0.776123848079784,-0.792881743092167,2.32775689619011,26.65895296,0.0466290251452718,0.0468852425885923,0.0732787151528838,0.0054011934306112,0.00559281330831452,0.00206451332047195,0.000479176550783474,229,0
0,26.759099904,accepted,24.8936597721709,-0.0643745290983953,-0.0312215835304746,0.451538051041569,-0.877083969488534,1.12939472592445,1.49372172723367,-0.0547400156412223,-6.66113347859186,3.26542118229024,5.44202420181445,-0.3,0.31,0.74,2.27416401534861,-6.66496116662805,3.37526070041823,5.08207756369355,0.540378025220018,-0.780536584476327,-0.728207402707677,2.32826212542823,26.759099904,0.0466622355220184,0.0469223047210002,0.0733382368898269,0.0053800372284339,0.00556458694663356,0.00205256190031104,0.000477332789537547,230,0
0,26.875263232,accepted,10.2953195865669,-0.0660347866270801,-0.0269049104987444,0.442288238876431,-0.28395727298332,0.715478486584483,1.22532764522836,-0.0549624419315093,-6.66944950036281,3.26542118977114,5.44551073681148,0.22,0.1,0.58,2.27416401534861,-6.62703046829079,3.33409077751062,5.0656398848923,0.490274414896145,-0.595113365023042,-0.630063270533539,2.32830930406905,26.875263232,0.0471675151159057,0.0474387294274504,0.0737503251877618,0.00546476656045962,0.00561429549410475,0.00206267617976578,0.000476320668885484,231,0
0,26.959403264,accepted,12.8068081324183,-0.0924709188455397,-0.0381339523205311,0.441428205234581,-0.301101402923104,0.439552280111329,1.49672517773357,-0.0549219274913231,-6.67776553273976,3.25431433374563,5.448036122157,0.2,0.01,0.72,2.27416401534861,-6.61288662458356,3.31848430739452,5.08285066583091,0.485239484235554,-0.416740828332766,-0.758262288087211,2.32827510092546,26.959403264,0.0469372734703197,0.0472071033786704,0.0735926696133268,0.00545165017730625,0.00553180400041377,0.00207093674164741,0.000473324156997612,232,0
0,27.057586432,accepted,23.5560217026732,-0.109424974136606,-0.0134715483762822,0.452012814071617,-0.472294866607356,0.813038763514556,1.99923922648013,-0.0553501500343798,-6.66944950036281,3.26542118977114,5.45098299925878,0.16,0.46,1.05,2.27416401534861,-6.59919259563369,3.32553286390473,5.09523891360643,0.610171350461009,-0.330380221499826,-0.925560598469435,2.32919175818421,27.057586432,0.0470454454613504,0.0473213766351559,0.073692271121432,0.00544830976804312,0.00549880681190647,0.00206001602749993,0.000470965755411132,233,0
0,27.157731584,accepted,20.908338101479,-0.131735440885269,0.0321976847829442,0.451631838482712,-0.653683256493441,1.21289810140571,1.60172924733396,-0.0570465328927101,-6.64450138384547,3.32095548891115,5.45398876349817,0.44,0.88,0.69,2.27416401534861,-6.5601303734099,3.35784726322685,5.08118180674487,1.068006028565,-0.298677810882713,-0.891031796057719,2.3326955287232,27.157731584,0.047203355262462,0.0474850673574596,0.0738254395502975,0.00546467310174162,0.00568279561713884,0.00206069648266301,0.000468293090927834,234,0
0,27.259852032,accepted,16.9122779267135,-0.180859111050173,0.0318996523408273,0.469871035250631,-0.14052538228758,0.804577119884092,1.53864903786015,-0.0596461095455858,-6.64450133225972,3.37648981074647,5.45705381442253,0.74,0.75,0.57,2.27416401534861,-6.48765891638048,3.39892633604129,5.07294882525036,0.866512361792941,-0.0288379242676891,-0.94828038741959,2.33375339270519,27.259852032,0.0472849390751249,0.0475675428836503,0.0739185476382471,0.00559137430274705,0.00553122669559339,0.0020886089992312,0.000465519527908636,235,0
0,27.358011392,accepted,26.8293551827529,-0.239917805197498,0.0501125083992071,0.490906274790493,-0.834146941594673,0.928834143990094,1.9789532335617,-0.061196805971325,-6.63618524674272,3.44313098792364,5.45999997694918,0.11,0.84,0.76,2.27416401534861,-6.46173986593434,3.44878270929647,5.07020413584848,0.910362270822449,-0.0615500023938933,-1.19267620700505,2.33655088790249,27.358011392,0.0473572941278126,0.0476420399173769,0.0739882545432238,0.00549146919986245,0.00548150331065552,0.00208236017235781,0.000462748734675964,236,0
0,27.45818624,accepted,18.624519741873,-0.25075132853698,0.0709637493618782,0.471865974383739,-0.372628964293457,0.899453996168462,1.66249192549315,-0.063997820719548,-6.62786916330055,3.50977216638508,5.42798835062452,0.47,0.69,0.54,2.27416401534861,-6.41549968808503,3.49503335327953,5.04157040927583,0.822970364753924,-0.183158172811621,-1.10166472811704,2.33821179782104,27.45818624,0.0474536814731289,0.0477397936032984,0.0740796473252388,0.00540970800700661,0.00544432730993704,0.00204906128778697,0.000460371011757974,237,0
0,27.55832704,accepted,19.9849435504924,-0.270568027242832,0.0881767981682811,0.464192621154749,-0.330863348411199,1.15095559857483,1.5824870899676,-0.0641729113802558,-6.60292104833751,3.56530646412463,5.39598733621261,0.48,0.89,0.49,2.27590934460061,-6.3688870190934,3.54980571030177,5.01460130696171,0.792401273884176,-0.227333266352837,-1.07226619983183,2.34018879959433,27.55832704,0.0475348226097716,0.0478219385524001,0.0741577386541028,0.0053653069814528,0.00541649732080771,0.00203983404558146,0.000458107195794505,238,0
0,27.658458112,accepted,18.9722441105832,-0.289439277935259,0.111629514784179,0.454793056964109,-0.326177496265266,1.12633318191368,1.45978469131649,-0.0671832745077721,-6.58628894441476,3.6319476342347,5.36398943048236,0.37,0.75,0.45,2.27416401534861,-6.33434218844422,3.59688311763215,4.99074937125233,0.677697852289366,-0.341487056307851,-0.990082982660113,2.34105513645783,27.658458112,0.0475648423426569,0.0478519380688961,0.0742003719834659,0.00529144777873559,0.00536918553365066,0.00200496774584619,0.000456062524013998,239,0
0,27.758560256,accepted,14.4858625355134,-0.293937712597478,0.121158649568522,0.435804029076138,-0.352875811932506,0.912596518296069,1.28841128155293,-0.0680430136383201,-6.56134083010421,3.68748193300458,5.33200076898967,0.36,0.57,0.36,2.27416401534861,-6.30629970970606,3.63074929236153,4.97050398446891,0.694069823999518,-0.313601683346731,-0.910196152312007,2.34192254961381,27.758560256,0.0475795128726462,0.0478671523002519,0.0742328794331878,0.00528595909504299,0.00535344637421682,0.00201869141744871,0.000453977743236793,240,0
0,27.87473536,accepted,18.0723811420606,-0.356072681206865,0.130022049562898,0.428314341796515,-0.606015668615182,0.832169213313189,1.53764075984839,-0.0691575987451394,-6.58628886258721,3.72080254854342,5.2948758291309,0,0.47,0.58,2.27416401534861,-6.28689592546034,3.64853969453268,4.9518557155224,0.579386614873199,-0.336487314389166,-0.936330261501699,2.34293858499947,27.87473536,0.0479783920235718,0.0482729813336934,0.0745567394522595,0.00528071021610219,0.00533059674701577,0.00202100933930156,0.000452814210209145,241,0
0,27.95887232,accepted,20.9219182024827,-0.355941241665142,0.149043840028209,0.402305872013667,-0.521487360700679,1.12452502050097,1.54373945220491,-0.0717467094964319,-6.59460484312179,3.76523001322262,5.26798900508382,0.12,0.71,0.45,2.27241868609662,-6.29032863439061,3.69301907916269,4.95120022584445,0.61730577863243,-0.380189077475716,-1.07218174904615,2.34381646040211,27.95887232,0.0476426494636512,0.0479324684678147,0.0743099839915874,0.00516936620806102,0.0052445604772957,0.00200848306342225,0.000450033511320866,242,0
0,28.058992896,accepted,15.3997426409446,-0.348362799299952,0.16137957931265,0.397155143422226,-0.27515826742171,0.951067390179511,1.39189447377343,-0.0727309661509601,-6.57797274761286,3.82076431965404,5.23599445345746,0.32,0.62,0.24,2.27241868609662,-6.2648326747301,3.72443350983755,4.91410205287547,0.578965445623041,-0.302408389450533,-1.13347483837688,2.34440441003668,28.058992896,0.0476784453489262,0.0479694249417031,0.0743494066310079,0.00516777348454877,0.00519959728466972,0.00202757459270908,0.000448076068016939,243,0
0,28.157092864,accepted,18.1844231115935,-0.372662175922642,0.171690462245267,0.403516523032862,-0.594592963948008,1.02265145162947,1.4414704082004,-0.0723292250291214,-6.57797270650845,3.86519177589265,5.20464560773448,0.05,0.68,0.18,2.27416401534861,-6.26063843027846,3.76281521285523,4.88104774144559,0.619540915956419,-0.312036493657701,-1.24090879306415,2.34628317442882,28.157092864,0.0476725358148623,0.0479636111502683,0.074350867651213,0.00511522279350007,0.00515886454077931,0.00202390093150436,0.000446009183751669,244,0
0,28.259224832,accepted,17.153979472246,-0.375182760514564,0.187001974573874,0.419345973210731,-0.49515451411909,0.706959908613668,1.55445656777509,-0.0747686431017591,-6.56965663652425,3.92072608969496,5.17200829527158,0.21,0.42,0.26,2.27241868609662,-6.24600665554611,3.78624696663798,4.83974340936356,0.681579025595594,-0.263960807781496,-1.27269552025783,2.34680955259611,28.259224832,0.0477259474650812,0.0480178335121593,0.0744042505311974,0.0051102856228235,0.00514367581776351,0.00203323452162435,0.000444077005215869,245,0
0,28.359388416,accepted,17.8353645702615,-0.395308852697902,0.198467713266279,0.425882110196305,-0.429310555392729,0.95438413275733,1.40046631932121,-0.0757293957553564,-6.56965659606502,3.96515354723509,5.14,0.31,0.78,0.2,2.27241868609662,-6.22437458695756,3.83955117529693,4.79930493212595,0.71639614526984,-0.142546873695773,-1.17882825288969,2.34819207308684,28.359388416,0.0476735379180635,0.0479642294274718,0.074385549312004,0.00514735989746009,0.00513145894464927,0.00205024664943997,0.000441781959541645,246,0
0,28.457515008,accepted,14.239928047795,-0.408171877325673,0.196294747214111,0.438989259413321,-0.384641315738973,0.875251704837515,1.15520051909207,-0.0759206013305493,-6.5696565450071,4.02068786801043,5.12330693256494,0.32,0.67,0.02,2.27416401534861,-6.20949281987162,3.8960392890153,4.76146559812531,0.683165273430794,-0.174259486405707,-1.11580934932866,2.35004847772623,28.457515008,0.0475190062827426,0.0478054365334252,0.0742952549182747,0.00507717681854141,0.00507895705975426,0.00201687657149893,0.000439432379751373,247,0
0,28.557621504,accepted,16.756917793986,-0.386110630828424,0.215386721569569,0.45393695728579,-0.357349697939881,0.987380440801808,1.32746881266453,-0.0772580143277786,-6.52807636803208,4.09843587957322,5.10627704846975,0.31,0.83,0.25,2.27416401534861,-6.18564035277225,3.95786971561633,4.73316153662525,0.64753460128404,-0.125334271375482,-1.05760108193277,2.35122413956584,28.557621504,0.047474968049641,0.0477593235697195,0.0742781649266977,0.00507095466039282,0.00504266819360928,0.00200814894615198,0.000437212040070556,248,0
0,28.657765376,accepted,15.8554791786992,-0.403349316118296,0.218227682533842,0.461399647581101,-0.564834812083952,0.884175894598156,1.34746882673574,-0.0782077616756478,-6.5197602868113,4.16507705851156,5.08924080605644,0.16,0.81,0.33,2.27416401534861,-6.1712053321976,4.01050748950351,4.70597544263562,0.700197612450744,-0.047102625434099,-0.997754090720665,2.35260588469485,28.657765376,0.0474855041024289,0.0477698744644686,0.0742934762955251,0.00509966440927999,0.0050429687805508,0.00202105026961328,0.000434899600751877,249,0
0,28.75791616,accepted,13.7733827444016,-0.383662365703132,0.238624044872586,0.463468061026031,-0.126450133756482,0.933968158935504,1.10150262011085,-0.0797568709866501,-6.48649613393867,4.24282507788602,5.07220338778978,0.56,0.8,0.16,2.27416401534861,-6.13122000346675,4.08293271180611,4.68258670812825,0.673622613744295,-0.100779615674373,-0.924013312493304,2.35347390525741,28.75791616,0.0473555891371121,0.0476352322238448,0.0742195875518296,0.0050137807780413,0.0049923469725644,0.00198881946257882,0.000432575525000378,250,0
0,28.876037376,accepted,18.5701746134527,-0.357343821259182,0.288470799268607,0.484172667472995,-0.233724303149761,1.43860637112028,1.20274792846546,-0.0814739869786298,-6.41165184791544,4.35389365239162,5.05210888145861,0.45,1.19,0.22,2.27416401534861,-6.08540109500929,4.16222704587321,4.63500862317883,0.669929154873101,-0.208081521621656,-0.966518192443395,2.35550143499904,28.876037376,0.0477830461298025,0.0480659030351493,0.0745530543508526,0.00495201607959815,0.00499315002385331,0.00196368100515265,0.000431433221873587,251,0
0,28.956143872,accepted,10.5552278290256,-0.387281374990375,0.287466045297028,0.480470741848629,-0.166473790912414,0.87050916018661,0.955208253596417,-0.0830055119653506,-6.41996779823013,4.43164171012008,5.03848135081213,0.42,0.68,0,2.27416401534861,-6.06154110864539,4.21488175675677,4.62043147582035,0.574287501715652,-0.161503999185859,-0.940514106489755,2.35645921042046,28.956143872,0.0472588301643543,0.0475351181217223,0.0741503313691056,0.00489324422804142,0.00489041751840162,0.00195629700030478,0.000428426110384705,252,0
0,29.058326528,accepted,13.1797392681943,-0.364489892168154,0.323269718998633,0.513145937411727,-0.066079448654406,0.873805636553385,1.32596960533285,-0.0832747578778124,-6.37007159730942,4.52049658119104,5.02109827521014,0.38,0.72,0.18,2.27416401534861,-6.02729348028654,4.25967524217844,4.57868943326542,0.436990724836472,-0.128599004817456,-1.12990562885066,2.3560724957576,29.058326528,0.0473493184010661,0.0476271816569311,0.0742117437788111,0.00486604819657541,0.0048181153582638,0.0019637774403537,0.000426591971114856,253,0
0,29.158477824,accepted,13.5993595486878,-0.375934742842925,0.365165182090069,0.545938766730025,-0.0942652401499183,0.970288382276829,1.2329422167062,-0.0832345759310664,-6.36175549813179,4.60935148631271,5.00406076984323,0.3,0.8,-0.03,2.27416401534861,-6.00966386945241,4.31650574760154,4.52897239804633,0.384509873006419,-0.141130121378713,-1.24663186432236,2.35600532135471,29.158477824,0.0473587270304371,0.0476354200481062,0.0742148743916995,0.00481381023129639,0.00476613750785579,0.00196412703701193,0.000424669846469274,254,0
0,29.258590976,accepted,13.8452262728487,-0.37035794698705,0.407987903620461,0.579475796158159,0.0734478678651843,1.06879375280824,1.25035049243697,-0.0829150921248556,-6.35343938708698,4.70931325889473,4.98702975344482,0.2,0.95,0.06,2.27416401534861,-5.99618064762318,4.37574310516202,4.47437275386019,0.121894232970012,-0.0887956794605738,-1.1756005452899,2.35486221530908,29.258590976,0.0474137104365998,0.0476904322817577,0.0742470991513419,0.00483820424452544,0.00477257577558615,0.00196805966241118,0.000422694609671962,255,0
0,29.358696704,accepted,13.6833247711425,-0.342342003661642,0.440876093851085,0.61096653060125,-0.13532478141092,0.995522443764314,1.29634184051514,-0.0817841684896377,-6.32849123895947,4.8092750146702,4.97,0.08,0.85,0.1,2.27416401534861,-6.01033922601231,4.43992280538255,4.42951685797124,0.205376716847888,-0.117285878446217,-1.1801982080807,2.35429116872409,29.358696704,0.0474754212705209,0.047748317844548,0.0742839385117229,0.00480342462646724,0.00473850428554305,0.00197574090272471,0.000420804716675992,256,0
0,29.456879104,accepted,15.5823401212899,-0.314913204361347,0.485975060060756,0.689416257733879,-0.1644113975986,1.25142234812307,1.23997402654337,-0.0815743488359217,-6.31185912087016,4.89812991366587,5.00929367185161,0.06,0.85,0.25,2.27416401534861,-6.02072402166994,4.49870062159288,4.38815932612628,0.214044506716243,-0.367292310234632,-0.974383675562685,2.35416233783964,29.456879104,0.0475025683065139,0.0477725940192617,0.0742915680390082,0.00469886421538622,0.00474856105149145,0.00192317226210339,0.000419088571814073,257,0
0,29.559017728,accepted,8.98301494268211,-0.303860302380681,0.510069070948609,0.749773132233591,-0.0126396172216754,0.80636072575848,0.948432343694164,-0.0828217230646837,-6.30354303231312,4.97587795682288,5.05017066787972,0.19,0.51,0.15,2.27416401534861,-6.01431544461871,4.53416625839641,4.36119400052054,0.196392514277448,-0.270255803252352,-0.785119556369068,2.35535294461518,29.559017728,0.0475346018615306,0.0478054759338654,0.0743137360820665,0.00474927436351983,0.00475089740477822,0.00195534553077963,0.000417376645007475,258,0
0,29.65913216,accepted,12.8627585955774,-0.247413510816567,0.551191894702478,0.805515499849241,0.227488321259115,1.04744673920964,0.988877963415088,-0.0822286820013942,-6.23701480531887,5.05362594859882,5.09023756009888,0.46,0.7,0.27,2.27590934460061,-5.98705801373696,4.59133564639207,4.34939913785507,0.232737590336734,-0.312983450166889,-0.705080236026264,2.3562390030688,29.65913216,0.0474791380379415,0.0477480096921302,0.0742710033745916,0.00470410434216108,0.00472088305630223,0.00195396778676022,0.000415626241088019,259,0
0,29.759231744,accepted,11.019651354569,-0.21790523813272,0.572083178683702,0.842689831004,0.412277545754764,0.878716041060235,0.958788953200486,-0.0821033380534617,-6.18711862083276,5.13137395525354,5.13029850998581,0.53,0.6,0.37,2.27590934460061,-5.95421142066461,4.6351672145279,4.34808710111585,0.123418732795388,-0.249768459974192,-0.576710843204707,2.35561035105245,29.759231744,0.0474479685114262,0.0477171488000588,0.074244142548549,0.00472425557868599,0.00470925437168404,0.00196813787569697,0.000413827507412348,260,0
0,29.87542144,accepted,14.0441129498232,-0.206981668283275,0.607027168860939,0.894936260438521,-0.212549861466959,1.15935266889878,1.08472390135049,-0.0809591249032477,-6.14553846432464,5.19801510538594,5.17679889892682,-0.05,0.63,0.51,2.27590934460061,-5.96195617864319,4.6828450033697,4.35140442080956,0.151266614707589,-0.494401331545687,-0.558926019549562,2.35536947149934,29.87542144,0.0478096546998285,0.0480798686611838,0.0745246063599178,0.00463195720356278,0.00470353776772394,0.00193081137840757,0.000412995160676879,261,0
0,29.957595392,accepted,10.900466408079,-0.185485070004964,0.616463688295079,0.904314838459125,0.131664833005252,0.868361992796287,1.12885124126075,-0.0795363431726495,-6.13722239683304,5.25354941955869,5.20968581455159,0.17,0.32,0.53,2.27590934460061,-5.9545488369566,4.7083073643668,4.37159789234389,0.0357447349354433,-0.521839022041221,-0.584987860366664,2.35349820654084,29.957595392,0.0474588105068099,0.0477262249314125,0.0742311468678057,0.00456695261013436,0.00464651791506685,0.00191529903324546,0.000410756857858491,262,0
0,30.057725184,accepted,13.4101291307801,-0.177136742980304,0.646902042024337,0.937934782646883,0.194961858113515,1.04972730100956,1.17531455364167,-0.0772017196591288,-6.12890633967623,5.2979768689421,5.24975885401098,0.19,0.47,0.56,2.27590934460061,-5.95080506402873,4.73420373637243,4.38079490292529,-0.00621018407928468,-0.548451233107359,-0.600805714108632,2.35101225107963,30.057725184,0.0474967396452195,0.0477663910082312,0.0742482460175069,0.00453593413732941,0.0046172796103247,0.00191516935784962,0.000409288279214878,263,0
0,30.157830144,accepted,15.3005981600231,-0.197556468152254,0.680586105381217,0.966592436398956,0.0739721118011568,1.13553470205345,1.13308080361462,-0.0768398218115669,-6.1538543495687,5.35351121100209,5.289821955432,-0.12,0.55,0.51,2.27590934460061,-5.9622652198476,4.76984053927641,4.39826132519971,-0.198089234495686,-0.54848132271666,-0.606944360771775,2.35015487936612,30.157830144,0.0474562973625561,0.0477274055910804,0.0742162353649154,0.00449870452595834,0.00460462336716237,0.00190458078185953,0.000407690554487126,264,0
0,30.258014208,accepted,15.2208377319075,-0.137537081177401,0.708351031957458,0.993112096114463,0.314274151310438,0.726208026232041,1.40679178928753,-0.075050320647398,-6.12059021561598,5.42015236868603,5.32991671514021,0,0.16,0.83,2.27590934460061,-5.97412751290151,4.78236809704026,4.4219266110564,-0.312905151927129,-0.539988627183561,-0.55950243492109,2.34817652669136,30.258014208,0.0474326189235063,0.0477042525099478,0.0741970910237784,0.00447977146444709,0.00459838118396015,0.00190568228067422,0.000406051112358778,265,0
0,30.358170112,accepted,13.4740762698277,-0.0881266234552882,0.710022148030693,1.00475771488617,0.851740754151632,0.60266492468445,1.16489202839192,-0.0746606036748938,-6.11227417783105,5.44236609032712,5.37000012807852,0.18,0.15,0.62,2.27416401534861,-5.98215322407001,4.79121519405695,4.43102923908372,-0.655821575242607,-0.429992974412074,-0.533114542322485,2.34523464665604,30.358170112,0.0474516078883071,0.0477241143732114,0.0742075360678796,0.00450279402921741,0.0047160368516224,0.00191801353512335,0.000404050551375165,266,0
0,30.456326144,accepted,11.1965343750444,-0.0850625120952229,0.700059629843596,1.01600703441668,0.585956038495269,0.530959618800423,1.1269019224316,-0.0707028372666687,-6.1289062066465,5.45347296861556,5.39455419066537,0.03,0.14,0.59,2.27590934460061,-6.01559088330296,4.81004507871391,4.44785347148211,-0.545698857834566,-0.36996997852519,-0.523768936041847,2.3434324416383,30.456326144,0.0473924414091981,0.0476623485057084,0.0741630331503656,0.0044994929581463,0.00460243211235528,0.00194635839338547,0.000402025521693464,267,0
0,30.558454528,accepted,20.5358101744601,-0.0688069692512885,0.725174068437504,1.02736952175485,0.208523236867063,1.0785841761763,1.33392804387345,-0.0684157671187209,-6.13722219703184,5.48679356932768,5.42010195050789,-0.34,0.54,0.8,2.27590934460061,-6.06140628877631,4.86772771548907,4.48896801611095,-0.548531440959832,-0.497600883215135,-0.513439539353736,2.34051770079093,30.558454528,0.0472791688091321,0.047544190395855,0.0741042327322347,0.00439311243268218,0.00452624070733698,0.00191538115736551,0.000400179414643185,268,0
0,30.658579712,accepted,15.6457060290517,0.000135172324555732,0.721470219084049,1.0091956092073,0.657312879992189,0.611474205789565,1.36204427448969,-0.0660256595198647,-6.12890613032469,5.54232788426576,5.44514860311153,-0.11,0.16,0.87,2.27590934460061,-6.09439723777442,4.88363711375843,4.516601495447,-0.755531549047788,-0.427635003205885,-0.476471770313355,2.33827699524497,30.658579712,0.047254460192597,0.0475184078185291,0.0740985556734544,0.00439843715105319,0.00457921616617666,0.00192554304616734,0.00039812229850891,269,0
0,30.758739712,accepted,14.5208788354538,-0.00289920912261987,0.699441208691975,1.00325874164001,0.653207241291617,0.402520992119916,1.42734684717684,-0.0642093409458684,-6.17048622728754,5.54232792015637,5.47020396505505,-0.03,0.01,0.85,2.27590934460061,-6.13648014989266,4.89070255167566,4.54657530892417,-0.672691347726389,-0.375273295326803,-0.5618905995352,2.33693415268579,30.758739712,0.0472750230719831,0.0475383241203747,0.0741279742303773,0.00438747304876293,0.0044728257453134,0.00195518706638954,0.000396190087227018,270,0
0,30.874868992,accepted,16.5297223041475,0.0245245882726595,0.69324324305846,1.01810702656923,0.518770037967496,0.395244798236213,1.58092032696035,-0.0625009989685434,-6.19543428484352,5.54232794141728,5.49925409627151,-0.26,0.03,1.07,2.27590934460061,-6.19564820381558,4.89765613314254,4.57162411695704,-0.771397107445378,-0.347662262095479,-0.492749545572969,2.3351165154437,30.874868992,0.0476061272719439,0.0478697239346921,0.0744271193755445,0.00441959670829809,0.00449831214296621,0.00197489607857258,0.000394753893149414,271,0
0,30.957013248,accepted,14.7488571882104,0.0266318623503992,0.68623794518275,0.988129943006746,0.416891392068174,0.485423179228155,1.43286857047735,-0.0601364801903772,-6.23701436966798,5.55343484140119,5.51980275906764,-0.42,0.08,0.99,2.27590934460061,-6.24347180591504,4.9220074882484,4.61868910109746,-0.831170151275546,-0.385336764459011,-0.425164967757925,2.33278914331672,30.957013248,0.0471845147136991,0.0474410867405525,0.074120757499268,0.00435110506609274,0.00445102685746946,0.00195953964129017,0.00039193524673016,272,0
0,31.057146368,accepted,14.0737030684223,0.0693473785801135,0.656426896483382,0.962450300363533,0.899262869370018,0.202851796724033,1.40247593895942,-0.0594386574944359,-6.26196243859251,5.54232799934518,5.54485139688845,0,-0.19,0.98,2.27416401534861,-6.28829560250346,4.91920901890364,4.65243573504135,-0.883993498699712,-0.381175669007627,-0.409466521771104,2.33046442646786,31.057146368,0.0472676256334516,0.0475222680238015,0.0742098118710662,0.00435099119401506,0.00444137230141018,0.00197173513845489,0.000389990578916322,273,0
0,31.159305984,accepted,17.3045592704629,0.121122254861648,0.699040376999896,0.959632699640376,0.662340253021258,1.02967079443075,1.29160702369999,-0.0574052591387764,-6.26196240927442,5.57564859135305,5.57040696952115,-0.31,0.59,0.86,2.27416401534861,-6.3458610090272,4.96061563211547,4.68405552734745,-0.959666938821187,-0.407518814709127,-0.41679688260267,2.32734744123314,31.159305984,0.0473250587006239,0.0475779906561614,0.0742945464813042,0.00431281026442907,0.00442991001401336,0.00196844622942855,0.000388015820003762,274,0
0,31.25744512,accepted,14.7199889340438,0.154452834923517,0.661810038850962,0.967307834465577,0.928171518338232,0.115145881807168,1.41016481792343,-0.0538040439543246,-6.29522647569313,5.58675548496455,5.5949568055166,-0.19,-0.24,0.73,2.27416401534861,-6.4015294509926,4.95434860670571,4.69971456585429,-1.10129291530988,-0.344513760843714,-0.666697384388183,2.32471308688169,31.25744512,0.0473411707079471,0.0475923906925573,0.0743441624311089,0.00428872327217287,0.00443201429244975,0.00198738858855555,0.000385752565770571,275,0
0,31.357555968,accepted,17.3526248767637,0.168012016483988,0.662144257715987,0.98489133792221,0.630895849392395,0.330899304064489,1.43581557922359,-0.0545658169693684,-6.3451225989477,5.57564866460889,5.61999987192147,-0.59,-0.05,0.75,2.27241868609662,-6.47129216749328,4.96092727125427,4.73014671865802,-1.2071051508579,-0.362502013874278,-0.666693284126117,2.32292565112221,31.357555968,0.0472075627717843,0.0474557723222356,0.0743011380798505,0.00423586995257183,0.00441584467846555,0.00198073466751977,0.000383037906212999,276,0
0,31.457682944,accepted,19.8315512424769,0.209229737114506,0.672464005056886,0.941255554841605,0.894694173205237,0.626906337517132,1.41851953847824,-0.0529964932802534,-6.3867026755195,5.59786243108993,5.59700516197571,-0.4,0.28,0.72,2.27241868609662,-6.53826522625268,4.99013983178656,4.74153820487626,-1.27409050462405,-0.321092426039645,-0.681374768532832,2.32039348504339,31.457682944,0.047136829027993,0.0473824014944505,0.0743031793802058,0.00422117097414887,0.00438727178705648,0.00199277908139537,0.000380392523283585,277,0
0,31.557862912,accepted,14.4539863532102,0.224265590951417,0.634187766576127,0.898390719887543,1.22889330104919,-0.017829365156036,1.16244305544111,-0.0498406267521432,-6.44491482080895,5.58675561837988,5.5739980363327,-0.13,-0.38,0.48,2.27241868609662,-6.60331183232781,4.97357090890739,4.73291698064236,-1.33504473402676,-0.354456136894377,-0.672582333717813,2.31892867006105,31.557862912,0.0472018073996471,0.0474468970480623,0.0744024205992814,0.00420113051358076,0.00438319108751381,0.00199420476467777,0.000378075715465829,278,0
0,31.658048,accepted,14.7886884433318,0.241104372300715,0.634714844861241,0.885795988388582,0.612702429598329,0.231573102880846,1.27123746708466,-0.0466944832898264,-6.4948109444594,5.57564879931334,5.55098973484101,-0.71,-0.09,0.59,2.27241868609662,-6.69030591112353,4.98130235437471,4.75404360991544,-1.30738775295998,-0.306280693960569,-0.663270811490872,2.31518280082235,31.658048,0.0470233357547653,0.0472650232260316,0.0743351853438051,0.00418361620481749,0.00426973550463042,0.00200340995309209,0.000375398599561692,279,0
0,31.758156032,accepted,20.2142080665649,0.304746848329126,0.653285802619151,0.835902579293846,1.05065032792587,0.694513737216904,1.34589127361084,-0.0427890931659332,-6.52807498957796,5.60896942274375,5.52799912987197,-0.38,0.48,0.73,2.27241868609662,-6.76426057277294,5.02188560891055,4.76927428194244,-1.40502672249803,-0.188151459644499,-0.600504200006414,2.30964094117288,31.758156032,0.0469798223574924,0.047219614287496,0.0743651777630109,0.00424037224631136,0.00427975643541704,0.0020166750454016,0.000372759126310738,280,0
0,31.876294656,accepted,15.6134731318607,0.38761725981989,0.626548417570345,0.8072344497967,1.30906705386206,0.0629686011978097,1.16752722551839,-0.0391868620523894,-6.54470700935632,5.63118316606927,5.50086765618593,-0.09,-0.15,0.5,2.27067335684462,-6.85654355714254,5.03003569159648,4.75018570001559,-1.37151231394936,-0.203627491190425,-0.657581124197461,2.30585522148899,31.876294656,0.047407402380555,0.0476430835805015,0.0747885018769735,0.00424228859411481,0.00422343909367659,0.00201192571258024,0.0003711310799156,281,0
0,31.956467968,accepted,16.0129833430825,0.370279195096887,0.586345065040761,0.786681999592085,0.979400789520822,-0.124866283843346,1.33030507526834,-0.0363098982116687,-6.59460315367633,5.59786261950816,5.48245521805858,-0.33,-0.35,0.62,2.27067335684462,-6.90163640939635,5.02533967969125,4.76860624945492,-1.28735979550343,-0.220624578798368,-0.696577204451927,2.30344274123529,31.956467968,0.0469674821954848,0.0471976390190171,0.0744912840333481,0.00417153959735541,0.00408810353187888,0.00199123338489004,0.000368057610503768,282,0
0,32.05860992,accepted,16.2663016284439,0.394082667854595,0.589284115819806,0.766926671432846,0.908450086415743,0.251119026637841,1.37562281048107,-0.0347013736702309,-6.63618324807302,5.59786265798675,5.45899750720079,-0.3,0.11,0.66,2.27067335684462,-6.97023504532235,5.04522847517785,4.76855998517008,-1.18710662037791,-0.12827608375024,-0.700537005845887,2.30120749871402,32.05860992,0.046980231136663,0.0472052106900637,0.0745838190425008,0.00421971000047151,0.003985231898879,0.00200377613577488,0.000365789464904437,283,0
0,32.1587392,accepted,14.0418435363165,0.410692538273709,0.601168111550162,0.737132537461082,0.814478576214878,0.597956597012719,1.22501540868735,-0.0311233674202902,-6.66944729473857,5.63118328098258,5.43600202245973,-0.19,0.41,0.51,2.27067335684462,-7.02675862159186,5.08556773616833,4.76520147194989,-0.985978233634523,-0.169213850057156,-0.70184073828756,2.29811727376822,32.1587392,0.0469879249712055,0.0472038436810652,0.0746706609788316,0.0041639304362749,0.0038663232274525,0.00199015282226943,0.00036381357812974,284,0
0,32.258881792,accepted,11.7396260467685,0.425080658418742,0.606906363908813,0.722679869223342,0.845228024122752,0.40020054277537,1.05183841388911,-0.0292325905893809,-6.7027113188136,5.68671763397309,5.4130034805121,-0.16,0.44,0.34,2.26892802759263,-7.06903936010319,5.12529223801016,4.7509612890471,-0.983466325333699,0.0546062793048163,-0.69999997430766,2.29413705688445,32.258881792,0.0469555502451809,0.0471625978047381,0.0747321892123772,0.00432562525765475,0.0038236934634539,0.00203064560465776,0.00036139157007024,285,0
0,32.35904512,accepted,11.5809045790864,0.433986962366195,0.599426267709105,0.709435798234108,0.985292685998116,0.314835341109217,1.07839445331588,-0.0239840655548571,-6.73597535218966,5.73114512278593,5.39000017637731,-0.01,0.38,0.37,2.27067335684462,-7.10943092302478,5.16929669352554,4.73525685650972,-0.972833373543894,0.0768256029703043,-0.698044792828721,2.29080871799158,32.35904512,0.047006583891131,0.0471967928114717,0.0748537559439977,0.00433196309050064,0.00379070592911467,0.00202420542764748,0.000359188714672422,286,0
0,32.457234176,accepted,8.80865252576351,0.430892057641103,0.579132077142142,0.60214861354166,0.901262397476699,0.0828411908130961,0.714836837409982,-0.0210747458303659,-6.77755541611714,5.76446575499609,5.27875689896575,-0.09,0.27,0.18,2.27067335684462,-7.13872896541246,5.21093938742193,4.72128227243364,-0.964197406062544,0.194278877583684,-0.526817934029568,2.28752544557407,32.457234176,0.0468619768384647,0.0470401477714178,0.0748264225315486,0.0044377428275393,0.00376255006368068,0.00203511730371692,0.000356198601723083,287,0
0,32.55734912,accepted,6.28422283821074,0.424421993868823,0.587803416252898,0.48039023608364,0.765032228508447,0.384329697844698,0.395641924858091,-0.0224213577637684,-6.81081943838857,5.82000010798527,5.16533097967046,-0.15,0.54,0.1,2.26718269834063,-7.17011948520905,5.27830152428584,4.7113725886631,-0.889932391316537,0.169823710140932,-0.29137221139211,2.28590140726564,32.55734912,0.0467229712580294,0.0468867104408874,0.074802650848721,0.00440352376506126,0.00373401738658111,0.0020138182970636,0.000353124396796898,288,0
0,32.657480704,accepted,5.5210404116746,0.432879431665447,0.581150205881869,0.373266042370704,0.851888072480498,0.300587560646387,0.385076122582621,-0.0254231019806097,-6.81913540399121,5.87553443643571,5.05188620797191,0.07,0.44,0.17,2.26369203983665,-7.19211146701674,5.32997766947118,4.6985396238313,-0.759221681674595,0.149228871221365,-0.21209623765761,2.28594486583692,32.657480704,0.0467296877495314,0.0468725785648724,0.0748796622813615,0.00437358680129846,0.00370620372945383,0.00201238900257428,0.000350535050539634,289,0
0,32.757637376,accepted,4.1901355479092,0.418244808096505,0.561757384351125,0.266295450409775,0.712233678362662,0.212273305183826,0.284738170394868,-0.0240534521706275,-6.85239944641166,5.90885506202439,4.93841301264997,-0.08,0.42,-0.07,2.26369203983665,-7.21320250467079,5.3787781048375,4.6879477339234,-0.770293842429458,0.216168458428462,-0.352402372824595,2.2846634249233,32.757637376,0.0466504733427781,0.0467776513063207,0.0748858890594898,0.00437273328516269,0.00364039980606975,0.00203171460394028,0.00034772802687047,290,0
0,32.871771648,accepted,2.47896451689787,0.400870381812881,0.543690931460036,0.158709447999111,0.498644766759937,0.082987457354108,0.155576081126266,-0.0204438234055928,-6.89397950970856,5.94217569586417,4.80910379858601,-0.23,0.25,-0.09,2.26369203983665,-7.24207590021109,5.42264470269013,4.66020308566147,-0.708824837926104,0.172611459949777,-0.244402061140473,2.28150119623857,32.871771648,0.0466491642620845,0.0467626988917115,0.0749926216078824,0.00430179386010213,0.00360882100602574,0.00203823620667693,0.000344989477453085,291,0
0,32.957878272,accepted,4.85248425690959,0.414716757230004,0.535622408902467,0.0732771971339279,0.759295601122107,0.3188310139573,-0.22216760688314,-0.0184685341219457,-6.88566346946753,5.9643894150842,4.71154870246955,0.15,0.21,-0.39,2.26194671058465,-7.23711209960392,5.46488918613012,4.62161765913054,-0.586297476055371,-0.0989444147767166,-0.17267093183772,2.27831864979555,32.957878272,0.0462766412038077,0.0463755856421963,0.074746085090629,0.00400733024363829,0.00357625086449633,0.0019834920607622,0.000342496421082218,292,0
0,33.058004992,accepted,3.08178944050709,0.411169366170164,0.539999749010492,-0.00132427483918374,0.565550145295686,0.373089110303341,0.108884368948182,-0.0116700531516432,-6.89397945599635,5.99771001647597,4.59810944147349,-0.21,0.39,-0.27,2.26194671058465,-7.25839011754002,5.4968959663627,4.60181464784903,-0.759094792546836,0.0280968783603494,-0.378840826680759,2.27169220335092,33.058004992,0.046218123233364,0.0463041777023065,0.0747654262877033,0.00404965646717785,0.00349032171841934,0.00201076379492138,0.000340519332595287,293,0
0,33.158175744,accepted,2.73741370411984,0.403744867079931,0.512161444281175,-0.0659093201670133,0.646717805880326,-0.143390906124141,0.255757037560631,-0.00764343369668641,-6.9355595266441,6.01992378555472,4.48462029411802,-0.2,0.07,-0.32,2.26194671058465,-7.29544792696657,5.51715771492448,4.55773496831368,-0.830754760820332,0.214150298439272,-0.574578198812199,2.26750882658144,33.158175744,0.0462732365288544,0.0463370725223282,0.0748779677394831,0.0041911613028604,0.0034355641735215,0.00206807564201479,0.000338314648812827,294,0
0,33.260302848,accepted,11.4657389583462,0.497673355408904,0.524066835995398,-0.129496788701259,1.28033393752686,0.0662692800891028,-0.0632453284980623,-0.00626456398634812,-6.89397939195665,6.06435120230063,4.36891468421262,0.28,0.28,-0.63,2.26194671058465,-7.28657135922855,5.5614734801947,4.48464835003573,-0.959503275104858,0.21873508444848,-0.571100838731295,2.26337043862828,33.260302848,0.0461673955632328,0.0462149681576087,0.0748700822069519,0.00415659814811841,0.00340128382381391,0.00206306289763079,0.000335504559356289,295,0
0,33.356436224,accepted,1.62864748351215,0.432812140355906,0.497863510326555,-0.171018601461618,0.445654041828382,-0.0299794180575012,0.219120178109885,-0.0031227372839675,-6.93555947293918,6.07545810728474,4.25999982107483,-0.39,0.01,-0.28,2.26020138133266,-7.33140814880044,5.59165270182389,4.43652032268083,-0.823275994670025,0.0424543904689317,-0.497994704457571,2.26182789355551,33.356436224,0.0460926454461414,0.0461145610191142,0.0748700754270937,0.00397736246557797,0.00337073126273598,0.00203784555628147,0.000333278029043918,296,0
0,33.45857536,accepted,10.7193132613464,0.490038820342383,0.479161076387352,-0.20856241933827,1.20185262224692,-0.139549488336493,-0.117083001564791,-0.00206442850661182,-6.93555946222313,6.08656497163199,4.18861207744903,0.28,0.06,-0.39,2.26020138133266,-7.32290768275133,5.61213576821637,4.37881699117761,-0.881919136664903,0.19844517474377,-0.27829525967409,2.25767322256582,33.45857536,0.0459583054534567,0.0459707539860618,0.0748346617521584,0.00413412504968247,0.00336104473949898,0.00207675026104427,0.000330404785502353,297,0
0,33.558760448,accepted,2.29840104006321,0.473006483736481,0.496948958991823,-0.234934019682277,0.513535301153062,0.225107954294277,0.0171995051473052,-0.00116198207579066,-6.93555942981836,6.11988556423781,4.11859006965301,-0.31,0.3,-0.17,2.26020138133266,-7.36105255613176,5.65197151246204,4.34736739930181,-0.807154446851923,0.0824829464539974,-0.188688829914409,2.25961457477039,33.558760448,0.0458696394716261,0.0458651916482365,0.0748251334655968,0.00400004057795551,0.00333825922130496,0.00205976460524492,0.000327822586619863,298,0
0,33.658899456,accepted,2.79752406086987,0.456916366807651,0.480697698102174,-0.27179492808684,0.564508963960518,-0.048412970145442,0.189144687844213,-0.000241689094923725,-6.98545552017685,6.14209934105493,4.04860026838775,-0.39,0.13,-0.06,2.26020138133266,-7.38941499928832,5.67292998278179,4.32463340093184,-0.935357034144044,0.179972626102185,-0.248259414142226,2.25800705917522,33.658899456,0.0457129558514674,0.0457001280789357,0.0747615071107047,0.00404303438689572,0.00328047859754159,0.00207842575627597,0.000324966920272605,299,0
0,33.757001472,accepted,4.23561606766967,0.442901608998591,0.431350336646773,-0.32822622699564,0.824639707732313,-0.4602752798676,-0.221955178845652,0.00278167758719672,-7.03535165172789,6.11988566160616,3.98003417470765,-0.06,-0.34,-0.31,2.26020138133266,-7.42923462965121,5.68229766220929,4.29150932537294,-0.866932253988002,0.115900097098698,-0.0920284552829366,2.25566501469455,33.757001472,0.0458175083874042,0.0457690591316954,0.0749033373894076,0.00401985987107902,0.00329415617285545,0.00208279363057701,0.000323127546560507,300,0
0,33.873137152,accepted,4.4973109299072,0.494545985750947,0.396367882297226,-0.37120396554224,0.733953538767632,-0.576349649902343,0.0245250520786893,0.0066150856942766,-7.03535167379788,6.09767193101086,3.89886387628601,-0.08,-0.44,-0.19,2.26194671058465,-7.47879369915887,5.68626498445339,4.26216582669151,-0.79569044814916,0.128822976050423,-0.216423744673918,2.25326621047759,33.873137152,0.0462028435171769,0.0461073747820068,0.0753079075760844,0.00403637060781112,0.00327385854786608,0.00210521247947703,0.000321592759836311,301,0
0,33.959295488,accepted,1.51381043419848,0.492890254570457,0.380457672940146,-0.410895634340815,0.286874800488365,-0.176676893056185,0.129503036818765,0.00869680958830132,-7.05198373207068,6.07545822092347,3.838645536456,-0.47,-0.06,0.09,2.26194671058465,-7.50360528745967,5.69048879025086,4.25184366212482,-0.742696604235585,0.112740426514836,-0.0387302828256749,2.2514934341444,33.959295488,0.045524725319653,0.0454552953067077,0.0747900254811561,0.00395371444259563,0.0032296078262533,0.00207431345750058,0.000317728272727706,302,0
0,34.059424768,accepted,3.09923254420562,0.481437156299522,0.365815855768752,-0.478805609532431,0.541561086618837,-0.150857561375325,0.13051996154292,0.0103850478339229,-7.10187984464572,6.07545827050614,3.76866253434724,-0.27,0.08,0.12,2.26194671058465,-7.52387729249001,5.70840445678839,4.24642605696983,-0.789547357933419,0.227782353725372,-0.0105351075256306,2.24876915937267,34.059424768,0.0452421771863293,0.0451754713722045,0.0746046467117159,0.00401226792145625,0.00317185906236849,0.00206964699647026,0.000314336792221836,303,0
0,34.157554432,accepted,2.75159876830174,0.466476984858248,0.360118636836491,-0.557742704327839,0.627226644088531,-0.0368966021209096,0.0499319436942552,0.0119891053605605,-7.13514389649185,6.09767202983925,3.70007711674867,-0.2,0.31,0.2,2.26020138133266,-7.5492166303204,5.74579373711635,4.24864287327393,-0.807837257501266,0.347342071761419,0.148478095591462,2.24589624209924,34.157554432,0.0451574801040689,0.0450701086816161,0.0745723614808621,0.00413841050322679,0.00316621333671789,0.00207496781828989,0.0003113849504446,304,0
0,34.259713536,accepted,1.57712801394572,0.427616321070702,0.31842440229053,-0.639728554404922,0.275981696681145,-0.288461228874236,-0.0494460940687539,0.0119658691628284,-7.18504000855365,6.09767207993952,3.62867541695955,-0.18,0.01,0.25,2.25845605208066,-7.5772343939521,5.76643837068154,4.25330181277379,-0.442918388219866,0.291598073405117,0.296748333264422,2.24488859417017,34.259713536,0.0449728435008661,0.0448777103335965,0.0744536986119299,0.00404965987133422,0.00323977408233833,0.00206716417554648,0.000307699580530687,305,0
0,34.357971968,accepted,0.961274622428231,0.400372147280025,0.309469692938451,-0.723445836243743,0.266639617530564,-0.00695303414936188,-0.140252912512894,0.0121843671664532,-7.22662008864168,6.10877898708324,3.56,-0.27,0.35,0.13,2.25845605208066,-7.59454339551053,5.80733007931508,4.26027151006366,-0.525549589729914,0.357898662441901,0.265906921972106,2.24532388806734,34.357971968,0.0447692281950313,0.0446651892656897,0.0743023033848803,0.00405492159321324,0.00316060950128092,0.00205119559572536,0.000304102032893897,306,0
0,34.458205184,accepted,1.87160043887251,0.362152897781193,0.271341100869457,-0.774451505657154,0.465327286218511,-0.184463372827653,-0.150366304139704,0.0120191387080948,-7.28483220738133,6.11988591117479,3.52089459991236,-0.04,0.3,0.23,2.25845605208066,-7.60846662113346,5.8459015845274,4.27309751737638,-0.490680432979679,0.481368851684789,0.37631231695262,2.24477313824945,34.458205184,0.0447641524688171,0.0446310212474272,0.0743155239123913,0.00419017819651955,0.00316996316252441,0.00207588002048056,0.000301033749863738,307,0
0,34.55832704,accepted,1.82310153593702,0.354636951469942,0.262108860543539,-0.82014792380539,0.488655660845317,-0.101321440934389,-0.0723118214362381,0.013580164473503,-7.30146421027027,6.15320652143288,3.48183264627419,-0.03,0.31,0.14,2.25845605208066,-7.61606028374639,5.89264609850554,4.28263580217742,-0.503858847469615,0.409648247796074,0.209032181120267,2.243189488679,34.55832704,0.0447439413128386,0.0445780830411765,0.0743109848894151,0.00404194356016767,0.00310461038823827,0.00204625758376538,0.000298125632094003,308,0
0,34.658471424,accepted,0.605641550611336,0.329388093817102,0.256694623686177,-0.866624020984777,0.162043910006617,0.151588519732028,0.0108051680387534,0.0148015952521421,-7.32641223144031,6.18652713944658,3.44276190346923,-0.13,0.38,0.31,2.25845605208066,-7.6361346312601,5.94619934624841,4.29395807160347,-0.286570208917934,0.232697092404205,0.297086910083791,2.24344538521976,34.658471424,0.0446808414795541,0.0444856003753678,0.0742658778940589,0.00382775282890365,0.00318154235874844,0.00201475363221325,0.000295283944079826,309,0
0,34.758669568,accepted,1.55261824282385,0.293752406499642,0.270118983462556,-0.918051754577557,0.0520953125614749,0.417020863772676,0.0206349044876099,0.0154077435423705,-7.36799227848569,6.23095463901283,3.40367018651626,-0.22,0.52,0.3,2.25845605208066,-7.65061325364364,5.99538696027179,4.3054792771682,-0.270676668604005,0.114083815105661,0.277306908896645,2.24372771623693,34.758669568,0.044559378397822,0.044350631339582,0.0741677879134638,0.0036601455233359,0.00315195843165614,0.00198251487636826,0.00029264578240419,310,0
0,34.872822528,accepted,1.31130095567335,0.278578547622811,0.255464106485771,-0.982700732997139,0.414601706300642,0.0953796952806875,-0.0581382704111569,0.0182795249211223,-7.40125631704962,6.26427526667057,3.35913408012227,0.1,0.19,0.31,2.26020138133266,-7.65004653259695,6.02041834277931,4.32043170525331,-0.304868263251251,0.0968089507577434,0.364769473013476,2.24119648436504,34.872822528,0.0448400699330655,0.0445897705465845,0.0744351494561393,0.00366341886114152,0.00314850734411146,0.00199003609661785,0.00029106632773789,311,0
0,34.95897856,accepted,1.40659975141248,0.260727100836823,0.23717034959908,-1.02695507120537,0.39766237122863,-0.00442603332600823,-0.187732321355798,0.0169220758240343,-7.41788835324513,6.26427528397615,3.32552081063161,0.03,0.09,0.17,2.25845605208066,-7.64895603164259,6.03303480365927,4.32408319997088,-0.357684482390309,0.094887083037077,0.352873977571337,2.24079310216871,34.95897856,0.044585255845326,0.0443270481366721,0.0741985080761615,0.00362670886173545,0.00308813130184065,0.0019855278754869,0.000288625458504338,312,0
0,35.059087616,accepted,1.07868698476797,0.235570789213544,0.225501980368684,-1.06513570524653,0.196008098737584,0.0477210347725465,-0.177345760514165,0.018644980058971,-7.45115242563617,6.2642753185873,3.28646385083821,-0.2,0.1,0.07,2.26020138133266,-7.65954819414795,6.04882833971512,4.31538870127714,-0.387193133582179,0.0545009858517219,0.240829227571952,2.24119504508445,35.059087616,0.0441596487265387,0.0439258247658882,0.0738206953215822,0.00349197007223883,0.00298701819226608,0.00196195167199484,0.000285272698317086,313,0
0,35.15730304,accepted,0.976959574342476,0.232548910742847,0.242854554889254,-1.09461196179184,-0.109181498307333,0.24594425585292,0.0769179090889846,0.0166491133368671,-7.46778442955887,6.2975959282337,3.24814568043951,-0.58,0.34,0.34,2.25845605208066,-7.70241725331292,6.07913409033392,4.32860597262272,-0.473686256014439,0.10177339223213,0.262002340037913,2.24267351174742,35.15730304,0.0439362488711452,0.0437043782537705,0.0736126737124968,0.00348670509376504,0.00292176436462451,0.00196186110930047,0.000282643934015665,314,0
0,35.259487488,accepted,0.809696541717289,0.249189517941346,0.223036283450454,-1.14115058117506,0.194269993918624,-0.0412449095835706,0.0325423770851277,0.0163509877553056,-7.50936450888436,6.30870283588263,3.20827901865572,-0.43,0,0.26,2.26020138133266,-7.7322863778382,6.08793320536855,4.3318981149274,-0.615609998122642,0.0405396691260452,0.225430254788747,2.24299118404675,35.259487488,0.0435601281662786,0.043346324552772,0.0732611246619765,0.00335901618412033,0.00281036021319353,0.00192402346879698,0.000279718215700155,315,0
0,35.357602816,accepted,3.1074929860014,0.264529658424368,0.206420137032975,-1.18192674282697,0.56619255610765,-0.0566609257551802,0.110752358373325,0.0119904241910178,-7.53431257654042,6.29759599805176,3.17000000256085,-0.08,-0.1,0.33,2.25845605208066,-7.75047697481853,6.09261235027016,4.33733167078248,-0.629436012370769,-0.0450307979917817,0.217763919988641,2.24452578602723,35.357602816,0.0433512259229619,0.0431314755145297,0.073047529718721,0.0032536582991934,0.0027682990185493,0.00190257656690093,0.00027732105094565,316,0
0,35.459725312,accepted,0.965429667529965,0.242845628615037,0.199657093702797,-1.18655282568112,0.213413842445571,0.0738916468597963,0.041718653465237,0.020665252130347,-7.56757667307627,6.27538230474129,3.17102156985214,-0.34,-0.17,0.24,2.26020138133266,-7.78372214520664,6.08783622909596,4.33941624882984,-0.545297208078456,-0.241204786495915,0.196190774802926,2.23902497109311,35.459725312,0.0430086608950248,0.0427998426233099,0.0727045003065852,0.00305235238249284,0.00273977306435471,0.00185874472747024,0.000275658855846057,317,0
0,35.55789056,accepted,2.80938518168656,0.243663689089467,0.217642648765441,-1.19124738629723,0.00269551977088356,0.376267369257739,0.431621975665222,0.0258416554367273,-7.59252471530444,6.28648919543133,3.17200355139808,-0.58,0.18,0.7,2.26020138133266,-7.83138822130227,6.09838666789609,4.36773759597122,-0.583004054861371,-0.187555185231085,0.271654975090943,2.23463250145215,35.55789056,0.0428810369066839,0.0426664199961066,0.0725581365083917,0.00307470513848338,0.00271819336799455,0.00186145399241002,0.000274482178828159,318,0
0,35.65814784,accepted,1.85199748945056,0.25282168328128,0.189439475564973,-1.23021062700416,0.35908557154008,-0.0380011286804175,-0.0848743453228183,0.0123758782879437,-7.64242083848547,6.27538238428641,3.17300646027686,-0.33,-0.14,0.31,2.25845605208066,-7.85459772394171,6.08696291010649,4.37318148575301,-0.67533373624767,-0.103190693506352,0.390096365610081,2.24481684783399,35.65814784,0.0425440975497966,0.042344729626125,0.0722117027527704,0.00310215382396,0.00266238268069474,0.00185544680617565,0.000271084670119399,319,0
0,35.758326784,accepted,1.55442388734784,0.240696852040301,0.185938679773296,-1.23761626580866,0.353064726900343,0.108690206697094,0.0193802061266927,0.00666318424355428,-7.68400094053344,6.26427556445449,3.17400858553304,-0.32,0,0.39,2.25845605208066,-7.8927460230013,6.09040163461796,4.39039315065797,-0.662770876257059,-0.106186366724284,0.367943690156508,2.2508619795778,35.758326784,0.0423876198030196,0.0421839233344377,0.0720273759001506,0.0030670499023081,0.00263422340256978,0.00185394726125935,0.000268591486967475,320,0
0,35.868461056,accepted,1.99614639527707,0.206424644165104,0.13705026290876,-1.25466247215584,0.341930030657173,-0.174809551729166,0.0300526431093856,0.0101446392878395,-7.76716118440974,6.20874133292451,3.17511029744111,-0.46,-0.34,0.37,2.25845605208066,-7.93613945063928,6.05962671288903,4.41036343646081,-0.789005876842822,-0.17044824994351,0.337693004787245,2.2468242931788,35.868461056,0.0422211403995302,0.0420241643149749,0.0718365484820849,0.00298243432345443,0.00255996897215075,0.00182080543586509,0.000267029104246487,321,0
0,35.956652288,accepted,2.01888836132074,0.20746271374134,0.171904194788835,-1.2635821356397,0.34771895065819,0.283002368194429,0.123333157275005,0.0118543258476325,-7.80042524583541,6.21984823325992,3.17599250539252,-0.47,0.16,0.45,2.25845605208066,-7.98141521026324,6.06899619519771,4.42403887185958,-0.809555994378259,-0.117435479364001,0.325387053169751,2.24590215007469,35.956652288,0.0419565940651492,0.0417577369837465,0.0715360241131505,0.00298809569689401,0.00252681968067568,0.00181864933204741,0.000265310495921033,322,0
0,36.056817664,accepted,2.74987221337764,0.20725359536988,0.167912204150864,-1.29122357853019,0.448079765773593,0.275324696827439,-0.15297920106272,0.0101222982275835,-7.8503213549571,6.2198482880137,3.17699449492323,-0.25,0.06,0.32,2.25671072282867,-8.02290044719711,6.07252328987296,4.43449108522805,-0.687179799406739,-0.209803259897238,0.467564765175441,2.24598576078891,36.056817664,0.0418660871882958,0.0416573635989141,0.0714066294281438,0.00292244509407361,0.00256237951393694,0.00180228867926085,0.000263616949092061,323,0
0,36.156974592,accepted,0.882182739206823,0.193634118086822,0.160038486694329,-1.29501531015081,0.200305607060447,0.0377362153902452,0.00936316685527944,0.015400176300608,-7.89190146024561,6.20874146928408,3.17799639994561,-0.39,-0.19,0.3,2.26020138133266,-8.06253506626864,6.0559171642826,4.45102954559163,-0.583214540352905,-0.226497642163162,0.287968678489024,2.24430155753185,36.156974592,0.0415724639371875,0.0413762357686006,0.0710730266030855,0.0028453288002645,0.00252594830649119,0.00179517351309654,0.00026178818199556,324,0
0,36.257087232,accepted,1.98254566286192,0.168566336480979,0.133919918558628,-1.29965107702296,0.375840628833791,-0.0152852649571387,-0.0634542906049873,0.0132548169118585,-7.96674566363157,6.17542095835115,3.17899786193953,-0.45,-0.1,0.22,2.25845605208066,-8.0972274116557,6.04302533671936,4.45023881608433,-0.812843455904106,-0.0855034910236379,0.279335154495593,2.24391067127447,36.257087232,0.0412888311189939,0.0411055144962849,0.0707495310909939,0.00290101502852891,0.00242133118983115,0.00178734675243292,0.000259509744701785,325,0
0,36.357267712,accepted,2.92207284676922,0.148348958539927,0.126633858024129,-1.30381216926454,0.381222381362908,0.0679111741391678,-0.380273740846633,0.00294164050319523,-8.03327382381447,6.1643141693265,3.18000005367013,-0.46,0.04,-0.03,2.25496539357667,-8.14986546993495,6.04443190745542,4.43476705042759,-0.830613979228132,-0.026448055375233,0.3415429214296,2.2513174639405,36.357267712,0.0411702732515227,0.0409803552857115,0.0705821708787216,0.00292984464570623,0.00240710293705636,0.00179006478735755,0.000256813947991514,326,0
0,36.45743104,accepted,2.93587771279035,0.179099129711597,0.11410294336229,-1.26273104572721,0.350904585854326,-0.400346612049499,0.0811404006248839,0.00402261847750029,-8.04990587099726,6.15320732426247,3.20099918958104,-0.4,-0.5,0.33,2.25496539357667,-8.19867941444529,6.01507624554973,4.44882743734532,-0.73993911201603,-0.108690613354196,0.247861483841592,2.24930405296919,36.45743104,0.0410459104198348,0.0408474186195904,0.0704050472796902,0.00284213542694854,0.00239426245468662,0.00177608639282892,0.00025510890347616,327,0
0,36.559565056,accepted,1.43144070939043,0.152918782796057,0.0958906525125256,-1.25122757377721,0.120241567130513,-0.24078674959653,0.167489019284993,0.0178747834576329,-8.10811806374755,6.09767306654335,3.22241147814948,-0.49,-0.41,0.38,2.26020138133266,-8.24701181019241,5.98587270336304,4.46693152802016,-0.605368102597739,-0.175264892666723,0.213338458995697,2.24144623071469,36.559565056,0.0408642249745245,0.0406663888430428,0.0701684540967536,0.00276576350367942,0.00240259343779516,0.00176388845019723,0.000254088208062031,328,0
0,36.659746816,accepted,1.86222997782046,0.151042640610729,0.123188433907424,-1.24822781062596,0.333870312023002,0.27922618147442,0.0413360860192552,0.0253405988144149,-8.15801418890066,6.08656626142057,3.24341447830973,-0.3,0.05,0.3,2.26194671058465,-8.28594230739708,5.98219923665052,4.47173933487485,-0.62706998246144,-0.224188945942342,0.256355714770338,2.236353403599,36.659746816,0.0408191918732481,0.0406110549005969,0.0700697149687037,0.00272657333489553,0.00238903900204149,0.00174050349925818,0.000253264757571291,329,0
0,36.759938048,accepted,2.93021718293661,0.139591478885441,0.108464905489252,-1.23145124137077,0.444592421763457,-0.0840561990524883,-0.200932901777037,0.0190608330739335,-8.20791031146571,6.07545945414171,3.26441946426477,-0.19,-0.17,0.08,2.25845605208066,-8.30610408457517,5.96213908200448,4.45815462861893,-0.620301066161531,-0.0889414411803992,0.274647742807256,2.23800754053866,36.759938048,0.040596618012836,0.0403970292144002,0.0697893924153385,0.0027895659197431,0.00236195079913716,0.0017409953713506,0.000250614872713736,330,0
0,36.87421312,accepted,1.23211648713933,0.141594553912544,0.120403018452616,-1.19992033334642,0.197201754397025,0.203174219401557,0.0643975381864482,0.0134508999301084,-8.2328583821057,6.06435261767194,3.2883771123988,-0.4,-0.03,0.23,2.25496539357667,-8.35584260714599,5.96239251241815,4.47232236902133,-0.591892189156658,-0.228267425483158,0.16415149903836,2.24130219600963,36.87421312,0.0406121478366289,0.0404028901582615,0.0697446293878247,0.00266366306334586,0.00233753612932401,0.00170391089533553,0.000248566918828484,331,0
0,36.958369024,accepted,0.988617361800062,0.125707914327668,0.106737721971055,-1.17905046166645,0.197279090027652,0.0104577092975656,0.152411927417839,0.017965946979726,-8.27443849929059,6.04213893664954,3.30602030877704,-0.27,-0.38,0.32,2.25671072282867,-8.38229631697893,5.93895905639246,4.47690181799804,-0.461802084860177,-0.390403294606222,0.16782462528806,2.23821700391657,36.958369024,0.0401966269812016,0.039996777607724,0.0692574167370534,0.00253037111752595,0.00235079161498664,0.00166674237623089,0.00024705030923441,332,0
0,37.058463232,accepted,1.18579870194867,0.0834692948646758,0.0803010255935197,-1.15982917064238,0.211881104982841,-0.0101087738583952,0.182335305384135,0.0249824495622657,-8.34096671332781,5.98660469209649,3.32700495375296,-0.18,-0.31,0.28,2.26020138133266,-8.4059696307769,5.90764916021482,4.48213878745308,-0.385890444213281,-0.300638219782104,0.0986494348690644,2.234536950113,37.058463232,0.0399923327324341,0.039799648087983,0.068983120344387,0.00254956981819044,0.00234328891611397,0.00166772333220487,0.000245588611210465,333,0
0,37.15863168,accepted,1.66147717227073,0.0613928673266813,0.0724167859313924,-1.13988938637102,-0.12654908402314,-0.00179694744263803,0.32400740701039,0.0227146456761815,-8.37423082667953,5.95328413898009,3.34800516306647,-0.39,-0.24,0.39,2.25845605208066,-8.44555254487689,5.88347990047128,4.49601304190954,-0.267138784995082,-0.237394889058285,0.0699423767319068,2.2360107229619,37.15863168,0.0397871583124427,0.0396016993588182,0.0687037054788774,0.00255645095544021,0.00236764831449563,0.00167071427506638,0.000243179730224286,334,0
0,37.258775808,accepted,3.60950830032395,0.0631949891964894,0.107864097003563,-1.13539456196892,0.0633757686236445,0.632196151464808,0.451128979534682,0.019100077525291,-8.40749488799514,5.96439104154574,3.36900027371766,-0.17,0.35,0.53,2.25671072282867,-8.46898963579281,5.88397396437745,4.50246126946079,-0.234093758934641,-0.273618326111808,0.080462451836797,2.2383511960301,37.258775808,0.0398940185622316,0.0396885493858804,0.0687487695756969,0.00254091308105836,0.00239143320960344,0.00166536817869632,0.000241877300870516,335,0
0,37.358942208,accepted,2.32752267945798,0.072051511026098,0.140961301022039,-1.11657032470759,0.248905418741164,0.495853643628604,0.306493597405736,0.0137035742904983,-8.41581086898118,5.99771164458793,3.39000011267856,0.12,0.24,0.35,2.25496539357667,-8.47855013729691,5.87816401452931,4.49839986559742,-0.126820977633862,-0.249660949362242,0.0436858809889265,2.24159724123317,37.358942208,0.0400198949633703,0.039794689183962,0.0688146749400201,0.00256134906753834,0.00245024688019476,0.00167907964584743,0.000240285305246198,336,0
0,37.459160576,accepted,1.86054977232867,0.0351778882559888,0.137575773824521,-1.06728769787159,-0.214957350665206,0.0853679173568005,0.364325776424697,0.00981152861416801,-8.45739096125141,5.99771169365295,3.43411129262035,-0.27,-0.06,0.45,2.25322006432468,-8.50663235107151,5.86979555280005,4.50686147965677,-0.0603201102912963,-0.142099787512472,0.0889641318181525,2.2440569582829,37.459160576,0.0399534103820094,0.0397242635165912,0.0686815862160521,0.00261861817835191,0.00248297437408597,0.00169792599928643,0.000237947458331459,337,0
0,37.559305472,accepted,3.83114677228263,0.0237428756678497,0.138796818807424,-1.03911980598108,-0.272387001275406,0.0202174669431817,0.582353911342506,0.00818896257189872,-8.49065504839079,5.98660486829212,3.47819013381348,-0.39,-0.21,0.7,2.25322006432468,-8.53285972570998,5.85399778793603,4.53809520989882,-0.123922101071262,-0.228394071022621,0.124303339491149,2.24542526477441,37.559305472,0.0398812894034433,0.0396502932614028,0.0685415868475225,0.00255146506867321,0.0024368851019649,0.00167465578761036,0.000235929480792606,338,0
0,37.659472384,accepted,4.16890222140757,0.0307117368017611,0.155846460123002,-1.02496170901671,-0.245342982113372,0.0848724186311011,0.640291296161762,0.00898016059514362,-8.51560310612985,5.98660489781027,3.52227866536335,-0.38,-0.11,0.73,2.25322006432468,-8.56239735177861,5.84095951116,4.56952967720599,-0.140312107964845,-0.191918870088166,0.0966353586737861,2.24466716595028,37.659472384,0.0398330685297815,0.0395997096404243,0.0684266562888966,0.00255955956664393,0.00241183839749699,0.00167259704428385,0.00023419148676425,339,0
0,37.759643648,accepted,2.30897035576605,-0.0394509221082266,0.110834219004334,-1.01048873560218,-0.136481431545033,-0.249033115215152,0.516246692684167,0.0084317430257328,-8.598763370605,5.91996381153193,3.56636911244885,0.04,-0.7,0.5,2.25322006432468,-8.56622543716759,5.80236780962589,4.58382451390598,0.174887124154227,-0.454002079248445,-0.0127488287141793,2.24431570130711,37.759643648,0.0399116237038231,0.0396654991850815,0.0684427606926937,0.00240856527762751,0.00259580751654223,0.00165914020958614,0.000232849292576012,340,0
0,37.877831168,accepted,5.16743388832604,-0.030317770181103,0.157618352312421,-0.962629892525268,-0.083314768504431,0.556084860715135,0.763649284054332,0.0229975218352223,-8.59044735204539,5.91996380137516,3.61838942634573,-0.22,0.35,0.84,2.26194671058465,-8.56760610904027,5.78901378350538,4.59506399487901,-0.140015552984207,-0.197908418542109,0.0811011682015001,2.23977775468891,37.877831168,0.0402606827874674,0.0400032043424273,0.0687439204347097,0.00258301979411103,0.00242440638455013,0.0016591588788456,0.00023294494108471,341,0
0,37.957978112,accepted,4.33126381607107,0.00776182023835581,0.162394014085143,-0.946248625709887,0.273106567435751,-0.257750496239187,0.734903146302257,0.00764505119558123,-8.5738152882079,5.94217751184241,3.65366615594252,0.06,-0.28,0.77,2.25322006432468,-8.56951038153385,5.77277357800947,4.61841183429092,-0.207795169220769,-0.0265957591129115,0.0410261395291999,2.24421641427951,37.957978112,0.0400362479369575,0.0397783731671307,0.0684501434452177,0.00268274532700086,0.00236130884720484,0.00166442306137072,0.000229939639851669,342,0
0,38.058203392,accepted,2.99308435211052,-0.0539062880920422,0.135168556379852,-0.909130481383991,0.0030357103279601,0.217510103885114,0.735535446145003,-0.00781962116156576,-8.64865948441148,5.91996387169131,3.69778037820561,-0.23,0.46,0.56,2.24449341806471,-8.59751693081621,5.7956516797297,4.61797334719284,-0.233611145606584,0.245030227412468,-0.171363518070437,2.25223727046749,38.058203392,0.0401912324548486,0.0398998568231368,0.0685353788841987,0.00288223655703899,0.00232398811555176,0.00170643238542569,0.000227374517189511,343,0
0,38.158328064,accepted,5.17481939713157,-0.0154240959120955,0.134196266573036,-0.85884251980547,0.732922345411743,-0.0878334862946226,0.580414111962701,-0.0114336774152664,-8.64034342544092,5.953284455725,3.74185031779197,0.44,0.14,0.38,2.24274808881271,-8.59392734700396,5.8172727942455,4.61259919627176,-0.280341700591097,0.224309517543302,-0.195925541288497,2.2519615576818,38.158328064,0.0402953377074717,0.0399695209928205,0.068565301078413,0.00286508625480813,0.00229238306599754,0.00169779257256972,0.000225574888733779,344,0
0,38.258465536,accepted,9.47263258604402,0.000539450505948835,0.117419492815867,-0.805868198747621,0.0999458820069121,-0.460295289052552,1.17478729306655,-0.00184521056062703,-8.61539536950546,5.95328442551348,3.78592589130667,-0.03,-0.3,0.98,2.2462387473167,-8.61158010826979,5.81949005561985,4.63199337997666,-0.126151869268449,0.153030556233532,-0.184083274577715,2.24643179734584,38.258465536,0.0403873412586718,0.0400291327175692,0.0685856457766361,0.00281229643221848,0.00237234647730028,0.00170214045358942,0.000224409423212142,345,0
0,38.35859968,accepted,5.6657696656558,0.0246974275309153,0.10843090338427,-0.781057266335093,0.278387241654741,-0.147159506612514,1.00433078638425,0.0112962067395941,-8.59876334375478,5.94217754188302,3.83,0.19,-0.04,0.74,2.24972940582069,-8.61318862103923,5.83079945346803,4.63676526125202,-0.0837956773512341,0.104401699153015,-0.257073391274176,2.23728343244708,38.35859968,0.040528487833047,0.0401363500837167,0.0686562529851631,0.00277707118534279,0.00238579338228379,0.00170044180483668,0.000223804399303869,346,0
0,38.458748416,accepted,8.27430515636815,0.0350099468846121,0.0937693633440819,-0.760181231869936,0.311985056994687,-0.278793681814322,1.20808624874244,0.0168238582558731,-8.58213132057755,5.93107065608809,3.84699909183136,0.29,-0.19,0.76,2.25147473507268,-8.60509226582596,5.82919174644379,4.64136792796373,-0.0164062863075191,0.0842122827619258,-0.438963387277776,2.23316183101523,38.458748416,0.0406635484974196,0.0402451083499225,0.0687241721159344,0.00275831979603351,0.00239727055635479,0.00170162386560631,0.0002226586569261,347,0
0,38.558884864,accepted,4.5890317506764,0.0192460385702127,0.0813284928335358,-0.730590430579539,0.17423071317569,-0.123678503951188,0.948409974280884,0.0215217126391858,-8.58213133348578,5.91996379121839,3.86399609791658,0.2,0.03,0.49,2.25147473507268,-8.59551050873587,5.83627214501641,4.61696769051441,0.0286461331176617,0.151671714028515,-0.452017010233001,2.22916626786852,38.558884864,0.0408119756758834,0.0403657628558338,0.0688078741099909,0.00281876035238001,0.00242303254794408,0.00171429867241038,0.000221449206436278,348,0
0,38.659028736,accepted,10.6203812599796,0.0502139904446537,0.0629377026329552,-0.687380505582245,0.165722604125659,-0.356639414087093,1.35592638009431,0.0135711473684883,-8.55718327807086,5.91996376160749,3.88099436414009,0.04,-0.15,0.86,2.24972940582069,-8.59973854973644,5.84440405645724,4.61296283672931,-0.121189041699506,0.201084511417308,-0.484636846395458,2.23465379209738,38.659028736,0.040932089893185,0.0404510224808647,0.0688576142093792,0.00286122138144853,0.00232757561704463,0.00170521253935484,0.000219258622092778,349,0
0,38.759157248,accepted,4.1969423257111,0.0303726807409888,0.0387210073145665,-0.673550587784391,0.361763631185744,-0.283869539035101,0.770109260468449,0.0118359502797012,-8.57381534127046,5.89775005304105,3.89799002318092,0.31,-0.14,0.4,2.2479840765687,-8.58884934743189,5.84847530757255,4.59147733474412,-0.0452235240485558,0.138881638091731,-0.364322001537878,2.23471721742071,38.759157248,0.0410601722268894,0.0405480676355176,0.0689151049309525,0.00282679082673543,0.00238329270743162,0.00169953173821484,0.000217565537647743,350,0
0,38.877311744,accepted,6.73399308703467,0.0604491274081589,0.0291391220734747,-0.631906182394552,0.280722160782164,-0.214151675014603,1.13426108859666,0.0202270893054091,-8.53223524912489,5.89775000328751,3.91804538491601,0.25,0,0.72,2.25147473507268,-8.58118861219828,5.86102471961548,4.58149609412045,-0.0255648235337742,0.210274228916264,-0.406035439666017,2.23000786394335,38.877311744,0.0414867738642387,0.0409216601219483,0.0692684144243021,0.00290466582710122,0.00239911752316775,0.00171589571967326,0.000216745988981486,351,0
0,38.959431936,accepted,8.98464600907841,0.035150941187327,-0.0138259814416193,-0.617389925819638,0.315798299592876,-0.477680907219909,1.18290551254232,0.0198450661914951,-8.54886732575326,5.86442943114669,3.93198433952266,0.25,-0.25,0.77,2.25147473507268,-8.56964020901511,5.85857859963597,4.58779504961531,-0.0587181518663101,0.219863247770438,-0.403082674644686,2.22978106661425,38.959431936,0.0413254770176116,0.0407498733412565,0.0690407130730511,0.00290138625682001,0.00236141150749739,0.00170703740474277,0.000214748618237536,352,0
0,39.059582976,accepted,3.17823746947809,0.0306564176730113,-0.0353522765667282,-0.598338218547033,0.299743138483521,-0.0436880348554269,0.712607949282634,0.022161615121878,-8.54055133353794,5.84221569296935,3.94898382243143,0.31,0.12,0.33,2.25147473507268,-8.5589863527114,5.87400988560379,4.56604747004683,0.0150895629586007,0.161532161871531,-0.377358097197123,2.22843328971741,39.059582976,0.0414477965259631,0.040838976282296,0.0690914057792158,0.00285807314299551,0.00240261266254535,0.00170057698662149,0.000213228206071813,353,0
0,39.1597888,accepted,4.49875297577013,0.00826177098107195,-0.0381320004100374,-0.557431635086306,0.0624279756741533,0.056014123223814,1.05640628147514,0.0256695627593064,-8.54886733918202,5.85332256618291,3.96599260429178,0.06,0.3,0.56,2.25322006432468,-8.55632446922823,5.89182595196735,4.54608138827619,-0.00165551395548932,0.243781070999811,-0.490452645605297,2.22728125469959,39.1597888,0.041645491447179,0.0409973065738621,0.0692122335739318,0.00292659448767311,0.00238172261768808,0.00171094495163652,0.000212148724604442,354,0
0,39.25797376,accepted,3.40317075413074,-0.0066541917776064,-0.0825890600643024,-0.521720114998319,0.27712273263595,-0.428250076808538,0.603430021269469,0.0188142611844357,-8.55718338395397,5.8311088471947,3.98265836781673,0.36,-0.21,0.3,2.24972940582069,-8.53735813322767,5.89335426868276,4.5222618694544,0.0890858052984503,0.210729283893703,-0.298341182304068,2.22942109810479,39.25797376,0.0417170483289118,0.0410422714290938,0.0692139128348135,0.00291247262907763,0.00245175056039237,0.00170945824184174,0.000210025451846975,355,0
0,39.360140288,accepted,3.1821394858588,-0.0168449538581097,-0.127751199124086,-0.486914778541433,0.272305847285223,-0.480476895823467,0.543063201104527,0.0196542300291798,-8.54886740555599,5.7977882456139,3.99999995654696,0.34,-0.15,0.16,2.24972940582069,-8.51918026363879,5.9023719942777,4.50244895973055,0.0740154356929943,0.322388711705707,-0.378480907362623,2.22856636601068,39.360140288,0.0418665090033822,0.0411551426066459,0.0692855876396234,0.00300196887864654,0.00242366440277596,0.00172881895041639,0.000208246806641378,356,0
0,39.46028928,accepted,4.90487472544399,-0.0167964301064583,-0.158622244482137,-0.520403111711217,0.372873213618471,-0.469293300429882,0.658390764551113,0.0216277591049416,-8.53223539452445,5.77557449684388,3.93085779405504,0.4,-0.09,0.02,2.24972940582069,-8.49537493953207,5.9067648694408,4.47613114752146,0.0365574831849265,0.369608056398751,-0.631595657035895,2.22602830475711,39.46028928,0.0419177177228898,0.0411846192521036,0.0692659749960413,0.00301813903084086,0.00235217289590385,0.00173076174820318,0.000206324214251766,357,0
0,39.558462208,accepted,3.42836800556439,-0.0233546976544314,-0.205649051534834,-0.556964221768435,0.28546232568777,-0.720438888775052,0.344456186795488,0.0233449149111133,-8.5156033967897,5.74225388406977,3.86307967645608,0.36,-0.31,-0.08,2.24972940582069,-8.47905768319059,5.91651128945362,4.42509316643049,0.0811662301242167,0.400333477759486,-0.421967422258578,2.22480808390001,39.558462208,0.0420422212932847,0.0412604241420765,0.0693100185017214,0.00306239239529923,0.00239883918828385,0.00173710301656348,0.000204726415791195,358,0
0,39.658617344,accepted,2.77993809631674,-0.0175081607521257,-0.233972318989677,-0.584642105480687,0.320005109379886,-0.414729587455435,0.365780944172569,0.0294862549993349,-8.49065536487441,5.72004012454103,3.79393305198188,0.42,-0.11,-0.04,2.25147473507268,-8.45436263220792,5.92601521411455,4.3893064793756,0.108271476505378,0.295373337013244,-0.402064215868505,2.22026880101723,39.658617344,0.0420692226107788,0.0412609187945024,0.0692637101713196,0.00296223651845917,0.00239816218755496,0.00171430385746625,0.000202886104738183,359,0
0,39.758733056,accepted,2.10977931009216,-0.0535452916553734,-0.261781017594179,-0.623465837993004,-0.0622523262702307,-0.442747578470593,0.361842190199061,0.0372296718936198,-8.49065539147532,5.69782639626167,3.72481364564779,0.16,-0.08,0,2.25496539357667,-8.43946864305715,5.93373698999215,4.35521322169236,0.222945997209575,0.355468824760731,-0.359023713670982,2.21709953468628,39.758733056,0.0421334588896147,0.0413015110690117,0.0692552169584701,0.00300616242651968,0.00246150094195498,0.00172821920700367,0.000201305177519216,360,0
0,39.876830464,accepted,3.67714811605391,-0.0304094892286102,-0.288019680717568,-0.677302427776619,0.349825140926637,-0.626462954978943,-0.0906864144030312,0.0307685183761466,-8.45739131556522,5.69782635675766,3.64327976282872,0.38,-0.07,-0.35,2.25322006432468,-8.40375878750913,5.94463656750536,4.30699865754152,0.0405852077714845,0.543591294244932,-0.260487181204637,2.2204482505936,39.876830464,0.0424204821751481,0.0415497783883103,0.0694644806235841,0.00317584709516183,0.00235530031865188,0.00173923817446863,0.000198855974047021,361,0
0,39.958981888,accepted,1.77985554788383,-0.0731157097964612,-0.315058859148636,-0.688257048830885,0.227540931417642,-0.421447277893376,0.0587399053508131,0.0226949618686163,-8.47402337928536,5.67561264879184,3.58656281458006,0.29,0.15,-0.59,2.2479840765687,-8.38703810279206,5.95972209714138,4.26806256489238,0.069176932818308,0.56224010516412,-0.648595905893916,2.22389913201047,39.958981888,0.0421234811702906,0.041260997466828,0.0691074941911785,0.00312616947561658,0.00229149555660987,0.0017314784163083,0.000195917674411764,362,0
0,40.059129856,accepted,4.57722246863171,-0.0598102833626069,-0.347153984845456,-0.674549378311105,0.146045511063873,-0.865199005683743,0.407391041611922,0.0265095823298203,-8.4407593041524,5.67561260962965,3.51742113885862,0.19,-0.22,-0.44,2.25147473507268,-8.37308400231352,5.9830497992739,4.19725087660714,0.0491786051175107,0.633835828791244,-0.844611484242127,2.22355987120672,40.059129856,0.0422792575554277,0.0413543388762453,0.0691772985976391,0.00318090247488721,0.00225386346011796,0.00174028174808738,0.000194326848188668,363,0
0,40.159258368,accepted,6.71295741158747,-0.0619170244577756,-0.417345143392532,-0.65343527537125,0.404171627794841,-0.944286173279969,0.38929886404628,0.0280816950362803,-8.43244333802477,5.63118514230114,3.44829289546605,0.49,-0.28,-0.57,2.25147473507268,-8.34878867948016,5.99776029788247,4.11023431307751,0.0968488264703703,0.648966878445054,-0.955623172932643,2.22097487424245,40.159258368,0.0423802521758342,0.041398793094412,0.0691997409813469,0.00318415347396825,0.00225462235367599,0.00174247837291845,0.000192506222314674,364,0
0,40.257412352,accepted,5.75952224664318,-0.0884462744706749,-0.471639038088554,-0.63885354617764,-0.0391859223192368,-0.94012647698234,0.4768858096374,0.0370234517934143,-8.42412735588762,5.59786454028796,3.38052785671362,0.17,-0.21,-0.47,2.25496539357667,-8.33498978070778,6.02279110964743,4.02870033695825,0.212317328233966,0.717326330879901,-0.943302353317919,2.21668449180997,40.257412352,0.0424867621320132,0.0414445477560902,0.0692241828506539,0.00324167309670242,0.00231100079279901,0.00175806559996058,0.000191002845052091,365,0
0,40.35956736,accepted,5.46673534495086,-0.0884444156013373,-0.508970200819934,-0.6364511073769,0.106384755895887,-0.857532982171382,0.289860531880356,0.0420474895792022,-8.39917931222251,5.58675764571814,3.3100005302235,0.3,-0.12,-0.35,2.25671072282867,-8.3019019877875,6.04180467320725,3.95259545391311,0.200020695689692,0.722147633168449,-0.636804926383723,2.21288717563298,40.35956736,0.0425584462350709,0.0414795273390826,0.0692270189884709,0.00324582416114554,0.00232252399871584,0.00175053176531218,0.000189037129345111,366,0
0,40.45770368,accepted,3.30172595751065,-0.131496933840198,-0.552382051248078,-0.646991075717312,0.129117110912054,-0.602623947538795,0.144149084953273,0.0400250141567069,-8.41581137864805,5.56454393601756,3.24223944220872,0.33,0.19,-0.48,2.25496539357667,-8.27494746343938,6.06832220940461,3.88915932385015,0.20719771206465,0.779039448472868,-0.622478763316989,2.21335402227889,40.45770368,0.0424777582167251,0.0413874439392697,0.0690897485384537,0.00326163558525254,0.0023013017830068,0.00174863909371298,0.000186265370371272,367,0
0,40.557822208,accepted,5.99027930598557,-0.154984739917692,-0.603686546148516,-0.649484837675899,-0.047378749120669,-1.07115480453598,0.161817037032803,0.0396651369222365,-8.40749538385929,5.54233019930999,3.17310968072817,0.19,-0.32,-0.51,2.25496539357667,-8.25299272336621,6.09264071483734,3.81964419867203,0.240157920589239,0.736983364300728,-0.670863169671393,2.21411613041467,40.557822208,0.0426326736009681,0.0414786343224323,0.0691589838451036,0.00321627877578999,0.00230720078863589,0.00174158302308755,0.000184430347006473,368,0
0,40.659918592,accepted,7.80601226324094,-0.166781714312746,-0.668641102081622,-0.646248359430412,0.0850603810185775,-1.12673716145233,0.249159905858917,0.0415490443683471,-8.39917940352574,5.50900959590873,3.10261425081188,0.2,-0.16,-0.45,2.25496539357667,-8.2262555545696,6.11360391615444,3.75161278817287,0.121073025743382,0.949427396418125,-0.696707887215367,2.21169029382927,40.659918592,0.0427559105774363,0.041553052335479,0.0692087902694393,0.00340339797837193,0.00223042874545017,0.00176252396971619,0.000182515476716876,369,0
0,40.756102656,accepted,8.14662353744703,-0.145004370711929,-0.698314816357358,-0.655999793647899,0.0726598543885251,-1.03626711267787,0.327428293250711,0.03680686904986,-8.35759930867476,5.50900954719526,3.03620115490072,0.26,-0.08,-0.32,2.25322006432468,-8.2049204301243,6.13826464814228,3.70136739243841,0.194481261788139,0.937235451447672,-0.64347989659133,2.21439354196202,40.756102656,0.0427159036625425,0.0414786637363593,0.0691034681903767,0.0033635889523041,0.00225176173397069,0.00175520985978488,0.000179813341266848,370,0
0,40.872247296,accepted,8.74513696461148,-0.204824462657349,-0.786759779709191,-0.660538720014384,-0.047216438635402,-1.31253516868784,0.445569445298796,0.042460628064358,-8.39086343688488,5.46458212840312,2.95600569636937,0.02,-0.3,-0.31,2.25496539357667,-8.18739930226499,6.18941225103133,3.62245184998844,0.0703191756019191,0.996859961255845,-0.752551181671042,2.21131607547523,40.872247296,0.0431809773250925,0.0418185457518989,0.0694594617446264,0.00342674938121516,0.00218599048989813,0.0017554387660652,0.000178587737197047,371,0
0,40.958360576,accepted,10.0205228675186,-0.179288341665236,-0.826669955626526,-0.667307671371821,0.157975461989012,-1.24721907666488,0.436751374672995,0.0405909750857143,-8.36591539219331,5.45347523486849,2.89654626737429,0.16,-0.15,-0.15,2.25322006432468,-8.17700822627335,6.20809424118539,3.57456207132634,0.00993165078542845,1.07816460867093,-0.582369382639534,2.21068735620801,40.958360576,0.0430486255574317,0.0416519282382416,0.0692683029755655,0.00348713179999517,0.00215753632802418,0.00175272413057939,0.000176415537381723,372,0
0,41.058457856,accepted,13.1803796580327,-0.139046518398795,-0.86091660645962,-0.678155192329584,0.342485197307825,-1.09272612980261,0.609767212600072,0.0413113892402541,-8.31601927801287,5.45347517677464,2.82743117719587,0.32,-0.09,-0.08,2.25322006432468,-8.14965218375164,6.22790212634431,3.53574813678916,-0.00716267665374561,0.978792028139319,-0.680938381667137,2.20869648640705,41.058457856,0.0429954410069842,0.0415704323707486,0.0691616750284366,0.00334770624436912,0.00211527778147434,0.00171500322794468,0.00017398163846461,373,0
0,41.158610432,accepted,13.3388751976439,-0.155502404382066,-0.903655014187274,-0.708615685574428,0.417295726504077,-1.21045001201098,0.748803990264736,0.0525202560488065,-8.30770329497391,5.42015457441344,2.7582779062794,0.31,-0.22,0.08,2.25845605208066,-8.12860360913795,6.24607611842142,3.49332704183348,-0.0942651738849002,0.969752646278401,-0.660970534192168,2.2033022079166,41.158610432,0.0430693443394382,0.0415870977403502,0.069165920326997,0.00332418716038682,0.00206997261247856,0.00169046060707329,0.000172503860802876,374,0
0,41.258744576,accepted,12.8850215494064,-0.144941968602815,-0.937993751233202,-0.73587227616113,0.405671949355819,-0.908919173881573,0.642329143253821,0.0533308809139479,-8.29107127013233,5.40904769155452,2.68913736227561,0.16,0.19,-0.1,2.25671072282867,-8.11204187030516,6.26055633426368,3.46195085899483,-0.228036675426649,1.07596865558684,-0.731990608294986,2.20012576628757,41.258744576,0.0429128573167169,0.0414405427703172,0.0689772933503344,0.00336817420942698,0.00199098713757814,0.00167249128784126,0.000169867042344352,375,0
1,42.458959616,accepted,0.445357007339808,0.0105367480607717,-0.00468554865598492,-0.020909715987266,0.0014158112086019,-0.297755009811687,0.179470297600471,0.0103417847953464,-7.86695416279226,5.52011585516692,2.49348893557441,0.46,-0.08,0.13,2.24449341806471,-7.87219099420921,5.51559739745644,2.50813069717001,0.459132604854779,0.056431876218209,0.0466614148286299,2.22659210328995,42.458959616,0.795201232780656,0.795201245599085,2.01818125704204,0.0673698005981444,0.0674638032799237,0.0654229877421662,0.0219006489405808,1,0
1,42.559090688,accepted,0.342683284246766,-0.0182620309296277,-0.0315404998289743,-0.0466122856063111,-0.150707866594007,-0.164919491573072,0.187608444945529,0.030286366717001,-7.85032214725901,5.49790210785915,2.46642950177096,0.25,0,0.23,2.2479840765687,-7.84281269733244,5.51376401967722,2.50248344055496,0.333277150899851,0.0892372288052824,0.0940710342991766,2.22786429596271,42.559090688,0.530487453182811,0.530487355416543,1.34535018871328,0.0736335652382356,0.0735649040531113,0.0464863353954451,0.0126986238988595,2,0
1,42.659182848,accepted,0.293260365125085,-0.0112640120361247,-0.00677527045892834,-0.0819091180901408,0.0702743522783149,0.270924610278711,-0.0584452241504338,0.0195413318130284,-7.82537407752082,5.50900894537164,2.4393805835514,0.28,0.26,0.13,2.2479840765687,-7.81356938669836,5.5272144103076,2.49842327556075,0.246957365146897,0.134900156399307,0.175984476356618,2.23417677123489,42.659182848,0.398339786212608,0.398339664447801,1.00851707670208,0.07443066441147,0.0745716819304182,0.0349777092017573,0.00896434729485406,3,0
1,42.75933056,accepted,0.263493165398009,-0.0335725006647465,-0.0289046053500321,-0.105593101646963,0.109170432009601,-0.197831213235016,-0.122093927140819,0.00608049487024243,-7.8336900865155,5.52011581884666,2.41231665295221,0.14,0.07,0.1,2.24449341806471,-7.8012921764863,5.53267633531864,2.49231525174378,0.0783728784536294,0.173470720897673,0.204274765436523,2.24140512569657,42.75933056,0.319276643248177,0.319277456592958,0.80687605168658,0.0736846881229615,0.0740681375184318,0.0292622957954534,0.00690797009566355,4,0
1,42.875460608,accepted,0.173072847157709,0.0364701825571911,-0.015641102207101,-0.132207110879688,0.137005766236378,-0.0901915059116351,-0.0882773144822803,-0.00900294928025769,-7.75884588919731,5.54232946631256,2.38093365381237,0.24,0.07,0.08,2.24100275956072,-7.77886483372146,5.54849108797062,2.48695430152094,0.173708422514629,0.113055750991388,0.154175715600643,2.24849685699687,42.875460608,0.266795208177624,0.266796425448582,0.672788793606542,0.0618446632413515,0.0620332870909342,0.0235496583625392,0.00566174467688638,5,0
1,42.95956096,accepted,0.16630493246376,0.006128607294281,-0.0162819347837431,-0.151918739428119,0.0256898044395874,-0.0996670970428928,-0.162890061338896,-0.00143218062979944,-7.76716190774963,5.54232947535111,2.35820636384796,0.04,0.02,0.14,2.24274808881271,-7.77140709615478,5.55113252229037,2.48321758676272,0.0194454414473737,0.086715286729882,0.285144179664602,2.24461453297099,42.95956096,0.229278618994748,0.229280874479213,0.576978592980897,0.0637669547066755,0.0640388827874226,0.0215761700338111,0.00480164736834843,6,0
1,43.059630592,accepted,0.455832616518404,0.00022528842334868,-0.0286647950226122,-0.170566044470608,0.225868381764434,-0.163138007654473,-0.109586412459898,-0.00364783511897304,-7.76716192014463,5.5312226096096,2.33116353359803,0.28,-0.09,0.06,2.24100275956072,-7.75002508310827,5.54358002079934,2.47559896454021,0.146590284510884,0.00487407534033248,0.157313311311908,2.24435531418728,43.059630592,0.201240134650728,0.201242567498433,0.505176581414496,0.0523933948114329,0.0525574041466443,0.0187709742729711,0.0041978530881215,7,0
1,43.157647104,accepted,1.20376134259088,-0.00290832809021602,-0.00880871991265053,-0.182027079399518,0.0651682167937777,0.322759905871605,-0.279895365262105,0.00221138868734005,-7.74221386319732,5.53122258266971,2.30467553876153,0.13,0.24,-0.19,2.24274808881271,-7.73479712216761,5.56578445069461,2.45079042813585,0.0855988843950985,0.0435293478382408,0.0500934484058779,2.24105048959355,43.157647104,0.179403078860119,0.179405231042632,0.449235731222255,0.0439116616224286,0.0440076659217548,0.0166473150199056,0.0037477263831552,8,0
1,43.259803136,accepted,0.4094682652783,0.00364475301520173,-0.023542078214156,-0.167004142299495,0.0177901329943968,-0.0926902605106946,0.251464897969622,-2.82535462665656e-05,-7.72558179935983,5.55343629383166,2.27706887950668,0.06,-0.01,0.05,2.24274808881271,-7.72729062219118,5.56860874866419,2.43748920532078,0.0497718343689356,0.0581672795003757,-0.176448328509023,2.24258721400605,43.259803136,0.162303907462194,0.162306944379316,0.404744273948057,0.0415705976335469,0.0416738088477319,0.0157510409199572,0.0034026253745747,9,0
1,43.359969792,accepted,0.326821547891628,-0.0549789582292428,-0.043643299968152,-0.170507006863781,-0.237389907869019,-0.0212077251527672,0.0161494225933211,-0.00298377707694719,-7.78379395828301,5.53122262776973,2.24999958880682,-0.31,0.11,-0.07,2.24100275956072,-7.75362320563638,5.56902460093888,2.40510759516581,-0.149432035205976,0.12403841677244,-0.0882729731683538,2.2441232420126,43.359969792,0.148135517130577,0.148138903371411,0.368357522222966,0.0393759905269269,0.0394880389476986,0.0147327041075931,0.00313197782852199,10,0
1,43.460067328,accepted,0.0589532382055188,-0.0382151230522068,-0.0386633083505412,-0.213117430458562,-0.0463338748547088,0.0493788431611937,0.0643793508402789,-0.0088693503044075,-7.80042598428301,5.54232951141258,2.1847707073437,-0.07,0.14,-0.09,2.23925743030872,-7.76849481347149,5.58094077552518,2.38240162792094,-0.0345034010881584,0.102036407840285,-0.149480115038626,2.24732686434927,43.460067328,0.136667353632575,0.136671272002592,0.338213274762331,0.0393052070063855,0.0394346420791935,0.0142678081652516,0.00292008234650605,11,0
1,43.558241536,accepted,0.0912424159209262,-0.0541936877708382,-0.0361181079554598,-0.248430354779188,-0.0038407430362818,0.100913499665852,-0.0369214666069228,-0.00147121105833881,-7.81705802242139,5.54232952957271,2.12079516876134,0.06,0.05,-0.16,2.24100275956072,-7.76758484653792,5.58508785660483,2.34750436935343,0.0621830566594374,-0.0188160812771468,-0.127514141928296,2.24273463018595,43.558241536,0.126623777778665,0.126626665221833,0.312629288798397,0.0352317619226406,0.0353332641294425,0.0134363299875122,0.00275478119012198,12,0
1,43.656404992,accepted,0.0789417173754886,-0.072300652095219,-0.0433266198243176,-0.283335745285124,-0.0455766242929355,0.0694908401852924,0.0643586685673806,0.00677572809594595,-7.83369006223873,5.54232954772798,2.05682663675437,0.02,0.09,0.04,2.24449341806471,-7.76980392867842,5.58702774771732,2.32215124512373,0.0552802714832705,0.035571716393806,-0.0196846175124378,2.23842786479825,43.656404992,0.118429078044565,0.118432040266693,0.290907747330394,0.0366832652632953,0.0368015015263006,0.0133607815466904,0.00262548253606442,13,0
1,43.758541824,accepted,0.887230178856948,-0.0793862497270643,-0.0481303736388092,-0.325000167308522,0.210558896930101,0.0421606096155243,-0.23324301175265,0.000748223245316648,-7.84200608143622,5.54232955667864,1.9902688414901,0.26,0.08,-0.27,2.24274808881271,-7.74488272768192,5.59168055587011,2.27570532643253,0.121270734066047,0.0515345882464325,-0.0694471841246712,2.24243850585758,43.758541824,0.110878604860978,0.110880751545951,0.271953707450216,0.0310374088307859,0.0311051220015938,0.0125358293771591,0.00252246368129742,14,0
1,43.870704128,accepted,0.249335032947044,-0.104490568684358,-0.042555811963525,-0.354659773540691,-0.174836491907182,0.0208339278938647,-0.0904904202583273,-0.00162413783824267,-7.84200606916588,5.55343642034224,1.91717791513358,-0.15,0.06,-0.08,2.24274808881271,-7.75750104093167,5.59468722522201,2.24452089224255,-0.0150538051533027,0.0433438701124913,0.0015637979108106,2.24423163823832,43.870704128,0.104972089279186,0.104974320038039,0.255754349297553,0.032638269478925,0.0326649083534907,0.0126720103663714,0.00245716597300993,15,0
1,43.956815104,accepted,0.236936565948226,-0.113411549580818,-0.0438606907878958,-0.383261761113897,-0.00979548235361469,0.201481989524455,0.030233044075589,-0.00522796734382736,-7.87527014492942,5.5534364571801,1.86106342050528,-0.1,0.23,-0.01,2.24100275956072,-7.76961003741678,5.60727314334554,2.22252523187984,-0.0927215052039012,0.0653746199872109,-0.0384955865564539,2.24570545076604,43.956815104,0.0994768607604523,0.0994790932952214,0.241248646413574,0.0326212173241946,0.0326414211749225,0.0127543660421338,0.002377176282983,16,0
1,44.056986112,accepted,0.945171541526381,-0.106499618491562,-0.0237460352944172,-0.415022346998301,0.028486629371725,0.391699555451815,0.1591122610424,-0.009889534938893,-7.89190214665264,5.58675706831486,1.79578666077692,-0.12,0.42,-0.05,2.23925743030872,-7.78964731019951,5.63701175537122,2.19479283019044,-0.143026135260484,0.105219148110843,-0.196400737488232,2.24791638631236,44.056986112,0.0948876465666545,0.0948899093999664,0.228586872809558,0.0322482746486166,0.0322645905351761,0.0129481707753457,0.00232993644789765,17,0
1,44.15715328,accepted,0.187220124627235,-0.129493915445607,-0.0387672300256829,-0.441035092105758,-0.00560367307614595,-0.0221276758468135,0.146741231425362,-0.0092137030776529,-7.93348221850262,5.60897084349744,1.73051240339692,-0.21,0.16,-0.08,2.23925743030872,-7.8117267002467,5.64383818953571,2.15503175265648,-0.205678250783895,0.177394445819889,-0.215660148886226,2.24780887326565,44.15715328,0.0908069720126719,0.0908091793060862,0.217315335242607,0.0327404273025892,0.032769298126609,0.0131107848503454,0.00229445572186272,18,0
1,44.257279232,accepted,0.572292989629605,-0.125914914122788,-0.0431723123161571,-0.466917480778765,0.271228923864097,0.111989330647739,0.115135450865283,-0.0172756948431489,-7.96674628199582,5.6200777439989,1.66526500455596,-0.07,0.29,-0.09,2.23402144255274,-7.82649785800616,5.66960493233819,2.11436203849202,-0.284713275578926,0.201293556807261,-0.194360729593749,2.24923405963284,44.257279232,0.0871817071953109,0.0871842389224383,0.207236695845016,0.0334675805198316,0.0335350671921696,0.013316891263924,0.0022690408010619,19,0
1,44.357431552,accepted,1.78611475203358,-0.13899634216913,-0.0588394290079579,-0.501708144569514,0.484931711670437,-0.0882378215028107,-0.125265918675987,-0.0150452556634755,-8.00001034523239,5.63118464545386,1.60000042292293,0.07,0.16,-0.23,2.23402144255274,-7.81740333902821,5.6775754971993,2.06781289346294,-0.280272221603605,0.223207624919235,-0.113796094980895,2.24701074232938,44.357431552,0.083528654664946,0.0835313384443677,0.197975329456389,0.0315750004611799,0.0316707987488036,0.0130290915206059,0.00225008614355055,20,0
1,44.459641088,accepted,1.10022927530056,-0.137457189438944,-0.0392736764478636,-0.476124608264749,0.39825650391876,-0.0114666051672265,0.115288302901807,-0.01399157311773,-7.9833782699017,5.66450522062123,1.57755056739291,0.09,0.32,-0.01,2.23227611330075,-7.81679269186776,5.70066341211949,2.03926582329442,-0.212212940725126,0.32817597150742,-0.110501766483679,2.24373101457629,44.459641088,0.0804693534744439,0.0804716376749231,0.189712464701268,0.0309530138025188,0.0310131667268384,0.012960549013681,0.00224035289330946,21,0
1,44.55983744,accepted,0.422661216593447,-0.149167304408905,-0.0444379436241356,-0.476014101796431,0.230644501453602,0.00234234033818684,0.0445183272441276,-0.0105585830162753,-7.98337824523636,5.68671894863693,1.55554317334214,0.08,0.19,-0.01,2.23402144255274,-7.81975786453707,5.72918477668429,2.01341229024003,-0.0931218457438388,0.18801727013835,-0.0491132857479951,2.2434669072221,44.55983744,0.0775855234254132,0.077587992081945,0.18213071902054,0.030221181705986,0.0302644873355075,0.0127047992797302,0.00223425306635734,22,0
1,44.6580032,accepted,1.05811594690572,-0.134456454999882,-0.0543745773940989,-0.478757927609667,0.377742385260646,-0.0808099619116221,0.0385479008966196,-0.00389580560451153,-7.96674619534086,5.6978257936228,1.53398178393535,0.3,0.13,0.09,2.23576677180474,-7.80268870396448,5.74189699420633,1.9952235467334,0.0194036446300567,0.189476485316474,0.05683302868403,2.23895414513034,44.6580032,0.0748788708288644,0.074880840148573,0.175146158292542,0.0294213169273703,0.0294621070877414,0.0124237157294408,0.00222802169967963,23,0
1,44.760190208,accepted,0.488383591499384,-0.152601205812088,-0.0467997446656305,-0.494282304223351,0.168168613437195,0.167085742988795,-0.116239790382415,0.0016645067382508,-7.95011414299656,5.70893263938993,1.51153715689019,0.16,0.27,0.05,2.23751210105673,-7.79107335840506,5.76706423999003,1.97736777802417,0.0277236131172474,0.139670314045594,0.155616428055951,2.23601685339106,44.760190208,0.0726723367368718,0.0726745671700272,0.168933442486158,0.0303910400060857,0.0303881509774511,0.0124487497997947,0.00222865157836289,24,0
1,44.876392704,accepted,0.452148432784539,-0.152931042343588,-0.0593855737622873,-0.507660313375113,0.240548769745732,0.012291610314869,0.0419673758454102,0.00414269987865268,-7.94179811437339,5.72003949461073,1.48601413067109,0.23,0.11,0.11,2.23925743030872,-7.77372256314832,5.77788569368066,1.97632013153865,0.0471503608814556,0.100379120789772,0.0724074739633274,2.23560781692499,44.876392704,0.0708712619992259,0.0708736447493442,0.16341836972987,0.0300032011106996,0.0299785621122669,0.0124867392501336,0.00225370288331799,25,0
1,44.958524672,accepted,0.485882879057668,-0.164244046418345,-0.0695506455904846,-0.510856155843632,0.180059229164907,0.0082877898724886,-0.122369297987445,0.00198704204180578,-7.93348209504393,5.72003948523035,1.4679744461131,0.32,0.13,-0.06,2.23751210105673,-7.75686131316515,5.78744184648581,1.94681310271924,0.190728075238014,0.123416966773053,0.0457423051537356,2.23567167227926,44.958524672,0.0682113618028626,0.0682128160596159,0.157508741830872,0.0260392995321634,0.026052560628827,0.0116960101527758,0.00222426740249175,26,0
1,45.058657024,accepted,1.1172145238896,-0.150959412608957,-0.0415108538194682,-0.506329696308011,0.0502888453990164,0.413735147262705,-0.077808680380063,0.00288499917256946,-7.89190195062755,5.76446689755114,1.44598110919307,0.19,0.64,-0.06,2.23925743030872,-7.74379107554465,5.83393354078023,1.92798904758641,0.148058264655631,0.304844567053447,0.00992131110369363,2.23646624262898,45.058657024,0.0665377454379583,0.066539254998782,0.152675215664903,0.0267765080324788,0.026780266274497,0.0117444318572831,0.00222290333111073,27,0
1,45.156819712,accepted,1.81768464108481,-0.105662865830877,-0.0645967548220749,-0.503048511662896,0.234611454867133,-0.390370213638514,0.107000396978368,-0.00220349747237725,-7.8336897825353,5.79778742683104,1.42442039452855,0.4,-0.14,0.07,2.23576677180474,-7.70866889951546,5.82019818924919,1.91934540960175,0.22736080349635,0.146273298075078,-0.0249187662104503,2.23763352665989,45.156819712,0.064616928654532,0.0646182136345939,0.147873610486166,0.0247277689178582,0.0247282210594799,0.011266186443658,0.00222698121047947,28,0
1,45.258929664,accepted,0.198133092232664,-0.120213374021236,-0.05022139089139,-0.5137136421985,-0.0421924855524912,-0.0749509927298727,-0.0823154886354981,0.00159706635322499,-7.80042571813301,5.78668052486335,1.4019926922688,0.39,0.08,-0.1,2.23751210105673,-7.68921578076011,5.82747283357087,1.88918356450458,0.420800055136129,0.135018516381262,-0.0285815331076264,2.23586368104386,45.258929664,0.0629012745585368,0.0629027111213867,0.143453731169771,0.0234961329548573,0.0235847014024937,0.0108505175334029,0.00222671942985701,29,0
1,45.359058176,accepted,0.217569281682925,-0.128539354432026,-0.0633433358088968,-0.504074551657903,-0.0774059985562337,-0.0572527612689178,0.0958741307829085,0.00617541574668312,-7.77547766183088,5.78668049783557,1.38000019877661,0.28,0.19,0.01,2.23925743030872,-7.65829342407237,5.84288732287235,1.87421825018163,0.340064980771068,0.23453686724428,-0.0774066706939468,2.23366269384937,45.359058176,0.0614402452498074,0.0614413484339793,0.139461849745568,0.0232606444934602,0.0232763249433543,0.0106737440292129,0.00222109934567188,30,0
1,45.459171584,accepted,0.469105801990326,-0.146009879793126,-0.0656388235161423,-0.475770451480189,-0.196427293094943,-0.0653090205163871,0.0661473035086952,0.00263080520508518,-7.76716163037034,5.79778735436143,1.38801335334996,0.22,0.11,-0.04,2.23751210105673,-7.64523933329003,5.85476116653542,1.85397506591289,0.367040815454037,0.158819109639941,-0.0989075842013998,2.23532200209014,45.459171584,0.0599371850098627,0.0599382542173381,0.135586617930989,0.0221551964772338,0.0221875468083759,0.0102922231635524,0.00222059685520193,31,0
1,45.55933568,accepted,0.918657166150588,-0.0589035916669953,-0.0335609841399114,-0.448208306022063,0.220243754342041,0.231363836188689,-0.0904476941774434,0.00374299994182392,-7.66736935699689,5.84221470348917,1.3960308363833,0.69,0.45,-0.15,2.23751210105673,-7.59231330380604,5.89378420931568,1.82163431395064,0.518565919926684,0.269982117731258,-0.0712047401369207,2.23405206484014,45.55933568,0.0586214218687194,0.0586227479877012,0.132049889950199,0.0221001050804709,0.0221637768753757,0.0100754777993408,0.00221453283765882,32,0
1,45.657507072,accepted,0.94930802323262,-0.059394342933702,-0.0533384763467257,-0.408050879224729,-0.215972898172842,-0.152389950531849,0.258595848332483,0.00304304042425141,-7.60084117011032,5.87553522483634,1.40388881644953,0.32,0.19,0.12,2.23751210105673,-7.55794426857035,5.91684894074749,1.8162174975513,0.497554506208342,0.315229948519815,-0.118522762309677,2.23509697951163,45.657507072,0.0575364576657269,0.0575374900875065,0.128894403618362,0.0226614806018415,0.0226989136773902,0.0100859574058553,0.0022070224619478,33,0
1,45.759675392,accepted,1.17429031586188,-0.0744126068409479,-0.0620204790286643,-0.393645896553915,-0.349372924489455,-0.20103312799474,0.233468836929971,0.000904216952247072,-7.57589310271088,5.88664206310312,1.4120667245509,0.18,0.17,0.25,2.23576677180474,-7.52409897118626,5.9349590434303,1.80636314952948,0.475458083169738,0.339666335323431,0.0317738303084979,2.23565414226567,45.759675392,0.0567482003159936,0.0567492444837024,0.126148465561117,0.0251282365719293,0.0251539987308703,0.0102791367884119,0.00220368803811121,34,0
1,45.877782784,accepted,0.76894908829732,-0.0956030753772019,-0.0779709063705489,-0.393315315450518,-0.354695590185668,-0.107901752813411,0.0596439809128085,-0.000741082607808696,-7.55926105372448,5.89774890886052,1.42152045147789,0.19,0.24,0.17,2.23576677180474,-7.49046500761758,5.96578764450157,1.80644379452992,0.483346022110033,0.32883958011021,0.115144518288576,2.23717435637026,45.877782784,0.0563729816974478,0.0563742060062658,0.123879668128287,0.027554114077361,0.027598260372399,0.0105485389580018,0.00222262139783161,35,0
1,45.9599168,accepted,0.598095481250356,-0.0628070319239855,-0.0709955693590194,-0.380491314263528,-0.288350101280048,0.00222046511578433,0.0705517050576652,-0.000599355000190371,-7.50936491672611,5.91996258479831,1.42809474412403,0.27,0.29,0.06,2.23576677180474,-7.47220698450991,5.98859717691286,1.80258963711269,0.499478846297813,0.287630517285374,-0.0040429702573573,2.23672924771791,45.9599168,0.0551742579713738,0.0551754564836454,0.120946990552952,0.0255147655828518,0.025574902270856,0.0103157495125422,0.00218393787415337,36,0
1,46.060077568,accepted,3.51823287585413,-0.0784343345232541,-0.0880304759764226,-0.351181297031865,-0.361432602460108,-0.286783910712112,0.619575571853701,0.00359085323616348,-7.49273287949683,5.91996256740971,1.43611196077267,0.25,-0.14,0.26,2.23751210105673,-7.4429668887894,5.98484096834897,1.8173042239138,0.549376093307685,0.100510150017456,-0.316644579698881,2.23321353993132,46.060077568,0.0545733567197492,0.0545749098400632,0.118655328313244,0.0245865668336115,0.0246427177312597,0.0103847243827348,0.0021717844526189,37,0
1,46.158243328,accepted,5.19351671333922,-0.104904366684836,-0.0825909025455775,-0.328820213240155,-0.705194479664006,0.0876210864262083,0.735445211365135,0.0103985333549557,-7.48441687256968,5.90885569549015,1.44396949003401,0.1,0.14,0.33,2.23925743030872,-7.42862719575591,5.99417924098894,1.80526444790095,0.699441583186327,0.0648517944350602,-0.357528607588591,2.22866841548427,46.158243328,0.0541069950680105,0.0541091700970327,0.116577519027829,0.0255315035335467,0.0257785379570072,0.0105995123074652,0.00215058605177257,38,0
1,46.258386176,accepted,2.27193528668258,-0.0939223427432996,-0.0747394619243593,-0.325643152351748,-0.296897568615599,0.270527067603343,0.521096428147013,0.0133245004164992,-7.45946880542685,5.91996253280343,1.45198527230344,0.21,0.29,0.32,2.24100275956072,-7.39001867607622,6.01108228436082,1.80018748328932,0.457389397756842,0.0622548832510328,-0.168339790570565,2.22820350368895,46.258386176,0.0537297938360405,0.0537333581106938,0.11466009814384,0.0273379294117171,0.027325052001837,0.0106042800324575,0.00213662072500656,39,0
1,46.358516224,accepted,1.62227304315672,-0.0979996598268835,-0.0813603293930081,-0.324984333418077,-0.299301102648465,-0.0490201987301105,0.459793318111616,0.00237455876353687,-7.44283674509382,5.9421762459271,1.46000001875891,0.17,0.2,0.3,2.23402144255274,-7.37080869631049,6.01701758021537,1.80514808369014,0.418199662590555,0.240023157308359,-0.130962152419965,2.23207696364549,46.358516224,0.0534070788569105,0.0534105296357583,0.112864391669296,0.0278938105201583,0.0279461071561131,0.0106585887340958,0.00212762862768505,40,0
1,46.458659584,accepted,1.84510476271613,-0.089212671347247,-0.0904084345584417,-0.32487703078778,-0.295697120298791,-0.0991863276726597,0.500548594824202,-0.00511056648822805,-7.41788867575151,5.95328308333932,1.46500956825867,0.13,0.13,0.3,2.23053078404875,-7.35481424792693,6.03294085466184,1.81331291261094,0.375696874005195,0.21222427668647,-0.169569395304559,2.23564942804937,46.458659584,0.0531411193297628,0.0531452958935952,0.111194788822302,0.0279768133203788,0.0280171322798049,0.010705397428222,0.00211766289571105,41,0
1,46.558782464,accepted,1.42781806103063,-0.0882964243475488,-0.119485890802069,-0.328958755144957,-0.170686875481717,-0.291471760394464,0.367755741578617,-0.00458598167798652,-7.40957266895631,5.94217621115476,1.47001809327139,0.24,0.02,0.29,2.23053078404875,-7.3394545186178,6.03224735937064,1.81683853766273,0.377979385313659,0.257518444210388,-0.0524244028957614,2.23532164542307,46.558782464,0.0527846271434259,0.0527883723673372,0.109552003464658,0.0281537381670536,0.0281933273708289,0.0106748426001019,0.00210272269692649,42,0
1,46.65692544,accepted,1.93098701142714,-0.0828543354173794,-0.110074940220469,-0.333095965011758,-0.259065326129282,-0.155135777194772,0.482723977934869,-0.000787301405509755,-7.37630859501829,5.94217617697818,1.4749275760002,0.29,-0.04,0.32,2.23227611330075,-7.32011342186142,6.03472904436042,1.83569290567121,0.499696938241129,0.0867957946985284,-0.128791247201501,2.23273943642453,46.65692544,0.0523869936829215,0.0523911876211815,0.107941654751804,0.0271068844307375,0.0271707754943643,0.0106145706526714,0.00208234622845739,43,0
1,46.759091456,accepted,2.71403407879758,-0.120767642774121,-0.149221149680716,-0.339818241829855,-0.159881734416156,-0.396931870206872,0.506455179715591,0.0101541620692123,-7.39294067781718,5.89774873524305,1.48003830640055,0.28,-0.21,0.36,2.23576677180474,-7.29201107985653,6.00427628642851,1.85190543093028,0.407490065116252,0.112659090502681,-0.109622014852234,2.22617419940354,46.759091456,0.0520410134879805,0.0520451527221003,0.106460468837135,0.0264136553178528,0.0264548113268896,0.0104880866855202,0.00206450574337055,44,0
1,46.869248256,accepted,4.4614656561555,-0.173890836171537,-0.134085885586178,-0.351723817379557,-0.566312399645055,0.0369651307853442,0.618954898444441,0.010000257709883,-7.40957274951875,5.86442816019188,1.48554876602898,0.04,-0.09,0.41,2.23576677180474,-7.29907113557325,5.99802536074337,1.88165827175365,0.496259807438214,-0.120035002627346,-0.159606572349101,2.22490936239888,46.869248256,0.0518753658314299,0.0518798966890042,0.105199960771086,0.025655930120467,0.0256659569481431,0.0104340627496389,0.00205623588938163,45,0
1,46.95738112,accepted,3.71948045972534,-0.119714786758636,-0.115195314193715,-0.381854546005028,-0.612754089596607,0.191894852658769,0.51466180882197,0.0182770568940498,-7.36799264476538,5.87553498106386,1.48995750510826,0.05,0.14,0.47,2.23925743030872,-7.30546004046538,6.00337521732335,1.9005782570482,0.561692080917423,-0.021889053620225,-0.00825288153449504,2.22180296037445,46.95738112,0.0513289712893238,0.0513336699347633,0.103650778202768,0.0254541051216099,0.0256067094959029,0.0103321117977108,0.0020199219303456,46,0
1,47.057546752,accepted,3.66604748106977,-0.0744922471999754,-0.0912424213887766,-0.403544482605505,-0.536106321456519,0.189835644044902,0.588605135614211,0.0118983292871477,-7.31809649705826,5.90885552316182,1.49496816873767,0.09,0.15,0.5,2.23751210105673,-7.2927689421569,6.01335934659641,1.93211557835317,0.540099631327077,-0.0109723789949629,-0.0491409037639456,2.22619688639543,47.057546752,0.051166419174427,0.0511716603019731,0.102476712411151,0.025035332739927,0.0251794801455847,0.0102889723638089,0.00200151268439014,47,0
1,47.157672704,accepted,2.82859588680594,-0.0901817323422724,-0.0996533217013802,-0.41276358513421,-0.466445331226211,0.149245234141947,0.531381213618589,0.00711938066805917,-7.32641251573522,5.90885553151186,1.49997684742345,0.07,0.05,0.22,2.23576677180474,-7.2793014439371,6.01801038915355,1.94163731649927,0.466097989431452,-0.0778371936353683,-0.277461071722773,2.22850809509161,47.157672704,0.0510501459624913,0.0510560355223691,0.101391608367365,0.0241277966363342,0.0241865360753398,0.0102379312700822,0.00198301240944767,48,0
1,47.25983232,accepted,6.06504001211152,-0.127944393241396,-0.12748656586148,-0.408248661720524,-0.566258003725233,-0.24194317450025,0.535740965636301,0.00762980966082694,-7.35967661447055,5.88664183740774,1.5050872576716,-0.12,-0.21,0.24,2.23576677180474,-7.31800283986296,5.97543772051865,1.9749998641401,0.306126185935373,-0.0264536616433674,-0.235391207110869,2.22782214525537,47.25983232,0.050022736341464,0.0500274815251941,0.099647844692651,0.0214531093965788,0.0215119863807566,0.00965652377037691,0.00196699404674391,49,0
1,47.35804032,accepted,7.8259626409068,-0.0866027684257729,-0.0817116155408764,-0.439279953596693,-0.61997562180695,0.240898474246498,0.853317504381396,0.00689297816231527,-7.36799263353609,5.8866418459287,1.50999999314674,-0.23,0.18,0.56,2.23402144255274,-7.34407615525203,5.98865711063316,2.01456008244615,0.288685939287138,-0.0233035709123716,-0.230977417197038,2.22742394562229,47.35804032,0.049643218635166,0.0496479308983221,0.0984315793230831,0.0208940060450642,0.020960908824069,0.00949328544155432,0.0019456123634584,50,0
1,47.458205696,accepted,3.0820536808178,-0.0684012709587707,-0.0895518105584738,-0.467909134542516,-0.514154473187287,0.162170814298024,0.498384468870138,0.00455666949872713,-7.37630864097648,5.89774871802537,1.53204856148585,-0.05,0.11,0.41,2.23227611330075,-7.35277345772779,5.99774608251565,2.02664961160328,0.391647050147173,-0.0305237652721208,-0.0571386059763102,2.2279788408255,47.458205696,0.0495237315980097,0.0495289499456721,0.0974863652019131,0.0215194800964184,0.0216625576056069,0.00947543699340943,0.0019253049209968,51,0
1,47.558304,accepted,2.12856982153789,-0.0391697714070123,-0.0590428860670933,-0.471890725876057,-0.364475815490382,0.396703087698087,0.3414280075691,0.0051725050097482,-7.35136054866237,5.93106928568486,1.55408238911316,0.03,0.27,0.37,2.23227611330075,-7.34184183146887,6.01876738185241,2.0388514075403,0.346788656121832,-0.0765553534062551,0.0479944419119919,2.22755170153678,47.558304,0.049515524278326,0.0495211314951577,0.09667418114317,0.0221154312272362,0.0221844129909529,0.00945774989934945,0.00190467629824088,52,0
1,47.658525952,accepted,2.87372015637908,-0.104029131949375,-0.119830218954319,-0.465941424596953,-0.340799468872854,-0.337090620165386,0.404325500475727,0.00605831569721982,-7.40957272653966,5.88664188862623,1.57614343437162,0.07,-0.42,0.42,2.23227611330075,-7.34631162591331,5.96649725207154,2.07194418907079,0.348120532240923,-0.14175466814918,0.0465286850164171,2.22489716126292,47.658525952,0.0490640133023337,0.0490694090184015,0.0955285323019677,0.020988260932854,0.0210688192028986,0.00921740766103235,0.00188412471472561,53,0
1,47.758679552,accepted,6.49027745240318,-0.117545830894173,-0.108145139499329,-0.47278842384933,-0.582536076668077,-0.0979434894814015,0.595558426711935,0.00890246094658931,-7.43452081898572,5.85332132139645,1.59818943385883,-0.36,-0.02,0.46,2.23402144255274,-7.39719779517862,5.9451769073489,2.13625596057238,0.101340423052007,0.0569005608119167,-0.0781347852931817,2.22634471566089,47.758679552,0.0482740042557588,0.0482777712090917,0.0940843245087542,0.0187515840169184,0.0187878766659303,0.00874266544461731,0.0018649666462178,54,0
1,47.874784512,accepted,2.25026764923353,0.00854092653272875,-0.0421648450957317,-0.513228249527102,-0.255088426126768,0.341350026522117,0.467680734424133,-0.00490610449675755,-7.37630862922667,5.90885558298429,1.62374667681986,-0.15,0.38,0.48,2.22878545479676,-7.40427769164901,5.97555011025415,2.15882359595977,0.0742750040865932,0.0781594845003898,0.0356499182206303,2.23350807714499,47.874784512,0.0486489730365878,0.0486533757594736,0.0937561950861837,0.0197323497011649,0.019777474323202,0.00878825436335433,0.00186130402597477,55,0
1,47.958910464,accepted,1.97299605502045,0.0026410942705839,-0.0748750072574191,-0.520551376394312,-0.244949001942132,-0.106377925578163,0.483976035688107,-0.00575845635023287,-7.39294066606737,5.90885560020197,1.64226464017467,-0.12,0,0.55,2.22878545479676,-7.41658608834031,5.97232457303553,2.19004920294746,0.0918956552774951,0.0916924601832741,0.0932299561561502,2.23438435049655,47.958910464,0.0481234889678604,0.0481276558528583,0.0925999452905636,0.01932373151245,0.0193687563984611,0.00862737266023186,0.00182677956197194,56,0
1,48.057087488,accepted,1.45554294964392,-0.038192067964582,-0.123682985282648,-0.52483559239958,-0.0990001061385051,-0.145490974764512,0.422778222352058,-0.00468035873384887,-7.44283683779465,5.8533213301762,1.66387555202166,0.08,-0.19,0.31,2.22878545479676,-7.41496837374625,5.96038106654792,2.21254665108565,0.164365316900002,-0.0643662094164674,-0.0887897336037354,2.23291530561438,48.057087488,0.0479175701508476,0.0479221939516292,0.0917735530722237,0.0186036242842559,0.0186576192246903,0.0085201208210967,0.00180571279294866,57,0
1,48.157200128,accepted,1.23769499729094,-0.0201093767766451,-0.134509583197413,-0.519708409674295,0.0650708676798668,-0.0878331681484874,0.4387121220318,0.00801221668156327,-7.42620483284548,5.82000072017558,1.68591253531635,0.04,-0.11,0.41,2.23402144255274,-7.40189406423983,5.94362068256558,2.22544032083731,-0.0183020780489401,-0.0331789543588134,-0.00832963961371204,2.22653526229311,48.157200128,0.0479364126882726,0.0479408680932073,0.0911900717357393,0.0189913877588444,0.0190490456423971,0.00845170259519137,0.00178567946600099,58,0
1,48.257341184,accepted,1.91129793049859,0.0223268718785281,-0.124677828937212,-0.514144264745388,0.0230963776729104,0.0998181343829713,0.606455453641736,0.00128879982365371,-7.38462473932139,5.82000067687743,1.7079557735946,-0.03,0.1,0.56,2.22878545479676,-7.40482497426542,5.94749047502926,2.24838905361245,-0.0509428548090263,0.00890843741826804,-0.0221188752981324,2.22741659025905,48.257341184,0.0481233451695073,0.0481278633755141,0.0907773176700419,0.0193996579036831,0.0194736050920169,0.00847093519438971,0.00176678677998523,59,0
1,48.357487616,accepted,0.988335936452743,0.0241843668548407,-0.124251712620569,-0.519310825847158,-0.00966819249740379,0.269593555135383,0.371690235000445,-1.93404286212839e-05,-7.38462473932139,5.82000067687743,1.72999971657741,-0.05,0.21,0.36,2.22878545479676,-7.40873309428706,5.95750543175401,2.2590167839356,-0.0411503813562507,-0.0359095310234276,0.00118709830579718,2.22854241496257,48.357487616,0.048421944454115,0.0484265799652716,0.0904794540101988,0.0200576748304373,0.0201237823713262,0.00852563965894978,0.00174781981067269,60,0
1,48.457606912,accepted,1.6374423041061,0.02331569071535,-0.135533071784442,-0.562024290124935,-0.0294459280549871,0.140239184827378,0.527895926557246,0.00450139896338797,-7.3846247510712,5.80889381191851,1.69800865726585,-0.01,-0.02,0.59,2.23053078404875,-7.40964782283812,5.95122061600914,2.28410537022068,0.0160018528754587,-0.145313464602552,0.0848331910779046,2.2261354350292,48.457606912,0.0485543142108075,0.0485588575686503,0.0900723114746819,0.0204193966669197,0.0204328351791359,0.00852138871049864,0.00172862578452292,61,0
1,48.557788416,accepted,1.71112586849236,-0.0114649608019359,-0.151982354507738,-0.627103466042641,-0.26232670813575,0.261579616965457,0.392141825196603,0.00808775392495065,-7.41788884864081,5.78668011799636,1.66599772066893,-0.21,0.16,0.46,2.23227611330075,-7.42953222868018,5.95648216834065,2.30962911320341,0.0203325594530892,-0.0711149154461144,0.0861081416192942,2.22427573346133,48.557788416,0.0485802509105309,0.0485845143547657,0.0896030283805103,0.020209213557134,0.0202520903968669,0.00845593421228464,0.00171024041309191,62,0
1,48.65793152,accepted,0.507967090947337,-0.00437839313195187,-0.153883492628133,-0.692053688450287,0.0367343840967492,0.284407921000327,0.0840529277499506,0.0020071778635149,-7.43452087696494,5.79778700085175,1.63399905400123,-0.01,0.27,0.39,2.23053078404875,-7.42776082861849,5.96637816657954,2.31567062505477,-0.0432263303411727,0.0116465819607408,0.307027190625957,2.22848570015692,48.65793152,0.0489009016265156,0.048904967228919,0.0893959051564963,0.021140626600376,0.021219408761088,0.00847463056318864,0.00169146742380951,63,0
1,48.75808128,accepted,0.35403107720878,0.0158393892595603,-0.165494409158939,-0.746651964436174,-0.134195008407487,-0.0749041375895129,0.0915506302274393,-0.00708855466155889,-7.41788882552976,5.80889384669571,1.60199826054581,-0.18,0.02,0.43,2.22704012554476,-7.44717043238423,5.96131488201031,2.34067545152045,-0.0648146544529244,0.0825608055603692,0.341405874227518,2.23387190874322,48.75808128,0.0486759470277487,0.0486795723460661,0.0887856550422131,0.0204055770583892,0.0204862232603403,0.00831774208335855,0.00167291988631255,64,0
1,48.87624448,accepted,0.64893684862389,-0.0142902464104262,-0.167110135562689,-0.814477689945223,0.00790325106452236,0.318818732288738,-0.0837308151044554,-0.00606520267008781,-7.46778495168012,5.79778703537015,1.5642416432835,-0.06,0.35,0.21,2.22704012554476,-7.45337800696244,5.98314110025315,2.35525534995131,-0.0672080333796436,0.061088275474049,0.28770236273114,2.23260061257226,48.87624448,0.0495071146426297,0.049510900620892,0.0890703277067153,0.0209021598155186,0.0209886879068661,0.00839180199691053,0.00166757463710834,65,0
1,48.958394112,accepted,0.676261951283754,-0.0253504636138677,-0.212606033952409,-0.837387893447961,0.151187414099486,-0.26010840376434,0.0201332043755133,-0.000179031514095929,-7.48441701189579,5.77557332405321,1.53799242005949,0.06,-0.18,0.16,2.23053078404875,-7.44603507237632,5.95758037518585,2.35832925271243,-0.0734591333171078,0.0469677957629733,0.138038726611921,2.23090806593847,48.958394112,0.0489544759370772,0.0489578084844329,0.0881903545939725,0.0197661229163116,0.0198519159439111,0.00823293074272597,0.00163676649698622,66,0
1,49.05651584,accepted,0.425931530903942,-0.0623746307418624,-0.215044413052382,-0.859029165445214,-0.094891777536718,-0.129238716725766,0.0143144729194125,-0.00346666460307032,-7.51768111049916,5.75335962951938,1.50663964246704,-0.15,0.04,0.06,2.22704012554476,-7.47096884028673,5.94293900518174,2.34901905849795,-0.073079645164775,0.143417652848054,0.0442418183624324,2.23055856559441,49.05651584,0.047976271065979,0.0479784662723672,0.0870034103243795,0.0177672456899491,0.0178282170420666,0.00786045500066468,0.00161750171951929,67,0
1,49.15868288,accepted,0.536651933181415,-0.0461943324292582,-0.191207844164831,-0.890449950090614,-0.05533467083885,0.179215833944968,-0.178014081517307,-0.00385278462243566,-7.52599711755827,5.76446650325805,1.47399426872883,-0.16,0.3,0.04,2.22704012554476,-7.48539774378863,5.96294439733375,2.33311458671857,-0.110284053149472,0.136044441445798,0.207812766019735,2.23062811249653,49.15868288,0.0482446317925343,0.0482469050153617,0.0868642134142264,0.0183446539003224,0.01842602249401,0.00784723885010609,0.00160150534561461,68,0
1,49.258845696,accepted,0.898204317464698,-0.0586338440849534,-0.208812696920038,-0.912825492291587,-0.0809552110066234,-0.167375093544571,-0.203753084038385,-0.00423413763996505,-7.55094517359648,5.76446652942641,1.44198930349746,-0.1,-0.1,0.02,2.22529479629277,-7.50525390506375,5.94376509341448,2.30865038825532,-0.0333869665215221,0.0365446327921128,0.205236942238895,2.22924132585924,49.258845696,0.0474552133459469,0.0474580629298933,0.0858248175049865,0.0169018198040532,0.0169734098284267,0.0075351381719734,0.0015844983432716,69,0
1,49.358961408,accepted,1.6394291413218,-0.0786260551705782,-0.196758174333019,-0.918692873654378,-0.0190014987286122,0.122945024005317,-0.470607923197787,0.00221294072159628,-7.58420926264952,5.75335969975256,1.40999913967955,0,0.23,-0.22,2.22704012554476,-7.50961247376669,5.95459285647027,2.27088877361247,0.0166261750351933,0.118696666375031,0.225441299539127,2.225093328858,49.358961408,0.0474571206346627,0.0474596237225385,0.0854773659315031,0.0168542418797705,0.0169397166010482,0.00746126817578627,0.00156826686480579,70,0
1,49.45910272,accepted,1.28311647802084,-0.101636288138553,-0.201065170130511,-0.928794762711463,-0.288161972799925,-0.0209940939116863,-0.275073924995904,0.00290142161128593,-7.60915730693791,5.76446659087983,1.36491613689921,-0.27,0.06,-0.08,2.22878545479676,-7.5387285962583,5.95725196001415,2.24864247822891,-0.0168304706531309,0.0767676441905109,0.177647723533143,2.22598256521297,49.45910272,0.0472895739907925,0.0472921972902881,0.0849893915723826,0.0163907376887931,0.0164767022036996,0.00733405153839038,0.00155137967744675,71,0
1,49.557254912,accepted,1.40512994548245,-0.0772325060307812,-0.192305569415268,-0.94602378226524,0.160865053588225,-0.0787897507191154,-0.425147866276383,-0.00218772990704474,-7.62578933254933,5.77557347296236,1.32072862370953,0.01,0.03,-0.19,2.22704012554476,-7.53837284103465,5.95574133415293,2.21482334992115,-0.136218365870806,0.099655888068716,0.214222492804819,2.22916438300446,49.557254912,0.0473383092190815,0.047340669379486,0.0847119226571569,0.0164737315326088,0.0165611318609728,0.00726707415039109,0.00153301200488989,72,0
1,49.659429888,accepted,1.33628782501128,-0.0742320974145327,-0.168806558934245,-0.967781840591258,-0.0442756248248099,0.128745399752795,-0.411247336941721,-0.0070270123942513,-7.62578930866113,5.79778720201459,1.2747300779037,-0.11,0.18,-0.13,2.22529479629277,-7.55766887242737,5.97221121763973,2.18935501419974,-0.0707950160907773,0.0629002969402974,0.259863852942998,2.23201668772049,49.659429888,0.0474275037279428,0.0474300005570396,0.0844906383338111,0.0165065302510732,0.0165954657577122,0.00720952824963977,0.00151755058679961,73,0
1,49.757590528,accepted,0.777294048409192,-0.084866211973269,-0.182566880575933,-0.981258700702964,0.0370236082332737,-0.182774062391841,-0.142508503926471,-0.00131838327540201,-7.6507373648313,5.79778722861265,1.23053876147637,-0.13,0,0.02,2.22704012554476,-7.56330081117479,5.94897721250864,2.17144630644345,-0.161669831998777,0.150837612547652,0.14877998785898,2.22842290143705,49.757590528,0.0465437721718231,0.046546157319545,0.0833772920676479,0.0149759252746761,0.0150532493963334,0.00688034283791269,0.0015010256960993,74,0
1,49.875794688,accepted,2.09918548731547,-0.0972284132518775,-0.180144387900182,-1.02574849493788,0.0508844507311455,-0.139247504588252,-0.553628547844171,-0.0110272559174645,-7.68400144162129,5.79778726441532,1.1773239756153,-0.13,0.12,-0.25,2.22180413778878,-7.5860399232685,5.96176309040873,2.14041428065599,-0.177261404692068,0.245601450752387,0.278298694425635,2.23233535710837,49.875794688,0.0471031887092457,0.0471052699507397,0.0836421116741465,0.0155679840987768,0.0156362580183408,0.00688611658638673,0.00149391587011473,75,0
1,49.957905152,accepted,2.27350050697037,-0.102094841489474,-0.180959055765746,-1.02279669333083,0.0283567460366005,-0.257996252038267,-0.575994739287835,-0.011101247927265,-7.7006334793711,5.79778728240454,1.14035834971251,-0.13,-0.03,-0.28,2.22180413778878,-7.59987500432182,5.95533427084345,2.10335261860736,-0.157054731746485,0.205838598655314,0.272321539862211,2.23244404164524,49.957905152,0.0468398834123124,0.046841755787871,0.0831106574641417,0.0154541709296604,0.0155359307740269,0.00681872348211404,0.00146790922099935,76,0
1,50.058066688,accepted,1.74769018542208,-0.109869804835123,-0.192324609776817,-1.03193931416708,0.140347275191588,-0.372269716762518,-0.359885927253414,-0.0053469846428289,-7.72558154754769,5.78668044378489,1.09526624221176,-0.04,-0.11,-0.07,2.22354946704078,-7.60889774240015,5.94572635020215,2.08054783765545,-0.169534659540609,0.229169538839713,0.273717455513897,2.2286070526525,50.058066688,0.0470115051998795,0.0470131434677534,0.0830145771778064,0.0155683364808212,0.0156465450693505,0.00678897908225035,0.00145327988159538,77,0
1,50.158225152,accepted,4.00128557744963,-0.107913382101899,-0.198725201693719,-1.04808750480966,0.488249480574012,-0.132902868141571,-0.532821315649111,-0.00804017142811242,-7.74221359860161,5.77557359819353,1.05017551770651,0.15,0.14,-0.45,2.22180413778878,-7.58973529885315,5.95529730898696,2.02565699726765,-0.285742791714387,0.257360163631629,0.0539360097624272,2.22891208905328,50.158225152,0.0468227742698327,0.0468245310063219,0.0825978190639934,0.0148781062536348,0.0149834352309519,0.0066616002273241,0.00143707862061484,78,0
1,50.258390016,accepted,0.895148455323905,-0.112712838750592,-0.192426779474925,-1.0225674334621,0.066673653329038,-0.29928265596015,-0.159898323727921,-0.00409999427521246,-7.72558154754769,5.78668044378489,1.00508191196063,-0.14,-0.06,-0.2,2.22354946704078,-7.61146448811889,5.95076100883763,1.99514657677255,-0.20232142268752,0.21295176769615,-0.0489122229845946,2.22757839698601,50.258390016,0.046977640261185,0.046979220742282,0.0825071451443533,0.0148019619466176,0.0148947251964823,0.00662495556406946,0.00142255875117261,79,0
1,50.358528256,accepted,2.06760287214321,-0.117089085205359,-0.202180486359303,-1.03100036334542,0.371324774934366,-0.222168616671701,-0.218498990703874,0.00148757051693504,-7.7505296150864,5.77557360706604,0.960000292175799,0.12,0.06,-0.19,2.22529479629277,-7.5959108287537,5.94692464231202,1.9461860718664,-0.207402368485487,0.253627257731529,0.0141345124810777,2.22348801257508,50.358528256,0.0465955417595029,0.0465971840042448,0.0819438210848948,0.0143521839621668,0.0144354739225316,0.00646279673281621,0.0014084039211263,80,0
1,50.458688512,accepted,3.01853434500752,-0.126247140446888,-0.200932815001762,-1.01672800192113,0.430583912384069,-0.154210438225348,-0.332903967988988,-0.00173674466194962,-7.74221359860161,5.77557359819353,0.937953079187459,0.26,0.11,-0.27,2.22354946704078,-7.56812534015392,5.9519803097796,1.89417092754389,-0.115521951881785,0.242852857249724,0.0405117669222051,2.22458074376348,50.458688512,0.046077334797091,0.0460792799737361,0.0812384167727775,0.0136906940612129,0.0137683490896553,0.00626718673249045,0.00139336778946658,81,0
1,50.556829696,accepted,2.17677415915756,-0.142031742944851,-0.15130495624396,-0.981556500032767,0.108327107695259,0.484575716424619,-0.317836768628601,0.00497486080966869,-7.71726549232361,5.82000102797975,0.916350449375855,0.04,0.67,-0.25,2.22529479629277,-7.57158304316864,6.00325782730945,1.85448309356255,-0.0608384920397297,0.22408682081408,0.0527234234161266,2.22062507873807,50.556829696,0.0461316103435158,0.0461332851470136,0.081081048658041,0.0137304280605771,0.013829252839173,0.00622082271164475,0.00137932146152364,82,0
1,50.658922752,accepted,1.23348408583917,-0.124989250816322,-0.183286010591588,-0.970058592391051,0.345364642903174,-0.270658338087877,-0.0130040919875759,0.00340867985150073,-7.70894945001506,5.84221474842314,0.893877941859515,0.18,-0.2,0.08,2.22529479629277,-7.56329588790345,6.00060265753863,1.84331528747465,-0.140179205426134,0.048346727476225,0.0898081670690582,2.22245099575437,50.658922752,0.0463617169362604,0.0463631614686634,0.081100690297249,0.0139316840425966,0.0140265707615526,0.00619829958058301,0.00136597554255711,83,0
1,50.759077888,accepted,0.767074622237821,-0.101599939223492,-0.147728371311371,-0.979221312342807,0.221388536233717,0.271363790080156,-0.00992986805901815,0.00596331684786255,-7.68400138221974,5.85332158470608,0.871832005194044,-0.02,0.21,0.08,2.22704012554476,-7.57251820130834,6.01246429559733,1.83053378480294,-0.228389134399759,-0.0456364587767889,0.0867884508632084,2.22140748534834,50.759077888,0.0467312069207439,0.0467325135438813,0.0812498760328998,0.0142699401368271,0.0143490227773366,0.00621540244177377,0.00135243811185586,84,0
1,50.877221376,accepted,0.519165233062719,-0.0864808233482188,-0.161546887709604,-0.998741774531024,0.176336041948252,-0.131309188893066,0.0123705331972271,0.00890011489150622,-7.69231741265382,5.84221473060483,0.845826510539368,-0.07,-0.2,0.16,2.22878545479676,-7.59471938753226,5.98832839988257,1.82506685480101,-0.232515397557418,-0.081115404157071,0.144971630411089,2.22071285259714,50.877221376,0.0473408497465732,0.0473423078445494,0.0816500921159864,0.0145720535607212,0.0146504395818153,0.00621884709256503,0.00134660336710208,85,0
1,50.957362432,accepted,1.01358624539411,-0.0937966266364798,-0.176731713266986,-1.01169592753644,0.322987375031179,0.174974019463651,-0.128854926148633,0.00573814255763194,-7.70894948590968,5.80889415415319,0.828186030825172,0.1,0.12,0.11,2.22704012554476,-7.59491789010359,5.99267036379051,1.8106615502057,-0.19956831084412,-0.0434012860631898,0.231826259919603,2.22188168648624,50.957362432,0.0470135088925792,0.0470150647038857,0.0811637937284735,0.0144751439152997,0.0145671271502474,0.00615051558318013,0.00132355076971142,86,0
1,51.057526016,accepted,1.87072236498112,-0.0748074644956063,-0.167027603852113,-1.02315774278602,0.418060573836043,0.367190455695954,-0.0960327707630853,0.00436728441763634,-7.69231743654202,5.8200010015526,0.806138234603814,0.21,0.29,0.03,2.22704012554476,-7.58848072777397,6.00940246313501,1.80180337232824,-0.176534124084718,-0.0503024029685178,0.120109640095593,2.22328740145214,51.057526016,0.0472083252887089,0.0472101594444363,0.081168341304571,0.0143513186812234,0.0144307900438101,0.00612269767830528,0.00130988555079142,87,0
1,51.159648512,accepted,0.749496732345599,-0.0902225873473403,-0.179501509773332,-1.02784736900921,0.22372116744312,0.238618059608091,0.0358381296197828,0.000725373669286267,-7.70063344321256,5.83110787373096,0.783659246816946,0,0.28,0.11,2.22529479629277,-7.59873270334561,6.02042362850656,1.7927206429818,-0.209919747525744,0.0554085177637819,0.0720027381124529,2.2246061572091,51.159648512,0.047624816864244,0.0476271448133507,0.0813726103806388,0.0144490558569882,0.0145819597886586,0.00611905822229208,0.00129749040304314,88,0
1,51.259792384,accepted,0.507118833973139,-0.110757551788129,-0.204181911418378,-1.04243109808853,0.12672153843756,0.0973977570720652,-0.0789485759172914,-0.00355793043542807,-7.73389753214094,5.82000104613502,0.761615789559329,-0.09,0.08,0.05,2.22354946704078,-7.61402424000868,6.02748767998414,1.77563666601248,-0.205210394127224,-0.00952088978769328,0.122388447184388,2.22708180730004,51.259792384,0.0474545955609672,0.0474570001601577,0.0810906051627103,0.014166787769439,0.0142666104002849,0.00602435048729046,0.00128382217897619,89,0
1,51.357993216,accepted,2.79667775757101,-0.0983500935397981,-0.167092789119677,-1.05345034736689,0.122240967723399,0.726994176247427,-0.0788602404065813,-0.000104209830203761,-7.73389749611435,5.85332163858586,0.740000030156146,-0.13,0.62,0.2,2.22529479629277,-7.63015242089903,6.06630935117992,1.76701201732076,-0.244743511707474,-0.0571909589398942,0.273640525208475,2.22511035048583,51.357993216,0.0476877159553837,0.0476904982510131,0.0811441345113822,0.0144667794542624,0.0145280282729441,0.00601135997078368,0.00127082478479066,90,0
1,51.458119424,accepted,1.64902700750198,-0.104513731741411,-0.187176380944533,-1.14463721449604,0.225729332614814,0.438092055868816,-0.152671623850606,-0.00404334012787944,-7.76716154617878,5.8755354033564,0.659013073111637,-0.13,0.38,0.29,2.22180413778878,-7.64881994072984,6.09038055574711,1.76988947277506,-0.339834591166983,-0.0262447865002198,0.43470977169577,2.22551928645513,51.458119424,0.0478955564382517,0.0478987803434843,0.0811870400893866,0.0146322067906737,0.0147331194247704,0.00598255402055705,0.00125759660382541,91,0
1,51.55826432,accepted,2.93827961788588,-0.0957774655104791,-0.203483924478002,-1.23578901836987,0.489552340533903,0.413750975322262,-0.257075736838646,-0.0105341706650686,-7.77547755311324,5.88664227708888,0.578010919630607,0.23,0.44,0.13,2.21831347928479,-7.6418258647706,6.11843269687706,1.76937595049964,-0.220650714864112,0.0584274784401275,0.375034352198171,2.22878296188088,51.55826432,0.0480017686261197,0.0480052996105894,0.0811473392036859,0.0143655517898905,0.0144688479876475,0.00592159583172759,0.00124467487226498,92,0
1,51.658426624,accepted,2.24964056419624,-0.13566220870895,-0.211775782719307,-1.30516822342014,-0.0146384688042663,0.539193294680294,-0.259312932780458,-0.00770810265638211,-7.7921095661977,5.90885602378851,0.496994685696727,-0.05,0.45,0,2.22005880853679,-7.66207443143985,6.15646696332184,1.75720420514315,-0.0378679262569884,-0.0503316037503523,0.247212980925948,2.22782000314487,51.658426624,0.0481845361939053,0.0481890184602684,0.0811746560418718,0.0142237255100458,0.0142538786239635,0.00589472802289838,0.0012327638209847,93,0
1,51.7585664,accepted,1.09821826476338,-0.126320115102293,-0.238872033400403,-1.36144853517004,0.333996043279436,-0.0461926849396582,-0.0114753096005406,0.00207504155766358,-7.80042558475001,5.90885603282706,0.415996673525356,0.09,-0.05,0.13,2.22180413778878,-7.65017037752434,6.1361997555866,1.74903215771383,-0.218887585169029,-0.0098464117646483,0.136895461848356,2.22043816871087,51.7585664,0.0482896700911345,0.0482933390155042,0.0811482620395818,0.0139152080895978,0.0139776455984798,0.00583616287190826,0.00122238242565695,94,0
1,51.872729856,accepted,1.40351488938448,-0.131213842630321,-0.243813908112338,-1.44138964668444,0.246039988219297,0.329965488587446,-0.0200998893765806,-0.0103719707917485,-7.81705763399302,5.89774918611616,0.32365561417835,-0.06,0.36,0.13,2.2165681500328,-7.67048623311295,6.16006793605606,1.73427196189808,-0.289333799800499,0.0521854024663339,0.145057546060999,2.22654622397689,51.872729856,0.048865678558512,0.0488703619251129,0.0815561431108068,0.0139897467531177,0.0140976421251918,0.00582081623914003,0.00121415685265441,95,0
1,51.958886912,accepted,2.37583378143638,-0.16001198382308,-0.260372258810453,-1.48093416103441,0.297251940996133,0.297792195848958,0.0722583779642934,-0.00761814149213347,-7.85032172060457,5.88664235903649,0.253967518705309,0.16,-0.01,-0.05,2.21831347928479,-7.6497292837498,6.18464186755822,1.71560840227914,-0.0965951790780762,-0.26830176048412,-0.121425013681626,2.2276371775852,51.958886912,0.0474255525520774,0.0474276918633116,0.0802196270212373,0.0127446794642572,0.0125744016652733,0.00560729165300755,0.00119417391058363,96,0
1,52.059008256,accepted,0.957769699263985,-0.215121670689065,-0.303288903452596,-1.54147012854729,0.132736696501003,0.164671404456845,-0.0268901482359128,0.00870897773253931,-7.86695379644119,5.85332178362271,0.172984415248749,0.1,-0.04,0.07,2.22878545479676,-7.64647749674994,6.16213148520324,1.68131634081475,-0.0233739756462534,-0.193590913674571,0.0911870982268652,2.22100216138799,52.059008256,0.0473525893951274,0.0473549841756483,0.0800533612197685,0.0126666392036328,0.0126146524703386,0.00552742281354395,0.00118475224061526,97,0
1,52.159145472,accepted,2.24850071944376,-0.234313196574647,-0.286032001197573,-1.60365344855682,-0.0502755558725751,0.513550523465193,-0.0164074998721814,0.0074768143078594,-7.88358583342115,5.85332180238832,0.0919884737322221,-0.14,0.32,0.14,2.22878545479676,-7.66095991134647,6.17405177068192,1.66223637579613,-0.0956139432740904,-0.156512019750537,0.151219300175679,2.22169448884188,52.159145472,0.0473824880857122,0.0473847967153374,0.079973344951522,0.0125808988638731,0.0125453417289316,0.00547652711124453,0.00117287686948385,98,0
1,52.259277568,accepted,1.91567722513732,-0.212892539732639,-0.298392684369099,-1.66205399592076,0.33168446074755,0.212247850733762,-0.0691650878983803,-0.00579839399760651,-7.89190184022365,5.8644286763858,0.0109966735253622,0.11,0.18,0.05,2.22354946704078,-7.65055286452816,6.17598776932418,1.63314409426512,-0.192332117406715,-0.0147997967838596,0.11151696588935,2.22966035195922,52.259277568,0.0470951199956138,0.0470970640260133,0.079619118535385,0.0120774822629233,0.0121349342854901,0.00535698226583173,0.00116019193902733,99,0
1,52.359415552,accepted,1.49865302903907,-0.283947197108199,-0.327669528537305,-1.72131305991891,0.0402133689371393,0.100642458903107,-0.290464489637789,-0.018556725962771,-7.95011398249213,5.85332187572709,-0.0699998891876135,-0.08,0.18,-0.08,2.2165681500328,-7.67137594359741,6.18034242127357,1.59084399635518,-0.11964375734368,0.0849205909134703,0.194136660584647,2.23449677221823,52.359415552,0.0469519192407753,0.0469539038841529,0.0793911673673865,0.0118883712640292,0.0119809303229881,0.00526209169304238,0.00114907290432275,100,0
1,52.45759616,accepted,1.48814520510005,-0.318491166085857,-0.357096914444559,-1.73656808651349,0.131174642547081,-0.209630107032832,-0.170601658037099,-0.0135223979628059,-8.00001012183654,5.8311082023565,-0.1338529739104,0.07,-0.07,-0.13,2.22005880853679,-7.67887555849106,6.15688427190721,1.55275389326116,-0.0531256764289374,0.118699312635372,0.028731593559361,2.23299491257499,52.45759616,0.0467475261603411,0.0467495013981603,0.0790987857412478,0.0114774478257819,0.0115860689817927,0.00516795965939257,0.00113900355161198,101,0
1,52.557746688,accepted,1.37249705706729,-0.33760430523208,-0.36343362899165,-1.76441755977107,0.114312310423121,-0.159577321241656,-0.169373141768888,-0.00902583930231105,-8.02495820229078,5.80889450188617,-0.19898720056834,0.06,-0.02,0.05,2.22180413778878,-7.68687493586198,6.1456155781732,1.51507346768923,-0.0477578981587111,0.122798685504939,0.20753641550482,2.23041574879271,52.557746688,0.0465797964478594,0.0465818012084201,0.078852363867779,0.0114077138359046,0.0115178935978544,0.0050835838744096,0.00112972978422923,102,0
1,52.659864832,accepted,3.11772822921882,-0.373372949809269,-0.351253895214882,-1.81173813757749,0.016714356389321,0.09365125702231,-0.517215080973348,-0.000484139473065692,-8.05822227922004,5.80889453923676,-0.265401092437031,-0.01,0.34,-0.1,2.22529479629277,-7.69486709683692,6.15933485316056,1.4579489015978,-0.0286389293086355,0.252292689814227,0.39031154712373,2.22589771407504,52.659864832,0.0463218134604837,0.0463232664231765,0.0785281306703876,0.0112611883827337,0.0113698549386711,0.00497987127937128,0.00112146176082864,103,0
1,52.75800832,accepted,3.85987243877142,-0.41821351633586,-0.393059988058872,-1.82853329779286,0.0134472932337061,-0.485919152647527,-0.536312181996235,-0.00794722999189146,-8.11643442240493,5.79778774185721,-0.329230013961961,-0.01,-0.14,-0.15,2.22354946704078,-7.71034292867058,6.14256292616003,1.42525498754561,-0.0262686425434142,0.311073215443758,0.365649720274419,2.23083069838964,52.75800832,0.0464061878436225,0.0464077045867567,0.0785019884262875,0.0112371392313364,0.0113296102120853,0.00494017015301905,0.00111032365934472,104,0
1,52.876168192,accepted,5.23087531293276,-0.420203702221269,-0.377716018024396,-1.88794913396716,-0.0169706771626011,-0.0678348592248848,-0.744815677161467,-0.00815080962916159,-8.1330664620976,5.79778776070099,-0.40607685679359,-0.05,0.19,-0.17,2.22354946704078,-7.7280134520387,6.15695149438298,1.37241683116852,-0.038450523955375,0.248787880979478,0.540473486587522,2.23139753052294,52.876168192,0.0466199489776539,0.0466214956266754,0.0786376082572477,0.0112408612870447,0.0113482148850639,0.00487973356457644,0.0011062576308082,105,0
1,52.958286592,accepted,6.25957369230399,-0.384365942924972,-0.379877476783995,-1.87713520697557,0.282536409572964,-0.331290535574362,-0.593706034034453,-0.0059785129707226,-8.11643442240493,5.79778774185721,-0.459483649400688,0.24,-0.07,-0.01,2.22529479629277,-7.70779229826684,6.1236945432841,1.30671565466353,-0.0147259758482004,0.221540764094749,0.549068681091747,2.23038878289374,52.958286592,0.0455389997271067,0.0455402156105809,0.0775259494870204,0.0105454117052683,0.0106392712815865,0.00471288974485446,0.00109147816200474,106,0
1,53.058489856,accepted,4.76726232855187,-0.432223938224913,-0.33879663265072,-1.88667284227707,-0.183115958980118,0.175207873452725,-0.571483288287926,-0.000602383702335452,-8.1247504410892,5.79778775132547,-0.524652173616964,0.06,0.21,-0.09,2.22704012554476,-7.72761299508651,6.14739505664137,1.25680938466957,0.221338317176591,0.0501856464266704,0.449203567178793,2.22814211130238,53.058489856,0.0450368900408427,0.0450392866692842,0.0769357688373349,0.0100301304784967,0.0102273741127451,0.00460593622197339,0.00108114275426445,107,0
1,53.158644224,accepted,2.69169961535887,-0.426645466071258,-0.363114971150468,-1.88979216333732,-0.0423758609918163,-0.391815967749142,-0.299003221081123,0.0100794236680226,-8.1330664620976,5.79778776070099,-0.589788897669933,0.12,-0.14,0.1,2.23227611330075,-7.72287262508473,6.11696393606043,1.23859680268833,0.156092556120377,0.221078842665859,0.383908203234682,2.22173792843697,53.158644224,0.0449928919809238,0.0449944270616603,0.0767932360164998,0.00988127185633076,0.010028510805464,0.00454118137836273,0.00107276819583921,108,0
1,53.258765056,accepted,6.24965394466493,-0.412914368276782,-0.345810556157538,-1.93741584511651,-0.0748707169368481,-0.292701171956978,-0.640274069471179,-0.000444727297703729,-8.11643442240493,5.79778774185721,-0.654903811139675,0.1,0.04,-0.09,2.22704012554476,-7.72528132197983,6.09669448950345,1.16375825054561,0.164203881085445,0.299278168848766,0.513650962271166,2.2267508251649,53.258765056,0.0444134757890228,0.0444150652951575,0.0761205939250433,0.0095488547897879,0.0096631694205424,0.00440981476261473,0.00106142551058005,109,0
1,53.358857216,accepted,5.00510836899483,-0.413071825486886,-0.305521779905683,-1.93864202589053,-0.332553762900691,-0.0072977185677916,-0.654068413117526,-0.00388198258699468,-8.11643439709439,5.8200014699608,-0.720000016702286,-0.14,0.28,-0.11,2.22529479629277,-7.74466252952875,6.11598331218696,1.12400720334109,0.1654650753466,0.284883221193024,0.516696458971327,2.22947430780243,53.358857216,0.0443170036186772,0.0443181672258004,0.0759246650662773,0.00942936060516762,0.00955899785932694,0.0043525810593698,0.00105169514842113,110,0
1,53.45698304,accepted,2.86242387469442,-0.415765481491124,-0.319771024184804,-1.90330689728478,0.023232747389405,-0.215338466719632,-0.421026652381658,-0.00387395273197999,-8.14969847208808,5.82000150757506,-0.733772494721521,0.06,0.06,0.02,2.22529479629277,-7.74409628314964,6.10982036793171,1.09256622952332,0.0355097606423615,0.256070068722875,0.420303632980794,2.22875185677586,53.45698304,0.0440730928276978,0.0440737411451861,0.0755777129191043,0.00916074989321181,0.00923190878466751,0.00427029411646556,0.00104247642547982,111,0
1,53.559155456,accepted,7.06157930949442,-0.442229389942192,-0.338528130189941,-1.89428272877515,0.0576663433585628,-0.492593015606644,-0.729155536816513,-0.0123673634684005,-8.18296256167626,5.80889468073827,-0.748112933315269,0.06,-0.01,-0.16,2.22005880853679,-7.74876341279954,6.09325586456548,1.04346629241965,0.00353849979179601,0.443890765727106,0.539355045433738,2.23144770419174,53.559155456,0.043978179434953,0.0439781522565329,0.0753877279900018,0.00920979544805267,0.00918610668136006,0.00420852856349449,0.00103330891748346,112,0
1,53.659296,accepted,5.62875766456536,-0.417379062917076,-0.334241036907389,-1.84343469987526,0.238188537871625,-0.608878299858251,-0.459959400389435,-0.00996498645470023,-8.15801451828237,5.79778778953549,-0.762168187934833,0.35,-0.23,-0.23,2.22180413778878,-7.73279490562612,6.07067367491298,1.00694233321726,0.125321810853771,0.334729301747051,0.210549231446107,2.23002364844803,53.659296,0.0439028040012684,0.0439029320487373,0.0752154381346881,0.0088631827853213,0.00891951431195006,0.00415586958976427,0.00102457642478427,113,0
1,53.759451392,accepted,3.15067033016917,-0.408405860464905,-0.321835462335685,-1.80328684051501,-0.0285510006917027,-0.417201037313055,-0.208150137417662,0.00589026028683914,-8.12475045399743,5.78668088576107,-0.776225526549673,0.13,0.04,0.01,2.23053078404875,-7.73171197454869,6.0498608659967,0.967963003839948,0.153169486767824,0.415443284416713,0.204464389399352,2.2238645184407,53.759451392,0.04342673588376,0.0434261459634396,0.0746327917237395,0.00857463190770215,0.00858883454253223,0.00405105110914833,0.00101556169952754,114,0
1,53.875607296,accepted,4.71982398387246,-0.381554484423955,-0.312945773546127,-1.80246701888654,0.206580712487387,-0.517096558538556,-0.375271593711717,0.00383061328437417,-8.099802397688,5.78668085761507,-0.792528621590634,0.28,-0.05,0.08,2.22878545479676,-7.70954601379473,6.04070555735609,0.939232995830488,0.0869104438242677,0.425026327712587,0.437475872284242,2.22381993091382,53.875607296,0.0435420836542748,0.043541350316294,0.074667251490301,0.00865151678400299,0.00862520067997376,0.0039976233161909,0.00101043619312384,115,0
1,53.957718528,accepted,2.2815232896444,-0.364986647489125,-0.278435223093735,-1.77961976475505,0.182891739899901,-0.151291542199624,-0.320979529001842,0.00396355887269717,-8.06653831081984,5.79778768564825,-0.804053366981336,0.26,0.31,0.11,2.22878545479676,-7.69469563823682,6.05394999205486,0.910971646391108,0.088593571274448,0.448116060727245,0.414871791952221,2.22425090299386,53.957718528,0.0429525740797005,0.0429513846876407,0.073961869669256,0.00837397111370744,0.00833989737055186,0.00391085545365218,0.000996815871933219,116,0
1,54.057859072,accepted,3.32636270814452,-0.379863400966207,-0.299324384468414,-1.77185979873066,0.153107995123097,-0.391356634570738,-0.334643467600289,0.00449624691482242,-8.06653831081984,5.79778768564825,-0.818108621600899,0.25,0,0.12,2.22704012554476,-7.68349506689153,6.05252313585974,0.889109193662871,0.105556453395834,0.360763576504587,0.438782117884973,2.22193078094918,54.057859072,0.0427810434987442,0.0427803364856571,0.0736866517941271,0.00820789079830874,0.00822054712751488,0.00384684685209955,0.000988784852191219,117,0
1,54.158004992,accepted,4.02920176651948,-0.345590573624854,-0.275739018199141,-1.76669790326927,0.105836248691942,-0.367372561415701,-0.433772378925632,0.00967591052164263,-8.01664217121151,5.82000135746471,-0.832164630770478,0.22,0.1,0.08,2.22878545479676,-7.67014719339482,6.05067327834439,0.856068670706119,0.120455787002677,0.436264029062813,0.493115366234197,2.21864227885253,54.158004992,0.0425046869024715,0.0425037084420194,0.0732969105852894,0.00807823979871876,0.0080536632148384,0.00377483116194312,0.000980575563561013,118,0
1,54.2581248,accepted,6.40928762748948,-0.323525937118451,-0.291844573848653,-1.7526843088004,0.312703293548576,-0.676152083128425,-0.488302591106941,0.00974859227217495,-7.98337812101512,5.79778759226446,-0.846216974982852,0.37,-0.29,0.04,2.22704012554476,-7.64560025794603,6.03066576554553,0.83648871990981,0.0735549667175626,0.344438513607094,0.510813562667536,2.21676400292323,54.2581248,0.042521987079072,0.0425212540025932,0.073218314127823,0.00803458127082318,0.00803609204402769,0.00373767463691246,0.000972925169638095,119,0
1,54.356325632,accepted,1.97320382819025,-0.296057693753091,-0.267980727214725,-1.74372095675686,0.103774914028367,-0.149850030644717,-0.34530390719801,0.0149620693316508,-7.93348200904877,5.7977875370028,-0.859999980771327,0.16,0.22,0.1,2.22878545479676,-7.63769237656978,6.04649722078578,0.823811034520516,0.0604433950141742,0.359111833192705,0.430976859422963,2.21407171536538,54.356325632,0.0424673169843236,0.0424667071077613,0.0730612486250316,0.00794030976379915,0.0079393935275365,0.00369706799463934,0.000965289985222161,120,0
1,54.456485888,accepted,3.75283669407821,-0.258575337216852,-0.268454537277275,-1.77228528407979,0.23852333426776,-0.109210607464003,-0.456765250499463,0.0147540137427735,-7.89190190168543,5.80889435375346,-0.900003145531144,0.27,0.16,0.05,2.22878545479676,-7.61435789570448,6.05797981484603,0.787812455707624,0.0499696895754963,0.258466065612022,0.484003601525894,2.21419993972138,54.456485888,0.0421138172003963,0.0421134171061194,0.0725870007545173,0.00769217952368208,0.00772336541216699,0.00361347966719397,0.000958108975609184,121,0
1,54.556611072,accepted,7.56416436313055,-0.271576824388311,-0.288842358568084,-1.78645803306351,0.0628017960926427,-0.181000738788276,-0.773015285706065,0.0150751326513552,-7.875269876074,5.79778747236564,-0.939992338304414,0.22,0.11,-0.03,2.22878545479676,-7.60450864339942,6.05937520900132,0.726908570293293,0.160777279110291,0.274472549010645,0.708232316611491,2.2138978587611,54.556611072,0.0417829119589086,0.0417826015082227,0.0721342951539461,0.00759295036666357,0.00763641746628943,0.00353848418364554,0.000950883349285053,122,0
1,54.656779776,accepted,6.49338640769744,-0.242485466772275,-0.275279692733465,-1.77517813290518,0.212291830076389,-0.0146290892284998,-0.699312517272673,0.0152650311797196,-7.83368977026496,5.80889428979994,-0.979998912615471,0.28,0.2,-0.08,2.22878545479676,-7.57554103132562,6.07530614547054,0.685508017457191,0.08330540889874,0.21213152831015,0.587977186656252,2.21392369203796,54.656779776,0.0414848307055015,0.0414846740374776,0.0717029940748201,0.00731745129795588,0.00735557823829415,0.00346483321090906,0.000944043331788019,123,0
1,54.756934656,accepted,9.08700494902916,-0.254992960973878,-0.321728157172576,-1.75889224291653,0.420696804196703,-0.504110981272652,-0.742926387679229,0.0146322541236881,-7.82537378580367,5.77557368857421,-1.01999996573218,0.42,-0.22,-0.31,2.22878545479676,-7.54237868295638,6.04656998593177,0.642272002998518,0.0240010983358554,0.250535859352995,0.406583375914568,2.21442292697989,54.756934656,0.0414147174577162,0.0414143405853936,0.071517854560444,0.00718112552482553,0.00721119197660514,0.00342075919060881,0.000937079884641706,124,0
1,54.8711104,accepted,4.36141539038168,-0.268445369063733,-0.335425942045526,-1.74969890643358,0.0887823539941597,-0.2908251963521,-0.557501263574841,0.00816407756162274,-7.81705779178475,5.75335995039554,-1.06560083910333,0,0.11,-0.21,2.22529479629277,-7.54852374344527,6.05444348954924,0.6021160709965,-0.0851029769015147,0.380113980322042,0.326215784249618,2.21755806464068,54.8711104,0.0415699254519996,0.0415695837256271,0.0715777484764092,0.00717169240161368,0.00718091555447341,0.00338709153401531,0.000932168065062069,125,0
1,54.9552064,accepted,6.37832899536621,-0.24874060220275,-0.345459586911027,-1.72165739977821,0.378096447215172,-0.491804284601275,-0.389136284027599,0.000817755126251374,-7.80874177258725,5.75335994144488,-1.09918810477527,0.16,0.14,-0.18,2.22180413778878,-7.52820617906867,6.03928308870987,0.549791460826313,-0.191070910305193,0.592821279981321,0.191649683257883,2.22056068383099,54.9552064,0.0410004461385151,0.0409994600603958,0.070865548689807,0.00700779139571093,0.00692891053736801,0.00331927547308069,0.000919085932394344,126,0
1,55.057413888,accepted,3.91071927185286,-0.273044664932035,-0.35843646452381,-1.69806213391778,0.24540445689062,-0.588442823392748,-0.00570240528894432,-0.00539890128314724,-7.81705780392313,5.74225308699694,-1.14000895300966,0,0.06,-0.02,2.21831347928479,-7.53319035378715,6.04707991289384,0.527576907597251,-0.233899673612083,0.614050946165774,-0.0177913336105115,2.22392128408006,55.057413888,0.0410465019103322,0.0410459190160331,0.0708169104139116,0.00694808754300142,0.00687285764972602,0.00329850067751532,0.000910854860965856,127,0
1,55.159547904,accepted,5.68253227879739,-0.232578591164261,-0.357816364055705,-1.71354221597456,0.400665024357456,-0.549044225552167,-0.102051596131238,-0.00830709358431836,-7.79210972334424,5.76446678815578,-1.18080045711847,0.22,0.25,-0.02,2.2165681500328,-7.52519919900829,6.05682504114143,0.491741751034053,-0.151710605920049,0.756458055006384,0.0755065782032347,2.22340416409969,55.159547904,0.0408233690696103,0.0408221782539983,0.0704788497521675,0.00695228207245355,0.00673568164640477,0.00325445544155622,0.000901440027534583,128,0
1,55.259679744,accepted,12.370190932263,-0.22517196496654,-0.381745997706225,-1.72361178315877,0.803667252634173,-0.715934378965337,-0.270113216821428,0.000201762809938888,-7.76716169079836,5.74225303234077,-1.22079230824458,0.63,-0.12,-0.13,2.22005880853679,-7.4750868679667,6.04877824824896,0.447007786281114,-0.121673096412298,0.54671141872565,0.128760753611849,2.21845991762599,55.259679744,0.0406711598310362,0.0406704885672459,0.070216432317939,0.00671347631517004,0.00666726208217551,0.00319486571833055,0.000894386566648937,129,0
1,55.357846784,accepted,4.72266834996342,-0.232232713395434,-0.370057757518339,-1.72896932083629,0.484464715899749,-0.475846755970521,-0.0874740596411413,0.0165773395370792,-7.7172655885289,5.73114611419058,-1.2599994340616,0.39,0.06,0.18,2.22704012554476,-7.45272681614172,6.05341925440181,0.431576897913786,-0.0678945278131806,0.50609215378486,0.261703523490558,2.21029875205646,55.357846784,0.0405995718928442,0.0405990218332693,0.0700398263394518,0.0066923322618163,0.00666192809208522,0.00315629105496029,0.000888479888384077,130,0
1,55.458014976,accepted,7.5239723837321,-0.205881897308766,-0.383801349152155,-1.71565588887317,0.711549582392106,-0.615064963425352,-0.112347709484209,0.0232024972259586,-7.66736948793108,5.72003919491731,-1.25299959449875,0.57,-0.09,0.26,2.23053078404875,-7.41582191728983,6.04934617758784,0.424468118020905,-0.105800479633817,0.490609247874723,0.366498903305854,2.20738078693431,55.458014976,0.0406459608199563,0.0406455118569414,0.069986383971781,0.00672706659960751,0.00672151397270692,0.00313285715557259,0.000882447552258703,131,0
1,55.558155264,accepted,5.91249701161422,-0.214280498370104,-0.410891224741309,-1.70779913250267,0.572226030856003,-0.50363771810167,-0.242660538723942,0.0224176300100281,-7.64242146727428,5.68671857638601,-1.24600104010771,0.47,-0.04,0.19,2.23053078404875,-7.38995873941439,6.04800722931269,0.412955679341893,-0.0719964869743952,0.433225771361784,0.423127452580145,2.20840459184666,55.558155264,0.0406514922812107,0.0406511037555377,0.0698882334647047,0.00669806421864669,0.00671267883157483,0.00309763092712238,0.000875934081073699,132,0
1,55.658360576,accepted,2.95445198327388,-0.216757884291286,-0.424008801807277,-1.68908347570466,0.288232357687884,-0.486416329539967,-0.140283681951955,0.0260699564635267,-7.61747343202299,5.66450482161106,-1.23899794135187,0.14,-0.06,0.19,2.23227611330075,-7.38916017441904,6.04775785057196,0.412016304029737,-0.137439160559542,0.402559811807316,0.323941697752813,2.20724130979814,55.658360576,0.0408267729601819,0.040826482901548,0.0699616051736841,0.00670591486647206,0.00675365861988548,0.00308649428308598,0.000870270578315071,133,0
1,55.758529792,accepted,1.27155930031106,-0.171042865347263,-0.414047945611348,-1.676755035861,0.229227393751312,-0.17892859202003,-0.0131873226775567,0.0237108336073328,-7.57589332596463,5.67561164111708,-1.23199736525522,0.14,0.29,0.38,2.23227611330075,-7.39772866635424,6.06931739122014,0.41473124844919,-0.0821144233675994,0.459709638235127,0.38916864353973,2.20911741711176,55.758529792,0.0411049299108493,0.0411051327596406,0.070134928215021,0.00684869377185002,0.00686049705358467,0.00308346170729043,0.000864047939151754,134,0
1,55.874673664,accepted,3.60090303665447,-0.127927673923401,-0.4220067621233,-1.70331253434696,0.423449746925377,-0.39151824119989,-0.332048577999186,0.0139858749232378,-7.54262921560414,5.7089321981022,-1.22388036038524,0.27,0.19,0.28,2.22878545479676,-7.39103612594684,6.09445675956638,0.428650326797038,-0.135166476880585,0.561117208045602,0.601831207885951,2.21488296805557,55.874673664,0.0415824759831957,0.0415831326547624,0.0704985092004265,0.00707560511068558,0.00706324425178696,0.00308965925867358,0.000859542287159934,135,0
1,55.956810752,accepted,10.6631795693022,-0.11128528573707,-0.480037736448717,-1.6970914861858,0.647865975495395,-1.02518728666467,-0.321828878427908,0.00832781348832601,-7.51768120360317,5.66450471617583,-1.21814000463662,0.44,-0.43,0.29,2.22704012554476,-7.36790959964917,6.0658477125191,0.42930435839722,-0.179607570924328,0.54548992111927,0.602639055214132,2.21924010430359,55.956810752,0.0414100339237073,0.0414106018987824,0.0702170700722882,0.00703162890434016,0.00703824760302692,0.00306897750887339,0.000849353496278974,136,0
1,56.058976768,accepted,0.997267972706799,-0.11653399253366,-0.455262353445237,-1.6958799260094,-0.114840402162601,-0.10679450053049,0.0527897033985055,0.0128879372866422,-7.5010491657287,5.66450469887512,-1.21099987717971,-0.2,0.37,0.5,2.22704012554476,-7.39414959766274,6.10133156869021,0.457889909883633,-0.0905435506059475,0.469517777357843,0.444089506486728,2.21472901082435,56.058976768,0.0417248453539012,0.0417258572685959,0.0704034465943205,0.00700117877057345,0.00701707444548009,0.00305781677098565,0.000844648492227055,137,0
1,56.159122432,accepted,1.92640747425368,-0.0509566952993437,-0.433299497203993,-1.70071994326074,0.345898076075623,-0.297866364436542,-0.0062235536341686,0.0213113750153706,-7.45946901357289,5.72003897509133,-1.20400094707347,0.16,0.29,0.37,2.23053078404875,-7.39077879363559,6.12502692644708,0.46651262917242,-0.173230448165232,0.573542955403493,0.37238914093602,2.20960467137576,56.159122432,0.0420182580163905,0.0420196987371384,0.0705668084418982,0.00709186472059895,0.0070903613821153,0.0030637265443617,0.000839735727223262,138,0
1,56.257300736,accepted,9.77562846495695,-0.033003255652253,-0.487785049448036,-1.69770346654095,0.67577526059466,-0.915407751508998,-0.131674622279995,0.00961350190036603,-7.45115301607141,5.6978252383056,-1.1971395108395,0.36,-0.26,0.21,2.22529479629277,-7.36949523222398,6.10512371765795,0.461908110980465,-0.28254037011198,0.606021197978721,0.33608367236232,2.21626740848523,56.257300736,0.0420892514619944,0.0420908830263913,0.0705269034714229,0.00708058336520936,0.00710472496061197,0.00305261427036136,0.000831484901737159,139,0
1,56.359457024,accepted,6.39064917344486,-0.0741327620580368,-0.508966377268532,-1.68878888629001,0.424493246208395,-0.774543052085465,-0.171889266598293,0.0118486345381665,-7.46778510224281,5.65339779810247,-1.19000006324819,0.19,-0.21,0.16,2.22529479629277,-7.36426009014922,6.09087243645697,0.457357646125533,-0.214059678454434,0.521963680100631,0.325017938706899,2.21421023957419,56.359457024,0.0422299925665278,0.0422319102651136,0.0705592003616234,0.00702304322487775,0.00705256304715418,0.00302638590315368,0.000826363793196636,140,0
1,56.45758848,accepted,2.461302820781,-0.105300838247527,-0.515637982844375,-1.66699264426117,0.1034236428544,-0.489925579379019,0.0244399651108297,0.0180394798466965,-7.49273318178064,5.63118409574239,-1.17429137867423,-0.24,0.16,0.46,2.22704012554476,-7.38315214576869,6.09819621434273,0.465076431348729,-0.339761712282999,0.622783613323443,0.432610948341557,2.2102203979077,56.45758848,0.0423309918224086,0.0423329769830909,0.0705591105550316,0.00709976153524506,0.00712715833246628,0.00302407620563263,0.000820751117104339,141,0
1,56.557734912,accepted,3.71403130386599,-0.0375467407887138,-0.473623315811531,-1.66537913268015,0.448720532254004,-0.565678308515265,-0.0908633863525689,0.00924706486332472,-7.45115302730799,5.68671837455898,-1.1582600575272,0.15,0.12,0.35,2.22354946704078,-7.38767804584999,6.11315774036704,0.472908660503117,-0.28108907638121,0.65959347634837,0.436015684909586,2.21444277034464,56.557734912,0.0425832908446566,0.0425861180834993,0.0706930644813816,0.0071611632786546,0.00713801659506755,0.00301700377572274,0.000813703538170084,142,0
1,56.657904384,accepted,7.67361877448439,-0.0305222771154527,-0.520329550501208,-1.65567398226144,0.546743104862453,-0.918466871726846,-0.0384226894572446,0.00533775830329963,-7.45115305068296,5.66450464671905,-1.14222504816451,0.2,-0.13,0.33,2.22180413778878,-7.38505861615881,6.10900975187705,0.482269783813323,-0.323086965612603,0.744115405410502,0.364973237689109,2.21670903110441,56.657904384,0.0427689010108158,0.0427721926991933,0.0707730195811651,0.00720951518701377,0.00714147465474174,0.00302202566398981,0.000806884770639795,143,0
1,56.760070656,accepted,9.32904645048289,-0.0841104372590795,-0.586677029533258,-1.64323174855399,0.726857111609386,-0.861405082111736,-0.105159944991533,0.00764858345312547,-7.50104923572165,5.59786351284152,-1.12587039344425,0.39,-0.09,0.27,2.22180413778878,-7.3653028563613,6.10411323394196,0.481728024225812,-0.302047569852559,0.725300460940159,0.370430728300344,2.21385404102747,56.760070656,0.0429092062656379,0.0429123559788052,0.0708251295219732,0.00717679605657747,0.00711541471625558,0.00300722270230976,0.000801416328553684,144,0
1,56.876206592,accepted,2.741188919023,-0.0547344980753044,-0.579249178109539,-1.62716131034702,0.441942776477049,-0.453000834167268,0.115968171723597,0.0112330962678184,-7.46778513711098,5.62007720556242,-1.10727949160637,-0.02,0.42,0.43,2.22354946704078,-7.3916453342504,6.15916795932524,0.496494400876532,-0.447553935928145,0.853439185302153,0.312358246001457,2.21238587260371,56.876206592,0.0436060462534405,0.0436090200375347,0.0713593159134378,0.00738612295957432,0.00731198749483533,0.00304837217643681,0.000797982348371592,145,0
1,56.95836672,accepted,12.4724806009899,-0.0320443896597613,-0.616464926382205,-1.61795603313643,0.941349300661246,-0.826183527335928,-0.225285111104269,0.0042283430659098,-7.45946911804544,5.62007719704147,-1.09412739650777,0.54,0.09,0.18,2.22005880853679,-7.35084433523317,6.15143090238406,0.47925642491125,-0.350890416326256,0.868395932711854,0.39811519330503,2.21430970580727,56.95836672,0.0432163551658992,0.0432190699813734,0.0709559824699739,0.00727808102856157,0.00714797760072782,0.00301348004195529,0.000787409971632759,146,0
1,57.058518784,accepted,6.08471547631137,-0.0781566913794451,-0.659872382921474,-1.59985066292982,0.122656440543667,-1.00565375535808,-0.0708884280352551,0.00929762278155577,-7.45946916427484,5.57564974006628,-1.07809517379692,-0.09,-0.23,0.3,2.22005880853679,-7.3765976504885,6.15831229088229,0.490117714637584,-0.209121485251776,0.733276100144747,0.366766569486857,2.2115242767154,57.058518784,0.0435043858502225,0.0435061414800545,0.0711285329836023,0.00720463705682713,0.00712120257689436,0.00298508194526618,0.000782735660269462,147,0
1,57.158654976,accepted,5.65835518632103,-0.0428765302370016,-0.66943897018731,-1.58261009663605,0.305553389250884,-0.961182799360549,0.103581325707867,0.0268987863011882,-7.44283713815019,5.56454285780665,-1.06206549185686,0,-0.13,0.4,2.22704012554476,-7.38486063828167,6.16276647383092,0.497701822485193,-0.295984703947162,0.792974856244466,0.294924733992029,2.2011306861145,57.158654976,0.0438421056665003,0.0438428702775465,0.0713418404051935,0.00728908427695351,0.00718648764322825,0.00299801342745738,0.000779797442016492,148,0
1,57.258828032,accepted,1.65355584728763,-0.000958866346133291,-0.65996768805289,-1.56971003798519,0.341434617494295,-0.308223018139397,-0.0785251511758059,0.0193030532251912,-7.41788905564303,5.58675656104207,-1.04602990877173,0.01,0.52,0.14,2.22354946704078,-7.40282888885564,6.2147776971158,0.492912452365846,-0.322703114206585,0.815162554259354,0.214128649403849,2.20450355691305,57.258828032,0.0443366210281865,0.044335084502836,0.0716693345159468,0.00738316956679864,0.00728857884521325,0.00300192194664596,0.000773640429023047,149,0
1,57.358966016,accepted,8.21633856068412,0.0636766469993759,-0.700783782685416,-1.5436830390667,0.576519410697647,-0.943485905094986,-0.159162204833602,0.0127558064284274,-7.37630895011251,5.59786338296164,-1.02999993232208,0.2,-0.1,0.08,2.22005880853679,-7.3972781024077,6.21121547586307,0.476940498297458,-0.350753019515452,0.796168541093892,0.23367276481806,2.20753667881283,57.358966016,0.0444866095348336,0.0444843828008799,0.0717410642508628,0.00735282103747581,0.00728219325803265,0.00298694585556996,0.000767095348455226,150,0
1,57.459065344,accepted,5.43562322603718,0.0719340885336859,-0.715923573015317,-1.50962936505471,0.469298081415905,-0.876674887580842,0.00725105347306115,0.0138598093111866,-7.35967693444729,5.57564963661356,-1.01193456188008,0.15,-0.09,0.2,2.22180413778878,-7.40326115990608,6.22135528343502,0.47145040981942,-0.302686121938072,0.750571572046046,0.189943829798448,2.20825198037668,57.459065344,0.0448194222524138,0.0448160955655642,0.0719475286573793,0.00735279086971827,0.00729727081843084,0.00297612095475879,0.00076219334907846,151,0
1,57.559217664,accepted,3.70720112159351,0.0682443374823221,-0.749277812969313,-1.48096890406851,0.31472910328919,-0.73279496499678,0.143375107210188,0.0219337657819256,-7.35967696880223,5.54232904459111,-0.993859627736413,0.1,-0.06,0.27,2.22529479629277,-7.40937761805417,6.23063971056283,0.467231626638555,-0.204214376714878,0.643063303514873,0.12535887456624,2.20384145405428,57.559217664,0.0451947035171883,0.0451905128137439,0.0721882275298006,0.00733160196482113,0.00731646051524364,0.00295445442957283,0.000759028207092972,152,0
1,57.657356544,accepted,4.02944242462687,0.082384308938444,-0.758115190103696,-1.45346786621661,0.168504390802886,-0.77210606678891,0.236918986663711,0.0309720382299914,-7.34304494267758,5.53122216163677,-0.976148068054783,-0.06,-0.09,0.36,2.22878545479676,-7.41340742517067,6.2222331293058,0.462902226018948,-0.222250565671522,0.648859174978254,0.123346692889801,2.19868025694811,57.657356544,0.045468185654808,0.0454648233868907,0.072350924082264,0.00736285264525687,0.0073462652641115,0.00294510002506366,0.000755833750219101,153,0
1,57.759468032,accepted,2.30050929299025,0.0778497961716624,-0.744423230879843,-1.42729628870722,0.504753958907371,-0.25289713087591,0.166322570474768,0.0226078447403069,-7.36799297624261,5.55343591668778,-0.957719554158025,0.11,0.59,0.19,2.22529479629277,-7.41711563473752,6.26229620071862,0.451189619776593,-0.378262746854076,0.828927124652885,0.0226281944818142,2.20268953336124,57.759468032,0.0459052827426614,0.0459020813737785,0.0726421435518469,0.00749949029102451,0.00742770984360479,0.00296816496714379,0.000749676859241559,154,0
1,57.86960896,accepted,2.45982627745084,0.0715126737958869,-0.743788996601644,-1.40442073864553,-0.143153134662571,-0.460959945304857,0.0562114686066623,0.00850766495784505,-7.37630895011251,5.59786338296164,-0.937841931551546,-0.32,0.19,0.26,2.2165681500328,-7.45875722384915,6.27745212963916,0.445562716135478,-0.184185172961924,0.619879501433906,0.201861014439463,2.20857407545141,57.86960896,0.0460526246807219,0.0460490942790967,0.0727653656738389,0.00733860818869393,0.00734510078453306,0.00291030993464162,0.0007446782386886,155,0
1,57.957762816,accepted,2.03184828196887,0.0754419789825063,-0.722045124853323,-1.38119145950444,0.118590111718989,-0.485003595270617,0.174856853162522,0.0179504158915975,-7.39294097584859,5.60897026435566,-0.921932413512316,-0.04,0.13,0.29,2.22005880853679,-7.45952468824545,6.28209331076482,0.442569695444741,-0.154119363464374,0.592963771023944,0.114315890824461,2.20244416909711,57.957762816,0.0461065811874874,0.0461027031367612,0.0727387453981964,0.00729553631068507,0.00731384768568571,0.00289712930312797,0.000740394172119789,156,0
1,58.057889536,accepted,2.01256018202478,0.09001268472396,-0.713079297782636,-1.35846436875367,0.0706524592124357,-0.428859109200267,0.166029338093973,0.0191172200705161,-7.39294095298685,5.63118399237269,-0.903862099514377,-0.22,0.22,0.23,2.22005880853679,-7.47512216649914,6.2911988549804,0.440304587674226,-0.286995609305229,0.624382784560108,0.0637901114089671,2.20152060266093,58.057889536,0.0462314071200484,0.0462279756786783,0.0728043963730501,0.00724909668309118,0.00726508172358425,0.00288548044865682,0.000736316548904308,157,0
1,58.158059008,accepted,6.95507901804189,0.0925688037974002,-0.719373982237678,-1.33094214281419,0.218196354956329,-0.819641982244606,0.0533875254770874,0.00914035510724576,-7.417888998309,5.64229088288829,-0.885784069873061,-0.24,0,0.11,2.2148228207808,-7.48356892884948,6.24883173685874,0.426787997952425,-0.443671523632597,0.760167001483557,0.0558606848710099,2.20660761004308,58.158059008,0.0458640701696195,0.0458627755963998,0.0725323574581557,0.00710677665555534,0.00708421447255803,0.00286888758571288,0.000729950506910115,158,0
1,58.258215168,accepted,1.30365435814441,0.0905901386459407,-0.656200753404394,-1.29376301725498,0.289996353138136,-0.180296903016298,0.14731935091517,-0.000292462450216746,-7.43452101513264,5.66450462932558,-0.867708442707531,-0.09,0.47,0.02,2.20958683302482,-7.50599690311754,6.29103586782641,0.409671986103661,-0.369774759359056,0.639260475387334,-0.128373815264766,2.20973114694563,58.258215168,0.0462001233644244,0.0461983582269602,0.0727366140189177,0.00703804793905197,0.00705884599484934,0.00284664003907885,0.000724924058045811,159,0
1,58.35633408,accepted,1.50283225078746,0.0619143004579206,-0.671408605780564,-1.24787293574652,-0.109373602844459,-0.291171007208454,0.190674114964337,0.0110921361829308,-7.46778507925641,5.67561152750272,-0.850000486739575,-0.17,0.16,0.21,2.2148228207808,-7.53657397371497,6.30372587820193,0.388029979900747,-0.0651577170289167,0.432423540697433,0.019894854178716,2.2037766428399,58.35633408,0.046184440305371,0.046182621751361,0.0726992068755655,0.00695013399915729,0.0070244790541909,0.00280060487696137,0.000722035049043733,160,0
1,58.458476288,accepted,2.19869390903104,0.0482741593585683,-0.682615878522435,-1.26612717738157,0.0581721267030374,-0.54623902760356,0.0923522427463347,0.0258886710181132,-7.49273314691977,5.66450469009536,-0.871417606106597,-0.03,-0.06,0.26,2.22005880853679,-7.5360138521748,6.2927655206852,0.376685241262151,-0.0857574972487147,0.461387678748582,0.166074352564361,2.19442839051635,58.458476288,0.0464839502556282,0.0464842237184172,0.0728937804840037,0.00699813496610844,0.00706716125405796,0.0027944483481613,0.000720837446725346,161,0
1,58.558673152,accepted,1.07585340461567,0.0478984659751003,-0.667738305893093,-1.28223956717144,0.250098480482245,0.0441512159881739,0.140387692834981,0.0192823638407345,-7.50936517316908,5.67561157097179,-0.892427859095456,-0.04,0.52,0.25,2.21831347928479,-7.54171756694773,6.32569927905201,0.373016847471121,-0.281684795026999,0.471935506879218,0.108273514104494,2.19946468596677,58.558673152,0.0468060024813236,0.0468069844867376,0.0730967140551428,0.00701054018784549,0.007057027024782,0.00278735016195511,0.000715649753790719,162,0
1,58.658825728,accepted,0.962459473456571,0.0212167241260026,-0.651529327920639,-1.28298555211445,-0.0235115911421083,0.0121543744227823,0.222179236418039,0.00905097115201903,-7.55094522072769,5.72003907140984,-0.913428825345711,-0.31,0.5,0.13,2.21307749152881,-7.57314335635535,6.35262420742858,0.359006136561087,-0.287214025969181,0.483076212511274,-0.0918617070690042,2.20426179907545,58.658825728,0.0469403847830185,0.0469438420969399,0.0731775883426268,0.00693733557201429,0.00698346916802441,0.00277208705449915,0.000710347929123659,163,0
1,58.758974208,accepted,2.26111661188749,0.0166319067842799,-0.65941947458044,-1.29612786695907,0.234125843798719,-0.469336738636112,0.0120388845979778,-0.00222362244047591,-7.59252528120183,5.75335970879111,-0.934428932706851,-0.2,0.24,0.18,2.20609617452083,-7.59100690065861,6.35735929675468,0.339129384234161,-0.424110266926964,0.68411867902875,0.165354953118509,2.2082952248276,58.758974208,0.047003072086796,0.0470086520156389,0.0732171012641715,0.0069710966204411,0.00698893586361494,0.00278044312901482,0.000705330128251731,164,0
1,58.873129216,accepted,3.78577343156084,-0.00380160114094785,-0.685747819979576,-1.32001118602381,0.280474578413373,-0.660895839136313,0.10131928779016,-0.012893387901364,-7.64242139612291,5.75335976163569,-0.958366065090807,-0.07,0.03,0.26,2.20086018676485,-7.61707764668734,6.36723713289371,0.344310479505222,-0.338450956092412,0.657006857423295,0.15762277199913,2.21330374303512,58.873129216,0.0473928006698148,0.0473988711865335,0.0735278235622843,0.00694592175466348,0.00696334187678535,0.00277503493125293,0.000702556316639408,165,0
1,58.959282944,accepted,1.80235118722402,-0.037886710724834,-0.663031926542542,-1.33109874388011,0.0943377429701979,-0.380533155999389,0.20281042580369,0.000389128289206564,-7.67568547084538,5.75335979727231,-0.976431616735347,-0.05,0.09,0.29,2.20609617452083,-7.63202233272828,6.36842427419348,0.342661259427608,-0.140846164593996,0.449776843864759,0.0873063847546689,2.20545601028072,58.959282944,0.0471383904216254,0.0471436673518559,0.0733025397759763,0.00681164977517306,0.00687847428472791,0.00273004758219493,0.000698264136200706,166,0
1,59.059381504,accepted,1.78649332151442,-0.0576928946367135,-0.63169781570063,-1.34341230848597,-0.0853426074589772,-0.00795745094979877,0.424941131912259,0.0239907032069628,-7.7006335032593,5.77557355335231,-0.997421256385351,-0.19,0.35,0.37,2.2165681500328,-7.65073926514008,6.38724110556744,0.345925592920206,-0.108313333693486,0.352634178533331,-0.0517311127056565,2.19308993096652,59.059381504,0.0472491336457369,0.0472553533409823,0.0733735489707607,0.00675858060794807,0.0068262285564374,0.00270607436550691,0.000697365509455892,167,0
1,59.159548416,accepted,2.20992613232576,-0.0608352346259382,-0.588294079874204,-1.36038245205972,0.0772271894003291,0.496593536257205,0.276333899792857,0.0204611332185034,-7.72558149951468,5.83110790075874,-1.01842522874753,-0.11,0.76,0.19,2.21307749152881,-7.66222474029033,6.43012004755786,0.329879359907977,-0.185097116825595,0.274510086065796,-0.0863682408874507,2.19341715417178,59.159548416,0.0475133294904114,0.0475215688521068,0.0735510038647782,0.0067888467397834,0.0068122440954054,0.00269219649305496,0.00069315929131256,168,0
1,59.257677056,accepted,1.93045040105684,-0.0692081650918093,-0.58660051731517,-1.34779703291786,0.353313950387607,-0.179328180534141,0.293376163392546,0.00879321683095213,-7.75052950700664,5.87553538511324,-1.03900179641189,0.16,0.26,0.01,2.20609617452083,-7.66003657595697,6.43204120095863,0.300085175691203,-0.181212286209401,0.42813169681308,-0.282448217239687,2.19749511174567,59.257677056,0.0476105956866605,0.0476224514019533,0.0736143720190988,0.00670256682930994,0.00675477012043362,0.00268626875663526,0.000687572384531202,169,0
1,59.357817856,accepted,1.55348162325885,-0.0758110759930819,-0.564236897409368,-1.33473060927309,0.292992417514614,-0.0898097527714011,0.249669511683645,-0.000937473081616069,-7.75052947072344,5.90885597851758,-1.0599996220886,0.22,0.27,0.01,2.20086018676485,-7.65532615635148,6.44893986100478,0.265462785309283,-0.0619367733491264,0.351650963251042,-0.238984632760336,2.20186883258212,59.357817856,0.047651973123888,0.0476644224164993,0.0736506423411861,0.00666992370654087,0.00674150264398594,0.00266458896406315,0.000682827630407163,170,0
1,59.460003328,accepted,2.61482900179355,-0.0967472164466958,-0.523629163652252,-1.26853336390967,-0.142491500652221,0.378885302178487,0.538855704970741,0.010537904397411,-7.75052942282238,5.95328343592114,-1.03239629505163,-0.03,0.56,0.29,2.20609617452083,-7.66496082087162,6.48197403429187,0.237187080182061,0.107596624802341,0.188537400106377,-0.245661393171615,2.19617600118438,59.460003328,0.0479625136170426,0.0479773371483825,0.0738751737913627,0.00674849350781064,0.00684531694213649,0.0026541503198135,0.000679978454034006,171,0
1,59.558138112,accepted,3.85741237198674,-0.09354241114315,-0.50050683927681,-1.21424274991626,-0.168911840333887,0.0490077953588029,0.738587376051301,0.0209512648948094,-7.74221335817992,5.99771088401629,-1.00588717899592,0.11,0.17,0.47,2.20958683302482,-7.66404720174783,6.48609810194736,0.229221864133959,0.271721400306734,0.118913566343012,-0.260307681301163,2.18893541043313,59.558138112,0.0479617338917699,0.0479777405574135,0.0738803582225335,0.00672586818099409,0.00690003295958046,0.0026436278639959,0.000676204901907845,172,0
1,59.658278656,accepted,2.33523168592091,-0.131746333329793,-0.47424492017656,-1.18634860847753,-0.338439292292979,0.123306543334845,0.50743000402344,0.0183888639294967,-7.76716137728974,6.03103150298216,-0.978836247668887,-0.1,0.4,0.32,2.20958683302482,-7.65994951111281,6.49773533727062,0.209946562659573,0.226731495346639,0.276856831728013,-0.184052508943344,2.19154216095013,59.658278656,0.0481672199473832,0.0481864294179587,0.0740288150852819,0.00666766858636349,0.00687236329732047,0.00263954133408328,0.000671591557017566,173,0
1,59.758432256,accepted,1.21210427110141,-0.131241870273906,-0.458631886576221,-1.14812158498581,-0.000656136066710389,-0.193353513032008,0.341319966936066,-5.62773167871455e-05,-7.78379336624399,6.07545897983985,-0.95178178952898,-0.04,0.24,0.22,2.20435084526884,-7.65668020169522,6.50754708707978,0.19221383829726,-0.0404456167375644,0.423150580056981,-0.119757005036162,2.20421163628457,59.758432256,0.0483440523564509,0.0483656410203534,0.0741595944924415,0.00662937867355501,0.00671075538463824,0.00263170243045551,0.000666225805301919,174,0
1,59.87054976,accepted,2.1082362702078,-0.14198069039008,-0.423834009675605,-1.09220901746575,-0.251073510546522,0.0288759705283407,0.518969366537497,-0.0065504515498942,-7.79210933599344,6.11988644593395,-0.921495526042506,-0.09,0.32,0.25,2.20260551601684,-7.6710468720669,6.53206937076292,0.177394136023012,0.151309269992289,0.288387815070564,-0.264772241233551,2.20884567090372,59.87054976,0.0487738606827003,0.0487977051075285,0.0745049640317838,0.00665409240413593,0.00680526907231905,0.00262522973777711,0.000663217205442535,175,0
1,59.958686208,accepted,4.67104757621026,-0.147260345562175,-0.385657181358118,-1.04187394593406,-0.157027438684312,0.11462656918866,0.909690046964876,0.00663138290743337,-7.80042529386112,6.17542077516785,-0.897687257113418,0.04,0.47,0.48,2.20784150377283,-7.66790723203808,6.5559534139471,0.171061827377582,0.190722053673516,0.356014463749531,-0.420429357275669,2.20143180825264,59.958686208,0.0486177383236874,0.0486424794583125,0.0743756018753719,0.00656076592557263,0.00675100383494793,0.00261612842777521,0.000658814581003629,176,0
1,60.058899968,accepted,5.37386566780172,-0.114620804440794,-0.380482088918772,-1.00193208224358,0.0023407947741793,-0.386803580031469,0.808945236370731,-0.000525741894116916,-7.77547719082367,6.21984820605637,-0.870616547973029,0,0.07,0.45,2.20435084526884,-7.66421965242556,6.55689995947751,0.165283772389699,-0.00316753458308389,0.437416283119621,-0.347997773360762,2.2042955494625,60.058899968,0.0485398077763613,0.0485649094858818,0.0743475527213194,0.00647126899702185,0.00656117648610796,0.00260271554097354,0.000654861347217501,177,0
1,60.159026688,accepted,1.12750243496819,-0.134660425601051,-0.355891195118312,-0.978231646727745,0.00185846799684519,-0.0237995464604393,0.396079251478096,-0.00437352658510903,-7.80042522117737,6.24206196100444,-0.843569350918443,0.02,0.38,0.12,2.20260551601684,-7.66991599817162,6.58506855018248,0.136992593033897,0.0170803132979776,0.400031192019571,-0.27331650445176,2.20684879244866,60.159026688,0.048662683778502,0.0486887696662173,0.0744491424711862,0.00646291360210438,0.00655225482699214,0.00259275785321894,0.000651278167024601,178,0
1,60.259172864,accepted,4.45954816431238,-0.12670417821997,-0.344608258725579,-0.914807553235035,-0.026147762631359,-0.116161771186808,0.84983769054171,0.000907865071301472,-7.79210916673773,6.27538254596464,-0.816516898221153,0.1,0.19,0.25,2.20435084526884,-7.67140170361724,6.60058031761147,0.130637450936815,0.124092019665131,0.299058789188408,-0.589648940132004,2.20321839384639,60.259172864,0.0486853467414321,0.0487113877991111,0.0744832691866486,0.00640731038412591,0.00652294142457389,0.00257087932762945,0.000647760497619921,179,0
1,60.357335552,accepted,7.75453632753043,-0.140554348732699,-0.332843252700899,-0.846176231229657,-0.000794937894849329,-0.165136130406441,1.07615504276099,0.0103740350393675,-7.80042516088861,6.29759628318362,-0.79000024446735,0.16,0.12,0.29,2.20784150377283,-7.66458426142978,6.60659334121395,0.110198323981291,0.159561057310139,0.275874084983491,-0.770717382841842,2.1973155793246,60.357335552,0.0485419120070712,0.0485673610799769,0.0744054235929246,0.00632185842812843,0.00644417640143852,0.00255031939140572,0.000644231070417226,180,0
1,60.45748608,accepted,3.57436734186845,-0.106004333648609,-0.283729091164515,-0.866337101791704,0.107772291829273,0.127650234327854,0.644817067968766,0.0168036344187481,-7.75052900155633,6.34202368746788,-0.814000353668057,0.32,0.24,0.24,2.21133216227682,-7.63804667306005,6.62886676020919,0.08534879255982,0.216717365356382,0.116596734475784,-0.394712170746929,2.19539860762866,60.45748608,0.0482679439747519,0.0482916262651038,0.0742480990338876,0.00629439262502345,0.00636818492602041,0.00250955998512731,0.000640130278035453,181,0
1,60.55762688,accepted,5.55020685240956,-0.127175656404027,-0.307766495941739,-0.881146625064278,0.169816213009869,-0.273897080730506,0.79520260689187,0.0184549263309588,-7.75052900155633,6.34202368746788,-0.837998592948509,0.31,-0.07,0.47,2.21133216227682,-7.61238420177103,6.61573792602546,0.0850646396949114,0.14671322383226,0.189326693338317,-0.312956052666082,2.19293108305322,60.55762688,0.0480514439215034,0.0480743399379035,0.0741214609489033,0.00615571737835155,0.00621522261938925,0.00248993729552373,0.000636477234417764,182,0
1,60.657796352,accepted,3.15406920221776,-0.154000237970711,-0.250050770660183,-0.914795442507724,-0.0704809783985396,0.338141691782098,0.553349269417327,0.0168364207417855,-7.74221294943353,6.37534426982771,-0.862003703329627,0.18,0.42,0.13,2.21133216227682,-7.59909809810157,6.64583587278216,0.0735577380072139,0.246701638076864,0.0944460371116508,-0.416196964901127,2.1954634462778,60.657796352,0.0479126387561933,0.0479353223017728,0.0740380252375874,0.00610925626591681,0.00617248629872017,0.00246334655540043,0.000632069086013665,183,0
1,60.75793024,accepted,3.20483823569385,-0.197557081488049,-0.276310963452694,-0.924118642418324,-0.322986170029597,-0.315135479548495,0.457759370628487,0.0217337598986473,-7.75884498589297,6.37534428799271,-0.886000286184029,0.1,-0.24,0.2,2.21307749152881,-7.59566635506898,6.61561138505575,0.053944198329557,0.406967671389512,0.0586665402894634,-0.251847940628537,2.19014738295166,60.75793024,0.0477175409976588,0.0477395249215868,0.0739173336999058,0.0060388864119229,0.00620909922037405,0.00244905163896443,0.000627775558731552,184,0
1,60.872106496,accepted,1.08598830726778,-0.213026732759762,-0.249697613953327,-0.950120996959204,-0.0514327824640469,-0.0328962238853735,0.319860805846144,0.0242073851518989,-7.76716101542525,6.36423743354344,-0.9133620519342,0.14,-0.01,0.16,2.21307749152881,-7.56540506761319,6.60332662164328,0.0424868571393297,0.187654491533131,0.0197005438344555,-0.156492235640473,2.18916994042206,60.872106496,0.0478374904797837,0.0478621405132598,0.0740562898135434,0.00600579265542995,0.00599706326441191,0.00242016888550044,0.000625270535153631,185,0
1,60.964266752,accepted,0.729167758894859,-0.28377038482261,-0.274678619385631,-0.963798673017416,-0.0654742230707482,0.182183178782899,-0.000894568919829475,0.0137758384429247,-7.83368919895391,6.33091691290069,-0.935447793965778,0.13,0.17,-0.16,2.20958683302482,-7.56716489578778,6.62043894043726,0.0103877784680218,0.189466189564821,-0.00257918240549702,-0.161445233245959,2.1964202392028,60.964266752,0.0469291418907098,0.0469481612384891,0.0734137482036835,0.00577594033469732,0.00575325695636277,0.00237121578090116,0.000618863488071175,186,0
1,61.060388608,accepted,1.09401785621365,-0.23246599516207,-0.284058995981022,-0.951975846755366,-0.147315174583153,-0.262265493653988,-0.036384386405204,0.00348427719106059,-7.79210908231146,6.35313059648897,-0.958482913521145,-0.05,-0.04,-0.21,2.20609617452083,-7.58205145988763,6.60120111219023,-0.027000139160598,0.0879855706110406,0.206721722927629,-0.176692176584607,2.20200414190036,61.060388608,0.0464162249493339,0.0464332797998764,0.0730500155086483,0.0055306019033844,0.00555806297536849,0.00235080088040256,0.000614676364799132,187,0
1,61.160482048,accepted,0.513760164441331,-0.223368690547758,-0.261015006776064,-0.93223337690557,0.13082108409414,-0.0104573856304435,0.0785291797589883,-0.00281831719267256,-7.80042508821216,6.36423746944372,-0.982469803215693,0.05,0.33,-0.15,2.20435084526884,-7.57010577263469,6.61603502767851,-0.0598890457571255,-0.0757283603773301,0.337983277567933,-0.22895950701487,2.20717619616314,61.160482048,0.0459528056086575,0.0459697347270734,0.0727292366056532,0.00535928714330482,0.00536102884168819,0.00233649791481951,0.00061179921177514,188,0
1,61.258651904,accepted,1.39932432289939,-0.197705430257019,-0.256711689223693,-0.928717103407143,0.194859903568067,-0.257211128292012,-0.0568564726520858,-0.00282404956824989,-7.76716099141239,6.38645116189477,-1.00599571567511,0.21,0.1,-0.19,2.20609617452083,-7.55234310807632,6.60459401349793,-0.0996779326864758,0.0249090956872454,0.340434174232813,-0.136745847927215,2.20856020632103,61.258651904,0.0453002571115571,0.0453149768167325,0.0722537337392394,0.0051976994589764,0.0052203524600958,0.00230247610799887,0.000608756344783435,189,0
1,61.35881856,accepted,5.5277224542068,-0.220654307471697,-0.267907182080101,-0.91480415447074,0.3833488723573,-0.591940285227538,0.0560436663314475,0.0019112564589534,-7.77547702196383,6.37534430598679,-1.03000028979329,0.33,-0.2,-0.15,2.20958683302482,-7.51713238101623,6.56633986314628,-0.125185101245123,-0.0334759292806874,0.356893232201052,-0.206708473859744,2.20718164657273,61.35881856,0.0447326380039808,0.0447459190597396,0.0718341036793838,0.00503345449728609,0.00503819887743758,0.00227968734623494,0.000606143829606792,190,0
1,61.458955776,accepted,6.18261600222868,-0.224182269832438,-0.261422715105948,-0.938690999217612,0.369543828604124,-0.575639189266619,-0.302938011420954,0.00599963244334356,-7.75052900155633,6.34202368746788,-1.0759893439655,0.23,-0.18,-0.29,2.21133216227682,-7.4913133567652,6.53021815309405,-0.184262882773899,-0.120970546147072,0.362427482292983,0.003353567206405,2.2052585434478,61.458955776,0.0441943639923423,0.0442067505352426,0.0714297334803985,0.00492148859286817,0.00491039263123072,0.00226130955550921,0.000603663328650525,191,0
1,61.559132928,accepted,2.36418232423453,-0.233589292045823,-0.231570462948305,-0.939957946714981,0.229209748258298,-0.312848383183588,-0.214266093001389,0.0144692378018014,-7.7338969799407,6.33091680416952,-1.12199673915957,0.2,-0.04,-0.21,2.2148228207808,-7.48202052901404,6.52079439630077,-0.219930980873752,-0.0186383236941969,0.254668304421254,-0.00306849811679692,2.20048816034683,61.559132928,0.0436920245415797,0.0437026181092208,0.0710421564196075,0.0047984431914449,0.00479155451682418,0.00220891264380877,0.00060117858397971,192,0
1,61.659339264,accepted,3.10900376757518,-0.229161370987453,-0.22227917417925,-0.958315055664951,0.295179161136757,-0.22750585715372,-0.35195183805892,0.0258099737715454,-7.70894893513177,6.31980991313633,-1.16801753740808,0.32,0.03,-0.18,2.21831347928479,-7.45468787482764,6.51067278516017,-0.261315818128497,0.0386582815699786,0.24429824139941,0.161402707469659,2.1929380880983,61.659339264,0.0432129714933156,0.0432225263176662,0.070668363256358,0.00470609310472269,0.00470538534827375,0.00217072871702563,0.000599008227562934,193,0
1,61.759557888,accepted,4.38213633515683,-0.229634189297258,-0.223144343784472,-0.96699393067887,0.345613619257603,-0.338019866069562,-0.386452365886342,0.0207677309892014,-7.68400088115379,6.3198098860158,-1.21404397904792,0.32,-0.01,-0.23,2.2148228207808,-7.42458151516717,6.50032989897778,-0.301651564729344,-0.00962372507389854,0.309467829076816,0.145241061441291,2.19424805088696,61.759557888,0.0427601569938745,0.0427690114346906,0.0703084282894831,0.00458649365573107,0.00457791701131093,0.00214824034119669,0.000596098781012608,194,0
1,61.877765888,accepted,7.6078078613759,-0.197438999363126,-0.235568519742354,-0.985713147070177,0.51227092264237,-0.363214984281941,-0.539726165181806,0.00909070348801588,-7.64242080259815,6.30870297689577,-1.26833222804007,0.34,-0.05,-0.36,2.20784150377283,-7.39714842215129,6.4989255905227,-0.35224125299501,-0.14806043943707,0.293565194946062,0.165020300503723,2.19909238007362,61.877765888,0.0426526812707592,0.0426609637061293,0.0702702791958463,0.00451969524614737,0.00449921121092639,0.00213457526572762,0.000594707502752378,195,0
1,61.95988224,accepted,5.06921516620816,-0.195401134535702,-0.233936169219785,-0.966665601496081,0.451537624486276,-0.256503815487955,-0.422298130757095,0.0093565568780769,-7.60084073346818,6.28648920429898,-1.30604501366967,0.37,0.03,-0.32,2.20784150377283,-7.36526545997148,6.48723898827265,-0.396480517189765,-0.0609656502733465,0.272609265474822,0.0905295195603862,2.19870970954079,61.95988224,0.0419029802030111,0.0419102381107996,0.0696164883494666,0.00437783756617446,0.00435804578197735,0.00209491729082932,0.000590590742791608,196,0
1,62.06002944,accepted,1.70801602797744,-0.205327816971802,-0.221517230709193,-0.963365087660303,0.335575537473695,-0.0795701782890724,-0.112928152357782,0.0231531745961888,-7.5675766612018,6.28648916899932,-1.35203865309735,0.42,0.05,-0.05,2.21307749152881,-7.33478701468815,6.49342698170337,-0.415907863542218,0.0991741615707004,0.124501810535341,0.0583380673234251,2.19066367211236,62.06002944,0.0415118485876274,0.0415180978801332,0.0692918756122335,0.0043017633764415,0.00428303291771133,0.00203551044595128,0.000588386984820999,197,0
1,62.160098816,accepted,3.19224536101644,-0.226027989300791,-0.235512797100409,-0.983274539938009,0.0888035062650573,-0.481770754269493,-0.172944529355739,0.0317163452402252,-7.54262861832844,6.27538227839716,-1.39799655104652,0.28,-0.17,-0.14,2.2165681500328,-7.31452109629336,6.45642757178419,-0.4476504409476,0.193889275167254,0.287886108808551,0.0270432269208844,2.18462093020516,62.160098816,0.0411339366510831,0.0411399256262951,0.0689747786291414,0.00419660702059967,0.00421741257247468,0.00202822140596862,0.000586173325461073,198,0
1,62.260288512,accepted,6.79131556337074,-0.227379952537828,-0.224789346616344,-1.00420610599315,0.277602257152607,-0.291394505553488,-0.662406882450545,0.0229002023410918,-7.52599659168326,6.26427539692631,-1.44400970720259,0.44,0.12,-0.52,2.2148228207808,-7.2783849674008,6.45421845447608,-0.518670243594241,0.173644883687651,0.396843896091206,0.125569574062917,2.19175765693852,62.260288512,0.0407717753094704,0.0407773965466245,0.0686702092179642,0.0041432389791304,0.00414323552619678,0.00201985355441688,0.000582685627615559,199,0
1,62.360428544,accepted,4.87352338390704,-0.223996931391488,-0.230006210736621,-0.977020925196563,0.398627947071024,-0.444102900515465,-0.270420668740996,0.0112119238289283,-7.50104853693543,6.26427537058218,-1.49000001428657,0.21,0,-0.24,2.21133216227682,-7.24573324291711,6.44516463966929,-0.554324108492966,-0.17223853128917,0.422829854526491,0.0225641909691603,2.20029580203579,62.360428544,0.040425482916321,0.0404317284696837,0.0683744091595108,0.00406067029480371,0.00403124842191967,0.00201793119174407,0.000579622122584153,200,0
1,62.458617088,accepted,6.52030277465012,-0.225750059010753,-0.242098498989977,-0.961471503331818,0.239429557017321,-0.680678552855695,-0.255445277879988,0.00628610021807141,-7.49273254213936,6.24206163206169,-1.50178805338855,0.05,-0.28,-0.03,2.21133216227682,-7.25115108128581,6.4130456205509,-0.579553420351248,-0.18034529062231,0.369121190980881,0.218159937120104,2.20554403614807,62.458617088,0.0400573657384528,0.0400630563024695,0.0680567462156493,0.00401271912983105,0.00398629957858084,0.0019937391410316,0.000576867356960561,201,0
1,62.558745856,accepted,11.5422226607393,-0.192301590081515,-0.243171824253106,-0.956486614511179,0.78547665335762,-0.605250831030835,-0.272307423920027,0.002371855105058,-7.47610052931151,6.21984788718737,-1.51380902634868,0.4,-0.08,-0.08,2.20958683302482,-7.21679770370615,6.39983329996848,-0.597606828091254,-0.352492002942733,0.497589783995398,0.184962753941274,2.20715366262276,62.558745856,0.0397371911116518,0.0397428053470637,0.0677798635973239,0.00397021606321178,0.00395841757057246,0.00203091744434994,0.000573895157952813,202,0
1,62.658877952,accepted,7.86376574208705,-0.210746738078003,-0.235687908499589,-0.954542388568205,0.651863555364652,-0.426709921331122,-0.319895868959494,0.0134428405740699,-7.45946850408866,6.20874100527576,-1.5258303988523,0.29,0.05,0.01,2.2165681500328,-7.19540969736029,6.39850397217444,-0.615679019305209,-0.335218664967268,0.457056221956333,0.321510564898081,2.203268323631,62.658877952,0.0394250843807246,0.0394305322076767,0.0675112128290941,0.00392075961735378,0.0039121903814139,0.00201135606827392,0.000571067758956871,203,0
1,62.759022336,accepted,8.86496877499801,-0.209829603290487,-0.239947461780612,-0.959594903467312,0.726306101709567,-0.423089683665159,-0.308557168306792,0.0237639817363977,-7.4345204612226,6.19763411509712,-1.53785324659344,0.56,-0.25,0.11,2.22180413778878,-7.16529879206429,6.3923015943635,-0.621331823581291,-0.136595608949681,0.153656602684001,0.410604191195526,2.19910243620997,62.759022336,0.0391246208105693,0.0391290454032974,0.0672526185354758,0.00385403333068296,0.00382583344251869,0.00190862871570134,0.000568996360954081,204,0
1,62.87722112,accepted,2.96529108164812,-0.213043108679666,-0.235620053212063,-0.97705276696473,0.460829809256216,-0.102276853297325,-0.140771033198097,0.0454037453342857,-7.40125640935457,6.17542035101995,-1.55204361780009,0.2,0.04,0.21,2.23053078404875,-7.15307047441818,6.39490305142684,-0.603714384447738,-0.242618658093009,0.136321316220948,0.346136679558501,2.18637429904011,62.87722112,0.0391145893772317,0.0391190535180123,0.0672818172708281,0.00381146525721534,0.00380071766466725,0.00188800302897877,0.000569561700865075,205,0
1,62.959384064,accepted,5.28850973561226,-0.212138323699343,-0.232105239664559,-0.98454529753266,0.631484904763448,-0.233414471114271,-0.0947859392924382,0.0372219047237219,-7.38462437251386,6.17542033380226,-1.56190770129853,0.41,-0.05,0.18,2.22878545479676,-7.12320661116383,6.38022596120972,-0.601771690888711,-0.196719187737552,0.172291989634815,0.27122609102057,2.19267148421034,62.959384064,0.0385433410144274,0.0385474819260238,0.0667487193136915,0.00371330600695982,0.00369844469297177,0.00185029966283055,0.000564815628427163,206,0
1,63.05953664,accepted,3.2554006939033,-0.218205780357563,-0.232707256717873,-0.996162743950939,0.495924599636387,-0.0264407375997424,-0.159834544345325,0.0259013494945242,-7.359676328746,6.16431344466501,-1.57393153253135,0.28,0.12,0.09,2.22354946704078,-7.10484006461959,6.38792753956098,-0.608076521046537,-0.197107582155974,0.143875141586293,0.244869701425317,2.19835445397406,63.05953664,0.0382697290031548,0.0382737326512439,0.0665098294971683,0.00366020911653329,0.00364385980995866,0.001818245622328,0.000561623388517913,207,0
1,63.159672576,accepted,2.33503975982279,-0.239276197368517,-0.236028177476507,-1.00548318108589,0.229751010656002,-0.159548335224872,-0.325736472411552,0.0270466390768185,-7.359676328746,6.16431344466501,-1.5859533660467,0.12,-0.06,0.01,2.22354946704078,-7.10771423938376,6.37970798659163,-0.625086027604709,-0.101970068601699,0.0917787951418133,0.327447511695202,2.19725037434706,63.159672576,0.038003337310364,0.0380069573297073,0.06627714329131,0.00363023962230167,0.00359260532232468,0.00177845229763111,0.000559260694312909,208,0
1,63.257859584,accepted,1.61045064775692,-0.206026365080118,-0.259627917229115,-1.0036612562449,0.302408976483674,-0.133566627788939,-0.0942034263201193,0.0235508055848861,-7.32641228824651,6.13099281796564,-1.59774122074401,0.18,0,0.24,2.22180413778878,-7.10072424089851,6.37170847624773,-0.61855709288265,-0.111612810752776,0.126744747303257,0.33055462826006,2.19888800530441,63.257859584,0.0377165771723319,0.0377200275575357,0.0660207781106386,0.00357736184270656,0.0035436930111547,0.00176018964239112,0.000556673254740869,209,0
1,63.359969024,accepted,0.810606162030543,-0.196786081199343,-0.251472610842296,-1.02360939779943,0.120370335742694,0.167355935920984,0.0118869443329949,0.0192170341993783,-7.30146423272884,6.1309927923979,-1.60999998355245,0.23,0.12,0.24,2.22180413778878,-7.10034151066366,6.38921322022201,-0.602274762072105,0.113320069129103,-0.0422719736397515,0.226388758861332,2.20323759603893,63.359969024,0.0374953832162598,0.0374982197818252,0.0658315427406697,0.00354766692887853,0.00349028755446037,0.00171062525547505,0.00055405200473969,210,0
1,63.460101376,accepted,1.00480372575962,-0.224698651256189,-0.230697115695147,-1.07978937511164,0.0688058160807428,0.225620282393481,0.0221462479587402,0.0308506556505255,-7.30978024004456,6.14209966518308,-1.65351423943061,0.2,0.02,0.37,2.22529479629277,-7.08594676076948,6.38490621985495,-0.589673180490399,0.132896523016321,-0.198162930915027,0.346231826384393,2.19537114978422,63.460101376,0.0372483263091332,0.0372511565924195,0.0656160644786882,0.00357511050968337,0.00346680341556186,0.00167668524788741,0.000551878126377949,211,0
1,63.558271488,accepted,1.04746954158274,-0.246836676415115,-0.223556519090497,-1.14650320671562,0.140923333997283,0.120534243570358,-0.152153917886707,0.0246860320662048,-7.32641227675331,6.14209968197106,-1.6961758120174,0.15,-0.06,0.31,2.22354946704078,-7.07516701342836,6.36907974554253,-0.581157784149998,0.0133113084163023,-0.177212681913892,0.457207565689682,2.19963704076784,63.558271488,0.0369819176849263,0.0369848452994855,0.0653764965161363,0.00353818896786246,0.00342837985503805,0.00166026553578681,0.000548687543463902,212,0
1,63.6584576,accepted,2.93822293398299,-0.268776722576396,-0.199907578094741,-1.20610958688391,-0.115449283593193,0.341568764118625,-0.317506406881633,0.021974777937698,-7.34304431552958,6.14209969892508,-1.73971347335038,-0.05,-0.05,0.25,2.22354946704078,-7.09160001653001,6.36401223826509,-0.579777033315511,0.0595511268385498,-0.379828325224382,0.559540570762675,2.20176942138238,63.6584576,0.0367513609239691,0.0367540002455547,0.0651736445671778,0.00361316052696126,0.003409507197216,0.00163255726851176,0.000545281251279047,213,0
1,63.758619648,accepted,3.56088428629818,-0.288970351157785,-0.179962737005176,-1.25727875303422,0.129332784865375,0.391579604597903,-0.33911504695554,0.0199601350160838,-7.3763083885658,6.14209973344834,-1.78324067724308,0.11,-0.03,0.1,2.22354946704078,-7.08535157525355,6.34840958711032,-0.57447038181539,-0.0156993188652279,-0.408113251853504,0.430780572582806,2.20441246859889,63.758619648,0.0365283713781475,0.0365310706080276,0.0649740430598832,0.00356114903664918,0.00334416995621104,0.00161600482515847,0.000541937313016678,214,0
1,63.876816896,accepted,3.75865184955939,-0.306279101861376,-0.159084175647005,-1.31304411933709,0.0142645021349031,0.374118819506917,-0.399649520612133,0.0190686560222453,-7.4012564551881,6.13099289483975,-1.83460539887149,-0.11,-0.19,0.05,2.22354946704078,-7.10291394869733,6.31553059167693,-0.575894916540008,-0.125421235325854,-0.551327898254412,0.440221912064086,2.20468794721722,63.876816896,0.0365609033464033,0.036563368776044,0.0650398258744014,0.00363493768212528,0.00333402537835108,0.00160118672731288,0.000539464179292341,215,0
1,63.958952704,accepted,3.71978537744308,-0.292006407543742,-0.164377546172926,-1.32623164571191,0.370811484576528,0.211014930026181,-0.337430995136829,0.0161231946184142,-7.41788851475128,6.10877918318717,-1.87029897875624,-0.07,-0.21,-0.12,2.22180413778878,-7.10505567851442,6.28500799687109,-0.592970787870074,-0.428545710497465,-0.414807696299645,0.209235918301706,2.20666236501211,63.958952704,0.0360890583640874,0.0360916361457685,0.0645832136190656,0.00343919504828728,0.00331692989552242,0.00158815074521437,0.000534585751673375,216,0
1,64.059091968,accepted,2.69389734159153,-0.312303879989802,-0.145630189123942,-1.33391556404361,0.295768048751676,0.318857151303024,-0.103035078685804,0.0173604097773485,-7.45946863138644,6.08656549848068,-1.91381628145549,-0.13,-0.28,0.04,2.22354946704078,-7.13296049608841,6.25304121753754,-0.609822480366487,-0.416335576964075,-0.588667295413198,0.139027598792256,2.20702552604662,64.059091968,0.0358801041601746,0.0358821080244848,0.0643977705227209,0.00349830245946791,0.00326570568374597,0.00156512555851818,0.000530573815143816,217,0
1,64.159251712,accepted,5.72286943266512,-0.323463405936482,-0.139284146392175,-1.36619084067316,0.57057530329727,-0.0586131617067521,-0.387684730289426,0.0171775959999536,-7.50936477663746,6.05324495674047,-1.95734248410391,-0.12,-0.62,-0.32,2.22529479629277,-7.15088237729155,6.18372358753799,-0.644195670165331,-0.67061582977238,-0.565911688533108,0.0587478210913501,2.21070973526663,64.159251712,0.0356779127319749,0.035679279820773,0.0642157958669792,0.00341919375656946,0.00334517058185605,0.00155659905795561,0.000526157231693581,218,0
1,64.257412864,accepted,3.63135839945583,-0.306436542642523,-0.139263282331367,-1.35341468053123,0.494365532262715,0.157669699334694,-0.13092988728921,0.0144423862729868,-7.53431290407634,5.98660379697683,-2.00000028891649,-0.34,-0.51,-0.17,2.22354946704078,-7.19852220800468,6.13395954991047,-0.678789398866343,-0.817636990812485,-0.664179372322381,-0.0434259088640245,2.21069829939144,64.257412864,0.0354525273240552,0.0354532742947075,0.0640109805273909,0.00342592167597624,0.00338728898152572,0.00154158993930102,0.000520932690828364,219,0
1,64.35750784,accepted,6.16852015207179,-0.311560758278314,-0.125845580911593,-1.39097977944749,0.581489887600695,0.0655030424687164,-0.420521392014769,0.0116716179651624,-7.60084109923017,5.94217641206367,-2.07711785989948,-0.38,-0.6,-0.48,2.22180413778878,-7.25391003261961,6.0690965617276,-0.741726276357259,-0.941775590076992,-0.665870234193532,-0.068763158271905,2.21224459301082,64.35750784,0.0352580180757487,0.0352577814849471,0.0638374513064909,0.00337325251077953,0.00343011842102542,0.0015309281217686,0.000515657598236125,220,0
1,64.4576704,accepted,6.4401895885602,-0.316541283096415,-0.106379533851893,-1.40908056904115,0.631066898444122,0.133906954378881,-0.356930261692315,0.00983086489905638,-7.67568531602298,5.89774903281229,-2.15428750056792,-0.54,-0.58,-0.37,2.22180413778878,-7.32041319030048,6.01095763031421,-0.795877267351879,-1.14995071634372,-0.71193780266733,-0.0211345526194041,2.2138255884123,64.4576704,0.0350678416500361,0.0350670224368776,0.0636690508729908,0.0033591976742983,0.00355831867931834,0.00152453124498725,0.00050954951174053,221,0
1,64.559813888,accepted,13.4264877090843,-0.283487215246423,-0.11357955675149,-1.43870444266747,0.958295388348304,-0.111352176893672,-0.513838337646501,0.00700735460824831,-7.73389753214094,5.82000104613502,-2.23298333527486,-0.42,-0.85,-0.41,2.22005880853679,-7.38607273093517,5.92129302864547,-0.857502631582139,-1.34421194963384,-0.748378408920543,0.0933610436843464,2.21748175067131,64.559813888,0.0349090586711045,0.0349071494020839,0.0635309799900476,0.00333985340103453,0.00370767054771106,0.00152195283563841,0.00050277842186028,222,0
1,64.657953024,accepted,7.60023741778439,-0.286576656892661,-0.0959195308685459,-1.44613430377372,0.743648803388187,0.154329999834092,-0.272080984613755,0.00329944468537269,-7.80874177258725,5.75335994144488,-2.30859404111776,-0.7,-0.57,-0.39,2.22005880853679,-7.47468992244331,5.85779507110978,-0.906758683717581,-1.41917436257621,-0.721747634434002,-0.12439892795831,2.21834011170837,64.657953024,0.0347012252725001,0.0346987959878497,0.0633409605986645,0.00325427533193522,0.00369920532094829,0.00151100424429948,0.00049598538132131,223,0
1,64.756153856,accepted,5.99449949016802,-0.28492373801786,-0.104861718358346,-1.46679459113053,0.649601406968928,-0.197224484003533,-0.204877003690884,0.000610752516096547,-7.90021806718875,5.67561199210715,-2.38425228027202,-0.83,-1,-0.35,2.21831347928479,-7.57487451154225,5.76230714860259,-0.956590365876796,-1.45700697105098,-0.814274871983086,-0.15069600839465,2.22131199500981,64.756153856,0.0344998628436548,0.034497310446971,0.0631562218970928,0.00325381166588798,0.00365401989223041,0.00149054104411232,0.000489287198084984,224,0
1,64.87028992,accepted,16.1210235407285,-0.244986904227269,-0.0832608513307704,-1.50734204338624,0.925420107382317,-0.246819654627608,-0.722523549476455,-0.00189817454360108,-7.99169437601077,5.58675717899449,-2.47218772287844,-0.6,-1,-0.64,2.21831347928479,-7.68484391011907,5.64805179707619,-1.0445484458791,-1.49356447563995,-0.767228744666258,0.0686642912673028,2.22455592908107,64.87028992,0.0345098449409531,0.0345073756907975,0.0631915207223017,0.00320799515142217,0.00363999625588199,0.00148546576529323,0.000484256208410926,225,0
1,64.956400128,accepted,9.04734925182222,-0.265029555211895,-0.104242623631966,-1.5018722430468,0.643864870459299,-0.2927905967506,-0.530798647796479,-0.00733651292960502,-8.07485467984851,5.48679549412213,-2.53853081364255,-0.85,-0.94,-0.51,2.2165681500328,-7.77015382544423,5.56570215845519,-1.10092719173052,-1.47294069169567,-0.660951922339499,0.00987425746777693,2.22695894352932,64.956400128,0.0341555997686144,0.0341533830362448,0.062846144435471,0.00309223064684402,0.00352103944661447,0.00147848711840946,0.000478397462662426,226,0
1,65.058617856,accepted,15.3743244195417,-0.246482489936671,-0.136994662437537,-1.51820535266699,0.759797159209887,-0.823162657389121,-0.347757518825778,-0.00954673649111637,-8.17464703798801,5.37572696448953,-2.61728384611003,-0.84,-1.18,-0.41,2.2165681500328,-7.87909333079408,5.447422527916,-1.14938823711079,-1.5756430240982,-0.390587551291205,-0.0703981488108968,2.23142670868015,65.058617856,0.034020421320414,0.0340184875061313,0.0627256725142121,0.00298465012302437,0.00355128782657406,0.00151184041002623,0.000473850606044486,227,0
1,65.156742656,accepted,18.3808935901623,-0.223945965494224,-0.149577412429895,-1.52453392340675,1.02485923557271,-0.763043051647366,-0.141713610206289,-0.0130397471801311,-8.26612336634591,5.27576529068321,-2.69288350686814,-0.62,-0.94,-0.39,2.21831347928479,-7.97350373803682,5.36472185817109,-1.20308917427579,-1.61300279015389,-0.206862114281493,-0.252972358552723,2.23518375271874,65.156742656,0.0338329236730337,0.0338343143410408,0.0625540613076059,0.00294969458379893,0.00351646408739866,0.00153434822231279,0.000469125929159552,228,0
1,65.256834816,accepted,9.94112817912299,-0.225077846819747,-0.147044766641145,-1.54077697101002,0.690664269765988,-0.564422311779043,-0.261517845952428,-0.0179176532673435,-8.35759967211329,5.19801734756627,-2.7699989082809,-0.75,-0.79,-0.45,2.21831347928479,-8.08887220833954,5.29937850235514,-1.27305047578785,-1.41973870218857,-0.246452907279884,-0.195224943660545,2.23832932084068,65.256834816,0.0336729857159853,0.0336805205295341,0.0624131845145073,0.00293120135117059,0.00326212891892765,0.00149470081542195,0.000465897107507543,229,0
1,65.358961152,accepted,13.2540489913633,-0.194437365573176,-0.17834880447253,-1.4882957563205,0.748673475540743,-0.782708649028901,-0.0575179232553714,-0.0185515764431683,-8.43244395317836,5.10916252035952,-2.78427664521485,-0.69,-0.85,-0.26,2.22005880853679,-8.18923654704733,5.22530449394503,-1.32352925439616,-1.41608706603828,-0.0950945360086809,-0.20577351215257,2.24083267869765,65.358961152,0.0335433926210384,0.0335550751694204,0.0623013338903501,0.00294306927244589,0.00320493732298474,0.00150796527091226,0.000462857103141027,230,0
1,65.457145088,accepted,5.76807888148912,-0.203494524010457,-0.173938648804463,-1.46470691440197,0.346900438599904,-0.600080375982956,-0.0262789673373018,-0.0199564803780401,-8.51560424312075,5.03141456843452,-2.79800235715463,-0.8,-0.84,-0.04,2.22005880853679,-8.29283974677038,5.15691823506078,-1.35794436623397,-1.13693018205957,-0.260477184093204,-0.0165147980563386,2.24120739169973,65.457145088,0.0333683250204621,0.0333841142758142,0.0621398381708846,0.00290872706130712,0.0029768997673943,0.00144724210268891,0.000460924972630737,231,0
1,65.559252992,accepted,5.045920008821,-0.189113387488431,-0.180140652385806,-1.46348928029363,0.471795169605712,-0.407573428857427,-0.157249869274392,-0.0225648590100662,-8.5904485124506,4.95366660842313,-2.81227662374219,-0.55,-0.63,-0.05,2.21831347928479,-8.37294968559466,5.09931131746915,-1.3830973470302,-1.00768059940349,-0.236296446602688,0.102484921713563,2.24097258626892,65.559252992,0.0332499734432438,0.0332676349224708,0.0620324623415576,0.00290896362967031,0.00289715050709329,0.00143187000917478,0.000459568918640884,232,0
1,65.659418624,accepted,3.94534663999819,-0.196713500701689,-0.187373646370551,-1.45972977874546,0.215401378998912,-0.498791087127038,-0.128242004590156,-0.0220125227502264,-8.6652927726114,4.88702551301912,-2.8262793686627,-0.76,-0.74,0.11,2.21831347928479,-8.45884940253113,5.03328898145449,-1.39848771663352,-0.969600013248019,-0.257965107059154,0.233931225348701,2.24065481744785,65.659418624,0.0331092856200598,0.0331268244532325,0.0619011123036128,0.00290481710985057,0.00286567062451116,0.00141134881557228,0.000458216222118006,233,0
1,65.757555712,accepted,4.58934990890898,-0.187280825178597,-0.178110001536896,-1.47471041382412,0.455602549408085,-0.226431675702546,-0.332591627253144,-0.0222758162066619,-8.73182100040255,4.83149127198001,-2.83999853144405,-0.39,-0.49,0.06,2.21831347928479,-8.51761448266796,4.98839907030293,-1.41238555841057,-0.831952281340467,-0.27151652193198,0.385146196101124,2.24009423090114,65.757555712,0.0329488090685499,0.0329663449718943,0.0617461221741538,0.00290458457221163,0.00282717095205945,0.00139287719456027,0.000456962685795416,234,0
1,65.875702784,accepted,1.2936649901481,-0.192307287513572,-0.166151628128697,-1.49620824826801,0.028845556509705,-0.112249396313761,-0.226860380661266,-0.0229334436586317,-8.80666521975652,4.79817077225614,-2.8565150079968,-0.74,-0.27,0.32,2.2165681500328,-8.61800001753472,4.95186409871498,-1.39953132438328,-0.768935574249874,-0.161981375778812,0.541036430812311,2.23918349167692,65.875702784,0.0330565539926761,0.0330736288172336,0.0618683716872233,0.00295467406813853,0.00284058304371074,0.00139163732294968,0.000456779042720006,235,0
1,65.9598592,accepted,2.91508341373749,-0.199524745118891,-0.165572173793003,-1.51388140834069,0.277191363401969,-0.205330245186033,-0.304074791497603,-0.0226778088641186,-8.88150942826979,4.7759571361786,-2.86827973011899,-0.45,-0.39,0.23,2.2165681500328,-8.66817634462284,4.92238073262872,-1.39971497864082,-0.719275603860671,-0.191882167071172,0.527083311933171,2.23859268718358,65.9598592,0.0327226747151281,0.0327392040455718,0.0615332073664707,0.00290595632144343,0.00279798306505985,0.00136357771755578,0.000454667810572931,236,0
1,66.057981696,accepted,2.61343389972359,-0.204182021623133,-0.148273660285221,-1.54194834999575,0.0894047228330196,0.121552101403943,-0.397463160709767,-0.0239377591629317,-8.93140557696187,4.75374346956984,-2.88199685299853,-0.46,-0.06,0.24,2.2148228207808,-8.72681617445275,4.90643846235382,-1.39249535569862,-0.547581538767303,-0.178519387590608,0.628966520470181,2.23843931596664,66.057981696,0.0325744839924021,0.0325890581673904,0.0613843483070326,0.00290366962879017,0.00280895551568349,0.00134512304987556,0.00045319764719974,237,0
1,66.158128384,accepted,3.70877050685994,-0.213913605980695,-0.148949613240434,-1.567736854058,0.201837776851443,-0.230585506089305,-0.431878325236557,-0.0239687629506991,-8.9896177307848,4.74263667669223,-2.89599694962546,-0.23,-0.31,0.08,2.2148228207808,-8.76771348514549,4.87142740748565,-1.38327220552906,-0.426243754824144,-0.0874841499591333,0.502981118434824,2.23776195598974,66.158128384,0.0324577937628884,0.0324694244245969,0.0612636580174429,0.00288321150390585,0.00279486506396387,0.00133620131781149,0.000451559155447026,238,0
1,66.258296576,accepted,2.73511391110698,-0.212521583198573,-0.152823009337054,-1.57837376068864,0.13516202065934,-0.230645284371697,-0.344661190830723,-0.0217227539299873,-9.0228818382299,4.72042299055605,-2.91000004867729,-0.32,-0.1,0.16,2.2165681500328,-8.80703126200905,4.85308438344322,-1.38041179408644,-0.451522901027801,0.122671693050588,0.497094986561092,2.23730148844027,66.258296576,0.0323415100103726,0.0323490786568887,0.061145061421573,0.00294200869660482,0.00276883034106113,0.00133853831801304,0.000449605953705691,239,0
1,66.358478848,accepted,1.82323613134691,-0.220040438744169,-0.152702293733618,-1.58426598052567,0.124314476708727,-0.255775790118819,-0.157708066616148,-0.0199022249972574,-9.07277796032107,4.72042305361606,-2.92300431877879,-0.36,0.03,0.22,2.21831347928479,-8.85036752195034,4.85128032050051,-1.37413400498507,-0.480955615329812,0.277075623355745,0.372943464746828,2.2371810818552,66.358478848,0.0322286022766765,0.0322327376550417,0.0610292714500422,0.00297863884175699,0.00272519363909437,0.00133943563959247,0.000447294905391716,240,0
1,66.458621184,accepted,3.20501115364847,-0.212946939643759,-0.148781239851875,-1.60553280081047,0.280065450686102,-0.308756654834353,-0.242053174930953,-0.0236136607783042,-9.10604202605026,4.73152996169378,-2.93600340494383,-0.14,0.04,0.21,2.2148228207808,-8.87970712445947,4.85508337384149,-1.37204921485875,-0.411248321407784,0.338227908306096,0.446084179464172,2.23658521744936,66.458621184,0.0321181567443625,0.0321193001584432,0.0609152631443566,0.00299795647958773,0.00273553955159401,0.00132967613335342,0.000444619175231287,241,0
1,66.558788864,accepted,3.73787163621938,-0.206103720097762,-0.157328959855064,-1.62734190295537,0.248987642032038,-0.249607240040889,-0.39480939185299,-0.0173678067546166,-9.11435804809973,4.73152997227053,-2.9490057809147,-0.01,0.16,0.2,2.21831347928479,-8.89680225900467,4.86757238910338,-1.37426890856986,-0.251016039826592,0.400682233719172,0.586580419030281,2.23392179551462,66.558788864,0.0320092577621379,0.032007100142359,0.0608033602762539,0.00302896435783506,0.00279619774847653,0.00131952070282974,0.000441838572831469,242,0
1,66.660915968,accepted,3.7864271281329,-0.203315208327799,-0.145347190023947,-1.65336415149853,0.33862864149796,-0.126949424689972,-0.390479007119093,-0.0128489967422545,-9.12267402324986,4.76485057440963,-2.96226250207491,0.12,0.34,0.29,2.22005880853679,-8.90155986674585,4.8976977317457,-1.36144774598021,-0.207815913650031,0.461709379444933,0.672245828819228,2.23110778795319,66.660915968,0.0319284353505624,0.0319222907908345,0.0607179817071956,0.00304886277402464,0.00280754245189183,0.00130779198594789,0.000439023987124792,243,0
1,66.75904128,accepted,2.54885627119186,-0.239306851806582,-0.124238801833672,-1.67847877524852,0.175059736723121,-0.164294267388876,-0.32941495458257,-0.00930426200139012,-9.15593803394441,4.82038493874009,-2.97499976621922,0.03,0.3,0.31,2.22180413778878,-8.91120886275649,4.93012850743008,-1.34500194541527,-0.140028264423953,0.458274187992982,0.632143693341032,2.22989219981424,66.75904128,0.0318027919362491,0.0317929571453624,0.0605845072787415,0.00299685401762375,0.00280627802166461,0.00128895753532968,0.000435923165108598,244,0
1,66.875233024,accepted,6.78815171506038,-0.246821354129809,-0.0973517544592672,-1.7300044128515,0.275556281650084,0.261404995283,-0.63825089100745,-0.00888134754266945,-9.16425399708811,4.86481240679161,-2.99008216345752,0.22,0.44,0.16,2.22005880853679,-8.90508298418257,4.97760139855467,-1.33103422354568,-0.0484071749766604,0.18620929654721,0.78650536524752,2.22908460529607,66.875233024,0.0318995968815391,0.0318832311705371,0.0606763955053796,0.00285523657071895,0.00287318506501912,0.00124935883204141,0.00043437088803404,245,0
1,66.959373312,accepted,5.02398702811396,-0.237874339420307,-0.0801875712277846,-1.73236140249231,0.268204365721362,0.284130019064285,-0.487251921322151,-0.00942934572500675,-9.15593792014327,4.90923985401553,-3.00100408616625,0.07,0.41,0.2,2.22005880853679,-8.90625698363926,5.00661367497239,-1.32862689531338,-0.191478826596102,0.133933384435807,0.677774473498488,2.22957879393535,66.959373312,0.0316075092646538,0.0315900244302344,0.0603692524583705,0.00276807975709399,0.00273779299783592,0.00123292828417654,0.000431708650035975,246,0
1,67.059478528,accepted,3.31875742491878,-0.240209347800704,-0.0636964956103441,-1.75011136109839,0.138769046271198,0.13428200046928,-0.44041824449999,-0.0126486015648131,-9.1642538828984,4.95366732050673,-3.01399835392884,-0.01,0.22,0.22,2.21831347928479,-8.92121057461956,5.02477470512109,-1.32068305759449,-0.145917107186681,0.089360823589559,0.651687581406524,2.23095065546599,67.059478528,0.031515897033006,0.03149580520557,0.0602643858726453,0.00272317214654808,0.00273206501464807,0.00122052543766811,0.000429776529109848,247,0
1,67.159639552,accepted,6.92033348175018,-0.234884608483116,-0.0321204958952954,-1.77137648766949,0.528479088941725,0.322234334949496,-0.424095107581096,-0.0131738041872582,-9.17256984591745,4.99809478924676,-3.02699986591031,0.26,0.39,0.2,2.21831347928479,-8.90816173307219,5.05108695379648,-1.31143937240552,-0.254123260705551,0.0768331306774631,0.615577415468051,2.2312134880308,67.159639552,0.0314274162102946,0.0314050176413686,0.0601610598656036,0.00268822470996666,0.00265622733390135,0.00121279773677235,0.000428196859501437,248,0
1,67.259790336,accepted,3.21762638602571,-0.262984913313783,-0.007568676537832,-1.77442472850056,0.216991906680949,0.256886401101289,-0.326355614506515,-0.0152356170360974,-9.20583385480839,5.05362915288119,-3.03999995122324,-0.22,0.39,0.02,2.21831347928479,-8.93548308147869,5.0783053415636,-1.31458881780752,-0.432091332532936,0.140305547964142,0.339164269836671,2.23330205547342,67.259790336,0.0313410216413208,0.0313168406376212,0.0600593170416397,0.00264451597018614,0.00255291670283862,0.00121386124100078,0.000426822869802973,249,0
1,67.359916544,accepted,5.93938132798339,-0.22930351431266,-0.0110160406731632,-1.74662395367966,0.629579240164383,0.0749586312214228,-0.269054002012989,-0.0197237135608552,-9.22246584878935,5.0869497671547,-3.02697639602263,-0.07,0.24,0.05,2.2165681500328,-8.95700076334849,5.10260915492653,-1.32489381365586,-0.682381111662789,0.167180804185167,0.312776561452961,2.23495924822754,67.359916544,0.0312571615127338,0.0312308761590846,0.0599598102722031,0.00262789436459768,0.00250979760125251,0.00122652794600583,0.000425502983480296,250,0
1,67.460054528,accepted,7.63705108605321,-0.196149148427732,-0.0115621331871143,-1.72730342584537,0.77425086120067,0.00144992787635331,-0.186834464668146,-0.0211816353606213,-9.222465819857,5.1091634951033,-3.01395130910132,0.08,0.22,0.2,2.2148228207808,-8.97947640298626,5.1203733536359,-1.32518398693472,-0.67260172026992,0.218631116481004,0.381758784947609,2.23427869691868,67.460054528,0.0311764423718547,0.0311485703290662,0.0598616429271174,0.00262963977203668,0.00250140074447227,0.00122503153370172,0.000424246492725504,251,0
1,67.55821696,accepted,6.2562680363272,-0.176948023217726,0.00466424222705797,-1.71835170736257,0.67238307807332,0.153468823443331,-0.180071500860847,-0.0177581879962747,-9.22246577710732,5.14248408923418,-3.00118318497764,0.03,0.26,0.29,2.2165681500328,-9.00514062092865,5.14806977245976,-1.32068924597374,-0.623977430429579,0.110861170831971,0.465103959476646,2.2332684831459,67.55821696,0.0310766759350692,0.0310467172023592,0.05974234393372,0.00258723438754176,0.0024943395777868,0.00120722159385749,0.000423111640593443,252,0
1,67.65838464,accepted,6.01166267361154,-0.151099046267426,0.0117044795071948,-1.71640797659335,0.680914364018225,0.126951033843059,-0.0797679824446669,-0.01799758684944,-9.21414973141166,5.16469780590912,-2.98815423545629,0.17,0.18,0.44,2.2148228207808,-9.02145603510619,5.16162448418324,-1.30270572992187,-0.492296631384534,0.056558046601534,0.51615671523387,2.23203249613475,67.65838464,0.0310038522408648,0.0309725973919,0.0596480538956985,0.00256472209388892,0.00249582590643444,0.00118899339052439,0.000422091128889664,253,0
1,67.75848192,accepted,1.3447206997519,-0.174658747067431,0.0294010103119478,-1.72513348356425,0.197796117627575,-0.112739481371023,-0.110565583410114,-0.0180434948420385,-9.24741376601631,5.19801844245789,-2.97513444296091,-0.32,-0.04,0.45,2.2148228207808,-9.06655811768032,5.16318978339932,-1.28184493898655,-0.514032281940712,0.0703046908301022,0.55679680841775,2.23240849959326,67.75848192,0.0310039918932268,0.0309701989542881,0.0596252170153141,0.00256762534880235,0.00249552930541771,0.00119044030925027,0.000421086409445417,254,0
1,67.876665088,accepted,3.3709782180993,-0.126197558568505,0.0169259329674603,-1.74186372726307,0.505786244219757,-0.0451011719560533,-0.0568678063122813,-0.0181370190044858,-9.24741378035418,5.18691157757094,-2.95976219384676,0.09,0.03,0.49,2.2148228207808,-9.09310834784698,5.16756665523583,-1.24740328659764,-0.40315587039546,0.0739253938414327,0.543585751885967,2.23223037386326,67.876665088,0.0311801829386293,0.031142876799658,0.059780102183828,0.00256984311301267,0.00251682941043105,0.00118473226124293,0.00042087657975836,255,0
1,67.958794752,accepted,3.28472860014914,-0.147645212456871,0.0584463564760513,-1.74752547589377,0.425620992955806,0.21959326189969,0.037612315253411,-0.0173597894960307,-9.27236178102029,5.23133906695395,-2.94907947416652,0.09,0.28,0.58,2.2148228207808,-9.10016025396938,5.18900723776755,-1.22502312393118,-0.324428784220513,0.0666670051444963,0.540188430424193,2.23192327258668,67.958794752,0.0308961558211506,0.0308595637148879,0.0594695286375088,0.00253364770170342,0.00250165968198111,0.00117177293000178,0.000418815702219314,256,0
1,68.058962944,accepted,4.9958666944165,-0.094174759371823,0.0289900705180424,-1.76601583356316,0.679943109616592,-0.200950866868174,-0.0920015348994725,-0.0209409062333723,-9.2307816845858,5.23133901308396,-2.93605045804861,0.34,-0.11,0.45,2.21133216227682,-9.10448524421163,5.1928879857395,-1.2008569240495,-0.325882547571902,0.086742865599849,0.538513080515487,2.23130823202947,68.058962944,0.0309338583804639,0.0308938638284036,0.0594777646748723,0.00253683631911334,0.00249973984243865,0.00117684795392434,0.000417716183226699,257,0
1,68.159117056,accepted,6.76927720497093,-0.0573341529044189,0.0272743469459735,-1.76003526707648,0.807255110262032,-0.188942726094556,0.175839009351796,-0.0215551516757588,-9.19751760503928,5.23133897049381,-2.9230232733359,0.46,0.01,0.46,2.20958683302482,-9.09999001791415,5.19497375746705,-1.18007664386265,-0.330091370848967,0.194798652312457,0.283241597176191,2.22980123409474,68.159117056,0.0309665970954756,0.0309243953921623,0.059480982120271,0.00253109075157866,0.00247221461663325,0.00119254204380691,0.000416598855364076,258,0
1,68.259241472,accepted,3.64764758463542,-0.0672436544162416,0.0598241676468643,-1.75843983689881,0.462378912000666,-0.0576592192278572,0.26818952340708,-0.0197189909186357,-9.19751754795173,5.27576642742754,-2.90999996247968,0.19,0.11,0.54,2.20958683302482,-9.10375547312421,5.21392015577957,-1.16137128071031,-0.261005278848487,0.166234451273795,0.272300287816659,2.22844908641355,68.259241472,0.0309424359972503,0.030897940138166,0.0594278131370918,0.00251214524378419,0.00247791483901242,0.00118669240737333,0.000415400782280052,259,0
1,68.359371008,accepted,5.32609320310104,-0.0190738522358593,0.0354341097615336,-1.76208282973495,0.632981607914092,-0.0997750642400963,0.310991162833712,-0.0158728267069157,-9.14762144587316,5.26465949964928,-2.89998158196303,0.39,0.08,0.47,2.21133216227682,-9.09390987792223,5.22452700651286,-1.14695945099265,-0.228633529148315,0.177392022695954,0.159586206200233,2.22622681919222,68.359371008,0.0309541190910419,0.0309077692738462,0.0594088986751825,0.00250236942177122,0.00247364821214821,0.00119004703389069,0.00041420376860112,260,0
1,68.459573248,accepted,8.07078872540641,-0.00568289916446751,0.036218156973014,-1.75945317785631,0.785088234877343,-0.400851860794225,0.350674529502233,-0.00621325795451488,-9.11435735444487,5.27576632089365,-2.88995592710589,0.65,-0.26,0.48,2.2148228207808,-9.06924513549802,5.2203406854372,-1.13920058163084,-0.118944844082378,0.13248343949969,0.12992800797314,2.21977127015052,68.459573248,0.0309987660278843,0.030950226649269,0.0594226857923078,0.00249389452759324,0.0025038650112754,0.00117811146723316,0.000413056852200905,261,0
1,68.559694592,accepted,3.22848805119348,-0.000276288998691143,0.0563102369837578,-1.75762352630072,0.442742426194765,-0.163296411617091,0.269860160167989,0.00274478594134342,-9.08109326133763,5.28687314283758,-2.87993836623324,0.35,-0.03,0.44,2.2165681500328,-9.05793608300416,5.2236184130589,-1.13470723631427,-0.0834679282336308,0.13001163704952,0.170062788192708,2.21328702522086,68.559694592,0.0310327149144559,0.0309829706007806,0.0594277358046425,0.00249319022999709,0.00251265624960689,0.00117260977706586,0.00041202910005673,262,0
1,68.657843456,accepted,4.20366350630529,0.01674587321844,0.0404956884330048,-1.75250163527404,0.498300157694441,-0.327233345808885,0.278677620351272,0.00716173966861877,-9.04782919858507,5.27576623639215,-2.87011816026695,0.45,-0.21,0.45,2.21831347928479,-9.03942410243058,5.22017772310453,-1.13013063675926,-0.0382345982265408,0.110715695719098,0.17119605842294,2.21041318977938,68.657843456,0.0310579971587503,0.0310070724968139,0.059423067341319,0.00248884166482605,0.00252335545163586,0.0011631630316727,0.000410775214898788,263,0
1,68.760000256,accepted,7.88490414091557,0.0528735115391594,0.0393577486537859,-1.74107651907649,0.774810009402089,-0.219559671994709,0.430134492913732,0.00715135837952996,-9.00624909932052,5.27576618425072,-2.85989694347469,0.5,-0.04,0.46,2.2165681500328,-9.01617732572992,5.22563371863567,-1.12225049593345,-0.257868352624131,0.174995434876546,0.0314249057171907,2.2086548332378,68.760000256,0.0311077418199577,0.0310556380293574,0.0594429618870379,0.00249167532919361,0.00244326308226754,0.00118414945811281,0.000409795940126107,264,0
1,68.874145536,accepted,3.26056830484479,0.0713603133969247,0.0326429325350412,-1.7356684596847,0.503230185210852,-0.197586665087719,0.0651298807790942,0.00895598796315022,-8.97298502197348,5.27576614225634,-2.8484762289193,0.35,-0.17,0.36,2.2165681500328,-9.01528259195648,5.23341802700026,-1.13527781723411,-0.142019123111286,0.0235720484381027,0.292832993193906,2.20733993471902,68.874145536,0.0312989754855062,0.0312422505881028,0.0596076479511414,0.00249062191082563,0.00248666241680124,0.00115190150534223,0.000409319994976932,265,0
1,68.960271872,accepted,2.93258212290147,0.0584481511061092,0.0189217043015857,-1.73764974627441,0.218417605255418,-0.464185399019445,0.0252197348148007,0.00795931406684547,-8.96466903053531,5.25355240372612,-2.83985892736152,0.17,-0.48,0.38,2.2148228207808,-9.01003684265393,5.21096709861515,-1.12667529045176,-0.0435691923138466,-0.0254640287454916,0.352439879251311,2.20621019063595,68.960271872,0.0311588376820126,0.0311025167062652,0.059442719048393,0.00247763831725335,0.00250533151697464,0.00113340891160356,0.000407472467217205,266,0
1,69.060429312,accepted,1.46573166105609,0.0662541952235998,0.0297621595249566,-1.7315202951002,0.274436176900313,-0.0895174895921993,0.0505862169702605,0.00924391169415495,-8.94803700594305,5.24244551879547,-2.8298377549325,0.26,-0.07,0.31,2.2148228207808,-8.99791192779755,5.20878158584471,-1.12147303490262,-0.00829813437989508,0.0178317741021397,0.257256897355876,2.20548545682323,69.060429312,0.0311861468520952,0.0311298838478907,0.0594417177905967,0.00246796780000912,0.00250371320986479,0.00112931173072373,0.000406218907411605,267,0
1,69.158544384,accepted,2.02722221666813,0.083125206073241,0.0140813902930867,-1.71776411138036,0.328937466822506,-0.197742440527938,0.0504428369841944,0.0100543039714989,-8.9147729425453,5.23133861243793,-2.8200209299977,0.35,-0.07,0.23,2.2148228207808,-8.9776011405548,5.20687542958111,-1.12513544662781,0.0286623975228439,0.123478428966537,0.177414370726474,2.20434348567321,69.158544384,0.0311765992598491,0.0311209059223796,0.0594069756645285,0.0024655309641187,0.00250104521796814,0.00113078288939247,0.000404806377588354,268,0
1,69.25869952,accepted,3.37369403355197,0.101303378547128,-0.00277510432219685,-1.69383210607553,0.322002118952519,-0.357134447121229,0.118508367549011,0.0101208987342716,-8.86487683802525,5.22023168586445,-2.81000002613562,0.44,-0.14,0.03,2.2148228207808,-8.94122813542132,5.19851990968456,-1.13357700437962,0.127429776093055,0.20707699071683,-0.0897140694210313,2.20353572251602,69.25869952,0.031104926014502,0.031051085423845,0.0593141377226193,0.00245590192236825,0.00251116170579894,0.00112485755976561,0.000403169879953049,269,0
1,69.358852352,accepted,4.66771047107065,0.0871606276604808,-0.0280185350423476,-1.69217571131433,0.0656644888720531,-0.593519998751024,0.0931221376861868,0.0122439843212359,-8.83992880714371,5.19801792711343,-2.83199629282791,0.22,-0.27,0.05,2.2148228207808,-8.92003642678356,5.18487208520354,-1.15883673327704,0.156949501141713,0.306932546102408,-0.0444928672307967,2.20106180897167,69.358852352,0.0310318817714393,0.030979449313899,0.0592230552839769,0.00245964264909864,0.00249767015047513,0.00112422492117576,0.000401405857037555,270,0
1,69.458969856,accepted,3.88767140862444,0.102350455717795,-0.0390863527040421,-1.68698829853616,0.231658942489615,-0.475187170058005,0.131405046948267,0.0146948193172411,-8.80666474142913,5.18691102127215,-2.85398480053731,0.41,-0.03,0.06,2.2148228207808,-8.89049660062889,5.19303991370084,-1.18353781102876,0.185539304023548,0.431899628658869,-0.0723833787074511,2.19858365913902,69.458969856,0.0309656567880328,0.0309130215392581,0.0591389975048396,0.00247925757888389,0.00248285836190402,0.00112736343415626,0.000399463606020288,271,0
1,69.559150336,accepted,2.74923355060314,0.0793555818218277,-0.0386375574900404,-1.68730232919726,0.000742269667950435,-0.419878846959338,0.105663065344547,0.0171214727710107,-8.7817166693449,5.19801785552274,-2.87598713947708,0.32,0.04,0.03,2.2165681500328,-8.85872113379231,5.20718718813028,-1.20676377526353,0.320100490727191,0.448039253903976,-0.0768396266234995,2.1983345054802,69.559150336,0.0308960278543981,0.0308443652022281,0.0590510485675733,0.002461677108128,0.00252353635473353,0.00111163169900139,0.000397261020895508,272,0
1,69.65933184,accepted,2.26808851089965,0.0914109243198986,-0.0293757931230196,-1.6782981959476,0.270175093342053,-0.231115167262062,0.130262689475286,0.0179267821848605,-8.73182052595359,5.22023152228163,-2.89798970331491,0.63,0.18,0.01,2.2148228207808,-8.80241876822231,5.23313848937733,-1.23605333738212,0.367707336630132,0.404345747861426,-0.121270114889554,2.19587317737993,69.65933184,0.0308268923534201,0.0307764790557766,0.0589641590081094,0.00242261296359322,0.00251630554361519,0.00109445951313166,0.000395124135576436,273,0
1,69.75944192,accepted,1.26910172712677,0.0653086587091884,-0.0250443473043394,-1.67046626362545,-0.181220519949952,-0.138539683311271,0.00667739877081233,0.0194915629530636,-8.69855641943219,5.24244521142578,-2.91997658051341,0.29,0.13,-0.13,2.2148228207808,-8.774208562143,5.25757057399246,-1.2736701746285,0.466857327857301,0.264804052906954,-0.138972373792214,2.19529901130268,69.75944192,0.0307564524753705,0.030706169839327,0.0588779758299178,0.002362634626409,0.00254667421820089,0.00106943727977164,0.000392962580958542,274,0
1,69.875632384,accepted,2.11119461225642,0.0449399615529664,-0.0152934272906915,-1.64232690628305,-0.134072657069418,-0.0555223060384082,0.328710832637054,0.0197086360456686,-8.6819243540258,5.26465891966765,-2.94549514431443,0.25,0.09,-0.01,2.2148228207808,-8.7348009520373,5.27579181298504,-1.30612360667106,0.380701702775322,0.144110875459288,-0.337201444648356,2.19525821664494,69.875632384,0.0308732158805645,0.0308259772468478,0.0589745258489623,0.00234276711995941,0.00248535548828132,0.00105680440069595,0.00039188511538137,275,0
1,69.959801856,accepted,1.78440639081202,0.0553468999831086,-0.0264994417664193,-1.63236528449829,0.0778885131604353,-0.153726004480605,0.2658084402138,0.0207530177734485,-8.64866027656141,5.26465887948,-2.96398103349489,0.45,-0.01,-0.05,2.2148228207808,-8.69738695874087,5.28023202715162,-1.33860956863083,0.374324692571934,0.139587436702402,-0.315111445365506,2.1938224871529,69.959801856,0.0306104447681517,0.03056541435963,0.05870336277955,0.00230967346426872,0.00243896838434044,0.00104786677075276,0.000389540145047202,276,0
1,70.060003328,accepted,1.23721649974342,0.0268307955887988,-0.0125482387635767,-1.61800016911632,-0.103657257231467,-0.0209983114491485,0.201838704649206,0.0194384405601182,-8.63202822445913,5.27576572275189,-2.98598798284478,0.32,-0.01,-0.18,2.21307749152881,-8.66508891798911,5.28661953174767,-1.37880030626686,0.421132238807905,0.0105147248787659,-0.38182344488609,2.1938086876382,70.060003328,0.0305423341125714,0.0304994527973837,0.0586193562847532,0.00228874398719716,0.00243999990304521,0.00103569706824187,0.000387839215470758,277,0
1,70.158188288,accepted,5.976139947129,0.0650613170031011,-0.0256224208756066,-1.57683037924999,0.352128568378513,-0.105211476617398,0.592483741675701,0.0197403505405109,-8.57381610010368,5.26465878912855,-3.00755205170039,0.46,-0.04,-0.18,2.21307749152881,-8.61416685013457,5.28281298050257,-1.41630114455387,0.117023822007039,0.0626264529074421,-0.768071473886145,2.19331922603414,70.158188288,0.030450978272595,0.0304135157497624,0.0585116998088886,0.0023079528534174,0.00232222413867196,0.0010376540028421,0.000386687116835297,278,0
1,70.260397824,accepted,6.02388338756816,0.0642602304078448,-0.0289917799409816,-1.53338327342984,0.167062942983905,-0.205001329345972,0.649776986062142,0.0208697202874459,-8.55718406182604,5.26465876942049,-3.02999998095093,0.04,-0.07,-0.13,2.21307749152881,-8.60883801937908,5.27953218075918,-1.47789535388455,-0.122810925598436,0.129946205985426,-0.774559212836677,2.19225097681203,70.260397824,0.0304044941002107,0.0303678974334075,0.0584526656207818,0.00229500452089436,0.00225926641471194,0.0010475936223461,0.000385945259016819,279,0
1,70.358527488,accepted,7.73917493937037,0.0796711997468282,-0.0343355390550162,-1.46173129207856,0.368400047251281,-0.267002418012415,0.669160408709256,0.0218719161430982,-8.54886805553677,5.25355189490542,-3.01429175105887,0.21,-0.27,0,2.21307749152881,-8.60244276769678,5.2698467825865,-1.53187415688834,-0.148994118939596,-0.00950971479548193,-0.663770289629381,2.19139450470504,70.358527488,0.0303140967210502,0.0302751258947711,0.0583503044157997,0.00225722680270452,0.00222378707835435,0.00103084824757958,0.000385035762304347,280,0
1,70.460684032,accepted,9.96714588774821,0.0919109659719073,-0.0487206734095533,-1.39685243179322,0.295377002719959,-0.407977326446586,0.779780566172884,0.0220939572193553,-8.53223605690753,5.22023128151211,-2.9979389132653,-0.03,-0.35,0.05,2.21307749152881,-8.60250070233615,5.24147392136337,-1.57256133668536,-0.317899808092117,0.0479942860975784,-0.723036814090824,2.19132476219164,70.460684032,0.0302717393306132,0.0302342331463969,0.0582916133740464,0.00224774169800557,0.00221452072608283,0.00103826848583283,0.000384301726082048,281,0
1,70.560847616,accepted,16.2765743067037,0.0825045605953552,-0.0649799652697496,-1.33690620956361,0.339650240848563,-0.743813364658464,0.879843766203379,0.0360700867240382,-8.54886814879017,5.17580384428998,-2.98190510106063,-0.13,-0.67,0.03,2.2148228207808,-8.60722415295275,5.19164798404308,-1.60975695226436,-0.461328083628432,0.0554294410271128,-0.842072914094646,2.1798191353006,70.560847616,0.0302086638950839,0.0301730495225127,0.0582110664180976,0.00224560397991124,0.00223027130296315,0.00104040321348931,0.000384341829064148,282,0
1,70.659011584,accepted,18.843759683275,0.123255074143186,-0.0993279237278042,-1.27949036080974,0.575130991886559,-0.552981453161837,1.02098698158683,0.033287087832448,-8.54055222168036,5.09805578351643,-2.96619137991246,-0.1,-0.52,0.22,2.2148228207808,-8.62339908145325,5.15981084435408,-1.64184820167097,-0.660865287903302,0.0190042650348676,-0.791468559120575,2.18285552352999,70.659011584,0.0301242936331334,0.0300862872421321,0.058111912311508,0.00221845622107208,0.00225418061776368,0.00103938262944014,0.00038290489232775,283,0
1,70.759116544,accepted,13.9644702151174,0.106883327223121,-0.0977610787133845,-1.22845166224826,0.383908005597536,-0.619523904558603,0.840125562649722,0.0340811450067942,-8.57381635339494,5.05362836738071,-2.95016695201861,-0.13,-0.77,0.09,2.2148228207808,-8.65316923923818,5.10976327190319,-1.6877857008179,-0.504050901980486,-0.165894845914647,-0.742740493941882,2.18207295169278,70.759116544,0.0300639995591997,0.0300219174185012,0.0580358361874866,0.00220364465825329,0.00218941640310036,0.00100355243647398,0.000382089405292757,284,0
1,70.877281536,accepted,7.56816522870774,0.125400051598644,-0.0992151855459724,-1.18459113651279,0.072008190864476,-0.317098252259504,0.737386738416564,0.0421315005117195,-8.5987644919997,4.98698721175375,-2.93125154169449,-0.59,-0.64,0.39,2.2165681500328,-8.71602346871668,5.0634651166008,-1.71810930594895,-0.659313088460183,-0.33127407813589,-0.340935695292773,2.17559261534233,70.877281536,0.0302077757206166,0.0301611619139779,0.0581592397732537,0.00219658984928083,0.00218475982776892,0.000993562620968243,0.000382533193190344,285,0
1,70.959420416,accepted,12.194493394048,0.149956161801477,-0.119382784805884,-1.16604338659529,0.530466553505483,-0.435646309571663,0.778069286853566,0.0415128375579457,-8.62371263137431,4.92034605604509,-2.91810305674588,-0.25,-0.65,0.34,2.2165681500328,-8.73569031058868,5.00943124945942,-1.72119347224053,-0.76683619101575,-0.225840113479756,-0.431187793515399,2.176902762261,70.959420416,0.0299434108122031,0.0298985575479972,0.0578800416524417,0.00215051269338281,0.00219795291530291,0.000989800939491154,0.000380547041679106,286,0
1,71.059533312,accepted,6.09194471290327,0.154829960789259,-0.125095997765133,-1.12949641690903,0.421408371199972,-0.391622435746221,0.439807860463148,0.0296726637038107,-8.66529279974014,4.86481178506919,-2.90207735848683,-0.49,-0.54,-0.05,2.21307749152881,-8.78911937655319,4.96218004348435,-1.76214222341379,-0.900572640644598,-0.158943398494183,-0.486595666893107,2.18497451960216,71.059533312,0.0298889359893196,0.0298421990913872,0.057803942141999,0.00213028868881343,0.0022377045542424,0.000990260066893247,0.000378025857790638,287,0
1,71.157786624,accepted,11.4695916346688,0.165431364336628,-0.13709126838805,-1.06700217090722,0.345112114295389,-0.546417261174658,0.774735603531904,0.0215416662178738,-8.71518898808793,4.80927752380929,-2.88634933548501,-0.58,-0.7,0.1,2.20958683302482,-8.85415020584546,4.90869887411514,-1.78765010114503,-0.916093728814821,-0.167922858482834,-0.667873262939573,2.18987046838716,71.157786624,0.0298165860798432,0.0297671692451424,0.0577091975875481,0.00212860855073924,0.00223878479792339,0.000981909541849609,0.000376086400251837,288,0
1,71.25992192,accepted,7.23547206071996,0.15088496840916,-0.134016320191282,-1.01831200682214,0.343268064507161,-0.393013654020025,0.600492823318183,0.026746639394768,-8.79834925442064,4.75374330472707,-2.87000013257443,-0.59,-0.59,-0.06,2.21307749152881,-8.92333553268544,4.85978808824964,-1.83000556822058,-0.92434072706062,-0.207529039336233,-0.655462372922816,2.18785320161581,71.25992192,0.0297888505683818,0.0297371083459888,0.0576574610717385,0.00211721767158686,0.0022196899793202,0.000972878059617992,0.000375165114898131,289,0
1,71.36005632,accepted,11.4303218127849,0.168698393794799,-0.14067066004792,-0.993941213930433,0.348275234202763,-0.382916576343702,0.863693142874368,0.0292270047527148,-8.84824544471129,4.69820904432173,-2.89103857890303,-0.64,-0.55,0.12,2.2148228207808,-8.99015894861603,4.81139622831617,-1.85910152244893,-0.9792505977566,-0.177432360716403,-0.735827536110322,2.18713378100489,71.36005632,0.0297398155922427,0.0296870281382531,0.0575835548302247,0.00210777627565103,0.00223164014621865,0.000968251384283178,0.000374058358617304,290,0
1,71.460232192,accepted,5.3861370258319,0.149461179261353,-0.144877870824681,-0.976212338186045,0.125300635357965,-0.239413565465991,0.624831190557876,0.023073113417996,-8.93140571597079,4.64267482676047,-2.91208573858535,-0.65,-0.58,-0.1,2.21133216227682,-9.06871146117881,4.7688407846547,-1.91228647182354,-0.771389908980765,-0.347137811191631,-0.71955581478343,2.18909671324406,71.460232192,0.029689822946883,0.0296350537268702,0.0575125952802212,0.00211303714027858,0.00212394441054665,0.000948950720440942,0.00037251204912826,291,0
1,71.558386432,accepted,4.8757267026031,0.116486224075439,-0.134077805641234,-0.953409223109191,0.0518223182468991,-0.163925740648925,0.622240853880224,0.0314302288240058,-9.02288199222919,4.59824748458476,-2.93270814916719,-0.67,-0.5,-0.08,2.2165681500328,-9.13271707885639,4.71859964386885,-1.95560632298335,-0.719794834868395,-0.340739161965119,-0.697000958385501,2.18581977678392,71.558386432,0.0296171750191247,0.0295630375932477,0.0574169953056836,0.00209348503921285,0.00208586975521618,0.000942391989346764,0.000372298722941699,292,0
1,71.660486912,accepted,3.43525830826356,0.115763563336111,-0.149032263710891,-0.936068341926203,0.118225555493699,-0.303224526987849,0.428196353972614,0.0234308188535994,-9.0977262461021,4.54271325710827,-2.9541596730052,-0.74,-0.51,-0.1,2.21307749152881,-9.20282452964263,4.66894817354713,-2.00595497465014,-0.854840355669552,-0.214737153815061,-0.524977397207012,2.19057446827547,71.660486912,0.0295883726506175,0.0295344764651506,0.0573645822342265,0.00205089074247354,0.00209347607080382,0.000937885560270756,0.000370434961111647,293,0
1,71.75867008,accepted,4.61607104058902,0.0920021697704989,-0.156765166346985,-0.904368420297045,-0.00173642877981772,-0.358204295028889,0.520805536770457,0.00820043815358718,-9.19751854726925,4.49828592755892,-2.97478816142018,-0.83,-0.46,-0.2,2.20609617452083,-9.28694227871729,4.62864558192852,-2.05236368004486,-0.827834809437699,-0.110915393014683,-0.716645766333336,2.19860964633325,71.75867008,0.0295171412285846,0.0294631560695424,0.0572719716582819,0.00204621760566629,0.00207965930669916,0.000931772660734132,0.00036836628748263,294,0
1,71.876818688,accepted,3.06711468024317,0.111672091752842,-0.17060855636877,-0.876650556423942,0.132270543858018,-0.291556484024308,0.395761866732449,0.00831463999568838,-9.26404678285377,4.4427516932927,-2.99961143042871,-0.57,-0.46,-0.21,2.20609617452083,-9.36425807059596,4.59062455455236,-2.11202020444877,-0.698666812369962,-0.175914295393556,-0.602836195694498,2.19824629524946,71.876818688,0.029663376249672,0.0296077307731489,0.0573927090584625,0.00203588550043006,0.00202825255009787,0.000927584577214794,0.000368226354642365,295,0
1,71.958980864,accepted,7.75644319925122,0.106410735911808,-0.1831987416351,-0.855003974362477,0.0844650305551219,-0.360332684930297,0.740577451481765,0.0150524490276616,-9.31394297911228,4.38721743560956,-3.01687387500338,-0.59,-0.66,0.08,2.20958683302482,-9.41194774198556,4.54334643342721,-2.13031237881641,-0.671852524661587,-0.308724959730053,-0.654081866752177,2.19513432913387,71.958980864,0.0294128660961738,0.0293586821873134,0.057128477392577,0.00202746103006011,0.0020013192079562,0.000922580494958852,0.000367098340082965,296,0
1,72.059202048,accepted,5.79058168760861,0.0855632673099631,-0.169895873594901,-0.837750376577803,-0.0650599868190275,-0.0237982977449138,0.707088793017165,0.0224716284828417,-9.39710324085066,4.34279008807585,-3.03793055483143,-0.77,-0.33,-0.03,2.21307749152881,-9.48402481698096,4.50656787357232,-2.17021402461263,-0.705762603573896,-0.307769755591874,-0.730996890751116,2.19085303299742,72.059202048,0.029362770724645,0.0293091216376633,0.0570587405265252,0.00202075439896671,0.00199843103298492,0.000918569279591003,0.00036674645094133,297,0
1,72.159335936,accepted,5.15035081169255,0.0454395554841938,-0.152240989435481,-0.807336733722379,-0.0695748931263458,0.0289929266138558,0.665996330801788,0.0174926121198595,-9.50521153942383,4.32057650186302,-3.05896889358777,-0.76,-0.31,-0.34,2.21133216227682,-9.55336390316213,4.47038612740421,-2.22377060874375,-0.691562432230494,-0.339359148674327,-1.00030068934459,2.1939635868766,72.159335936,0.0293119153915292,0.0292587333715829,0.0569879761172528,0.00204240629689076,0.00201162677261725,0.000917513855797466,0.000365418941392286,298,0
1,72.259434496,accepted,11.2171122115335,0.0422776662571938,-0.172898062217139,-0.747005967964458,-0.398668397860257,-0.412444706879462,0.823732577786544,0.00979207628676804,-9.58005579772492,4.26504228074563,-3.07999980985762,-1.11,-0.66,-0.28,2.20609617452083,-9.64520086875327,4.40784603922207,-2.29538325541746,-0.719986366376285,-0.257961035051971,-1.09637117125384,2.19660032362662,72.259434496,0.02925986897822,0.0292075078199149,0.0569167041373239,0.00203112936456045,0.00201233819714372,0.000910099084924265,0.000364129375733773,299,0
1,72.359605504,accepted,10.0699528824436,0.050856629258563,-0.177125172199238,-0.699458536899451,-0.0035561142197057,-0.348930712688863,0.883478947622168,0.00409337547112809,-9.66321607938046,4.20950807087625,-3.10304995163528,-0.66,-0.54,-0.19,2.20260551601684,-9.71252966516798,4.36051208863015,-2.36197228370045,-0.65617053293083,-0.199881626558359,-1.06544495283754,2.19876757470317,72.359605504,0.0292092139190521,0.0291572941909182,0.0568480963833207,0.0020077648105324,0.00198216512536101,0.00090428852427593,0.000363043056536913,300,0
1,72.459782912,accepted,8.55017240152485,0.0563469546285571,-0.174455301394955,-0.664126680158342,0.0940794877270256,0.0365016406012704,0.867650223859384,0.00972697905781938,-9.71311226545805,4.16508068107211,-3.1261015842102,-0.37,-0.2,-0.04,2.20784150377283,-9.76188634419898,4.3369182797655,-2.42066372310847,-0.461519708962093,-0.236816008115292,-0.899782371643685,2.19826983786001,72.459782912,0.0291588839230522,0.0291073031948994,0.0567806652579465,0.0019750733693194,0.00193881839246135,0.000905324343167119,0.00036249480639122,301,0
1,72.557903872,accepted,14.5207779613124,0.0171585250297124,-0.163990249288666,-0.639585327782564,-0.256817236256796,-0.0812929927946613,1.11087711062422,0.018774902282229,-9.78795646602639,4.15397391975514,-3.14868001145219,-0.74,-0.23,0.19,2.2148228207808,-9.81989985826547,4.30826019649455,-2.4534000429107,-0.488513405793789,-0.151638069345409,-0.910658200947646,2.19622014474144,72.557903872,0.0290869817560288,0.0290355025768691,0.0566912414637493,0.00195831162114957,0.00192592976073158,0.000897521439650693,0.000362212453164455,302,0
1,72.660028928,accepted,10.5153070937102,-0.00665359930959397,-0.137254909728295,-0.617797045059462,-0.144275995830524,0.148968620539384,0.949307819252438,0.00865208845962595,-9.87111667391776,4.15397403373097,-3.17217981359924,-0.49,-0.06,-0.09,2.20958683302482,-9.87310071890003,4.29619027611101,-2.5078589970293,-0.34861643957297,-0.206862821162482,-1.03068654393141,2.20107529065114,72.660028928,0.0290583565101943,0.0290066676444589,0.0566452345256135,0.00196342081650936,0.00193984269847167,0.000902606950816604,0.000360907907132597,303,0
1,72.760176896,accepted,13.1220770559769,-0.0395128971689758,-0.125894753906417,-0.581558345150991,-0.267292373095028,-0.0800383582789164,1.05121330619563,0.0117582825618765,-9.94596086157058,4.15397413755489,-3.19522467179183,-0.59,-0.23,0,2.21133216227682,-9.92339215481469,4.27125171643685,-2.56103421785852,-0.328485215405903,-0.152780437987304,-1.04153286960929,2.19958054670621,72.760176896,0.0290079891881895,0.0289561812307665,0.0565779962826395,0.00194916926420399,0.00193241557226739,0.000896031404112864,0.000360179856937603,304,0
1,72.87434112,accepted,15.6491570940778,-0.0332148936436774,-0.112519672502575,-0.542377736551391,-0.0655987571806744,0.0982806205057376,1.18257795156414,0.0137314097346999,-9.99585700075614,4.14286734182071,-3.22149478395972,-0.45,0,0.04,2.21307749152881,-9.96723833337642,4.25784596346437,-2.61814454930551,-0.385779970997229,-0.0972161404916059,-1.13164960972051,2.19955071552053,72.87434112,0.0291050376511649,0.0290520042646153,0.056654705560495,0.00195545376233398,0.00193262876835421,0.000889257453034236,0.000359952250547164,305,0
1,72.96052608,accepted,17.2366085074502,-0.0543523114938065,-0.106870608284994,-0.528726330150701,-0.210877303162239,0.0321332503179109,1.22962757275646,0.0136648654347562,-10.054069147404,4.14286742362197,-3.24132664097286,-0.56,-0.07,0.2,2.21307749152881,-10.0135675022987,4.24827655321417,-2.64916780249236,-0.35368583328009,-0.102491531589717,-1.01826252054278,2.19956885854579,72.96052608,0.028903081106289,0.0288510865601299,0.0564439375808947,0.00191936924597002,0.00190253327695609,0.000885424181038785,0.000358675114423132,306,0
1,73.058706944,accepted,12.0046408546474,-0.0624087540512921,-0.0891192056504009,-0.518104347841366,-0.229830626353224,0.253020973298506,0.983143244009866,0.0131553009374601,-10.1039652730288,4.14286749381128,-3.2639188526102,-0.4,-0.03,0.1,2.21133216227682,-10.0567258240229,4.24420330080319,-2.69664951973596,-0.174976774108903,-0.278610101056593,-0.874085721841267,2.19851857074562,73.058706944,0.0288328029121291,0.0287807928015434,0.0563596945359376,0.00190361161707331,0.00191215184696266,0.00090512742125724,0.000357590260143981,307,0
1,73.158823936,accepted,14.9475297658113,-0.106008269968747,-0.0584866147896799,-0.50247559518942,-0.348608569037896,0.217706125177638,1.08760965215707,0.0135329089609577,-10.1788094424799,4.1539744648624,-3.28695658297442,-0.5,-0.15,0.13,2.21133216227682,-10.0961533986225,4.22326618901936,-2.72934192785484,-0.158901220978675,-0.3641599567477,-0.947416731112097,2.19789576234146,73.158823936,0.0287830238205527,0.0287310202608349,0.0562942894169789,0.00191405134016021,0.00191339205491651,0.000913524733064945,0.000356506362002512,308,0
1,73.258966016,accepted,12.5110429527988,-0.139192677673465,-0.0241843942421536,-0.480689799883125,-0.384910132650769,0.331652494709224,0.934583726349295,0.0126720475961397,-10.2536536147757,4.16508143572669,-3.30999978238346,-0.58,0.04,-0.09,2.20958683302482,-10.140893236861,4.2077056251733,-2.78259196680171,-0.203499630837603,-0.285470138296387,-1.01611721130653,2.19719965162689,73.258966016,0.0287334144611801,0.0286817604588782,0.0562291723504064,0.00189688275984033,0.00189840243450669,0.000900689165892086,0.000355538153567929,309,0
1,73.36513664,accepted,10.9540541456179,-0.152425698787278,-0.0165532109157382,-0.357748665791848,-0.381003842358339,0.200343203310168,0.898037558194323,0.0131613540865203,-10.3118657610496,4.16508151959347,-3.24838782405595,-0.54,0,-0.13,2.20958683302482,-10.1860396271998,4.19250503169373,-2.84442014275341,-0.167425430232941,-0.196801499110579,-1.01977626343583,2.19667844020884,73.36513664,0.0287477993439926,0.0286960912271022,0.0562259212710484,0.00187828135129224,0.00190131240839549,0.00089295944939724,0.000354750595828279,310,0
1,73.461307648,accepted,13.0760461994194,-0.155120282850735,0.00615823238137914,-0.24995704436895,-0.382257533730762,0.461468543337634,0.910589374978326,0.0122399189845801,-10.353445847699,4.17618844332631,-3.19257875075512,-0.41,0.06,0,2.20784150377283,-10.2249043009084,4.19678168744148,-2.89436375731578,-0.0358884303588273,-0.392441236981213,-0.901893078404247,2.19619554763372,73.461307648,0.0286569270902633,0.0286056470556865,0.0561228373627806,0.00188700747571065,0.00192092647476443,0.000925742712460297,0.000353271377831263,311,0
1,73.559412992,accepted,12.3878205737012,-0.165895347959498,0.0168613860919864,-0.155538087012132,-0.342006089445679,0.428075739285661,0.908570409644754,0.0133577419280213,-10.4033419733385,4.17618851575205,-3.13564716140858,-0.51,0.06,0.03,2.20958683302482,-10.2618880000564,4.18426550475503,-2.93077619309325,-0.175495870636322,-0.359853347670396,-0.869810938097487,2.19663017420317,73.559412992,0.0285871139142751,0.0285366121194843,0.0560388539046846,0.00186629962514823,0.00186092162397025,0.000913858639970262,0.000352110465693126,312,0
1,73.65957632,accepted,3.4305763120854,-0.190135405042598,0.0268265464737913,-0.0898802285204221,-0.455548003163255,0.139116777392629,0.289848158302541,0.016940637609467,-10.4698701217812,4.18729547673295,-3.0775213017482,-0.36,0.01,0.02,2.21307749152881,-10.311589600271,4.16902777569204,-2.97263245738727,0.0854909873246144,-0.126148719527319,-0.267034781120547,2.19649660300976,73.65957632,0.0285393497721775,0.0284887637427491,0.0559775965640524,0.00180936843330972,0.00193950451560646,0.000899566477916225,0.000350794773379566,313,0
1,73.75970816,accepted,2.37185280732205,-0.170675590290145,0.000276685208718597,-0.0554024283432417,-0.28371952130444,-0.225197987181461,0.287564416434782,0.0196870600723882,-10.4615541338329,4.16508173653861,-3.01941371491385,-0.1,-0.23,0.62,2.2165681500328,-10.3121562356441,4.15147919397962,-2.94872364349653,0.176830419173559,-0.0097542015744285,0.335306546093293,2.19641260316973,73.75970816,0.0284904732659409,0.0284410916808041,0.0559160132224849,0.00184813881733783,0.00202840845670881,0.000892492853179665,0.000349279962644174,314,0
1,73.87582976,accepted,2.83122609490513,-0.200515844653511,0.0261629794625957,-0.0702690605338625,-0.126518076973557,0.331538201287215,0.357952225756584,0.0252039594858675,-10.4948181995913,4.1761886490892,-2.95202709787633,-0.09,0.24,1.17,2.22354946704078,-10.3070545045609,4.16995133727165,-2.86267861946896,0.032837809253866,-0.083562598997638,0.815773588972313,2.19937501790292,73.87582976,0.0286053623544195,0.028557663171499,0.0560146974214123,0.00193815244796375,0.00204073785655163,0.0008916368949897,0.000348530709155703,315,0
1,73.957970432,accepted,8.60803144459117,-0.182369469839061,0.00823178943728742,-0.117597776864359,-0.159924101642947,0.0608732123187455,0.865371820413343,0.0233942571920549,-10.4948181995913,4.1761886490892,-2.90435997989595,-0.2,0.06,1.82,2.22354946704078,-10.3266304299589,4.1712117577414,-2.74002509972327,-0.0447297679817859,0.00119480081357925,0.962989635197238,2.20050778842162,73.957970432,0.0283688091079845,0.0283226999250097,0.0557733953205087,0.00194306034676686,0.002016315406312,0.000874798857653392,0.00034685278129968,316,0
1,74.056111104,accepted,8.49219451026072,-0.216111003575817,0.041388692354924,-0.195620986286875,-0.0461047017416148,0.485559933591848,0.728387253390002,0.0259736529017172,-10.5447142761392,4.20950931568386,-2.84740788932994,-0.09,0.43,1.6,2.22529479629277,-10.3369180444259,4.19693680615259,-2.61389422323533,-0.0459011280395899,-0.0440264122216102,0.878885442878695,2.20059296552862,74.056111104,0.028303297985545,0.0282587505631997,0.055695117259654,0.00190786861862628,0.00197657547968415,0.000883320877029734,0.000345938076626151,317,0
1,74.158221824,accepted,7.62845146060801,-0.249777719878926,0.0627243318647119,-0.261186487943063,-0.421561088441122,0.334321617453657,0.631729334170062,0.0265461506412494,-10.594610333569,4.25393684692127,-2.78815193708621,-0.52,0.3,1.37,2.22529479629277,-10.3758611920355,4.211803558617,-2.49553713902839,-0.108375093582853,-0.0265601336383597,0.744461998379274,2.19949239066541,74.158221824,0.0282802986935448,0.0282371326948709,0.0556569276941996,0.00186382496440703,0.00191369989416673,0.000883142022258771,0.000345147781363878,318,0
1,74.258429696,accepted,7.55854150520943,-0.249841902078623,0.0689875816521264,-0.300252707324706,-0.128283077496505,0.342736445619589,0.738655318628526,0.0239393030933082,-10.6361904053747,4.27615063578746,-2.73000022806214,-0.22,0.22,1.28,2.22354946704078,-10.4003799385577,4.22841642731217,-2.39287182205559,-0.0954677832862018,-0.114801531424324,0.548604026976993,2.20041551469031,74.258429696,0.0282374195331407,0.0281955348766793,0.0556005023573189,0.0018242522449793,0.0018684186322852,0.000901907328902124,0.000344036607843407,319,0
1,74.356585472,accepted,7.7758353467555,-0.23871750779116,0.0655796549021526,-0.308793702245288,-0.155743602306592,0.199555023929906,0.808357908079,0.0199456579929267,-10.6528224296003,4.28725752529126,-2.65551983782957,-0.29,0.18,1.22,2.22005880853679,-10.429207828456,4.23421444581916,-2.30734928327407,-0.138487407254743,-0.0149519634145621,0.419119335615203,2.20059198827864,74.356585472,0.0281829658091108,0.0281423688965503,0.0555315123538076,0.00178235619016187,0.00182325736072984,0.000886761064222228,0.000342885653105602,320,0
1,74.458710528,accepted,5.82765366041906,-0.239752607543366,0.0802752325378959,-0.310090404527539,0.209548979409715,0.334796403872534,0.616436491934666,0.0193550506331444,-10.6860864806395,4.30947130437082,-2.57802749354781,-0.01,0.26,1,2.22005880853679,-10.4409503652029,4.24991268323959,-2.23886433333184,-0.216589315477451,-0.067473661101457,0.389288533165467,2.20149966306332,74.458710528,0.0281682701661905,0.0281293169217487,0.0555024989344626,0.00177557994938403,0.00178758025082348,0.000898905511646181,0.000342003585453298,321,0
1,74.55686272,accepted,6.48356994820724,-0.231643766537811,0.0895045268938466,-0.308204818712192,0.076542484644215,0.271245175434671,0.714126141201787,0.0170464730181115,-10.6944024654939,4.33168504543431,-2.50354975270356,-0.17,0.2,1.13,2.21831347928479,-10.4645666450254,4.2596473192706,-2.16057267926832,-0.246106769360312,-0.0650766719411794,0.422691307864233,2.20183891252875,74.55686272,0.0281105054649093,0.0280727391159973,0.0554312491446283,0.00176948578507072,0.00177312128523548,0.000903697739813019,0.000341008714803063,322,0
1,74.657045248,accepted,5.98725210885647,-0.23682367687384,0.0993876163742033,-0.310885432283349,0.360681971023619,0.125595349407171,0.677800568089049,0.0152015994220029,-10.7276665160126,4.35389882252384,-2.42753139584907,0.03,0.1,1.1,2.2165681500328,-10.4789153003438,4.26343146001171,-2.08770578308267,-0.325557682773893,-0.0224525594304059,0.427909907933122,2.20184315119189,74.657045248,0.0281035019505271,0.0280668121582999,0.0554090641843165,0.00175903443616145,0.00175125436084316,0.00090786689530519,0.000340220711544376,323,0
1,74.757185792,accepted,8.53337924408752,-0.250497484462228,0.109810304078276,-0.295957165289372,-0.0409084882295917,0.365172511647868,0.795797945284362,0.0148317148562978,-10.7609305639578,4.37611260247255,-2.35154489639285,-0.27,0.36,1.1,2.2165681500328,-10.5194181740924,4.28973513137083,-2.01567936621726,-0.230976997290192,0.00280412664624453,0.312072407365222,2.20232385141219,74.757185792,0.0280618847455307,0.0280249782488812,0.0553553572189189,0.00173255456235621,0.00174440488517836,0.000914486213523454,0.000339378705902156,324,0
1,74.877332224,accepted,11.6134628939528,-0.245401083421894,0.124944848975054,-0.266542230353583,0.0852075217389945,0.359154425978253,0.980411000373145,0.0140565268735173,-10.7858785770409,4.40943323224752,-2.26037795815618,-0.09,0.33,1.04,2.2165681500328,-10.5424164250233,4.30721855766872,-1.94556172691883,-0.174770000690973,-0.0216608366156726,0.069113705299491,2.20321309314735,74.877332224,0.0282324551680051,0.0281966642502608,0.0555103848954616,0.00171659206724176,0.0017360383399077,0.000943082663126546,0.000339102570501202,325,0
1,74.961500672,accepted,6.30512310627786,-0.24421889731398,0.154542203862664,-0.254491300042965,0.238744283049798,0.431889305558219,0.568203307166814,0.0124625370647502,-10.802510533834,4.46496757882068,-2.19651106196493,0.08,0.55,0.69,2.2148228207808,-10.5511938729734,4.33898029421157,-1.91403261516375,-0.155341716564541,0.127405837576173,0.127385025101523,2.20318450088749,74.961500672,0.028024647174044,0.0279899792059571,0.0552986049456693,0.00169056988632425,0.00172546924136633,0.000924907172230523,0.000337738343864,326,0
1,75.059666688,accepted,5.24965377299785,-0.223760747933513,0.154731079663504,-0.224898941071534,0.387998053096149,0.265208970954545,0.499981210902938,0.0112443571387271,-10.7858784264084,4.50939501059576,-2.12202283148953,0.35,0.44,0.66,2.21307749152881,-10.5461365198228,4.3737796992244,-1.87253872461122,-0.0318061847214568,0.181021938851351,0.164905526288406,2.20250677992861,75.059666688,0.0279633261950569,0.0279298935238625,0.0552273148058826,0.00168101223210256,0.00174993200806259,0.000926569596162373,0.000336676167359974,327,0
1,75.159853568,accepted,10.9234186641428,-0.244605939561735,0.176776445932632,-0.179685902509158,-0.23448521211527,0.447223381307753,0.85625920175786,0.010208594334808,-10.7858783426879,4.56492933127402,-2.04600117234376,-0.11,0.54,0.87,2.21307749152881,-10.561090679569,4.41778955399003,-1.82166304393216,0.119068133659803,0.102501967575978,0.0227060614041398,2.20389012723466,75.159853568,0.0279234528938743,0.0278923583542994,0.0551767779272131,0.0016679779201401,0.00178409410898038,0.000957461386436497,0.000335451704444084,328,0
1,75.260013568,accepted,3.16522269266104,-0.26374342017006,0.198973346221205,-0.141946177868944,0.139238895929785,0.341653964364091,0.378493737523204,0.00836529110957285,-10.810826302559,4.63157055503813,-1.97000003799981,0.3,0.52,0.29,2.21307749152881,-10.5462809024731,4.4571627863958,-1.80910750481905,0.162114969743694,0.186173026701006,-0.0847222507567181,2.20567740861812,75.260013568,0.02788400097217,0.0278563622853917,0.0551270222570951,0.00164916943652017,0.0017815706943551,0.000952090816155455,0.000334209774266624,329,0
1,75.360194048,accepted,10.6745451554779,-0.285353166621666,0.222183901266519,-0.182630991846335,-0.225016790723661,0.478019431340693,0.826781928579346,0.00565952055337338,-10.8108262017952,4.6982117409487,-2.00199027735131,0.03,0.65,0.58,2.21133216227682,-10.5457733666769,4.50852361657701,-1.77646244660804,0.249602984213099,0.182314759645966,-0.238211774387647,2.20691267441451,75.360194048,0.0278458898587015,0.0278220746184309,0.05507831134554,0.00163880615311385,0.00180353615330048,0.000967263624225269,0.000332842300938417,330,0
1,75.4623808,accepted,8.38541303513246,-0.305754880530806,0.241025634714767,-0.242334717179785,-0.11501267224907,0.463846574555916,0.723437108374237,0.00361680950454391,-10.8191421207713,4.7648529390705,-2.03462117166357,0.21,0.62,0.58,2.20958683302482,-10.5280455009497,4.55613489765635,-1.75583677084133,0.321605818780127,0.166575927380511,-0.135839307737393,2.20726697140293,75.4623808,0.0278276093306501,0.0278091569286566,0.0550502264442975,0.00163579937655624,0.00182592483597494,0.000987849998773011,0.000331405772929004,331,0
1,75.558602752,accepted,5.87551254595898,-0.306933439504927,0.259531566505326,-0.285173722705611,-0.0491052908191084,0.415225179127326,0.588616851615465,0.0021209611373072,-10.8025099804103,4.8314940988918,-2.06534734981074,0.35,0.55,0.24,2.20958683302482,-10.5065355071516,4.60201374268162,-1.75177324994315,0.396938135251859,0.144232272073782,-0.34255444904901,2.20871853269422,75.558602752,0.0277515859319156,0.0277375076667352,0.0549650388072054,0.00162917051991308,0.00184266368397352,0.00100892433993572,0.000329658743821327,332,0
1,75.66081408,accepted,10.4032520591087,-0.338986873997053,0.290081126947669,-0.305938480779697,0.0382911555693294,0.624570265099035,0.735080405373159,-0.000235907261711521,-10.8025098631238,4.90924215063529,-2.09798609188059,0.45,0.8,0.26,2.20784150377283,-10.4704216057793,4.66174050525989,-1.75588585453629,0.411038477779817,0.189088555269132,-0.467599569273263,2.20997909562159,75.66081408,0.0277354943397077,0.0277281585854119,0.05493988163128,0.00162213398891776,0.00183255854955711,0.00101476846131285,0.000328186274136026,333,0
1,75.76102656,accepted,5.09935574041661,-0.365103964705547,0.317211023755973,-0.332535518409469,-0.141268904957266,0.51556656212323,0.400178654730451,-0.00230807059624105,-10.7858776894387,4.99809703972129,-2.12998654966645,0.44,0.7,0.08,2.20784150377283,-10.4382366904242,4.7181939299622,-1.78003076762666,0.57738550540153,0.196555891517909,-0.316219322185441,2.21184207120747,75.76102656,0.0276995209942774,0.0276981629567932,0.0548962715201521,0.0016129791313975,0.00190703763044104,0.00102531352221597,0.00032636813210386,334,0
1,75.87925632,accepted,6.08815471124741,-0.391790436093883,0.329770414576569,-0.353082613556376,-0.332257377240379,0.43631445556917,0.482323590986506,-0.00312401261095907,-10.7609295116493,5.07584505195683,-2.16774039473557,0.29,0.67,0.11,2.20958683302482,-10.3981457719646,4.77932253673453,-1.79298329624919,0.614696082466,0.243992639252914,-0.36736016433923,2.21400567164948,75.87925632,0.0278377950389732,0.027847799002445,0.0550289040043559,0.00161008018568979,0.00191649279874872,0.0010329417206543,0.000325066978815424,335,0
1,75.959484672,accepted,7.68547382116637,-0.414847928754119,0.359044642829343,-0.376742368770458,-0.323801443625264,0.644885003363087,0.396427047682908,-0.00418375807249127,-10.7609293944948,5.15359310135123,-2.19335939938853,0.34,0.78,0.04,2.20958683302482,-10.3747661013229,4.84004492013278,-1.80002522930438,0.656804443088182,0.149864371197484,-0.352388134045045,2.21570830936978,75.959484672,0.0276040393260283,0.0276181284757191,0.0547900964303302,0.00161239714379205,0.00191187551740597,0.00107413895777816,0.000322578954202585,336,0
1,76.059700224,accepted,11.8632312415458,-0.424717194845032,0.396273772843704,-0.379631818212235,-0.259771434853251,0.916466319688875,0.389551748959894,-0.00617328050689858,-10.7359812030273,5.24244797853817,-2.22536083814409,0.38,0.93,-0.11,2.20958683302482,-10.3364111066092,4.90782114916037,-1.82954888462614,0.634546359242893,0.0337213067349368,-0.495719745183247,2.21843857245416,76.059700224,0.0275704524190649,0.0275929196466167,0.0547513716779382,0.00164395268344433,0.00187570630048498,0.00113508235445188,0.000320656265813084,337,0
1,76.161910272,accepted,10.9462659603459,-0.473410716189479,0.431317931968025,-0.374120094810326,-0.303933292242424,0.844380687142685,0.403677867483301,-0.00847092267792959,-10.7442970724279,5.34240976956704,-2.25799917147657,0.33,0.87,-0.2,2.20958683302482,-10.2997645861493,4.96948609114838,-1.86689921460805,0.627506698472133,0.0440736284302121,-0.599698787703018,2.22027813704738,76.161910272,0.0275554414027969,0.0275866926300877,0.0547342979243093,0.00164639232825007,0.00185311029397946,0.0011462633407978,0.000318946197934102,338,0
1,76.262122752,accepted,9.39027495512787,-0.487852887172757,0.479118078354366,-0.359576773023864,-0.0603544473261759,0.8644292366363,0.265977046090859,-0.00803711570364385,-10.7276648671197,5.45347838640462,-2.28999962926243,0.56,0.86,-0.39,2.21133216227682,-10.2555849333656,5.03536658189083,-1.92083904792646,0.618494667574811,0.0149545766570593,-0.653854946569841,2.22196107256669,76.262122752,0.0275196426368793,0.027557974718999,0.0546986444201744,0.00165985898167594,0.00182573331715107,0.00116738704746817,0.000317252742388061,339,0
1,76.362363136,accepted,12.7762882717878,-0.511699892996022,0.504650076671502,-0.399011491085711,-0.491897996497336,0.867553378942953,0.363836489987215,-0.0108349905829273,-10.7027166933553,5.5312263991184,-2.38520064831836,0.14,0.73,-0.33,2.21133216227682,-10.2310064226698,5.08761378539147,-1.97177031392007,0.622023349369228,-0.119360794182402,-0.690234534314541,2.22357766790342,76.362363136,0.0274856334586015,0.027531353613755,0.0546657378447537,0.00171626521231092,0.0018099441629337,0.0012225171412684,0.000315275433177661,340,0
1,76.460543744,accepted,21.5709908886953,-0.517599939531399,0.552145189127668,-0.435210696083318,-0.242860456991709,1.29372176850681,0.442330391017561,-0.0131392966316732,-10.6944005227774,5.63118816570001,-2.47844615894937,0.23,1.25,-0.29,2.20958683302482,-10.202931993576,5.16493164333172,-2.02513926367479,0.467999332197936,-0.0174496719568927,-0.728410752828515,2.22531221580523,76.460543744,0.0274319708642487,0.0274837061787861,0.054615090147434,0.00168056499216856,0.00171545480993654,0.00119587167943768,0.000313706653507951,341,0
1,76.56078976,accepted,8.4476613864431,-0.494134342964264,0.561682914779315,-0.465652724358376,0.0289853084224095,0.785557016525156,0.351785803004977,-0.0144120420064091,-10.6528202794642,5.73114988312123,-2.5736532588142,0.43,0.83,-0.54,2.21133216227682,-10.1698094049493,5.22645514013665,-2.09580492010685,0.400135091884019,0.0608845584823239,-0.889027257039143,2.22736853077208,76.56078976,0.0274060616405364,0.0274621580095507,0.0545924007194826,0.00166487782705567,0.00168135699325958,0.00116938578400852,0.000312452195154887,342,0
1,76.6609984,accepted,4.49932837832165,-0.502299833242075,0.56248279612482,-0.484946564652032,0.0143534367707896,0.363505675491486,0.492740493430119,-0.0169438386922947,-10.6361881430108,5.79779104453278,-2.66882486140235,0.29,0.47,-0.4,2.21133216227682,-10.1464755102131,5.26888737244433,-2.16477501871781,0.27365707598809,0.114699037283149,-0.887836881809876,2.22877369715197,76.6609984,0.0273857003297148,0.0274452053730516,0.0545773612391759,0.00164526509146559,0.00162539682909523,0.00115526607247344,0.000311382398888021,343,0
1,76.761265664,accepted,5.87781772767879,-0.500510086073115,0.586559152392479,-0.509173642546898,0.244517625583629,0.546326781246402,0.366009165050879,-0.0233066216134379,-10.6278720251317,5.86443221764284,-2.76405214122582,0.39,0.62,-0.52,2.20784150377283,-10.1275206850687,5.32248558720689,-2.24234243879894,0.147727232487549,0.0854612835899318,-0.882824292866627,2.23208273635314,76.761265664,0.0273597388739965,0.0274186828596111,0.0545569596945682,0.00165518640175679,0.00158163343971654,0.00117325227086431,0.000310148019570211,344,0
1,76.87549696,accepted,7.19706371545679,-0.488590183404572,0.603070551411861,-0.517413257121439,0.269144899734291,0.377867495267048,0.614729264342884,-0.0411817864891111,-10.6029238707566,5.9310733656074,-2.8725415439963,0.33,0.41,-0.59,2.20086018676485,-10.1127564472458,5.36446925876719,-2.32827677547465,0.0632918784494898,0.0405720069713034,-1.19819542440208,2.24254418246064,76.87549696,0.0274606144716218,0.0275172490267882,0.0546688778833729,0.00171147436417971,0.00159261014883119,0.00118563233731865,0.000309238878904541,345,0
1,76.961700352,accepted,11.8912548955727,-0.480696423761449,0.623496112624427,-0.507881977676935,0.228967494885729,0.696353734356194,0.693569074866631,-0.0543227950038787,-10.5862917513538,5.98660766221016,-2.9544118793803,0.34,0.65,-0.77,2.19387886975687,-10.1058327492777,5.41692147586233,-2.41588790573478,0.112941719980925,-0.0325395472249057,-1.45695432770254,2.24883798267433,76.961700352,0.0272923295575277,0.027343945709379,0.0545028417816487,0.0017741840780533,0.00161825611504886,0.00118221022405794,0.000308025209608339,346,0
1,77.063944704,accepted,12.6856252520359,-0.503548611709519,0.639889976709716,-0.468577157644212,-0.148937503897038,0.452678416571749,0.953460991794555,-0.0575578257274278,-10.5946076686948,6.05324886079382,-3.05151686788655,0.05,0.34,-0.82,2.19213354050488,-10.1124105335171,5.45263154128531,-2.53939231371963,0.192746552802385,-0.104649571936785,-1.76334849991985,2.24904903382019,77.063944704,0.0272917902853447,0.0273381300335536,0.0545099960138293,0.00186599780127699,0.00167681755514362,0.00116803312048644,0.000306934671013702,347,0
1,77.162181632,accepted,14.9551145709202,-0.521175115317231,0.678726636027674,-0.424494394544449,-0.138123530231756,0.87206971682156,0.721629841655551,-0.0584332546878494,-10.6029236076027,6.10878319464818,-3.14481586756459,0.35,0.48,-1.14,2.19038821125288,-10.1026290098369,5.49418624001141,-2.68794976924024,0.483560386513178,-0.374975289097228,-1.85527400861348,2.24941651109112,77.162181632,0.027244150925208,0.027284433406302,0.0544671864461542,0.00203651522906775,0.00175544117223628,0.00120413790245376,0.000304659496112756,348,0
1,77.26240384,accepted,10.0712369982055,-0.532015989504051,0.702644693036052,-0.363934461711689,-0.268430674402725,0.765313144079138,0.493891632764786,-0.0557611632536421,-10.577975484616,6.1532106156958,-3.24000076091846,0.39,0.26,-1.35,2.19387886975687,-10.0733203960424,5.50727801213492,-2.85676920919799,0.651518406519849,-0.490354153310798,-1.84029056077892,2.24981291840685,77.26240384,0.0272341106764678,0.0272702061744483,0.0544634684638817,0.00210543436392452,0.0017971513387171,0.00120274342204867,0.00030200156772104,349,0
1,77.362633984,accepted,6.35498946674817,-0.556723655507614,0.719456947159683,-0.387573310711979,-0.160893800635939,0.513422811436798,0.506005667035396,-0.0636637811910887,-10.5613434150527,6.17542431816681,-3.44337933875154,0.56,-0.03,-1.53,2.18864288200089,-10.0272546066695,5.49958160281474,-3.03661159929676,0.715358294604295,-0.533041987661552,-2.03194731061804,2.25223155209358,77.362633984,0.0272351593291005,0.0272674564912029,0.0544691224734275,0.00216733189007238,0.00184264375242723,0.00117968343104708,0.000299756663449631,350,0
1,77.460835584,accepted,9.85068972953453,-0.536194748823563,0.733048311158853,-0.401578980976965,-0.231011978608263,0.790219833670788,0.475743885276949,-0.067283019311426,-10.4864992507367,6.175424208254,-3.64264176572098,0.64,0.17,-1.61,2.18689755274889,-9.97529203127109,5.4998489720678,-3.22459220796307,0.865303258273154,-0.604623934319012,-2.08299355428394,2.25470559848472,77.460835584,0.0272207120192659,0.027247751046143,0.0544565513573307,0.00222058410071392,0.00189831142890142,0.00115465257767629,0.000296992080598772,351,0
1,77.561129984,accepted,5.883531160462,-0.562408887982258,0.76723962616626,-0.40382022363248,-0.210566395201687,0.577081593841469,0.296878768657636,-0.0707532257632271,-10.4449191249521,6.19763787699411,-3.84615072642469,0.76,-0.2,-1.96,2.18689755274889,-9.90799691594819,5.48002393700162,-3.43374738900282,0.964229631975057,-0.764149663849899,-2.25558055006988,2.2577398293991,77.561129984,0.0272142839812826,0.0272369695824272,0.0544490453910772,0.00237153117610741,0.00195604402210411,0.00115878870684915,0.000293740296494816,352,0
1,77.66334592,accepted,12.1761866397977,-0.556734803755665,0.797430900412307,-0.383746303050943,0.0422538998570552,0.980643017982042,0.417403389935836,-0.0819320794941136,-10.3617589567883,6.18653089205616,-4.05355870635895,1.04,-0.01,-1.9,2.18340689424491,-9.81633512720126,5.45808914318157,-3.65716415313598,0.99952707493831,-0.969867410098176,-2.31616455900715,2.26757803956402,77.66334592,0.027248222015111,0.027264140393333,0.0544805301029243,0.00255598295900139,0.0019488147782652,0.0011765105160519,0.000291162022109537,353,0
1,77.761620224,accepted,9.52545527193522,-0.549737497222301,0.813077479470527,-0.364167598035449,0.065160463795076,0.702798797176762,0.57035672993305,-0.0899981277315565,-10.270282785554,6.16431703104547,-4.25296865817,0.99,-0.48,-1.86,2.18166156499291,-9.73115803984705,5.40797432044142,-3.86638496973766,0.925592901590243,-1.16766689116282,-2.42622288604471,2.27291493036622,77.761620224,0.0272372952700908,0.027242518717034,0.0544635962161064,0.0027447672474609,0.00189591650189342,0.00119197679955364,0.000287551296461854,354,0
1,77.87987072,accepted,10.0272949472404,-0.552999590026163,0.856266004602126,-0.349160777211481,0.0832962540342113,0.767593200968426,0.458920526863564,-0.0948925866755279,-10.1704906431433,6.10878256679871,-4.49291261858713,1.1,-0.68,-1.83,2.17991623574092,-9.62633838352815,5.31724918528392,-4.1253029427222,1.01950657950616,-1.42950250468815,-2.28577225429409,2.27664443856354,77.87987072,0.0274124355358366,0.0273927267216598,0.0546292390983336,0.00296091912163359,0.0018677752555697,0.00119500328708384,0.00028310295231269,355,0
1,77.960098816,accepted,16.8389174156736,-0.540227144846705,0.854710063007524,-0.349022037947762,0.250798976657624,1.08919506209645,0.42651788161569,-0.0999804666649737,-10.0706985150779,6.04214123947791,-4.65570472299373,1.51,-0.68,-1.83,2.17817090648892,-9.52750866346943,5.27090294000902,-4.29083191492898,1.27273786837502,-1.74199105406472,-2.2546180499755,2.28287221549236,77.960098816,0.0271965735252361,0.0271677435229388,0.0544074942915755,0.00326860472820241,0.00193563511420715,0.00122016439858592,0.000276161467595039,356,0
1,78.062324992,accepted,10.7689999697337,-0.521926616879423,0.872077342243025,-0.338159669512591,0.174907973854552,0.720248186027155,0.561540758858364,-0.103626097875018,-9.91269428570511,5.95328610539004,-4.86313348107469,1.51,-1.21,-1.8,2.17991623574092,-9.39291702101615,5.14418638832417,-4.50021913986509,1.34315394639376,-1.91191115489193,-2.35671532412807,2.2862897418265,78.062324992,0.027219363047354,0.0271661789426727,0.0544135306248256,0.00341797430449504,0.00194063445950359,0.0012028418716257,0.00026925249248134,357,0
1,78.16256384,accepted,23.4726384538709,-0.517367606575919,0.921456434405656,-0.329752042078996,0.585884492122149,1.24184594406632,0.500333122716274,-0.104010576342815,-9.7713220883266,5.86443099652051,-5.0665297203325,2.03,-0.89,-1.83,2.18166156499291,-9.23026385816382,5.03562712465193,-4.71799810754963,1.47290716114708,-2.0990247449295,-2.32804428996081,2.29336573775645,78.16256384,0.0272404957730419,0.0271580630418589,0.0544113220003568,0.00358640608934788,0.00194248383070845,0.00119666998161155,0.000261796557888879,358,0
1,78.262840064,accepted,14.2787048835138,-0.485857539844583,0.911387762457629,-0.319146633735827,0.393011228836667,0.74416844626006,0.690096621607369,-0.107188303521381,-9.57173781576501,5.73114835523971,-5.27000127683677,1.85,-1.51,-1.64,2.18340689424491,-9.07334204109305,4.88625228795306,-4.91837409590143,1.47481929421618,-2.23370454913578,-2.3235524609959,2.29504500973338,78.262840064,0.0272511408110233,0.0271376046890364,0.0543964387163539,0.00365731867857252,0.00188368687055827,0.00118970539507784,0.000253939163434864,359,0
1,78.36304512,accepted,15.2153152563256,-0.478802301621968,0.945527974943309,-0.270635969840596,0.455618869318913,0.912430972664802,0.485258894285014,-0.10719074198583,-9.39710159196095,5.59786575184032,-5.41424648477227,2.15,-1.58,-1.71,2.1851522234969,-8.89965291070078,4.72995067848522,-5.12223970239352,1.71906781963779,-2.46573657207362,-2.19142816184674,2.29840635468993,78.36304512,0.0272628034383629,0.0271140932064954,0.0543806706218714,0.00385328359500422,0.00193509582025127,0.00117946892910052,0.000245744782406215,360,0
1,78.461262848,accepted,22.019301304283,-0.469815778839665,0.980959746187413,-0.21882224426264,0.561367115142711,1.17831731120063,0.453551419885774,-0.1045946232836,-9.19751731935219,5.45347625584475,-5.55563093346029,2.37,-1.58,-1.74,2.18864288200089,-8.69987020830877,4.56670703179242,-5.31712714170125,1.84322844922762,-2.72411152049494,-2.19052018802332,2.30132609132903,78.461262848,0.0272585451883954,0.0270745964253327,0.054346490169029,0.00410452720369467,0.00193265707971495,0.001207191128546,0.00023646903506203,361,0
1,78.563480064,accepted,16.8560610168883,-0.452924519269475,0.997369691374098,-0.163349693792085,0.43954136591517,0.871644792881308,0.690117362421224,-0.0899374918587399,-8.96466900263672,5.27576613175774,-5.70277264631465,2.29,-2.03,-1.45,2.19562419900887,-8.49252693773497,4.35496048145053,-5.50448097735399,1.87644387830306,-2.87634784281551,-2.13291441085021,2.29138211906274,78.563480064,0.0273053752089029,0.0270755593942142,0.0543551295989437,0.00417058371831487,0.00187873797612325,0.00121519549400676,0.000227517752394352,362,0
1,78.661731584,accepted,21.5754801603379,-0.422257831591274,1.01499079412111,-0.138227559973569,0.444920096932388,1.12629043065416,0.638046890252622,-0.0774519210825315,-8.73182070200826,5.07584228764682,-5.84420573859673,2.3,-1.95,-1.37,2.20086018676485,-8.28722068718892,4.15173924271832,-5.67393823643947,1.88449303429675,-3.04627770865691,-2.00152615726295,2.28482016862261,78.661731584,0.0273105109515298,0.0270364916084721,0.0543244428298654,0.00426068515312923,0.00180707628299022,0.00125060805182069,0.000220013181135687,363,0
1,78.764017408,accepted,16.1146342104226,-0.402625802144465,1.00760312570121,-0.117924145390643,0.0686271883281884,0.859439892384184,0.785328244250877,-0.0753232166673174,-8.49897242547744,4.84259785673129,-5.99144621268751,1.89,-2.27,-1.15,2.20260551601684,-8.09954173096002,3.90769329242472,-5.83239832901581,1.82940154895903,-3.10966002415013,-1.92616569681273,2.28014038741867,78.764017408,0.0273670691373646,0.0270373247556079,0.0543373457868995,0.00417680702867592,0.00173409588459774,0.00126194063268596,0.000213460329493595,364,0
1,78.878241024,accepted,21.8483510170563,-0.404481728283508,1.10206327551586,-0.107528160496969,0.423588823253225,1.24743678960199,0.48657387342076,-0.0738099807203407,-8.2993881780377,4.64267406570901,-6.15587114191528,2.21,-1.97,-1.38,2.20435084526884,-7.87347640520361,3.6368407502273,-6.02541194771332,1.81169770427804,-3.18803016301666,-1.86199276372912,2.28360487340562,78.878241024,0.0275833439821701,0.0271614073912908,0.0544897376069258,0.00414813460710566,0.00168644607671712,0.00129094887694137,0.000207513261212103,365,0
1,78.962502656,accepted,24.0940934559828,-0.341776143182743,1.07267731682166,-0.0911545326337073,0.608985056252743,1.16537908499736,0.69288418872758,-0.0804482874146593,-8.06653983835266,4.44275024268742,-6.27716578625761,2.36,-1.97,-1.38,2.20260551601684,-7.69169747088792,3.46082162591054,-6.15194975801097,1.78082100978821,-3.10807396153566,-2.06595629316463,2.28911543667279,78.962502656,0.0274518240454906,0.0269978026683531,0.0543343318988546,0.00388542009479518,0.00165252220571738,0.00127028512265925,0.000201824428795078,366,0
1,79.062718464,accepted,17.4488173104382,-0.329574441150733,1.07300182636594,-0.0564924853896942,0.125624259277295,1.02505396082391,0.638217472814584,-0.0850273847165166,-7.84200753021295,4.22061270677082,-6.42142647170031,1.9,-2.13,-1.48,2.20435084526884,-7.50930795221555,3.23045843008693,-6.33211721085302,1.7833407176423,-3.13266512532601,-2.11165282795488,2.29156445351453,79.062718464,0.0274875849017179,0.0269791634312525,0.0543278375732034,0.0037785296992382,0.00163199971997885,0.00128199607002245,0.000196653853874166,367,0
1,79.162937088,accepted,23.5073285626855,-0.30294189762473,1.12279083844045,-0.0138734277141896,0.65420350928204,1.30868974073133,0.374454545638136,-0.0873721478517893,-7.63410720239803,4.04290265412848,-6.56569121077586,2.38,-1.73,-1.86,2.20435084526884,-7.29653566840699,3.01486731350996,-6.53615188750899,1.75187188566087,-3.01086674303256,-2.23262728204419,2.29692374908787,79.162937088,0.0275701356638247,0.0269913449282137,0.0543570729175005,0.00352447406034464,0.00161287986770249,0.00125999313002663,0.000192738634697128,368,0
1,79.263186432,accepted,26.7998903180422,-0.2480199683923,1.12534887433582,0.0653424026021563,0.486524189996659,1.50148531056337,0.632163393958417,-0.0953683318583307,-7.36799473795844,3.84297881832488,-6.71000015435863,2.26,-1.42,-1.83,2.20260551601684,-7.09665866954847,2.81304281462707,-6.74990920433036,1.7911146033592,-2.89443756261909,-2.45873038772695,2.30162067753862,79.263186432,0.0276844097268822,0.0270279051164527,0.0544114950882808,0.0033221763422167,0.00163327943768767,0.00122685417008844,0.000189660456664929,369,0
1,79.363382016,accepted,30.2180504660566,-0.190580266264328,1.15021365147951,0.15785775475408,0.384245352327207,1.76919827734548,0.67301411131006,-0.0983569110454718,-7.11019824704844,3.6763755922216,-6.83996698100428,2.17,-1.09,-1.82,2.20260551601684,-6.90250647127222,2.6235845920223,-6.9735732378301,1.79853196607143,-2.83200085517684,-2.49017677820065,2.30365953473649,79.363382016,0.0278334246053265,0.027092198159328,0.0544935875407563,0.00319955586011435,0.00162795606802899,0.00122162723665336,0.000187317560488721,370,0
1,79.461634816,accepted,44.8928655427195,-0.129547956562078,1.19340702234028,0.250632606379884,0.218151519656334,2.39587446293379,0.896141705623593,-0.101746954380414,-6.85240171253077,3.543092970084,-6.96741376174315,2.05,-0.39,-1.6,2.20086018676485,-6.71236016442842,2.45781896397999,-7.18996755187407,1.84046372450675,-2.75577742116918,-2.49298221560504,2.30459647552639,79.461634816,0.0279988852079125,0.0271683566010296,0.0545863163936555,0.00308189417080632,0.00162991554279268,0.00120634581791136,0.000185527219451004,371,0
1,79.563842304,accepted,13.1140665988631,-0.120092506252758,1.26644795971032,0.352635887841575,0.237642483178243,1.21234470396777,0.87279898036887,-0.10578873971975,-6.64450127019262,3.44313099539968,-7.09999029201004,2.06,-1.55,-1.75,2.19911485751286,-6.51927163519601,2.23860228410675,-7.4278120143923,1.82621903797681,-2.74773039165966,-2.61897581696914,2.30563994096236,79.563842304,0.0282727944640898,0.0273251760111037,0.0547680392266462,0.0030517940888767,0.00164587370185362,0.00122471495498853,0.000184105465251682,372,0
1,79.664113152,accepted,10.1260102076749,-0.102477651479077,1.31983590001446,0.463504970563013,0.360726470643632,0.994470880368247,0.804579677025011,-0.113014805517286,-6.44491689184109,3.28763471385858,-7.23005474594474,2.1,-1.74,-1.85,2.19387886975687,-6.33459526237965,2.02433183088838,-7.66971816170504,1.74373188351122,-2.72177451415248,-2.65094120007486,2.30758981856844,79.664113152,0.0285362271981813,0.0274728066399671,0.0549409707425249,0.00299762001373699,0.00164169839215431,0.00125185084579633,0.000182586867815372,373,0
1,79.764335104,accepted,10.0094862094707,-0.078567921819098,1.37807457565281,0.567956442996939,0.261105233313297,1.04469790140525,0.750115759367546,-0.117506807797672,-6.23701648026638,3.13213842993174,-7.36005577534814,2.11,-1.71,-1.68,2.19387886975687,-6.15248541156071,1.81285866251604,-7.90404982061588,1.85228718200631,-2.74138675265415,-2.42656050011578,2.31187948819337,79.764335104,0.0288017301385076,0.0276221276808413,0.0551176544219517,0.00297430218898065,0.00163377622707332,0.00123982672449728,0.000181172546195008,374,0
1,79.882528512,accepted,9.42991332560856,-0.142433614528622,1.45278689276406,0.668212446992126,-0.653912796415941,0.72789640761677,0.986320509556798,-0.120483026409538,-6.07069621251398,2.93221473048428,-7.5133681425698,1.19,-2.15,-1.28,2.19387886975687,-5.94787209289422,1.52809368934886,-8.15499323832078,1.83549517516501,-2.8685939613644,-2.26203420637016,2.31276869103334,79.882528512,0.0293391392652485,0.0279761883780421,0.0555187648722332,0.00308488710487217,0.00163626232024824,0.0012912660358133,0.000180448615164323,375,0
1,79.962789376,accepted,10.8751680769251,-0.133120740284303,1.44925272824391,0.712870406201336,-0.0760706638088056,1.15291015298714,0.952581249640402,-0.119516259789711,-5.92932399006914,2.74339791931598,-7.61747702024167,1.85,-1.83,-1.19,2.19387886975687,-5.80106219395288,1.35216915253145,-8.30283583023008,1.92475897468692,-2.97023415284523,-2.13824977032351,2.31304769165988,79.962789376,0.0293930556289696,0.0279476380315074,0.0555090296018614,0.00315873054649409,0.0016416535687521,0.00130309943824682,0.000179149367699788,376,0
1,80.06297088,accepted,10.8030501490804,-0.133586839101199,1.52285299753565,0.757868270972025,0.189582236814386,1.114927289282,0.960780847837902,-0.120515726269431,-5.73805560772148,2.57679479983341,-7.74742558327885,2.17,-1.97,-0.95,2.19387886975687,-5.60262580186712,1.11334708175832,-8.47637856680286,1.98237844153685,-3.07176686090868,-1.90596247134709,2.31456457147602,80.06297088,0.0297134066744973,0.028125609336296,0.0557210660042845,0.00325374235149866,0.00165291795155303,0.00132683872429979,0.000178081806011727,377,0
1,80.1631744,accepted,7.50834919335787,-0.145560910810099,1.5675768981822,0.775918259914981,-0.100559457955703,0.692046081503495,0.912361379848416,-0.123326078434045,-5.55510326505445,2.3768710985972,-7.87740270395837,1.76,-2.25,-0.82,2.19387886975687,-5.41630491905176,0.860752506063404,-8.62569276758042,1.85836102901924,-2.93157112365352,-1.72787255796626,2.31658205353422,80.1631744,0.0300537046428627,0.0283092537188176,0.0559445457348813,0.00309135431307775,0.00165520288504881,0.00131482955480771,0.000177204572260255,378,0
1,80.265398272,accepted,10.2088711948107,-0.157058820282638,1.6111795054899,0.775306227261227,0.0521956742915388,0.953271979803323,0.947131337646843,-0.125546890753632,-5.38046693516954,2.17694740930811,-8.01000006761249,1.93,-1.96,-0.52,2.19387886975687,-5.22600948393218,0.625583237071336,-8.75405693351368,1.87774418032093,-2.90005848309102,-1.4619159177116,2.31910288159087,80.265398272,0.0303835208070174,0.0285018297080603,0.0561665284832241,0.00306836772824168,0.00168454197681745,0.00130458764982064,0.000176351003832766,379,0
1,80.365664,accepted,9.06526318084176,-0.177640706724882,1.67112724730465,0.864218514874748,0.00522073052882233,0.970188719706681,0.673718887256942,-0.132190004429551,-5.20583058139644,1.99923745185006,-8.02807797566355,2.07,-1.96,-0.58,2.19038821125288,-5.0320921323215,0.39109514137626,-8.86505077423141,2.06405886102993,-2.91591214732785,-1.2496669435231,2.32221723628399,80.365664,0.0306872103004837,0.0286737520774172,0.0563628938006558,0.00309597268417891,0.00173499003205308,0.0012561537889427,0.000175643710355694,380,0
1,80.461862656,accepted,6.45166382949025,-0.150010454594191,1.67161993724801,0.931175956359455,0.112877468192702,0.458564767435315,0.754782329974233,-0.135076947932833,-4.98129810545354,1.77710000746387,-8.04542259074282,2.27,-2.56,-0.3,2.18864288200089,-4.83263452875987,0.156773338041075,-8.94638549520861,2.15761027916348,-3.00795769830932,-1.04986787111317,2.3234098792955,80.461862656,0.0309400612762687,0.0288135966572981,0.0565129389201307,0.00320348842201524,0.00178454479130181,0.00126031741382598,0.000174827354755344,381,0
1,80.562066432,accepted,21.5866452865741,-0.0960272455421247,1.75146664772489,0.989460276575718,0.754250731770892,1.80933687797117,0.983819999162803,-0.133108085052505,-4.70686944508905,1.59938999378168,-8.06348932884995,2.99,-1.31,-0.08,2.19038821125288,-4.58975990155115,-0.0710524969129703,-9.0165772820013,2.24617756043909,-3.0985925207896,-1.05768356072929,2.32484790495623,80.562066432,0.0312714399544114,0.0290093198732281,0.0567170580409137,0.00327886508888463,0.00181519582161522,0.00127523792368234,0.000173746952061186,382,0
1,80.66232064,accepted,20.3481673112777,0.0127080512708906,1.8211993666163,1.04012559313235,1.13825578497205,1.52530518879794,1.05647492629483,-0.119948846386782,-4.34928052577644,1.43278680475534,-8.0815651598453,3.41,-1.64,-0.01,2.20086018676485,-4.32936058548253,-0.312326512820029,-9.08326635641198,2.28679147434721,-3.146363090195,-1.05966649362764,2.32283915589463,80.66232064,0.0316248590814984,0.0292178074219114,0.0569320213564479,0.00330850995125769,0.00183909726094995,0.0013015578494348,0.000172325361512248,383,0
1,80.762565888,accepted,8.4204293941346,0.0305914287584965,1.84942956825075,1.09874546520494,0.0460198853769,0.827987015093822,0.901708509521678,-0.114669361762978,-4.06653583140207,1.22175621976806,-8.09963937535291,2.44,-2.34,-0.25,2.20609617452083,-4.0942270142504,-0.566923401296581,-9.16678938963576,2.39530761793612,-3.15484712371528,-1.14709045664273,2.32068769671191,80.762565888,0.0319955246596176,0.029443489666582,0.0571585582732541,0.00327383801851461,0.00186322027662286,0.00129802144915746,0.000171440616108027,384,0
1,80.876770304,accepted,7.96275249075839,0.0258404899350522,1.91631060616334,1.17582237697846,0.284306769970004,0.70731694558786,0.807663451451686,-0.109128162998897,-3.78379113173535,0.988511914905623,-8.120230428474,2.84,-2.48,-0.34,2.21133216227682,-3.80036457365835,-0.866051583881984,-9.26338315959933,2.55985572765049,-3.17386527054764,-1.14280259183699,2.32086437427137,80.876770304,0.0325614374570004,0.0298263262294464,0.0575381107350679,0.00327798803287109,0.00191445412813004,0.00130084906994996,0.00017079576580573,385,0
1,80.961012736,accepted,9.58151277032725,0.110003135509889,1.88560056683741,1.22966598552897,0.554980391989664,0.90197439679738,0.802322220984906,-0.104015922342636,-3.47609833942265,0.755267609740526,-8.1354193366889,3.13,-2.19,-0.42,2.2165681500328,-3.56715840309533,-1.06575703976879,-9.33126068427751,2.58267563872315,-3.07724078269674,-1.21729665703728,2.32153645425206,80.961012736,0.032688855111764,0.0298884764042577,0.0575741801313031,0.00313407272630588,0.00191528865660584,0.00131148773958582,0.000169896423469147,386,0
1,81.063266816,accepted,13.2067624083347,0.129326011027008,1.94478134544191,1.30850441005609,0.408718719605658,1.30939384983306,0.934887133333671,-0.098503962947897,-3.16840550835888,0.566450774920001,-8.15385574455187,3.1,-1.73,-0.4,2.22354946704078,-3.2801192021438,-1.30400723572428,-9.42514277460167,2.69830301704796,-3.02171359934543,-1.32962496912361,2.32299203707559,81.063266816,0.0330707359640439,0.0301569249878875,0.0578189176748156,0.0030432062452297,0.00193820886890442,0.00131937588120824,0.000169377879580409,387,0
1,81.1635264,accepted,10.9131993926016,0.12641401842269,1.9933315896514,1.38841210172516,-0.0945892404029784,1.11239783664206,0.81962904759953,-0.0969348889387698,-2.87734470666031,0.388740824850813,-8.17193254483989,2.76,-1.86,-0.55,2.22704012554476,-2.99928436878924,-1.53180050363873,-9.52467444845272,2.8563063445087,-2.95570835154555,-1.36511732230466,2.3241411487901,81.1635264,0.0334014860531204,0.0304017678979812,0.0580347042650754,0.00295946609049069,0.00197761256779676,0.00130462705494449,0.000168688598444295,388,0
1,81.263734272,accepted,8.04296058428314,0.112905853603869,2.01472219149674,1.47353547138665,0.0392374817354852,0.550057741960494,0.858454876056928,-0.0953025525190885,-2.59459992311198,0.188817161958984,-8.19000004630733,2.94,-2.33,-0.46,2.22878545479676,-2.70124915023202,-1.76373606004493,-9.62382585950288,2.90332749424504,-2.86691767090492,-1.31289880080323,2.32426342080849,81.263734272,0.0337121881117823,0.0306471638234932,0.0582412424806086,0.0028725338951732,0.00200224468747178,0.00130448496471551,0.00016790332709432,389,0
1,81.363934208,accepted,8.5147933932281,0.0924245902656087,2.01245382212721,1.52544070612988,-0.161777957191786,0.731273857065229,0.7982560267458,-0.094062726307079,-2.32017115887231,-0.0333202171397799,-8.22899156871998,2.66,-2.09,-0.53,2.22878545479676,-2.41216573578006,-1.98012788957607,-9.71648604375189,2.82210815483952,-2.80709703592678,-1.32344511281235,2.32271593047103,81.363934208,0.0340119260354134,0.0308984674208831,0.0584477213723165,0.00280402718298305,0.00199749640818465,0.00132585540663336,0.000167363670336162,390,0
1,81.464169216,accepted,12.9105854168185,0.0999560659019747,2.05240510848996,1.58353962109859,0.325270126588638,1.15849618631984,0.848328714386876,-0.0874963585698514,-2.03742633463115,-0.21103012999544,-8.26799673895245,3,-1.76,-0.51,2.23053078404875,-2.12073774674806,-2.18452943242863,-9.80830508905719,2.68113332139916,-2.89989236565367,-1.35238878222134,2.31876601532322,81.464169216,0.0342890740366784,0.0311390402693846,0.0586454338325826,0.00285810417047643,0.00198721134117835,0.00138451869402524,0.000166953408031479,391,0
1,81.564370176,accepted,14.370148449888,0.0923250474476849,2.09908770254804,1.632168802683,-0.111447567456652,1.39408471808118,0.694152163155623,-0.0827793465998297,-1.771313550049,-0.377633163284133,-8.30698865984159,2.38,-1.57,-0.56,2.23053078404875,-1.86101757315474,-2.39032462011292,-9.90034043153502,2.49219614000513,-2.94307032427128,-1.24983535994604,2.31311679907711,81.564370176,0.0345681201097287,0.0313730211280365,0.0588484301043302,0.00289700675680593,0.002002942364968,0.00142901295251043,0.000166636637402357,392,0
1,81.662616576,accepted,11.2090277698782,0.0847953276602273,2.1359438951161,1.66953731903658,-0.134814242164917,1.141917929068,0.548163840393012,-0.0821272126859141,-1.53014883061123,-0.544236181540342,-8.34521998872748,2.37,-1.78,-0.51,2.22878545479676,-1.61392123064122,-2.59830547539174,-9.97859677847532,2.50476881487749,-2.90219804539,-1.05432286851043,2.3106087892632,81.662616576,0.0348193192965243,0.0315822588931937,0.0590273420596435,0.0028868082662364,0.00204459558771584,0.00137034826351359,0.000165998377397721,393,0
1,81.766838784,accepted,7.33054189539616,0.090543883719874,2.15179048600211,1.68873343745213,0.594026294992599,0.536261984251067,0.16407076923741,-0.0842245814595404,-1.27235205186627,-0.74415978806713,-8.38577672679892,2.92,-2.23,-0.66,2.22878545479676,-1.33978568202652,-2.82766804416397,-10.0437672468082,2.33361177388395,-2.75111232250351,-0.820425686069992,2.3137820289156,81.766838784,0.0351506458228257,0.0318614539007939,0.0592705599728729,0.00280936310712363,0.00211232723344409,0.00135545455710696,0.000165184365529463,394,0
1,81.881012992,accepted,7.77089937537109,0.00555767036261545,2.16864233731788,1.69361901891277,-0.755544588946349,0.45536770140964,0.307431582501372,-0.0846987077405106,-1.06445142409871,-0.977403969571903,-8.43020615827259,1.63,-2.4,-0.35,2.22878545479676,-1.09104516170689,-3.0814066467232,-10.0963827876021,2.37745513008528,-2.84093376106307,-0.655649141805408,2.31211036820364,81.881012992,0.0356494935709545,0.03228335791276,0.0596504374905617,0.00291651642108488,0.00217294572871742,0.00134816330720687,0.000164744120403756,395,0
1,81.965244928,accepted,15.3677314416075,0.0255548933004537,2.16992378774792,1.68711824427875,-0.181016570476567,1.64580091398699,0.452867287249701,-0.0817404056148487,-0.873182831016802,-1.15511382252346,-8.46298393789516,2.06,-1.24,-0.1,2.23053078404875,-0.901253412918359,-3.23288709767768,-10.116587774248,2.2389389491993,-2.86144945692501,-0.549756318653776,2.31140795875073,81.965244928,0.0357004996967145,0.0323451324641114,0.0596638245703606,0.00294336549831749,0.00222221074367113,0.00140187313985667,0.000164004768489658,396,0
1,82.065517056,accepted,6.87350112449339,0.0598596059690201,2.18139229742058,1.67169424035526,0.546132032508445,0.593573664044373,0.405213819970115,-0.0789626940637143,-0.623702036942579,-1.33282367585107,-8.50200355290045,2.57,-2.1,-0.23,2.23227611330075,-0.668640046184932,-3.44879352045152,-10.1402654486855,2.02876336894921,-2.67924548225972,-0.631024377885603,2.31148850289036,82.065517056,0.0360488221826068,0.0326403778594982,0.0599159408090738,0.00277017425760721,0.00226768803337471,0.00143522342621078,0.000163643630458708,397,0
1,82.165747456,accepted,7.62175121815186,0.0787563404330809,2.20021703516746,1.66413170064073,0.465302983536898,0.923647244393672,0.33698799103261,-0.0785880781892434,-0.390853286652268,-1.51053351949092,-8.54100692998873,2.4,-1.64,-0.44,2.23227611330075,-0.457603583081359,-3.64027859384631,-10.1743514432851,1.9381825157741,-2.5474727293828,-0.773727585938274,2.31079141527519,82.165747456,0.0363916449010097,0.0329531616304456,0.060180642319309,0.00263467587242065,0.00228629355274204,0.00145375459997052,0.000163379726459594,398,0
1,82.265950976,accepted,9.02158571033665,0.0178442956642663,2.13755457173969,1.67450932910398,-0.805678116614418,-0.29654716962189,1.04950177690181,-0.0762938012495056,-0.249480830652313,-1.7548845373092,-8.57999984706908,1.04,-2.71,0.15,2.23402144255274,-0.281480156716251,-3.84553733838025,-10.2151994130718,1.84195694024735,-2.40490462810416,-0.89453438462915,2.30966490804537,82.265950976,0.0367310133694051,0.0332781476787729,0.0604545960849112,0.00250846369855896,0.00231474633462183,0.00147625107489908,0.000163308279616915,399,0
1,82.364129792,accepted,10.568623335109,0.0247245322901548,2.16214007085866,1.66708734694025,0.641433803387085,1.35546516030389,0.494035245673802,-0.0709317255031441,-0.0831602785845746,-1.91038063951259,-8.63721532036199,2.38,-0.91,-0.46,2.23925743030872,-0.095241754453346,-3.99665875220726,-10.270836951716,1.74250707107339,-2.24715126206152,-0.950536936202855,2.30984522887585,82.364129792,0.0370124516478649,0.0335839581842017,0.0607027063436834,0.00240828596104996,0.00236351945815668,0.00150969394548707,0.000163409891261835,400,0
1,82.46635776,accepted,9.35778046784162,0.0142028239181465,2.22743624603935,1.67060346423064,-0.123123779512139,1.2736964027618,0.454784845641673,-0.0688574709168868,0.0997923353513214,-1.99923555272662,-8.69679058914662,1.69,-0.95,-0.48,2.24100275956072,0.0830496794025476,-4.14890072922411,-10.3364709608422,1.81230438894987,-2.20456068665578,-0.93222908546628,2.30896787503253,82.46635776,0.0373413609698523,0.0339451532729004,0.0610034243244282,0.00239479610693687,0.00237298064999856,0.00152501427998522,0.0001632717469043,401,0
1,82.56457088,accepted,7.07409284671237,-0.0139849301863273,2.25339292788449,1.6627963656183,-0.246044954030972,0.849514197935655,0.439772096509023,-0.0650005575296819,0.257796870486666,-2.09919732546655,-8.75402612983716,1.74,-1.05,-0.3,2.24449341806471,0.266649055231446,-4.28152246390674,-10.3861453769062,1.98473065012669,-1.88280014695111,-0.737132870677439,2.30876664234995,82.56457088,0.0376014277018584,0.0342658014705644,0.0612443900377413,0.00230421089719533,0.00238763207311009,0.00145881564293712,0.000163167567190778,402,0
1,82.664817408,accepted,7.0741134005793,-0.0456944012148435,2.27628980915009,1.64914077088365,-0.302851335998737,0.886837116534259,0.457848933675284,-0.0619336972061637,0.432433464745508,-2.17694536674551,-8.81244667723887,1.92,-0.65,-0.29,2.2479840765687,0.472186839125421,-4.382433246168,-10.4317850144421,2.22155054082644,-1.52053842490559,-0.745380586862478,2.30929195418319,82.664817408,0.0378719748598223,0.0346370253410078,0.0615119205868563,0.00219293080233263,0.00234944319699346,0.00138366995441803,0.000163249836756763,403,0
1,82.767007488,accepted,10.4444303077824,-0.110434325828637,2.27539157209448,1.63232371312473,-0.622144084390907,0.545092088946857,1.24335040873752,-0.0606718380851565,0.582121976040653,-2.24358654051274,-8.87199986607974,1.45,-0.65,0.52,2.24972940582069,0.679493969451311,-4.45434034900058,-10.460888833324,2.0699309899772,-1.18097178767783,-0.718193014830228,2.30983588008769,82.767007488,0.0381203856984328,0.0350310865985624,0.0617918740585873,0.00213587336122142,0.00241853685656324,0.0014313254079919,0.000163309179830642,404,0
1,82.881223424,accepted,9.81684139671406,-0.2326495941235,2.24758961802972,1.60990176716997,-1.03529941092326,0.0421603928496432,0.887936295486447,-0.058023227690867,0.681914323348531,-2.3324414449693,-8.93856134841975,0.96,-0.94,0.05,2.25147473507268,0.888385744647276,-4.52458154054093,-10.5123749527559,1.98925837620954,-0.971338075977024,-0.834303563936928,2.3089952282545,82.881223424,0.0384945277702295,0.0355784851722464,0.0622288784404728,0.00209749004715909,0.00244736114968437,0.00142416443366418,0.000163658986984682,405,0
1,82.965476352,accepted,9.40085012250924,-0.275935893658408,2.2241056733187,1.60414495296525,-0.487213594141461,0.669125563638532,1.09124309101009,-0.0572447374582237,0.773390639415354,-2.37686889210104,-8.98766132496913,1.32,-0.21,0.06,2.25147473507268,1.03391131625078,-4.5343277832837,-10.5509845405487,1.80502076369464,-0.864235893313478,-1.02668467423022,2.30800726230114,82.965476352,0.0384441936062938,0.0357184202725242,0.0622739859131353,0.00205141303778098,0.00247685044991752,0.00144635531606811,0.000163578734461222,406,0
1,83.065682944,accepted,11.3946191871772,-0.371901438074764,2.17810993471713,1.60760856571244,-1.31574021924751,-0.137013596083638,0.827795429180792,-0.0566345320450967,0.839918874873553,-2.44351007020573,-9.04605859891662,0.42,-0.98,-0.18,2.25147473507268,1.17625907657116,-4.57176936387129,-10.6202631463446,1.72729859259075,-0.833874002714742,-1.00466149338923,2.30766411763115,83.065682944,0.0386050862751059,0.0360737249912112,0.0625489857049056,0.00206156089911645,0.00253420946450687,0.00144065976814999,0.000163394833249045,407,0
1,83.16592384,accepted,5.52804465882856,-0.390903861744774,2.14785882083144,1.61535843569467,-0.0262721209401977,0.332422559155425,0.729341161476939,-0.0549149341802813,0.956343282067471,-2.51015123991731,-9.10447586416453,1.68,-0.56,-0.26,2.25322006432468,1.33745617837985,-4.5994880999314,-10.6855620212555,1.70564178103006,-0.879632039181322,-0.985425021999774,2.30750845585571,83.16592384,0.0387975169661962,0.036460885951784,0.0628685054930351,0.00207488812149334,0.00257415062589641,0.00147337765406086,0.000163510217122623,408,0
1,83.364156416,accepted,8.87025778100681,-0.625313205121011,2.14735557602798,1.62724976307284,-0.937435957266445,0.160233961945919,0.713916911510397,-0.0491050886918432,1.08939975659555,-2.63232672607036,-9.21999962178306,1.07,-0.6,0.01,2.25671072282867,1.6759944366465,-4.72045969343532,-10.8136479267274,1.99901786968664,-0.747698062158397,-0.70079664345225,2.30505921711604,83.364156416,0.0403362043701693,0.0382401584912717,0.0645159089169696,0.0021841359521351,0.00263208226097022,0.0014239024011034,0.000164980492565782,409,0
1,83.468540672,accepted,14.2231472131338,-0.739088366975087,2.13355451084341,1.65586364353648,-1.51844430771117,0.706166991987005,0.862478611325208,-0.0535270505661378,1.13097990584331,-2.66564731359955,-9.21791271152033,0.27,-0.04,0.37,2.25322006432468,1.81937995116851,-4.72771606466838,-10.8419532192808,1.77691694859901,-0.729027052545306,-0.490253623902237,2.30553026658069,83.468540672,0.040552829931431,0.0386599154528434,0.0648738736700543,0.0022410970362844,0.00279878879068573,0.0015234547487464,0.000164239649310805,410,0
1,83.566761984,accepted,18.1384074819226,-0.875850509168918,2.11733556263254,1.6702554209068,-1.80105018298431,0.632609610092066,0.932614749199008,-0.0559793595620404,1.12266387723474,-2.67675417800381,-9.21594864629122,0.08,0.01,0.45,2.25147473507268,1.93562741696037,-4.72275699376709,-10.8534856088421,1.8664234820338,-0.605826993345952,-0.480441654447985,2.30629330093837,83.566761984,0.0406669230675174,0.0389693713873827,0.0651226230390103,0.0022434817109084,0.00277199353051113,0.00147322914637948,0.000163699580144907,411,0
1,83.667018496,accepted,16.2747865651673,-1.0330528393795,2.08732194989715,1.68843084704026,-1.81708037807129,0.293842174562522,0.83786252844656,-0.0579207687662677,1.08939976691471,-2.69896791106036,-9.21394388454247,0.03,-0.32,0.32,2.24972940582069,2.05668564866809,-4.7236777839014,-10.8716444314253,1.83201881122018,-0.600026947407607,-0.516026430963376,2.30662790165094,83.667018496,0.0408117281243822,0.0393111847808187,0.0653882362287083,0.00223527837901217,0.00278246650400078,0.00150593048440536,0.000163427963473498,412,0
1,83.767330816,accepted,17.949783695456,-1.17478145886862,2.04847332061132,1.70724943556455,-1.75483031156103,0.25389178262855,0.818938421887498,-0.0508309069198094,1.06445168561992,-2.73228850797849,-9.21193800683884,0.11,-0.32,0.39,2.25496539357667,2.16301672440694,-4.71783861804458,-10.8864257373671,1.84716723778612,-0.559981384420688,-0.426969565090391,2.30475982409899,83.767330816,0.0409099369266392,0.0396015618355524,0.0656000834049535,0.00225669731315767,0.00280506849399699,0.00152349218687901,0.00016385348707201,413,0
1,83.879559936,accepted,19.4831637379924,-1.30025928195005,2.00296316766758,1.73119793747411,-1.65100634266153,0.229248742969849,1.10285404745543,-0.0456568105731119,1.06445169103246,-2.76560910000294,-9.20969383693522,0.09,-0.07,0.59,2.25845605208066,2.28702888436016,-4.70746988075605,-10.8980254624152,1.72386363576392,-0.286066020048728,-0.509020348967035,2.30335765579125,83.879559936,0.0411597679174529,0.0400566064741794,0.0659553578462679,0.00225629206505393,0.00283623016489684,0.00150902061535303,0.000164510050067283,414,0
1,84.065790464,accepted,21.3818232271527,-1.51216218685564,1.97804499308335,1.79966908779835,-1.67306655888411,0.148874511976004,1.05441534873881,-0.0423895483818906,1.089399776838,-2.76560909615064,-9.20596991086263,-0.04,0.02,0.44,2.26020138133266,2.50998914201159,-4.68269745033786,-10.9601508326743,1.61293591597777,-0.116284751416288,-0.610465171649429,2.30201780917395,84.065790464,0.0424031197554692,0.0416637593551045,0.0673560986321494,0.00228719806853728,0.00291242006661106,0.00155437225853234,0.000165573170301153,415,0
1,84.166016768,accepted,23.8440223225974,-1.5687480833752,1.92636019935696,1.82373249893537,-1.62201864879323,0.144424373792233,1.08965727448725,-0.0548993361702705,1.09771580539829,-2.76560909509604,-9.20396575316285,-0.14,0.08,0.37,2.25322006432468,2.56719807830944,-4.63214873546831,-10.9757674531935,1.46035840194027,-0.0522325455318852,-0.714678927189831,2.30765621060065,84.166016768,0.0423278726952356,0.0417707319247884,0.0674215486000146,0.00225688285802469,0.00293053536229954,0.00158300227495349,0.000164184255732335,416,0
1,84.266281216,accepted,33.2630672054904,-1.59798391288591,1.86797679045628,1.84514237870252,-1.86186110683967,0.053740310562653,1.18962042324186,-0.0608114148430441,1.1143478630321,-2.76560909246925,-9.20196083272326,-0.44,0.07,0.46,2.24972940582069,2.59327396901169,-4.57930666194832,-10.9880388992673,1.39462624938139,0.0260879026393054,-0.723919214192693,2.31058112131173,84.266281216,0.0421967090663862,0.0418019544144448,0.0674339865827556,0.00224877202674021,0.00292337102739881,0.00156927702987537,0.000163459843520517,417,0
1,84.364340736,accepted,36.8747146621136,-1.64561118215189,1.82438249032315,1.87645782392533,-1.77929465975161,0.129922135262537,1.47717476256702,-0.0615222426561464,1.08939977495071,-2.75450223306463,-9.2000000027395,-0.29,0.15,0.44,2.24972940582069,2.61899407552296,-4.5232999386894,-11.0009784564012,1.46418197498858,0.0303370096358676,-1.02795483263074,2.31118875569767,84.364340736,0.0420239217724928,0.0417769290739542,0.0674070178706697,0.0021719621464535,0.00276528797569863,0.00154607215116503,0.000163146697823928,418,0
1,84.464529408,accepted,33.9423203397457,-1.69887718049906,1.77525238648334,1.9357712864288,-1.70152066921351,0.027138782937976,1.45829691784757,-0.0622528387557182,1.06445168738255,-2.74339537244771,-9.16300294333818,-0.23,0.06,0.46,2.24972940582069,2.65144129093115,-4.46891690620163,-11.0240066910477,1.44764045690336,0.0415666752956131,-0.989099544525459,2.31196060590557,84.464529408,0.0418876239820965,0.0417887769991226,0.0674196740548865,0.00216049987001545,0.00274989169730956,0.00154619879534563,0.000162936804556531,419,0
1,84.56471424,accepted,22.7999382033958,-1.75445787908151,1.71881198875955,2.00106970437867,-1.5595881700684,-0.018988651743422,1.1040738459307,-0.0618589247324066,1.04781963039392,-2.74339537498662,-9.12600725409929,0.04,0.06,0.12,2.25147473507268,2.70180326753489,-4.41433182310362,-11.0712512957141,1.57845847565779,0.0875961329624998,-0.978244076827695,2.31312911817652,84.56471424,0.0418007240600323,0.0418540193627848,0.0674867205790773,0.00215782026364336,0.00267004316284095,0.00150481298107552,0.000162846520703937,420,0
1,84.66486528,accepted,29.0566325355192,-1.80630419822475,1.66573083982331,2.06386571349314,-1.83144845112498,0.110476094942238,0.911140700259533,-0.0617209171847923,1.06445168738255,-2.74339537244771,-9.08902404337942,0,0.07,0.24,2.25147473507268,2.74622327592887,-4.35452132229341,-11.1040544804636,1.80346705518868,-0.0295677971703488,-0.667140202392613,2.31290514139457,84.66486528,0.0416663897874762,0.0418465785826594,0.0674861040310171,0.00217028188376141,0.00263502958997227,0.00151502472382665,0.000162860036468829,421,0
1,84.765046528,accepted,47.3874123781548,-1.82130802656121,1.66014457659932,2.1246036322413,-2.02951079770278,0.478265642634258,1.22568155538108,-0.0629352495551077,1.10603182597086,-2.69896790868751,-9.05202967761982,-0.29,0.52,0.4,2.25147473507268,2.77618164625725,-4.28261233326696,-11.1066098966984,1.70546009756564,0.0589156037109905,-0.818311356398784,2.3141558245305,84.765046528,0.0414658002745315,0.0417238391256763,0.0673946294073693,0.0021300748624137,0.00258808385140423,0.00150380384369779,0.000162750615642751,422,0
1,84.967469312,accepted,25.1331315943623,-2.06574652137066,1.51678126144361,2.27599846342654,-1.56526325609459,-0.0441887436789672,0.984814866080728,-0.0576148420448379,1.03950359981439,-2.73228851183079,-8.97728013457787,0.09,0.11,0.09,2.25845605208066,2.98233869277212,-4.20556039061092,-11.1937568159824,1.62936527733423,0.161682666625025,-0.889081478635717,2.31602916492177,84.967469312,0.0427837892638636,0.043372218943902,0.0689181721868627,0.00217223894880154,0.00264336191344615,0.00152162099898139,0.000164027642378169,423,0
1,85.06766592,accepted,45.0426341213128,-2.01213113142306,1.51105438697489,2.35257970109953,-1.93829085675349,0.104929177091816,1.42755725919051,-0.0571450535185987,1.14761196713434,-2.6878610389515,-8.94028009676418,-0.08,0.12,0.42,2.25845605208066,3.01099446271112,-4.14727189914397,-11.2076101507785,1.82662760678692,0.024940854795542,-0.997333406396443,2.31557245735693,85.06766592,0.0425246632030126,0.0431827712022979,0.0688182864368544,0.00210085618629313,0.0025061081423994,0.00154622206732448,0.000164061273940147,424,0
1,85.165902848,accepted,42.882911106393,-2.07678199141669,1.42250990191088,2.39511345373902,-2.01190818416095,-0.381220294808953,1.10784308303048,-0.0574841219415356,1.11434785572497,-2.72118163624058,-8.90400371851891,-0.26,-0.28,0.17,2.25845605208066,3.03444053256766,-4.12327896842409,-11.2297336466975,1.71693082844425,0.101714310565048,-0.931509271244236,2.31670063901302,85.165902848,0.0422462152527395,0.0429523605421749,0.0686841916312911,0.00209926336103423,0.00251680885969687,0.00153499980430358,0.000164039568265501,425,0
1,85.266071552,accepted,33.9059236166565,-2.09179252415486,1.39472185647908,2.45719754712793,-1.72908862186346,0.370808472253119,1.36538160768242,-0.0565157056933141,1.10603182785814,-2.71007477316292,-8.86701398493683,-0.13,0.61,0.39,2.26020138133266,3.07195110999276,-4.0460633986059,-11.2472465752953,1.57357130736322,0.251459635312088,-0.966460411916531,2.31647350618714,85.266071552,0.0420662415201148,0.0428487222267561,0.0686631193131385,0.00210504549977432,0.00252988832856909,0.0015150287183435,0.000164023122472925,426,0
1,85.366305536,accepted,33.3354303652152,-2.15485012124471,1.31020193288459,2.50915467711394,-1.43547670546414,-0.271069560512354,0.835657538491414,-0.0572894056206499,1.08108373998509,-2.71007477684917,-8.83000014512483,0.34,0,0,2.25845605208066,3.07829754787001,-4.00315000461243,-11.2653950001613,1.74022950701989,0.270956236406806,-0.828653317301799,2.31680361190805,85.366305536,0.0416639920870169,0.0424612593918503,0.0683932345532802,0.00209064092123285,0.00244766724522725,0.00147715420206112,0.000163916301960722,427,0
1,85.468521216,accepted,62.2809067457295,-2.21098916476944,1.24617076280566,2.53552365095963,-2.35588186634062,-0.396563029586313,1.00922763445794,-0.0577782520942653,1.05613565719159,-2.7322885094628,-8.81061752053777,-0.52,-0.11,0.23,2.26020138133266,3.06658803157292,-3.96868374771597,-11.2803480101851,1.78848533325761,0.284090339441823,-0.775075094556073,2.31977946778461,85.468521216,0.0413785369547001,0.0422025816723928,0.0682272760221666,0.00207229043373805,0.00239997750019668,0.00146479448954584,0.000163923052407117,428,0
1,85.568708608,accepted,34.2834471636573,-2.21617907142462,1.24193188363955,2.56399328000973,-1.94590005758995,0.40739498247171,0.794269361870399,-0.0593630803739704,1.03118756674336,-2.69896791981956,-8.79161957879335,-0.17,0.66,0.06,2.26020138133266,3.10043778210925,-3.88246598538736,-11.303587713638,1.74386176966286,0.265139769307621,-0.730463193713934,2.31954058814573,85.568708608,0.0411884722423817,0.0420660406178258,0.0681656585816352,0.00205260429408815,0.00239458367534645,0.00148801554270434,0.000164036652555344,429,0
1,85.666907392,accepted,36.5516972430233,-2.26619424773127,1.18088043821282,2.59862169238319,-1.92773517502353,-0.30827637939754,0.971204916899496,-0.0597676152576971,1.00623947753722,-2.67675419543432,-8.77299872500564,-0.15,-0.06,0.32,2.25845605208066,3.12315348960625,-3.83691614323267,-11.3092414325937,1.74519518372963,0.250029690476585,-0.646058345549103,2.3188039959887,85.666907392,0.040965477492168,0.0418858388030624,0.0680701060861391,0.00204090679328773,0.00238264700120631,0.00149747607404094,0.000164095114771959,430,0
1,85.76707072,accepted,31.4910490888265,-2.31419215841549,1.14324195941447,2.61945453353177,-1.94245219213181,-0.146633235283962,0.756178726390731,-0.0595528640616312,0.981291388290111,-2.66564733551696,-8.75400534637501,-0.17,0.1,0.22,2.26020138133266,3.15119616046366,-3.77965026419536,-11.3234114382395,1.74102810189225,0.251009669401008,-0.533099845740189,2.32004226222468,85.76707072,0.0408052461831126,0.0417776135439354,0.0680421309798682,0.00204222479358209,0.00238575462449405,0.00150467472502152,0.000164216544072778,431,0
1,85.967467776,accepted,25.288460465955,-2.5527882569792,1.07873099589371,2.65394035675669,-1.95446909189116,-0.07534421793571,0.387630769755009,-0.0638436075551105,0.964659326526828,-2.63232674413062,-8.71600523957873,-0.07,0.25,0.37,2.25671072282867,3.37396109717926,-3.6769426101255,-11.3373374570424,1.8530577539552,0.3311278894278,-0.0174670328902848,2.32059011781783,85.967467776,0.0421169915070317,0.0433269641667523,0.069556064669591,0.00220204157293307,0.00254707004590159,0.00150218775649598,0.000165580123350237,432,0
1,86.067649024,accepted,37.24824000342,-2.61293290323104,0.996178075055208,2.63523306077761,-1.95082030727113,-0.550212923743825,0.390834223745791,-0.065194301879782,0.948027271176176,-2.64343361182725,-8.69700846288464,-0.06,-0.17,0.52,2.25671072282867,3.37942786094536,-3.63638236324994,-11.3047367466416,1.84844921443029,0.376558020005238,0.126713328302406,2.32294511542379,86.067649024,0.0418405845955241,0.0430607144143265,0.0693966046268105,0.00221847528595934,0.00255011790935489,0.0014741932267869,0.00016569369032382,433,0
1,86.167851776,accepted,32.8639054435997,-2.62806216504277,0.959329145644763,2.61372880374472,-2.10031763632381,-0.10550610239747,0.43641217610688,-0.0680874521871555,0.939711242747843,-2.64343361331155,-8.67800760851439,-0.21,0.23,0.63,2.25496539357667,3.40264363238676,-3.57304664185934,-11.2617829734483,1.85265659490507,0.340331706473405,0.192822757408646,2.32340551010678,86.167851776,0.0416586198966225,0.0429052572926644,0.069335559389287,0.00220529723497619,0.00253881460277406,0.00148301848137986,0.000165868639895864,434,0
1,86.268049664,accepted,30.7103170436142,-2.64524120620245,0.905075791446882,2.5852686503948,-1.85700614524906,-0.262970630064704,0.59410519255458,-0.0735944006792777,0.939711241234527,-2.63232674746532,-8.65900767647567,-0.02,0.06,0.71,2.25147473507268,3.42425029593838,-3.5180856864895,-11.2045536267413,1.80149648819762,0.325186184727426,0.116830470034741,2.32544868089077,86.268049664,0.0414557110393902,0.0427221220149615,0.0692443475787294,0.00215819227286026,0.0024923234498083,0.00148540649577571,0.000166051298170993,435,0
1,86.368288512,accepted,32.5083069413982,-2.67380474350202,0.862942062271899,2.56618928624306,-1.97171128888521,-0.253967597906385,0.759336301417047,-0.0764750984593006,0.939711239867772,-2.62121988497993,-8.64000000238016,-0.02,0.15,0.57,2.24972940582069,3.45617593497679,-3.46588122230496,-11.1602064982528,1.91796023672509,0.406214290037314,-0.186940114355728,2.32665590568103,86.368288512,0.0412868562112568,0.0425738399824919,0.0691940301939748,0.0020845605951941,0.00235955906279386,0.00143481970388427,0.000166289380767563,436,0
1,86.468475392,accepted,29.7724147518604,-2.70690706623331,0.814953011010377,2.53909978249522,-1.91447801308995,-0.160947805237558,0.710544950504081,-0.0764358637547007,0.948027266790091,-2.61011301876761,-8.64200387900111,0.15,0.24,0.47,2.24972940582069,3.50214582112885,-3.40394884792759,-11.1372870949695,2.03216519157921,0.404209662710454,-0.238197787589004,2.32645960258507,86.468475392,0.0411230571639197,0.0424289212890006,0.0691471693484241,0.00205696310788687,0.00231130623773006,0.00141901084341347,0.000166476982854893,437,0
1,86.56862848,accepted,39.2054666448357,-2.76257500382322,0.763715125793123,2.51212145228445,-2.22884589238941,-0.230666282305436,0.635797461033939,-0.0707222224931461,0.956343293844368,-2.5990061536797,-8.64400707973517,0.02,0.17,0.49,2.25496539357667,3.5438851533238,-3.34624894775106,-11.1199974353536,2.21019651061838,0.402771355239557,-0.145217706602234,2.32624927060981,86.56862848,0.0409345025876526,0.0422460126279479,0.0690608510575728,0.00205709872809724,0.00230161511864146,0.00140189081145486,0.000166656720339732,438,0
1,86.66886784,accepted,34.0829168790587,-2.82113235330286,0.687316650387069,2.49834367995289,-2.1581422284612,-0.0498809375905898,0.513081944214024,-0.0648358230150801,0.948027268039491,-2.62121988375442,-8.64601200602893,0.1,0.33,0.19,2.26020138133266,3.60297190302928,-3.28699598721406,-11.1118522671956,2.22231226147198,0.383609669424378,-0.322825091102039,2.3253907077127,86.66886784,0.0407762821990087,0.0420924906208553,0.0690056606416037,0.00200288272697095,0.00223982118126289,0.00141305067188487,0.000166917354042049,439,0
1,86.767062272,accepted,38.0492903552864,-2.8761131942342,0.650090845675327,2.49890630330759,-2.26284995643807,-0.2039362480653,0.457376643560323,-0.0619625786372557,0.948027265027462,-2.59900615499309,-8.64797603092512,0,0.2,0.08,2.26369203983665,3.64854057471248,-3.23586414357012,-11.1178558527032,2.22464078226475,0.40540546609775,-0.378188805749139,2.32615764939547,86.767062272,0.0405751555088812,0.0418885375754471,0.0689088666003228,0.00197997339201,0.00220858592785128,0.00140910703698748,0.000167153728321349,440,0
1,86.969499392,accepted,53.2675821632426,-3.15832635198994,0.548951124220264,2.546852092704,-2.2555013906141,-0.155774110191874,0.339432384403409,-0.0590155125637093,0.948027265027462,-2.59900615499309,-8.65202505423017,0.06,0.22,-0.08,2.26718269834063,3.86946257740545,-3.13852496476689,-11.1803608510269,2.26223765382535,0.376503453549351,-0.423599241654497,2.32711489913803,86.969499392,0.0416404852318385,0.0430581958683158,0.0701486431578317,0.00198558751769331,0.00222443239162494,0.00144338833196388,0.000168737224464473,441,0
1,87.069664512,accepted,73.7438392397415,-3.15757881217984,0.50146627272337,2.5738220930225,-2.35879276593076,-0.367925614086177,0.526759735852172,-0.059560325271625,0.939711236855743,-2.5990061562186,-8.65402849562091,-0.09,0.06,0.03,2.26718269834063,3.81930661824106,-3.1132779415646,-11.1984965149442,2.20512771733271,0.423025732041235,-0.500459244520836,2.3283618780145,87.069664512,0.0411342281264056,0.042491244859972,0.0697358226405886,0.00194265124545107,0.00216345862192584,0.00140810941560337,0.000168922758281317,442,0
1,87.167843584,accepted,44.8584494027829,-3.11580075361247,0.45425870392171,2.58743391989878,-2.26879344082234,-0.411925982466618,0.386754523094888,-0.0631738722142319,0.923079180679666,-2.62121988692308,-8.65599221329579,0,-0.05,-0.09,2.26543736908864,3.83835447598938,-3.08001164420968,-11.216850232237,2.22560765800867,0.359068180171383,-0.478941935854686,2.32906362828428,87.167843584,0.0408420616983347,0.0421795584288793,0.069560281804993,0.00191508616723726,0.00214681968952491,0.00142177161782388,0.000169127043011201,443,0
1,87.26804864,accepted,64.4134280595654,-3.14143724605573,0.415530165485588,2.61682153748276,-2.17459830418137,-0.231010028423614,0.570860505779137,-0.0639752946197523,0.92307918204642,-2.63232674940846,-8.65799645346196,0.08,0.06,-0.05,2.26543736908864,3.80792243353335,-3.0508757512868,-11.2349317858223,2.1976582873415,0.289154413627697,-0.621988056325442,2.33022649309387,87.26804864,0.0403697025889948,0.0416539858440073,0.0691635233685775,0.0018509191272802,0.00207888937763981,0.00142878701233479,0.0001693519249271,444,0
1,87.368218624,accepted,62.6932989012353,-3.10684121307611,0.374401475795921,2.63631431859319,-2.14209024185903,-0.389768070276579,0.468519626614655,-0.0677731643263999,0.923079183171164,-2.64343361508379,-8.65999999213946,0.08,0.01,-0.1,2.26369203983665,3.77876546415542,-3.03532883636664,-11.2636028427265,2.16584638366929,0.394027678722035,-0.571108355521564,2.33262184589509,87.368218624,0.0399165337294939,0.0411499384561699,0.068786913340916,0.00184055988809502,0.00205217857981641,0.00137252782158549,0.00016948024764858,445,0
1,87.47042816,accepted,69.7314027492348,-3.07547931549293,0.342891393643337,2.6611358289624,-2.28213183958836,-0.531637799268957,0.584753845653698,-0.070800965556181,0.931395215297691,-2.65454047711034,-8.6569399019182,0.01,-0.15,0.05,2.26369203983665,3.75610513648324,-3.02411031569088,-11.2782538003642,2.23627583464046,0.373577774068615,-0.536257017241499,2.33544646166392,87.47042816,0.0395290012603705,0.0407224424205108,0.0684686366837082,0.00181561623934838,0.00203443896359449,0.0013677306727022,0.00016967419418852,446,0
1,87.570667264,accepted,62.397298127355,-3.06068171869664,0.300982677425902,2.68475532084783,-2.06635950242945,-0.322701260155781,0.744769044963942,-0.0732394494524495,0.92307918918792,-2.68786107148823,-8.65393878596254,0.19,0.01,-0.05,2.26194671058465,3.74881047234322,-3.00225709834389,-11.2787760832344,2.20565786572449,0.328595202944068,-0.792063724784824,2.3359161090106,87.570667264,0.0391161146447754,0.0402667188265055,0.0681057055666692,0.0017537192386717,0.00195850467901093,0.00137850031924791,0.000169893505464629,447,0
1,87.6708864,accepted,47.5222409229076,-3.03371457024557,0.254280333237398,2.68842679698616,-2.1709198787023,-0.58951863816613,0.437744012904887,-0.0669368895525126,0.931395222813159,-2.71007479781928,-8.65093826784027,-0.01,-0.16,-0.05,2.2776546738526,3.77028878519526,-2.98556391825966,-11.3059359927544,2.11917416492073,0.422857380728151,-0.489094130538345,2.34514692684177,87.6708864,0.0388654031526599,0.0399989343826442,0.0679490061764956,0.00178894261982893,0.00199205264745111,0.00134658837035263,0.000170194042130885,448,0
1,87.767110144,accepted,57.4923170341322,-3.05326185109517,0.246869261146392,2.71734173840385,-2.17596860761484,0.0328547891826144,0.328325473585611,-0.071175757012635,0.923079190686632,-2.69896793440333,-8.64805737004781,-0.05,0.33,-0.07,2.26892802759263,3.74445909247539,-2.93247615012956,-11.3414406834528,2.07397500653344,0.300180329587591,-0.401443261024509,2.34078762631995,87.767110144,0.0384514981460493,0.039547893135425,0.0675834460415892,0.00175919290687232,0.00198026088910554,0.00138055691762039,0.000170308929858795,449,0
1,87.969463808,accepted,46.0889876194567,-3.22442561131993,0.126434046651396,2.79060169065273,-1.90080765704871,-0.565811940746478,0.31850413026255,-0.0695499292271249,0.931395225825189,-2.73228852658061,-8.64199898778496,0.04,-0.07,-0.08,2.25845605208066,3.94375247764208,-2.88947383210698,-11.4029595774127,1.89525540806599,0.486842128788388,-0.40109082638229,2.32891515774654,87.969463808,0.0394182082336033,0.0405906307391015,0.0687735398265534,0.00180613053339329,0.00199616536549124,0.00132012755429535,0.000171800005060202,450,0
1,88.067678464,accepted,57.7627286935656,-3.19696078393243,0.110820791786579,2.80286789650542,-2.05571621894329,-0.404445399771024,0.220383958319075,-0.0737952022061932,0.939711254128865,-2.73228852578481,-8.63905848293766,-0.02,0.05,-0.16,2.26020138133266,3.89300140559776,-2.86813689763689,-11.4242762739518,1.98132986575032,0.447191242833135,-0.385635874320324,2.3350790773483,88.067678464,0.0389599950463607,0.0400899536814324,0.0683762882065329,0.00177220504240271,0.00196872314101923,0.00130873797519988,0.000171942062083247,451,0
1,88.167868672,accepted,50.8831688740143,-3.14194423343095,0.0861436904815354,2.82641939728096,-2.06162632510866,-0.575214765010378,0.213471024580794,-0.0750095048841506,0.948027282945772,-2.73228852447142,-8.63605883090734,-0.09,-0.09,-0.12,2.26194671058465,3.87526625355941,-2.84939995187839,-11.4409765032563,1.92474007137266,0.476268338351111,-0.337481052151417,2.33780058856328,88.167868672,0.0386266462427608,0.0397299800676312,0.068115429015592,0.00176333050676118,0.00195178120104785,0.00127809511477196,0.000172155799410066,452,0
1,88.266036224,accepted,50.7095473318553,-3.10601087401667,0.0389281277923721,2.84441806317818,-1.7924390733753,-0.649630345586597,0.410609306092539,-0.0798967874110517,0.95634331627342,-2.76560911552915,-8.63311973633368,0.13,-0.16,-0.09,2.25671072282867,3.84687927402432,-2.84952042161694,-11.4377100525377,1.87601572584202,0.477372383435195,-0.501809787337547,2.3375160253755,88.266036224,0.0382040838383105,0.039268971401492,0.0677402134168712,0.00171793958282577,0.00189078570452806,0.00125081079012077,0.000172251818877944,453,0
1,88.370237952,accepted,50.9314922993026,-3.07369737657497,0.0266790423642114,2.8507465078472,-1.92403916839397,-0.365207911139453,0.0365828204749249,-0.0923399440955133,0.964659346207767,-2.77671597877286,-8.62999986119208,-0.05,0.05,-0.28,2.25147473507268,3.81331022092121,-2.82719611276751,-11.4723992460081,1.82374996296144,0.408220608662041,-0.323004167665746,2.34465392066116,88.370237952,0.0378644846631611,0.038899222582298,0.0674491857737144,0.00170807416509332,0.00189460645724692,0.00125446301653714,0.000172405317584693,454,0
1,88.468424448,accepted,56.4126372628137,-3.02915219719959,0.0192646717382647,2.8997055257743,-2.00099181664852,-0.456181532780623,0.362464722144611,-0.0936353312681808,0.964659344445138,-2.76560911430364,-8.60840071206202,-0.13,-0.02,0,2.24972940582069,3.77011374898324,-2.81402668915119,-11.4750149551224,1.82172023786176,0.42825453944825,-0.364604860531053,2.34424584354227,88.468424448,0.0374685294360806,0.0384694095249179,0.0670890805438598,0.0016833143851183,0.00186209607570865,0.00122872782220191,0.000172591091135019,455,0
1,88.56858624,accepted,39.7035076617383,-2.96510298508039,0.0169211316520355,2.92573246353334,-1.62563720888723,-0.30863707724103,0.28549079169535,-0.0996639997196382,0.989607429529104,-2.75450224787807,-8.58636703563322,0.24,0.12,-0.09,2.24449341806471,3.75995634050446,-2.79020829385276,-11.4771944506487,1.82383130125405,0.423515775485682,-0.376401241672427,2.34471557110859,88.56858624,0.037110828148889,0.0380814627350874,0.0667641948203112,0.00166054376304203,0.00183717809285849,0.0012132518373175,0.000172754246824344,456,0
1,88.668810496,accepted,57.3696344108712,-2.93033635900666,-0.0179782061548606,2.95051306048071,-1.99604911170556,-0.548373176728472,0.405876178861301,-0.105397260728343,1.01455551696531,-2.76560910737058,-8.56431961832043,-0.13,-0.12,0.03,2.23925743030872,3.72929411572291,-2.78336447743788,-11.4767660799923,1.81875591583054,0.418785242940471,-0.377225741210431,2.34533912190274,88.668810496,0.03676651943851,0.0377086541570914,0.0664485219477142,0.00164094220272424,0.0018156143803183,0.00119671849030966,0.000172911066908242,457,0
1,88.767021568,accepted,48.9963357291158,-2.88689481519037,-0.0459246335801811,2.9711028519309,-1.84748658829891,-0.424642030789157,0.308837028984768,-0.111233856504053,1.02287154827371,-2.78782283421789,-8.54271506294092,0.01,0,-0.07,2.23402144255274,3.70690735123843,-2.76980851482466,-11.4796017335752,1.81317763895044,0.417227364410025,-0.380344444217227,2.34583359588045,88.767021568,0.036413403798838,0.037327147136233,0.0661151137610187,0.00162156749871525,0.00179398742513068,0.00117977256967983,0.000173036621946234,458,0
1,88.969520896,accepted,55.8540398769955,-3.02633137265872,-0.137107942605629,3.05911022629983,-1.93547791602059,-0.580210390242038,0.395516834573999,-0.305624519430386,1.05613567025156,-2.8211434226259,-8.49816908806257,-0.04,-0.15,0.01,2.04028989558137,3.87190504734135,-2.72325330498504,-11.5172428687572,1.85082292396233,0.419546956125027,-0.386393784379868,2.34528248985481,88.969520896,0.037277836678712,0.0382513130020816,0.0671469645737475,0.00164725450669053,0.00182555191131907,0.00117602429676415,0.000174417605535035,459,0
1,89.069738752,accepted,54.898073449328,-2.98659524636274,-0.16245157610684,3.0798725493312,-1.88989229858321,-0.425815928663946,0.417608019360364,-0.303136757553136,1.07276773101476,-2.84335714764842,-8.47612307862724,0,0,0.03,2.04203522483337,3.84822670879002,-2.71157147108957,-11.5131663960327,1.84487054871006,0.417734133702471,-0.387702450696856,2.34467517759241,89.069738752,0.0369088718693135,0.0378510721121651,0.0668150343996725,0.00162772340476102,0.00180393526448985,0.00115905121634576,0.000174529710583446,460,0
1,89.169932288,accepted,52.3652392320705,-2.9539677361213,-0.207294728086926,3.09800326658794,-1.8247376350084,-0.454969213379829,0.409876332005973,-0.30086148489491,1.08108376498759,-2.87667773931296,-8.45408241912624,0.06,-0.03,0.02,2.04378055408536,3.83120973479776,-2.70317145556402,-11.5081965921444,1.84150311384639,0.416130454409982,-0.389734072377008,2.34407353929228,89.169932288,0.0365530979238568,0.0374659324393587,0.0664913247245596,0.00160923269151591,0.00178351140099313,0.00114216683830015,0.000174630687177088,461,0
1,89.26813312,accepted,57.6507242501478,-2.92448075930106,-0.236923382996821,3.11420595393613,-1.95891125094016,-0.432582644856549,0.41335698211435,-0.301946088854574,1.08939979706584,-2.89889146538388,-8.43248011635067,-0.08,-0.01,0.02,2.04203522483337,3.80445422176647,-2.69459176574096,-11.504233980817,1.83392472360994,0.414216658608331,-0.393506760336983,2.34352606762233,89.26813312,0.0361877646617119,0.0370715011950727,0.0661507352497685,0.00159065017088703,0.00176284025858538,0.00112552578391361,0.00017469760305116,462,0
1,89.37032448,accepted,54.7516980078592,-2.90447778052521,-0.291365772932623,3.13447526924697,-1.88388662409462,-0.420248434289178,0.45391610277956,-0.299730729121883,1.08939980372778,-2.94331892308984,-8.40999998333881,-0.01,0,0.06,2.04378055408536,3.79190003019115,-2.68492099512518,-11.4974949691009,1.83087223698997,0.412005652780896,-0.393115999359305,2.3430090991404,89.37032448,0.0358795200055857,0.0367388311642637,0.0658679553654566,0.0015748249116534,0.00174578239421342,0.00110984697942958,0.00017480153290779,463,0
1,89.470515968,accepted,57.5031575635747,-2.8795341869811,-0.311108415701886,3.14101748718621,-1.96911818429665,-0.398609976955038,0.395196500982677,-0.299120226368668,1.09771583443198,-2.95442578625186,-8.39597217668788,-0.1,0.02,0,2.04378055408536,3.7721560595741,-2.67530205290348,-11.4951481775808,1.82491372212639,0.410681789670098,-0.395268317410091,2.34249029093845,89.470515968,0.035559401498786,0.0363941859630434,0.0655670424840855,0.00155891670632611,0.00172832580991386,0.00109406630110479,0.000174870119019294,464,0
1,89.570715392,accepted,46.2954315705035,-2.85091383859085,-0.320621139441934,3.15294083153992,-1.78332788099831,-0.23739876264024,0.497410062241037,-0.298728681991673,1.10603186531641,-2.95442578510451,-8.38194325891785,0.08,0.18,0.1,2.04378055408536,3.77637766858473,-2.65367169785127,-11.4834880837876,1.82572540822141,0.412923833440823,-0.394947102162774,2.34198647889765,89.570715392,0.0352823092248312,0.0360981528231403,0.0653141564326122,0.00154640681528579,0.00171491965984428,0.00107992864368661,0.000174938303347872,465,0
1,89.670929664,accepted,53.2073075886508,-2.83851901938046,-0.364649181342198,3.15519354454957,-1.86294690086231,-0.449207121883964,0.36571571914349,-0.298162599026702,1.12266392466457,-2.97663951029661,-8.36791226227989,0,-0.03,-0.03,2.04378055408536,3.76710370438326,-2.64848672500333,-11.4811581988164,1.82140031220388,0.410091618515275,-0.395666305659445,2.34139894528523,89.670929664,0.0349835734114836,0.0357773739284871,0.0650258952672074,0.00153201334027577,0.00169918148048428,0.00106486038272724,0.000174982651401678,466,0
1,89.769128448,accepted,45.3507278663281,-2.80850640462174,-0.357593699853947,3.16592942368326,-1.68881834918859,-0.295778785150317,0.38747256086903,-0.299246757301878,1.1392959822147,-2.96553264319574,-8.3541634540447,0.17,0.12,-0.01,2.04203522483337,3.76710941585566,-2.63395796446984,-11.4737557021972,1.82072271257525,0.409606910879298,-0.396052047409608,2.3407420818143,89.769128448,0.0346749013593157,0.0354466075068613,0.0647200638588243,0.00151744215049401,0.00168340965507471,0.00105008774461847,0.000174989429953118,467,0
1,89.971481344,accepted,54.3900150022789,-2.98709797500416,-0.471246289391397,3.22880239573177,-1.88520623959695,-0.381548526658094,0.361961164770152,-0.298341456152361,1.15592804955616,-3.02106696214484,-8.32583203231408,0.01,0.04,-0.04,2.04203522483337,3.93983718811624,-2.58571540292627,-11.512368391339,1.85204225784146,0.413155388585023,-0.401750395379238,2.33995826915268,89.971481344,0.0354756219489139,0.0362938666360258,0.0656524700608033,0.00154286355136775,0.00171456961036954,0.00104445390439559,0.000176219333320835,468,0
1,90.069712896,accepted,51.0102484046213,-2.95092939363007,-0.476210585061273,3.23983506893047,-1.78686846693121,-0.418806320237961,0.402943690014674,-0.29791417955632,1.17256010718998,-3.02106695951804,-8.31207863623239,0.1,0,0,2.04203522483337,3.92975589750951,-2.5827851519167,-11.5050519326475,1.84614929314434,0.40982611685947,-0.401886710431415,2.33939927934668,90.069712896,0.0351337243540617,0.0359266359657877,0.0653255360782727,0.00152715237215867,0.00169687882010854,0.00102968830228534,0.000176177255341135,469,0
1,90.169871872,accepted,44.1573698179198,-2.92728760011628,-0.490685787484397,3.24735496364988,-1.8127894003086,-0.234599960294235,0.493749539975996,-0.297235471186034,1.18919216709965,-3.03217381945347,-8.2980553815854,0.07,0.18,0.09,2.04203522483337,3.94424087978532,-2.56501936938476,-11.4939108778013,1.84769291410427,0.409675377299747,-0.401021594483389,2.33872527306948,90.169871872,0.0348885723899751,0.0356669839791672,0.0651086034477662,0.00151787248689552,0.0016872615151053,0.0010182728049489,0.000176186609948517,470,0
1,90.268047872,accepted,64.9008385638352,-2.93815500013279,-0.51873269383974,3.24904687896423,-2.06251458002054,-0.494939618627454,0.552168206300984,-0.296649883732611,1.18919216898694,-3.04328068392888,-8.28430976333724,-0.18,-0.08,0.15,2.04203522483337,3.92124955906472,-2.56700131469849,-11.4804568831667,1.83839234667005,0.405094533642293,-0.400366551131126,2.33829211426468,90.268047872,0.0345675123012037,0.0353229720973881,0.0647933406471383,0.00150334951860829,0.00167092973442679,0.00100428501254372,0.000176119159801116,471,0
1,90.370252544,accepted,47.1058176280388,-2.91347431230481,-0.562380041046129,3.25151401833639,-1.75454342014185,-0.310694810850747,0.403353726595207,-0.298185270924966,1.19750820497902,-3.08770813980385,-8.27000009086647,0.12,0.1,0,2.04028989558137,3.92979893470051,-2.55726299420915,-11.4738690972148,1.83674563794872,0.403688063608944,-0.401603178488068,2.33798870108112,90.370252544,0.0343152254718146,0.0350535034735307,0.0645517831645996,0.00149229352251191,0.00165856253429755,0.000991513935158017,0.000176098510051786,472,0
