segment,t,status,nis,innovation_px,innovation_py,innovation_pz,innovation_vx,innovation_vy,innovation_vz,innovation_yaw,gps_px,gps_py,gps_pz,gps_vx,gps_vy,gps_vz,gps_yaw,post_px,post_py,post_pz,post_vx,post_vy,post_vz,post_yaw,covariance_t,pvarx,pvary,pvarz,vvarx,vvary,vvarz,yawvar,accepted_count,rejected_count
0,2.157501184,accepted,0.305946907912224,0.00860462902968401,0.00493916039950626,-0.0128610885511894,0.139799793042313,0.210528197549507,0.103442433923805,-8.09203839002848e-06,0.108108337001664,-0.277671604909479,-0.433965834805925,0.22,0.05,0.07,2.45916891606001,0.106932167618418,-0.275434148372721,-0.425231177057607,0.153593617382422,-0.0500187203297536,0.0194196674105732,2.45416776957046,2.157501184,0.681072178069422,0.681072178072607,2.00012764192595,0.0610251614645292,0.0610250861265979,0.0593888929671909,0.020585479352794,1,0
0,2.257688832,accepted,0.355681659509707,-0.00703390117251154,-0.00993746362830117,-0.0265114427095171,-0.326211127796256,-0.061931675627978,0.0247083195072268,0.00495643056695805,0.116424362822871,-0.28877846839694,-0.449999918059255,-0.15,-0.08,0.04,2.45916891606001,0.111969665908587,-0.283897896049771,-0.431750859779784,0.0411766253791699,-0.0437442033543993,0.0221924587303671,2.45571218359715,2.257688832,0.454138605560126,0.454138604328061,1.33375074458623,0.0757365573377951,0.0757307877178718,0.0446469873112805,0.0122597392652868,2,0
0,2.359859456,accepted,0.0146838235170177,0.00185846699501338,-0.0126789067900097,-0.0357244146125307,-0.0297554385899674,0.0511923119134518,0.00023527001026737,0.00346481559610945,0.116424362921155,-0.299885333023352,-0.465330501052506,-0.02,0.03,0.02,2.45916891606001,0.113282039180651,-0.287376262440733,-0.438548188581427,-0.00927199845242023,0.0115566124367524,0.0192531364298486,2.4566999780343,2.359859456,0.340709065365539,0.340709040934801,1.00066130217935,0.0576475490017688,0.057649063065758,0.0299231497140082,0.0087400049639581,3,0
0,2.458032896,accepted,0.0102729002423799,0.00579839522301029,-0.0263445502709355,-0.0431826713917019,-0.00520757173379578,-0.0437162297824912,0.0152696040249112,0.00251762043989778,0.116424363151397,-0.310992197384771,-0.480061306331919,-0.05,0,0.03,2.45916891606001,0.111538937118223,-0.292118396323835,-0.444975759410761,-0.0469913840945865,0.0241089324281901,0.0177019628375554,2.45710436151399,2.458032896,0.272943838862019,0.27294379289517,0.800952354801514,0.0597001179156082,0.0597041603748905,0.0247314637087517,0.00680639486916711,4,0
0,2.556184064,accepted,0.253199347595662,0.0113119760503745,-0.0225791329965301,-0.0514474195154309,0.133994664778458,-0.0210769925670869,-0.147535523479212,0.00201803468642536,0.116424363151397,-0.310992197384771,-0.494788769724813,0.05,0.03,-0.13,2.45916891606001,0.115622665954491,-0.293493005373514,-0.458598598265306,-0.0201782828830754,0.0419642759411839,-0.00915840589423739,2.45826028645959,2.556184064,0.227791600167716,0.227791547800635,0.667876757870625,0.0526836511904446,0.0526903654127033,0.0204760451556197,0.00558434373832688,5,0
0,2.658346496,accepted,0.00546347855967081,0.0116414330605874,-0.0220762775048043,-0.0499046025208347,0.0240701261333096,0.00843252699140763,-0.00975546208670802,0.00262105540962576,0.124740388874321,-0.310992196940522,-0.510118118402659,-0.01,0.06,-0.03,2.460914245312,0.116546036552282,-0.291483891401746,-0.467864837106486,-0.0228921532426033,0.0554280328652995,-0.0219662181542513,2.4587464829159,2.658346496,0.195610874258477,0.195610834682988,0.572907621780286,0.045465696195007,0.0454684354256278,0.017325675021832,0.00475817061876908,6,0
0,2.758519552,accepted,0.251506382080934,0.0193838818172911,-0.0260724714309671,-0.0547703821214945,0.122945670112641,-0.149391179496801,-0.0378507018319588,0.00384621119384398,0.133056416408153,-0.31099219692112,-0.525148963631061,0.08,-0.08,-0.07,2.462659574564,0.125730025658172,-0.299901390521767,-0.479219590770051,0.0101124415719874,0.00484863548106505,-0.0370694622597382,2.45953322680152,2.758519552,0.171515722780608,0.17151568104685,0.501706616501514,0.0389276559295109,0.0389296768543395,0.0149827251379492,0.00416093960146966,7,0
0,2.874699264,accepted,0.116900199229929,0.00585657149644192,-0.0231752600643568,-0.0585023611566554,-0.135212485929255,-0.0237935397557258,0.0371320368670656,0.0047638534112715,0.133056417019666,-0.322099061724637,-0.542581588125934,-0.12,-0.01,-0.01,2.46440490381599,0.118508859054615,-0.303217008257321,-0.489015511875926,-0.0294143185708815,0.0056303084840002,-0.0432439087339066,2.46012694344634,2.874699264,0.15319404099338,0.153194008719705,0.446599614327948,0.0398746988848561,0.0398731211424045,0.0139905235226439,0.00373014473390967,8,0
0,2.95684864,accepted,0.298319947438682,0.0255800452040096,-0.019863406282824,-0.0620143568744712,0.237051201013947,0.0206720077618377,-0.00142413363218873,0.00444199996676309,0.141372440807025,-0.32209906154405,-0.55490800208964,0.2,0.04,-0.05,2.46440490381599,0.132942764838034,-0.303007659790537,-0.499123497757015,0.0282696180148905,0.0249022031088596,-0.0483155314695739,2.46048216364196,2.95684864,0.138240451971711,0.13824041932364,0.402306730596959,0.0380377963583621,0.0380357118440442,0.0132606390569458,0.00337786948060961,9,0
0,3.057036544,accepted,0.0366496150381076,0.0140578935882455,-0.0109340353410137,-0.0655812874410672,-0.0634021867275815,0.0242757233426115,-0.0142688199284338,0.0057696724292926,0.149688466307009,-0.310992196467196,-0.569941075242383,-0.04,0.06,-0.07,2.46615023306799,0.131242958292647,-0.298892217063351,-0.511261302300889,0.000264373502940302,0.0445864354594661,-0.0580343001237827,2.46098754260849,3.057036544,0.126063333386539,0.126063303004351,0.366177163295153,0.03291065675438,0.0329085270381145,0.0122411234452208,0.00311616569884785,10,0
0,3.1592064,accepted,0.583318190799804,0.0177619114184877,-0.039911979526033,-0.0674504897732709,-0.0703805937152516,-0.3235806860179,0.123032844002608,0.00682685441673625,0.149688466752889,-0.333205923648299,-0.585271537882399,-0.06,-0.26,0.06,2.46789556231998,0.129678606000156,-0.314249009723675,-0.519368710264845,-0.0036207740884721,-0.00238811032258514,-0.0538497486739245,2.46159119424005,3.1592064,0.116395072528907,0.116395008281892,0.336295038640498,0.0353347533856373,0.035331349714306,0.012289340614898,0.00291234917099671,11,0
0,3.257363968,accepted,0.309084877763372,0.0290129742516439,-0.0191760725918862,-0.0749839901618996,0.119579848168332,0.232750280093579,-0.0488123086044094,0.00635924456539705,0.158004494799951,-0.3332059231113,-0.599999961587514,0.11,0.24,-0.11,2.46789556231998,0.138133997524841,-0.302301929411004,-0.532520402539794,0.0143572278997564,0.0534295736712799,-0.0649377508765226,2.46216219141199,3.257363968,0.108331314228105,0.108331201570511,0.311066306906203,0.0370651991990284,0.0370614635757184,0.0124426898074721,0.00274845476071286,12,0
0,3.357549824,accepted,0.341460941022228,0.0188338588432952,-0.0374610249066838,-0.0741502827616817,-0.0587710350423411,-0.205106457955025,0.155864460929139,0.00738715938429069,0.158004494799951,-0.3332059231113,-0.613001255774805,-0.05,-0.13,0.09,2.46964089157198,0.136656462993012,-0.31248150450696,-0.538255305095211,-0.00384049057262227,0.0293506095009889,-0.0540812746547012,2.46283091718618,3.357549824,0.101507146543646,0.101506985970389,0.28952872078269,0.0376570550401141,0.0376520868711967,0.0126047435039778,0.00262072701251583,13,0
0,3.457719552,accepted,0.138256453766286,0.0302821096961949,-0.0350174360138483,-0.0821414154826472,0.151643563135394,-0.00284884772491547,0.0472350650036569,0.00674228182650838,0.166320520885075,-0.344312788847586,-0.626000451813155,0.14,0.03,-0.01,2.46964089157198,0.150732919224241,-0.312052537210437,-0.547143185456543,0.0271101586563481,0.0317089479316725,-0.0530286432373318,2.4634296620826,3.457719552,0.0955046549249768,0.0955044720485757,0.270888394355349,0.0362169819128036,0.0362128028339366,0.0126208289250647,0.00252013705857714,14,0
0,3.557946624,accepted,0.235289824010166,0.0130900527324216,-0.035097314290143,-0.0860694530592404,-0.130064249986756,-0.0132231490067899,0.104132495482212,0.0078806807828995,0.166320520885075,-0.344312788847586,-0.639007089479961,-0.11,0.01,0.04,2.47138622082397,0.138991243080001,-0.313149102282734,-0.55070751298706,-0.0238471056703374,0.0182229394602665,-0.0504987672199226,2.46409169562418,3.557946624,0.0897984263708394,0.0897982925863437,0.25444771473487,0.0305601413113962,0.0305574474618199,0.0120466403326429,0.0024417686946962,15,0
0,3.658117888,accepted,0.0733738216954843,0.0303389468462145,-0.0441759418433836,-0.0956852344511686,0.0464382600137102,-0.0696460541504313,0.0509051060885498,0.00721614449234664,0.166320520851401,-0.355419652349585,-0.652006484847654,0.01,-0.05,-0.01,2.47138622082397,0.142238615243998,-0.320547267730818,-0.558846029049106,-0.0239514509450212,0.000956768444022791,-0.0553990739146391,2.46475098141446,3.658117888,0.0850659716500392,0.0850658529976409,0.240063891728228,0.0287559508511841,0.0287541823724647,0.0118692453807316,0.00238092287632903,16,0
0,3.758253312,accepted,0.215626783280232,0.0350016600771218,-0.0462718775442327,-0.100742933270114,0.135986442324441,-0.088105803415591,-0.0173071821227148,0.00888295520368843,0.174636547449755,-0.366526516178868,-0.665001229197557,0.1,-0.09,-0.07,2.47313155007596,0.156027051317095,-0.332304560237657,-0.571216301504094,0.00375950345821879,-0.0278106967200094,-0.0547723704806381,2.46499921945354,3.758253312,0.0807200456606122,0.0807199495419713,0.227224442553332,0.0261536647731255,0.026152708522358,0.0114647547031913,0.00233443132278067,17,0
0,3.872408832,accepted,0.116094235887853,0.0272985260374782,-0.0415287749299451,-0.101797014168009,-0.0619218796607982,0.035812498412603,0.0932069123382971,0.00883225843856383,0.182952573395619,-0.377633380367225,-0.679815385260163,-0.06,0,0.02,2.47313155007596,0.15165163729559,-0.335278805493874,-0.577360054978158,-0.0129479733985756,-0.0273926244669048,-0.0634431348896598,2.46494205207943,3.872408832,0.0772770772368719,0.0772769850734177,0.216032433504239,0.0262023879156557,0.0262013376105751,0.0115041843960583,0.00231908902852747,18,0
0,3.95658112,accepted,0.0731282844010988,0.0241201519933855,-0.0405494755596404,-0.106453796367052,-0.0502583560099591,0.0179181809498344,0.0653520871965246,0.0103723576109243,0.174636547540736,-0.377633380381763,-0.690738566290548,-0.07,0,-0.03,2.47487687932796,0.146982696295808,-0.337587807367524,-0.584770440029448,-0.0327595240957608,-0.0135130111510123,-0.0876095505843525,2.46526641378453,3.95658112,0.0735557933896395,0.0735557235999088,0.205524676267166,0.0237311915071543,0.0237311191842284,0.0110098951490269,0.00226983161348809,19,0
0,4.05874944,accepted,0.101771988152592,0.0351921479782272,-0.0498117329189779,-0.108250567606988,0.0314578380614052,-0.037676482653289,0.118363049777551,0.0104674515903822,0.174636548027593,-0.388740245179087,-0.703997123013288,-0.07,-0.06,0,2.47662220857995,0.143184472954763,-0.34379315138027,-0.595701189117903,-0.0959378216095095,-0.0287753933232053,-0.110158801246165,2.46696984851144,4.05874944,0.0709189348796721,0.0709188660824556,0.196522757904924,0.0258544181375653,0.0258625619578643,0.0113780810803801,0.00225481107221731,20,0
0,4.15694336,accepted,0.760350607686747,0.0511418556164323,-0.0313438152090694,-0.109133353996115,0.337027504391198,0.102283871424656,0.0348032378539903,0.0116965432390721,0.182952573395619,-0.377633380367225,-0.716739915085711,0.22,0.09,-0.09,2.47836753783195,0.159119090449966,-0.340424319538209,-0.610711715963421,-0.0489241377594048,0.00795169582859654,-0.121201478595054,2.46738352665445,4.15694336,0.0683972353074789,0.0683971920340366,0.188273692530348,0.026739008549572,0.0267482301741769,0.0114986393852336,0.00223961304811862,21,0
0,4.259123968,accepted,0.0190820998608243,0.0408617933235828,-0.0459410850920274,-0.10909668492043,-0.0315310208331612,0.0113101953870069,0.00391723869374089,0.0116675776585238,0.199584625460282,-0.388740244705761,-0.730000035851084,-0.01,-0.04,-0.07,2.48011286708394,0.157522157473514,-0.343920426455722,-0.625516381218564,0.0129073636740894,-0.0484043922489232,-0.0736395706530949,2.46927617501469,4.259123968,0.0658643540609807,0.0658642978448239,0.180629803791163,0.0255176990469295,0.0255171350657034,0.0111670963337924,0.00223505655472534,22,0
0,4.365277952,accepted,0.148086197278455,0.0457519678042712,-0.05107602257567,-0.104049274050795,0.0372125201984405,-0.133335292015399,0.0227161332143448,0.0124590450324398,0.199584625939837,-0.399847107690162,-0.737433111491988,-0.01,-0.12,-0.06,2.48360352558793,0.159212758092971,-0.362616791043139,-0.636280839634716,-0.0380456578231793,-0.0186497730461661,-0.0804029531530809,2.47211890607835,4.365277952,0.0638055038460875,0.0638054690824223,0.17381835462186,0.0257955480886601,0.0257988968638484,0.011151263330647,0.00223979449997672,23,0
0,4.457422592,accepted,0.309464667533234,0.0557929679573538,-0.0247365461110061,-0.103249338143353,0.234176939866652,0.0537596127049266,-0.012571554038659,0.0126287868341453,0.207900651571779,-0.388740244432423,-0.743885229944972,0.06,0.1,-0.01,2.48534885483993,0.169123635453368,-0.361853502139915,-0.645563526221496,-0.132931380035339,0.055412127072898,0.00235188483892095,2.47335999287894,4.457422592,0.0619496628377114,0.0619496044745905,0.167562215045746,0.027826830967943,0.0278586516903788,0.0113705832556737,0.00222391424930224,24,0
0,4.557600256,accepted,0.70688883698862,0.0656916944109252,-0.0312013960458328,-0.10977057764325,0.299926620345723,0.0240243053259337,-0.123302662740505,0.0135964545806866,0.216216677294703,-0.388740243988175,-0.750899833881476,0.02,0.12,-0.1,2.48534885483993,0.178124277367008,-0.356950941496096,-0.653987516252489,-0.211005011038456,0.101660872140747,0.0139388924027055,2.47224157128287,4.557600256,0.0602264967806646,0.0602265351905142,0.161817430590158,0.0279269060103776,0.0280146092170369,0.0113947698156614,0.00222112872605651,25,0
0,4.65780608,accepted,1.73446463301782,0.0703910866527349,-0.0513108722583577,-0.102818224725398,0.347402226702839,-0.288633938110043,0.109784885117761,0.0138032322401846,0.216216677294703,-0.388740243988175,-0.757916409627249,0,-0.04,0.06,2.47836753783195,0.184916580893728,-0.36955208261756,-0.649237641458904,-0.247454853567949,0.165455634618946,-0.0297389962253345,2.46577431582788,4.65780608,0.0583977160708108,0.0583976367014006,0.156337172744585,0.0255171365482475,0.02559290818649,0.0110641573579886,0.00221503576431693,26,0
0,4.758011136,accepted,1.39795831717212,0.0750300770728178,-0.0450547416048573,-0.107563580732607,0.376149454470502,-0.165114201849586,-0.0268420703124938,0.0137083356309846,0.224532703240567,-0.399847106787126,-0.764932931596405,0.02,-0.09,-0.12,2.47836753783195,0.189589970213494,-0.372909784409936,-0.663812454227553,-0.256679219040954,0.0309193622808513,-0.0911336963765234,2.46607150809098,4.758011136,0.0567331154910119,0.0567334175334233,0.151269837904061,0.0237923981683248,0.0239239211307395,0.0107046814141738,0.00221163990665262,27,0
0,4.876175872,accepted,0.445740372794859,0.0671082545898625,-0.0284210557527564,-0.0957173255538389,0.280092265676117,0.0145580051794465,0.12691209858174,0.0151949066252794,0.224532703240567,-0.399847106787126,-0.773207019743445,0.02,0.02,0,2.48534885483993,0.175527942974203,-0.371870065548677,-0.674928416148077,-0.218552874070947,0.00699332487162147,-0.117909921776512,2.47110799169827,4.876175872,0.0560296002399235,0.0560301690597233,0.147275188658935,0.0272146008576748,0.0273091717214797,0.0111979630330515,0.00223989054309466,28,0
0,4.9563136,accepted,0.265127251957853,0.0653354920548308,-0.0353290705082421,-0.0939188980425323,0.0626663931925779,-0.0866711601347668,0.196457503688332,0.0153576670719282,0.224532703727424,-0.410953971584449,-0.778818394573378,-0.12,-0.15,0.07,2.48709418409192,0.165684206290845,-0.382149427798143,-0.678455031903485,-0.171452608601387,-0.0771066077708704,-0.114185870668281,2.47299303821305,4.9563136,0.054722753234472,0.0547235909679216,0.142967200571637,0.0280090112291847,0.028056198884307,0.0112475075270407,0.0022066990324206,29,0
0,5.058450176,accepted,0.90991603826107,0.0771456217198603,-0.00904042750065459,-0.0978183278748759,0.263326047172886,0.359593488698093,0.027398085205982,0.0139296309608183,0.232848731287628,-0.399847106250127,-0.785970164733143,0.22,0.29,-0.07,2.48883951334391,0.175308680767832,-0.368775013301294,-0.689901564427084,0.000243945023338077,-0.0110903376574126,-0.0953255577027235,2.47597884549098,5.058450176,0.0540053613530337,0.0540065731989387,0.139368448537171,0.0301742876065392,0.0302339558838487,0.0114945408202517,0.00220982909308199,30,0
0,5.15861888,accepted,0.798054656963478,0.0557358725577232,-0.0226915602122064,-0.093961318495375,-0.292577700821705,0.0663088629899326,0.190379185965244,0.0137587465418281,0.241164755463561,-0.399847106240451,-0.792984141275788,-0.16,-0.05,0.06,2.4923301718479,0.161680794639993,-0.372108206309733,-0.688568921261756,0.0673975824601473,-0.101134278983249,-0.113671789967449,2.47932026300379,5.15861888,0.0530386462358065,0.0530398581810742,0.135803401740068,0.0294133133818715,0.0294908370998661,0.0114237459952729,0.00220646724641156,31,0
0,5.258813952,accepted,0.296364680293821,0.0698482453968107,-0.0269032179191739,-0.096017284382212,-0.0112436198792305,-0.0519784572351708,0.163026871734486,0.0156565324883484,0.241164755463561,-0.399847106240451,-0.799999964148924,0.09,-0.04,-0.01,2.4940755010999,0.172711859462336,-0.380155502901543,-0.690038017034515,0.0982572345153595,-0.00322175718497983,-0.153458324973205,2.47939278183134,5.258813952,0.0517126490918328,0.051713616808057,0.132157972049098,0.0259468315330727,0.0260341640230462,0.0109054020844274,0.00220301014411601,32,0
0,5.356980736,accepted,0.534574491816092,0.0772505398655664,-0.00160619204880635,-0.0704748235033754,0.0588770530947911,0.226342396653674,0.205927618526998,0.0147014404050974,0.257796808787666,-0.3776333780781,-0.778351630332281,0.14,0.26,0.03,2.4923301718479,0.187578609874501,-0.360601729388944,-0.697762552336956,0.0913131255737598,0.070943742362626,-0.162432746026261,2.47891982583957,5.356980736,0.0510481331520284,0.0510490705770414,0.129167022021148,0.0268902650989283,0.0269506518898191,0.0110124511076111,0.00219547895083408,33,0
0,5.455131648,accepted,0.644560645634578,0.0607853652912282,-0.0123854081733291,-0.042842691870404,-0.0887615408916544,-0.0277366151163478,0.239515195655204,0.0154760201928377,0.257796808308111,-0.366526513704293,-0.756706647968073,-0.01,0.04,0.1,2.49582083035189,0.189137876162715,-0.357804674363923,-0.689898081630836,0.0549857773935347,0.0599153370783103,-0.111576986302855,2.48148046968054,5.455131648,0.0498520991691964,0.0498527697628976,0.125904747324171,0.0244271193614441,0.0244586279921755,0.0105112014791515,0.00218692720040094,34,0
0,5.557265408,accepted,0.519554216503793,0.057376607768062,-0.00856356526081065,-0.0359910848038695,-0.305301659259894,-0.0503342877080083,0.0374827106960647,0.0157595629682312,0.257796808308111,-0.366526513704293,-0.734183337802698,-0.13,-0.12,0.01,2.49756615960389,0.181747910859852,-0.361711872242292,-0.697192859300535,0.126408640810006,-0.077787548738051,-0.0245014915553473,2.48253048226512,5.557265408,0.0493745642066061,0.0493753834603717,0.123374000203942,0.0259958473568213,0.0260500515072045,0.010634638411347,0.002182276507603,35,0
0,5.655432704,accepted,0.917626411809685,0.0572226910323438,0.0022606373269497,-0.00805137963012503,-0.18076123135671,0.169148927128747,0.203011116079542,0.0165180535254352,0.24948078026105,-0.366526514241293,-0.712534742314737,0,0.09,0.13,2.49931148885588,0.173884807557431,-0.34959139035404,-0.683144285226696,0.133546244179297,-0.0346153239673651,-0.0489599315786888,2.48422601062141,5.655432704,0.0483107485222905,0.0483120054669251,0.120461436965224,0.0233562895033335,0.0234158049294027,0.0101622303728035,0.00216929158328528,36,0
0,5.757658368,accepted,1.58247503632846,0.0546487934466995,-0.000478740664684008,0.00447975902093167,-0.266866965673874,0.0940231017710351,0.301643864213759,0.0153706032984822,0.241164754175925,-0.355419649894412,-0.689991164783336,-0.11,0.01,0.14,2.49931148885588,0.159786244278315,-0.344790241131792,-0.662747196119528,0.0926713484359829,-0.0607841141666021,-0.127585101434425,2.48473155332192,5.757658368,0.0474321609436758,0.0474335791711284,0.117798937190867,0.0214291334279015,0.0214591199560865,0.00977244558233749,0.00216123264907518,37,0
0,5.869842944,accepted,0.439000801854112,0.059737964923899,0.00104292466466166,0.010129751230846,-0.127072834383502,0.182817261506699,0.0962342918884129,0.0168661090049187,0.241164754175925,-0.355419649894412,-0.665251372563617,0,0.12,-0.07,2.50454747661186,0.172458115995294,-0.340464701297736,-0.6669181470044,0.103199791188601,-0.0277730527798769,-0.15725815291276,2.48906430924479,5.869842944,0.047015356362776,0.0470160537217317,0.115682813079861,0.0215712906085512,0.0216047064628013,0.00969349176649907,0.00216615826390868,38,0
0,5.955999744,accepted,1.54283899148409,0.043506157685057,-0.0205938796769335,0.0292778216176567,-0.407934575627584,-0.250645583202885,0.211502892796055,0.0167471029485355,0.232848730230235,-0.366526514265507,-0.646251422603328,-0.17,-0.33,0.17,2.50454747661186,0.164136538358939,-0.36294486007851,-0.66146995300274,0.178594228597074,-0.115355906360645,-0.0271240851729694,2.48782941523353,5.955999744,0.0463740199222445,0.0463746808476884,0.113434337595075,0.0223932184767019,0.0224801277261059,0.00967670927313263,0.00213295344767758,39,0
0,6.05812096,accepted,0.742530797740529,0.0468100702132083,-0.0116510277992703,0.0409259253517382,-0.170298390578275,-0.0482362411979427,0.216632086131385,0.0176024606214491,0.232848730940032,-0.388740243695435,-0.62373087873582,0.1,-0.22,0.19,2.50454747661186,0.169199197637404,-0.382553695199555,-0.640369268147159,0.22959474725608,-0.182208010113753,-0.0030549597360083,2.48749695732589,6.05812096,0.0456180594431339,0.0456190554520576,0.111165187874407,0.0209174783514276,0.0210050062611596,0.0093225256628387,0.00212000409529877,40,0
0,6.158219264,accepted,3.01758117584495,0.0401391755851626,0.00276970627738915,0.0370789969103211,-0.387067791940305,0.400450028199559,0.181393531028302,0.0171922298963656,0.232848731287628,-0.399847106250127,-0.601656442741103,-0.1,0.15,0.17,2.50629280586386,0.154188022952309,-0.361306236603765,-0.618853679772021,0.201879563624687,-0.161888731453118,0.0111165151168258,2.49070660403131,6.158219264,0.0448881901652945,0.0448894212345938,0.108985971635095,0.019696043275202,0.0197538485475269,0.00898757540302583,0.00210226106668838,41,0
0,6.256422144,accepted,2.49149278881644,0.0372775053188862,-0.0256538405988874,0.0419510048084848,-0.416066659456837,0.122187216770583,0.287776114593967,0.0160303812431297,0.207900652051334,-0.399847107416825,-0.580000000000005,-0.26,-0.02,0.21,2.50803813511585,0.130613576434649,-0.362874332941782,-0.59116224982155,0.0699089444222487,-0.116507356978106,-0.0477284824053518,2.49253842016266,6.256422144,0.0441802311384429,0.0441812602299973,0.106892335585334,0.0184294318412302,0.0184517380262135,0.00864982324254299,0.0020844045033535,42,0
0,6.356606208,accepted,0.725085595978422,0.0443519073904577,-0.0335478822633421,0.0499818936210779,-0.228747470451345,0.10126846135578,0.148869318426046,0.0166210113867575,0.182952574460314,-0.410953972775361,-0.546992349968683,-0.07,-0.04,0.11,2.50978346436785,0.119816349992322,-0.369562637473972,-0.581879438042068,0.116917099692938,-0.122632194163805,-0.0247626776609829,2.49416663687718,6.356606208,0.0436378130791059,0.0436392186804316,0.105040291171626,0.0181242841121546,0.0181664972437421,0.00845822727440485,0.00206850622852117,43,0
0,6.456764672,accepted,1.68425219563607,0.0397098248159747,-0.0539735798847827,0.0761909004347135,-0.267624097490242,-0.0978157557177265,0.340329123505243,0.0168767926899474,0.174636549058614,-0.433167701783925,-0.513993134371013,-0.12,-0.13,0.18,2.51152879361984,0.113311723618401,-0.389222659033908,-0.557725314823628,0.101086555158211,-0.048779455878842,-0.131858557920034,2.4956681776134,6.456764672,0.0431576153153585,0.0431588038462564,0.103315124457009,0.0175419390699433,0.0175914228108347,0.00828605333207743,0.00205248825710778,44,0
0,6.556908544,accepted,3.45048027379991,0.0179507502454514,-0.0575382532017364,0.0873586495046482,-0.516826838788893,0.13771800227748,0.295905802417823,0.0167249082032823,0.149688469623012,-0.455381431609018,-0.480998726400522,-0.25,0,0.21,2.51327412287183,0.082795827261938,-0.386518857139795,-0.536071404607904,0.16688188717476,-0.111142016887041,-0.0554309861045865,2.49766840519332,6.556908544,0.0425926330422619,0.0425942289007728,0.101551491590311,0.0170938255720355,0.0171965794517832,0.00805811492507755,0.00203349554243444,45,0
0,6.65903232,accepted,1.80486077445053,0.0354739516129953,-0.0669145170787979,0.0930786661700009,-0.243985758473322,-0.0315429749624501,0.351419958956658,0.0151274833604353,0.133056419815137,-0.46648829418173,-0.447351999331381,-0.11,-0.15,0.3,2.51327412287183,0.0756111661961919,-0.404608946777171,-0.502546056576982,0.0873601768614296,-0.124049853038953,-0.0194839765100384,2.49882534123801,6.65903232,0.0420945525164294,0.0420958647114663,0.099911660047263,0.0166256222310512,0.0166722099089325,0.00781812661582881,0.00201838993601622,46,0
0,6.759232512,accepted,2.11458438320818,0.0378582353250349,-0.0541115160837514,0.080980679457922,-0.136380470317003,0.267487017837157,0.35670156121821,0.0149105719219573,0.133056419788764,-0.47759515949665,-0.414339035606858,0.05,0.06,0.41,2.51501945212383,0.083582746328936,-0.400465234908419,-0.457538973989592,0.160014930438237,-0.158111158113868,0.0851512047542364,2.50161233967487,6.759232512,0.0415948063267968,0.0415958969698166,0.0983196065709516,0.016333703928846,0.0163834501146088,0.00761623338911926,0.00199943170793851,47,0
0,6.875410432,accepted,2.51678499031745,0.00883186371395976,-0.0687329100586973,0.0717676979379446,-0.407706422267744,0.198816809250638,0.251867570175389,0.0154694553856465,0.108108340122919,-0.48870202357092,-0.376061888807072,-0.24,0.01,0.4,2.51676478137582,0.0612807166003211,-0.403509057169197,-0.420645841247578,0.0924793834482592,-0.1523941376005,0.171785459569284,2.5019118158197,6.875410432,0.0413747981727062,0.0413758409728302,0.0970811369038671,0.0163709239860559,0.0163954721359612,0.00747605820270262,0.00199780951998634,48,0
0,6.957555456,accepted,2.47856049374671,0.0033045564340158,-0.104169436150776,0.0533678791607834,-0.400057671492675,0.018173996790886,0.319682377417716,0.0148142747480695,0.0748442366096678,-0.522022617337398,-0.348997562448673,-0.26,-0.13,0.52,2.51851011062782,0.0364059153638481,-0.419466324431539,-0.370228259172781,0.0707732826903775,-0.145057360376615,0.227491373920637,2.50412850852547,6.957555456,0.0406478900757979,0.0406489487623375,0.0953337080286166,0.0155730789388783,0.0156040590363046,0.00722015815852281,0.0019585584027275,49,0
0,7.059693312,accepted,1.20729670029309,0.0117168562353521,-0.11436311432152,0.0335997348390774,-0.147573400404722,0.311737108214231,0.093964727498386,0.0153605747030259,0.0498961561330016,-0.544236345266546,-0.315346196441027,-0.04,0.19,0.35,2.52025543987981,0.0254004937325171,-0.405813101625322,-0.338938561819083,0.0822358246298348,-0.0692358766961006,0.264606033624651,2.5064084247227,7.059693312,0.0402567853656382,0.0402581508897087,0.0939939590901452,0.0152697610741499,0.0153016912842528,0.00705108155722292,0.00194191315793371,50,0
0,7.157860352,accepted,1.53055887405853,-0.0156966217694223,-0.157642602709928,0.0284126376197177,-0.332962680650611,-0.107995312922166,0.191631238321446,0.0130680605237377,0.0166320526461229,-0.566450074412806,-0.283003095437152,-0.32,-0.08,0.44,2.52025543987981,0.00254145889968475,-0.42317861478055,-0.292126992173611,-0.042616062087473,0.00921164394697566,0.264033496611931,2.50847768588331,7.157860352,0.0398276177873953,0.0398285524048169,0.0926494222473002,0.014824386460536,0.0148295980261549,0.00686288257285242,0.00192134070356149,51,0
0,7.258030592,accepted,1.2665363073945,-0.0318131214645584,-0.177237552326282,0.0119855387775453,-0.327463413845111,-0.0315820204621837,0.151096344514999,0.0131886065517302,-0.0332641045270618,-0.599770665540883,-0.25,-0.3,-0.03,0.45,2.52200076913181,-0.0310639480493405,-0.430768183455566,-0.24710021373701,-0.0262556221749753,-0.00457405907645131,0.311306995712851,2.50996336508995,7.258030592,0.039450808699966,0.0394519431181972,0.091399958908739,0.0145574336924371,0.0145654560183178,0.00671541175352424,0.00190261079767549,52,0
0,7.358208256,accepted,1.2118577396921,-0.0453759483790288,-0.20166879869361,0.0200974010462452,-0.252297809587021,-0.154477476770698,0.188384871742598,0.0125690857716116,-0.0748442377736269,-0.633091259425708,-0.196247402624465,-0.23,-0.1,0.47,2.5237460983838,-0.052846747435565,-0.451022389797978,-0.197805591746413,-0.0184855402704435,0.0288232517939825,0.296377250972577,2.51227467791766,7.358208256,0.0390942504544102,0.0390951938706261,0.0902068738822582,0.0141966633735612,0.0141918613489521,0.00657374752266535,0.00188348034459689,53,0
0,7.458347776,accepted,1.74163379196276,-0.0700316847825307,-0.19562031506537,0.0271558488598268,-0.335904016310674,0.122855850556118,0.221856013463217,0.0108607168131232,-0.12474039501142,-0.644198122425374,-0.14251527227713,-0.3,0.16,0.46,2.5237460983838,-0.0859803670398149,-0.443956854197322,-0.147793141034534,-0.0169045504717045,0.0547333958786021,0.255165137743994,2.51435655517713,7.458347776,0.0387536115110292,0.0387547001152579,0.0890661237775595,0.0138069668833495,0.0138076259555084,0.00644114438816977,0.00186415136540433,54,0
0,7.558494976,accepted,1.33649759149526,-0.0915337404407544,-0.222134074969611,0.0396273801140227,-0.278062373578078,-0.148013852714902,0.187387380345628,0.0109120152764346,-0.182952580560193,-0.655304985102619,-0.0887790210516357,-0.35,0.01,0.34,2.52723675688779,-0.118199900951705,-0.452689358428947,-0.10970258329915,-0.11453705042775,0.134327091625389,0.166736852834218,2.51789026857285,7.558494976,0.038430496009147,0.0384313371597283,0.087975470084894,0.0134267151683247,0.0133809541283487,0.00630435673489327,0.00184425266602631,55,0
0,7.658622464,accepted,0.573856158333396,-0.107562011915138,-0.247940868472982,0.055599858218747,-0.0958570376086192,-0.174054687934316,0.120262610507811,0.00846946390105696,-0.232848739163014,-0.688625575553244,-0.0350533467467571,-0.17,-0.06,0.33,2.52723675688779,-0.136819117959987,-0.463132009529883,-0.0780885601920919,-0.0892948969237575,0.0867562312193287,0.218584870670142,2.5194153816137,7.658622464,0.0381223455478959,0.0381231845577939,0.0869316512899909,0.0132797950728706,0.0132569119794176,0.00618288763582161,0.00182481575635114,56,0
0,7.758778368,accepted,0.41192699277638,-0.127870586301971,-0.262580097014456,0.0747479187826266,-0.0790755178020286,-0.159544796245643,0.0692786085230567,0.00913927891406496,-0.282744899279152,-0.710839302936443,0.0186875748073234,-0.29,0.04,0.3,2.52898208613978,-0.165509108581342,-0.469856027505631,-0.0479483808586207,-0.223490934618202,0.17448473748495,0.235989992044415,2.52099424552333,7.758778368,0.0378285463019048,0.0378292216414636,0.0859328967158898,0.0131388277322298,0.0130900024056174,0.00605793518756842,0.00180411902236631,57,0
0,7.87497216,accepted,2.65370351140604,-0.165360719713313,-0.286441216172018,0.0768869162993823,-0.153014188584126,-0.303094105711787,-0.379736509680213,0.0088820557784226,-0.357589139720927,-0.744159892245361,0.081033988863382,-0.52,-0.19,0.32,2.52200076913181,-0.210667829428895,-0.49304100420589,-0.0303141099543263,-0.392100487668084,0.0646360734765651,0.675045603629197,2.51529022079852,7.87497216,0.0377853994323453,0.0377861082030508,0.0852392219485627,0.0138980992233832,0.0139705887768964,0.00598254542195992,0.00179635182881807,58,0
0,7.959128576,accepted,2.46951503910463,-0.173395241403622,-0.278667167201507,0.094476212254258,0.153391935127888,0.329695495301726,-0.326985792557339,0.00689688380723119,-0.415801325226997,-0.777480481085765,0.12619002230629,-0.19,0.08,0.49,2.50978346436785,-0.234356347161237,-0.478893129442922,0.00309537613183915,-0.321554867577331,-0.202686656579499,0.796581579195052,2.50292676510516,7.959128576,0.0372698512001768,0.0372703634971363,0.0840509675158174,0.0135061729427315,0.0134980778404658,0.00583485423485224,0.00176155225026157,59,0
0,8.157306112,accepted,0.466507809700243,-0.237453146324798,-0.29123987103936,0.070747905543543,0.208806010592036,0.0038388647501553,0.0754391791171575,0.00970509696058874,-0.532225698553231,-0.799694201371621,0.232526673373371,-0.14,-0.11,0.84,2.47662220857995,-0.286398682511604,-0.517217200701065,0.16870663975914,-0.32530342261462,-0.115668580834662,0.768451647685163,2.46772197299004,8.157306112,0.0388585031879842,0.0388596702119074,0.0850847335932617,0.0152316912693254,0.0152777053879042,0.00611187905776625,0.0018208603569707,60,0
0,8.357601792,accepted,2.85069328233937,-0.293536393036462,-0.338566167724977,0.021553874352722,-0.41536063790098,0.336774820440674,0.330476097192699,0.0125817694359913,-0.632018022379225,-0.866335378520344,0.339999862637391,-0.53,0.15,0.98,2.43473430653209,-0.384485743468801,-0.509280051107973,0.344555939868784,-0.170799343601911,-0.146455086081456,0.666609438402753,2.42229552921812,8.357601792,0.0408398858150897,0.0408433565053572,0.086338926333233,0.0167883205630882,0.0167652105995068,0.00641101229488119,0.00187567270748684,61,0
0,8.45775744,accepted,0.540390408375971,-0.282285787409009,-0.365207757576176,0.093415379651667,0.00892287660557675,0.135744387201974,0.199141711391091,0.0122316431578344,-0.68191418522998,-0.888549102470726,0.503320812316638,-0.14,0.02,0.89,2.43473430653209,-0.408233147541593,-0.524650686338859,0.42550955248953,-0.150698244061457,-0.103777438466404,0.699696672857576,2.42333714371675,8.45775744,0.040861844488398,0.0408650399018515,0.0857990720620805,0.0168013721953176,0.0167968670504924,0.00641304552564428,0.00184420104110147,62,0
0,8.557936896,accepted,1.18371513195089,-0.30141139672417,-0.412121765922865,0.169524919473403,-0.178845742847403,-0.358061068876771,0.206368473550629,0.0134121526522306,-0.723494323235983,-0.944083419614546,0.666680865176893,-0.25,-0.48,0.92,2.43997029428807,-0.443676775073161,-0.568654344561734,0.512194075335907,-0.09061573267634,-0.158427264620422,0.721212163698446,2.42677626015921,8.557936896,0.0410951804388374,0.0410985866804086,0.0854373274422768,0.0171627520989387,0.0171721725800035,0.00647802525375755,0.00181378101834958,63,0
0,8.658060544,accepted,6.54661364743795,-0.298009174178729,-0.365081247554714,0.258873979205115,-0.133272735907425,0.957994562628939,0.651735303683403,0.0134110132662997,-0.748442406017716,-0.955190281203305,0.829949913372182,-0.15,0.68,1.2,2.44171562354007,-0.469063496652016,-0.54110530722102,0.611554166224522,-0.0317142044913304,-0.198399230765817,0.571477330732094,2.43024171653181,8.658060544,0.0413913430566156,0.0413946052580777,0.0851422145442056,0.0172376193315528,0.0172198193227016,0.00656032480741225,0.00178387381889704,64,0
0,8.758186752,accepted,2.48714899896214,-0.341195963471117,-0.390233358999303,0.324630341143767,-0.458503964237609,0.186940273023977,0.391932933930038,0.0126911248014436,-0.814970618589926,-0.955190273594558,0.993223136093384,-0.53,-0.06,0.93,2.44346095279206,-0.521864616496679,-0.562617730337073,0.701932974573191,-0.124011351001286,-0.230685469505993,0.555739591130975,2.43055557146384,8.758186752,0.0415036022024123,0.0415062972229339,0.0847407746643511,0.0171601797654316,0.0171032348261029,0.00656126278166637,0.00175498730799648,65,0
0,8.958548992,accepted,3.60112308578945,-0.354086075980486,-0.399034223975848,0.499751691910706,-0.242017804059204,0.805905328778885,0.390387841507144,0.0151891094606951,-0.906446918575815,-0.999617720627556,1.31994866869758,-0.44,0.65,1,2.44869694054804,-0.580730827994865,-0.561896845722203,0.850599154116003,-0.222164761781714,-0.0950526141148801,0.622839883194251,2.43427940961726,8.958548992,0.0447747203666152,0.0447767024041965,0.0868523066652688,0.0197181369427827,0.0197058437729897,0.00692346906434023,0.00179889820235955,66,0
0,9.058714624,accepted,0.901168980736666,-0.369652101629564,-0.427501359163813,0.554814503278896,-0.198442051499486,-0.274488711447979,-0.0834594012781069,0.019327401913404,-0.97297513176684,-0.988510847097073,1.48328617911789,-0.41,0.04,1.13,2.45044226980004,-0.633915150052792,-0.6004756327167,0.93493659724921,-0.239144704822104,0.278010317104072,1.21266923697331,2.43249478311266,9.058714624,0.0448437926341558,0.044842253628941,0.0865446017294378,0.0207385185279938,0.0206559916880781,0.00691130461343508,0.00176669773966955,67,0
0,9.156860928,accepted,7.76624972962354,-0.334424456319454,-0.44911992638168,0.506661357411907,0.494374405657859,-0.388597100249749,-1.15596438975098,0.0230874111258084,-1.01455527224354,-1.04404516097279,1.64333082349566,-0.43,-0.84,1.86,2.44346095279206,-0.654684280974809,-0.64240226906317,1.08292885734527,-0.874916631905187,-0.507514633023626,2.9808258806091,2.42515533111609,9.156860928,0.0450903657334057,0.0450934195547815,0.0863570776343997,0.0250090312194687,0.025322105840647,0.00700721690528076,0.00172717342785159,68,0
0,9.357188096,accepted,13.2728083255761,-0.169296114299371,-0.70341292477523,0.0687571100135036,1.3497212420744,-1.53097722690107,0.0801502938385923,0.0282198222115464,-1.04781943664101,-1.42167853935775,1.96999916509481,0.15,-1.86,4.75,2.42949831877611,-0.779096326508842,-0.865006494565985,1.90487926872258,-1.0517908864108,-0.517540132777547,4.67380521783361,2.41197423398553,9.357188096,0.0496406722740637,0.0496526723570511,0.0889285510824085,0.0313659022005059,0.0324375574270016,0.00740667475564837,0.00175803480024231,69,0
0,9.457372672,accepted,5.78026405003852,-0.1630719543906,-0.670193420440457,0.0563317218507615,0.993106728555725,-0.858768708237563,0.537796665384897,0.0179256333706559,-1.05613548802357,-1.58828150079946,2.42599671795796,-0.25,-1.34,5.11,2.4329889772801,-0.83067542810925,-1.00231419778783,2.39205902936543,-1.15400065328986,-0.573872281527539,4.58648344019785,2.4207465867996,9.457372672,0.050592814553447,0.0506108667609076,0.0890873731813874,0.0302585524124138,0.0316121697563989,0.00753495053179063,0.0017230984729042,70,0
0,9.55753088,accepted,2.19172317542757,-0.158430254761237,-0.629130212312599,0.0365386561529397,0.307476112741253,-0.0675432801547056,0.735604805993326,0.0122018787949836,-1.11434769314858,-1.67713640497547,2.88187575002189,-1.04,-0.4,5.23,2.43822496503608,-0.938253158382334,-1.07739634452108,2.8776405256628,-1.31974422866591,-0.349814366993716,4.5127618834843,2.42713336281408,9.55753088,0.0514729953114885,0.0514985135254589,0.0892591731208277,0.0292076948641414,0.0308256377171136,0.00761687684464718,0.00169160456018933,71,0
0,9.657678848,accepted,4.06293627794957,-0.139488654414213,-0.57326289522541,0.0192198848195435,0.236426252234996,0.854369060578728,0.736215094720012,0.0115655270326087,-1.21414002392071,-1.67713638869381,3.33770817381096,-1.17,0.65,5.05,2.44171562354007,-1.06138528721397,-1.06510782922181,3.35173470794483,-1.38511994716014,-0.138620803913968,4.33206491788338,2.42759434039593,9.657678848,0.0523449134133304,0.0523815747046911,0.0894634011246707,0.0281010222786773,0.029558344956553,0.00769559249470854,0.00166020062223693,72,0
0,9.757827328,accepted,2.86979812892917,-0.103854913407883,-0.589578445317456,0.00727794256242476,0.566404042693262,0.132067148301608,0.719455941495872,0.0122845490268868,-1.30561632135404,-1.64381578097071,3.79354292801377,-0.84,0.42,4.97,2.44171562354007,-1.16046949234519,-1.06812548961955,3.82054338462306,-1.35528078304561,0.28927875089316,4.27054333032295,2.42842212516214,9.757827328,0.0530805534995521,0.0531258496416757,0.0896516160348293,0.0276491718338887,0.0283899605923779,0.00772523787152429,0.00162840833188196,73,0
0,9.958178048,accepted,4.79931266206037,-0.0524706332972986,-0.475945016303661,0.104026850302101,0.481635281177222,0.672136045013444,0.789530797253357,0.0108095763062774,-1.48856888528778,-1.44389219014064,4.70545712986243,-0.95,1.31,4.28,2.40506370924819,-1.38729133988176,-0.922477027649095,4.65224206092459,-1.3775224637516,0.697201351214416,3.51532524517213,2.39036798002052,9.958178048,0.0581930736402495,0.0582846721567642,0.0927168995646191,0.0273120515417296,0.0274222070305236,0.00807555042644962,0.00164973983645214,74,0
0,10.058317824,accepted,4.6134814400238,-0.0840614883420163,-0.489965135512385,0.184298358794998,0.364539082008549,0.51691128061833,0.897737547272545,0.0122131168438209,-1.60499324238794,-1.33282352335313,5.16125226703161,-0.95,1.4,3.9,2.40331837999619,-1.48562644216354,-0.815020246055978,5.03742404764827,-1.2760067467228,0.92146262578728,3.03072952542955,2.38862757185628,10.058317824,0.0581595663792473,0.0582442475504116,0.0927316877389236,0.0254407452233064,0.0250153913548093,0.00808447421417519,0.00161730678401483,75,0
0,10.158470656,accepted,6.26461453113494,-0.10567322463138,-0.461044653102608,0.299848707565394,0.335790373125693,0.813011942876312,0.956417378008474,0.0139061192962666,-1.72141758708752,-1.17732739783777,5.61710682975124,-0.99,1.86,3.53,2.41204502625616,-1.58537085764361,-0.661453939152942,5.38391701148452,-1.29222855820372,1.10799710718949,2.60268544489567,2.39531659354592,10.158470656,0.0581789297157465,0.0582562403000508,0.0927726193002734,0.0239180759409571,0.0233965631891165,0.00811701274428116,0.00158977445888425,76,0
0,10.258665728,accepted,4.40170902536509,-0.126605031176583,-0.480332488150755,0.445645781636857,0.362481785174627,0.625453189601153,0.817109023555736,0.0143733366872967,-1.84615795148323,-1.02183126682048,6.07315365160468,-1.02,1.92,3.05,2.41379035550816,-1.68970417299467,-0.507858655732436,5.6877673148397,-1.35024088098606,1.33496443299743,2.25817239976738,2.39695918655468,10.258665728,0.0582694177947628,0.0583411221515433,0.0928551926521354,0.022984335700886,0.0223046823185063,0.00814940565063804,0.00155929494849432,77,0
0,10.356839424,accepted,3.46204920191546,-0.152102041489987,-0.475831940876195,0.629830781506771,0.292101982951702,0.615659655993809,0.680479504268853,0.0158694792532543,-1.97921432981837,-0.844121405007712,6.52,-1.15,2.12,2.57,2.41553568476015,-1.80606979801178,-0.33721239731735,5.94580137663779,-1.41818457131736,1.54115467408515,1.91072505508185,2.39761090584316,10.356839424,0.0583123838946932,0.0583791669875803,0.0929042676065585,0.0221573161253772,0.0213782332277003,0.00817546976795072,0.00152707529566881,78,0
0,10.459021824,accepted,2.83648039596885,-0.175864990130025,-0.485353044487445,0.559660981867005,0.110677113138254,0.408318979306308,0.751859611359496,0.0181012975628736,-2.12890275343614,-0.655304670592096,6.68051903242704,-1.35,2.16,2.26,2.39808239224021,-1.948737217005,-0.158642768604227,6.17892035265015,-1.45259784547628,1.76984014099216,1.53120120331096,2.37932488824086,10.459021824,0.0585508123657162,0.0586145567890294,0.0930989526966055,0.0215763282990621,0.0205227938494238,0.00820526303294191,0.00148045086789362,79,0
0,10.559169536,accepted,3.25061026706658,-0.198090425422745,-0.460627620890778,0.514596244004949,-0.139658089328043,0.776181197223683,0.596303297007284,0.0176188437450682,-2.2952232081997,-0.433167336019328,6.83784175953095,-1.64,2.66,1.9,2.36143047794833,-2.11426264734611,0.0644617202767203,6.36760239803728,-1.5104311486239,1.92258423390626,1.31823206451064,2.34353842146519,10.559169536,0.0588822808135816,0.0589418471787322,0.0933385273680785,0.0211510262835942,0.0201439834378409,0.00823846903927097,0.00141652677630036,80,0
0,10.659285248,accepted,2.00367708065024,-0.210723657918642,-0.452079329233222,0.511644740179099,0.0286730036470426,0.548839680295068,0.508906336991849,0.0178431053332222,-2.47817569868824,-0.188816262323146,6.99511421761555,-1.52,2.6,1.55,2.3387411976724,-2.27271540321878,0.284082701979331,6.52370047583825,-1.54855704573421,2.07595660713415,1.05473908430576,2.32045144448399,10.659285248,0.0591611017128986,0.0592153350457439,0.0935709879369903,0.0207232760763845,0.0197109391117446,0.00823761535142576,0.00137446366061173,81,0
0,10.757385216,accepted,4.88484418377985,-0.225669606686857,-0.429235043472916,0.528728358492634,-0.132871931839279,0.923158762876861,0.876024370286031,0.0194562178357724,-2.63618009804859,0.0555348061629287,7.14922012963643,-1.26,2.84,1.77,2.33001455141243,-2.4281687828846,0.527653374177119,6.67713296429696,-1.1379025936598,1.95837796001438,0.914103505682656,2.3116034063779,10.757385216,0.0595068834843971,0.0595605982782879,0.0938315500960811,0.0199720984702855,0.0192640947136414,0.00828735413312908,0.00135036280444423,82,0
0,10.957688832,accepted,2.00076934759471,-0.283803189091503,-0.426936754358049,0.575051052861173,0.0296650194456243,0.501597744969508,0.578557149033785,0.0210378553712776,-2.93555683753227,0.49980949000657,7.46387845271319,-1.16,2.56,1.86,2.32826922216044,-2.66161930738836,0.945641766888478,6.9350833780358,-1.19265980240821,2.08061391794866,1.29726828976321,2.30816942209275,10.957688832,0.0645549787673424,0.0645750244991972,0.097634731342755,0.021878313864282,0.0214301307096111,0.00854010069892165,0.00137463080377145,83,0
0,11.05784576,accepted,1.26323515361294,-0.290241751835713,-0.450466645128792,0.549795084789779,0.00371016573928218,0.185209273364828,0.524489063978888,0.0209695925862423,-3.06861315216009,0.699733102466115,7.62121565729464,-1.12,2.22,1.94,2.33001455141243,-2.79075461613434,1.14383906149924,7.11669803250159,-1.12865748993803,2.03724001085782,1.4320692581495,2.31006679529531,11.05784576,0.0644292631739045,0.0644431898947497,0.0977816277985255,0.0215731598187856,0.0213337433583196,0.00849592126786339,0.00135606440069085,84,0
0,11.158009088,accepted,2.00179555191576,-0.291760252250956,-0.441423678772893,0.504475336583885,0.356811292419302,0.483850611181135,0.444317731308214,0.0207380514508499,-3.20998547795287,0.91076358521826,7.77856291567997,-0.96,2.52,2.1,2.33175988066442,-2.90046794067859,1.37219975651897,7.31312275440558,-1.29686124977149,2.05977394839759,1.66887880507884,2.31179141565724,11.158009088,0.0643546260951704,0.0643594458218675,0.0979453238373071,0.0215365576536177,0.0213508551579946,0.00842859452076042,0.001338554526537,85,0
0,11.258122496,accepted,2.09868049195253,-0.310381063868078,-0.457916737345223,0.455236603764799,0.0260135588783217,0.324419718696106,0.681379148065056,0.0186061913239022,-3.3430417735064,1.12179406486165,7.93583175439518,-1.39,2.44,2.3,2.33175988066442,-3.04330354181346,1.58503152558711,7.53380620276246,-1.41891798867721,2.12708419539355,1.63856445921652,2.31388141776299,11.258122496,0.0642499044382005,0.0642500089992094,0.0980779467106668,0.021123618475742,0.0209529459625131,0.0083497327230515,0.00132282630700612,86,0
0,11.356261888,accepted,3.05892574386904,-0.300733972441561,-0.467988620814407,0.414020314427566,0.469800602730251,0.230246877163937,0.836735110024873,0.0165635885139879,-3.48441408855503,1.32171768872902,8.08999959784785,-1.01,2.3,2.04,2.32128790515246,-3.16007676349695,1.78440141811654,7.73325256558504,-1.45579794619852,2.07261664178933,1.2257608156448,2.30548898544019,11.356261888,0.0643154042830181,0.0643130428771053,0.0982603016261696,0.0203767324257134,0.0202031925369253,0.00831268441432146,0.00130745310533654,87,0
0,11.458395904,accepted,2.40545704195619,-0.296381929414806,-0.480689538401529,0.264508492713777,0.662476578781015,0.341508705481824,0.523451079619931,0.0155390983874906,-3.6091543535773,1.51053444256162,8.11243474918003,-0.85,2.32,1.64,2.31081592964049,-3.2793288319609,1.99258851207255,7.88149912308696,-1.48069206855791,1.98716230364861,1.12940613778112,2.29644618356098,11.458395904,0.0647180249543557,0.0647147008952744,0.0986871531373896,0.0203434826293224,0.0201048872126494,0.0083117404540654,0.00129441371639688,88,0
0,11.558555136,accepted,2.49391519813397,-0.343185580775984,-0.460652520448846,0.150620200133864,-0.11924035562796,0.759304296523637,0.480686460826744,0.0163176751245109,-3.7671586968108,1.72156494495764,8.13443577262206,-1.57,2.57,1.47,2.29859862487653,-3.44765634522868,2.21626885566419,8.01244432078708,-1.46275484273074,1.84412662077587,0.999521791553559,2.28278400784084,11.558555136,0.0649081542566462,0.0649043332583372,0.0989814872026091,0.0203207150251328,0.0198632990731001,0.00831317194602655,0.00127886705626099,89,0
0,11.658692864,accepted,2.58598569018062,-0.324320266775027,-0.492681907956348,0.042127036051486,0.682547545562287,-0.160503385220655,0.548302673615166,0.0175960847120966,-3.92516304270701,1.91038172153985,8.15643207248546,-0.87,1.73,1.55,2.26369203983665,-3.56038519034072,2.36757737532008,8.14919203807862,-1.51480499618298,1.87079942302667,1.01702712691692,2.24826077932137,11.658692864,0.0649223593484385,0.0649206048397453,0.0991758953134393,0.020178459080389,0.0197133249726172,0.00824093029628928,0.00126227194848562,90,0
0,11.7588544,accepted,3.61164457552157,-0.327906051278939,-0.501642071384963,-0.0684062962004255,0.818860453191255,-0.234421332130135,0.636394661736067,0.0146585181287184,-4.04158728848289,2.05477102107596,8.17843360202521,-0.63,1.66,1.59,2.22180413778878,-3.66241456594239,2.51468379267567,8.28492199488662,-1.40295309413047,1.87027671493557,0.970751677201971,2.20944225490615,11.7588544,0.0649293549945391,0.064930897025738,0.0993586942133775,0.0199770377854114,0.0194781410994382,0.00816653263076095,0.00124647211691707,91,0
0,11.95921792,accepted,3.23100699805674,-0.356043949038288,-0.441153282322444,-0.223600024137927,0.761072520501836,0.0154892920483134,0.6615235511318,0.0142010207219507,-4.29106775993162,2.43240455070876,8.22244554593118,-0.58,1.78,1.27,2.153736296961,-3.8867056329664,2.85322368401094,8.48239537933858,-1.29769522274913,1.75635597912426,0.624549297096947,2.14231855254796,11.95921792,0.0699518018744775,0.0699525288293712,0.103435754074851,0.0212009244154138,0.0204053804631634,0.00835006933484731,0.00126433832077549,92,0
0,12.057362944,accepted,1.88072224137675,-0.417366007502502,-0.406490202301804,-0.3126090933927,0.602308491551219,0.283824099443195,0.283625646406615,0.0126752745062095,-4.43244002940271,2.62122132874907,8.24400412750799,-0.84,2.22,1.09,2.14675497995302,-3.98137056244125,3.03345592596796,8.56676760864752,-1.40907306016756,1.9468741407318,0.811919632654219,2.13618133140407,12.057362944,0.0693992174049782,0.0693974519295938,0.103362660931967,0.020816295787496,0.0202251040380134,0.00820701578408773,0.00124654854661898,93,0
0,12.15749504,accepted,3.6022838679672,-0.447532439512289,-0.466722728084453,-0.377729663123912,0.11273695055803,-0.656837207788863,0.570723670776589,0.0112244534650996,-4.56549630460384,2.7545037835249,8.26599919024366,-1.06,1.1,1.24,2.15024563845701,-4.12393191978622,3.11917073730288,8.69034522497181,-1.17121070856338,1.68816852274351,0.690982270653815,2.13884692866667,12.15749504,0.0680209624154822,0.0680250099643052,0.102776684536833,0.0200945095601709,0.0193231547406517,0.00806275879329114,0.00122678591718261,94,0
0,12.257655296,accepted,2.71869767036307,-0.446370791288363,-0.351202836396932,-0.466917838248337,0.179084554832019,0.748808510360764,0.392843656439929,0.0140721482531467,-4.67360448907437,2.92110681667437,8.28800043861801,-0.76,2.13,1.07,2.155481626213,-4.23253824870763,3.32184828642138,8.76785179870062,-0.932013284639545,1.42445523623718,0.683962423819887,2.14443270849518,12.257655296,0.0676089000157339,0.0676119335289004,0.102716712771874,0.0204441853561263,0.019238682166623,0.00805441071267129,0.00120286531784342,95,0
0,12.357807104,accepted,2.40827075895643,-0.445306138253167,-0.363324843671088,-0.524474159220212,0.238661115431001,0.441151447295407,0.570378849163413,0.011126427203187,-4.77339663707671,3.09881671083716,8.30999983130077,-0.68,1.8,1.2,2.15722695546499,-4.32599496177321,3.48764919355291,8.86300537994601,-0.906841779153567,1.38401331731809,0.643009706786666,2.14880252938937,12.357807104,0.0670055748030699,0.0670085444832209,0.102509343387657,0.0200601834885276,0.0187794722808713,0.00793856254482693,0.00117691552554844,96,0
0,12.457998336,accepted,0.871948106665985,-0.465625384657645,-0.374399973925909,-0.662854437290681,-0.0371262927489667,0.179726719035746,0.300088904439411,0.0111629937910562,-4.88150482252369,3.24320601914357,8.26798402536474,-0.92,1.35,1.01,2.16071761396898,-4.44098974929729,3.62014203865524,8.93927062790273,-0.892950753425942,1.17819681428051,0.716579307372802,2.15027990981782,12.457998336,0.0661096044033398,0.0661100619993485,0.10208023917737,0.0199996573636106,0.01829386670009,0.0078320292681722,0.00115131924189882,97,0
0,12.55812736,accepted,2.03553280281266,-0.485863308287035,-0.344253355215574,-0.780310029081848,-0.07446701858228,0.426314267489252,0.444032803758369,0.0104830276030961,-5.01456107223515,3.38759534618381,8.22599381627022,-0.93,1.51,1.05,2.155481626213,-4.55871117685542,3.76215753809343,9.02397220901851,-0.868089720730092,1.11131400328898,0.616806250284667,2.14615482703656,12.55812736,0.0652593456440951,0.0652587568560632,0.101624913223861,0.0193976591514007,0.0176722525706128,0.00768970612383631,0.00112928315447677,98,0
0,12.658240256,accepted,2.62003774288653,-0.451597837584769,-0.336518337908215,-0.901384487639778,0.316167772688646,0.513988505721734,0.426294271730141,0.010776164318413,-5.09772118637899,3.53198463941658,8.18401037063015,-0.53,1.47,1.01,2.155481626213,-4.63585365968554,3.9047085465226,9.09592408601284,-0.825536015961032,0.98943119720644,0.591886835999925,2.14866279073164,12.658240256,0.0646337072453014,0.0646309420309645,0.101283775462859,0.0192047187520406,0.0172476803146595,0.00758912769314909,0.00110589528496567,99,0
0,12.758396416,accepted,2.39895514927073,-0.472177051356085,-0.345568237192226,-1.01319706234345,0.324982591662443,0.43132454436776,0.37890152683706,0.00664811118186082,-5.1891973345905,3.65416021393054,8.14200878175514,-0.43,1.25,0.9,2.15722695546499,-4.70470417271362,4.03037219416847,9.16178919175556,-0.732001096313887,0.848408438504974,0.528251414022236,2.15469930906401,12.758396416,0.0638738495094556,0.0638675342294773,0.100810789712853,0.0188945025270513,0.0167730994998965,0.00748229014034896,0.00107987679102886,100,0
0,12.958747648,accepted,3.70894400412634,-0.524789665777442,-0.311158137835473,-1.16184815054849,0.00502691543260469,0.473189406487394,0.614359454600463,0.00423465345829488,-5.38046565722157,3.87629763945931,8.05798928582931,-0.84,1.21,0.75,2.16420827247297,-4.87968872981276,4.23521982546624,9.25393531781258,-0.851330210556167,0.774640785214635,0.15413006123164,2.16161857722646,12.958747648,0.0669901434947828,0.0669875730228834,0.10381241319208,0.0190284542761242,0.0167390788805828,0.00745175930830496,0.00107818612636785,101,0
0,13.058885632,accepted,3.39405915089775,-0.47137233798723,-0.341560411628595,-1.25170254532406,0.55835774976979,-0.0411247260962313,0.529893628919492,0.00373732756635992,-5.43867773782056,3.96515259800641,8.0159953192601,-0.33,0.63,0.69,2.16769893097696,-4.92625569952782,4.28860176605095,9.2862189253057,-0.845794915272831,0.664722260172205,0.172143479677365,2.16856980726019,13.058885632,0.0658611233659853,0.0658565717665318,0.103106608597692,0.0184275845159103,0.0161451971677117,0.00728152274853115,0.00105155120526905,102,0
0,13.157003776,accepted,3.41201484251702,-0.492971846184146,-0.300837784447468,-1.32048842006863,0.250918802550377,0.314132117845449,0.551761446158616,-0.000782304133480238,-5.50520583837958,4.05400756360957,7.9748483948426,-0.68,0.93,0.62,2.16944426022895,-5.00104574752497,4.3852893841415,9.32506676253209,-0.910974155223273,0.641653674429747,0.0852034687157483,2.17337801261492,13.157003776,0.0641811186422131,0.0641659405644943,0.101892220608866,0.0172387618558113,0.0151906081478807,0.00702886275792292,0.00102600456392517,103,0
0,13.259155968,accepted,3.69894510996856,-0.479376614207788,-0.313394365423335,-1.39941724709596,0.503204681442559,0.043389475622863,0.525736210680106,-0.00444906285137936,-5.5800499554161,4.14286253488291,7.93200974796291,-0.47,0.76,0.57,2.16944426022895,-5.06000072134862,4.44989743773067,9.35372628224584,-0.932599436064157,0.717001030665334,0.0582363578150188,2.1778773978446,13.259155968,0.0629913192178602,0.0629704061929777,0.101000218866392,0.0160940127844718,0.0145383434013777,0.00678683443932869,0.00100995058187429,104,0
0,13.359332096,accepted,3.27644399883968,-0.497480356910317,-0.308635842533463,-1.46643863507445,0.340528469996554,-0.065579944288647,0.508096767431394,-0.00665487226226302,-5.64657807925911,4.19839690913795,7.88999948773522,-0.58,0.43,0.5,2.17293491873294,-5.12373188013419,4.48719536428857,9.38436066253792,-0.891346273218535,0.486243242740238,0.00808484928743648,2.18272366070992,13.359332096,0.0614711053143637,0.0614300838812466,0.0997381909307379,0.0155283057755968,0.0137738054085221,0.0066101921505903,0.000988688892860744,105,0
0,13.457479424,accepted,1.75979241789112,-0.521352876892116,-0.284544768267321,-1.59567126929325,0.221936612659033,0.121684599603701,0.265860002714971,-0.0100694817202283,-5.72973824185649,4.25393129629766,7.79180140468124,-0.55,0.58,0.37,2.17468024798493,-5.2018020225108,4.54352653187786,9.37983150660676,-0.756464697829822,0.4666322038987,0.108256537500265,2.18684433337209,13.457479424,0.0601063471977297,0.0600503072737527,0.0985308934730802,0.014709473710229,0.0132838748222838,0.00641034734115883,0.000968289437961034,106,0
0,13.557607168,accepted,1.37369418288421,-0.549094754928845,-0.282976693768122,-1.71521859653542,0.0253818652085172,-0.218587225756652,0.0555206961543697,-0.0121000063306393,-5.8295304451584,4.3094656983348,7.69162188149215,-0.81,0.41,0.41,2.17642557723693,-5.29753787446404,4.54744578808761,9.37475445151322,-0.839964050879016,0.601363841954885,0.350103617977545,2.18791523273364,13.557607168,0.0583242312410966,0.0582506848523233,0.0968754319118845,0.013381722456019,0.0125261277812386,0.00609005391628168,0.00095121503534678,107,0
0,13.657768448,accepted,1.21183707759891,-0.546296677093565,-0.248914506967405,-1.81626967233453,0.0598955899098043,-0.118465269027465,0.0539242452167251,-0.0118401799298953,-5.91269061449795,4.35389322293895,7.59140880496057,-0.58,0.38,0.36,2.17817090648892,-5.37862504605468,4.5765646780367,9.37250552444732,-0.640446401600633,0.483962689228022,0.301147600641555,2.18982920858499,13.657768448,0.0568976433717575,0.056807142737761,0.0954311393259694,0.012652032478506,0.0119414902679306,0.00590165496170247,0.000934367341679374,108,0
0,13.757974528,accepted,1.93380504792031,-0.499002325897708,-0.223511841309978,-1.91961777385171,0.323376771768904,-0.118586004922699,-0.115769406651684,-0.0109585092405755,-5.93763863883834,4.39832070135526,7.49115090526151,-0.26,0.33,0.29,2.18166156499291,-5.42205224763479,4.60025865116702,9.35277854507692,-0.562478638745669,0.438050792891954,0.392996828386371,2.19399755584351,13.757974528,0.056094670416647,0.0560077598012707,0.0945735805307489,0.0122676712459534,0.0116791573990523,0.00575867621436596,0.00092080151993099,109,0
0,13.958266112,accepted,1.4454365510828,-0.528409792429496,-0.217340023647799,-2.1315519057232,0.0804311682680469,0.023199051718144,-0.108701536678174,-0.0107795414327407,-6.06237889105501,4.46496199167422,7.29075574421698,-0.46,0.48,0.4,2.18689755274889,-5.54508431908273,4.67647106827545,9.35752655698398,-0.539445762789603,0.456787129496103,0.495179032777376,2.19797532044518,13.958266112,0.058299800176017,0.0582516802415861,0.0968413355642409,0.012464725932209,0.0120623295121816,0.00572472534749571,0.000930251118005129,110,0
0,14.058379776,accepted,5.05677639004154,-0.523948383828816,-0.236798602545851,-2.22251723696762,0.284893260628106,-0.449619245277212,-0.439737130169568,-0.0119361929524673,-6.12890702514913,4.49828264013935,7.19059030830911,-0.3,0.26,0.13,2.18864288200089,-5.58506932804921,4.66441046630454,9.30170644733331,-0.564098628156321,0.665302146510121,0.540724787758521,2.19986959373233,14.058379776,0.0569416121282074,0.056899082401685,0.0954950445080246,0.011490171131143,0.0114402431564075,0.00547266226973525,0.000919829115199988,111,0
0,14.158535936,accepted,1.87184533045483,-0.509345018022074,-0.190993712713722,-2.26570738987578,0.0448203708135282,-0.162010386469152,-0.176891462969172,-0.0108680002795016,-6.15385504717269,4.54271011907193,7.09038235442524,-0.58,0.54,0.39,2.19213354050488,-5.65778069863315,4.70597871614473,9.28056039104902,-0.626585175270434,0.686221741540011,0.550478827971122,2.20242655635103,14.158535936,0.055828471924714,0.0557872597589836,0.0943281960076842,0.0109469786753742,0.0109132474478642,0.0052898946189053,0.000911290391156952,112,0
0,14.256657152,accepted,11.157968098735,-0.488282176071888,-0.22552043957254,-2.34338447629862,0.453140492683181,-0.838792760829929,-0.333129288913952,-0.0100960017176019,-6.2120671808252,4.55381703471014,6.99221039687457,-0.21,-0.07,0.24,2.19562419900887,-5.66929197518082,4.64163666835962,9.23065826157101,-0.620452973276391,0.677653206252158,0.547174869196324,2.20434694485668,14.256657152,0.0542218437757011,0.0541830539977704,0.0925800507041756,0.0101700675958101,0.0101918098929035,0.00505155384981823,0.000902698816703085,113,0
0,14.35881472,accepted,6.8557309667423,-0.501212177642893,-0.153592015176639,-2.39303577261551,0.406372480613924,-0.608293918347003,-0.275937130931392,-0.00867777598037023,-6.23701523152897,4.56492391936745,6.89,-0.28,0.17,0.23,2.19736952826086,-5.69856393771256,4.63260509214056,9.19135594464315,-0.654546594655802,0.72196401656486,0.484974752970341,2.20532659654386,14.35881472,0.0531495889800122,0.0531149531368186,0.0913352419787463,0.00962275052076482,0.00967022933936839,0.00486416543195807,0.00089657722990172,114,0
0,14.458956032,accepted,2.27224626921337,-0.519035653350996,-0.100763988571746,-2.37508838958744,0.112990501207225,-0.214895315411012,-0.184908433306652,-0.00736444866158159,-6.27859530265628,4.5982445500412,6.8729358048413,-0.49,0.47,0.53,2.20086018676485,-5.76475743010273,4.67095696697993,9.17237655270084,-0.599066542650823,0.667359491237649,0.699088561651169,2.20777671185355,14.458956032,0.0523340896502717,0.0523045156480058,0.0903587581784375,0.00943294215601365,0.00949580998774256,0.0047375960078657,0.000890004471636686,115,0
0,14.557079808,accepted,4.62960046273253,-0.465856684723864,-0.112237662175119,-2.38482425701343,0.400300173505312,-0.567793808515688,-0.027282254688081,-0.00776938145708073,-6.29522731634495,4.6315651562579,6.85621540014586,-0.28,0.22,0.73,2.20260551601684,-5.8084971638735,4.68863183512432,9.18601613358125,-0.659661075361742,0.751202246623175,0.748323097077293,2.2096927290629,14.557079808,0.0518198395632959,0.0517945429460415,0.0897068596173307,0.00925071873545134,0.00931708891310054,0.00462792466205219,0.00088378360633342,116,0
0,14.657230336,accepted,13.5540048831435,-0.445415067258059,-0.139259169473311,-2.4298624096946,0.694781455490529,-1.10430477849998,-0.183038087604057,-0.00754517674315514,-6.32017538592197,4.62045831453753,6.83914963457012,0.02,-0.43,0.69,2.20435084526884,-5.82090630040159,4.6480076297679,9.19814376175098,-0.63239109643283,0.598781056053854,0.859026377708556,2.21089772470169,14.657230336,0.0512863920027781,0.0512622941315852,0.0890183831200242,0.00913306862190935,0.00917559599823921,0.00453305150779328,0.000877891415796749,117,0
0,14.755396608,accepted,2.98674226798564,-0.486120307111944,-0.109259602638626,-2.45620181222209,0.237266286877408,-0.274481739579466,-0.234733490076704,-0.00617166967758997,-6.37007152830925,4.59824463108085,6.82242198850722,-0.38,0.34,0.56,2.20609617452083,-5.87667301693596,4.676469945537,9.19972559120231,-0.605369827735796,0.59497262618481,0.778321011459385,2.21192962971142,14.755396608,0.0506779144724906,0.0506574958425139,0.0882377913890418,0.00886226349849569,0.0089173396678338,0.00442936140626553,0.00087183284787338,118,0
0,14.95769088,accepted,15.6687852737307,-0.378360389627959,-0.220730636613941,-2.56614893179604,0.719740017155512,-1.26347205014199,-0.218430206719248,-0.00734900870384392,-6.36175550821725,4.59824462359509,6.78795081104855,0.24,-0.5,0.49,2.20958683302482,-5.92650107945304,4.69217399340067,9.27723799798319,-0.437785032759792,0.680613252417002,0.693842217542391,2.21378549247212,14.95769088,0.0528666409471191,0.0528441773153436,0.0904829251243166,0.00918487279109488,0.00932467665736713,0.00445306864360353,0.000885668784661949,119,0
0,15.057833216,accepted,2.19514774302352,-0.371543741697982,-0.154373383211394,-2.5684919443517,0.0425635093283757,-0.194045021259668,0.220390653929913,-0.00377193213641336,-6.34512345601222,4.60935147160485,6.77088644139907,-0.44,0.5,0.82,2.21133216227682,-5.98370279510074,4.74398940472008,9.29850060271897,-0.484035816269645,0.683059550595007,0.595865299447444,2.21473058147705,15.057833216,0.0526269450805511,0.0526040988293243,0.0901648017186105,0.0090902271796442,0.00919712570708219,0.00439412543678403,0.000879337119369545,120,0
0,15.156059392,accepted,8.46851682201829,-0.317043872483039,-0.192513779934244,-2.6017678214182,0.553615347138511,-0.883033767143302,0.206324737533423,-0.00541545438760149,-6.35343946615801,4.62045834405086,6.75414858762542,-0.02,-0.19,0.78,2.21133216227682,-5.9994458216621,4.73181089080362,9.31749677796646,-0.545416586723682,0.641246550966737,0.571022035891091,2.21532779069628,15.156059392,0.0521803002229626,0.0521583891816758,0.0896225247170925,0.00895198371113775,0.00901290686425538,0.00431478668794556,0.000872832725886127,121,0
0,15.256286208,accepted,7.55812779938702,-0.332150795949612,-0.210149352829435,-2.63826680159891,0.318921415010236,-0.895743956989337,0.13958996139941,-0.0034982029014472,-6.37838755602332,4.58713777369911,6.73706982248642,-0.07,-0.18,0.69,2.21307749152881,-6.02854279596325,4.71138123449457,9.33105237676735,-0.37320439717407,0.660868276899485,0.546160838321583,2.21434124219374,15.256286208,0.0517530433308876,0.0517353459489504,0.0890941437444611,0.00882027856616032,0.0089392993818632,0.00425552855031726,0.00086628643077024,122,0
0,15.356460032,accepted,2.48298829451908,-0.331516889278492,-0.190891984470593,-2.67213445470606,0.0843396817243787,-0.331585608679282,-0.171455585239332,-0.002088725416721,-6.39501959853146,4.58713778857789,6.7200000872454,-0.18,0.32,0.53,2.2148228207808,-6.06955875710568,4.75060917953888,9.32211806491465,-0.263840668954064,0.636050537029824,0.689109951323368,2.21620212067676,15.356460032,0.0516983697530049,0.0516796400824093,0.0889509138581633,0.00891997633355989,0.00911004328919207,0.00423247237419451,0.000859821841323583,123,0
0,15.456621824,accepted,8.02446437140612,-0.298019320527904,-0.220882412490978,-2.69366302106277,0.307736672064305,-0.897786898998329,-0.330465461475948,-0.00197829135364547,-6.38670357818285,4.58713778135092,6.69704135144505,0.15,-0.32,0.46,2.2165681500328,-6.07082267799544,4.723060270004,9.3034386054262,-0.142458436623121,0.523018199096341,0.772967003301772,2.21557596767388,15.456621824,0.0513180849652965,0.0513010062821974,0.0884653654610361,0.00883243643784349,0.00910034215138522,0.00417887730597558,0.000852628328354574,124,0
0,15.556793344,accepted,6.90112460094276,-0.321043679855856,-0.243798924640381,-2.70630430931702,-0.22627754364609,-0.716951949302033,-0.190133918791504,0.000188063653621118,-6.40333566811249,4.53160347445233,6.67408035571003,-0.35,-0.12,0.58,2.2165681500328,-6.1183776847763,4.68254894972787,9.29942156874277,-0.143676084250368,0.538110072724542,0.755149835883596,2.21369541304,15.556793344,0.0505166675254795,0.0505054250670272,0.0875277537293186,0.00852694639112421,0.00875646146793753,0.00407234384801016,0.000844906532763841,125,0
0,15.658937856,accepted,8.35510570719894,-0.273885060464802,-0.248278950147147,-2.71550939786194,0.114612059272495,-0.894605779965548,-0.166409250722367,0.000803445123260804,-6.41165171830702,4.49828288791675,6.6506671170531,-0.1,-0.21,0.44,2.2165681500328,-6.13350608559378,4.64522112160926,9.29090508689599,-0.208335673304564,0.62048998994936,0.593192171830722,2.21284585534519,15.658937856,0.0499671948463608,0.0499586743797971,0.0868346692673802,0.00829133590819397,0.00838656089750551,0.00397954000552222,0.000838171253637734,126,0
0,15.75706496,accepted,6.11977752591651,-0.242021422288266,-0.236892039079815,-2.71136652549301,0.349093382813483,-0.772276716629456,-0.18875520905161,0.00466905638242654,-6.40333571785812,4.47606915258221,6.62817473582105,-0.02,0,0.28,2.22005880853679,-6.14270568972271,4.64814404145384,9.26756109696282,-0.35372392920697,0.732908516728188,0.456401590551081,2.21377533916105,15.75706496,0.0497225037444769,0.0497129248852357,0.0864696844240102,0.00826569797496539,0.00817761673664095,0.00392149532304531,0.000831565099829963,127,0
0,15.959295232,accepted,16.1853709974615,-0.203563440441898,-0.391715088002474,-2.74888138865433,0.271496719898403,-1.19317848773486,-0.0657782366139572,0.00443192305016682,-6.40333577742531,4.40942796713505,6.58182015906226,-0.04,-0.3,0.13,2.22180413778878,-6.16777269203955,4.6279740708423,9.2646223600457,-0.288148701137923,0.787999978832808,0.186437502434352,2.21317738318993,15.959295232,0.0512768317424229,0.051264660394773,0.0879912970782415,0.00837177915164132,0.00818945572587967,0.0039128724255721,0.000840855474454232,128,0
0,16.059456768,accepted,10.5181338774358,-0.210268207793359,-0.359984140840516,-2.72059483311143,0.268216443055526,-1.03629245987326,-0.151806100363932,0.00740647257895644,-6.41165184791544,4.35389365239162,6.55886145182782,-0.11,-0.15,-0.06,2.22180413778878,-6.18036268771803,4.59884459246586,9.20676208023846,-0.362104077148229,0.818485218575995,0.0799877649175083,2.212242571413,16.059456768,0.0506860029668876,0.0506754971993172,0.0873008396845331,0.00822172341326177,0.00793943441248113,0.00384008211135797,0.000832745978360687,129,0
0,16.15760384,accepted,16.1783907314075,-0.185981720744516,-0.357556114341945,-2.6662773528911,0.211125845321158,-1.15790817216833,0.158932671881138,0.00909507281528432,-6.4116518676905,4.33167992497255,6.53636449359462,-0.19,-0.27,0.08,2.22354946704078,-6.20146783943359,4.52275556535631,9.17075477572221,-0.383489336001455,0.78792283275506,-0.0785263790787129,2.21194051838386,16.15760384,0.0496105808056073,0.0496046925630931,0.0860732936905152,0.00782984408255131,0.00752163982055226,0.00372734184771254,0.000823393527047143,130,0
0,16.25772544,accepted,4.61813336778065,-0.135309237053145,-0.260962498455964,-2.65767287344862,0.205800340812877,-0.544471126624987,0.043133686642029,0.0120384311479955,-6.37007176542689,4.33167988823711,6.51341494036249,-0.17,0.1,0.02,2.22529479629277,-6.21693621236573,4.5271782434869,9.12039105769125,-0.363044362478745,0.606691770402132,-0.029280189487132,2.212284339672,16.25772544,0.048988569110253,0.0489829288480792,0.0853086905989934,0.00751720296026327,0.0073613793522557,0.00363047633285976,0.000816523626636248,131,0
0,16.35987712,accepted,13.8194995904819,-0.138766596406913,-0.294676413107097,-2.62058408296271,0.237674519397203,-1.10552847022764,0.278598268310789,0.0115330028822842,-6.39501985658258,4.29835931701489,6.4900000586795,-0.15,-0.44,0.04,2.22529479629277,-6.23322881806123,4.46321866930904,9.09001114775084,-0.371880909452699,0.588137322254225,-0.235831898766189,2.21212969431837,16.35987712,0.0483803188478642,0.0483758632082485,0.0845392066009164,0.00728884904054078,0.00710691124124744,0.00355502436926742,0.000809886932228291,132,0
0,16.458030848,accepted,6.19111398647619,-0.11943991419227,-0.260336655691665,-2.66336390581819,0.0843169661663319,-0.634570498720839,0.134455915073171,0.0127273373886521,-6.38670387526355,4.25393185295975,6.40946535282947,-0.17,-0.23,0.03,2.22704012554476,-6.25971076570352,4.42813368860653,9.03649783525683,-0.248479052954566,0.353836680237188,-0.106638563866155,2.2131356420844,16.458030848,0.0475274063547582,0.0475241947820891,0.0834897504942181,0.00694810883526858,0.00692033023614232,0.00344763906385215,0.000803425021267353,133,0
0,16.558195456,accepted,8.18824503033577,-0.122170994530772,-0.269312157044176,-2.70119176893981,0.275545269131978,-0.988107723490016,-0.0401875534417316,0.0136518227180558,-6.40333596636621,4.1983975463027,6.32728057423851,0.05,-0.47,-0.12,2.22878545479676,-6.2648968795643,4.3904659613756,8.97066287483034,-0.213869898147226,0.472883924104034,-0.0880226239420636,2.21365955969971,16.558195456,0.0473566148278706,0.0473528968139449,0.0832089554743943,0.00705302884549557,0.00693500736224651,0.00343399161430027,0.000797334651473044,134,0
0,16.658327296,accepted,6.76589672743913,-0.155170077684778,-0.318405255340582,-2.71313330716948,0.0756049811198146,-0.909067119935189,-0.0874233029031211,0.0137416073758367,-6.44491614165498,4.12064953362656,6.24512268169921,-0.16,-0.44,-0.24,2.22878545479676,-6.28878271677363,4.3676304064754,8.89689093746186,-0.233347153874502,0.428545917428024,-0.161836966121419,2.21431645289856,16.658327296,0.0472212348736621,0.0472161492477774,0.0829639915981021,0.00703161416765919,0.00691461375081579,0.00340024521323539,0.000791523443024451,135,0
0,16.756443392,accepted,5.51760674653764,-0.124661371532603,-0.310532429815914,-2.71029465630463,-0.00660597347190947,-0.661326111830813,0.11237834618821,0.0135207436966991,-6.43660013874999,4.09843579656565,6.16461870143137,-0.25,-0.27,-0.09,2.22878545479676,-6.31568266700847,4.33719359534307,8.83142860098713,-0.244584054666439,0.350556790513986,-0.206561536186742,2.21475405938614,16.756443392,0.0467480935094558,0.0467430451641082,0.0823417522294515,0.00687079884929935,0.00678243917520176,0.00333460184493349,0.000785335872458191,136,0
0,16.958749184,accepted,4.95283655853023,-0.111165930535003,-0.424737239557409,-2.76014742288238,0.233942803952247,-0.742432496674702,0.00768692038525604,0.0125401144146924,-6.49481239623627,3.97626034339395,5.99862736921163,-0.21,-0.49,-0.42,2.23053078404875,-6.37277831652927,4.34233087003977,8.70184568682116,-0.43645006970767,0.222119225188695,-0.435605009566568,2.21803616011288,16.958749184,0.0489771126225845,0.0489647165815725,0.0845956742081326,0.00720044111234654,0.00713495202883628,0.00336055967318236,0.000795929499258987,137,0
0,17.058883584,accepted,5.26078834320185,-0.0810871352310114,-0.424781031275075,-2.72973626712957,0.159373686754263,-0.71311936325903,0.283458709169462,0.0124930821050531,-6.49481242674199,3.94293975039056,5.91646737619954,-0.3,-0.37,-0.34,2.23227611330075,-6.40532222148272,4.30665588539146,8.60850900539225,-0.453824510280599,0.311436302736092,-0.626055195702507,2.21985897600757,17.058883584,0.0488421664883278,0.0488299705117033,0.0843747645415806,0.00722462146607804,0.00709820956148737,0.00334830273954692,0.000790058158009014,138,0
0,17.158993664,accepted,13.3177051564457,-0.0823698524766536,-0.480877127528236,-2.71102423714294,0.220230379822273,-1.39934561734362,0.274115294433962,0.0124697572050185,-6.52807659099776,3.85408486646212,5.83432733767891,-0.13,-1.1,-0.42,2.23402144255274,-6.43231078121623,4.22542793522624,8.50876259239706,-0.341844417636615,0.238968496062081,-0.696672116689074,2.22096532636623,17.158993664,0.0487047335113467,0.0486917439909407,0.0841436580869815,0.00720351140938502,0.0070945063622869,0.0033271581484568,0.000784313109559699,139,0
0,17.2571392,accepted,3.94476750114955,-0.0309514449709534,-0.471496675727694,-2.68606003558611,0.0520561463154164,-0.67458684748385,0.0397648058825661,0.0108831707006694,-6.50312858888852,3.78744365818489,5.75379920197403,-0.22,-0.39,-0.55,2.23402144255274,-6.46982822317214,4.2063528560619,8.38633188791766,-0.270605018072286,0.2585357364874,-0.59696730778629,2.2229645068645,17.2571392,0.0486843184460128,0.048668180065728,0.0840253716916992,0.00732226970392858,0.00719575714566718,0.00332383050342262,0.000778365165227374,140,0
0,17.359270912,accepted,5.75399033284335,-0.032173529222522,-0.529163966946312,-2.66571839983118,-0.0615050895087254,-0.885053198639486,-0.0075280264626354,0.0094142046459269,-6.53639274397524,3.70969563886382,5.67000042009455,-0.37,-0.64,-0.5,2.23402144255274,-6.50824089546467,4.16720515163514,8.28029767958055,-0.311064986733431,0.208106287983658,-0.500222866454989,2.22454961474453,17.359270912,0.0487022849908653,0.0486826611707127,0.0839331712719566,0.00739035315923187,0.00726621298219319,0.00329668189973691,0.000773094214651147,141,0
0,17.457428224,accepted,9.11125309914534,0.0201044209648673,-0.556018067000517,-2.67649127275017,0.406381613014926,-1.20990785875686,-0.155823920872883,0.00794490350366406,-6.52807678361159,3.64305444527587,5.55706350448364,-0.05,-0.78,-0.69,2.23402144255274,-6.5244236853134,4.1152445893223,8.17055443096778,-0.442482602704009,0.385641178695527,-0.543919130614933,2.22550648462099,17.457428224,0.0487218278602704,0.0487001775773824,0.0838336245557031,0.00760772981717527,0.00730459459640773,0.00330415709580091,0.000766826654766561,142,0
0,17.55955712,accepted,5.7224061775038,0.0163461279378287,-0.583124784672571,-2.6752069012434,0.0965221578565343,-0.875056629684424,-0.357157086041714,0.00688062970954206,-6.54470888933795,3.57641327516713,5.43955682532137,-0.18,-0.35,-0.95,2.23402144255274,-6.55460819922744,4.09404802222849,8.04128265736053,-0.272868607885793,0.492399042432636,-0.605486215782503,2.22670963178411,17.55955712,0.0488688699358562,0.048842619700171,0.0838509779202233,0.00779967012100026,0.00738337229522058,0.00332333180094567,0.000760785469588688,143,0
0,17.657715968,accepted,7.54731332967352,0.0388225567666574,-0.620989058884775,-2.6468554168323,0.0878904367590135,-1.15428160020426,-0.128105443840125,0.00761332656266456,-6.54470892992913,3.53198581666731,5.32661797343292,-0.25,-0.5,-0.91,2.23576677180474,-6.57663773562124,4.07176217745761,7.91267390534598,-0.334499003175592,0.612713461473083,-0.79089674557335,2.22784965025839,17.657715968,0.0489407225529835,0.0489075403772355,0.083783853735065,0.00797085914538244,0.00738267450287842,0.00333026651313366,0.000753780016621772,144,0
0,17.757901824,accepted,12.2784519155013,0.073720633708465,-0.661851344663795,-2.60606391557147,0.0284739019410138,-1.50557165590099,0.254491209531833,0.00752996354451518,-6.53639295703122,3.47645148866235,5.21134690227996,-0.17,-0.83,-0.72,2.23751210105673,-6.60459044572408,4.03064344001792,7.77813957005064,-0.196218635971917,0.618640902069614,-0.977500275124067,2.22904885893201,17.757901824,0.0490154970587908,0.0489737659829361,0.0837212907783353,0.00800555206825507,0.00740756213113058,0.00332146982310461,0.000746807823455431,145,0
0,17.95818368,accepted,9.85194306641312,0.0803091986241249,-0.823155652960864,-2.62463805678422,0.0729427946859156,-1.31132205091629,-0.122118230218454,0.00544797015009735,-6.54470909232307,3.35427598922501,4.98090814579898,0.16,-0.58,-0.9,2.23925743030872,-6.6155977109283,4.06665529493132,7.54363901611958,0.0928675014648597,0.674615027032246,-0.786888332702277,2.23158106774505,17.95818368,0.0515870438519183,0.0514933611372915,0.085985109875048,0.00865473453719229,0.00805412151682997,0.00338148644301498,0.000752469423388168,146,0
0,18.058323712,accepted,5.94840942844773,0.0608263584502904,-0.82989210860656,-2.60713738711302,-0.333870618123375,-0.801535952064504,-0.25065741315028,0.00809066828201166,-6.54470913331013,3.30984853340373,4.86568979847127,-0.17,-0.1,-0.82,2.24100275956072,-6.62469802143915,4.05705555617049,7.40262018041272,0.151593809846848,0.662489345448967,-0.580187709613371,2.23285204903755,18.058323712,0.0514964072315118,0.0513954123267244,0.085809221347354,0.00871532189517166,0.00816626265062559,0.0033512679364221,0.000744033751296399,147,0
0,18.158491136,accepted,9.79965664547481,0.0845763263335986,-0.827053436638064,-2.59944256131277,-0.203690571460932,-1.22894479164979,-0.322269593569474,0.00696922519507748,-6.51976106618637,3.30984851053618,4.75043993466702,0.07,-0.36,-0.83,2.24100275956072,-6.6128029030104,4.02696193960202,7.2764569201273,0.268924946850841,0.812630245253086,-0.519210783391599,2.23243884774301,18.158491136,0.0514291652087005,0.0513233707733563,0.0856477088246444,0.00898636175804007,0.00826529441920652,0.00338429740051276,0.000734736943550671,148,0
0,18.258646784,accepted,6.5098625955296,0.0667473575300086,-0.832382022053577,-2.59068140135768,-0.351634263061644,-0.875805388367848,-0.130678210689719,0.0074991055857776,-6.51976109683134,3.27652791699661,4.63520362000222,0,-0.1,-0.65,2.24274808881271,-6.60734880641917,4.01901199096787,7.1633947650873,0.33861115288649,0.732095066943392,-0.527805029336973,2.23473376179472,18.258646784,0.0513295438165385,0.0512163298564885,0.0854543429934431,0.00881823396823259,0.00828412656038374,0.00335116472008651,0.00072592915358566,149,0
0,18.358773504,accepted,5.83256486609792,0.0932042041921681,-0.805993091149599,-2.59068114010311,-0.285775681021072,-0.842664989315529,0.099832176873381,0.00931618080222396,-6.48649700005065,3.28763475135096,4.52000058909302,0.06,-0.16,-0.36,2.24449341806471,-6.59458459627837,4.00901700000217,7.06229911284054,0.335808405575207,0.641534298913642,-0.464648378643182,2.23452033857713,18.358773504,0.0512711158888523,0.0511498214135745,0.0852944487867389,0.00870091931689575,0.00828062759636757,0.00331402099832645,0.000718166540286032,150,0
0,18.458882048,accepted,8.04021667188055,0.079902326957682,-0.824963965606597,-2.55486108266145,0.0108055968353139,-1.14224548021303,-0.162541818310267,0.00989929150656454,-6.48649704026786,3.24320729491666,4.47292010623402,0.15,-0.41,-0.45,2.2462387473167,-6.56137891881897,3.96600741059278,6.96547002089616,0.142080405638822,0.680449177165914,-0.296188059777854,2.23503587462281,18.458882048,0.0512488308225579,0.0511306959916026,0.0851643853663052,0.00885438991642887,0.0082098045351952,0.00330123229853063,0.000711053685336249,151,0
0,18.559023872,accepted,4.45624393127533,0.0740386632636811,-0.784663159825806,-2.51497556945022,-0.541670215459856,-0.418926111088286,-0.0720613233731363,0.00951426780839348,-6.46154897546824,3.24320727195637,4.42582432039887,-0.23,0.09,-0.21,2.2462387473167,-6.57391894685659,3.96879751183804,6.8832197229942,0.287038456538379,0.483502237858285,-0.145099692472769,2.23777968216674,18.559023872,0.0510833886250257,0.0509614805569276,0.084919454012935,0.00860177717531234,0.00831621144445261,0.00324013316478451,0.000704365125461004,152,0
0,18.657187328,accepted,5.74399133376831,0.0664530880803662,-0.791561671243818,-2.49622690375308,-0.299053248291812,-0.81662464939259,0.00188082076815514,0.00836389128462844,-6.47818103633641,3.22099355750154,4.37965894297759,-0.04,-0.34,-0.06,2.2479840765687,-6.56304944349447,3.92618563711952,6.82428083555097,0.247106809079799,0.43393794218738,-0.067708577295001,2.23924288081368,18.657187328,0.0509169548636969,0.0508001470099043,0.0846700702110113,0.00854705573003418,0.00826879880371648,0.00320943295216214,0.000698084103145662,153,0
0,18.759324416,accepted,3.52495199369922,0.046064985623274,-0.791804059823916,-2.48897593134849,-0.300559641904049,-0.506845102978688,-0.153072363669213,0.00708782646873907,-6.48649710052405,3.1765661084492,4.33162480269397,-0.01,-0.1,-0.12,2.2479840765687,-6.54913060994763,3.90941852541004,6.76037106239004,0.280031579745042,0.380850620586269,0.0245362958699478,2.24095774196568,18.759324416,0.0510077412223165,0.0508893089200773,0.0846257915564323,0.00856244656844928,0.00834857669841932,0.0031923308920316,0.000692918878903036,154,0
0,18.959558912,accepted,6.98146016967944,0.0582869033833173,-0.868994517146588,-2.53564687660747,-0.141765553611632,-0.879838745143796,0.0578504969874769,0.00600693787160456,-6.44491705192549,3.10992488527195,4.23745634676064,0,-0.51,0.13,2.24972940582069,-6.51359026162215,3.8628951653795,6.72458414893713,0.134872912801769,0.311402625399757,0.0674546071399022,2.24308947932273,18.959558912,0.0533280913298924,0.0531922716838351,0.0865690643475111,0.00883223676781647,0.00857156584673623,0.00320435073471579,0.000699435788201013,155,0
0,19.057696256,accepted,7.31720510380809,0.0635161982913672,-0.842647616248007,-2.5386706669152,-0.101585039756844,-0.8995329852161,0.0456296970471428,0.00489278797424753,-6.43660107826504,3.05439055638279,4.19130324957464,0.03,-0.49,0.11,2.24972940582069,-6.50664929846258,3.77868514968648,6.68084609262283,0.126992305207191,0.349469959249802,0.0596198261758271,2.2441800953643,19.057696256,0.0526998759391319,0.0525824524433163,0.0860326506055687,0.00867904966174313,0.00836262663512791,0.00318482564414809,0.000693594085943439,156,0
0,19.155854336,accepted,6.01094616565978,0.0208922063655521,-0.83203896428965,-2.5329314467304,-0.317776906016131,-0.717220011513925,0.0387739419074679,0.00564689824275133,-6.46986523828586,2.97664253761679,4.14514040043711,-0.08,-0.51,-0.01,2.25147473507268,-6.51976345611625,3.70994746068044,6.62857739155721,0.220311947190777,0.159086373109255,-0.0537899235920497,2.24559731571004,19.155854336,0.0521237709056603,0.0520112436458713,0.0855123617526451,0.00828712427493434,0.00815617211204888,0.00310658896338683,0.000688829601964347,157,0
0,19.258021376,accepted,6.46268048853558,0.0175238465237282,-0.788276290656124,-2.52586892404752,-0.569200556513738,-0.322910009658783,0.125625066864877,0.00416333854596118,-6.47818129782522,2.93221508736054,4.09709217400125,-0.31,-0.27,0.04,2.25147473507268,-6.57825523344171,3.64530638694127,6.58710587598632,0.210077899198243,0.0188107010538988,-0.0861638457874965,2.24814217514788,19.258021376,0.0509373335987476,0.0508409907342063,0.0845378521495042,0.00778145847818805,0.00774101174984037,0.00299829855758188,0.000684028662883809,158,0
0,19.35815552,accepted,7.69925440736503,0.0438645656870831,-0.746074183843771,-2.53198140343851,-0.705693192475022,-0.246785430570083,0.0832981879291744,0.00236001595384305,-6.50312939663502,2.89889451719505,4.05,-0.28,-0.25,0.03,2.25147473507268,-6.64405021681152,3.58433358221265,6.54072607983532,0.367931077882227,-0.0289813882574156,-0.0546915659140217,2.24991022584277,19.35815552,0.0498351265675707,0.0497516531376166,0.0835725645971145,0.00742044859174996,0.00748704716726349,0.00293349105125159,0.000678577748407227,159,0
0,19.458291456,accepted,5.5375257970756,0.0637872687858989,-0.707334298038726,-2.45455781000549,-0.708010702573222,-0.176124754236961,0.0385864767035361,-0.000542440153179946,-6.52807749311338,2.8655739466988,4.08306495390735,-0.19,-0.25,-0.05,2.25147473507268,-6.65431519166574,3.53233361201442,6.4905109148284,0.480672534304499,-0.0887549110075739,-0.0926594300630192,2.25235727994618,19.458291456,0.0494153682105713,0.0493413704425037,0.0831245650478823,0.00726413355652098,0.00742246628320117,0.00289027485406577,0.000673811597284031,160,0
0,19.558454272,accepted,14.1006566602283,0.0286963939451921,-0.704104354620944,-2.37238351888917,-1.08615622998716,-0.169046347245048,0.0413566936071464,-0.00139918475536405,-6.56965764659161,2.82114652858933,4.1161387836089,-0.44,-0.24,0.05,2.25322006432468,-6.74108130967431,3.4784574908905,6.44595451679978,0.561829239714318,-0.0884164939229485,0.00807235696889484,2.25570633249353,19.558454272,0.0484729564422596,0.0484078375478711,0.0822375634585486,0.00701732531486064,0.00724701876742246,0.00282662020938707,0.000667878891923489,161,0
0,19.65658368,accepted,7.44040013314943,0.118917282530048,-0.664092609606613,-2.30084184722913,-0.737072332824311,-0.140602333217572,0.0685485521658985,-0.00224269579600689,-6.57797366668361,2.82114653607509,4.14854118061127,-0.24,-0.03,0.17,2.25671072282867,-6.7871462130664,3.44491900706904,6.4115103053768,0.441785803286843,0.0960396148001993,0.100451043039734,2.2605284305384,19.65658368,0.0475742020910103,0.0475215026871722,0.0813540415552699,0.00687015686684971,0.00692361077651876,0.00275410758125664,0.000661888046007098,162,0
0,19.758720256,accepted,4.74701105046893,0.176804693234822,-0.625256098351875,-2.23569198946132,-0.504914926902974,-0.0656962546126208,0.223561550093373,-0.00480531333983469,-6.57797365646618,2.83225340114181,4.18226674720201,-0.25,0.11,0.25,2.25671072282867,-6.81167969917116,3.42857015368794,6.39957146044084,0.218434865609445,0.16663429110122,0.0288641977359705,2.26283872980629,19.758720256,0.0468486625558276,0.0468065937184672,0.0805986328445776,0.00663927576052478,0.0065476523350481,0.00265701911673759,0.000657329488380148,163,0
0,19.959017216,accepted,8.10637676670753,0.114598942673534,-0.597487687914151,-2.16587572692464,-0.865001661922823,0.19177116436028,0.217516806485711,-0.00798089699086368,-6.59460565163366,2.88778773665245,4.2484049390913,-0.25,0.6,0.16,2.25845605208066,-6.79261807325515,3.48356059319513,6.39022719653352,0.563533901217136,0.416669205165495,-0.0556248120846228,2.26994961676001,19.959017216,0.0486179810268884,0.0485685275773857,0.0821939407026755,0.00698729124149383,0.00692380976331074,0.00269181135547194,0.000661536157938171,164,0
0,20.05916544,accepted,11.7045794929248,0.135675028610641,-0.584630343665351,-2.09967758611705,-0.973589891063372,-0.0926137035778286,0.414204758852362,-0.0142073482176133,-6.60292161223202,2.95442892940576,4.28147395050457,-0.43,0.59,0.23,2.25671072282867,-6.8436013383748,3.50824708721528,6.38214089502959,0.477507078417062,0.67453074404556,-0.175347160248506,2.27546660554627,20.05916544,0.0479365184507959,0.0478996207662957,0.0815137994508468,0.00696510685963828,0.00664065777754669,0.00265575368833338,0.000653141126663349,165,0
0,20.157280768,accepted,8.80694516412807,0.190508114464063,-0.553606669742992,-2.05765897739565,-0.75348846655854,-0.273776226921658,0.351067315358925,-0.018625366771305,-6.61123756248829,3.0321769872196,4.3138716982814,-0.38,0.67,0.25,2.25496539357667,-6.88337828301132,3.53508786922172,6.3691005105423,0.319321227547552,0.922568355478881,-0.0933368233074727,2.27773795519038,20.157280768,0.0471744094324479,0.0471509388847178,0.0807438667397534,0.00703059720828598,0.00639763922560675,0.00262051617745037,0.000642735124088929,166,0
0,20.259391744,accepted,4.81635795420169,0.255339706853865,-0.501667772915851,-2.02285612938531,-0.575771177844214,-0.115713463697883,0.19440847753615,-0.0257800415173186,-6.58628941466619,3.12103187775063,4.34758881173479,-0.21,0.79,0.26,2.25147473507268,-6.8953030668994,3.5936165429338,6.35017365782967,0.328960052553452,0.895606546632169,0.0676040802428786,2.27989546098637,20.259391744,0.0466319865102432,0.0466136355478097,0.0801516220813268,0.00682816527413584,0.00632694732227102,0.00256091471471094,0.000633704516668802,167,0
0,20.35754752,accepted,4.29221272803168,0.28280344745812,-0.507656041741411,-1.98200781789183,-0.371954833121213,-0.532724437066765,0.0937183362291307,-0.0304137227014398,-6.5779733400118,3.1765661918573,4.37999991546862,0,0.36,0.31,2.25147473507268,-6.8813135804097,3.62489198222705,6.33015464390859,0.356478773723986,0.863887155915379,0.214748863414855,2.28192408894185,20.35754752,0.0463222450146125,0.0463022141608379,0.079751975803388,0.0067624881105427,0.00634462998362021,0.00253460943329989,0.000626685956902046,168,0
0,20.45767808,accepted,3.7624743771316,0.248763005804862,-0.479132224087017,-1.95592473354217,-0.552605170482741,0.0430678208630781,-0.0397439240767629,-0.0306013188265153,-6.59460533467336,3.23210052900376,4.39699835724354,-0.16,0.91,0.26,2.25322006432468,-6.88729673236012,3.69998283369175,6.31102338811051,0.362601162266743,0.866708335320937,0.295817756300911,2.28587563652999,20.45767808,0.0459184076547968,0.0458996196306608,0.0792651213767649,0.0066343590679858,0.00628572040610334,0.00250685097531331,0.000620651393542808,169,0
0,20.557825536,accepted,4.03828820866266,0.261738346865988,-0.452464834621371,-1.92517594342544,-0.51608460268803,0.205073629879898,-0.121470451215095,-0.034425031039941,-6.59460524234986,3.33206230667275,4.41399962625118,-0.17,0.98,0.15,2.25322006432468,-6.89882568176684,3.79041125904716,6.2901406021832,0.317519537262243,0.7843052578904,0.265439074251233,2.28944472335206,20.557825536,0.045476790641466,0.0454580909497627,0.0787354240317384,0.00636994405983096,0.00614432866693486,0.0024542910683668,0.000615608778195986,170,0
0,20.65796608,accepted,4.72756450880244,0.252365938277443,-0.445044689693711,-1.8967080013953,-0.589800143821101,-0.112608561231909,-0.214361928735885,-0.0365195496127169,-6.61123720289118,3.42091723639642,4.43099972186133,-0.23,0.62,0.11,2.25496539357667,-6.91201175500003,3.84140239951108,6.27133977801904,0.328491855337139,0.723791475513621,0.317037850856466,2.29267625311329,20.65796608,0.0450716859034463,0.0450540020024479,0.0782305422655572,0.00621371570371244,0.00607376637732673,0.00241720194073326,0.000611183146540527,171,0
0,20.758087168,accepted,7.29988200843603,0.306332740379773,-0.408429591935393,-1.8577375387109,-0.751543304540022,-0.226943003061638,-0.138609160157506,-0.0394387206871381,-6.56965701386592,3.50977211271994,4.44799651457492,-0.36,0.61,0.26,2.25496539357667,-6.94442060048462,3.88210337915473,6.25651066817434,0.34699482327446,0.821088964452051,0.394151499811685,2.29638795860019,20.758087168,0.0445855180483915,0.0445712526371786,0.077648430591274,0.00616253584250334,0.00599050958530747,0.00240988391240927,0.000606286424301009,172,0
0,20.9583744,accepted,7.13323012455991,0.260931724169462,-0.439976142650677,-1.83422737539569,-0.244104406594537,-0.451470309996196,-0.560221019189845,-0.0447487624475653,-6.61123701839805,3.62084079273995,4.48199774881522,0.23,0.44,-0.36,2.25671072282867,-6.8903916606528,3.99529756307054,6.21934311157952,0.463498041963355,0.858384207544974,0.182195574660356,2.30080781183254,20.9583744,0.0460046582943648,0.0459813872006585,0.0789201618941043,0.00624659551616098,0.00609743988028153,0.0024518788632455,0.000610267355579012,173,0
0,21.058518272,accepted,8.76899330954613,0.249305194888952,-0.3867362975339,-1.73477823216353,-0.963030787710699,-0.0436358949162947,-0.190218594707007,-0.0452991980049764,-6.6029209255229,3.69858883564404,4.49899840939454,-0.66,0.88,-0.07,2.25671072282867,-6.92851400071487,4.06947746983829,6.18504567833895,0.255735740819842,0.919443421551322,0.115912160057088,2.30460060332709,21.058518272,0.0456665692961315,0.0456451376638221,0.0784937796974556,0.00617469554397079,0.00595604081366484,0.00242846325856425,0.000605602317582747,174,0
0,21.15662848,accepted,5.85492477053865,0.28341966692622,-0.401809788805535,-1.67730271946053,-0.391860835334611,-0.750436148858733,-0.314991347651639,-0.0501857380058892,-6.6195529158147,3.75412317259835,4.51565383036302,-0.06,0.06,-0.22,2.25671072282867,-6.91852784481107,4.09499515243805,6.1416384351062,0.320870065939982,0.779586220697336,0.0877479681914403,2.30622231690358,21.15662848,0.0455445742333382,0.0455198254218051,0.0782517398204165,0.00607699761398222,0.005978339870016,0.00240219464511229,0.000601814886403982,175,0
0,21.258773248,accepted,2.97858410007942,0.285132793257457,-0.386043123985769,-1.62077182565807,-0.474578937866451,-0.150328638836316,-0.268987932423684,-0.0509496645644347,-6.60292084330677,3.78744374978185,4.53299416777998,-0.18,0.64,-0.12,2.25671072282867,-6.91178200226774,4.15107680602549,6.10511651702086,0.278558905551611,0.781724233761579,0.142413371845843,2.30766171458998,21.258773248,0.0454594544059768,0.0454345520702442,0.0780447538789884,0.00609464508911392,0.0060061249112946,0.00239459873785981,0.000598474519835867,176,0
0,21.358947328,accepted,3.58277799708195,0.278898162590467,-0.356100610151017,-1.57399567681178,-0.623129814992383,0.0260699890817745,-0.237637241190323,-0.0515025825914157,-6.60292076161118,3.87629866313088,4.54999995654083,-0.33,0.86,0.06,2.25845605208066,-6.91386783478969,4.22321244905019,6.07949540450051,0.271986692762589,0.832741885936331,0.292320034978804,2.31032493541387,21.358947328,0.045385973607388,0.0453606226382455,0.0778435962630132,0.00618160572978132,0.00608830816604043,0.00240330836909166,0.000595140224305339,177,0
0,21.459079936,accepted,7.63484478913947,0.2800478549781,-0.395921001280541,-1.53581288521848,-0.518587253158081,-0.766805527911224,-0.304036920821344,-0.0537111135788066,-6.61123674125125,3.92072612788558,4.57003955735316,-0.25,0.15,-0.09,2.25845605208066,-6.92181932845764,4.24545943544703,6.05549292936985,0.24887728289441,0.879722448533275,0.207803096108204,2.31229551486912,21.459079936,0.0452033414174498,0.0451771542784106,0.077542909950769,0.00615356521485316,0.00603026926866991,0.00241301068440698,0.000591598255371499,178,0
0,21.559192064,accepted,9.33182927664402,0.28449212245445,-0.379708194829068,-1.4850175319198,-0.683052138781272,-0.666643816574643,-0.0809725220941084,-0.0543390515143085,-6.61123671061358,3.95404672045926,4.59007506726312,-0.41,0.19,0.1,2.26020138133266,-6.95475159986122,4.25567587767533,6.0408067662291,0.235913692604156,0.815330452070777,0.180074893705388,2.31535695844871,21.559192064,0.0447820102199905,0.044757758072595,0.0770349213946949,0.00599252095638149,0.00591525063545592,0.0023834125819586,0.000587978910208738,179,0
0,21.657336832,accepted,1.97789024384611,0.318988074725985,-0.322048289940571,-1.453469193943,-0.354087729468974,0.0807680467805291,-0.266112651769691,-0.0570492888964784,-6.61123665904243,4.0095810424469,4.60971684804591,-0.13,0.86,-0.04,2.26020138133266,-6.94205404108082,4.32698969661875,6.02024455008329,0.214750943158188,0.780195557716575,0.220036203430864,2.31683074208566,21.657336832,0.0447313317224847,0.0447069899089528,0.0768393020805343,0.00599590692091784,0.00595948469561189,0.00236988462363092,0.000584856557216975,180,0
0,21.757356288,accepted,3.50425731019956,0.304325373197201,-0.340069373915258,-1.4116743077612,-0.386007252978441,-0.549912267255871,-0.0249062886536613,-0.0581345324507145,-6.61123660798451,4.06511536322224,4.62973381144396,-0.09,0.23,0.12,2.26020138133266,-6.9308758422299,4.35917832741114,6.01378326629248,0.28423523352429,0.756688307237077,0.143043380366448,2.3176803793788,21.757356288,0.0447052429934114,0.0446808552054883,0.076663647530327,0.00597380663258322,0.00595914057487618,0.00237488355118024,0.000581912449031183,181,0
0,21.873653504,accepted,2.89736711946035,0.295424959862404,-0.346661542603742,-1.3792224072989,-0.464246169251662,-0.353084436515362,-0.0532767540599232,-0.0593240022030592,-6.60292055661695,4.09843594812687,4.65300845428912,-0.17,0.33,0.14,2.26020138133266,-6.9204825202358,4.41045433126702,6.00353484164665,0.278674415058652,0.666615910202255,0.191321127432217,2.31894396201917,21.873653504,0.0449797735921087,0.0449543555107557,0.0767714723167781,0.00600817972090308,0.00604375237701715,0.00236117138385743,0.000580581987462314,182,0
0,21.957767168,accepted,2.64089089471048,0.307555859949949,-0.318560903347509,-1.34868344774855,-0.320245671579118,-0.401919587098502,0.0563362643768955,-0.0602622911525073,-6.59460449478265,4.14286339808582,4.669842180455,-0.16,0.22,0.14,2.26020138133266,-6.91735768441717,4.42064616626619,5.99779004769185,0.148197916571283,0.601613094590311,0.0832626431638065,2.31983052240871,21.957767168,0.0445102345385691,0.0444879160580375,0.076195958889659,0.00586986543281062,0.00593111210923523,0.00231949301761643,0.000576758877864801,183,0
0,22.057933824,accepted,1.64469533546134,0.321238661795878,-0.299295490335744,-1.30629140219337,-0.251901608263569,-0.208678053764995,0.218885342558796,-0.0609363761740043,-6.57797242073503,4.17618397543271,4.68988860309158,-0.02,0.3,0.18,2.26020138133266,-6.90606031271068,4.452618882077,5.98512318279233,0.224103586000121,0.498656575674057,-0.0375914213804966,2.32007961915048,22.057933824,0.0444975948921611,0.0444766594120795,0.0760288726918519,0.00581846180031923,0.00590637216357502,0.00229900925467108,0.000574725435464973,184,0
0,22.15597312,accepted,2.79861282494719,0.303878395184653,-0.292638752285886,-1.28048921454812,-0.519825243072553,-0.100818907300386,0.159310876336966,-0.0612078575948489,-6.57797239010466,4.20950456842991,4.70950927568954,-0.25,0.42,0.28,2.26020138133266,-6.91120797617023,4.48581183519091,5.97776085848388,0.24929118096793,0.514450149631757,0.122859589418707,2.32060196563108,22.15597312,0.0443576602280055,0.0443396349793237,0.0757559314764407,0.0058551400228162,0.00594767357506689,0.00229889166523288,0.000572170444648141,185,0
0,22.2582912,accepted,2.18515048165581,0.347874250433264,-0.271122093850174,-1.26774055453077,-0.340448609005796,-0.258354351803032,0.175682717491348,-0.0619888277612519,-6.54470824938502,4.27614572316868,4.72998626430982,-0.17,0.37,0.39,2.26020138133266,-6.90801570149556,4.51947735272208,5.9868760626322,0.157439411196374,0.614986576226539,0.216317829215738,2.3214665725925,22.2582912,0.0442959152626675,0.0442806074802215,0.0755537899625559,0.00589779325874303,0.00597807507890599,0.00231375480165862,0.000569724071203436,186,0
0,22.358294528,accepted,1.90447578442977,0.359467057658914,-0.275284793349833,-1.25863852688143,-0.323044930283832,-0.218369039460854,0.0257558949264842,-0.0625926496006222,-6.5363922060281,4.29835944476612,4.75,-0.16,0.16,0.31,2.26020138133266,-6.91283607303185,4.54654566743169,5.9881457624385,0.14937517949092,0.365522901171221,0.283706097135653,2.3217971567816,22.358294528,0.0440816454803199,0.0440644788882468,0.0752218674175694,0.00581719495465045,0.00594536500312822,0.00223636030793999,0.000567304346670252,187,0
0,22.458403072,accepted,2.22128076671552,0.333922929998733,-0.279627205970014,-1.24923606683982,-0.349713355609362,-0.201110643713475,0.0345506695994097,-0.0630770211563236,-6.56134026953735,4.29835946790218,4.76803285626632,-0.17,0.11,0.24,2.26020138133266,-6.92037047386376,4.54941227095892,5.99849085575704,0.161587455695749,0.297518646136144,0.205638773931063,2.32219658408501,22.458403072,0.0437224423210307,0.043706875886084,0.0747680690872249,0.0056762694670276,0.00580332838379128,0.00220319541363297,0.000564903828404515,188,0
0,22.558495232,accepted,2.82284655689779,0.345775710197559,-0.259891780017587,-1.22923643811997,-0.444567255103043,-0.128813789235943,0.128715814896457,-0.0622188471937299,-6.55302422657631,4.32057318870464,4.78606276123293,-0.18,0.19,0.21,2.26194671058465,-6.93185040133944,4.56024606021892,6.00551323494968,0.241507764400657,0.309912988064253,0.0841341675208844,2.32301109225679,22.558495232,0.0434049393055483,0.0433912170286798,0.0743445802730412,0.0055394219741484,0.00565934953573549,0.00219821573758267,0.000562586510223553,189,0
0,22.656613632,accepted,3.43429437115491,0.353009617344206,-0.282268250382547,-1.20141697546762,-0.165912811826365,-0.511632103354782,0.0446964658810236,-0.0637595268684676,-6.5613402597158,4.30946633217392,4.80373712681238,-0.04,-0.15,0.02,2.26194671058465,-6.92008450259029,4.53328002317348,5.987904767302,0.11883477612367,0.33088873054887,-0.0252494954944058,2.32505326478796,22.656613632,0.0430437091133909,0.0430326238056431,0.0738811273101983,0.0054096336866581,0.00554284616030286,0.00217850639890321,0.000559987171768244,190,0
0,22.75875072,accepted,4.11026522910433,0.365869970914399,-0.244782276163898,-1.16421927093381,-0.50364116373316,-0.152234907229959,0.236678222500533,-0.0640453889740895,-6.53639218600373,4.32057317356221,4.82213539087429,-0.34,0.12,0.27,2.26194671058465,-6.94439503047578,4.54232321075935,5.98975650003312,0.13472643402897,0.261677993566319,0.0397968216966134,2.32486528874445,22.75875072,0.042704266000788,0.0426933697512348,0.0734388262373282,0.00532139709013992,0.00545331018383921,0.00214593233564533,0.00055753852157781,191,0
0,22.958977536,accepted,7.9599447652336,0.276083581914857,-0.203934910378657,-1.11958527119542,-0.732760811354654,-0.0720643514215146,0.403478432288508,-0.0674856972682436,-6.61123633103539,4.36500069844102,4.85820285574113,-0.37,0.07,0.2,2.26194671058465,-6.95976201007491,4.55481270536093,5.99969738584207,0.317614594047598,0.136620757787049,-0.190981270705534,2.32763531964699,22.958977536,0.0441704611820619,0.0441712116302465,0.0746837870036463,0.00541549292423921,0.0055388664869109,0.00217531803949251,0.000562643233860271,192,0
0,23.057116672,accepted,7.22800447119489,0.32604811472616,-0.196093883811595,-1.09798018919086,-0.515047459254886,-0.186299622843195,0.572168878412888,-0.067290083744588,-6.60292030035199,4.37610755669809,4.87588095655928,-0.25,0.08,0.23,2.26194671058465,-6.97552426016777,4.5462723294029,6.01128334494793,0.233085873611687,0.254380663881265,-0.327071594242778,2.32791434778059,23.057116672,0.0436947988389928,0.0436973573889527,0.0741421605915433,0.00525326431100576,0.00538003311135427,0.00218187116052841,0.000559948040665307,193,0
0,23.15727616,accepted,4.33953996854642,0.332841034794888,-0.184829052453315,-1.08821776274073,-0.388151578997474,-0.295448282203264,0.346618721824013,-0.0686870622745048,-6.611236320444,4.37610756418386,4.89392298952314,-0.14,-0.08,0.11,2.26194671058465,-6.97555024802177,4.5244307342312,5.99702254133467,0.225540227438007,0.197138000857181,-0.22800505529552,2.32935564298974,23.15727616,0.0432839662898789,0.043288088093561,0.0736552227764999,0.00517099223123671,0.0053034434211217,0.00215595095336694,0.000557448508531448,194,0
0,23.259403776,accepted,4.04291667850142,0.348280201435839,-0.178622868104758,-1.06789868137295,-0.171275083341127,-0.376015943347762,0.467973446790998,-0.0675983945025589,-6.61123633103539,4.36500069844102,4.9123195473649,-0.15,-0.19,0.3,2.26369203983665,-6.96506097876927,4.50557552896493,5.99868808536962,0.0125868492709317,0.166644177293112,-0.159929177813486,2.33034309709957,23.259403776,0.0430954863828475,0.0431019650713729,0.0733537594532892,0.00514186191558658,0.00532193362502235,0.00213122875010966,0.000555007392372261,195,0
0,23.357555712,accepted,5.40699267847908,0.335598137439821,-0.171139296252711,-1.05533585884887,-0.491182230908684,-0.242046818465594,0.42532704303682,-0.0679251722214218,-6.61955237142298,4.34278697910833,4.92999995388594,-0.36,-0.21,0.34,2.26369203983665,-6.99418202794659,4.48525183416101,6.00631425933123,0.103892656408434,0.0179072862657897,-0.0747949102114247,2.33015985944853,23.357555712,0.0427352913509289,0.0427408795951139,0.0728984394664001,0.00507942906443523,0.00523019016239726,0.00209415312286794,0.000552454491873385,196,0
0,23.459715584,accepted,2.56839696474742,0.342620107315372,-0.162428474228312,-1.05474844182341,-0.309186473973439,0.150558575795542,0.330878552442783,-0.0691011594172259,-6.64450045522052,4.32057327291832,4.94224164503787,-0.2,0.07,0.32,2.26369203983665,-7.00394767518047,4.49117387932837,6.00458280657226,0.0947491210637935,-0.0739638362601297,-0.00484031290183919,2.33101494398555,23.459715584,0.0425801400023894,0.0425867685517987,0.0726216736342799,0.00506988939066862,0.00521624065697686,0.00206858879487414,0.000550075734435784,197,0
0,23.557868544,accepted,6.20972480357311,0.317147440294154,-0.163003206806513,-1.04824444388342,-0.653462387871128,0.0829329477072757,0.344541534219968,-0.0684569034382809,-6.6694485167942,4.32057329631805,4.95400317804653,-0.47,-0.01,0.3,2.26543736908864,-7.041802383606,4.48707625465194,6.01679712365075,0.1477246450656,-0.0890593923940954,-0.034351586574181,2.33192788363629,23.557868544,0.0422377282758231,0.0422442149716096,0.0721757200785565,0.00497114115225617,0.00510836149430766,0.00206007548635653,0.000547469492388515,198,0
0,23.65799424,accepted,1.37533082785192,0.342272687455103,-0.187821556707579,-1.04967612010733,-0.175085211975568,-0.242527367378868,0.251033268398576,-0.0685766612515808,-6.68608058837841,4.28725271821068,4.96600110127288,-0.04,-0.39,0.23,2.26543736908864,-7.02792213472017,4.45715258995771,6.00913528352698,0.13109604895163,-0.155554826611112,-0.0195923131980722,2.33271031126387,23.65799424,0.0423621503523219,0.0423747300882706,0.072131026666311,0.00503309196213567,0.0051776040560802,0.00205699524640317,0.000545125119198684,199,0
0,23.75810176,accepted,1.0342620094902,0.34927315249364,-0.182918148792766,-1.02601797016028,-0.16721561854913,0.105308488275838,0.220882503578264,-0.0687908187543589,-6.66944857856087,4.25393211077194,4.97799684649437,0,-0.11,0.15,2.26543736908864,-7.01822545925188,4.43753550666805,5.99694125374047,0.163251563462672,-0.212965410558743,-0.0695682494242301,2.33278133849626,23.75810176,0.0424662607874071,0.0424848934110254,0.0720673793256576,0.00506928131805676,0.00521173776564303,0.00205244804952613,0.000542789688129225,200,0
0,23.872242176,accepted,1.73593319371642,0.346152113948238,-0.207747161765671,-0.992208231072469,0.0172669562805371,-0.356392157422948,0.272281775773669,-0.0694444625458344,-6.65281657662931,4.20950463793572,4.99167413417277,0.23,-0.51,0.16,2.26543736908864,-6.98850266875258,4.39034678376724,5.98036767571271,0.214163998184122,-0.166584369474408,-0.11082274862513,2.33365862908988,23.872242176,0.0427998002511883,0.0428267103741182,0.0722146626287488,0.00510539867974249,0.00527365703370678,0.00208648549225688,0.000541628249013844,201,0
0,23.958390016,accepted,3.35193405490106,0.335599486725254,-0.191915295523088,-0.966060567876157,-0.216489433498821,0.107187340313285,0.637017188430625,-0.0695898353524624,-6.63618455673359,4.18729089363812,5.00199711030904,-0.03,0,0.45,2.26718269834063,-6.97613901709728,4.38007251830096,5.98452157384197,0.17884878050537,-0.104794298247378,-0.179638957089451,2.33524663909813,23.958390016,0.0426302711053156,0.0426608726781743,0.0719039340812235,0.00507136005647419,0.00526037034818297,0.00210067753023499,0.00053835032499124,202,0
0,24.056515328,accepted,4.91586365350531,0.338012185612985,-0.173444761148599,-0.94289962063953,-0.189048107900913,0.285566906054849,0.777064506597489,-0.0687489996549546,-6.61955251538387,4.18729087815387,5.01375533029623,-0.02,0,0.44,2.26718269834063,-6.96065885316398,4.37273441396159,5.98070891690791,0.161546785507818,-0.27708377084738,-0.328164366259801,2.33416873932487,24.056515328,0.0426856935995531,0.0427216647588373,0.071797338463227,0.00508338836183195,0.00525729348170896,0.0020554221005078,0.000535896310920023,203,0
0,24.1586752,accepted,3.09405329711675,0.318906606886785,-0.159737657440521,-0.913328703145407,-0.0674709774104167,0.17696837427621,0.586897676160768,-0.0673816061544845,-6.61955251538387,4.18729087815387,5.02599700601021,0.23,-0.07,0.19,2.26892802759263,-6.9354651956794,4.35447557867573,5.95773496339164,0.293908960577856,-0.241322888543889,-0.389792616477825,2.33481699783108,24.1586752,0.042741567911359,0.0427829439024871,0.0717005991486892,0.00506766760886612,0.00524163859175174,0.00207225314887425,0.00053380805971447,204,0
0,24.258836736,accepted,4.05506541374913,0.320729026838828,-0.143481551446797,-0.880794363994304,-0.0411848129021156,0.153826992663081,0.632518604022768,-0.0650664274682846,-6.57797241026829,4.18729083979234,5.03799922389404,0.33,-0.06,0.14,2.27067335684462,-6.895230565576,4.33945793456896,5.94882458116038,0.367238121017508,-0.207702628047242,-0.482600517671703,2.33424806196842,24.258836736,0.0426242051762185,0.0426679669153406,0.0714619013340053,0.00500128949879947,0.00517948108604376,0.00207371217519817,0.000531605179285723,205,0
0,24.358985984,accepted,3.45158142396673,0.326045280874815,-0.137855518388178,-0.852869687418487,-0.032055826642045,0.153917901917184,0.505669533957437,-0.0652695869259912,-6.5280762972064,4.17618392958056,5.04999996932387,0.38,-0.09,0.02,2.27067335684462,-6.8505009733584,4.32619097678788,5.93393680697344,0.408143403416185,-0.235973869319838,-0.475604692505738,2.33444715302963,24.358985984,0.0423062354521473,0.0423480953273804,0.0710660637539258,0.00490746273374784,0.00508212712150913,0.00204248297148818,0.000529408957959534,206,0
0,24.459107072,accepted,4.99313016654309,0.329231495145553,-0.140760998681463,-0.801017741914784,-0.0358052239575078,-0.103014759535035,0.809491123645781,-0.0654170003454859,-6.4781801814391,4.16507702040884,5.07809282699773,0.34,-0.27,0.15,2.27067335684462,-6.80276483587357,4.29527552863641,5.9114079740493,0.372363278595365,-0.171294625570074,-0.649252713398931,2.33463889184414,24.459107072,0.0423536949511465,0.0424010697097563,0.0709565574671131,0.00487737876124745,0.00505873464602199,0.0020586550738994,0.000527248612354029,207,0
0,24.557248256,accepted,3.32765513595846,0.332600293137652,-0.140593083867674,-0.741055287279607,-0.325319265656847,-0.0717044684318833,0.782033131539888,-0.064983357569905,-6.43660009907521,4.14286325417641,5.10563018609062,0.03,-0.29,0.09,2.27067335684462,-6.77385775768887,4.27668798651733,5.86090064588017,0.348235278825911,-0.22051563336841,-0.685810199188588,2.3343418511377,24.557248256,0.0426121955428835,0.0426692289163979,0.071011597023704,0.00494769551366397,0.00513634621698842,0.0020599337176256,0.000524958130979684,208,0
0,24.65745536,accepted,7.54719534167541,0.324073403673728,-0.115323009644134,-0.656178677053772,-0.00902638337562373,0.286565170140683,1.05745760316992,-0.0642863006356436,-6.41165204694181,4.13175636745225,5.13374722008226,0.27,0.06,0.25,2.27241868609662,-6.73017902568388,4.26057363431406,5.83148386957209,0.275883729824617,-0.217823607865052,-0.795350034551366,2.33501090812076,24.65745536,0.0427407137115049,0.0428052032814769,0.070976733393364,0.00495535389617858,0.00515891422498659,0.00206293417183647,0.000522745601795149,209,0
0,24.757635072,accepted,4.9206815956449,0.338152111581192,-0.10922669927217,-0.584115619445592,-0.114475396087294,0.0307636139229545,0.911129963402892,-0.0636640281795184,-6.37007194364444,4.13175633063379,5.16185656817375,0.08,-0.15,0.05,2.27241868609662,-6.70714601118002,4.23950830408687,5.77773825931605,0.18955370297029,-0.180139911427255,-0.851271308062935,2.33466261335301,24.757635072,0.0429175824763277,0.0429902392900007,0.0709941384804309,0.00498734191385081,0.00521773353903409,0.00208171060158754,0.000520486407850431,210,0
0,24.875827968,accepted,3.6781046639806,0.360261983104464,-0.118101378277371,-0.48273724897562,0.0316543189401496,-0.308661498180436,0.829224587887002,-0.064368705268615,-6.33680787853518,4.10954257319218,5.19502022166485,0.09,-0.34,0.08,2.27241868609662,-6.68733647393503,4.21078314744125,5.69951250186275,0.0584955219040669,-0.0390294745582681,-0.742451776074985,2.33573396095245,24.875827968,0.0435408351872454,0.0436293028841504,0.0713994816361953,0.0051433601853603,0.00541780214585048,0.00215040571049061,0.000519292647269875,211,0
0,24.958011392,accepted,4.78995023170892,0.373383226022562,-0.115072936696251,-0.426147762066778,0.0856948398902723,0.0761726466166787,0.789416343709194,-0.0650781393331563,-6.30354381522953,4.0873288150572,5.21808000519234,0.29,-0.09,0.17,2.27241868609662,-6.66346172960738,4.20470567548721,5.6835117366954,0.205275154382716,-0.163618694059356,-0.608802574398019,2.33587827119548,24.958011392,0.0432138998139664,0.0433020207662241,0.0710316508664065,0.0050951199826233,0.00533236570440013,0.00210804860733768,0.00051575246012128,212,0
0,25.056232704,accepted,4.58392728943809,0.368279835122332,-0.125170080220097,-0.364775097349124,-0.22192643166806,0.0416428159791732,0.98513261043874,-0.0647600204928129,-6.2702797621413,4.0540081932449,5.24563984733894,0.07,-0.28,0.2,2.27241868609662,-6.63982160343206,4.17765063356299,5.63982561785882,0.285953380794653,-0.321005554840108,-0.776286884803159,2.33578706808674,25.056232704,0.0434827871596559,0.0435827730908519,0.0711461543505044,0.00511763241367731,0.00533921309947303,0.0020821775741871,0.000513506566452796,213,0
0,25.156406528,accepted,6.9514833648163,0.31505480875368,-0.132470370735253,-0.281239361231902,-0.519431617552307,0.0394514993345365,1.14174679438671,-0.0644490172131782,-6.29522786351441,4.00958075765065,5.27374754332105,-0.22,-0.36,0.12,2.27241868609662,-6.62660570154033,4.14021272259669,5.59311581376883,0.285742154673649,-0.398666257515064,-1.01011855212009,2.33538530116726,25.156406528,0.0437883901284839,0.0439011388490516,0.0713000948909813,0.00514031176350378,0.00535643467570205,0.00207769078207508,0.000511398799691523,214,0
0,25.25661952,accepted,7.7518126259573,0.309846849076591,-0.109919764573731,-0.180778946221501,-0.289636298181947,0.36541461593687,1.10396260204599,-0.0631985181090746,-6.2869118619071,3.98736702153219,5.30186622942207,0,-0.03,-0.12,2.27416401534861,-6.60728818953007,4.11435800456133,5.53028318406596,0.278756804973849,-0.384652138929725,-1.21038265671082,2.33564105565661,25.25661952,0.0439885847046878,0.0441113179207401,0.0713942037988806,0.00513825189253927,0.00535396852877168,0.00209127999111443,0.000509260441946466,215,0
0,25.35688576,accepted,7.97097774104745,0.307895452193139,-0.117147642713264,-0.0850739271496179,-0.244543533346296,-0.30576312158425,1.28747983648076,-0.0629400697144922,-6.26196382877891,3.95404640608124,5.32999985633831,0.09,-0.65,0.17,2.27416401534861,-6.57560163645552,4.0545797044725,5.46149917689791,0.326025829281917,-0.351243652059909,-1.1050158404786,2.33585731117654,25.35688576,0.0442909687463552,0.0444263839403889,0.0715718534061535,0.00521187094624679,0.00542281298995409,0.00212456938125653,0.000507209062170542,216,0
0,25.457069824,accepted,6.9167119857845,0.275701263426444,-0.128573839780609,-0.00728153530280728,-0.191057484710225,-0.0424261261560261,1.30629166404372,-0.0643429414954704,-6.27859592661644,3.88740523575041,5.34000240256819,-0.01,-0.47,0.12,2.27241868609662,-6.55756777859079,4.0110001184961,5.39081891413874,0.174440566073826,-0.428307214634418,-1.17490834009315,2.33537522352364,25.457069824,0.0446422751775574,0.0447923916113235,0.0717941422809038,0.00526593254203243,0.0055281654747716,0.00211278559263389,0.000505064679092927,217,0
0,25.555202816,accepted,6.65810545412099,0.261199776747608,-0.118044431858959,0.0743069179185003,-0.283550195145646,0.355930538714355,1.20648542673239,-0.0642740506653485,-6.27859596565333,3.84297777934575,5.34980007565534,-0.1,-0.25,0.02,2.27241868609662,-6.54740829122192,3.9732281630209,5.31823354120885,0.175032966178378,-0.59777768670218,-1.17523571653993,2.33496368753048,25.555202816,0.0449491046948843,0.0451134891943157,0.0719887977518505,0.00533348190478049,0.00558689845870831,0.00207981658059333,0.000502780419346992,218,0
0,25.65739392,accepted,16.8053128526913,0.232010558240136,-0.0925437886292686,0.172811949769203,-0.225073794023216,0.592678890108536,1.36596229772301,-0.0625830681453259,-6.3035440499641,3.82076407263815,5.36000291375291,-0.13,-0.03,0.07,2.27416401534861,-6.55390823209313,3.95920920193695,5.27908443081064,0.0787531491131767,-0.596505847734011,-1.27218640197416,2.33387632582604,25.65739392,0.0449340329699719,0.0451001130738923,0.0719879829266346,0.00527355605837656,0.005557380014017,0.00207031485245865,0.000500442033248256,219,0
0,25.757529344,accepted,7.14634396316527,0.225277341249219,-0.12814509301232,0.211550777618765,-0.0545617954260133,0.171249808590689,1.28775046013223,-0.0616559368430152,-6.32017614159459,3.76522976561583,5.37000051118472,0.05,-0.54,0.14,2.27416401534861,-6.5451823430357,3.89834725661316,5.20784796828853,0.0999468725502938,-0.706802858482935,-1.13596577309574,2.33426161332715,25.757529344,0.0452466167281959,0.0454275164116832,0.0721971021873616,0.00535751960668343,0.00562473888706618,0.0020579459875917,0.000498252941171245,220,0
0,25.869729536,accepted,9.28997489920348,0.188506050773706,-0.10164569852905,0.291125736450518,-0.49773764602623,0.347462495468824,1.27885491070238,-0.060846663880544,-6.3368082325799,3.70969545937611,5.38120266429477,-0.28,-0.47,0.23,2.27416401534861,-6.54923855211707,3.82741802254551,5.14815006670217,0.200915104565422,-0.807607167160792,-1.03372677608369,2.33309022152923,25.869729536,0.0457545614787802,0.0459531392245452,0.0725726124378624,0.0054493198324904,0.00566291150491383,0.00205790931829993,0.000496849241153586,221,0
0,25.957869824,accepted,10.6339988938369,0.152229329420326,-0.0968257426402221,0.329699016971891,-0.206143786555747,0.528250509850393,1.35677246733791,-0.0605164104906555,-6.37838838797625,3.65416117523106,5.39000265816055,-0.06,-0.32,0.34,2.27416401534861,-6.54222783575775,3.77843414461882,5.12418434427913,0.135420768591497,-0.832568849230622,-1.00103282833792,2.33263410208741,25.957869824,0.0457128139014042,0.0459158329151883,0.0725166724451754,0.00544366971789204,0.00567754010742659,0.00205059926055988,0.000493924369601391,222,0
0,26.056006912,accepted,14.4835475878746,0.144394616014823,-0.0829435016420326,0.37164589673015,-0.338253967804797,0.56400249015959,1.5120395410539,-0.0597594130671832,-6.37838842727706,3.60973371760172,5.39980074019547,-0.2,-0.35,0.61,2.27416401534861,-6.54444683678356,3.72592453100026,5.10597762722465,0.121743770686087,-0.895491583374343,-0.882584638574716,2.33161402170475,26.056006912,0.0458246546487204,0.0460339286108878,0.0725967339237387,0.00547098254469359,0.00569700586317908,0.00204003113621668,0.000491581864591882,223,0
0,26.158157568,accepted,10.4966208687762,0.145635955502569,-0.0807654846120047,0.385148772923142,-0.0979741100431179,0.367398302310996,1.35608225716467,-0.059277787704918,-6.39502052188418,3.55419941082228,5.40999953993375,-0.09,-0.51,0.61,2.27416401534861,-6.54756231868156,3.65609272938653,5.09354383086089,-0.000598934512384155,-0.865258029269663,-0.729852761197167,2.33147480038583,26.158157568,0.0460272643058595,0.0462459373155767,0.0727467414820964,0.00549045173038252,0.00578439905815938,0.00205086102470479,0.000489432106032257,224,0
0,26.258337024,accepted,12.4994180554432,0.124467586332623,-0.070349071872053,0.396654829799036,-0.0902476361369052,0.589226558004135,1.38248334095279,-0.0592448553679397,-6.41996863581346,3.498665112305,5.42000153355416,-0.11,-0.24,0.56,2.27416401534861,-6.55236307963093,3.6054532265663,5.09677168955512,-0.0287588980436651,-0.809335373103421,-0.804876699719508,2.33108294055515,26.258337024,0.0461528351878823,0.0463785725964991,0.0728436211588479,0.00545142615391804,0.00576073262688873,0.00207035806836762,0.00048714199337219,225,0
0,26.358481408,accepted,16.1225499358057,0.0808460233946153,-0.0701166445808177,0.418811404044541,-0.381955188050746,0.487078487283614,1.59789618085947,-0.056562606329011,-6.46986480613584,3.45423770015548,5.4300000076836,-0.28,-0.4,0.7,2.27590934460061,-6.57901609446836,3.55508147472225,5.09726811720949,0.0827667653973569,-0.87026137756647,-0.876308395093943,2.33034342988271,26.358481408,0.0462672042883044,0.0465012641380057,0.0729451355582796,0.00542858680684409,0.00566985999126554,0.0020645043081937,0.000485023169193153,226,0
0,26.4586048,accepted,14.0631182765207,0.0578205028888359,-0.0627960338446307,0.425597158011483,-0.233299416612921,0.653852905590196,1.41289127899191,-0.0562774754909894,-6.51976097477927,3.40981028870552,5.43300511881668,-0.2,-0.21,0.51,2.27590934460061,-6.59735571882198,3.51513841293729,5.08633234507792,0.0190508543423812,-0.841323126810657,-0.883475920487039,2.32991783671751,26.4586048,0.0463502094299299,0.0465903733641663,0.0730341622199058,0.00540085280758169,0.00566583152344765,0.0020592458771347,0.000482841248676707,227,0
0,26.556770816,accepted,13.0606684969993,0.021226141450744,-0.0792311676222468,0.434957880650098,-0.511036661086641,0.23625162367716,1.48852674840077,-0.0546056412662281,-6.56965715673411,3.35427601201439,5.43595148111703,-0.37,-0.61,0.61,2.27590934460061,-6.62639865214691,3.44711370354732,5.07843976573965,0.119754831889777,-0.838317708953775,-0.859080269434276,2.32893153163976,26.556770816,0.0464520764524906,0.0467001701354339,0.0731266310368932,0.00539270366983243,0.00561609871908741,0.00205650644049289,0.000480789091161235,228,0
0,26.65895296,accepted,12.2039715792964,-0.0223775224789273,-0.0723020089106279,0.444796287193556,-0.436653376251234,0.336813261185327,1.43166877851696,-0.0549672652411708,-6.62786936913764,3.28763488067964,5.43901838378985,-0.17,-0.45,0.62,2.27416401534861,-6.63833372554833,3.3798882321758,5.06945313194103,0.247312899819446,-0.776123848079784,-0.792881743092167,2.32775689619011,26.65895296,0.0466290251452718,0.0468852425885923,0.0732787151528838,0.0054011934306112,0.00559281330831452,0.00206451332047195,0.000479176550783474,229,0
0,26.759099904,rejected,24.8936597721709,-0.0643745290983953,-0.0312215835304746,0.451538051041569,-0.877083969488534,1.12939472592445,1.49372172723367,-0.0547400156412223,-6.66113347859186,3.26542118229024,5.44202420181445,-0.3,0.31,0.74,2.27416401534861,-6.59675894949346,3.29664276582072,4.99048615077289,0.577083969488534,-0.819394725924452,-0.753721727233673,2.32890403098983,26.65895296,0.0466290251452718,0.0468852425885923,0.0732787151528838,0.0054011934306112,0.00559281330831452,0.00206451332047195,0.000479176550783474,229,1
0,26.875263232,accepted,11.0064391125678,-0.138571544666049,0.0562758929995266,0.536840820670248,-0.32181132330515,0.755219742917121,1.25078352573357,-0.0556000526934084,-6.66944950036281,3.26542118977114,5.44551073681148,0.22,0.1,0.58,2.27416401534861,-6.56094839886362,3.25874348195082,4.97613180608158,0.525632628583863,-0.632034924484736,-0.654369040630435,2.32894975587872,26.875263232,0.049385298779463,0.0496970639303198,0.0754335857940657,0.00572449175603774,0.00588336752231925,0.00210975332718562,0.000483935870742114,230,1
0,26.959403264,accepted,13.475604992356,-0.161535044438857,0.0403573792439169,0.532987412306596,-0.336646636350232,0.477370633256501,1.52110873277794,-0.0555617000329485,-6.67776553273976,3.25431433374563,5.448036122157,0.2,0.01,0.72,2.27416401534861,-6.55026015814272,3.2464814299344,4.99658898283772,0.518301865951765,-0.452225213750239,-0.7814820797104,2.32892822900873,26.959403264,0.0490482545733242,0.0493557848583829,0.075237410911721,0.00569278459748153,0.0057813915186371,0.00211579628455207,0.000480762991527815,231,1
0,27.057586432,rejected,24.4581493097254,-0.175311329549242,0.0620618246251547,0.54055597461478,-0.505611790175312,0.84943660697781,2.02264477645333,-0.0560059279451917,-6.66944950036281,3.26542118977114,5.45098299925878,0.16,0.46,1.05,2.27416401534861,-6.49413817081357,3.20335936514599,4.910427024644,0.665611790175312,-0.38943660697781,-0.972644776453327,2.3301699432938,26.959403264,0.0490482545733242,0.0493557848583829,0.075237410911721,0.00569278459748153,0.0057813915186371,0.00211579628455207,0.000480762991527815,231,2
0,27.157731584,accepted,22.7155002596261,-0.242416066232611,0.160316033712832,0.641232600078217,-0.710588755327272,1.27254492366011,1.6504294409208,-0.0580210891219082,-6.64450138384547,3.32095548891115,5.45398876349817,0.44,0.88,0.69,2.27416401534861,-6.46293839332629,3.24588752685227,4.90249427979267,1.1197900879083,-0.352511007557493,-0.937302861818008,2.333880644261,27.157731584,0.0514455148733922,0.0518018505392479,0.0770980075437753,0.00592870772319667,0.00616231012539355,0.002146023070122,0.00048330754080578,232,2
0,27.259852032,accepted,18.357505790161,-0.283368937334367,0.149443189504315,0.653280594737842,-0.192949449401478,0.860065673508128,1.58494917009665,-0.0608341663150522,-6.64450133225972,3.37648981074647,5.45705381442253,0.74,0.75,0.57,2.27416401534861,-6.39578971580741,3.29531646057076,4.90054175818588,0.914743800015896,-0.0793404107644227,-0.992317080400326,2.3350996713998,27.259852032,0.0513352565777703,0.051687878438114,0.0771235044043381,0.00602459476597542,0.00597099252417518,0.00216997270211094,0.000480151651515261,233,2
0,27.358011392,rejected,28.6206383137304,-0.336543819040643,0.158748194208016,0.667677704029237,-0.882648622748518,0.980949545409235,2.02370720365744,-0.0625468219843803,-6.63618524674272,3.44313098792364,5.45999997694918,0.11,0.84,0.76,2.27416401534861,-6.29964142770208,3.28438279371562,4.79232227291995,0.992648622748518,-0.140949545409235,-1.26370720365744,2.33671083733299,27.259852032,0.0513352565777703,0.051687878438114,0.0771235044043381,0.00602459476597542,0.00597099252417518,0.00216997270211094,0.000480151651515261,233,3
0,27.45818624,accepted,21.0202303539529,-0.421230727174054,0.243369763757835,0.756868722190188,-0.457499185432701,0.980036406334967,1.73367328623076,-0.0641576672022901,-6.62786916330055,3.50977216638508,5.42798835062452,0.47,0.69,0.54,2.27416401534861,-6.2642594774077,3.34355247236582,4.77356635490989,0.900703963171491,-0.256424492515974,-1.16933645523494,2.338635607129,27.45818624,0.053679651681803,0.0540659625622938,0.0789584894664814,0.00605348313735468,0.00609746919910878,0.00216780973586326,0.000482825586529403,234,3
0,27.55832704,accepted,22.369835232059,-0.429693043736036,0.247059556718422,0.739038446556354,-0.41066746715141,1.22554786749322,1.65093538661466,-0.0645896538118813,-6.60292104833751,3.56530646412463,5.39598733621261,0.48,0.89,0.49,2.27590934460061,-6.22746158108512,3.41293968970887,4.75597673386125,0.865678262252522,-0.294326540560725,-1.13740894915989,2.34083229377259,27.55832704,0.0534730662185846,0.0538531476588769,0.0789328357905265,0.00595991369667215,0.00602294199826631,0.0021517086668095,0.000480035373255231,235,3
0,27.658458112,accepted,21.236498741231,-0.438310218031225,0.255264278797323,0.71993327987558,-0.401747296186032,1.19439187676244,1.52497102884138,-0.0678192518208736,-6.58628894441476,3.6319476342347,5.36398943048236,0.37,0.75,0.45,2.27416401534861,-6.2024263410982,3.4743571514752,4.74135558349685,0.747039838215898,-0.402340066134831,-1.05212512867712,2.34184049828057,27.658458112,0.0532132867332114,0.0535860229057327,0.0788680917376141,0.00583848152658147,0.00592971985743969,0.00210907851586064,0.000477510284067066,236,3
0,27.758560256,accepted,16.4234811967792,-0.432897231938905,0.249814632586906,0.691474375751084,-0.424213806670566,0.97428063614739,1.35171784897294,-0.0688249171229165,-6.56134083010421,3.68748193300458,5.33200076898967,0.36,0.57,0.36,2.27416401534861,-6.18339509269545,3.51989456338748,4.72953937007406,0.75951784986858,-0.369232183505874,-0.970552481148637,2.34283764563508,27.758560256,0.0529483803738925,0.0533150134914834,0.078793765402477,0.00579183494601672,0.00587306918585756,0.00211767039164348,0.000474959259439465,237,3
0,27.87473536,accepted,20.1160127017834,-0.486700537029699,0.247407151215529,0.6763293377351,-0.673182127858501,0.88928116680588,1.59866308901576,-0.0700758193496678,-6.58628886258721,3.72080254854342,5.2948758291309,0,0.47,0.58,2.27416401534861,-6.17337305246957,3.54663140037273,4.71885092004595,0.640444293448741,-0.388411979068408,-0.994410449959004,2.34393903206837,27.87473536,0.0531332900347831,0.0535019632692877,0.0790343628404124,0.00574955905495965,0.00581283200965166,0.00211424241425617,0.000473396151910176,238,3
0,27.95887232,accepted,22.9776097246902,-0.474629905128904,0.255382467991043,0.640215821693506,-0.583274215032529,1.17775207605836,1.6026142055621,-0.0727538693860024,-6.59460484312179,3.76523001322262,5.26798900508382,0.12,0.71,0.45,2.27241868609662,-6.18681666760976,3.60322829622604,4.72770445327324,0.673698705349882,-0.427893635984119,-1.12826524571601,2.344890324471,27.95887232,0.0525047784268378,0.0528620992699578,0.0786660450048322,0.0055975620095425,0.00568742592184843,0.00209602275242328,0.000470156525165545,239,3
0,28.058992896,accepted,17.0015933272195,-0.457565566321287,0.256009667368005,0.626321844966937,-0.332571674977211,0.999964486370559,1.44892904620186,-0.0738008628193532,-6.57797274761286,3.82076431965404,5.23599445345746,0.32,0.62,0.24,2.27241868609662,-6.16778624552865,3.64363701208581,4.69789152639942,0.632033714239495,-0.34671168815399,-1.1880602065151,2.34551753361021,28.058992896,0.052307868264958,0.0526615118917342,0.0786062891464145,0.00556334426186704,0.00560934201783812,0.00211060495506788,0.000467794997813597,240,3
0,28.157092864,accepted,19.9325333732512,-0.474972085602678,0.256875083783047,0.625121318697969,-0.648539784488417,1.0681153120224,1.49681982723708,-0.0734534172844201,-6.57797270650845,3.86519177589265,5.20464560773448,0.05,0.68,0.18,2.27416401534861,-6.17174653317017,3.69083187283087,4.67242285777709,0.668822494095749,-0.353127785076057,-1.29379388092619,2.34745198640468,28.157092864,0.0520768725941583,0.0524259761634884,0.0785080370400345,0.00547942364221325,0.00553828714926429,0.00210191554956552,0.0004653293897719,241,3
0,28.259224832,accepted,18.7443515699082,-0.46916096328509,0.263223836554724,0.633419144405334,-0.545449537240754,0.748901998785561,1.60823880253969,-0.0759384709695503,-6.56965663652425,3.92072608969496,5.17200829527158,0.21,0.42,0.26,2.27241868609662,-6.16427215686038,3.72065459923915,4.63863817621489,0.727583955538146,-0.30235823347278,-1.32407598238183,2.34802323996379,28.259224832,0.0519190045003673,0.0522648229997194,0.0784656414281732,0.00544622573334769,0.0054958500904786,0.00210677423482775,0.000463017623176051,242,3
0,28.359388416,accepted,19.4407079631174,-0.481702718971573,0.26793207586598,0.632188220403256,-0.476516832067006,0.993204973689118,1.45274656975602,-0.0769476698265867,-6.56965659606502,3.96515354723509,5.14,0.31,0.78,0.2,2.27241868609662,-6.14948177908321,3.78196305756318,4.60561696790513,0.759521874285262,-0.177440046749561,-1.22876432442382,2.34948564485472,28.359388416,0.0516498000840931,0.0519904596223483,0.0783462684544416,0.0054565757461435,0.00545746522261443,0.00211967831005166,0.000460337531363372,243,3
0,28.457515008,accepted,15.6598829582264,-0.487349934941751,0.25734814793544,0.637572399321917,-0.428999106949752,0.910691260230668,1.20530704321647,-0.0772216612755829,-6.5696565450071,4.02068786801043,5.12330693256494,0.32,0.67,0.02,2.27416401534861,-6.14102969263387,3.84594908802086,4.57473304096984,0.72370721712191,-0.206080529876204,-1.16372925170679,2.35140574472811,28.457515008,0.0512762674155754,0.0516084401903779,0.0781514166924333,0.0053595251876723,0.00537832289491485,0.0020813397830516,0.000457617425221724,244,3
0,28.557621504,accepted,18.1275014576104,-0.458680357265931,0.26868717389345,0.645497017461061,-0.398932022492458,1.01973227604333,1.37579580888119,-0.0786203891720274,-6.52807636803208,4.09843587957322,5.10627704846975,0.31,0.83,0.25,2.27416401534861,-6.12240203651738,3.91464148659843,4.55289312697696,0.685798982740432,-0.154420055356891,-1.1039331019792,2.35262297649441,28.557621504,0.0510401129570217,0.0513668110701935,0.0780388915040242,0.0053302834576072,0.00531917578601974,0.00206852511374685,0.00045504610109096,245,3
0,28.657765376,accepted,17.1363891894642,-0.470464099365407,0.264388383147043,0.646344175588656,-0.604026674262627,0.913591705947524,1.39456689074705,-0.0796124398682041,-6.5197602868113,4.16507705851156,5.08924080605644,0.16,0.81,0.33,2.27416401534861,-6.11337058931168,3.97258861779493,4.53161103491396,0.736164463828771,-0.0738614070874899,-1.04299539708734,2.35404688660526,28.657765376,0.0508767499775841,0.0512007329163255,0.0779645265415777,0.00533879196190144,0.00530024821976415,0.00207786671800119,0.000452389112613296,246,3
0,28.75791616,accepted,14.8901126255755,-0.445150763150653,0.279244382775063,0.64237818015784,-0.16354332305945,0.961115742692216,1.14694579882135,-0.0812037992747494,-6.48649613393867,4.24282507788602,5.07220338778978,0.56,0.8,0.16,2.27416401534861,-6.07708707853137,4.05128707245594,4.51401846201115,0.707999899129628,-0.125028207577138,-0.967662612291511,2.35495557242346,28.75791616,0.0505612681410351,0.0508772564114309,0.0777933778122215,0.00523187327224968,0.00522853703197218,0.00204148021276296,0.00044973728400758,247,3
0,28.876037376,accepted,19.6422902514273,-0.415591182904653,0.323031945803443,0.657911571850884,-0.269177141458055,1.46353931698834,1.24665204118793,-0.0829594317984519,-6.41165184791544,4.35389365239162,5.05210888145861,0.45,1.19,0.22,2.27416401534861,-6.03367230570633,4.13665665372094,4.47036578082258,0.703090052714182,-0.230204038065962,-1.00890823062805,2.35699143183149,28.876037376,0.0508593710648391,0.0511769188402059,0.078057078641265,0.00515487247778103,0.00521379924055225,0.00201259966867947,0.000448317835643982,248,3
0,28.956143872,accepted,11.4366289895901,-0.441694726365044,0.314822107416804,0.648523179457655,-0.200255553869313,0.893064119990005,0.997967472693899,-0.0845013113772048,-6.41996779823013,4.43164171012008,5.03848135081213,0.42,0.68,0,2.27416401534861,-6.01347142090785,4.19437931062056,4.46128822642699,0.605786786000334,-0.181877760268427,-0.981768189572887,2.35794303405142,28.956143872,0.0501479958315399,0.0504554384761448,0.0775472765725914,0.00507751892734483,0.00509204771785296,0.00200197129278373,0.000444978233039715,249,3
0,29.058326528,accepted,14.035183179718,-0.41578785470391,0.345917943879026,0.676530241899393,-0.097939361865691,0.895267833826425,1.3676616337394,-0.0847710623158702,-6.37007159730942,4.52049658119104,5.02109827521014,0.38,0.72,0.18,2.27416401534861,-5.98117112181747,4.24262703733685,4.42385130035344,0.467006392141844,-0.148301017289148,-1.1702463203328,2.35752875273732,29.058326528,0.0501041217861786,0.0504113799404209,0.0775296707879212,0.00503515679970409,0.00500510161210203,0.00200643354463813,0.000442861805721632,250,3
0,29.158477824,accepted,14.4622744411537,-0.425089902833352,0.38422487681579,0.704838981331743,-0.124826047461578,0.990715223443469,1.27375189674047,-0.0847029634503214,-6.36175549813179,4.60935148631271,5.00406076984323,0.3,0.8,-0.03,2.27416401534861,-5.96565160726359,4.303213159649,4.37849174925961,0.413246851553801,-0.159743122064739,-1.2861086326092,2.35742471049486,29.158477824,0.0499789068257469,0.05028324061934,0.0774515853403279,0.00496926515260714,0.00493961712888916,0.00200373250456637,0.000440663618893455,251,3
0,29.258590976,accepted,14.6006967662777,-0.417289400244434,0.423169825746099,0.733916890410428,0.0439530841943577,1.08798299309796,1.29005947737369,-0.0843419156666294,-6.35343938708698,4.70931325889473,4.98702975344482,0.2,0.95,0.06,2.27416401534861,-5.95350386747348,4.36588992104632,4.32772054953753,0.149858710862621,-0.106316911003407,-1.21411774019128,2.35621316044878,29.258590976,0.049910096646748,0.0502130958327831,0.0774068364223372,0.00498161950854266,0.00493635300726765,0.00200522953443262,0.000438414320193328,252,3
0,29.358696704,accepted,14.4734218664957,-0.387853357861217,0.452495431661353,0.761505282455896,-0.164007483543339,1.01324077768471,1.33550431501662,-0.0831495331829077,-6.32849123895947,4.8092750146702,4.97,0.08,0.85,0.1,2.27416401534861,-5.96939786384665,4.43305696744346,4.28671620900763,0.232450512344213,-0.133523699205717,-1.21817364751528,2.35558950341121,29.358696704,0.0498535208449339,0.0501516918379358,0.0773684426320126,0.00493640917472458,0.00489063726072073,0.00201007727568799,0.000436260353126459,253,3
0,29.456879104,accepted,16.3526255024961,-0.358576780690749,0.494443549188643,0.835927198472742,-0.192826969440908,1.26746978079448,1.27793858817741,-0.0828769665565612,-6.31185912087016,4.89812991366587,5.00929367185161,0.06,0.85,0.25,2.27416401534861,-5.98140073057903,4.4952145437045,4.24901367238002,0.240916032172611,-0.381808798230803,-1.01123452709149,2.35538551829852,29.456879104,0.0497668592544782,0.0500608925273783,0.0773015846530834,0.00482669966210857,0.00489111219320312,0.00195492474191765,0.000434286341388139,254,3
0,29.559017728,accepted,9.58486401412917,-0.345972863795787,0.515026143160789,0.892722163298051,-0.0403279975214638,0.82076018517482,0.986022954264417,-0.0840303390050288,-6.30354303231312,4.97587795682288,5.05017066787972,0.19,0.51,0.15,2.27416401534861,-5.97625498609648,4.53315123616368,4.22536129808338,0.222587323123783,-0.28343511758077,-0.821596159756177,2.35650404870873,29.559017728,0.0496871203069538,0.0499805342253873,0.077249114162088,0.00486591340528346,0.00488379070065636,0.00198470690691632,0.000432335134358342,255,3
0,29.65913216,accepted,13.4545394602457,-0.288135674810489,0.553526825997034,0.945026867878581,0.200493411661762,1.06066794887438,1.02582826125796,-0.0833793541231787,-6.23701480531887,5.05362594859882,5.09023756009888,0.46,0.7,0.27,2.27590934460061,-5.94972704959695,4.59341112010119,4.21705324294393,0.258399855259535,-0.32484562111373,-0.740920743771652,2.35734687272015,29.65913216,0.0495202416571913,0.0498100819112891,0.0771297437456749,0.00481211512889034,0.00484388633781659,0.00198082130557992,0.000430347152874018,256,3
0,29.759231744,accepted,11.4853336242812,-0.257847693814025,0.571194060820288,0.978642371806415,0.385906496672632,0.890688385955207,0.995101368241131,-0.0832152222486684,-6.18711862083276,5.13137395525354,5.13029850998581,0.53,0.6,0.37,2.27590934460061,-5.91711280844606,4.63958664478757,4.21886433212173,0.148628820472524,-0.260654905678934,-0.611992163090279,2.35668200791531,29.759231744,0.0493850089597589,0.0496737497403595,0.0770291757312325,0.00482282343600844,0.00482411141985388,0.00199282719443163,0.000428314034821424,257,3
0,29.87542144,accepted,14.7115562453415,-0.247066653599305,0.603882628246191,1.02826672004724,-0.238752317810131,1.17041503100989,1.12013476437421,-0.0820460604988349,-6.14553846432464,5.19801510538594,5.17679889892682,-0.05,0.63,0.51,2.27590934460061,-5.92577047057012,4.68965400330223,4.22485149249381,0.176043301272496,-0.504350096014422,-0.593320740198273,2.35637870310804,29.87542144,0.0496604616121729,0.0499496714788059,0.0772486350795682,0.00472778897915461,0.00481083072481039,0.0019532488090442,0.00042727079173631,258,3
0,29.957595392,accepted,11.4196550403917,-0.223730792034685,0.61048103304456,1.03369903677219,0.106432417852368,0.878665475326464,1.16342479522864,-0.080564461598744,-6.13722239683304,5.25354941955869,5.20968581455159,0.17,0.32,0.53,2.27590934460061,-5.91932390679218,4.7169803511145,4.24854810808691,0.0598265842253306,-0.531315396874971,-0.618637756596992,2.3544643246793,29.957595392,0.0492081715001407,0.0494927884346863,0.076877682287003,0.00465595511311829,0.00474677138879507,0.00193585763682039,0.00042477381731455,259,3
0,30.057725184,accepted,13.9378384721961,-0.214803243425217,0.639189800779763,1.06436911483023,0.170327350171559,1.05947929423752,1.2093153932637,-0.0781803240368486,-6.12890633967623,5.2979768689421,5.24975885401098,0.19,0.47,0.56,2.27590934460061,-5.91599601981926,4.74470400442142,4.26061543638941,0.0173258969521806,-0.557340725468526,-0.633906504625893,2.35192949373586,30.057725184,0.0491604200664545,0.0494461030515971,0.07682882131114,0.00461902012025549,0.00471117426473946,0.00193376121676368,0.00042307812685418,260,3
0,30.157830144,accepted,15.8937541519685,-0.234757041149101,0.670983903468517,1.09009230516429,0.0499109408069458,1.14481717025281,1.16637288637619,-0.0777636123527294,-6.1538543495687,5.35351121100209,5.289821955432,-0.12,0.55,0.51,2.27590934460061,-5.92822762648861,4.7823988648033,4.28122062780558,-0.175241155507496,-0.556822672616168,-0.639307549410143,2.35098991235166,30.157830144,0.0490344939255206,0.0493201995785396,0.0767293432899013,0.0045754249641843,0.0046935533177442,0.00192145593259106,0.000421254285034275,261,3
0,30.258014208,accepted,15.7815472969655,-0.173890826635449,0.696638136750472,1.11341273144469,0.29086993719574,0.734753300571024,1.43946755572944,-0.0758919932089763,-6.12059021561598,5.42015236868603,5.32991671514021,0,0.16,0.83,2.27590934460061,-5.94041516738136,4.79610488731401,4.30813292768933,-0.290555644715171,-0.547889093150258,-0.591283768257295,2.34895843581305,30.258014208,0.048930246981973,0.0492152876062175,0.0766449384014649,0.00455037786628358,0.00468247599874655,0.00192082896465575,0.000419390479389844,262,3
0,30.358170112,accepted,13.7736631612238,-0.124097669605789,0.697101019280195,1.12174300648543,0.828958015040159,0.610991070857713,1.19687229152962,-0.0754516860893473,-6.11227417783105,5.44236609032712,5.37000012807852,0.18,0.15,0.62,2.27416401534861,-5.94802417624542,4.80571166768014,4.31971415721175,-0.633829323504299,-0.437808774787032,-0.564309988004954,2.3459808315985,30.358170112,0.0488742320680546,0.0491592651786635,0.076593161828737,0.00456594749766194,0.00480048295189563,0.00193179971953034,0.000417149576151766,263,3
0,30.456326144,accepted,11.5538453145968,-0.121369536641578,0.686335318661479,1.13041776500265,0.563529498632251,0.538842044603008,1.15874711730468,-0.0714587674321701,-6.1289062066465,5.45347296861556,5.39455419066537,0.03,0.14,0.59,2.27590934460061,-5.9815119309956,4.82517647795557,4.33917933213713,-0.52417738887933,-0.37739214886094,-0.554806704090569,2.34414755616789,30.456326144,0.0487410838191778,0.0490228208745992,0.0764856734773236,0.00455664768898445,0.0046788970148646,0.00195807550558962,0.00041489874952418,264,3
0,30.558454528,accepted,21.1890126889079,-0.105114468276658,0.710808499587912,1.13922253631814,0.186406797830678,1.08616793954243,1.36514101488531,-0.0691348222683597,-6.13722219703184,5.48679356932768,5.42010195050789,-0.34,0.54,0.8,2.27590934460061,-6.02798328482249,4.88436514045145,4.38367476925922,-0.527573601479496,-0.504403399826275,-0.543753915090239,2.34114972043845,30.558454528,0.0485541265823603,0.048829993472339,0.0763629656442047,0.00444766552211732,0.00459662885570494,0.00192551447943081,0.000412839005295098,265,3
0,30.658579712,accepted,16.051875682333,-0.0354050460641879,0.705531863559091,1.11753678508883,0.635907564288601,0.618521933155736,1.39263205179276,-0.0666629764899254,-6.12890613032469,5.54232788426576,5.44514860311153,-0.11,0.16,0.87,2.27590934460061,-6.06091399973591,4.9007839699733,4.41392581560609,-0.734975495140815,-0.434269668039972,-0.506303005139425,2.33887314999723,30.658579712,0.0484634876758205,0.0487375823315371,0.0762984135551812,0.00444759711639176,0.00464839173851835,0.00193430332439154,0.000410558996725132,266,3
0,30.758739712,accepted,14.9095292853781,-0.038459993952153,0.682966875656246,1.1089508499714,0.632345058625046,0.409403397722471,1.45776362170613,-0.0648094310577698,-6.17048622728754,5.54232792015637,5.47020396505505,-0.03,0.01,0.85,2.27590934460061,-6.10292868421981,4.90799721985969,4.44627186433495,-0.652635218875074,-0.381874242576861,-0.591596295298403,2.33751240063789,30.758739712,0.0484224369650875,0.0486955166182086,0.0762717671150281,0.00443201985309957,0.00453608495478458,0.0019620754794186,0.000408419653206115,267,3
0,30.874868992,accepted,17.0014196546277,-0.0113837746367382,0.676727300054627,1.12188668764921,0.498158099754328,0.401976825582458,1.611028861234,-0.0630856257947747,-6.19543428484352,5.54232794141728,5.49925409627151,-0.26,0.03,1.07,2.27590934460061,-6.16190094226327,4.91493369982575,4.47338067367002,-0.751643162699087,-0.3541243203384,-0.52214414954699,2.33567581185406,30.874868992,0.0486982308556681,0.0489717874236661,0.0765213420144613,0.00446046704987911,0.00455918812941027,0.00198029265846398,0.000406794692938869,268,3
0,30.957013248,accepted,15.2140802998471,-0.00875407263659067,0.669497379624595,1.08879423862611,0.396698758448083,0.491948426266585,1.46245093964332,-0.0606973938041122,-6.23701436966798,5.55343484140119,5.51980275906764,-0.42,0.08,0.99,2.27590934460061,-6.21033321687215,4.93954250242467,4.52338327541409,-0.811858590067179,-0.391565689076239,-0.454044060146959,2.33331694167325,30.957013248,0.048214258052111,0.0484799316536658,0.0761536723691085,0.00438924471822638,0.00450850508156624,0.00196377719484448,0.000403751876678662,269,3
0,31.057146368,accepted,14.3450016149319,0.0342488873623434,0.639514669852842,1.06066780314451,0.879532008283357,0.209238754784401,1.43169107722488,-0.0599715630455258,-6.26196243859251,5.54232799934518,5.54485139688845,0,-0.19,0.98,2.27416401534861,-6.25494160927113,4.93650833850919,4.5588351186503,-0.864941285695892,-0.38742240164002,-0.438084377816352,2.33099244384053,31.057146368,0.0482452934176086,0.048509164607031,0.0761923939686543,0.00438638035824111,0.00449648603672142,0.00197466185673685,0.000401608857847211,270,3
0,31.159305984,accepted,17.6642952349276,0.0857986271369784,0.682387902897098,1.05616813766405,0.64286763318889,1.0361270025094,1.3204639655449,-0.057940529255621,-6.26196240927442,5.57564859135305,5.57040696952115,-0.31,0.59,0.86,2.27416401534861,-6.31252976863064,4.97824302979644,4.59219535030812,-0.940961419739088,-0.41357483855116,-0.44504039534427,2.32783092015121,31.159305984,0.0482520840845576,0.0485141857135405,0.0762269268582904,0.00434610858463618,0.00448298396034648,0.00197021612676991,0.000399437211753859,271,3
0,31.25744512,accepted,14.9836577013127,0.119286124244244,0.644810992986529,1.06195540013466,0.909394758722467,0.121796897902523,1.4387140060742,-0.0542943495963337,-6.29522647569313,5.58675548496455,5.5949568055166,-0.19,-0.24,0.73,2.27416401534861,-6.36808694128862,4.97163303193821,4.60953539098149,-1.08318029118722,-0.351050480709097,-0.69467707931689,2.3252030297831,31.25744512,0.0482199580280632,0.0484803828437952,0.0762272789650522,0.00431872641971639,0.00448502484820741,0.00198787552622593,0.00039696991069983,272,3
0,31.357555968,accepted,17.788790553608,0.13273130564884,0.645517757801668,1.0778809570528,0.612399925896192,0.337646691362621,1.46401548408529,-0.0550467170640276,-6.3451225989477,5.57564866460889,5.61999987192147,-0.59,-0.05,0.75,2.27241868609662,-6.43813841220538,4.97810589991547,4.64232458927684,-1.18944952602067,-0.369003788281495,-0.694232592518734,2.32338621670163,31.357555968,0.0480378201187006,0.0482946342233364,0.0761323473280568,0.0042636601080753,0.00446721846897942,0.00198019337597143,0.000394051776747594,273,3
0,31.457682944,accepted,20.191042221198,0.174298107172809,0.655955198508981,1.03185222796433,0.876706231746523,0.633615985632805,1.44638818504343,-0.0534526429457762,-6.3867026755195,5.59786243108993,5.59700516197571,-0.4,0.28,0.72,2.27241868609662,-6.50524621241298,5.00726827942185,4.65564990153918,-1.25684347384114,-0.327503122696178,-0.70865178382767,2.32081638161231,31.457682944,0.0479220194994988,0.0481759844902346,0.0760851074235831,0.00424658722949574,0.00443677817953509,0.00199109459325567,0.000391205973432848,274,3
0,31.557862912,accepted,14.5771445599041,0.189495434059329,0.617705639167874,0.987019847142935,1.21126488320335,-0.0112587060350876,1.18995086880447,-0.0502551139812057,-6.44491482080895,5.58675561837988,5.5739980363327,-0.13,-0.38,0.48,2.27241868609662,-6.5701540167366,4.99019563208369,4.64816932100335,-1.31800197924794,-0.360966180874201,-0.699585663079591,2.31935452180034,31.557862912,0.0479458628657688,0.0481996068334691,0.0761390704235383,0.00422519824704233,0.0044313772959999,0.00199159044738628,0.000388701672055225,275,3
0,31.658048,accepted,15.1704721314908,0.206223477976895,0.61874851791992,0.973270681944742,0.595337660164657,0.238216455771314,1.29861790838179,-0.0471409758149082,-6.4948109444594,5.57564879931334,5.55098973484101,-0.71,-0.09,0.59,2.27241868609662,-6.65758585520996,4.9976931940987,4.67135665281134,-1.29085453251622,-0.312719385768688,-0.690023782836976,2.31561972253382,31.658048,0.0477254225848829,0.047975288871168,0.0760226568473326,0.0042054521189268,0.00431389870881443,0.00199969674052379,0.000385823383464546,276,3
0,31.758156032,accepted,20.50134552917,0.270352839004154,0.637545758336398,0.921275371981242,1.03378086619813,0.701081757147001,1.37289289167204,-0.0432411698079735,-6.52807498957796,5.60896942274375,5.52799912987197,-0.38,0.48,0.73,2.27241868609662,-6.73170220705247,5.03810042207631,4.68805040699187,-1.38882812157251,-0.194450497857974,-0.62699007186884,2.31005828819446,31.758156032,0.047643498413803,0.0478915444146735,0.0760073213012054,0.00426026748237331,0.00432328939179825,0.00201212910722374,0.000382986918875135,277,3
0,31.876294656,accepted,15.7238736087663,0.353130151788376,0.611094549387821,0.891606850057078,1.29255022545444,0.0695169204523614,1.19423155011159,-0.0396089136226507,-6.54470700935632,5.63118316606927,5.50086765618593,-0.09,-0.15,0.5,2.27067335684462,-6.8236788166106,5.04562898592902,4.66941632647081,-1.35556750836196,-0.210098909975398,-0.683827687909204,2.30628361161072,31.876294656,0.0480362950619342,0.0482817533922395,0.0763919593686319,0.00426117214038382,0.00426439967520663,0.00200656339893368,0.000381200273059097,278,3
0,31.956467968,accepted,16.2353401217571,0.336126932665461,0.571276555702362,0.869559941932475,0.963253871593677,-0.118242257440463,1.35672344786674,-0.0367324334358305,-6.59460315367633,5.59786261950816,5.48245521805858,-0.33,-0.35,0.62,2.27067335684462,-6.86924612613397,5.04052067856802,4.68961909386647,-1.27185744391112,-0.227191962668212,-0.722512434326877,2.30388452649091,31.956467968,0.0475601212944821,0.0477995720502656,0.0760476666757786,0.00418930098859995,0.00412543977383418,0.00198523330645742,0.000377946355136026,279,3
0,32.05860992,accepted,16.5447340145709,0.360101865626781,0.574786839119174,0.848581680925667,0.892700629702865,0.257814408402029,1.40190621316463,-0.035142676604309,-6.63618324807302,5.59786265798675,5.45899750720079,-0.3,0.11,0.66,2.27067335684462,-6.93805466379695,5.05995481546161,4.69072075873279,-1.17200812112855,-0.134831921118242,-0.726355084610038,2.30165188898131,32.05860992,0.0475399859013153,0.047774696237376,0.0760988385947621,0.0042363134437803,0.00401927310019111,0.00199688271266796,0.000375524175680609,280,3
0,32.1587392,accepted,14.3019527394506,0.376984060751949,0.587099982742687,0.817571254928534,0.799072711134186,0.604576669968628,1.25110904626228,-0.0315742741998606,-6.66944729473857,5.63118328098258,5.43600202245973,-0.19,0.41,0.51,2.27067335684462,-6.994821927566,5.09992377061924,4.6882897549235,-0.971193632672083,-0.175647072589807,-0.727490490066802,2.2985688283492,32.1587392,0.0475163700791623,0.0477426190283419,0.0761454527524329,0.00417993131997851,0.00389660716012612,0.0019825495330944,0.000373404222899114,281,3
0,32.258881792,accepted,11.9460172943356,0.391659594154262,0.593208297588685,0.802180489554909,0.830274452303269,0.406789884442964,1.07790440489464,-0.029694037056351,-6.7027113188136,5.68671763397309,5.4130034805121,-0.16,0.44,0.34,2.26892802759263,-7.03744707022179,5.13924953750605,4.67494081181917,-0.969148436530708,0.0481829898299374,-0.725609772146659,2.29459904427556,32.258881792,0.0474542073039515,0.0476718891827719,0.0761670116047189,0.00434098453497342,0.00385271194390655,0.00202207896854626,0.00037082912256204,282,3
0,32.35904512,accepted,11.7418595513606,0.400947408395,0.586120495969592,0.78802869223341,0.970710481132147,0.321406610619918,1.10417585601067,-0.0244624245745402,-6.73597535218966,5.73114512278593,5.39000017637731,-0.01,0.38,0.37,2.27067335684462,-7.07808589444698,5.18277359196684,4.65984451834601,-0.958817297116962,0.0703782695947737,-0.723420884829441,2.29128866791272,32.35904512,0.0474767859877456,0.0476785496559954,0.0762503441679441,0.0043469543113474,0.00381867179760697,0.00201512022514509,0.000368474423860547,283,3
0,32.457234176,accepted,8.889185301024,0.39815189806002,0.566284021214602,0.680067334980612,0.886868097878387,0.0892232451875984,0.740489238015005,-0.0215564635119927,-6.77755541611714,5.76446575499609,5.27875689896575,-0.09,0.27,0.18,2.27067335684462,-7.10793487524465,5.22401654862868,4.64673326014476,-0.950455785251481,0.18802676875395,-0.551989091272477,2.28801059377063,32.457234176,0.0473047845817707,0.0474946722082311,0.076183166685726,0.00445310936330066,0.00378917534570749,0.00202546406271388,0.000365329412057226,284,3
0,32.55734912,accepted,6.30556564243494,0.392223074820284,0.575338522112267,0.557469838980434,0.750769092391868,0.390400692866254,0.420987408724361,-0.022875351774283,-6.81081943838857,5.82000010798527,5.16533097967046,-0.15,0.54,0.1,2.26718269834063,-7.13994418875269,5.29107559370608,4.63752281671631,-0.876329458432506,0.163934279128762,-0.316206622125727,2.2863543195401,32.55734912,0.0471396756682929,0.0473153624818161,0.0761201948622758,0.00441882579425909,0.00375891700861074,0.00200387571923771,0.00036212339613282,285,3
0,32.657480704,accepted,5.5126254918219,0.401332356321976,0.568972443221442,0.44961846585026,0.837934762262602,0.30644922365357,0.410187361698653,-0.0258409317740593,-6.81913540399121,5.87553443643571,5.05188620797191,0.07,0.44,0.17,2.26369203983665,-7.16234485845668,5.34233397969368,4.62499365725443,-0.745825997322352,0.143484366709364,-0.236773642863048,2.28636375643374,32.657480704,0.0471217999659958,0.0472773564274042,0.0761603470097738,0.00438873553266215,0.0037297921179268,0.00200192697620037,0.000359414247035137,286,3
0,32.757637376,accepted,4.1702474372753,0.387130166737246,0.549989338486562,0.342326188025137,0.698756760213071,0.218310874980849,0.309727713709064,-0.024470771515348,-6.85239944641166,5.90885506202439,4.93841301264997,-0.08,0.42,-0.07,2.26369203983665,-7.18397928185036,5.39077096201226,4.61484012128854,-0.75741522573683,0.210263168474705,-0.376914554516486,2.28508263840702,32.757637376,0.0470193334610321,0.0471593744156852,0.0761293883357576,0.00438760837744239,0.00366329664819523,0.00202060906313082,0.000356466035229829,287,3
0,32.871771648,accepted,2.4372285593649,0.370155519992466,0.532371894503143,0.23463629586614,0.485345130379183,0.0888558919955932,0.180446992792017,-0.0208782334023625,-6.89397950970856,5.94217569586417,4.80910379858601,-0.23,0.25,-0.09,2.26369203983665,-7.21353334851929,5.43429317533874,4.58755707372804,-0.696244602455291,0.166899026834696,-0.268687229855801,2.28194676086646,32.871771648,0.046996001476377,0.0471224183387247,0.0761994399247869,0.00431629451875905,0.0036305819199395,0.00202662707984064,0.000353587267467968,288,3
0,32.957878272,accepted,4.67116746021208,0.385077944958474,0.524468708897674,0.148019304973706,0.746275193751891,0.324481294837258,-0.197820066638889,-0.018930544886226,-6.88566346946753,5.9643894150842,4.71154870246955,0.15,0.21,-0.39,2.26194671058465,-7.20932596219187,5.47628881672074,4.54954433673559,-0.573821493430414,-0.104452404316247,-0.196512731603584,2.27878327240352,32.957878272,0.0466026367206521,0.0467143393034122,0.0759159633458153,0.00402050734052332,0.00359726172249272,0.00197190538669445,0.000350956473912612,289,3
0,33.058004992,accepted,3.04170959410265,0.382128302308987,0.529166778346752,0.0731461868699448,0.553096438077086,0.379022174393598,0.132987629265645,-0.0121803282063948,-6.89397945599635,5.99771001647597,4.59810944147349,-0.21,0.39,-0.27,2.26194671058465,-7.23108022513547,5.50794198273634,4.52999807528384,-0.747166376451126,0.022303996486095,-0.402481074716144,2.27220281453787,33.058004992,0.0465246868190108,0.0466234811609495,0.075900988505375,0.00406265244977578,0.0035109922983444,0.00199860653355131,0.000348835480745893,290,3
0,33.158175744,accepted,2.69775344221918,0.375245472021241,0.5017174787616,0.00829455480282615,0.634845706414344,-0.137243673920131,0.279816759094704,-0.00816899297454654,-6.9355595266441,6.01992378555472,4.48462029411802,-0.2,0.07,-0.32,2.26194671058465,-7.26849503652386,5.52771111317108,4.48593728487781,-0.819341526106429,0.208060481788917,-0.598244748590479,2.26803403661028,33.158175744,0.0465610301396723,0.0466382361384661,0.0759806686503882,0.00420487244299237,0.00345613765174124,0.00205507423543311,0.000346498071738062,291,3
0,33.260302848,accepted,11.2301890977322,0.469544412768033,0.514147201195726,-0.0552759849731013,1.26868289531147,0.072539669750412,-0.0394362486404545,-0.00679768762497179,-6.89397939195665,6.06435120230063,4.36891468421262,0.28,0.28,-0.63,2.26194671058465,-7.2603037048914,5.57167972406792,4.41312481077276,-0.948314721765603,0.212620653484754,-0.594432469627502,2.26387687658362,33.260302848,0.0464376449832916,0.0464986869531437,0.0759392602004189,0.00417020239137216,0.00342188745944205,0.00204990359173293,0.000343552989152402,292,3
0,33.356436224,accepted,1.60739824530909,0.405454871211928,0.488242253536197,-0.0972342889100482,0.434090104176709,-0.0239206174401737,0.242656581658279,-0.00363371539522905,-6.93555947293918,6.07545810728474,4.25999982107483,-0.39,0.01,-0.28,2.26020138133266,-7.30560309943477,5.60143804653777,4.36520716867395,-0.812186084490107,0.0364774017621305,-0.521112644349379,2.26234246759995,33.356436224,0.0463460052878824,0.0463819253730497,0.0759069299293663,0.00399012401247499,0.00339028857453775,0.00202448584021772,0.000341207776176999,293,3
0,33.45857536,accepted,10.4550709724075,0.463085644315529,0.469984590475262,-0.13487063680204,1.19042469478295,-0.133658386525738,-0.0936025933260111,-0.00258347247449597,-6.93555946222313,6.08656497163199,4.18861207744903,0.28,0.06,-0.39,2.26020138133266,-7.29782487617773,5.62160792922671,4.30783623120642,-0.870956311332094,0.192675995455831,-0.301283951858888,2.25816819850537,33.45857536,0.0461962733481306,0.0462225664846786,0.0758394391173264,0.00414842544697985,0.00338015405966413,0.00206299739981836,0.000338204300497203,294,3
0,33.558760448,accepted,2.22486499311666,0.446807634018327,0.488055142165092,-0.16164275525567,0.502213222329739,0.230842090183359,0.0403988520465517,-0.0016443427316406,-6.93555942981836,6.11988556423781,4.11859006965301,-0.31,0.3,-0.17,2.26020138133266,-7.33649498076063,5.66110308814638,4.27667163049383,-0.796317793499842,0.0768771842914831,-0.211412703796679,2.26009561376753,33.558760448,0.0460928433058183,0.0461023614942962,0.0757988532579368,0.00401367935511169,0.0033566863200709,0.00204589614554925,0.000335511317127241,295,3
0,33.658899456,accepted,2.747969161529,0.431271037920045,0.472139999342215,-0.198809036177758,0.553570745254937,-0.042582501168813,0.212107903241715,-0.000725390538212967,-6.98545552017685,6.14209934105493,4.04860026838775,-0.39,0.13,-0.06,2.26020138133266,-7.36546570635101,5.68176242040783,4.25436753701313,-0.924923364282389,0.174257614469101,-0.27074465987378,2.25848792545829,33.658899456,0.045922625885548,0.0459234292489243,0.075704716594922,0.00405718749733662,0.00329878560462281,0.00206434631544093,0.000332529596062609,296,3
0,33.757001472,accepted,4.07238029839906,0.417911183801069,0.423073494320027,-0.255741622587538,0.813840938973268,-0.454655521987594,-0.199235825585838,0.00228824994021037,-7.03535165172789,6.11988566160616,3.98003417470765,-0.06,-0.34,-0.31,2.26020138133266,-7.40556448353475,5.69067103889039,4.22105610405341,-0.856476203459643,0.110294493569952,-0.114391044750345,2.25615064790891,33.757001472,0.0460132871277897,0.0459793200594021,0.0758176522627387,0.00403427098407603,0.00331207214194685,0.00206850745422673,0.000330575742435108,297,3
0,33.873137152,accepted,4.36996790627429,0.469660846566807,0.388661947849648,-0.298133889013031,0.723392871304054,-0.570547124289418,0.0471933803672852,0.00611370315964166,-7.03535167379788,6.09767193101086,3.89886387628601,-0.08,-0.44,-0.19,2.26194671058465,-7.45530644747411,5.69412022808198,4.19128574825707,-0.785511758532153,0.123043920102407,-0.238718688933373,2.25376283909021,33.873137152,0.0463850543628424,0.0463052099796572,0.0761939473495816,0.00405105118102051,0.00329157326722692,0.0020905534310541,0.000328934901491049,298,3
0,33.959295488,accepted,1.47103041777454,0.468512872989859,0.373097076680835,-0.338088605148469,0.276382276366918,-0.170997416948828,0.151955684285715,0.00819314867988385,-7.05198373207068,6.07545822092347,3.838645536456,-0.47,-0.06,0.09,2.26194671058465,-7.48113839970715,5.69828757497817,4.18220351303764,-0.732832914040867,0.10720315238688,-0.0605840749280746,2.2520081448203,33.959295488,0.0456970178921715,0.0456416475052242,0.0756469037085192,0.00396831787790494,0.00324654566083654,0.00205993726473259,0.000324928870003637,299,3
0,34.059424768,accepted,3.01820881523251,0.457978716698427,0.35857990453647,-0.406968437977058,0.531566491890074,-0.14520737468648,0.152541912159674,0.00986188120492493,-7.10187984464572,6.07545827050614,3.76866253434724,-0.27,0.08,0.12,2.26194671058465,-7.50216264729127,5.71600985588666,4.17744644934468,-0.780064718752834,0.222260786904996,-0.03203710200819,2.24928761390202,34.059424768,0.0454043167423506,0.0453509493935941,0.0754336882515006,0.00402785898169131,0.00318830530476288,0.00205540893138246,0.000321401556963109,300,3
0,34.157554432,accepted,2.65919517145574,0.44381742480576,0.353049116649117,-0.486642558619094,0.61751569908849,-0.0313971481501117,0.071605033839873,0.0114676802463514,-7.13514389649185,6.09767202983925,3.70007711674867,-0.2,0.31,0.2,2.26020138133266,-7.52798046361151,5.75307914749492,4.17987847857075,-0.798508826940227,0.341930137020621,0.12722119960418,2.24640738488935,34.157554432,0.0453091596958458,0.0452351634531802,0.0753745205580855,0.00415585421366303,0.00318242410280638,0.0020607999164146,0.000318321765814188,301,3
0,34.259713536,accepted,1.46492295828949,0.405413947519,0.311682703967763,-0.568773800948258,0.266339974075526,-0.283269626612807,-0.0278454347049457,0.0114595414201473,-7.18504000855365,6.09767207993952,3.62867541695955,-0.18,0.01,0.25,2.25845605208066,-7.55663568631146,5.77350166866405,4.18503110088371,-0.433779773444456,0.286485849168925,0.275667702153811,2.24539895411226,34.259713536,0.0451152084831489,0.0450331086075495,0.0752295452689711,0.00406686971357141,0.00325634249051305,0.00205299437502054,0.000314498897718486,302,3
0,34.357971968,accepted,0.848464811827804,0.378869438176423,0.302915983506864,-0.653099855404763,0.257402649755074,-0.00167244434931701,-0.119078598605452,0.0116764685831767,-7.22662008864168,6.10877898708324,3.56,-0.27,0.35,0.13,2.25845605208066,-7.57450839417044,5.81416334469243,4.19247385135727,-0.51675716273273,0.352720761334,0.245234393289929,2.24583744962366,34.357971968,0.044902802809238,0.04481138084875,0.075052460965317,0.00407262973824873,0.00317652127935556,0.00203727010534844,0.000310764964185508,303,3
0,34.458205184,accepted,1.74306348210888,0.341225350013364,0.265024468724489,-0.70457026943934,0.456362511598071,-0.179297672925133,-0.12943449121931,0.0115020838955759,-7.28483220738133,6.11988591117479,3.52089459991236,-0.04,0.3,0.23,2.25845605208066,-7.58882380277039,5.85240440775568,4.2053936070655,-0.482059025053468,0.476253840278176,0.355788159766098,2.24528249047818,34.458205184,0.044888671913211,0.0447683100449365,0.0750405255684224,0.00420997685677748,0.0031858698409821,0.0020619381891958,0.000307565707978659,304,3
0,34.55832704,accepted,1.71486556082092,0.334128260420562,0.256128948389593,-0.750383534357717,0.479966068778244,-0.0959679196726466,-0.0517278751991669,0.013067075959313,-7.30146421027027,6.15320652143288,3.48183264627419,-0.03,0.31,0.14,2.25845605208066,-7.59682154830162,5.89883295561995,4.21506217737305,-0.495503423752867,0.404365660213447,0.18885038696165,2.24369556272577,34.55832704,0.0448599343088474,0.0447069781381439,0.0750113271998522,0.00406029670612646,0.00312029639941732,0.00203252158531773,0.00030453478379144,305,3
0,34.658471424,accepted,0.568391275820566,0.309298592468824,0.251030865551062,-0.797017248892071,0.153369202310786,0.156773698017537,0.0311477555454006,0.0142916518714826,-7.32641223144031,6.18652713944658,3.44276190346923,-0.13,0.38,0.31,2.25845605208066,-7.61729144126069,5.95207772368262,4.2266357255693,-0.278280686058796,0.227619579741852,0.277174784041678,2.24396980090497,34.658471424,0.0447889530653122,0.0446066622320523,0.0749422054421173,0.00384426487612474,0.00319822647539683,0.00200119316833307,0.000301574523712547,306,3
0,34.758669568,accepted,1.55016779569953,0.274067622095835,0.264753424763636,-0.848730327483322,0.043594191703467,0.422188942587584,0.0406307918073053,0.0148715676140698,-7.36799227848569,6.23095463901283,3.40367018651626,-0.22,0.52,0.3,2.25845605208066,-7.63216600086856,6.00098644231986,4.23853318177086,-0.262573084856515,0.109066940748329,0.257767658075901,2.24428852743083,34.758669568,0.0446604015346743,0.0444643456102329,0.074820819189007,0.00367530245207676,0.00316857635433926,0.0019692204189663,0.000298820957036547,307,3
0,34.872822528,accepted,1.23172989150924,0.259193508387967,0.250437983825704,-0.913510095678149,0.406252600595628,0.100446143803913,-0.0384209175019107,0.0176977802620337,-7.40125631704962,6.26427526667057,3.35913408012227,0.1,0.19,0.31,2.26020138133266,-7.63177872461269,6.02561577501594,4.25326458756081,-0.296813167641439,0.0918179766025187,0.345418458722459,2.24177860809574,34.872822528,0.0449334191681685,0.0446961811416178,0.0750647486493842,0.00367892507997071,0.00316497171951127,0.00197680899081044,0.000297143983608151,308,3
0,34.95897856,accepted,1.29308438500775,0.241758409272477,0.232406741748624,-0.958116189911508,0.389483924027707,0.000675027601295494,-0.16825550516516,0.0163331008724117,-7.41788835324513,6.26427528397615,3.32552081063161,0.03,0.09,0.17,2.25845605208066,-7.63109997133355,6.03798929270429,4.25728680278964,-0.349792170582072,0.0898530986666272,0.333775543327471,2.24137865843562,34.95897856,0.0446723984454495,0.0444269496753299,0.0748059502962442,0.00364223941878304,0.00310412823113721,0.00197244718725933,0.000294598725584585,309,3
0,35.059087616,accepted,0.946409661146444,0.2169203610594,0.221062041182556,-0.996421589255906,0.188015871052008,0.0529304206908174,-0.158107416592278,0.0180539453484814,-7.45115242563617,6.2642753185873,3.28646385083821,-0.2,0.1,0.07,2.26020138133266,-7.64240047590396,6.05372341042037,4.24955277541156,-0.379643057569576,0.0494545898312523,0.22217323471785,2.24179310220687,35.059087616,0.0442420127025856,0.0440199873879548,0.0744074826486363,0.00350653031748752,0.00300228701403031,0.00194922364004029,0.000291128878730439,310,3
0,35.15730304,accepted,0.99745241945979,0.214650800958505,0.238457878163881,-1.02693601913065,-0.116859596377909,0.251100845810654,0.0957324970757266,0.0160449157947173,-7.46778442955887,6.2975959282337,3.24814568043951,-0.58,0.34,0.34,2.25845605208066,-7.68567810576408,6.08381283242959,4.26331316540264,-0.466394271533229,0.0967506591071651,0.243648958233457,2.24329747632987,35.15730304,0.0440133967852272,0.0437928770326971,0.0741788216517959,0.00350160204838659,0.00293644765491916,0.00194937799517563,0.000288397334905909,311,3
0,35.259487488,accepted,0.751760754623004,0.231699398696482,0.218883555315901,-1.07398020812453,0.186821581212284,-0.0360273777951332,0.0509483302809196,0.0157214385274935,-7.50936450888436,6.30870283588263,3.20827901865572,-0.43,0,0.26,2.26020138133266,-7.7161915224518,6.09254131573557,4.26747115755836,-0.608572921035944,0.0354716008888137,0.207552606339667,2.24362166751604,35.259487488,0.0436330040554378,0.0434297730916181,0.073807924054875,0.00337296804671532,0.00282417140032152,0.00191202447726612,0.000285368835190872,312,3
0,35.357602816,accepted,3.03191651283132,0.247738797833742,0.202318072159799,-1.11574140343982,0.558974973054069,-0.051499222557947,0.12873040295339,0.011369380774358,-7.53431257654042,6.29759599805176,3.17000000256085,-0.08,-0.1,0.33,2.25845605208066,-7.73485230178595,6.0970333707109,4.27336151718362,-0.622496293292726,-0.0500805919145625,0.200178965275709,2.24513293268111,35.357602816,0.0434193821352925,0.0432099187837369,0.0735748904157875,0.00326692381788368,0.00278187916808775,0.00189087343985985,0.00028289056427849,313,3
0,35.459725312,accepted,0.92047194111925,0.226498835419178,0.195753967878368,-1.12078338791685,0.206226342367934,0.0789781839297988,0.0593902868576197,0.0200245379375392,-7.56757667307627,6.27538230474129,3.17102156985214,-0.34,-0.17,0.24,2.26020138133266,-7.76866202935742,6.09217255777803,4.27627660931316,-0.538477757786019,-0.246127751837868,0.179020506888476,2.23966696150878,35.459725312,0.0430729533360061,0.0428738219162871,0.0732137707479705,0.00306413121485397,0.00275326041756616,0.0018474382420058,0.000281137769024685,314,3
0,35.55789056,accepted,2.90572912876293,0.2279286098305,0.213789566897023,-1.12641180312234,-0.00425737301272999,0.381241621099878,0.448937669479477,0.0251683553652979,-7.59252471530444,6.28648919543133,3.17200355139808,-0.58,0.18,0.7,2.26020138133266,-7.81659247174044,6.10246342707491,4.30492336228526,-0.576343914332493,-0.19239945892896,0.254697021502905,2.23531624984925,35.55789056,0.0429409672010686,0.0427358550222849,0.0730488607623393,0.00308698795119885,0.00273150061416642,0.00185036104139406,0.000279878264141911,315,3
0,35.65814784,accepted,1.72958354407853,0.237351790354113,0.185850562328509,-1.16568835790121,0.352292644294681,-0.033090035562384,-0.0677810417521236,0.0117361469129991,-7.64242083848547,6.27538238428641,3.17300646027686,-0.33,-0.14,0.31,2.25845605208066,-7.84034020126572,6.09096845319468,4.31116191885117,-0.668849225972474,-0.107971111837888,0.373479138643453,2.24544491734818,35.65814784,0.0426006819614666,0.0424102350809469,0.0726856362637739,0.0031150644473011,0.00267513607947141,0.00184475839785952,0.000276407152529962,316,3
0,35.758326784,accepted,1.49287319559413,0.225785211285465,0.182417356964838,-1.17392483194002,0.346467679348789,0.113546977841514,0.0361453682671336,0.00605777607341862,-7.68400094053344,6.26427556445449,3.17400858553304,-0.32,0,0.39,2.25845605208066,-7.87883829705711,6.09421692806786,4.32883308516796,-0.656423217708691,-0.110929716847458,0.351569785459497,2.25145916651292,35.758326784,0.0424405046893335,0.0422454889033063,0.0724842625201106,0.00307993199198317,0.00264683719986982,0.00184355176352265,0.000273841956086565,317,3
0,35.868461056,accepted,1.90503332625947,0.19180673744415,0.133767223669815,-1.19129873699749,0.335429931488421,-0.169884788191994,0.0464710416278095,0.00952547082254096,-7.76716118440974,6.20874133292451,3.17511029744111,-0.46,-0.34,0.37,2.25845605208066,-7.92267682339039,6.06333349969461,4.34939742859563,-0.782802223212002,-0.175257720634699,0.321716505190253,2.24743031650131,35.868461056,0.0422708412327572,0.0420821438303369,0.0722773691985177,0.00299470709033272,0.00257208426766148,0.00181089505477973,0.000272198486954829,318,3
0,35.956652288,accepted,1.99946523604374,0.193451043942932,0.168625954248379,-1.20120184913802,0.34145218954425,0.287897665122864,0.139421736974847,0.0112383661590041,-7.80042524583541,6.21984823325992,3.17599250539252,-0.47,0.16,0.45,2.25845605208066,-7.96826153001875,6.07250873332398,4.36356205113963,-0.803493297321255,-0.122218842503048,0.309636509410867,2.24650914929132,35.956652288,0.0420030839418968,0.041812262266005,0.0719609907300536,0.00300075980071451,0.00253878251680953,0.00180903416775878,0.000270401952393835,319,3
0,36.056817664,accepted,2.6512316536431,0.193477919115701,0.164872892196542,-1.22916429682276,0.441769517417606,0.280026444298296,-0.137120489157111,0.00951586112826464,-7.8503213549571,6.2198482880137,3.17699449492323,-0.25,0.06,0.32,2.25671072282867,-8.01000324937602,6.07581483640067,4.37440780218185,-0.681061595687972,-0.21439424037793,0.452065951504142,2.2465819271616,36.056817664,0.0419093512304975,0.0417085432028886,0.0718158514806762,0.00293475386461195,0.00257457135486248,0.00179295375959833,0.000268639297378632,320,3
0,36.156974592,accepted,0.826580301292642,0.18012081993691,0.15721051388912,-1.23337245376832,0.194150385483455,0.0424247384521904,0.025016277562433,0.0147868941295997,-7.89190146024561,6.20874146928408,3.17799639994561,-0.39,-0.19,0.3,2.26020138133266,-8.05005204463263,6.05912848645855,4.39169057966834,-0.577337794808313,-0.231055250400878,0.272749526495497,2.24491234145047,36.156974592,0.0416133110383342,0.0414245342710019,0.0714682890848263,0.00285716545573636,0.00253808872000419,0.00178616338116397,0.000266726951178084,321,3
0,36.257087232,accepted,1.8772800506646,0.15549534101351,0.131177910749281,-1.23878505122397,0.369947279781791,-0.0105056348236681,-0.0481581901413229,0.0126429381887747,-7.96674566363157,6.17542095835115,3.17899786193953,-0.45,-0.1,0.22,2.25845605208066,-8.08515969759323,6.04615393780603,4.39161719858523,-0.807179225481184,-0.0901591061962061,0.26445471805958,2.24450641567259,36.257087232,0.0413273952456115,0.0411511075175048,0.0711312858358592,0.00291373111694073,0.00243262009775517,0.00177884507380465,0.000264366725247901,322,3
0,36.357267712,accepted,2.75748942928876,0.135707945933381,0.123973987322859,-1.24369418109885,0.375455504422837,0.0726139795398668,-0.365270836624475,0.00237608939427236,-8.03327382381447,6.1643141693265,3.18000005367013,-0.46,0.04,-0.03,2.25496539357667,-8.1380574631126,6.04737049869513,4.37665251605194,-0.825014280865248,-0.0310600394263171,0.326911210165539,2.2518672123224,36.357267712,0.0412062458732147,0.0410232063044308,0.0709499010563482,0.0029432059947912,0.00241827034156447,0.00178194406457501,0.000261602049597869,323,3
0,36.45743104,accepted,2.85471950737292,0.166725580027979,0.111629530824882,-1.20314529476979,0.345194310427415,-0.395675264522097,0.0958755285055545,0.00346574244375031,-8.04990587099726,6.15320732426247,3.20099918958104,-0.4,-0.5,0.33,2.25496539357667,-8.18716059089697,6.01785630802358,4.39110760499356,-0.734430856400556,-0.113305768720931,0.233453471247148,2.24984484374979,36.45743104,0.0410794617896363,0.0408877017961879,0.0707592425793487,0.00285476856064451,0.002405444856528,0.00176828384968094,0.000259822488179408,324,3
0,36.559565056,accepted,1.41111371468139,0.140830839228785,0.0935775737924747,-1.19202642711505,0.114605566080789,-0.236166943129465,0.18202199482315,0.017291390089059,-8.10811806374755,6.09767306654335,3.22241147814948,-0.49,-0.41,0.38,2.26020138133266,-8.23581264382555,5.98853495988105,4.40973745786732,-0.59998277794712,-0.179801347531593,0.199169935223559,2.24202536169429,36.559565056,0.0408957099225763,0.0407043520909831,0.0705100685323892,0.00277784260630307,0.00241398035593617,0.00175641693195038,0.000258715330047644,325,3
0,36.659746816,accepted,1.82843103354587,0.139294505595267,0.120983310377159,-1.18961311033354,0.328332331093486,0.283826165748586,0.055544509346922,0.0247330951619751,-8.15801418890066,6.08656626142057,3.24341447830973,-0.3,0.05,0.3,2.26194671058465,-8.27490573275778,5.98463677831792,4.41486268729332,-0.621694046297316,-0.228685262743945,0.242450926545246,2.23695682610442,36.659746816,0.0408483990968789,0.0406466775984956,0.0703981395169198,0.00273840545730493,0.00240035086351212,0.0017333318766907,0.000257821116115463,326,3
0,36.759938048,accepted,2.78103149007695,0.12801638081269,0.106481117417885,-1.17317489779468,0.439191875991792,-0.0794992459760131,-0.186912525862736,0.0184692283410732,-8.20791031146571,6.07545945414171,3.26441946426477,-0.19,-0.17,0.08,2.25845605208066,-8.29539776303255,5.96448075412668,4.40193531427436,-0.615074064269498,-0.093399483516949,0.260997108880634,2.23858063019797,36.759938048,0.0406241173033463,0.0404306508133815,0.0701063134568499,0.00280248834142218,0.00237304276570455,0.00173424444784493,0.000255091752291481,327,3
0,36.87421312,accepted,1.21640152945938,0.1302801829702,0.118574011198398,-1.14213875965816,0.191818616225775,0.207738127296955,0.0780826534928604,0.012888100496399,-8.2328583821057,6.06435261767194,3.2883771123988,-0.4,-0.03,0.23,2.25496539357667,-8.34533638322784,5.96455445242759,4.4165091805544,-0.586714006311355,-0.232697858012751,0.150819596886986,2.241865921085,36.87421312,0.0406377424208882,0.04043448740086,0.0700495206037105,0.00267524664243317,0.00234857049727651,0.00169747315357414,0.000252977530847367,328,3
0,36.958369024,accepted,0.979144456138657,0.114758204880884,0.104947987314802,-1.12211384238117,0.191920425034344,0.0148649533224831,0.165783549321693,0.0173824274608489,-8.27443849929059,6.04213893664954,3.30602030877704,-0.27,-0.38,0.32,2.25671072282867,-8.37213199733329,5.94106908162781,4.42182133367164,-0.456648010794445,-0.394702356087051,0.154779582134654,2.23879915830993,36.958369024,0.0402208616793151,0.040026692684112,0.0695521796834276,0.00254071968891453,0.00236220427676837,0.00166056045117918,0.000251384003275924,329,3
0,37.058463232,accepted,1.1835400665137,0.072790710849274,0.078624782640885,-1.10343609207095,0.206712257899013,-0.0057601891277525,0.195496503245403,0.0243793716359253,-8.34096671332781,5.98660469209649,3.32700495375296,-0.18,-0.31,0.28,2.26020138133266,-8.39607899332682,5.90965883290206,4.42760980092278,-0.380925597425648,-0.304874876024767,0.0858175295729392,2.23513856840725,37.058463232,0.0400151412543412,0.0398278932706603,0.0692675067003952,0.00256043821382741,0.00235479448553669,0.001661899664886,0.000249843619105916,330,3
0,37.15863168,accepted,1.73735957137927,0.051003707156422,0.0708307562174575,-1.08406781134052,-0.131558259573022,0.0024401804853951,0.336963791051413,0.0221138817285,-8.37423082667953,5.95328413898009,3.34800516306647,-0.39,-0.24,0.39,2.25845605208066,-8.43591327471615,5.88538555966949,4.44202887795904,-0.262377686286245,-0.241516822071748,0.0573216015229185,2.23662705340986,37.15863168,0.0398086456369268,0.0396283848287356,0.0689781514325938,0.00256772459500212,0.00237960446295886,0.00166523749626668,0.000247352159060204,331,3
0,37.258775808,accepted,3.66656275551488,0.0530718817422038,0.106372685964302,-1.0801440334171,0.0584917900706587,0.636353194767258,0.46380706164255,0.0184822833713669,-8.40749488799514,5.96439104154574,3.36900027371766,-0.17,0.35,0.53,2.25671072282867,-8.45935172430135,5.88559766927239,4.44853705787417,-0.229340734937342,-0.277682208167627,0.0680033131746787,2.2389815260221,37.258775808,0.0399137003173876,0.0397135433041243,0.0690112725086919,0.00255210062263005,0.00240373050321955,0.00166011502899092,0.000245992164893491,332,3
0,37.358942208,accepted,2.34519861706623,0.0619344099725421,0.139746098716207,-1.06139356607517,0.244085810688762,0.499921681815084,0.319054375017901,0.0130798792307871,-8.41581086898118,5.99771164458793,3.39000011267856,0.12,0.24,0.35,2.25496539357667,-8.4689093039316,5.8795102729981,4.44452119360368,-0.12211273980214,-0.253651549904481,0.0313348469092014,2.24222688634103,37.358942208,0.0400379091981371,0.0398181451319441,0.0690654047138867,0.00257293619563114,0.00246335084483115,0.0016740752560599,0.000244343192190416,333,3
0,37.459160576,accepted,1.9328844920716,0.025065740987996,0.136633635786139,-1.01216571031691,-0.219700505567639,0.0893521570823965,0.376808051499079,0.0091830524961809,-8.45739096125141,5.99771169365295,3.43411129262035,-0.27,-0.06,0.45,2.25322006432468,-8.49713859818968,5.87097658081633,4.45332532022778,-0.0557848468166307,-0.145985284446727,0.076765766794535,2.24470476035839,37.459160576,0.0399701915185614,0.0397464081651107,0.0689223909515047,0.00263121712304041,0.00249647628752473,0.00169332521449815,0.0002419231355121,334,3
0,37.559305472,accepted,3.94995191188059,0.013784788473874,0.138008194082717,-0.984361258890492,-0.277078998237727,0.0241849392692093,0.594585107323162,0.0075379017346151,-8.49065504839079,5.98660486829212,3.47819013381348,-0.39,-0.21,0.7,2.25322006432468,-8.52352139283475,5.85503204170333,4.48485939404737,-0.119445847591713,-0.232267839343444,0.112345161125601,2.24609434181337,37.559305472,0.0398969421996535,0.0396712346635631,0.068772796843089,0.00256330441338724,0.00244986805529284,0.00167036634107372,0.000239828252451843,335,3
0,37.659472384,accepted,4.291490383272,0.0209215199878265,0.155204751665408,-0.970525076372357,-0.249869602045425,0.0888193939971081,0.652322027730888,0.0083021998538495,-8.51560310612985,5.98660489781027,3.52227866536335,-0.38,-0.11,0.73,2.25322006432468,-8.5531927747063,5.84183494342883,4.51655591342326,-0.135986319343084,-0.195771086457234,0.0848652566866108,2.24536269485846,37.659472384,0.0398476533369411,0.0396195270477972,0.0686484086194017,0.0025716896227779,0.00242458068955296,0.00166866696794536,0.000238015337568627,336,3
0,37.759643648,accepted,2.35256080308863,-0.0491013478857703,0.110335750368986,-0.956332827409273,-0.141044338439409,-0.245319033329827,0.528068830964377,0.00772812131103073,-8.598763370605,5.91996381153193,3.56636911244885,0.04,-0.7,0.5,2.25322006432468,-8.55708019503795,5.80302743615172,4.53094745783671,0.179310302292926,-0.457680753058926,-0.0243594164470831,2.24501787139857,37.759643648,0.0399251029774414,0.0396842811316239,0.0686543563260253,0.00241878439961491,0.00261119535746702,0.00165529189457526,0.000236609573335436,337,3
0,37.877831168,accepted,5.26749992560668,-0.0399810565878447,0.157408426209958,-0.908377531591811,-0.0876759057458099,0.56002895634491,0.7752960619986,0.0222600631437384,-8.59044735204539,5.91996380137516,3.61838942634573,-0.22,0.35,0.84,2.26194671058465,-8.55840668810002,5.78939373227004,4.54207150818248,-0.135794238593789,-0.20175602300723,0.0696621553841397,2.24053093920812,37.877831168,0.0402730699830894,0.0400211648179378,0.0689445108450407,0.00259555708976085,0.00243728365905462,0.00165578648965505,0.000236647267503464,338,3
0,37.957978112,accepted,4.38349061451101,-0.0017730121288988,0.162326780769309,-0.892337099627897,0.268966920401549,-0.25378967371616,0.746401266594805,0.00691623216867532,-8.5738152882079,5.94217751184241,3.65366615594252,0.06,-0.28,0.77,2.25322006432468,-8.5604756928525,5.77302779579587,4.56572042507139,-0.203763161948632,-0.0305169204885539,0.0297263598579258,2.24493334824382,37.957978112,0.0400478725700249,0.0397954924679113,0.068642416990116,0.00269693444565977,0.00237348468021034,0.00166143380850252,0.000233575597959827,339,3
0,38.058203392,accepted,3.05896343414677,-0.0633340138249654,0.135317975358715,-0.855301072795106,-0.000817825627562219,0.221568123174788,0.746956840696805,-0.00851079877114236,-8.64865948441148,5.91996387169131,3.69778037820561,-0.23,0.46,0.56,2.24449341806471,-8.58851176904605,5.79565426075124,4.56531948705383,-0.229863920885425,0.241030075215747,-0.182593709878467,2.25293120035071,38.058203392,0.0402020537568526,0.0399162794162781,0.0687179406430365,0.00289940934423351,0.00233578287144283,0.00170399288566722,0.000230952838182598,340,3
0,38.158328064,accepted,5.19323349470169,-0.0248091170242315,0.134599850106016,-0.805062753441545,0.729092159522702,-0.0837285319620017,0.591682436641681,-0.0121272056747177,-8.64034342544092,5.953284455725,3.74185031779197,0.44,0.14,0.38,2.24274808881271,-8.58500551093625,5.8170607661648,4.56002027080915,-0.276554247634395,0.220249687516145,-0.207003590449072,2.25262810261023,38.158328064,0.0403055155828727,0.0399853254627909,0.0687388494626421,0.00288205861561914,0.0023038558047745,0.00169569955913518,0.000229087542457819,341,3
0,38.258465536,accepted,9.57893828202861,-0.00876806736899916,0.118036586145891,-0.752176496937857,0.0960336625850471,-0.45629313219157,1.18594470991555,-0.00253173759693048,-8.61539536950546,5.95328442551348,3.78592589130667,-0.03,-0.3,0.98,2.2462387473167,-8.60276839927878,5.81906599613032,4.57943813607249,-0.122358280240918,0.149058973581334,-0.195044530247596,2.24710805438739,38.258465536,0.0403969897427137,0.0400443943798752,0.0687505704737409,0.00282865637438692,0.00238478123359659,0.00170036568543584,0.000227851333766506,342,3
0,38.35859968,accepted,5.73899873058089,0.0155018372675784,0.109255462903064,-0.727401808710977,0.274503133856909,-0.143140038236056,1.01534211430454,0.0105921354945706,-8.59876334375478,5.94217754188302,3.83,0.19,-0.04,0.74,2.24972940582069,-8.60443665684199,5.83015299969946,4.58423607619953,-0.0800044808927102,0.100426568985572,-0.267900243527813,2.23797870796923,38.35859968,0.0405377292548214,0.0401512196817533,0.0688124685680944,0.00279296462390709,0.00239845742989552,0.00169895192021702,0.000227181552999961,343,3
0,38.458748416,accepted,8.36177718380864,0.0258725674590714,0.0948144722222395,-0.706565560755924,0.308152760668919,-0.274758609884512,1.21896532241436,0.0161148979716108,-8.58213132057755,5.93107065608809,3.84699909183136,0.29,-0.19,0.76,2.25147473507268,-8.59640289642191,5.8283300315872,4.58884322777689,-0.0126657327171831,0.0802176189570224,-0.449660537162587,2.23385920058612,38.458748416,0.0406724850167104,0.040259696847372,0.0688719926532411,0.00277397443869902,0.00241019791442928,0.00170041090478222,0.000225973849017868,344,3
0,38.558884864,accepted,4.65476542368042,0.0101797223304416,0.0825899043801357,-0.676991287956849,0.170469108575326,-0.119652908319726,0.959168859515793,0.0208120828562537,-8.58213133348578,5.91996379121839,3.86399609791658,0.2,0.03,0.49,2.25147473507268,-8.58687070935106,5.83519157279877,4.56449697118531,0.0323122643276656,0.147694328506639,-0.462591577421065,2.22987152880139,38.558884864,0.0408207082304314,0.0403801985667588,0.0689474728610488,0.002835372119254,0.00243621724540815,0.00171344811239511,0.000224702658161501,345,3
0,38.659028736,accepted,10.7310542666752,0.0412080184016865,0.0644306883530223,-0.6338511367058,0.162030298203947,-0.352485890466283,1.36651489496813,0.0128744787889876,-8.55718327807086,5.91996376160749,3.88099436414009,0.04,-0.15,0.86,2.24972940582069,-8.59119183781545,5.84311630694162,4.56052135949083,-0.117600819994667,0.196974719458545,-0.495035706270618,2.23534141671994,38.659028736,0.0409407114387932,0.0404652953699496,0.0689895328139205,0.00287842478235946,0.00233963467116109,0.00170469214476488,0.000222451635090347,346,3
0,38.759157248,accepted,4.23594584337265,0.0214573865840784,0.0404160342787723,-0.620065472783939,0.358033262638485,-0.279778340650783,0.780548783101482,0.0111469359682199,-8.57381534127046,5.89775005304105,3.89799002318092,0.31,-0.14,0.4,2.2479840765687,-8.58036439268424,5.84698051041938,4.53914332974214,-0.0415689868939722,0.134828796741912,-0.374576394132625,2.2353930350649,38.759157248,0.041068773837414,0.0405622745467578,0.069039546439683,0.00284356852596191,0.00239592153534218,0.00169928142100906,0.00022069861948651,347,3
0,38.877311744,accepted,6.80847600905213,0.0515293901157392,0.0311153770626946,-0.578357130441856,0.277042558978341,-0.210030901587639,1.14457351775645,0.0195349093764938,-8.53223524912489,5.89775000328751,3.91804538491601,0.25,0,0.72,2.25147473507268,-8.57269585877162,5.8592511079074,4.52904781065603,-0.0219710406325901,0.206198943082355,-0.416164707926073,2.23069111595585,38.877311744,0.0414956651444563,0.040936127911976,0.0693845654837566,0.00292254431327183,0.00241182888323024,0.00171607655999143,0.000219821052174047,348,3
0,38.959431936,accepted,9.05930372776107,0.0263602344308254,-0.0117155147483983,-0.564108904636878,0.312156266836548,-0.473529068378474,1.19305646301353,0.019159955344473,-8.54886732575326,5.86442943114669,3.93198433952266,0.25,-0.25,0.77,2.25147473507268,-8.56129194416794,5.85667895242953,4.53560451620258,-0.0551585312655719,0.215744141189768,-0.413046514236262,2.23045125282426,38.959431936,0.0413343139146113,0.04076414630816,0.0691509505910935,0.00291932858128586,0.00237373228548992,0.00170749787470688,0.000217758337782777,349,3
0,39.059582976,accepted,3.22223651383635,0.021945800837214,-0.0330401487311036,-0.545147859891633,0.29606466737649,-0.0395623844284144,0.722606843938297,0.0214845816230911,-8.54055133353794,5.84221569296935,3.94898382243143,0.31,0.12,0.33,2.25147473507268,-8.55069724512746,5.87192497018596,4.51402559125837,0.0186843891209632,0.157464947378724,-0.387169132404066,2.22910442882576,39.059582976,0.0414568524582207,0.0408533378328301,0.0691950299482548,0.00287541449340478,0.00241537849672817,0.00170128761055426,0.000216176916787283,350,3
0,39.1597888,accepted,4.56496172666191,-0.000389454832163239,-0.035635954852375,-0.50442506621518,0.0588395956441505,0.0601737179893855,1.06625392114494,0.0249880578597503,-8.54886733918202,5.85332256618291,3.96599260429178,0.06,0.3,0.56,2.25322006432468,-8.54805948978345,5.88952796224111,4.49416010269948,0.00184000667484588,0.239678191756179,-0.500126115589045,2.22796433867135,39.1597888,0.0416549559808152,0.0410119684638658,0.0693090160325807,0.00294494147952108,0.00239423645180886,0.00171204116606758,0.000215043780875928,351,3
0,39.25797376,accepted,3.42303148393359,-0.0152687384760828,-0.0798907002946345,-0.46884693325005,0.273497648196906,-0.424181664689998,0.613142718209099,0.0181334501271126,-8.55718338395397,5.8311088471947,3.98265836781673,0.36,-0.21,0.3,2.24972940582069,-8.52917316540514,5.89087982413526,4.47056386236326,0.0926339599032179,0.206693531117522,-0.307865189547609,2.23008959976556,39.25797376,0.0417267909426613,0.0410570639924207,0.0693048116321371,0.00293071039699567,0.00246493443839202,0.00171084546517745,0.000212857881643801,352,3
0,39.360140288,accepted,3.19303395951475,-0.0253880751673723,-0.124858031860027,-0.43424113710693,0.26877977449665,-0.476353477885229,0.552634555246976,0.0189810738885634,-8.54886740555599,5.7977882456139,3.99999995654696,0.34,-0.15,0.16,2.24972940582069,-8.51105516230449,5.89970026251176,4.45094672384911,0.0774705267068572,0.318295265161499,-0.387865395520232,2.22922691059039,39.360140288,0.0418767012345229,0.0411701827753837,0.0693706049972888,0.0030215664721123,0.00243647013050543,0.00173070336102328,0.0002110155321717,353,3
0,39.46028928,accepted,4.92699539407287,-0.0252690419414634,-0.155533073633909,-0.467960337724963,0.369432540429773,-0.465069019394648,0.667803843439883,0.0209600289953333,-8.53223539452445,5.77557449684388,3.93085779405504,0.4,-0.09,0.02,2.24972940582069,-8.48734360138219,5.90393154777146,4.42487613295917,0.0399337215808678,0.365422390275572,-0.640808321460784,2.22667829654132,39.46028928,0.0419281981134004,0.0411997789555018,0.0693458305017292,0.00303792582889317,0.00236424525320433,0.00173302488549788,0.000209022344012293,354,3
0,39.558462208,accepted,3.40618930967265,-0.0317190535640606,-0.202402491504206,-0.504803115352382,0.28199873834297,-0.716250033899612,0.35370302816647,0.0226885553129827,-8.5156033967897,5.74225388406977,3.86307967645608,0.36,-0.31,-0.08,2.24972940582069,-8.47108018285415,5.91346598922608,4.37407430676106,0.0845730421614233,0.396159637409219,-0.431039779732862,2.22544973078816,39.558462208,0.0420532708789456,0.0412758714356631,0.0693844496603525,0.00308292663053013,0.00241127439957233,0.00173974335956647,0.000207364826650217,355,3
0,39.658617344,accepted,2.77016356016014,-0.0258315863799012,-0.230503936507851,-0.532714277113493,0.316455901718536,-0.410510292904027,0.374866276959774,0.0288349106460282,-8.49065536487441,5.72004012454103,3.79393305198188,0.42,-0.11,-0.04,2.25147473507268,-8.44648747423655,5.92282572209357,4.33861904371342,0.111746457012838,0.29119837968579,-0.410949390939544,2.2209067339673,39.658617344,0.0420805940640033,0.0412764399842348,0.0693335857393736,0.00298127878197577,0.0024105780648985,0.00171709331644363,0.000205453155612218,356,3
0,39.758733056,accepted,2.11169723281857,-0.0617694037713861,-0.258174573065515,-0.571886269970373,-0.0657672168532941,-0.438591027280277,0.370773989369936,0.0365786966048658,-8.49065539147532,5.69782639626167,3.72481364564779,0.16,-0.08,0,2.25496539357667,-8.43169356748492,5.93039099602092,4.30485488410891,0.226347837119903,0.351359886882325,-0.367759630579394,2.21775258109542,39.758733056,0.0421452496871755,0.0413172472368624,0.0693205141104407,0.00302595392726837,0.00247449140846442,0.00173141713720623,0.000203802996472281,357,3
0,39.876830464,accepted,3.59683794137284,-0.0385863549731518,-0.284176061721782,-0.625912583816549,0.346447818817779,-0.622167975870134,-0.0819416960198547,0.0301156658020805,-8.45739131556522,5.69782635675766,3.64327976282872,0.38,-0.07,-0.35,2.25322006432468,-8.39600969283802,5.9410686561129,4.2569018986234,0.0439112184738344,0.539324556554612,-0.269040235004015,2.22108293222054,39.876830464,0.0424329560442633,0.0415659686354533,0.0695249883077702,0.00319803849406136,0.00236696768779418,0.00174297383946102,0.000201282234847735,358,3
0,39.958981888,accepted,1.73413731248769,-0.0811377905398647,-0.311136889558457,-0.637456985856601,0.224240068939181,-0.417102267857032,0.0673146021189565,0.0220637817469926,-8.47402337928536,5.67561264879184,3.58656281458006,0.29,0.15,-0.59,2.2479840765687,-8.37944805928663,5.95609662527867,4.21853704537575,0.072404897839544,0.557946644277923,-0.656974919695317,2.22452161579279,39.958981888,0.0421357926537443,0.0412768668597134,0.0691649913482718,0.00314765305275393,0.00230261721526835,0.00173547713700178,0.000198269228914958,359,3
0,40.059129856,accepted,4.55136014456416,-0.0677211804576565,-0.343093806930499,-0.624183374505489,0.142828738157434,-0.860808047057727,0.415789886734082,0.0258809587432922,-8.4407593041524,5.67561260962965,3.51742113885862,0.19,-0.22,-0.44,2.25147473507268,-8.36554905138828,5.97920698316649,4.1479813029643,0.0523324173243149,0.629465891492617,-0.852838804899764,2.22417869747816,40.059129856,0.0422923883943973,0.041370616210029,0.0692304395018083,0.00320308813911735,0.00226457684157715,0.00174469773373808,0.000196622421967749,360,3
0,40.159258368,accepted,6.67090911261615,-0.0697684332712782,-0.413059180338466,-0.603341411584308,0.400980146987706,-0.939867293607482,0.397549481595637,0.0274568244690179,-8.43244333802477,5.63118514230114,3.44829289546605,0.49,-0.28,-0.57,2.25147473507268,-8.34131484044233,5.99370846514556,4.06124633458626,0.100006493603558,0.644562526808694,-0.963696332817228,2.22157849230686,40.159258368,0.0423940425943942,0.0414153420262615,0.0692490135181643,0.00320634129831234,0.0022653013180793,0.00174723788905879,0.000194740491810469,361,3
0,40.257412352,accepted,5.74011607334376,-0.0962293407351442,-0.467154345230654,-0.589071407987142,-0.0423712959250463,-0.935730810649437,0.484994671413799,0.0364085240716245,-8.42412735588762,5.59786454028796,3.38052785671362,0.17,-0.21,-0.47,2.25496539357667,-8.32760469525812,6.01853735073789,3.98001451869762,0.215419167045925,0.712953743483128,-0.951234280754549,2.21729496293494,40.257412352,0.0425013268231739,0.0414614324371705,0.069269722612162,0.00326474070726419,0.0023221412736602,0.00176326578808097,0.000193175798150524,362,3
0,40.35956736,accepted,5.42575326973717,-0.0961530472891248,-0.504269097789298,-0.586954016014305,0.10316408396038,-0.853106693179305,0.297802127279762,0.0414275720421018,-8.39917931222251,5.58675764571814,3.3100005302235,0.3,-0.12,-0.35,2.25671072282867,-8.29462007467334,6.03737713818601,3.90425919453625,0.203162664832142,0.71774735689573,-0.644558459182019,2.21349821504078,40.35956736,0.0425735420258117,0.0414966594529668,0.0692692889122723,0.00326899884878282,0.00233365451263218,0.00175600578591404,0.000191139898125441,363,3
0,40.45770368,accepted,3.25460299784243,-0.139088153770757,-0.547518344790615,-0.597893508885925,0.125940300850718,-0.59816321271679,0.15191700099974,0.0394109458285374,-8.41581137864805,5.56454393601756,3.24223944220872,0.33,0.19,-0.48,2.25496539357667,-8.26780590339302,6.06378666184518,3.84129049610618,0.210285977213281,0.774628380823211,-0.630050597236751,2.21396282622017,40.45770368,0.0424929375898939,0.041404498421823,0.0691294483684256,0.00328501319524626,0.00231214187587514,0.00175443421851112,0.000188290315692727,364,3
0,40.557822208,accepted,5.93945295372854,-0.162438851315311,-0.598707005116414,-0.600857250676187,-0.0505536220288768,-1.06669634592114,0.169400843868965,0.0390533746082147,-8.40749538385929,5.54233019930999,3.17310968072817,0.19,-0.32,-0.51,2.25496539357667,-8.24591543473741,6.08789140886027,3.77209350123448,0.243254577361708,0.732542011222307,-0.678286100871742,2.2147239477924,40.557822208,0.0426488053779226,0.0414961391522778,0.0691954061010268,0.00323895825186709,0.00231804339936854,0.00174760029321837,0.00018640277149612,365,3
0,40.659918592,accepted,7.74779112396819,-0.1741727930089,-0.663432509089398,-0.597939585763088,0.08203117473772,-1.12215229564769,0.256580419654863,0.0409342520283742,-8.39917940352574,5.50900959590873,3.10261425081188,0.2,-0.16,-0.45,2.25496539357667,-8.21925469015227,6.10864798940501,3.7043934320153,0.124033108014485,0.944858480891825,-0.703955970610846,2.2122965072873,40.659918592,0.0427727865877494,0.0415709298526688,0.0692422961041525,0.00342858085512016,0.00224041976147567,0.00176912877986001,0.00018442584880274,366,3
0,40.756102656,accepted,8.09355313747909,-0.152293312544909,-0.692918003324887,-0.608082659892519,0.0696211052335717,-1.03167921514411,0.334691831866398,0.0362008789794261,-8.35759930867476,5.50900954719526,3.03620115490072,0.26,-0.08,-0.32,2.25322006432468,-8.19805367016719,6.13315537823804,3.65456618763394,0.197442463852285,0.932669406556508,-0.650556276479928,2.21499130388615,40.756102656,0.0427331078044914,0.0414965508531069,0.0691346889466568,0.00338820647027285,0.00226188670635081,0.00176204749795881,0.000181656937575338,367,3
0,40.872247296,accepted,8.70024612443742,-0.21203618112607,-0.781113270558979,-0.612915886275931,-0.0502038279735544,-1.30781281653677,0.45263093049997,0.0418540675306303,-8.39086343688488,5.46458212840312,2.95600569636937,0.02,-0.3,-0.31,2.25496539357667,-8.1805496874752,6.18399643385208,3.57583709225952,0.0732306892351178,0.992152519804038,-0.759453265974876,2.21191891039276,40.872247296,0.0431999779068364,0.0418373238163211,0.0694874085214895,0.00345200590850573,0.00219540832857056,0.00176263527906946,0.000180383559523414,368,3
0,40.958360576,accepted,9.96308686343041,-0.186389571613949,-0.820843250120274,-0.620099267731406,0.155031579362449,-1.24241712846417,0.443645078906436,0.0399848867391328,-8.36591539219331,5.45347523486849,2.89654626737429,0.16,-0.15,-0.15,2.25322006432468,-8.17028150816653,6.20252986465568,3.52838221951261,0.012815987085436,1.07337740690731,-0.589090313201314,2.21128296081768,40.958360576,0.0430678956169784,0.0416706593079477,0.0692942965360122,0.003513188065151,0.00216665660121735,0.00176022264640678,0.000178153034862711,369,3
0,41.058457856,accepted,13.1248056073586,-0.146065124107487,-0.854869049303608,-0.631302912331966,0.339494089716135,-1.08785197839301,0.616478909179096,0.0407110549680119,-8.31601927801287,5.45347517677464,2.82743117719587,0.32,-0.09,-0.08,2.25322006432468,-8.14305447741621,6.22218823097367,3.48996752016502,-0.00421629112263052,0.973943116500812,-0.687443906134223,2.20927614015944,41.058457856,0.0430148334451694,0.0415890660737343,0.0691859636872891,0.00337172877280152,0.00212400093988282,0.00172243423965921,0.000175650618120472,370,3
0,41.158610432,accepted,13.2877409535953,-0.16240029646529,-0.897451044202465,-0.662184111976466,0.41427520574244,-1.20547463494465,0.755287201260097,0.0519307764903214,-8.30770329497391,5.42015457441344,2.7582779062794,0.31,-0.22,0.08,2.25845605208066,-8.12207121205811,6.24016198452108,3.44787705914108,-0.0912820174315306,0.964798684306359,-0.667271327950067,2.20387295977353,41.158610432,0.0430893926634205,0.0416059521153038,0.069188245239881,0.00334777534487508,0.00207825705989952,0.00169795781763659,0.000174117676873467,371,3
0,41.258744576,accepted,12.8293712343589,-0.151774514075985,-0.931575548567975,-0.689793100289355,0.40269644484314,-0.903811425765294,0.648596014656318,0.0527554941241091,-8.29107127013233,5.40904769155452,2.68913736227561,0.16,0.19,-0.1,2.25671072282867,-8.10564841345398,6.25454038483084,3.41694920498416,-0.225108063175473,1.07091381420312,-0.738040970482936,2.20068007773977,41.258744576,0.0429324821055932,0.041459115094006,0.0689983754381345,0.00339216494722473,0.00199854732937716,0.00168013293877784,0.000171408777056649,372,3
1,42.458959616,accepted,0.445239836922263,0.0105329087837305,-0.00468241674079639,-0.0209091044864418,0.00133325929142047,-0.297690746140257,0.179487172049555,0.0103320498700818,-7.86695416279226,5.52011585516692,2.49348893557441,0.46,-0.08,0.13,2.24449341806471,-7.87219097895487,5.51559731660584,2.50813076446022,0.459170008917497,0.0564024721408956,0.0466519257450883,2.22659632113927,42.458959616,0.795201232780258,0.795201245599735,2.01818125703938,0.0673696973618768,0.0674637639357248,0.065423012411265,0.0219005837400986,1,0
1,42.559090688,accepted,0.342689458532604,-0.0182693597784285,-0.0315347061208602,-0.0466121760989444,-0.150815512166195,-0.164835351294848,0.187612378959027,0.0302726372204889,-7.85032214725901,5.49790210785915,2.46642950177096,0.25,0,0.23,2.2479840765687,-7.8428112031774,5.5137628184045,2.50248348363741,0.333334241691167,0.0891930418942173,0.09406819658997,2.2278720347526,42.559090688,0.530487453375931,0.530487355586197,1.34535018833374,0.0736334344911906,0.073564882349961,0.0464860836523306,0.0126985874994057,2,0
1,42.659182848,accepted,0.29334433864238,-0.0112750224102989,-0.00676775324699452,-0.0819090385885008,0.0701534482453263,0.271007142397449,-0.0584493140523371,0.0195283863183278,-7.82537407752082,5.50900894537164,2.4393805835514,0.28,0.26,0.13,2.2479840765687,-7.8135669754349,5.52721275645233,2.4984232313754,0.247013625386107,0.134862014265341,0.175988951929979,2.2341858143979,42.659182848,0.398339786099392,0.398339664428835,1.0085170762143,0.0744310675354409,0.07457169020113,0.0349774706704891,0.00896431265138982,3,0
1,42.75933056,accepted,0.263354673702907,-0.0335822266562031,-0.0288979373315854,-0.105594277340189,0.109079477551232,-0.197769308628471,-0.122113732808977,0.00606819802799663,-7.8336900865155,5.52011581884666,2.41231665295221,0.14,0.07,0.1,2.24449341806471,-7.80128916387422,5.53267425848729,2.49231517821333,0.0784223760219674,0.173437273510039,0.204284025545054,2.24141447850343,42.75933056,0.319276643888909,0.319277456447904,0.806876050195341,0.0736853021767124,0.0740683724793127,0.0292615928775275,0.00690798216071808,4,0
1,42.875460608,accepted,0.172960307180013,0.0364604635891128,-0.0156339645721522,-0.132207974336741,0.136937078551113,-0.0901390524578668,-0.0882796495975162,-0.00901449003625565,-7.75884588919731,5.54232946631256,2.38093365381237,0.24,0.07,0.08,2.24100275956072,-7.77886184761067,5.54848911731514,2.48695442411568,0.173742427939906,0.113030272124747,0.154173310784828,2.24850647625382,42.875460608,0.266795210377971,0.266796426189342,0.672788789182827,0.0618448950303012,0.0620333166882147,0.0235493810255733,0.00566176814972049,5,0
1,42.95956096,accepted,0.166283946095329,0.00612149851266608,-0.0162776566139708,-0.151919300474741,0.0256337865284392,-0.0996355926265841,-0.162898141489055,-0.00144820147230673,-7.76716190774963,5.54232947535111,2.35820636384796,0.04,0.02,0.14,2.24274808881271,-7.77140377460996,5.55113044487521,2.48321766608029,0.0194841200821467,0.0866937277334235,0.285149792734054,2.24462799776591,42.95956096,0.229278621969233,0.22928087533685,0.576978587819952,0.0637673756336629,0.064039048969328,0.0215758361077867,0.00480166264316545,6,0
1,43.059630592,accepted,0.45570377200789,0.000218570089854708,-0.0286598578385826,-0.170566324179033,0.225831772137894,-0.163105239566229,-0.109586316326476,-0.00366663661272648,-7.76716192014463,5.5312226096096,2.33116353359803,0.28,-0.09,0.06,2.24100275956072,-7.75002188250591,5.54357821538425,2.47559868485913,0.146612836198719,0.00485437738732214,0.157310125589254,2.2443717160284,43.059630592,0.201240137880728,0.201242568492638,0.50517657628832,0.0523935597946735,0.0525574212719578,0.0187708300460682,0.00419786738551798,7,0
1,43.157647104,accepted,1.20387364628403,-0.00291369465087765,-0.00880445513927697,-0.182026862455519,0.0651446958958112,0.322789777458814,-0.279900567689282,0.00218814007337809,-7.74221386319732,5.53122258266971,2.30467553876153,0.13,0.24,-0.19,2.24274808881271,-7.73479415738682,5.56578303851553,2.45079020787592,0.085614431430006,0.0435101574891717,0.0500991631573314,2.24107071411382,43.157647104,0.179403080820321,0.179405231263218,0.449235726936619,0.0439118627165001,0.0440077358964403,0.0166472382839684,0.00374773219975889,8,0
1,43.259803136,accepted,0.409417654559939,0.00364109463066864,-0.0235379654093411,-0.167004498196722,0.0177913987663313,-0.0926561799981924,0.251457160273605,-5.2871888083672e-05,-7.72558179935983,5.55343629383166,2.27706887950668,0.06,-0.01,0.05,2.24274808881271,-7.7272872944646,5.56860738242608,2.43748914410104,0.0497702655121911,0.0581431226696278,-0.176441648532204,2.24260914630578,43.259803136,0.162303909885723,0.162306944573387,0.404744269119987,0.0415707469917002,0.0416738614842403,0.0157509873527284,0.0034026312584198,9,0
1,43.359969792,accepted,0.326835720842156,-0.054982367261502,-0.0436392229433507,-0.170508130301037,-0.237397374187379,-0.0211808782676219,0.0161353935616316,-0.00301024409566786,-7.78379395828301,5.53122262776973,2.24999958880682,-0.31,0.11,-0.07,2.24100275956072,-7.75362078030329,5.56902315397573,2.40510810462662,-0.149427338461584,0.124020682159689,-0.0882601700206878,2.24414691067915,43.359969792,0.148135519575036,0.148138903634122,0.368357518211364,0.0393761288166555,0.039488115781592,0.0147326393285562,0.0031319823789582,10,0
1,43.460067328,accepted,0.0589741525934625,-0.0382183506772744,-0.0386602535159444,-0.213118764080364,-0.0463381297799136,0.0493972163716364,0.0643745645406104,-0.00889599376282035,-7.80042598428301,5.54232951141258,2.1847707073437,-0.07,0.14,-0.09,2.23925743030872,-7.7684921392354,5.58093925642041,2.38240274744748,-0.0345001775012205,0.102022476364047,-0.149475533499622,2.24735094766951,43.460067328,0.136667356789179,0.136671272642261,0.338213270351906,0.0393052330853259,0.0394346078853184,0.0142677811193725,0.00292008751435868,11,0
1,43.558241536,accepted,0.0912623472125974,-0.05419735765991,-0.0361154973682378,-0.248431718961881,-0.00385435237804856,0.100924433144016,-0.0369241971554531,-0.0015027250431876,-7.81705802242139,5.54232952957271,2.12079516876134,0.06,0.05,-0.16,2.24100275956072,-7.76758273342024,5.58508650919481,2.34750555911205,0.0621920698481342,-0.018824033014645,-0.127511457310032,2.24276326148509,43.558241536,0.126623780275894,0.126626665667546,0.31262928532573,0.0352317651010586,0.0353332211396366,0.01343633148037,0.00275478428267301,12,0
1,43.656404992,accepted,0.0789380760018203,-0.0723041386863201,-0.0433247098831115,-0.283337039216923,-0.0455957782092274,0.0694943410109556,0.064359002193605,0.00673947856855772,-7.83369006223873,5.54232954772798,2.05682663675437,0.02,0.09,0.04,2.24449341806471,-7.7698019929531,5.58702622574195,2.32215254006855,0.0552949091653396,0.0355684565478502,-0.0196847559095291,2.23846097524356,43.656404992,0.118429080695911,0.118432040767941,0.290907744241745,0.0366832287701223,0.0368014369323724,0.0133607798347611,0.00262548387863338,13,0
1,43.758541824,accepted,0.887172130876841,-0.0793894588400663,-0.0481283700347213,-0.32500123328391,0.210542570051589,0.0421646434229049,-0.233241090666672,0.000711756718981604,-7.84200608143622,5.54232955667864,1.9902688414901,0.26,0.08,-0.27,2.24274808881271,-7.74488148497168,5.59167914685081,2.27570637354853,0.121281661245999,0.0515312883348503,-0.069449131759556,2.24247186373545,43.758541824,0.110878607110084,0.110880752099866,0.271953704983909,0.0310373751436254,0.0311050720240851,0.0125358282474583,0.00252246598682949,14,0
1,43.870704128,accepted,0.249384047862187,-0.104493578090959,-0.0425539748889037,-0.354661076709808,-0.174857327375186,0.0208373403261739,-0.0904953135843284,-0.00166209371845483,-7.84200606916588,5.55343642034224,1.91717791513358,-0.15,0.06,-0.08,2.24274808881271,-7.75749975941136,5.59468573859377,2.24452197093148,-0.0150375745668282,0.043341106520023,0.00156846024190891,2.24426656849271,43.870704128,0.104972091350786,0.104974320383652,0.255754346954105,0.0326382831694375,0.0326649085643754,0.0126720052395416,0.00245716803465948,15,0
1,43.956815104,accepted,0.236960110317782,-0.113414338669737,-0.0438588489291583,-0.383263495635566,-0.00981117997025661,0.201489163104686,0.0302224393041328,-0.00526628594106215,-7.87527014492942,5.5534364571801,1.86106342050528,-0.1,0.23,-0.01,2.24100275956072,-7.76960843880436,5.60727187409842,2.22252649854625,-0.092708796865535,0.0653689564093277,-0.0384856621639994,2.24574074444898,43.956815104,0.0994768626080884,0.0994790934765275,0.241248644213548,0.0326212671857386,0.0326414567249896,0.0127543601293467,0.00237717800261028,16,0
1,44.056986112,accepted,0.945216896915207,-0.106502133893384,-0.023743631744467,-0.415025329039981,0.0284831740953527,0.391714316099983,0.159094501816078,-0.0099276735967524,-7.89190214665264,5.58675706831486,1.79578666077692,-0.12,0.42,-0.05,2.23925743030872,-7.78964525125699,5.63701059378707,2.19479492270776,-0.143023525399216,0.105207803250625,-0.19638410726302,2.24795147048591,44.056986112,0.094887648694044,0.0948899097673775,0.228586870691831,0.032248363765795,0.0322646654738997,0.0129481695123208,0.00232993798604125,17,0
1,44.15715328,accepted,0.187202239733827,-0.129496108554834,-0.0387647929437982,-0.441039054111467,-0.00560398537605494,-0.0221128225606752,0.146718929157281,-0.00925288786234768,-7.93348221850262,5.60897084349744,1.73051240339692,-0.21,0.16,-0.08,2.23925743030872,-7.81172468757463,5.6438370420595,2.15503439493431,-0.205677961048258,0.177383053108545,-0.215639679224051,2.2478450917437,44.15715328,0.0908069741430755,0.0908091796448059,0.217315333258382,0.0327405252870986,0.0327693890338974,0.013110782549296,0.00229445697525478,18,0
1,44.257279232,accepted,0.572292154006746,-0.125916967988499,-0.0431696526477117,-0.466922936583854,0.271224210362754,0.112005334988244,0.115100978635667,-0.0173136246027252,-7.96674628199582,5.6200777439989,1.66526500455596,-0.07,0.29,-0.09,2.23402144255274,-7.82649631185092,5.66960373969419,2.11436539077675,-0.284709290822134,0.201281688798709,-0.194329162151576,2.24926907958718,44.257279232,0.0871817090104706,0.0871842390292919,0.207236694023083,0.033467743537989,0.0335352209437439,0.0133168867175221,0.00226904243857488,19,0
1,44.357431552,accepted,1.78614434190537,-0.138999001215442,-0.0588370999504946,-0.501715365913661,0.484918902215673,-0.0882244489020827,-0.125310751410164,-0.0150845697978497,-8.00001034523239,5.63118464545386,1.60000042292293,0.07,0.16,-0.23,2.23402144255274,-7.81740219107654,5.67757475985908,2.06781625925131,-0.280262448975751,0.223198549900951,-0.113757020363142,2.24704710237704,44.357431552,0.0835286556398698,0.0835313378812698,0.197975327764951,0.0315751700572581,0.0316709558589773,0.0130290814627502,0.00225008784844201,20,0
1,44.459641088,accepted,1.10015868300419,-0.137459160957666,-0.0392718966259276,-0.476132122224969,0.398249202589223,-0.0114554344529493,0.115245730175675,-0.0140316785751802,-7.9833782699017,5.66450522062123,1.57755056739291,0.09,0.32,-0.01,2.23227611330075,-7.81679153963786,5.70066280478133,2.0392700899386,-0.212206874141815,0.328168270025829,-0.110463745872341,2.24376813575913,44.459641088,0.0804693546501215,0.0804716373350068,0.189712463156644,0.030953135099688,0.0310132836352681,0.0129605401775573,0.00224035464434843,21,0
1,44.55983744,accepted,0.422600852022773,-0.149169605231189,-0.0444368585932038,-0.476022249001137,0.230623997472644,0.00234533984052504,0.044474098550918,-0.0105999426780197,-7.98337824523636,5.68671894863693,1.55554317334214,0.08,0.19,-0.01,2.23402144255274,-7.81975763194251,5.72918405469862,2.01341680821445,-0.0931064581856332,0.188015298605451,-0.0490740733890929,2.24350521986374,44.55983744,0.0775855242601689,0.0775879915206548,0.182130717760148,0.0302212888667672,0.0302645882746283,0.0127047914004981,0.00223425479170582,22,0
1,44.6580032,accepted,1.05798550805728,-0.134458405366545,-0.0543736315675352,-0.478766565758747,0.377718059394511,-0.0808122959146852,0.0385066969622383,-0.00394054471075478,-7.96674619534086,5.6978257936228,1.53398178393535,0.3,0.13,0.09,2.23576677180474,-7.80268916526856,5.74189592519239,1.99522860848408,0.019421778365146,0.189478255146033,0.0568692359233468,2.23899555107027,44.6580032,0.0748788719532895,0.0748808399051384,0.175146157221389,0.0294213791672965,0.0294621682076543,0.0124237087384882,0.00222802315837151,23,0
1,44.760190208,accepted,0.488385894320377,-0.152603303114705,-0.0467991281946389,-0.494291321646871,0.168136570550772,0.167082707217865,-0.116286847992495,0.00161706318178645,-7.95011414299656,5.70893263938993,1.51153715689019,0.16,0.27,0.05,2.23751210105673,-7.79107396517601,5.76706339236363,1.97737327969695,0.0277483815797859,0.139672745226674,0.155658855053413,2.23606079747265,44.760190208,0.0726723375779817,0.0726745667388748,0.168933441429745,0.0303911301012372,0.0303882382374434,0.0124487405864271,0.00222865255678359,24,0
1,44.876392704,accepted,0.452047172334601,-0.152933397059498,-0.0593847747876692,-0.507671295833093,0.240528203140036,0.012296759031152,0.0419144563084505,0.0040937178393663,-7.94179811437339,5.72003949461073,1.48601413067109,0.23,0.11,0.11,2.23925743030872,-7.77372222144489,5.77788538283785,1.97632664149726,0.0471656182992117,0.100375203965731,0.0724547256663557,2.23565313249195,44.876392704,0.0708712626985534,0.0708736443228636,0.163418368706883,0.0300033057612619,0.0299786553489201,0.0124867332413078,0.00225370385037775,25,0
1,44.958524672,accepted,0.485947753000782,-0.164245201053563,-0.0695498340905711,-0.510866603024297,0.180045815662511,0.00828900624187466,-0.122414704544391,0.00193901206805291,-7.93348209504393,5.72003948523035,1.4679744461131,0.32,0.13,-0.06,2.23751210105673,-7.75686166360552,5.78744122675214,1.9468186601681,0.190737658635205,0.123415832117084,0.0457816356829695,2.23571616657633,44.958524672,0.0682113630356661,0.0682128161449884,0.157508740968274,0.0260393355049547,0.0260525940052065,0.0116960086251044,0.00222426855320792,26,0
1,45.058657024,accepted,1.11729034191494,-0.150959752065593,-0.0415098484550365,-0.506339577226555,0.0502871012371738,0.413742941334175,-0.0778553434675896,0.00283689906415319,-7.89190195062755,5.76446689755114,1.44598110919307,0.19,0.64,-0.06,2.23925743030872,-7.74379090735931,5.83393313088334,1.92799548924831,0.148059939613574,0.304838434266449,0.00996413370808138,2.23651073373625,45.058657024,0.0665377464880155,0.0665392550089124,0.152675214830719,0.0267765509316919,0.0267803058644805,0.0117444295233858,0.00222290415210565,27,0
1,45.156819712,accepted,1.81752297783743,-0.105663170846494,-0.0645956067652405,-0.503059455611572,0.234610323052677,-0.390360084685144,0.106949975546085,-0.00224838132319283,-7.8336897825353,5.79778742683104,1.42442039452855,0.4,-0.14,0.07,2.23576677180474,-7.70866866602238,5.82019815036137,1.91935118107392,0.227361853646626,0.146265782190979,-0.0248746926781726,2.23767528541406,45.156819712,0.0646169298203381,0.064618213800046,0.147873609732353,0.0247278160884564,0.0247282628570091,0.0112661856196603,0.00222698313352785,28,0
1,45.258929664,accepted,0.198187514603477,-0.120213511897527,-0.050220636603008,-0.51372380377934,-0.0421930517421059,-0.0749511448099131,-0.0823509968330575,0.00155033621781486,-7.80042571813301,5.78668052486335,1.4019926922688,0.39,0.08,-0.1,2.23751210105673,-7.68921567758351,5.8274721420852,1.88918988556435,0.420800857635345,0.135018210168631,-0.0285503323011902,2.23590702545919,45.258929664,0.0629012759459607,0.0629027114957808,0.143453730617673,0.0234961064111771,0.0235846750737966,0.01085051827127,0.00222672133108119,29,0
1,45.359058176,accepted,0.217474254386614,-0.128538849919872,-0.0633423544100529,-0.504083968356998,-0.0773956459640438,-0.0572433035324197,0.0958363965194708,0.00612616331565174,-7.77547766183088,5.78668049783557,1.38000019877661,0.28,0.19,0.01,2.23925743030872,-7.65829303713374,5.84288715177702,1.87422428530888,0.340057310209239,0.234529370122584,-0.0773727028123627,2.23370836207806,45.359058176,0.0614402465072235,0.0614413487647003,0.139461849120759,0.0232606348045195,0.0232763147686938,0.0106737418719861,0.00222110082185728,30,0
1,45.459171584,accepted,0.469022049611164,-0.14600940403811,-0.0656378091116538,-0.475779988431349,-0.19641967232901,-0.0653013672510313,0.0661120591290978,0.00258421872711878,-7.76716163037034,5.79778735436143,1.38801335334996,0.22,0.11,-0.04,2.23751210105673,-7.64523902547192,5.85476091390777,1.85398083825157,0.367035461073714,0.158813226572633,-0.0988764596049239,2.23536521556988,45.459171584,0.0599371863239337,0.0599382546295328,0.135586617393816,0.0221551832152254,0.0221875309449711,0.0102922221933283,0.0022205986170283,31,0
1,45.55933568,accepted,0.918718655012324,-0.0589030746331494,-0.0335600148737774,-0.448217286514962,0.220249937716892,0.231365378831401,-0.0904748538623137,0.003696416735675,-7.66736935699689,5.84221470348917,1.3960308363833,0.69,0.45,-0.15,2.23751210105673,-7.59231328914074,5.89378346705071,1.82164062508333,0.518561481689411,0.269980525334563,-0.0711803279084265,2.2340951468443,45.55933568,0.0586214230998167,0.0586227483823328,0.132049889501488,0.0221000624341157,0.0221637346899992,0.0100754765538734,0.00221453472135594,32,0
1,45.657507072,accepted,0.949160528721442,-0.0593932688244196,-0.0533373210825614,-0.408059569924804,-0.215959527139632,-0.152383614031471,0.258569756749319,0.00299792490259332,-7.60084117011032,5.87553522483634,1.40388881644953,0.32,0.19,0.12,2.23751210105673,-7.55794434653181,5.91684826058817,1.81622413066268,0.497544145998007,0.315224672290971,-0.118498845029418,2.23513885715688,45.657507072,0.0575364586100792,0.0575374903182349,0.128894403210534,0.0226614399795095,0.022698872439057,0.0100859537518107,0.00220702444421087,33,0
1,45.759675392,accepted,1.17421962361703,-0.0744115874689166,-0.0620194713096343,-0.393654695454785,-0.349369265174348,-0.201032006503894,0.233447014171559,0.00085959374178568,-7.57589310271088,5.88664206310312,1.4120667245509,0.18,0.17,0.25,2.23576677180474,-7.52409966052162,5.93495813405286,1.80637042204524,0.475455751578409,0.339665445988102,0.0317942221486941,2.23569558966138,45.759675392,0.0567482007349823,0.056749244315347,0.126148465064457,0.0251281756716611,0.0251539423764192,0.0102791348875715,0.00220368980303336,34,0
1,45.877782784,accepted,0.76895461329723,-0.0956023903532355,-0.077970141002921,-0.393324847772189,-0.354698002997382,-0.107904749042184,0.0596252310205182,-0.000784685257165574,-7.55926105372448,5.89774890886052,1.42152045147789,0.19,0.24,0.17,2.23576677180474,-7.49046571839648,5.96578671269008,1.80645184700572,0.483348769585438,0.328842090476698,0.115162050818968,2.23721483292143,45.877782784,0.0563729812267472,0.0563742051165246,0.123879667678082,0.0275540407071448,0.027598194240088,0.0105485389895925,0.00222262302613459,35,0
1,45.9599168,accepted,0.598064570701795,-0.0628060677544475,-0.0709946869195166,-0.380500694313754,-0.288344908400545,0.0022210451342497,0.070534994480061,-0.000642413661982033,-7.50936491672611,5.91996258479831,1.42809474412403,0.27,0.29,0.06,2.23576677180474,-7.47220739356333,5.9885963679669,1.80259739481593,0.499475198016734,0.287629919541502,-0.00402769138523633,2.23676923427364,45.9599168,0.0551742576992274,0.0551754557740597,0.120946990164177,0.0255147056063129,0.0255748447242141,0.0103157478763453,0.00218393917863271,36,0
1,46.060077568,accepted,3.51797001912767,-0.0784328734019919,-0.0880293016743243,-0.351190570871039,-0.361408553654306,-0.286772624016161,0.619558903369158,0.00354670214934139,-7.49273287949683,5.91996256740971,1.43611196077267,0.25,-0.14,0.26,2.23751210105673,-7.44296644618136,5.98484060850309,1.81731209466059,0.549356075743847,0.100500522402684,-0.316629400031042,2.23325467966744,46.060077568,0.0545733559214113,0.0545749086896161,0.118655327968947,0.0245865331924238,0.0246426635269577,0.0103847184910064,0.00217178560828908,37,0
1,46.158243328,accepted,5.19330609052934,-0.10490195339847,-0.0825894691278464,-0.328829196793991,-0.705169372019621,0.0876224825659228,0.73544280417711,0.0103517137561502,-7.48441687256968,5.90885569549015,1.44396949003401,0.1,0.14,0.33,2.23925743030872,-7.42862778722812,5.99417787968348,1.80527290611371,0.699420203184196,0.064849551751195,-0.357526794355097,2.22871200434839,46.158243328,0.0541069941580177,0.054109168817743,0.116577518561468,0.0255314083542427,0.0257784182357871,0.0105995018340152,0.00215058690530218,38,0
1,46.258386176,accepted,2.27176222331357,-0.0939204869862804,-0.0747378903861202,-0.325652787067546,-0.296889675505168,0.270531864441903,0.521074020677261,0.0132779154817526,-7.45946880542685,5.91996253280343,1.45198527230344,0.21,0.29,0.32,2.24100275956072,-7.39001985307788,6.01108099283121,1.80019540281391,0.457382324054886,0.0622506381644217,-0.168318736640579,2.22824683427574,46.258386176,0.0537297919593235,0.0537333558105254,0.114660097444427,0.0273379442893654,0.0273250597735576,0.0106042794928968,0.00213662120543814,39,0
1,46.358516224,accepted,1.62213803730634,-0.0979976125471502,-0.0813586769479304,-0.324994386195184,-0.299286099818647,-0.0490172479413833,0.459775774706333,0.00233493219353997,-7.44283674509382,5.9421762459271,1.46000001875891,0.17,0.2,0.3,2.23402144255274,-7.37080948770487,6.01701615356743,1.80515668429305,0.418187486682017,0.240020792952603,-0.130945850745981,2.23211383238616,46.358516224,0.0534070772395594,0.0534105275499227,0.11286439099216,0.0278937962633442,0.0279460907996187,0.010658584693055,0.00212762936172722,40,0
1,46.458659584,accepted,1.84495264886277,-0.0892104077606355,-0.0904066996834292,-0.324887412262848,-0.295680753280561,-0.0991814896671506,0.500527137206721,-0.00514587770385821,-7.41788867575151,5.95328308333932,1.46500956825867,0.13,0.13,0.3,2.23053078404875,-7.35481506903745,6.03293952264408,1.81332156587531,0.375683521836123,0.212220479971432,-0.169549429571882,2.23568228843473,46.458659584,0.0531411172894746,0.053145293419166,0.111194788198403,0.0279768234438061,0.0280171391279806,0.0107053934991029,0.00211766370840881,41,0
1,46.558782464,accepted,1.42774752244952,-0.0882941723283199,-0.119484136296315,-0.328969580879529,-0.170676871931558,-0.291474060795682,0.367738976534711,-0.00462103700721705,-7.40957266895631,5.94217621115476,1.47001809327139,0.24,0.02,0.29,2.23053078404875,-7.33945573087385,6.03224546508849,1.81684782016521,0.377971678489393,0.257520571448676,-0.0524089052005727,2.23535432137744,46.558782464,0.0527846258067391,0.0527883704679012,0.109552002918156,0.0281537256707838,0.0281933146508217,0.0106748393135295,0.00210272344792258,42,0
1,46.65692544,accepted,1.93090250243106,-0.0828523441328972,-0.110073516072116,-0.333106503763241,-0.259055986469563,-0.155141308899713,0.482711783566435,-0.00082346756128393,-7.37630859501829,5.94217617697818,1.4749275760002,0.29,-0.04,0.32,2.23227611330075,-7.32011439915522,6.03472715118361,1.83570219002673,0.499689394442941,0.0868002032396542,-0.128780012416799,2.23277317732595,46.65692544,0.0523869924475044,0.0523911858722155,0.107941654336639,0.0271068600750451,0.0271707521397885,0.0106145678390268,0.00208234691322306,43,0
1,46.759091456,accepted,2.71391388107773,-0.120765548012034,-0.149219525172795,-0.339828853573204,-0.159868521437049,-0.396934408050195,0.506442063897351,0.0101136157826858,-7.39294067781718,5.89774873524305,1.48003830640055,0.28,-0.21,0.36,2.23576677180474,-7.29201176509797,6.0042744357088,1.85191467191702,0.40747949472217,0.112661219767759,-0.109609998938603,2.22621206387645,46.759091456,0.0520410124636648,0.052045151116219,0.106460468436899,0.0264136421049908,0.0264547963570996,0.0104880831488338,0.00206450622295338,44,0
1,46.869248256,accepted,4.46130755067343,-0.173889557917645,-0.13408476190891,-0.351734396185544,-0.566304284234236,0.0369567033050348,0.618945722041578,0.00996011774959138,-7.40957274951875,5.86442816019188,1.48554876602898,0.04,-0.09,0.41,2.23576677180474,-7.29907147301216,5.99802333684183,1.88166768709336,0.496252904791842,-0.120028557647651,-0.159598203826701,2.22494688220807,46.869248256,0.051875365173344,0.0518798954743523,0.105199960500799,0.0256559073612481,0.0256659367976585,0.010434060267577,0.00205623624047167,45,0
1,46.95738112,accepted,3.71942215300879,-0.119714027373849,-0.115194439808465,-0.381864078552939,-0.612753144507455,0.191873995085156,0.514667673624472,0.0182350280083958,-7.36799264476538,5.87553498106386,1.48995750510826,0.05,0.14,0.47,2.23925743030872,-7.30546068324725,6.00337248930289,1.9005878900823,0.56169115554893,-0.021872349817838,-0.00825841740021007,2.22184231022635,46.95738112,0.0513289714254321,0.0513336694301185,0.103650777975658,0.0254540283886449,0.0256066486311202,0.0103321102803913,0.00201992201867606,46,0
1,47.057546752,accepted,3.66601281395458,-0.0744914579939566,-0.091241678815237,-0.403553213532833,-0.536099929069374,0.1898170866975,0.588614455162625,0.0118599018243071,-7.31809649705826,5.90885552316182,1.49496816873767,0.09,0.15,0.5,2.23751210105673,-7.29276913781357,6.01335694774637,1.93212469089796,0.540094133221966,-0.0109573709579479,-0.0491497610896384,2.22623286283591,47.057546752,0.0511664191137189,0.05117165962168,0.102476712208547,0.0250352589210945,0.0251794157739972,0.0102889691810535,0.00200151267398244,47,0
1,47.157672704,accepted,2.82849998276413,-0.0901800227209506,-0.0996520118386615,-0.412771741129305,-0.466423185652532,0.149239308449898,0.531386555840542,0.00708369127455732,-7.32641251573522,5.90885553151186,1.49997684742345,0.07,0.05,0.22,2.23576677180474,-7.27930118166901,6.01800854895956,1.94164556444188,0.466078843871347,-0.0778325028803631,-0.277466330116205,2.22854150097495,47.157672704,0.0510501452936366,0.051056034304733,0.101391608167296,0.0241277566894399,0.0241864883790211,0.0102379244653972,0.00198301241363541,48,0
1,47.25983232,accepted,6.0649082180847,-0.127942596102077,-0.127485373430319,-0.408256225455225,-0.566234229412999,-0.241949599182203,0.535748508460012,0.00759567453035759,-7.35967661447055,5.88664183740774,1.5050872576716,-0.12,-0.21,0.24,2.23576677180474,-7.31800105244269,5.97543552916527,1.9750081067394,0.306108344966042,-0.026448837465748,-0.235398330090815,2.22785422916939,47.25983232,0.0500227365557512,0.0500274810599576,0.0996478446850278,0.0214530786491512,0.0215119506137659,0.00965651784933613,0.00196699401916146,49,0
1,47.35804032,accepted,7.82590135727026,-0.0866028101646243,-0.081710183342703,-0.43928724234376,-0.619955519247502,0.240889790362525,0.853328534867182,0.00686032754642074,-7.36799263353609,5.8866418459287,1.50999999314674,-0.23,0.18,0.56,2.23402144255274,-7.3440741444274,5.98865478307002,2.0145680612169,0.288669103712543,-0.0232965522163014,-0.230987953631984,2.22745453493344,47.35804032,0.0496432189608807,0.0496479305171882,0.0984315793493852,0.0208939725477085,0.020960869813185,0.00949327926632596,0.00194561224175383,50,0
1,47.458205696,accepted,3.08211770335748,-0.0684023111728536,-0.0895510352544591,-0.467915484458693,-0.514151397593347,0.162147045423518,0.498406589743779,0.00452531675084833,-7.37630864097648,5.89774871802537,1.53204856148585,-0.05,0.11,0.41,2.23227611330075,-7.35277220175299,5.99774331857297,2.02665740840863,0.391644313221027,-0.0305037595450988,-0.0571595045712028,2.22800827743156,47.458205696,0.0495237320790994,0.0495289497006883,0.0974863652199367,0.0215194160360526,0.0216625028992184,0.00947543335865419,0.0019253047159632,51,0
1,47.558304,accepted,2.12854561698386,-0.039171383092242,-0.0590426159359687,-0.471896516064154,-0.364484634477279,0.396674740600611,0.341445355489358,0.00514138703326239,-7.35136054866237,5.93106928568486,1.55408238911316,0.03,0.27,0.37,2.23227611330075,-7.34184098509108,6.01876488206428,2.03885823163462,0.346796016168152,-0.0765310308994585,0.0479779730904023,2.22758095204431,47.558304,0.0495155242346784,0.0495211308391371,0.0966741811198218,0.0221153838762084,0.0221843855092456,0.00945774834153635,0.00190467607417308,52,0
1,47.658525952,accepted,2.87401120422224,-0.104030816605236,-0.119830350264985,-0.465946611634056,-0.340806068352284,-0.337119865684546,0.404348265563343,0.0060272860242887,-7.40957272653966,5.88664188862623,1.57614343437162,0.07,-0.42,0.42,2.23227611330075,-7.34631070463976,5.96649416209076,2.07195150349503,0.348125637069443,-0.141730845838352,0.0465078125785705,2.22492623614541,47.658525952,0.0490640138799218,0.0490694089369183,0.0955285323601009,0.0209882109654466,0.0210687851440975,0.00921740578126867,0.00188412458228895,53,0
1,47.758679552,accepted,6.49040416030326,-0.117546606460584,-0.108144223073302,-0.472793595573256,-0.582521392167353,-0.0979593193812522,0.595580747061759,0.00887223361612044,-7.43452081898572,5.85332132139645,1.59818943385883,-0.36,-0.02,0.46,2.23402144255274,-7.39719511244011,5.94517381398632,2.1362637364273,0.101328961339602,0.0569130526657077,-0.0781551324931981,2.22637318695713,47.758679552,0.0482740051488831,0.0482777713324209,0.0940843246627684,0.0187515548830155,0.0187878438107598,0.00874266146794241,0.00186496638385061,54,0
1,47.874784512,accepted,2.25029962752474,0.0085386587133085,-0.0421639791796622,-0.513233611391046,-0.255086749449266,0.341328138927339,0.467700735846759,-0.00493090848282129,-7.37630862922667,5.90885558298429,1.62374667681986,-0.15,0.38,0.48,2.22878545479676,-7.40427539930858,5.97554755505614,2.15883023224083,0.0742735724179947,0.0781787038338866,0.0356308960642212,2.23353141211658,47.874784512,0.0486489735767308,0.0486533756567259,0.0937561952314916,0.0197323293332498,0.0197774492341852,0.00878825201623839,0.00186130347343788,55,0
1,47.958910464,accepted,1.97318958800255,0.00263881514023279,-0.0748743272466346,-0.520556165064156,-0.244950948224699,-0.106403415918659,0.483999982212939,-0.00578224981584663,-7.39294066606737,5.90885560020197,1.64226464017467,-0.12,0,0.55,2.22878545479676,-7.41658405287973,5.97232169641817,2.19005579107334,0.0918973970837347,0.0917145164024002,0.0932074472948871,2.23440675550639,47.958910464,0.0481234895638008,0.0481276557843136,0.0925999454537869,0.0193237064692743,0.0193687268160138,0.00862737106786526,0.00182677899819163,56,0
1,48.057087488,accepted,1.45570610900247,-0.038193653778321,-0.123682045591029,-0.52483990834989,-0.0989911843824029,-0.145509557823244,0.422801993024587,-0.00470414730798785,-7.44283683779465,5.8533213301762,1.66387555202166,0.08,-0.19,0.31,2.22878545479676,-7.41496604328086,5.96037848567905,2.21255286003479,0.164357417600596,-0.0643502089077021,-0.0888121053793588,2.23293769000272,48.057087488,0.0479175706090176,0.0479221937977886,0.0917735533027979,0.0186036015937113,0.0186575927299533,0.00852011649892259,0.00180571240565448,57,0
1,48.157200128,accepted,1.23774900570007,-0.0201111560546678,-0.13450869904833,-0.519712923849569,0.0650731743773591,-0.087851131753761,0.438721895350288,0.00798417032246057,-7.42620483284548,5.82000072017558,1.68591253531635,0.04,-0.11,0.41,2.23402144255274,-7.40189217060903,5.9436184085999,2.22544544061308,-0.0183042318008896,-0.033162941686114,-0.00833892527250691,2.22656167634633,48.157200128,0.0479364127020777,0.0479408676208817,0.0911900719172098,0.0189914017718314,0.0190490519359991,0.00845169974910097,0.00178567937917098,58,0
1,48.257341184,accepted,1.91132354765179,0.022325417685428,-0.124677180206294,-0.514148537825939,0.0231005786017299,0.0998003370746323,0.606462635608688,0.001263926479111,-7.38462473932139,5.82000067687743,1.7079557735946,-0.03,0.1,0.56,2.22878545479676,-7.40482328321288,5.9474886069733,2.24839367121755,-0.0509466723118583,0.00892460951899523,-0.0221257721962151,2.22744004074926,48.257341184,0.0481233452538389,0.0481278630080616,0.0907773178531967,0.0193996785390414,0.0194736168096491,0.00847093234079609,0.00176678653743977,59,0
1,48.357487616,accepted,0.988300193588309,0.0241825966879938,-0.124251856388494,-0.519314924979669,-0.00966906627547894,0.269572329912087,0.371693569657589,-4.30969442160034e-05,-7.38462473932139,5.82000067687743,1.72999971657741,-0.05,0.21,0.36,2.22878545479676,-7.40873145306736,5.95750420819988,2.25902097355928,-0.0411497101073174,-0.035890117765541,0.00118385160087268,2.22856483406519,48.357487616,0.0484219447347558,0.0484265798243946,0.0904794541849649,0.0200577047898625,0.0201238011190476,0.0085256368112375,0.00174781956584298,60,0
1,48.457606912,accepted,1.63741334597648,0.0233135659450756,-0.135534173268563,-0.562028219692586,-0.0294567547442134,0.140210985976575,0.527898117978397,0.00447653370859813,-7.3846247510712,5.80889381191851,1.69800865726585,-0.01,-0.02,0.59,2.23053078404875,-7.40964663517208,5.95121945089965,2.28410936477967,0.0160111185669877,-0.145288412006975,0.0848310480667003,2.22615890351334,48.457606912,0.048554314648412,0.0485588576105766,0.0900723116218938,0.0204194248166922,0.0204328548122811,0.0085213857584326,0.00172862571695083,61,0
1,48.557788416,accepted,1.71109242587895,-0.0114671713410148,-0.151983986922904,-0.627106983253169,-0.262335600001959,0.261549954852875,0.392149904033158,0.00806179673282958,-7.41788884864081,5.78668011799636,1.66599772066893,-0.21,0.16,0.46,2.23227611330075,-7.42953091191831,5.95648114418109,2.30963315487713,0.0203400711881197,-0.0710889119646048,0.086100440910922,2.22430028411507,48.557788416,0.0485802516481534,0.0485845147031676,0.0896030285275956,0.0202092260510436,0.0202520943124543,0.00845593145274108,0.00171024042568997,62,0
1,48.65793152,accepted,0.50787019137379,-0.00438114515914645,-0.153885605662025,-0.692056968816706,0.0367082632456527,0.284368578626469,0.0840598390738968,0.0019842402605037,-7.43452087696494,5.79778700085175,1.63399905400123,-0.01,0.27,0.39,2.23053078404875,-7.4277600048323,5.96637750111349,2.31567425855209,-0.0432028489761581,0.0116821702253226,0.30702046793344,2.22850742152314,48.65793152,0.0489009025424847,0.0489049677767743,0.0893959052394646,0.0211406426245709,0.0212194074070707,0.00847462866374273,0.00169146735269106,63,0
1,48.75808128,accepted,0.354134935783365,0.0158360707722673,-0.16549757792517,-0.746654637751654,-0.134221525699355,-0.0749451401008883,0.0915630812031337,-0.00710713521591977,-7.41788882552976,5.80889384669571,1.60199826054581,-0.18,0.02,0.43,2.22704012554476,-7.44716998648046,5.96131366611599,2.34067923600714,-0.0647919525501365,0.0825959497411237,0.341394242521163,2.23388953426507,48.75808128,0.0486759479913105,0.0486795729469597,0.0887856551434582,0.0204055814141657,0.0204862080848418,0.00831774105706245,0.00167291970370661,64,0
1,48.87624448,accepted,0.648834571669526,-0.0142934868428011,-0.167113234059155,-0.814480103534837,0.00788051630337312,0.318781814750124,-0.0837190159272501,-0.00608430094011947,-7.46778495168012,5.79778703537015,1.5642416432835,-0.06,0.35,0.21,2.22704012554476,-7.4533765822844,5.9831413819273,2.35525846855774,-0.0671875778496277,0.0611215687628301,0.287690960549949,2.23261872346437,48.87624448,0.0495071158149405,0.0495109014542919,0.0890703278001878,0.0209021629834825,0.0209886725160334,0.00839180016785251,0.00166757457737757,65,0
1,48.958394112,accepted,0.67632977739359,-0.0253533593076032,-0.21260900081205,-0.837390036154305,0.151177478998399,-0.260137154018639,0.0201448390618369,-0.000199506740783395,-7.48441701189579,5.77557332405321,1.53799242005949,0.06,-0.18,0.16,2.23053078404875,-7.44603317044146,5.9575806225514,2.35833231429314,-0.073450424880434,0.0469931854786726,0.138027698615379,2.23092743360724,48.958394112,0.0489544768394547,0.0489578091280256,0.0881903547171216,0.0197661263322338,0.0198519024468218,0.00823292828575397,0.00163676659539735,66,0
1,49.05651584,accepted,0.42599827657854,-0.0623768600483103,-0.215046983086416,-0.859030953110102,-0.0948925895152511,-0.129263562191963,0.0143338663692925,-0.00348574533832036,-7.51768111049916,5.75335962951938,1.50663964246704,-0.15,0.04,0.06,2.22704012554476,-7.47096680543658,5.94293788264815,2.34902341391117,-0.073078909009316,0.143437949710586,0.0442240904172863,2.2305766648821,49.05651584,0.0479762721744223,0.0479784670664097,0.0870034104741035,0.0177672336358441,0.0178281924495057,0.00786045278123237,0.0016175017656384,67,0
1,49.15868288,accepted,0.536588594129595,-0.0461974720958365,-0.191209448396526,-0.890452657284581,-0.0553520768590215,0.179184693023698,-0.177999115872473,-0.00387125542921796,-7.52599711755827,5.76446650325805,1.47399426872883,-0.16,0.3,0.04,2.22704012554476,-7.48539601376223,5.96294365973896,2.33311825144504,-0.110268238790406,0.136072688206667,0.207798395830756,2.23064565455182,49.15868288,0.0482446328529238,0.0482469057839652,0.0868642135451439,0.0183446509256103,0.0184260014604602,0.00784723740030425,0.0016015053782596,68,0
1,49.258845696,accepted,0.898259239187977,-0.0586374036425745,-0.208815077430409,-0.912827472680969,-0.0809758476108453,-0.167409234002005,-0.203733207067779,-0.0042523656679907,-7.55094517359648,5.76446652942641,1.44198930349746,-0.1,-0.1,0.02,2.22529479629277,-7.50525327830697,5.94376273235366,2.30865495650457,-0.0333698736470438,0.0365729242015228,0.205218712800196,2.22925856523345,49.258845696,0.0474552142440438,0.0474580634478299,0.0858248176808907,0.0169018083792764,0.0169733874621268,0.00753513695583504,0.00158449841205254,69,0
1,49.358961408,accepted,1.63922912439275,-0.0786283980535574,-0.196758842694154,-0.918695162785918,-0.0190227894425274,0.122910291770907,-0.470580478832337,0.00219253157731858,-7.58420926264952,5.75335969975256,1.40999913967955,0,0.23,-0.22,2.22704012554476,-7.50961203465051,5.95459058529303,2.27089325046786,0.0166452871164957,0.118727676972152,0.225415157750809,2.22511267810751,49.358961408,0.0474571217299793,0.0474596244318449,0.0854773660850758,0.0168542179826704,0.0169396822892384,0.00746126800639036,0.00156826697866332,70,0
1,49.45910272,accepted,1.28309318826515,-0.101638771333658,-0.201066193107277,-0.928796529864745,-0.288181235742169,-0.0210271088268557,-0.275047137810741,0.00288181187596104,-7.60915730693791,5.76446659087983,1.36491613689921,-0.27,0.06,-0.08,2.22878545479676,-7.53872807068652,5.95724975334709,2.2486467075159,-0.0168134547148412,0.0767967022492774,0.177622470741859,2.2260011725058,49.45910272,0.0472895748929822,0.0472921978393888,0.0849893917433797,0.0163907170834997,0.0164766709963787,0.00733405079769279,0.00155137972020766,71,0
1,49.557254912,accepted,1.40503465246757,-0.0772347917126748,-0.192306251450893,-0.946025910397706,0.160842097938295,-0.0788221463982256,-0.425129491898998,-0.00220493315535508,-7.62578933254933,5.77557347296236,1.32072862370953,0.01,0.03,-0.19,2.22704012554476,-7.53837241176258,5.95573949124857,2.21482682885863,-0.136197525191041,0.0996852977490275,0.21420488738308,2.22918071228565,49.557254912,0.0473383099141499,0.0473406697797074,0.0847119228121662,0.016473726506069,0.016561109372781,0.00726707306080134,0.00153301198814626,72,0
1,49.659429888,accepted,1.33615902483824,-0.0742352158841202,-0.168808145108046,-0.967783443993284,-0.0443048380680314,0.12870887352032,-0.411226875866423,-0.00704212763985712,-7.62578930866113,5.79778720201459,1.2747300779037,-0.11,0.18,-0.13,2.22529479629277,-7.55766829773996,5.97220972223347,2.18935822614307,-0.0707687132210588,0.0629331416745498,0.259844291731461,2.23203105560819,49.659429888,0.0474275045028149,0.0474300010523249,0.0844906384977838,0.0165065210512172,0.0165954434857679,0.0072095277141538,0.00151755050158669,73,0
1,49.757590528,accepted,0.777332216099319,-0.0848691856348003,-0.1825685722896,-0.981260008640056,0.0370052415308427,-0.182803373341503,-0.142490943967796,-0.00133540015199962,-7.6507373648313,5.79778722861265,1.23053876147637,-0.13,0,0.02,2.22704012554476,-7.56330050217649,5.94897471772609,2.17145006047696,-0.161654443031661,0.150862106921616,0.148763843978463,2.22843909877872,49.757590528,0.0465437723626011,0.0465461571578241,0.0833772922212333,0.0149759221997754,0.0150532311580884,0.00688034186205656,0.00150102572136494,74,0
1,49.875794688,accepted,2.09910483256209,-0.0972316005076088,-0.180145539601806,-1.02575011405548,0.0508563294588099,-0.139281782746052,-0.553608081040034,-0.0110405512194047,-7.68400144162129,5.79778726441532,1.1773239756153,-0.13,0.12,-0.25,2.22180413778878,-7.58603896928072,5.96176159845969,2.14041741032076,-0.177235638885713,0.245632734423235,0.278279094018423,2.23234803142349,49.875794688,0.0471031891698024,0.0471052701103036,0.0836421118246746,0.0155679776304273,0.0156362312536989,0.00688611688987812,0.00149391577735782,75,0
1,49.957905152,accepted,2.27346434522473,-0.102098022468159,-0.180960234465781,-1.02279816377172,0.0283276487732907,-0.258030429137144,-0.575973526557222,-0.0111139677156356,-7.7006334793711,5.79778728240454,1.14035834971251,-0.13,-0.03,-0.28,2.22180413778878,-7.59987390455731,5.95533307233271,2.10335550432108,-0.157027831936319,0.205870109781294,0.272301152664935,2.23245615181566,49.957905152,0.0468398839055608,0.0468417559908056,0.0831106576027822,0.0154541625886184,0.0155359038442156,0.0068187238255789,0.00146790915330337,76,0
1,50.058066688,accepted,1.74769876334975,-0.109873366575532,-0.192326523347048,-1.03193996045126,0.140318109873289,-0.372303955066343,-0.359863700299187,-0.00536164454899302,-7.72558154754769,5.78668044378489,1.09526624221176,-0.04,-0.11,-0.07,2.22354946704078,-7.60889639986058,5.94572570552139,2.08055006232396,-0.169507827221407,0.229200954832607,0.2736961273089,2.22862100599768,50.058066688,0.0470115057040313,0.0470131436987814,0.083014577303945,0.0155683268276126,0.0156465155058961,0.00678897960940709,0.00145327990346455,77,0
1,50.158225152,accepted,4.00117429791467,-0.107916633038976,-0.198727238695969,-1.04808799678263,0.488236840957732,-0.132925094173858,-0.532811343411246,-0.00805317176767684,-7.74221359860161,5.77557359819353,1.05017551770651,0.15,0.14,-0.45,2.22180413778878,-7.58973334355488,5.95529713504143,2.02565844688618,-0.285731386287532,0.257380048699666,0.0539265053936327,2.22892455262123,50.158225152,0.0468227741878113,0.0468245307414102,0.0825978192061093,0.014878109520542,0.0149834246193621,0.00666159900694151,0.00143707863987786,78,0
1,50.258390016,accepted,0.895184231818074,-0.112715787339599,-0.192428632223949,-1.02256766092294,0.0666676264454937,-0.299301575086109,-0.159885137438385,-0.0041135612405454,-7.72558154754769,5.78668044378489,1.00508191196063,-0.14,-0.06,-0.2,2.22354946704078,-7.61146206054979,5.95076138902058,1.99514776313816,-0.202315820854039,0.212969180959157,-0.0489248769372943,2.22759137145707,50.258390016,0.0469776403879999,0.046979220652164,0.082507145280252,0.0148019590580495,0.0148947093927506,0.00662495421670628,0.00142255881479252,79,0
1,50.358528256,accepted,2.06756918063306,-0.11709212394212,-0.202182726923808,-1.03100021611618,0.371312519871231,-0.222190990115043,-0.218487942662397,0.00147215389921396,-7.7505296150864,5.77557360706604,0.960000292175799,0.12,0.06,-0.19,2.22529479629277,-7.59590920814456,5.94692434036374,1.94618714364822,-0.207391486238867,0.253646957666383,0.0141240835455822,2.22350278185586,50.358528256,0.0465955415364804,0.046597183575285,0.0819438212051673,0.0143521835951749,0.0144354604839816,0.00646279575894092,0.00140840406128461,80,0
1,50.458688512,accepted,3.01840107155672,-0.126250423528486,-0.20093492275356,-1.01672780358592,0.430567745441334,-0.15423505842021,-0.332890278963039,-0.00175059295003743,-7.74221359860161,5.77557359819353,0.937953079187459,0.26,0.11,-0.27,2.22354946704078,-7.56812405912102,5.95197941800557,1.89417238754027,-0.115507790856483,0.242874284559702,0.0404988860568982,2.22459400018685,50.458688512,0.0460773343914567,0.0460792793272301,0.0812384169002187,0.013690690895345,0.0137683322274441,0.00626718612588075,0.00139336792367205,81,0
1,50.556829696,accepted,2.17655810879768,-0.142034539269784,-0.15130632010992,-0.981556501848272,0.108308395612816,0.484550309212321,-0.317821266368189,0.00495930781623688,-7.71726549232361,5.82000102797975,0.916350449375855,0.04,0.67,-0.25,2.22529479629277,-7.57158174182594,6.00325725925156,1.85448422049745,-0.0608212561992138,0.224110091891938,0.052708432886665,2.22063993185508,50.556829696,0.0461316100760882,0.0461332846479667,0.0810810487766619,0.0137304232126768,0.0138292331414083,0.0062208222424737,0.00137932159795297,82,0
1,50.658922752,accepted,1.23346718034035,-0.1249927177301,-0.183288022289076,-0.970058573016334,0.345340381032426,-0.270684096484631,-0.0130013748378534,0.00339412904167302,-7.70894945001506,5.84221474842314,0.893877941859515,0.18,-0.2,0.08,2.22529479629277,-7.56329422485749,6.0006027762864,1.84331548021352,-0.14015686010402,0.0483705466225567,0.0898055046082246,2.22246487334882,50.658922752,0.046361716497378,0.0463631608476903,0.0811006904400391,0.0139316976184311,0.0140265650395876,0.00619829813575884,0.00136597567798695,83,0
1,50.759077888,accepted,0.766969514836039,-0.101603878543052,-0.147730844404336,-0.979221710323602,0.221363097234855,0.27133948683767,-0.00993820877459742,0.00594798876809888,-7.68400138221974,5.85332158470608,0.871832005194044,-0.02,0.21,0.08,2.22704012554476,-7.57251588644082,6.01246526818458,1.8305337004794,-0.22836545100666,-0.0456136062160657,0.0867964818159975,2.22142213158989,50.759077888,0.0467312068688156,0.0467325132512308,0.0812498761342058,0.0142699696373382,0.0143490273864658,0.00621540007320819,0.00135243825218758,84,0
1,50.877221376,accepted,0.519138880171609,-0.0864863720678599,-0.161550785302839,-0.998743377347634,0.176305702949833,-0.131337058223919,0.0123579664597487,0.00888456081734246,-7.69231741265382,5.84221473060483,0.845826510539368,-0.07,-0.2,0.16,2.22878545479676,-7.5947163942976,5.98832998444377,1.82506752156039,-0.232487747497234,-0.0810897916490966,0.144983680589721,2.22072768032516,50.877221376,0.0473408506875699,0.0473423083413315,0.0816500921316454,0.0145720856489366,0.0146504462235576,0.00621884446715947,0.00134660351772083,85,0
1,50.957362432,accepted,1.0134336764465,-0.0938020732275877,-0.176735531512673,-1.01169761410934,0.322951692114518,0.17494249027574,-0.128866838821664,0.00572351700997986,-7.70894948590968,5.80889415415319,0.828186030825172,0.1,0.12,0.11,2.22704012554476,-7.59491517187003,5.99267181873951,1.81066239169261,-0.199535429309297,-0.0433721026722131,0.231837650237841,2.22189565503949,50.957362432,0.0470135099322979,0.0470150652797425,0.0811637937248407,0.0144751710747282,0.0145671310703325,0.00615051301777599,0.00132355092062808,86,0
1,51.057526016,accepted,1.8705307218389,-0.0748131895836872,-0.167031837385774,-1.02316004646953,0.418034418311291,0.367164184747335,-0.0960472657295373,0.00435378877038017,-7.69231743654202,5.8200010015526,0.806138234603814,0.21,0.29,0.03,2.22704012554476,-7.58847714050373,6.00940462645896,1.80180458448498,-0.176510095166779,-0.0502781474948714,0.120123492395636,2.22330030482599,51.057526016,0.0472083268090774,0.0472101603823992,0.0811683412560339,0.0143513481722309,0.0144307962458004,0.00612269541171673,0.00130988565799254,87,0
1,51.159648512,accepted,0.749408586042005,-0.0902284006430847,-0.179506072509255,-1.02785005656575,0.223700815999761,0.238594751659987,0.0358241257980085,0.00071320355083504,-7.70063344321256,5.83110787373096,0.783659246816946,0,0.28,0.11,2.22529479629277,-7.59872840527404,6.0204265533508,1.79272242490007,-0.209900839967975,0.0554302993746811,0.0720162769217822,2.22461781166175,51.159648512,0.0476248191807752,0.047627146336994,0.0813726102522249,0.0144490817799042,0.0145819633281182,0.00611905625704511,0.00129749046443698,88,0
1,51.259792384,accepted,0.507067939235712,-0.11076415441023,-0.204187224640751,-1.04243454295468,0.126695901875705,0.0973721558695541,-0.0789649473223203,-0.00356798100865774,-7.73389753214094,5.82000104613502,0.761615789559329,-0.09,0.08,0.05,2.22354946704078,-7.61402041463684,6.02749028036998,1.77563851971663,-0.205187440195397,-0.00949787639278631,0.122404023886202,2.22709141921814,51.259792384,0.0474545976156313,0.0474570015067416,0.0810906050436718,0.0141668134984031,0.0142666134822832,0.00602434826062299,0.00128382222413321,89,0
1,51.357993216,accepted,2.79645513065419,-0.0983567680006345,-0.167097944965079,-1.05345408365251,0.122203218637559,0.726963703939709,-0.078883544047941,-0.000115345433606251,-7.73389749611435,5.85332163858586,0.740000030156146,-0.13,0.62,0.2,2.22529479629277,-7.63014864098637,6.06631224410741,1.76701413518712,-0.24470858414134,-0.0571626155035748,0.273662987586713,2.22512103879406,51.357993216,0.0476877183430333,0.0476904998171285,0.081144134333241,0.0144668111014458,0.0145280354137269,0.0060113563704929,0.00127082485000171,90,0
1,51.458119424,accepted,1.6488236766779,-0.104521765339183,-0.187182480216876,-1.14464216729947,0.225679962560416,0.438056429366773,-0.152703853970217,-0.00405320707194701,-7.76716154617878,5.8755354033564,0.659013073111637,-0.13,0.38,0.29,2.22180413778878,-7.64881596311859,6.09038376809169,1.7698920542718,-0.339789114265106,-0.0262118596786592,0.434740779034223,2.22552876289536,51.458119424,0.0478955591448391,0.0478987820983354,0.0811870398558838,0.0146322453530232,0.0147331280853329,0.00598254831358499,0.00125759674960273,91,0
1,51.55826432,accepted,2.9379950540451,-0.0957860526237759,-0.203490536740297,-1.23579439761722,0.489510154104135,0.413718211204731,-0.257098970010085,-0.0105413886814718,-7.77547755311324,5.88664227708888,0.578010919630607,0.23,0.44,0.13,2.21831347928479,-7.64182106525357,6.11843640193547,1.76937939717551,-0.220612009881902,0.0584575156031161,0.375056538639973,2.22878987671908,51.55826432,0.0480017718892627,0.0480053017781911,0.0811473389084944,0.014365575727342,0.0144688495127967,0.00592159214854633,0.0012446750591105,92,0
1,51.658426624,accepted,2.2495398774953,-0.13567060440286,-0.211782418628345,-1.30517344600419,-0.0146708631583432,0.539165191582526,-0.259326058994095,-0.00771631227998792,-7.7921095661977,5.90885602378851,0.496994685696727,-0.05,0.45,0,2.22005880853679,-7.66206886505007,6.15647119969656,1.75720834625061,-0.0378381272876564,-0.0503057564143176,0.2472255877438,2.22782781597584,51.658426624,0.0481845399002088,0.0481890209391899,0.081174655705453,0.0142237362629371,0.0142538716785146,0.00589472619861168,0.00123276399171816,93,0
1,51.7585664,accepted,1.09815981951831,-0.126328394311868,-0.23887862040723,-1.36145458432325,0.333974357661021,-0.0462127202820722,-0.0114988239566957,0.00206349538960193,-7.80042558475001,5.90885603282706,0.415996673525356,0.09,-0.05,0.13,2.22180413778878,-7.65016418168389,6.13620446050059,1.74903629456257,-0.218867785781926,-0.00982801199061797,0.136918076157018,2.22044923310045,51.7585664,0.0482896736570898,0.0482933413651905,0.0811482616499835,0.0139152317700244,0.0139776450451964,0.00583616038728757,0.00122238258852411,94,0
1,51.872729856,accepted,1.40341907581163,-0.131222297114646,-0.243820681016595,-1.44139685418109,0.246018790769971,0.329946352789555,-0.0201272474874602,-0.0103787353254017,-7.81705763399302,5.89774918611616,0.32365561417835,-0.06,0.36,0.13,2.2165681500328,-7.67047976589953,6.16007298149641,1.73427703571231,-0.289314309970382,0.052203077232398,0.145083946811329,2.2265527070081,51.872729856,0.0488656827580389,0.0488703646409125,0.0815561426286002,0.0139897714382251,0.0140976435550623,0.00582081346662102,0.00121415698005951,95,0
1,51.958886912,accepted,2.37573087967826,-0.160019426955826,-0.260378398572606,-1.48094193547496,0.297248659441113,0.297783735091785,0.0722266957714137,-0.00762563167022012,-7.85032172060457,5.88664235903649,0.253967518705309,0.16,-0.01,-0.05,2.21831347928479,-7.64972258184976,6.18464652286546,1.71561139737496,-0.0965925592114768,-0.268294652711721,-0.121395474761184,2.22764432472824,51.958886912,0.0474255544175631,0.0474276927677183,0.0802196268072786,0.0127447161320775,0.0125744020900396,0.00560729100409924,0.00119417382039622,96,0
1,52.059008256,accepted,0.95770875072508,-0.215129554415925,-0.303294865795388,-1.54147568483784,0.132716867382396,0.164653303576415,-0.0269149162542067,0.00869446729364753,-7.86695379644119,5.85332178362271,0.172984415248749,0.1,-0.04,0.07,2.22878545479676,-7.64647167760629,6.16213560933337,1.68131964310041,-0.0233561144661411,-0.193574491001875,0.0912108607204911,2.22101602557603,52.059008256,0.0473525912823556,0.0473549852244666,0.0800533609623034,0.0126666564758151,0.0126146484499352,0.00552742119378163,0.00118475209313777,97,0
1,52.159145472,accepted,2.24840530857354,-0.234321270864772,-0.286038048728447,-1.60365936153714,-0.0502989917641294,0.513530821137457,-0.0164370352000646,0.00746334559488915,-7.88358583342115,5.85332180238832,0.0919884737322221,-0.14,0.32,0.14,2.22878545479676,-7.66095411681792,6.17405596032129,1.66223978810674,-0.095592617521274,-0.15649395713449,0.151247766961011,2.22170736766664,52.159145472,0.0473824899167274,0.0473847977650461,0.0799733446581487,0.0125809174625248,0.0125453420582613,0.00547652481817704,0.00117287666978917,98,0
1,52.259277568,accepted,1.91558730228919,-0.212900109364973,-0.29839845898303,-1.6620607386619,0.33166633518669,0.21223161091226,-0.0691985802609279,-0.00580662996718218,-7.89190184022365,5.8644286763858,0.0109966735253622,0.11,0.18,0.05,2.22354946704078,-7.65054745975401,6.175991655794,1.63314730326695,-0.192315821584934,-0.0147851626679016,0.111548899465997,2.22966824700547,52.259277568,0.0470951215378643,0.0470970649165046,0.0796191182525614,0.0120775008187005,0.0121349361397779,0.00535697995691005,0.00116019173096651,99,0
1,52.359415552,accepted,1.49872386170357,-0.283954767404776,-0.327675220621109,-1.72131902780069,0.0401892530020304,0.100622853119091,-0.290489162671018,-0.0185603310966078,-7.95011398249213,5.85332187572709,-0.0699998891876135,-0.08,0.18,-0.08,2.2165681500328,-7.67137091138333,6.18034606741233,1.59084759471861,-0.119621720013509,0.0849384718041986,0.194160350401479,2.23450021797628,52.359415552,0.0469519208940023,0.0469539048872007,0.0793911670737198,0.0118883772946097,0.0119809231008178,0.00526208963586854,0.00114907278146753,100,0
1,52.45759616,accepted,1.48821297401817,-0.318497842907999,-0.357102021639483,-1.73657392842933,0.131164383090216,-0.209641970384735,-0.170618595153722,-0.0135273323851974,-8.00001012183654,5.8311082023565,-0.1338529739104,0.07,-0.07,-0.13,2.22005880853679,-7.6788700629069,6.15688808253088,1.55275807303907,-0.0531163244101137,0.118710154834864,0.0287478564637233,2.23299968155794,52.45759616,0.0467475280572813,0.0467495026144683,0.0790987854306194,0.0114774448899297,0.0115860510418418,0.00516795873319499,0.00113900348269822,101,0
1,52.557746688,accepted,1.37254731847326,-0.337611515456177,-0.363438909199422,-1.76442345924836,0.114287340311852,-0.159596235626523,-0.169388502248109,-0.00903234449675194,-8.02495820229078,5.80889450188617,-0.19898720056834,0.06,-0.02,0.05,2.22180413778878,-7.68687034468669,6.14561887910691,1.51507783532157,-0.0477350737451477,0.122815954748174,0.207551159266307,2.2304219911163,52.557746688,0.0465797983424323,0.0465818024658969,0.0788523635696854,0.0114077082946691,0.0115178776066126,0.00508358251094836,0.00112972973299991,102,0
1,52.659864832,accepted,3.11774968745679,-0.373380678780475,-0.351259455764079,-1.81174337272291,0.0166755965388054,0.0936247818163813,-0.517222559317269,-0.000493520475367326,-8.05822227922004,5.80889453923676,-0.265401092437031,-0.01,0.34,-0.1,2.22529479629277,-7.69486368593916,6.15933745869107,1.45795325014792,-0.0286036864847678,0.252316645833508,0.390318688522506,2.22590675059318,52.659864832,0.0463218153227459,0.0463232677371638,0.0785281303831669,0.0112611766692381,0.0113698366974942,0.00497987035597646,0.0011214616312444,103,0
1,52.75800832,accepted,3.86001298316684,-0.418220583047455,-0.393065080851644,-1.82853804280804,0.0134127906237471,-0.485943199259504,-0.536313599941961,-0.00795350754508828,-8.11643442240493,5.79778774185721,-0.329230013961961,-0.01,-0.14,-0.15,2.22354946704078,-7.71033860177271,6.14256609550699,1.42525956751747,-0.0262362879557794,0.311095744057344,0.365651130531113,2.23083673563728,52.75800832,0.0464061897321436,0.0464077058815,0.0785019881199234,0.0112371221905123,0.0113295857564204,0.0049401698829964,0.00111032357243465,104,0
1,52.876168192,accepted,5.23096331567086,-0.42021298547868,-0.377722396465903,-1.8879539078874,-0.0170207180940947,-0.067865724498442,-0.744818797885276,-0.00815669933552376,-8.1330664620976,5.79778776070099,-0.40607685679359,-0.05,0.19,-0.17,2.22354946704078,-7.7280094802002,6.15695456221449,1.37242120611674,-0.0384047417160664,0.24881603513235,0.540476492958965,2.23140319826278,52.876168192,0.0466199506728796,0.0466214967566459,0.0786376079611838,0.0112408463395948,0.0113481959852564,0.00487973305725875,0.00110625750853803,105,0
1,52.958286592,accepted,6.25954484384305,-0.384373754739537,-0.379882873318262,-1.87713990871384,0.282486954142583,-0.331320197196507,-0.593709550075979,-0.00598492574334708,-8.11643442240493,5.79778774185721,-0.459483649400688,0.24,-0.07,-0.01,2.22529479629277,-7.70779097614727,6.12369602520746,1.30671982465365,-0.0146818397959855,0.221567191995141,0.549071974067274,2.23039485968639,52.958286592,0.0455390013304627,0.0455402168158595,0.0775259492649997,0.0105453985992851,0.0106392548044383,0.00471288923058825,0.00109147798499985,106,0
1,53.058489856,accepted,4.76724527260544,-0.43222980797275,-0.338800905386811,-1.88667652606422,-0.183156846544914,0.175182295651454,-0.571476232572466,-0.000610091901204868,-8.1247504410892,5.79778775132547,-0.524652173616964,0.06,0.21,-0.09,2.22704012554476,-7.72761217944574,6.14739614302632,1.2568138280562,0.22137515250771,0.0502085047814958,0.449196876157164,2.22814944418074,53.058489856,0.0450368916459981,0.0450392879503541,0.0769357686586867,0.0100301081230157,0.010227357599225,0.004605937126622,0.00108114246031905,107,0
1,53.158644224,accepted,2.69177802532586,-0.426649754355087,-0.363118261789316,-1.88979568065243,-0.0424069205650138,-0.391836266400348,-0.298992921407426,0.0100677255018247,-8.1330664620976,5.79778776070099,-0.589788897669933,0.12,-0.14,0.1,2.23227611330075,-7.72287106126318,6.11696543618861,1.23860114169441,0.156121490555822,0.221097658265648,0.383898299282066,2.22174917373848,53.158644224,0.0449928935372127,0.0449944282479832,0.076793235822379,0.00988124937779947,0.0100284853895192,0.00454118251638256,0.00107276779462654,108,0
1,53.258765056,accepted,6.24964887831051,-0.412919211548227,-0.345814194452222,-1.93741869450051,-0.0749115854271764,-0.292726867168522,-0.640257722630996,-0.000452191263416335,-8.11643442240493,5.79778774185721,-0.654903811139675,0.1,0.04,-0.09,2.22704012554476,-7.72528170306495,6.09669480888594,1.16376315385159,0.164240644399921,0.2993012250338,0.513635518201861,2.22675799260428,53.258765056,0.0444134775217922,0.0444150667063573,0.0761205937679148,0.00954883247142231,0.00966314739384263,0.00440981715543912,0.00106142508401484,109,0
1,53.358857216,accepted,5.00513483703097,-0.413075400381262,-0.305524571026976,-1.93864499248499,-0.332592945845941,-0.00732173574780171,-0.654051031932541,-0.00388793316506231,-8.11643439709439,5.8200014699608,-0.720000016702286,-0.14,0.28,-0.11,2.22529479629277,-7.74466242746384,6.11598393310747,1.12401165398035,0.165501594081536,0.284905506410729,0.516679735404281,2.22948006605904,53.358857216,0.04431700510534,0.0443181684089631,0.0759246649135779,0.00942933762447906,0.00955897602040148,0.00435258362104692,0.00105169469399372,110,0
1,53.45698304,accepted,2.86243446088375,-0.415768793902724,-0.319773545943345,-1.90331029366384,0.0232021352968075,-0.215356011442452,-0.421020383072087,-0.00387990895345691,-8.14969847208808,5.82000150757506,-0.733772494721521,0.06,0.06,0.02,2.22529479629277,-7.74409596776484,6.10982114765619,1.09257018101133,0.0355380439407003,0.256086255963245,0.420297614177417,2.22875761051576,53.45698304,0.0440730940574308,0.0440737420923959,0.0755777127780405,0.00916073382140081,0.00923188932405545,0.00427029480444494,0.0010424759883385,111,0
1,53.559155456,accepted,7.06160696529311,-0.442233330079984,-0.338530954200169,-1.8942857866114,0.0576282834325589,-0.492614096907244,-0.729146571303593,-0.0123700523448989,-8.18296256167626,5.80889468073827,-0.748112933315269,0.06,-0.01,-0.16,2.22005880853679,-7.74876296748512,6.09325671528448,1.04347014090343,0.00357384122646111,0.443910381706392,0.539346431598182,2.23145034045281,53.559155456,0.0439781806232426,0.0439781531398409,0.0753877278456879,0.00920978002341903,0.00918608704987357,0.00420853012629516,0.00103330857521311,112,0
1,53.659296,accepted,5.62870121653337,-0.417381844345028,-0.334243189925337,-1.84343746743863,0.238176527156675,-0.608884899878912,-0.459947669333641,-0.00996800615935989,-8.15801451828237,5.79778778953549,-0.762168187934833,0.35,-0.23,-0.23,2.22180413778878,-7.73279319842655,6.0706752117711,1.00694609266761,0.125332986680488,0.334735579423134,0.21053789330981,2.23002665747106,53.659296,0.0439028050844789,0.0439029328416373,0.0752154379895558,0.00886315948652055,0.00891948561168811,0.00415587043577965,0.00102457621700855,113,0
1,53.759451392,accepted,3.15065310625307,-0.408408569917678,-0.321837570599534,-1.80328907933671,-0.0285615701994609,-0.417206970360508,-0.208133078578831,0.00588246057822328,-8.12475045399743,5.78668088576107,-0.776225526549673,0.13,0.04,0.01,2.23053078404875,-7.73171058183975,6.04986220449461,0.967967323643634,0.153179120038726,0.415448715732454,0.204448137584535,2.22387214113457,53.759451392,0.0434267370796519,0.0434261468553818,0.074632791591206,0.00857460572740259,0.00858880438534021,0.00405105237261971,0.00101556149704756,114,0
1,53.875607296,accepted,4.71978002644902,-0.38155836492119,-0.3129484016883,-1.80246980250238,0.206552584090099,-0.517110708724375,-0.37526060682146,0.00382352047553969,-8.099802397688,5.78668085761507,-0.792528621590634,0.28,-0.05,0.08,2.22878545479676,-7.70954494042953,6.04070674610553,0.93923683484878,0.0869364565179139,0.425039433476763,0.43746530785993,2.22382683689672,53.875607296,0.043542084677609,0.043541351065298,0.0746672513666793,0.00865149909982884,0.00862518144259101,0.00399762490479432,0.0010104360275243,115,0
1,53.957718528,accepted,2.28141958648939,-0.364989871092538,-0.278437481721628,-1.77962267541122,0.182866824707274,-0.151303556205422,-0.320969021285294,0.0039573417025669,-8.06653831081984,5.79778768564825,-0.804053366981336,0.26,0.31,0.11,2.22878545479676,-7.69469487361369,6.05395103706354,0.910975535426223,0.0886166215766384,0.448127150947325,0.414861662322623,2.22425697313883,53.957718528,0.0429525750430157,0.0429513853939503,0.0739618695631866,0.00837395380382706,0.00833987898779349,0.00391085690848999,0.000996815756442935,116,0
1,54.057859072,accepted,3.32633175287364,-0.379866562058178,-0.299326535252495,-1.77186286176316,0.153081844046,-0.391368466685036,-0.334635984417775,0.00448956300006831,-8.06653831081984,5.79778768564825,-0.818108621600899,0.25,0,0.12,2.22704012554476,-7.68349439496579,6.05252413307449,0.889112929593802,0.105580739466495,0.36077456454087,0.43877490504479,2.22193728334886,54.057859072,0.0427810443648368,0.0427803371152802,0.0736866516996415,0.00820787619151195,0.00822053163439431,0.00384684794980881,0.000988784739888824,117,0
1,54.158004992,accepted,4.02913484201117,-0.345593704154433,-0.275741147888379,-1.76670050989384,0.105807679138004,-0.36738580642338,-0.433760511640494,0.00966803593564114,-8.01664217121151,5.82000135746471,-0.832164630770478,0.22,0.1,0.08,2.22878545479676,-7.6701470459439,6.05067399289664,0.856072504641838,0.120482132641429,0.436276233985932,0.493103974425159,2.21864994872215,54.158004992,0.0425046877610147,0.0425037090657866,0.0732969105054217,0.00807822442130765,0.00805364711438781,0.00377483301614091,0.000980575398308185,118,0
1,54.2581248,accepted,6.4092391429792,-0.323528802440212,-0.291846502022058,-1.7526872811312,0.312674597117306,-0.676164486923747,-0.488297045747636,0.00974078204980477,-7.98337812101512,5.79778759226446,-0.846216974982852,0.37,-0.29,0.04,2.22704012554476,-7.64559960933433,6.03066670933318,0.836492090435571,0.0735820359624811,0.344450226652122,0.51080817445292,2.21677157741486,54.2581248,0.0425219877920006,0.0425212545047926,0.0732183140474556,0.00803456949375527,0.00803607929046561,0.00373767561848169,0.000972925022479838,119,0
1,54.356325632,accepted,1.97315798678751,-0.296060723610231,-0.267982682162297,-1.74372365362696,0.103753945795736,-0.149858404237909,-0.345298658178113,0.0149530562069748,-7.93348200904877,5.7977875370028,-0.859999980771327,0.16,0.22,0.1,2.22878545479676,-7.63769108052965,6.0464984568357,0.823814109300193,0.0604631334424161,0.359119684407254,0.430971758060527,2.21408047612569,54.356325632,0.0424673175985233,0.0424667075294108,0.0730612485450528,0.00794029701964909,0.00793938052964839,0.00369706877349417,0.000965289798729307,120,0
1,54.456485888,accepted,3.75274173398926,-0.258579005317329,-0.268456733932036,-1.77228819762557,0.238498109544929,-0.109220771797743,-0.456766317498906,0.0147451420544713,-7.89190190168543,5.80889435375346,-0.900003145531144,0.27,0.16,0.05,2.22878545479676,-7.61435709538692,6.05798082911818,0.787815181341515,0.0499928128340526,0.258475360648748,0.484004596920749,2.2142085520101,54.456485888,0.042113817644869,0.0421134173967906,0.0725870006924419,0.00769217212443502,0.0077233571261568,0.00361347956405973,0.000958108794655397,121,0
1,54.556611072,accepted,7.56404648893998,-0.271580640949809,-0.288844727714041,-1.78646034404215,0.0627602626394635,-0.181020657006742,-0.773007268244501,0.0150661724653762,-7.875269876074,5.79778747236564,-0.939992338304414,0.22,0.11,-0.03,2.22878545479676,-7.60450938104616,6.05937535907365,0.726911743715841,0.160815472128718,0.274490829920365,0.708224628794835,2.21390652294899,54.556611072,0.0417829125254254,0.0417826019058042,0.0721342951083765,0.00759294151263056,0.00763641022828813,0.00353848580478376,0.00095088309332227,122,0
1,54.656779776,accepted,6.49324542035113,-0.242488314066277,-0.275281516799308,-1.77518077769336,0.21226110021814,-0.0146425376081119,-0.699312185654942,0.0152561011423096,-7.83368977026496,5.80889428979994,-0.979998912615471,0.28,0.2,-0.08,2.22878545479676,-7.57554148622431,6.07530649598064,0.685510634456956,0.0833337398960999,0.212143901518886,0.587976832187909,2.2139323388423,54.656779776,0.0414848310435066,0.0414846742561395,0.0717029940404607,0.00731744529504389,0.00735557176425245,0.00346483320390062,0.000944043066291244,123,0
1,54.756934656,accepted,9.08695084187208,-0.254994856943482,-0.321729476736518,-1.75889490391233,0.420682065524403,-0.504116009608023,-0.742927324038896,0.0146237340317326,-7.82537378580367,5.77557368857421,-1.01999996573218,0.42,-0.22,-0.31,2.22878545479676,-7.54237804951715,6.04657084364997,0.642274545550992,0.0240149724845047,0.250540604318396,0.406584257691864,2.2144312329342,54.756934656,0.0414147177991697,0.0414143408109571,0.0715178545257397,0.00718111896974036,0.00721118595041228,0.00342075891484854,0.000937079650801602,124,0
1,54.8711104,accepted,4.36144117282993,-0.268447054129109,-0.33542704571895,-1.74970167233036,0.0887755084994571,-0.290825904878118,-0.557504602839949,0.00815798707062498,-7.81705779178475,5.75335995039554,-1.06560083910333,0,0.11,-0.21,2.22529479629277,-7.54852269238963,6.05444449453351,0.602118498578219,-0.0850965260553213,0.38011466421294,0.326219009727584,2.21756402130378,54.8711104,0.0415699257891376,0.0415695839383131,0.0715777484381131,0.00717168425982839,0.00718091344702541,0.00338709112328031,0.000932167937249743,125,0
1,54.9552064,accepted,6.37834385368503,-0.248741525133635,-0.345460303844535,-1.72165993905637,0.378101707256018,-0.49179850083711,-0.389139842532917,0.00081398923835696,-7.80874177258725,5.75335994144488,-1.09918810477527,0.16,0.14,-0.18,2.22180413778878,-7.52820473016262,6.03928437502188,0.549793587239104,-0.191075810700997,0.592815946835526,0.191653094220772,2.22056446723955,54.9552064,0.0410004463618376,0.0409994602345758,0.0708655486664105,0.00700777607928937,0.00692891559340945,0.00331927545962117,0.000919085910262412,126,0
1,55.057413888,accepted,3.91066831734569,-0.273044698261278,-0.358436719051742,-1.6980643655217,0.245426334390083,-0.588427548900821,-0.00570933298209504,-0.00540028247049573,-7.81705780392313,5.74225308699694,-1.14000895300966,0,0.06,-0.02,2.21831347928479,-7.5331886856275,6.04708130318072,0.527578585415201,-0.233920382815392,0.614036509580949,-0.0177846183469649,2.22392273435101,55.057413888,0.0410465020181876,0.0410459190780526,0.0708169103876033,0.00694806535497148,0.00687287180282187,0.00329850068067629,0.000910854957895932,127,0
1,55.159547904,accepted,5.68252681028785,-0.232578533391936,-0.357816454408317,-1.71354440168268,0.400680412339265,-0.549032503872317,-0.102049834228288,-0.0083074273027135,-7.79210972334424,5.76446678815578,-1.18080045711847,0.22,0.25,-0.02,2.2165681500328,-7.52519767995311,6.05682631890869,0.491744108913358,-0.151724971179348,0.756447254431501,0.0755048741691175,2.22340462555099,55.159547904,0.040823369379815,0.0408221784864344,0.0704788497315454,0.00695225721162275,0.0067356849558101,0.00325445615030076,0.00090144027070284,128,0
1,55.259679744,accepted,12.3702390984797,-0.225172343251386,-0.381746236618008,-1.72361456009631,0.803676245345825,-0.71592436248979,-0.270121560791768,0.000199162952679632,-7.76716169079836,5.74225303234077,-1.22079230824458,0.63,-0.12,-0.13,2.22005880853679,-7.47508566674039,6.04877938927521,0.447009724240751,-0.121681605668905,0.546702068498202,0.128768830273709,2.21846265955859,55.259679744,0.0406711600070781,0.040670488685154,0.0702164323007925,0.00671346252280329,0.00666726656845931,0.00319486551795806,0.000894386750778428,129,0
1,55.357846784,accepted,4.72262759060217,-0.232233741695562,-0.370058303992682,-1.72897197792243,0.484463778057913,-0.475841999806622,-0.0874809546547347,0.0165692651127221,-7.7172655885289,5.73114611419058,-1.2599994340616,0.39,0.06,0.18,2.22704012554476,-7.45272588775555,6.05342016563155,0.431578939913992,-0.0678936171768421,0.506087699925761,0.261710217316824,2.21030666978888,55.357846784,0.0405995721115432,0.0405990219805277,0.0700398263204017,0.00669232274799228,0.00666192822538216,0.00315629081545239,0.00088847983815723,130,0
1,55.458014976,accepted,7.52388271960525,-0.205883217023258,-0.383801954802085,-1.71565870090567,0.711541876999032,-0.615063570025482,-0.112357719362557,0.0231926344309858,-7.66736948793108,5.72003919491731,-1.25299959449875,0.57,-0.09,0.26,2.23053078404875,-7.41582118266367,6.0493468665398,0.4244701361124,-0.10579312968786,0.490607958518105,0.366508651593012,2.20739042303662,55.458014976,0.0406459610385189,0.0406455120003206,0.0699863839470013,0.00672706106815839,0.00672151495089504,0.00313285643471392,0.000882447417782706,131,0
1,55.558155264,accepted,5.91242273766999,-0.214281952458102,-0.410891765340158,-1.70780216853872,0.572214891924647,-0.503638399894723,-0.242668637734037,0.0224083106353712,-7.64242146727428,5.68671857638601,-1.24600104010771,0.47,-0.04,0.19,2.23053078404875,-7.38995817444911,6.048007701456,0.412958022348324,-0.0719859310731776,0.43322643797674,0.423135322575113,2.2084136772931,55.558155264,0.0406514925746593,0.0406511039864267,0.0698882334346561,0.00669806000257886,0.0067126782289222,0.00309763027726874,0.000875933964418482,132,0
1,55.658360576,accepted,2.9544253394201,-0.216759061539943,-0.424009079868,-1.68908686181873,0.28823020145384,-0.486412236361928,-0.140295005502323,0.026059507252651,-7.61747343202299,5.66450482161106,-1.23899794135187,0.14,-0.06,0.19,2.23227611330075,-7.38915915790329,6.0477583687227,0.412018945004726,-0.137437047566308,0.402555939453799,0.323952770860426,2.20725149603996,55.658360576,0.0408267733111555,0.040826483195721,0.0699616051281697,0.00670591041611469,0.00675366266540835,0.0030864933112013,0.000870270386090724,133,0
1,55.758529792,accepted,1.27153332720129,-0.171044025187289,-0.414048045091324,-1.67675875646711,0.229222171079987,-0.178927203718573,-0.013190286737046,0.0237011726756471,-7.57589332596463,5.67561164111708,-1.23199736525522,0.14,0.29,0.38,2.23227611330075,-7.39772780213173,6.06931756451008,0.414734750832141,-0.0821093371932778,0.459708338253532,0.389171548052217,2.20912681595823,55.758529792,0.0411049304564104,0.0411051332933219,0.0701349281393468,0.00684868764256525,0.00686049631797485,0.00308346177112768,0.000864047759676666,134,0
1,55.874673664,accepted,3.6008349148433,-0.127930425658922,-0.422007417222559,-1.70331653933645,0.423430604258418,-0.391523916951155,-0.332050349539371,0.0139794605613175,-7.54262921560414,5.7089321981022,-1.22388036038524,0.27,0.19,0.28,2.22878545479676,-7.39103467204705,6.09445703320783,0.428654147534612,-0.135148178630104,0.56112264546155,0.601832928022467,2.21488921678147,55.874673664,0.0415824765343803,0.0415831332432482,0.0704985090920223,0.00707560307118386,0.00706323961055592,0.00308965974301408,0.000859542239150407,135,0
1,55.956810752,accepted,10.663103089963,-0.111288232453266,-0.480038419493115,-1.69709548610952,0.647848243327272,-1.02519161732392,-0.321831365907414,0.00832316541448908,-7.51768120360317,5.66450471617583,-1.21814000463662,0.44,-0.43,0.29,2.22704012554476,-7.36790785449503,6.06584810086487,0.429308146027382,-0.179590617127425,0.545494079569263,0.602641468137169,2.21924462457734,55.956810752,0.0414100344137852,0.041410602441491,0.0702170699577278,0.00703162676477052,0.00703824332121786,0.00306897806538277,0.000849353533648482,136,0
1,56.058976768,accepted,0.997273565073848,-0.116536969037757,-0.455262891195506,-1.69588367874389,-0.11484493687193,-0.106792321779407,0.0527957048735723,0.0128815272857876,-7.5010491657287,5.66450469887512,-1.21099987717971,-0.2,0.37,0.5,2.22704012554476,-7.39414694327929,6.10133222113995,0.457893926515217,-0.0905391575376111,0.469515706586035,0.444083591208863,2.21473525323066,56.058976768,0.041724845823218,0.0417258578116122,0.0704034464468216,0.00700116994761068,0.00701707064949146,0.00305781858212355,0.000844648433885095,137,0
1,56.159122432,accepted,1.92639073505977,-0.0509592510691661,-0.433299643250486,-1.70072343846347,0.345901270321565,-0.297860147193309,-0.00621768165031067,0.0213024789112848,-7.45946901357289,5.72003897509133,-1.20400094707347,0.16,0.29,0.37,2.23053078404875,-7.39077611926864,6.12502742023444,0.466516370397821,-0.173233467351209,0.57353701809356,0.37238336625396,2.20961333278496,56.159122432,0.0420182582794392,0.0420196991632296,0.0705668082813971,0.00709185450434852,0.00709036141129622,0.00306372866069096,0.000839735530006157,138,0
1,56.257300736,accepted,9.77558502832954,-0.0330053348505777,-0.487784745711118,-1.69770716414139,0.675782780591474,-0.915398669045055,-0.13167471658758,0.00960850199278163,-7.45115301607141,5.6978252383056,-1.1971395108395,0.36,-0.26,0.21,2.22529479629277,-7.36949265692312,6.10512408719747,0.461911747062574,-0.28254751356141,0.606012575261871,0.336083759389004,2.21627235562796,56.257300736,0.0420892516123159,0.0420908834086407,0.0705269033065411,0.00708057415576448,0.00710473173108928,0.00305261587298462,0.00083148484505723,139,0
1,56.359457024,accepted,6.39058879667376,-0.0741347552636444,-0.508965933965005,-1.68879230507355,0.424501920730463,-0.774533403327213,-0.171886249720985,0.011842517648522,-7.46778510224281,5.65339779810247,-1.19000006324819,0.19,-0.21,0.16,2.22529479629277,-7.36425750300057,6.09087272375309,0.457361227860538,-0.21406790448353,0.521954531873348,0.325014970834449,2.21421625495076,56.359457024,0.0422299926195832,0.0422319106207524,0.0705592001914973,0.00702303389439524,0.0070525669037929,0.00302638781970591,0.000826363665219868,140,0
1,56.45758848,accepted,2.4612569085064,-0.10530275629992,-0.515637443603604,-1.6669958243445,0.103426343788882,-0.489918781946679,0.0244400194340145,0.0180307820692396,-7.49273318178064,5.63118409574239,-1.17429137867423,-0.24,0.16,0.46,2.22704012554476,-7.38315007035471,6.09819617924603,0.465079570175382,-0.339764198313716,0.62277721105314,0.432610864674093,2.21022887407049,56.45758848,0.0423309916175614,0.0423329772049359,0.070559110399475,0.0070997554353978,0.00712716275370852,0.00302407824789169,0.00082075083637899,141,0
1,56.557734912,accepted,3.71400360232445,-0.037548383801302,-0.473622580882857,-1.66538195611377,0.448724663031832,-0.565671713308427,-0.0908573197153176,0.00924134735040116,-7.45115302730799,5.68671837455898,-1.1582600575272,0.15,0.12,0.35,2.22354946704078,-7.38767618863931,6.11315742862718,0.4729117747614,-0.281093001035658,0.659587181875477,0.436009725352251,2.21444834818953,56.557734912,0.0425832905031875,0.0425861183283651,0.0706930643257591,0.00716115611054761,0.00713801847836569,0.00301700696727942,0.000813703361535969,142,0
1,56.657904384,accepted,7.67357770582846,-0.0305233843519712,-0.520328398446318,-1.65567670284566,0.546754644934257,-0.918456399476152,-0.0384178700538188,0.00533368569350978,-7.45115305068296,5.66450464671905,-1.14222504816451,0.2,-0.13,0.33,2.22180413778878,-7.38505676202157,6.10900933415605,0.482272762069001,-0.323097966887094,0.744105415931629,0.364968508050602,2.21671304327716,56.657904384,0.0427689005309858,0.0427721929142308,0.0707730194389419,0.00720950641909341,0.00714148081929946,0.00302202913977586,0.000806884642001562,143,0
1,56.760070656,accepted,9.32903198649642,-0.0841109236139754,-0.586675455063264,-1.64323420149651,0.726869266401776,-0.861394176837721,-0.105155536292363,0.00764338187916858,-7.50104923572165,5.59786351284152,-1.12587039344425,0.39,-0.09,0.27,2.22180413778878,-7.36530147674468,6.10411251652507,0.481730741101632,-0.302059103104197,0.72529011353012,0.370426438667149,2.2138591432172,56.760070656,0.0429092055871758,0.0429123561678185,0.0708251294097297,0.007176788190629,0.00711542052261209,0.00300722627960571,0.000801416124141533,144,0
1,56.876206592,accepted,2.74119824655094,-0.0547339769847737,-0.579246912183487,-1.62716406195893,0.441961659179291,-0.452986002761225,0.115966029943693,0.0112272537409268,-7.46778513711098,5.62007720556242,-1.10727949160637,-0.02,0.42,0.43,2.22354946704078,-7.39164483643145,6.15916654809128,0.496497009097986,-0.447572067194577,0.853424940986096,0.31236037044615,2.21239154299796,56.876206592,0.0436060451723342,0.043609020348328,0.0713593158697817,0.00738611443588644,0.00731200234890163,0.00304837553673671,0.000797982075997762,145,0
1,56.95836672,accepted,12.4725135827297,-0.0320434062465722,-0.616462379207191,-1.61795848661378,0.941362505480398,-0.826172196730115,-0.225281811629651,0.00422492188849377,-7.45946911804544,5.62007719704147,-1.09412739650777,0.54,0.09,0.18,2.22005880853679,-7.35084421598369,6.15142935776012,0.479259089468354,-0.35090291194869,0.868385223037343,0.398112049480878,2.21431304473827,56.95836672,0.0432163541344389,0.0432190703779665,0.0709559824314346,0.00727807533711122,0.00714798483713678,0.0030134844824199,0.000787409767270739,146,0
1,57.058518784,accepted,6.08460348351542,-0.0781556914845423,-0.659869833221462,-1.59985275667581,0.122671908770062,-1.00564185855211,-0.0708777159879508,0.00929270621787914,-7.45946916427484,5.57564974006628,-1.07809517379692,-0.09,-0.23,0.3,2.22005880853679,-7.37659769944487,6.15831051094715,0.490120331109219,-0.20913631227751,0.733264670256852,0.366755973805426,2.21152910521489,57.058518784,0.0435043846536033,0.0435061419734773,0.0711285330177617,0.00720462933554456,0.00712120435334173,0.00298508730648386,0.000782735378661394,147,0
1,57.158654976,accepted,5.65827486512205,-0.0428744208050658,-0.669435761740952,-1.58261159011919,0.305576117548291,-0.961167486036285,0.103591553719406,0.0268883719634214,-7.44283713815019,5.56454285780665,-1.06206549185686,0,-0.13,0.4,2.22704012554476,-7.38486141574017,6.1627642034379,0.497703782457867,-0.29600649029092,0.79296012778991,0.294914633063867,2.20114085591856,57.158654976,0.0438421040429012,0.0438428706673838,0.0713418405698993,0.00728907574296576,0.00718649427428312,0.00299801922263589,0.000779796898495858,148,0
1,57.258828032,accepted,1.65357115189355,-0.000955501560586214,-0.659963779293539,-1.56971093118811,0.34146444840202,-0.308204901290006,-0.0785154479080266,0.0192948941247013,-7.41788905564303,5.58675656104207,-1.04602990877173,0.01,0.52,0.14,2.22354946704078,-7.40283087977601,6.21477467148305,0.492913686069965,-0.322732028368445,0.815144982322527,0.214119066898535,2.20451147953964,57.258828032,0.0443366188351565,0.04433508491245,0.0716693348889933,0.00738316056284457,0.00728858906726156,0.00300192763577073,0.000773639951343764,149,0
1,57.358966016,accepted,8.21632243749584,0.0636817025796281,-0.700778908177653,-1.54368360090665,0.576548760397963,-0.943468240887691,-0.159155864761777,0.012750153996008,-7.37630895011251,5.59786338296164,-1.02999993232208,0.2,-0.1,0.08,2.22005880853679,-7.39728091420083,6.21121199499264,0.476941455786136,-0.350780985192263,0.796151685768946,0.233666555684085,2.20754221574048,57.358966016,0.0444866071261389,0.0444843833100643,0.0717410647384391,0.00735281502344297,0.00728220497208518,0.00298695114280037,0.00076709493846576,150,0
1,57.459065344,accepted,5.43560468075473,0.0719399946918582,-0.715918272937411,-1.50962962916199,0.469330918380762,-0.876655933381339,0.00725912336031734,0.0138542302148226,-7.35967693444729,5.57564963661356,-1.01193456188008,0.15,-0.09,0.2,2.22180413778878,-7.40326502499041,6.22135120767027,0.471451068385745,-0.302717711648985,0.750553314990016,0.189935881236307,2.20825744536809,57.459065344,0.0448194195712793,0.0448160962702225,0.0719475293204954,0.00735278463858727,0.00729728102308223,0.00297612642605617,0.000762192922136551,151,0
1,57.559217664,accepted,3.70717281239256,0.0682516761334071,-0.749271790600507,-1.48096850412557,0.31476677822911,-0.732774365754354,0.143387341456106,0.0219253869759397,-7.35967696880223,5.54232904459111,-0.993859627736413,0.1,-0.06,0.27,2.22529479629277,-7.40938270461035,6.23063496973997,0.46723178909506,-0.204250693057479,0.643043414992642,0.125346803906371,2.2038496537956,57.559217664,0.0451947005061521,0.0451905136711666,0.0721882284113349,0.0073315950397726,0.00731646629914404,0.00295445992647196,0.000759027653791208,152,0
1,57.657356544,accepted,4.02935883912765,0.0823931951140757,-0.758108429833779,-1.4534666687576,0.168543360883702,-0.772085682631246,0.236931584713068,0.0309608409088962,-7.34304494267758,5.53122216163677,-0.976148068054783,-0.06,-0.09,0.36,2.22878545479676,-7.4134137371443,6.22222776347672,0.462901662999453,-0.222287982113982,0.648839552346649,0.123334262119336,2.19869120607159,57.657356544,0.0454681822943208,0.045464824214629,0.0723509251724298,0.00736284722092497,0.00734627191203217,0.00294510560510184,0.000755833069242715,153,0
1,57.759468032,accepted,2.30065202224859,0.0778605462046462,-0.744415573886577,-1.42729480189898,0.504802339301344,-0.252872547102403,0.166329781206867,0.022599567407446,-7.36799297624261,5.55343591668778,-0.957719554158025,0.11,0.59,0.19,2.22529479629277,-7.41712347591024,6.26229008111576,0.451188498569168,-0.378309374602684,0.828903434849975,0.0226211372295337,2.20269754632713,57.759468032,0.0459052790431092,0.0459020823742367,0.0726421449079284,0.00749948492939498,0.00742772785982257,0.0029681705511976,0.000749676256420201,154,0
1,57.86960896,accepted,2.45965432192377,0.0715247581079241,-0.743780776198514,-1.40441854907349,-0.143118639118116,-0.460943479229132,0.0562255173853694,0.00850405666632437,-7.37630895011251,5.59786338296164,-0.937841931551546,-0.32,0.19,0.26,2.2165681500328,-7.45876576996878,6.27744564668147,0.445561609717533,-0.184217650778125,0.619863975401962,0.201847221831384,2.20857761299748,57.86960896,0.04605262105224,0.0460490956502273,0.0727653671424786,0.00733860631767964,0.00734510478811924,0.00291031559871553,0.000744677830365294,155,0
1,57.957762816,accepted,2.03182130821615,0.0754537555989705,-0.722037143191557,-1.38118865278155,0.118630637131822,-0.484984580378933,0.17487381106965,0.0179434371652039,-7.39294097584859,5.60897026435566,-0.921932413512316,-0.04,0.13,0.29,2.22005880853679,-7.45953378566175,6.28208664522221,0.442567732610636,-0.154158382895851,0.592945432448413,0.114299163514747,2.20245099382842,57.957762816,0.0461065774004568,0.0461027042841673,0.0727387470965905,0.00729553328291813,0.00731385013255388,0.00289713528850676,0.000740393631341969,156,0
1,58.057889536,accepted,2.01249983050167,0.0900257740686916,-0.713070754637827,-1.35846104966439,0.0706976849065751,-0.428837837355616,0.166041112526482,0.0191100654922636,-7.39294095298685,5.63118399237269,-0.903862099514377,-0.22,0.22,0.23,2.22005880853679,-7.47513147294711,6.29119214471281,0.440302051007394,-0.287038692659155,0.624362493907573,0.0637785419000989,2.20152758384933,58.057889536,0.0462314033038459,0.0462279766828021,0.0728043982638622,0.00724909546180994,0.00726509088497599,0.00288548582334205,0.000736315982232381,157,0
1,58.158059008,accepted,6.95494073956726,0.0925826964427845,-0.719365123785146,-1.33093859187588,0.218243361585582,-0.819619913574169,0.0533942628101509,0.00913621772119377,-7.417888998309,5.64229088288829,-0.885784069873061,-0.24,0,0.11,2.2148228207808,-7.48357712445199,6.24882558509967,0.426785151236443,-0.44371527451299,0.760146383492776,0.0558541069983773,2.20661165134249,58.158059008,0.0458640664710774,0.0458627761081913,0.0725323592966598,0.00710677810850286,0.00708423040687157,0.00286889330747197,0.000729949990692193,158,0
1,58.258215168,accepted,1.30376288503068,0.0906032406370549,-0.656192291023443,-1.29375951127654,0.290054481073548,-0.180269285584674,0.147325311003848,-0.000293860578170158,-7.43452101513264,5.66450462932558,-0.867708442707531,-0.09,0.47,0.02,2.20958683302482,-7.50600631040147,6.29102922389854,0.409668846326783,-0.369830848644592,0.639233841260636,-0.128379653002451,2.20973247738009,58.258215168,0.0462001196492664,0.0461983590539311,0.072736616146571,0.00703804683016184,0.00705886062273708,0.00284664471641728,0.000724923655961997,159,0
1,58.35633408,accepted,1.50273440286656,0.0619291988050614,-0.671399424213877,-1.24786864215859,-0.109327531094044,-0.291151114601501,0.190693842690837,0.0110876139255298,-7.46778507925641,5.67561152750272,-0.850000486739575,-0.17,0.16,0.21,2.2148228207808,-7.53658470475386,6.30371856226282,0.388027068865272,-0.0652015142640912,0.432404619596434,0.019875479017586,2.20378111336481,58.35633408,0.0461844367167501,0.046182623155342,0.0726992090867337,0.00695013144816135,0.00702447731591248,0.00280061060874403,0.000722034569285847,160,0
1,58.458476288,accepted,2.19863606219697,0.0482891358880755,-0.682606807969741,-1.26612213173151,0.0582078733229695,-0.546225329215244,0.0923728506896883,0.0258794293204203,-7.49273314691977,5.66450469009536,-0.871417606106597,-0.03,-0.06,0.26,2.22005880853679,-7.53602610610744,6.29275757338397,0.376681340591363,-0.085791829790428,0.461374476982963,0.166054045768735,2.19443744042799,58.458476288,0.0464839464877217,0.0464842249835642,0.0728937829874105,0.00699813401800055,0.0070671634357213,0.00279445510184115,0.00072083680633739,161,0
1,58.558673152,accepted,1.07594270304338,0.0479145549010145,-0.667728839085242,-1.28223427709368,0.250139230579623,0.0441676023936515,0.140395774505341,0.019275771887477,-7.50936517316908,5.67561157097179,-0.892427859095456,-0.04,0.52,0.25,2.21831347928479,-7.54173082547138,6.32569103693388,0.373012053413872,-0.281724094054348,0.471919715392294,0.108265580256005,2.19947110351723,58.558673152,0.0468059986417941,0.0468069856265304,0.0730967169197865,0.00701054263722352,0.00705703635792181,0.00278735413012435,0.000715649213967769,162,0
1,58.658825728,accepted,0.962452598376307,0.0212350423627026,-0.651518959183292,-1.28298023068162,-0.023455757571572,0.0121777914293134,0.222185608424484,0.00904792628350481,-7.55094522072769,5.72003907140984,-0.913428825345711,-0.31,0.5,0.13,2.21307749152881,-7.57315713755835,6.35261582431727,0.359001293402747,-0.287267467957575,0.483053816486561,-0.0918679586434557,2.20426476599334,58.658825728,0.0469403811599983,0.0469438434405761,0.0731775913512154,0.00693733798273275,0.00698347839928257,0.00277209036061454,0.000710347547297088,163,0
1,58.758974208,accepted,2.26112984088668,0.0166503456441074,-0.659409203520524,-1.29612266118997,0.234163738673697,-0.46932216588462,0.0120395629641582,-0.00222330404059523,-7.59252528120183,5.75335970879111,-0.934428932706851,-0.2,0.24,0.18,2.20609617452083,-7.59102189619056,6.35735043039098,0.3391243326505,-0.424146386102918,0.684104769029119,0.165354306085345,2.20829487892994,58.758974208,0.0470030684653435,0.0470086534016774,0.0732171043973356,0.00697110647506523,0.00698894884096114,0.0027804470110222,0.000705329879546548,164,0
1,58.873129216,accepted,3.78577403701761,-0.00378261858658746,-0.685737432713096,-1.32000599701401,0.280512997851872,-0.660880852504864,0.101323445566153,-0.0128891480542679,-7.64242139612291,5.75335976163569,-0.958366065090807,-0.07,0.03,0.26,2.20086018676485,-7.61709306414755,6.36722820543549,0.344305663821449,-0.338487550172657,0.656992548715859,0.157618700293522,2.21329958485363,58.873129216,0.0473927974423569,0.0473988730315197,0.0735278269400437,0.00694593055179548,0.00696335275301748,0.00277504002705283,0.000702556254179665,165,0
1,58.959282944,accepted,1.80233904651858,-0.0378678976328795,-0.663021663089513,-1.33109327104235,0.094379622719265,-0.380516682564177,0.202821193475502,0.000388814667151571,-7.67568547084538,5.75335979727231,-0.976431616735347,-0.05,0.09,0.29,2.20609617452083,-7.63203749021479,6.36841552257655,0.342656536813331,-0.14088617008092,0.449761103833905,0.0872957992718691,2.20545634892881,58.959282944,0.047138387458952,0.0471436693166669,0.0733025432369917,0.00681165201003414,0.00687848066804125,0.00273005299066981,0.00069826391285048,166,0
1,59.059381504,accepted,1.78646772110932,-0.0576732857711084,-0.631687299614339,-1.343406516323,-0.0852909396528086,-0.00793668794262953,0.424951099328633,0.0239833176730153,-7.7006335032593,5.77557355335231,-0.997421256385351,-0.19,0.35,0.37,2.2165681500328,-7.65075455967205,6.38723240011457,0.345920494077057,-0.108362818691913,0.352614287576284,-0.051740915400023,2.19309720127481,59.059381504,0.0472491308386426,0.0472553552472181,0.0733735526680402,0.00675858154201336,0.00682623213933172,0.00270607861383917,0.000697365051235136,167,0
1,59.159548416,accepted,2.21003852392517,-0.0608149778093576,-0.588283424071591,-1.36037673460792,0.0772808454057397,0.496614798967016,0.276334134329929,0.0204546778477206,-7.72558149951468,5.83110790075874,-1.01842522874753,-0.11,0.76,0.19,2.21307749152881,-7.66224123653276,6.43011098055833,0.329873793039995,-0.185148947844255,0.274489581761907,-0.0863684233578157,2.19342347982282,59.159548416,0.0475133267704906,0.0475215707598731,0.0735510078775168,0.0067888482090489,0.00681225165467885,0.00269219768903467,0.000693158909850156,168,0
1,59.257677056,accepted,1.93064515066494,-0.0691855454405497,-0.586588987351921,-1.34779144585535,0.353382956983334,-0.179300643605438,0.293379079325133,0.00879088823982421,-7.75052950700664,5.87553538511324,-1.03900179641189,0.16,0.26,0.01,2.20609617452083,-7.66005388850867,6.43203185838901,0.300079899788992,-0.181278595927642,0.428105230336722,-0.28245103857054,2.19749743618214,59.257677056,0.0476105932450318,0.0476224535670388,0.073614376086922,0.00670257142322887,0.00675477416339369,0.00268627138029708,0.000687572218748601,169,0
1,59.357817856,accepted,1.55367772268195,-0.075787254387726,-0.564225016483508,-1.33472500294261,0.293057031902392,-0.0897851544135501,0.249675364934313,-0.000936377340951644,-7.75052947072344,5.90885597851758,-1.0599996220886,0.22,0.27,0.01,2.20086018676485,-7.65534442872015,6.44893017724328,0.265457689051677,-0.0619985698285979,0.35162746267839,-0.23899034410636,2.20186782932091,59.357817856,0.0476519709100792,0.047664424816757,0.0736506465074957,0.00666992687371399,0.00674150421215448,0.0026645917063388,0.000682827689893711,170,0
1,59.460003328,accepted,2.61487078593484,-0.0967222320068641,-0.523616940645283,-1.26852740530708,-0.142428155098993,0.378908199348206,0.538868140935927,0.0105356660579057,-7.75052942282238,5.95328343592114,-1.03239629505163,-0.03,0.56,0.29,2.20609617452083,-7.66498141649471,6.48196350614415,0.237181821526417,0.107535421734559,0.188515327280574,-0.245673666167031,2.19617827010631,59.460003328,0.047962511632557,0.0479773398372002,0.0738751782040942,0.00674849239625806,0.00684531391433908,0.00265415332259003,0.000679978460155646,171,0
1,59.558138112,accepted,3.85748659663483,-0.0935153841765315,-0.500494032199772,-1.21423586719706,-0.168847339960509,0.0490291148259705,0.738611602274648,0.0209455505441487,-7.74221335817992,5.99771088401629,-1.00588717899592,0.11,0.17,0.47,2.20958683302482,-7.66406863649634,6.48608725731339,0.229216548217441,0.271659677992288,0.118893200661932,-0.260331527496349,2.18894117036803,59.558138112,0.0479617321468763,0.047977743413911,0.0738803627225519,0.00672586386380957,0.00690002503449986,0.00264363267360631,0.000676204894212786,172,0
1,59.658278656,accepted,2.33518970552365,-0.131718878289479,-0.474232232375382,-1.18634039101652,-0.338379691967528,0.123323913745836,0.507460265933787,0.0183839242437482,-7.76716137728974,6.03103150298216,-0.978836247668887,-0.1,0.4,0.32,2.20958683302482,-7.65997248815287,6.49772408773841,0.209939954827024,0.226674029464965,0.276840113168199,-0.184082396083614,2.19154709719695,59.658278656,0.0481672181465769,0.0481864319311452,0.0740288199503917,0.00666766658726539,0.00687236141831,0.00263954931923347,0.000671591647854804,173,0
1,59.758432256,accepted,1.21212389938465,-0.131213332850355,-0.458619053557189,-1.14811260009526,-0.000600302177477495,-0.193337515627352,0.341339487094433,-5.55862127114004e-05,-7.78379336624399,6.07545897983985,-0.95178178952898,-0.04,0.24,0.22,2.20435084526884,-7.65670432851438,6.50753565643034,0.192206005658055,-0.0404993406572439,0.423135221441349,-0.119776248169186,2.20421101053763,59.758432256,0.0483440505275902,0.0483656432493577,0.0741595997863502,0.00662938323932146,0.00671076357646765,0.00263171005466927,0.00066622615907555,174,0
1,59.87054976,accepted,2.1082128307849,-0.141949943797325,-0.423820594801341,-1.09219863276941,-0.251008389307384,0.028896300739562,0.518997766639264,-0.00654734695502501,-7.79210933599344,6.11988644593395,-0.921495526042506,-0.09,0.32,0.25,2.20260551601684,-7.6710723428642,6.53205772822252,0.177385425627472,0.151246717025775,0.288368393626161,-0.264800257047274,2.2088427482424,59.87054976,0.0487738591380345,0.0487977075934354,0.0745049698292281,0.00665409288319175,0.00680526878316498,0.00262523832224516,0.000663217758275262,175,0
1,59.958686208,accepted,4.67124007585857,-0.147228574616883,-0.385643477197463,-1.04186235630781,-0.156951311681559,0.114652110284175,0.909723003927361,0.00663025359289371,-7.80042529386112,6.17542077516785,-0.897687257113418,0.04,0.47,0.48,2.20784150377283,-7.66793305285117,6.55594178945106,0.171052166559211,0.190648823301248,0.355989935285484,-0.420461840833003,2.20143301795295,59.958686208,0.0486177368017992,0.0486424817617586,0.0743756079995819,0.0065607696542152,0.00675099558337074,0.00261613797310658,0.00065881503849581,176,0
1,60.058899968,accepted,5.37396856863552,-0.114587678254242,-0.380467993957113,-1.00191970094164,0.0024118517910877,-0.386779579390634,0.808967812218728,-0.000524734766612855,-7.77547719082367,6.21984820605637,-0.870616547973029,0,0.07,0.45,2.20435084526884,-7.66424585610304,6.55688828219323,0.165273114770935,-0.00323517797398997,0.437393457640831,-0.348019925151932,2.20429468154497,60.058899968,0.0485398061748484,0.048564911448399,0.074347559186792,0.00647127592741176,0.00656117940794427,0.00260272469493452,0.000654861964998381,177,0
1,60.159026688,accepted,1.1275675473014,-0.134627707722053,-0.355877334055846,-0.978218988642447,0.001921946514439,-0.0237785634156123,0.396100716953982,-0.00437134079401158,-7.80042522117737,6.24206196100444,-0.843569350918443,0.02,0.38,0.12,2.20260551601684,-7.66994354226108,6.58505650071731,0.136981306160421,0.0170192733883833,0.400011065985768,-0.27333764302609,2.20684671730725,60.159026688,0.0486626823927065,0.0486887717618924,0.0744491493817606,0.00646291940100013,0.00655226142627765,0.00259276739902815,0.000651278892178403,178,0
1,60.259172864,accepted,4.45969387779704,-0.126669687412515,-0.34459376870572,-0.914794238545596,-0.0260627926281955,-0.11613002908704,0.849861257064533,0.000908724707883835,-7.79210916673773,6.27538254596464,-0.816516898221153,0.1,0.19,0.25,2.20435084526884,-7.6714288465158,6.60056862761318,0.130625795586991,0.124010644803883,0.299028455141558,-0.589672107353373,2.20321771579591,60.259172864,0.0486853456487417,0.0487113901720915,0.074483276460787,0.00640731660662575,0.00652293411408116,0.00257088751484729,0.000647761263280379,179,0
1,60.357335552,accepted,7.75477076628125,-0.140517963721208,-0.332827969066344,-0.846162389479351,-0.000698280775001836,-0.165098678376017,1.07617923941693,0.0103719547633507,-7.80042516088861,6.29759628318362,-0.79000024446735,0.16,0.12,0.29,2.20784150377283,-7.66461156803527,6.60658161045476,0.110186371954677,0.159468885722715,0.275838428705925,-0.770741116073929,2.19731784490897,60.357335552,0.048541911055532,0.0485673634363119,0.0744054310534858,0.00632186646259306,0.00644416177178126,0.0025503270254769,0.000644231831413011,180,0
1,60.45748608,accepted,3.57469251539596,-0.105969176885719,-0.28371449214657,-0.866322834101343,0.107838381504779,0.12767276234054,0.644837904205841,0.0167998444541961,-7.75052900155633,6.34202368746788,-0.814000353668057,0.32,0.24,0.24,2.21133216227682,-7.63807444076005,6.62885477493129,0.0853364653856022,0.216654820134547,0.11657546635505,-0.39473251538807,2.19540250508602,60.45748608,0.0482679430003346,0.0482916282818197,0.0742481065942904,0.00629439198872185,0.00636819020771434,0.00250956734849672,0.000640131062264042,181,0
1,60.55762688,accepted,5.55047212815432,-0.127141288764274,-0.307752241856143,-0.881132388449349,0.169875937863154,-0.273877886179533,0.795221817460672,0.0184500981741258,-7.75052900155633,6.34202368746788,-0.837998592948509,0.31,-0.07,0.47,2.21133216227682,-7.61241200094833,6.61572587419843,0.08505214618985,0.146656625101525,0.189308484182472,-0.312974815807001,2.19293593800711,60.55762688,0.0480514429866959,0.0480743417812738,0.0741214685806972,0.00615571869977644,0.00621523320990814,0.0024899455090228,0.000636478028817597,182,0
1,60.657796352,accepted,3.15426601525993,-0.153966707654734,-0.250036941100684,-0.914780619517586,-0.0704159670858452,0.338162887006621,0.553373741437565,0.0168321298573604,-7.74221294943353,6.37534426982771,-0.862003703329627,0.18,0.42,0.13,2.21133216227682,-7.59912511365301,6.6458242758181,0.0735449188719361,0.246639670664492,0.0944259099801002,-0.416220959817107,2.19546782230107,60.657796352,0.0479126379585488,0.0479353241759493,0.0740380330497013,0.00610925520198809,0.00617249312060155,0.00246335502323348,0.000632069976090004,183,0
1,60.75793024,accepted,3.20477822267244,-0.19752426762391,-0.27629768793205,-0.924102473273556,-0.322934315760897,-0.315122628808249,0.457798206394198,0.0217274269547567,-7.75884498589297,6.37534428799271,-0.886000286184029,0.1,-0.24,0.2,2.21307749152881,-7.59569355541296,6.615599650182,0.0539310774903655,0.40691842624727,0.0586543538236234,-0.251886076216724,2.19015377786737,60.75793024,0.0477175403393327,0.0477395267806286,0.0739173415734946,0.00603887932042403,0.00620911555292107,0.00244906482176795,0.000627776399341371,184,0
1,60.872106496,accepted,1.0860468357275,-0.212994719011634,-0.249684884803496,-0.950103858754791,-0.0513889027090401,-0.0328860863908001,0.31988769353919,0.0242002373660459,-7.76716101542525,6.36423743354344,-0.9133620519342,0.14,-0.01,0.16,2.21307749152881,-7.5654321660163,6.60331519099901,0.0424720132526967,0.187612785588644,0.0196909373453654,-0.156518591135619,2.18917706848689,60.872106496,0.047837489600504,0.0478621418902907,0.0740562982537591,0.00600578514196593,0.0059970843739636,0.00242017946303453,0.000625271380714741,185,0
1,60.964266752,accepted,0.729121083417048,-0.283739404819129,-0.274666312253357,-0.96378139235009,-0.0654314208545922,0.182192619298429,-0.000866785275995735,0.0137720666559455,-7.83368919895391,6.33091691290069,-0.935447793965778,0.13,0.17,-0.16,2.20958683302482,-7.56718948662058,6.62042823893457,0.0103738154212846,0.189426315604324,-0.00258784686478626,-0.161472267937039,2.1964241367225,60.964266752,0.0469291409435792,0.0469481623019797,0.0734137559781438,0.0057759322822121,0.00575327768890617,0.00237122636005187,0.000618864562563877,186,0
1,61.060388608,accepted,1.09382486355035,-0.232437287631843,-0.284047314042712,-0.951959488016468,-0.147271665545815,-0.262255314792295,-0.0363570386785703,0.00348343925743722,-7.79210908231146,6.35313059648897,-0.958482913521145,-0.05,-0.04,-0.21,2.20609617452083,-7.58207477265211,6.6011908333916,-0.0270138245183316,0.0879444890443263,0.206712131920427,-0.176718947888253,2.20200504818723,61.060388608,0.0464162240196801,0.0464332808019872,0.073050022996377,0.00553060453351001,0.00555808048903599,0.00235081364857749,0.00061467759851981,187,0
1,61.160482048,accepted,0.513877596794159,-0.22334080772505,-0.261003499213816,-0.932217248861966,0.130867609685306,-0.0104436545340271,0.0785468798057737,-0.00281743515237931,-7.80042508821216,6.36423746944372,-0.982469803215693,0.05,0.33,-0.15,2.20435084526884,-7.5701278274974,6.61602535033491,-0.0599032104599,-0.0757722355673685,0.33797034137889,-0.228976721237097,2.20717534974645,61.160482048,0.0459528044262094,0.0459697352518842,0.0727292439525278,0.00535929680434101,0.00536104242422029,0.00233650926328412,0.000611800540577491,188,0
1,61.258651904,accepted,1.39938080706454,-0.197679461274875,-0.256700931250293,-0.928700992153564,0.194897488557561,-0.25720110169295,-0.0568344757057725,-0.00282281924085082,-7.76716099141239,6.38645116189477,-1.00599571567511,0.21,0.1,-0.19,2.20609617452083,-7.55236378675517,6.60458477955661,-0.0996914200211912,0.0248738954655834,0.340424745346777,-0.136767204241955,2.20855895933906,61.258651904,0.0453002558835481,0.0453149771613292,0.0722537404941109,0.00519770855525146,0.00522036894672033,0.00230248956706255,0.000608757670870504,189,0
1,61.35881856,accepted,5.52788791825566,-0.220629911890915,-0.267896843355807,-0.914788793014184,0.383389945046137,-0.591926731130043,0.0560602537742101,0.00191142964390334,-7.77547702196383,6.37534430598679,-1.03000028979329,0.33,-0.2,-0.15,2.20958683302482,-7.5171511780851,6.56633141422238,-0.125198403734763,-0.0335144222162491,0.356880403031729,-0.206724511137031,2.20718136059808,61.35881856,0.0447326366747559,0.0447459191709078,0.0718341101020943,0.0050334656759944,0.00503821181539715,0.00227969970083824,0.000606145076055883,190,0
1,61.458955776,accepted,6.18263433611926,-0.224160198952708,-0.261413173968249,-0.938676481036811,0.369567377949739,-0.575631962528258,-0.302928748097789,0.00599849456049517,-7.75052900155633,6.34202368746788,-1.0759893439655,0.23,-0.18,-0.29,2.21133216227682,-7.49133206607305,6.53020968233214,-0.184276163915293,-0.120992679585945,0.3624205879325,0.0033446100449113,2.20525943728482,61.458955776,0.0441943625345015,0.0442067502392211,0.0714297395621088,0.0049215022525318,0.00491040514112888,0.00226132074656675,0.000603664470967514,191,0
1,61.559132928,accepted,2.36417211437672,-0.233568508561142,-0.231561344213607,-0.939943745197424,0.22923160248618,-0.312841359582591,-0.214254901562208,0.0144662605434167,-7.7338969799407,6.33091680416952,-1.12199673915957,0.2,-0.04,-0.21,2.2148228207808,-7.48203826079411,6.52078631017207,-0.219943784430223,-0.0186589187149615,0.254661636306113,-0.00307936179549345,2.2004909642447,61.559132928,0.0436920231224874,0.0437026178332746,0.0710421622079449,0.00479845175087559,0.00479157049511368,0.0022089238269985,0.000601179587983398,192,0
1,61.659339264,accepted,3.10892856546847,-0.229142327192832,-0.222270786760541,-0.958301057346608,0.295188008136635,-0.227505087898588,-0.351938451794611,0.0258038284624988,-7.70894893513177,6.31980991313633,-1.16801753740808,0.32,0.03,-0.18,2.21831347928479,-7.45470540996707,6.51066471285318,-0.261328222520325,0.0386499337452093,0.24429748809266,0.161389695950221,2.19294395228106,61.659339264,0.0432129701221349,0.0432225259638697,0.0706683687166063,0.00470610115463631,0.00470540608147082,0.00217074108088409,0.000599008997686109,193,0
1,61.759557888,accepted,4.3820791442861,-0.229615575239544,-0.223136102055854,-0.966980179201874,0.345623884229811,-0.338018425308139,-0.386440274375395,0.0207630658730906,-7.68400088115379,6.3198098860158,-1.21404397904792,0.32,-0.01,-0.23,2.2148228207808,-7.42459849522393,6.50032203460326,-0.301663867864124,-0.00963340173280656,0.309466421966517,0.14522931618753,2.19425241379206,61.759557888,0.0427601556143145,0.0427690109433885,0.0703084335466089,0.00458650619537999,0.00457793329198341,0.00214825279593085,0.00059609955521253,194,0
1,61.877765888,accepted,7.60785561467932,-0.197420898813993,-0.235560390177939,-0.98570050867525,0.512279061910886,-0.363213127504994,-0.539725125120774,0.00908980019459538,-7.64242080259815,6.30870297689577,-1.26833222804007,0.34,-0.05,-0.36,2.20784150377283,-7.39716514711279,6.49891787312274,-0.352253534721087,-0.148068124933469,0.293563412505138,0.165019381694627,2.19909299278571,61.877765888,0.0426526799432051,0.042660963293276,0.07027028458499,0.0045197096739624,0.00449921954023482,0.00213458354736512,0.00059470848290287,195,0
1,61.95988224,accepted,5.06925821968994,-0.195383728622054,-0.233928284363598,-0.966653092247408,0.451550212228035,-0.256499767750371,-0.422293564155377,0.00935546346349181,-7.60084073346818,6.28648920429898,-1.30604501366967,0.37,0.03,-0.32,2.20784150377283,-7.36528108983757,6.48723173968783,-0.396492338771275,-0.0609775734363353,0.272605394413941,0.0905251520168925,2.19871058163181,61.95988224,0.0419029788553891,0.0419102375774407,0.0696164932424821,0.00437785003513004,0.00435805691622034,0.00209492702304492,0.000590591677170954,196,0
1,62.06002944,accepted,1.70806189163192,-0.205310910996947,-0.221509595712522,-0.963352407407508,0.33558924059634,-0.0795661085261381,-0.112918003268607,0.0231483696917056,-7.5675766612018,6.28648916899932,-1.35203865309735,0.42,0.05,-0.05,2.21307749152881,-7.33480204316473,6.49341999006063,-0.415919316860507,0.0991611758875904,0.124497959467167,0.0583282375313574,2.1906682855736,62.06002944,0.0415118472941387,0.0415180974586267,0.0692918803811389,0.00430176775635377,0.00428305116138946,0.0020355211723092,0.000588387675940632,197,0
1,62.160098816,accepted,3.19211582472773,-0.226011245824181,-0.235505329223482,-0.983261226380313,0.088820578876591,-0.481766943012585,-0.172919151967763,0.0317091657390667,-7.54262861832844,6.27538227839716,-1.39799655104652,0.28,-0.17,-0.14,2.2165681500328,-7.31453563953439,6.45642068223547,-0.447661141342306,0.193873094602813,0.287882390321881,0.0270184284699599,2.18462780868414,62.160098816,0.0411339355939349,0.041139925357802,0.0689747830853875,0.00419661867073113,0.00421743260798952,0.00202823989031336,0.000586173756083509,198,0
1,62.260288512,accepted,6.79091101845189,-0.227364082609085,-0.224782251711328,-1.00419283519764,0.277611922227487,-0.291394729989828,-0.662376007231859,0.0228962959352526,-7.52599659168326,6.26427539692631,-1.44400970720259,0.44,0.12,-0.52,2.2148228207808,-7.27839951315761,6.45421152661762,-0.518680439210944,0.173635662775406,0.39684405097692,0.125539330474879,2.19176129506368,62.260288512,0.0407717744300399,0.0407773963698863,0.0686702134449175,0.00414325668145964,0.00414325499221118,0.00201987623778832,0.000582686059915995,199,0
1,62.360428544,accepted,4.87354973110277,-0.223980930899842,-0.229998956305894,-0.977008678755138,0.39864497681793,-0.444097298122747,-0.270411773254846,0.0112117475361186,-7.50104853693543,6.26427537058218,-1.49000001428657,0.21,0,-0.24,2.21133216227682,-7.24574713697927,6.44515811809047,-0.554335296797853,-0.172254672850839,0.422824515477191,0.0225555779930694,2.2002957218235,62.360428544,0.0404254818771112,0.040431727865554,0.0683744134675562,0.00406069166671444,0.00403124926942629,0.00201794505337536,0.000579622738121696,200,0
1,62.458617088,accepted,6.52027283976938,-0.22573541423217,-0.242091780368737,-0.961459852548893,0.239431491164812,-0.680678942360818,-0.255439142408378,0.0062879401821343,-7.49273254213936,6.24206163206169,-1.50178805338855,0.05,-0.28,-0.03,2.21133216227682,-7.25116505803837,6.41303902702954,-0.579564301301313,-0.180347043067672,0.369121590411511,0.218153957659873,2.20554190056586,62.458617088,0.0400573647781849,0.0400630557735327,0.0680567503840835,0.00401274097371813,0.00398629882851285,0.00199375216891515,0.000576868080495869,201,0
1,62.558745856,accepted,11.5422851193954,-0.192287380822969,-0.243165131168198,-0.95647586781584,0.7854813307602,-0.605247776810808,-0.272313532560703,0.00237507109991641,-7.47610052931151,6.21984788718737,-1.51380902634868,0.4,-0.08,-0.08,2.20958683302482,-7.21681101556783,6.39982709918873,-0.597617874201232,-0.352496220230249,0.497586913295212,0.184968930099062,2.20715005271628,62.558745856,0.0397371901315519,0.0397428047856999,0.0677798677740918,0.00397024596069228,0.00395840528793007,0.00203092652497035,0.000573895993911309,202,0
1,62.658877952,accepted,7.86374787732405,-0.210733581013536,-0.235681621756493,-0.954532058158537,0.651857503045031,-0.426710368038102,-0.319906441775202,0.0134436338519976,-7.45946850408866,6.20874100527576,-1.5258303988523,0.29,0.05,0.01,2.2165681500328,-7.19542299918051,6.39849783680514,-0.615690078258865,-0.335212690540031,0.457056716518602,0.321521057777836,2.20326716777179,62.658877952,0.0394250834218389,0.0394305316410048,0.0675112169798105,0.00392078988179041,0.00391217622294726,0.00201136277906748,0.000571068483304705,203,0
1,62.759022336,accepted,8.86483062560089,-0.209817280598398,-0.23994152282343,-0.959584854173617,0.726292326683466,-0.423093347074745,-0.308565473668784,0.0237620162532455,-7.4345204612226,6.19763411509712,-1.53785324659344,0.56,-0.25,0.11,2.22180413778878,-7.16531194776837,6.39229551458586,-0.621342383941216,-0.136582355276515,0.153660209758409,0.410612440846721,2.19910390752916,62.759022336,0.0391246198939363,0.039129045095173,0.067252622734108,0.00385404667237629,0.00382583304656141,0.00190863370140601,0.000568996980723654,204,0
1,62.87722112,accepted,2.96522508469659,-0.213031310066889,-0.235614264826208,-0.977043516946977,0.46082170000831,-0.102277561101018,-0.140785997078191,0.0453958376375341,-7.40125640935457,6.17542035101995,-1.55204361780009,0.2,0.04,0.21,2.23053078404875,-7.15308264401936,6.39489737945216,-0.603724768206086,-0.242610859276849,0.136322165983369,0.346151421093683,2.18638185762539,62.87722112,0.0391145885935878,0.0391190534181315,0.0672818217512691,0.00381147885016993,0.00380070914909593,0.0018880044472292,0.000569562080133185,205,0
1,62.959384064,accepted,5.28847528211852,-0.212126608448042,-0.232099571480968,-0.984535951583412,0.63148314119498,-0.233413023602002,-0.0947956143312832,0.0372165467509809,-7.38462437251386,6.17542033380226,-1.56190770129853,0.41,-0.05,0.18,2.22878545479676,-7.12321810255832,6.38022060952851,-0.601781664926168,-0.196717401629094,0.172290737103606,0.271235693288597,2.19267644552278,62.959384064,0.0385433402511799,0.0385474817949121,0.066748723494381,0.00371332051627297,0.00369843890057933,0.00185030388056493,0.00056481621586108,206,0
1,63.05953664,accepted,3.25542666816806,-0.21819420411193,-0.232701661701789,-0.996153590600873,0.495925024027209,-0.0264382631233403,-0.159845275228458,0.0258991979600403,-7.359676328746,6.16431344466501,-1.57393153253135,0.28,0.12,0.09,2.22354946704078,-7.1048512682263,6.38792234434441,-0.608086413480059,-0.197107918228605,0.143872858326427,0.244880319604277,2.1983564047334,63.05953664,0.0382697282872919,0.0382737325684214,0.0665098337154217,0.00366022192553753,0.00364385381617141,0.00181824892507186,0.000561624230541089,207,0
1,63.159672576,accepted,2.33502984053046,-0.239265148445495,-0.236022845811229,-1.00547403748311,0.229745497724049,-0.159548883365887,-0.325740593848927,0.0270445678735722,-7.359676328746,6.16431344466501,-1.5859533660467,0.12,-0.06,0.01,2.22354946704078,-7.10772544857992,6.37970274921449,-0.625095376079034,-0.101964781183351,0.0917793985069983,0.32745157246135,2.19725226489782,63.159672576,0.0380033367280776,0.0380069574117805,0.0662771474614123,0.00363024911668803,0.00359260541592053,0.0017784583110226,0.000559261590135661,208,0
1,63.257859584,accepted,1.61041085891851,-0.20601555034944,-0.259622670388165,-1.00365230721228,0.302404098750492,-0.133566932368622,-0.0942049402481825,0.0235493268851563,-7.32641228824651,6.13099281796564,-1.59774122074401,0.18,0,0.24,2.22180413778878,-7.1007351418471,6.3717033674225,-0.618566000641271,-0.111608073229481,0.126745114764887,0.330556160160419,2.19888929972127,63.257859584,0.0377165766993636,0.0377200277517384,0.0660207822183988,0.00357737316810486,0.00354369180577573,0.00176019750343536,0.000556674220997625,209,0
1,63.359969024,accepted,0.81061722689179,-0.196775521606277,-0.251467476437631,-1.02360009568371,0.120373013421053,0.167358970758051,0.0118970679656822,0.0192172524086685,-7.30146423272884,6.1309927923979,-1.60999998355245,0.23,0.12,0.24,2.22180413778878,-7.10035155547229,6.38920850446251,-0.602283039082254,0.113317545289425,-0.04227480887837,0.22637885709509,2.20323741676171,63.359969024,0.0374953829185118,0.037498220206791,0.0658315469134497,0.00354766674630965,0.00349030101819547,0.0017106372423937,0.000554053058048574,210,0
1,63.460101376,accepted,1.0047789387939,-0.224688775081153,-0.23069229179884,-1.07978011758706,0.0687999344493542,0.22561957546592,0.0221546231839522,0.0308473461049572,-7.30978024004456,6.14209966518308,-1.65351423943061,0.2,0.02,0.37,2.22529479629277,-7.08595686625555,6.38490148870185,-0.589681576296055,0.132902187049548,-0.19816214357693,0.346223616622929,2.19537446391998,63.460101376,0.0372483260449616,0.0372511570035536,0.0656160687337398,0.00357510132801928,0.00346682001601879,0.00167669478486497,0.000551879017834675,211,0
1,63.558271488,accepted,1.04738745321659,-0.246827518192829,-0.223552028886592,-1.14649421924284,0.140910166475242,0.120530296920981,-0.15214822004895,0.0246842199110024,-7.32641227675331,6.14209968197106,-1.6961758120174,0.15,-0.06,0.31,2.22354946704078,-7.0751770169119,6.36907506924904,-0.581166151462157,0.0133239693465275,-0.177208785234927,0.457201967095752,2.19963880152345,63.558271488,0.0369819174660066,0.0369848457196465,0.0653765007765181,0.00353818135220715,0.00342838770264548,0.0016602742441893,0.000548688617365298,212,0
1,63.6584576,accepted,2.93813633741609,-0.268768114972729,-0.199903334304437,-1.20610060875639,-0.115469963436971,0.341561353582509,-0.317496202958493,0.0219736208289332,-7.34304431552958,6.14209969892508,-1.73971347335038,-0.05,-0.05,0.25,2.22354946704078,-7.09161013367829,6.36400750292571,-0.579785063106496,0.0595711053523067,-0.379821083716356,0.559530498127959,2.2017707106094,63.6584576,0.0367513608297741,0.0367540007613995,0.0651736488569595,0.00361313833223823,0.00340952036117622,0.00163256669697219,0.000545282503824102,213,0
1,63.758619648,accepted,3.56072994235134,-0.288962068423429,-0.179958631774073,-1.25726952433432,0.129321643498026,0.391576930075564,-0.3391030892185,0.019959199420768,-7.3763083885658,6.14209973344834,-1.78324067724308,0.11,-0.03,0.1,2.22354946704078,-7.0853605859363,6.34840540304822,-0.574478497987327,-0.0156885412966966,-0.408110540145668,0.430768771363458,2.20441348745151,63.758619648,0.0365283713303748,0.0365310711824371,0.0649740474277537,0.00356112783830526,0.00334417526808111,0.00161601515237041,0.00054193875794843,214,0
1,63.876816896,accepted,3.75852900087434,-0.306271515109006,-0.159080328912626,-1.31303485307524,0.0142522856567181,0.374116241143233,-0.399639666247315,0.0190676672517984,-7.4012564551881,6.13099289483975,-1.83460539887149,-0.11,-0.19,0.05,2.22354946704078,-7.10292236690025,6.31552665729878,-0.575903261315135,-0.125409371354433,-0.551325327743018,0.440212176956621,2.20468904065205,63.876816896,0.0365609033665826,0.0365633694973912,0.065039830581423,0.00363490926533063,0.00333402287079419,0.00160119479173266,0.000539465894027169,215,0
1,63.958952704,accepted,3.71984496582732,-0.291998633385026,-0.164373623569695,-1.32622299012102,0.370816250923177,0.211021139512838,-0.337431661259504,0.0161221284150983,-7.41788851475128,6.10877918318717,-1.87029897875624,-0.07,-0.21,-0.12,2.22180413778878,-7.10506288930396,6.28500470040898,-0.592979347442311,-0.428550310306397,-0.414813585097096,0.20923660429339,2.2066633883466,63.958952704,0.0360890582811516,0.036091636851978,0.0645832181932002,0.00343918152285047,0.00331690961315783,0.00158815527983536,0.000534587737042542,216,0
1,64.059091968,accepted,2.69399380108492,-0.31229566707288,-0.145626023136378,-1.33390690620414,0.29577706559752,0.318865644101296,-0.10303199622708,0.0173593653900737,-7.45946863138644,6.08656549848068,-1.91381628145549,-0.13,-0.28,0.04,2.22354946704078,-7.13296779300024,6.25303787041115,-0.60983072934638,-0.416344215640086,-0.588675417297838,0.139024604461528,2.20702660078308,64.059091968,0.0358801041509852,0.0358821087868414,0.0643977751459368,0.00349828211948514,0.00326568833475396,0.00156513030727623,0.000530576075787106,217,0
1,64.159251712,accepted,5.72306749781709,-0.323455576504503,-0.139280082958853,-1.36618265995485,0.570589394626079,-0.0586012826240958,-0.387690696831883,0.0171765518529963,-7.50936477663746,6.05324495674047,-1.95734248410391,-0.12,-0.62,-0.32,2.22529479629277,-7.15088891131571,6.18372058754769,-0.644204164308116,-0.670629551333265,-0.565922940935192,0.0587537549747108,2.21071062480435,64.159251712,0.0356779126276534,0.0356792806449827,0.0642158006262344,0.00341917868706542,0.00334514256240443,0.00155660059717427,0.000526159791196111,218,0
1,64.257412864,accepted,3.63165136033837,-0.306428073328881,-0.139258847062437,-1.35340717092995,0.49438616907422,0.157685194557193,-0.130941246232294,0.0144414105420223,-7.53431290407634,5.98660379697683,-2.00000028891649,-0.34,-0.51,-0.17,2.22354946704078,-7.19852886430765,6.13395646347066,-0.678797645845604,-0.817656923215904,-0.664194214500408,-0.0434146423768035,2.21069921552207,64.257412864,0.0354525272655815,0.0354532751109166,0.0640109853557354,0.00342590600274249,0.00338725933118149,0.00154158843374888,0.000520935537932644,219,0
1,64.35750784,accepted,6.1689061549293,-0.311551878062685,-0.12584086023041,-1.39097278218697,0.581511201331647,0.0655192773574621,-0.420533016018472,0.0116706536149938,-7.60084109923017,5.94217641206367,-2.07711785989948,-0.38,-0.6,-0.48,2.22180413778878,-7.25391706963408,6.06909323282098,-0.741734042665899,-0.941796260510232,-0.665885764630719,-0.0687516193628456,2.21224545120075,64.35750784,0.035258018042377,0.0352577822954133,0.0638374561362997,0.00337323826060583,0.00343008535411513,0.00153092753224088,0.000515660730274451,220,0
1,64.4576704,accepted,6.44060073590139,-0.316532404147657,-0.106374711597371,-1.40907417671,0.631083642024169,0.133921690511076,-0.35694971895057,0.00982998418313219,-7.67568531602298,5.89774903281229,-2.15428750056792,-0.54,-0.58,-0.37,2.22180413778878,-7.32042059112463,6.01095408411365,-0.795885038324052,-1.14996697257336,-0.711951856809273,-0.0211152880111578,2.21382634441965,64.4576704,0.0350678415971347,0.0350670231747533,0.0636690558657867,0.00335918294303444,0.00355827504206619,0.00152452703845336,0.000509552990051481,221,0
1,64.559813888,accepted,13.4269010813635,-0.283478427613505,-0.11357464491854,-1.43869916166317,0.958302777929578,-0.111341276819069,-0.513864401678,0.00700673429637444,-7.73389753214094,5.82000104613502,-2.23298333527486,-0.42,-0.85,-0.41,2.22005880853679,-7.38608077728573,5.92128912684213,-0.857509791787738,-1.34421936659607,-0.748388410561278,0.0933868106385172,2.21748207536798,64.559813888,0.03490905860962,0.0349071500834157,0.0635309849797888,0.00333983838556343,0.00370761122674519,0.00152194553515811,0.000502782349101291,222,0
1,64.657953024,accepted,7.60078281844441,-0.286566853751945,-0.0959141458796413,-1.44612942276129,0.743671674400667,0.15434768504829,-0.272102847501625,0.00329898420823405,-7.80874177258725,5.75335994144488,-2.30859404111776,-0.7,-0.57,-0.39,2.22005880853679,-7.47469778300236,5.85779119128881,-0.906765114648913,-1.41919653697177,-0.72176452752454,-0.124377243505204,2.21834042324048,64.657953024,0.0347012252228533,0.034698796580734,0.0633409655413767,0.00325426411329178,0.0036991616662135,0.00151100159960593,0.000495989577786219,223,0
1,64.756153856,accepted,5.99483027902373,-0.284913815069852,-0.104856212219531,-1.46679009512285,0.649625082549849,-0.19720642325194,-0.204895648639474,0.000610516605449529,-7.90021806718875,5.67561199210715,-2.38425228027202,-0.83,-1,-0.35,2.21831347928479,-7.5748824372699,5.76230318540279,-0.956596178404619,-1.45703002663775,-0.814292003510618,-0.150677570919635,2.22131204906626,64.756153856,0.0344998627964565,0.0344973109028945,0.0631562268297487,0.00325379860972549,0.00365397833812613,0.00149053980503478,0.000489291652013591,224,0
1,64.87028992,accepted,16.1212878630707,-0.244976967250245,-0.083255197232468,-1.50733812054567,0.925426961372971,-0.246809758468702,-0.722535164139439,-0.00189831064650381,-7.99169437601077,5.58675717899449,-2.47218772287844,-0.6,-1,-0.64,2.21831347928479,-7.68485314908189,5.6480471197269,-1.04455316440375,-1.49357139764173,-0.767237768301512,0.0686757755790509,2.22455575629454,64.87028992,0.0345098448592111,0.034507375899914,0.0631915256945502,0.00320798236576743,0.00363993746619552,0.00148546955184899,0.00048426103117695,225,0
1,64.956400128,accepted,9.04746521367661,-0.265019823859177,-0.104237218025455,-1.50186774838645,0.643875975250431,-0.292779312967737,-0.530801995559846,-0.0073363069787411,-8.07485467984851,5.48679549412213,-2.53853081364255,-0.85,-0.94,-0.51,2.2165681500328,-7.7701625303313,5.56569779616474,-1.10093186384292,-1.47295162043586,-0.660962452102887,0.0098775677013508,2.22695849667395,64.956400128,0.0341555996367277,0.0341533831279611,0.0628461493819824,0.00309222325025774,0.00352098859989338,0.00147849765082103,0.000478402544426524,226,0
1,65.058617856,accepted,15.3743690713334,-0.246472669533397,-0.136989196975624,-1.51820098671844,0.759814446867447,-0.823148574892046,-0.347759007983623,-0.00954645351929928,-8.17464703798801,5.37572696448953,-2.61728384611003,-0.84,-1.18,-0.41,2.2165681500328,-7.87910166916954,5.44741836864788,-1.14939263670277,-1.5756599351055,-0.390600517081796,-0.0703966792474337,2.23142603175432,65.058617856,0.0340204210415989,0.0340184872669727,0.062725677590666,0.00298465535457923,0.00355124151932355,0.00151185712002591,0.000473855835460737,227,0
1,65.156742656,accepted,18.3812380992835,-0.22393505393079,-0.149571512257152,-1.52452980840525,1.02488977657667,-0.763022986453353,-0.141714788368233,-0.0130390453378038,-8.26612336634591,5.27576529068321,-2.69288350686814,-0.62,-0.94,-0.39,2.21831347928479,-7.97351215426037,5.36471771214971,-1.20309324527867,-1.61303229903639,-0.206880951067225,-0.25297103734023,2.23518262309893,65.156742656,0.0338329234254129,0.0338343137649279,0.0625540665711453,0.00294970617297125,0.00351643189770757,0.00153436820879837,0.000469131174811527,228,0
1,65.256834816,accepted,9.94124787537467,-0.22506638881176,-0.147038660979702,-1.54077298293133,0.690689747444299,-0.564404858370321,-0.261510813685773,-0.0179165798042611,-8.35759967211329,5.19801734756627,-2.7699989082809,-0.75,-0.79,-0.45,2.21831347928479,-8.08888152308066,5.29937392681184,-1.27305385583871,-1.41976333157945,-0.246469465345795,-0.195231808442669,2.23832793187811,65.256834816,0.0336729856540796,0.03368051963983,0.0624131899451489,0.00293121220198363,0.00326209762073585,0.00149472348976772,0.000465902375034632,229,0
1,65.358961152,accepted,13.2541451487497,-0.19442528981058,-0.178342378995866,-1.4882916704545,0.748699238748026,-0.782690771251884,-0.057509222841824,-0.0185501358590932,-8.43244395317836,5.10916252035952,-2.78427664521485,-0.69,-0.85,-0.26,2.22005880853679,-8.18924640553954,5.22529967436689,-1.32353258920363,-1.41611183810052,-0.0951114187810961,-0.205781976298793,2.24083084731087,65.358961152,0.0335433926129705,0.0335550739544727,0.0623013396866755,0.00294308651444674,0.00320490706280451,0.00150799116485575,0.000462862349698298,230,0
1,65.457145088,accepted,5.76800082688549,-0.203482945684318,-0.173932482927182,-1.46470209509003,0.346912153091265,-0.600069136168067,-0.0262590589908605,-0.0199546734565708,-8.51560424312075,5.03141456843452,-2.79800235715463,-0.8,-0.84,-0.04,2.22005880853679,-8.2928501091819,5.15691315003546,-1.35794762978548,-1.13694142448117,-0.260487834513168,-0.0165343686347411,2.24120533308466,65.457145088,0.0333683251237004,0.0333841128083495,0.0621398442810391,0.00290873914196184,0.00297687096615654,0.00144727070848192,0.00046093022446234,231,0
1,65.559252992,accepted,5.04578532352173,-0.189102617186611,-0.180134802031666,-1.46348351592614,0.471798217004998,-0.407566030402754,-0.157223876699796,-0.0225627108663371,-8.5904485124506,4.95366660842313,-2.81227662374219,-0.55,-0.63,-0.05,2.21831347928479,-8.37295989705814,5.09930625743606,-1.38310109407196,-1.00768341901828,-0.236303493709187,0.102459344660102,2.24097019479185,65.559252992,0.0332499735726223,0.0332676330551524,0.0620324689990463,0.00290897760374321,0.00289712453456739,0.00143190234856478,0.00045957414986245,232,0
1,65.659418624,accepted,3.94520016623536,-0.19670342224566,-0.187368043690994,-1.45972328215167,0.215395165117102,-0.498787713896179,-0.128217194797432,-0.0220099502679809,-8.6652927726114,4.88702551301912,-2.8262793686627,-0.76,-0.74,0.11,2.21831347928479,-8.45885958751858,5.03328385518103,-1.39849230552647,-0.969593894252179,-0.25796824273671,0.233906778381616,2.24065204348138,65.659418624,0.0331092857265482,0.0331268222953956,0.0619011195730007,0.00290483174728906,0.00286564518928018,0.00141138044664926,0.000458221425303412,233,0
1,65.757555712,accepted,4.58895792136878,-0.187271937787926,-0.178104865742365,-1.47470283264964,0.45558580343302,-0.226432950799596,-0.3325613803052,-0.0222729847174747,-8.73182100040255,4.83149127198001,-2.83999853144405,-0.39,-0.49,0.06,2.21831347928479,-8.51762429104552,4.98839407641513,-1.41239083978872,-0.831935931854964,-0.271515266063817,0.385116316427614,2.24009120905444,65.757555712,0.0329488092218263,0.0329663424898108,0.0617461300074977,0.00290459892257316,0.00282715243126695,0.00139291204577458,0.000456967812218259,234,0
1,65.875702784,accepted,1.29349167001731,-0.192299847028979,-0.166146939972019,-1.49619935225548,0.0288182365509513,-0.11225502800784,-0.226827920570317,-0.0229302629044712,-8.80666521975652,4.79817077225614,-2.8565150079968,-0.74,-0.27,0.32,2.2165681500328,-8.61800912605473,4.95185915177507,-1.39953782577597,-0.768909042015172,-0.161975902959722,0.541004377237904,2.23918033481387,65.875702784,0.0330565542279649,0.0330736255569225,0.061868380796231,0.00295469605363303,0.00284056962039145,0.00139167567211723,0.000456784029391818,235,0
1,65.9598592,accepted,2.91475090183746,-0.199517832275635,-0.165567642264794,-1.51387231098193,0.277165631501821,-0.205334712087773,-0.304047182146429,-0.02267464998069,-8.88150942826979,4.7759571361786,-2.86827973011899,-0.45,-0.39,0.23,2.2165681500328,-8.66818485558531,4.92237606493698,-1.39972197860065,-0.719250546946024,-0.191877853924998,0.527056021642107,2.23858941177633,65.9598592,0.0327226750483513,0.0327392007024974,0.0615332167112586,0.00290597636186029,0.00279797538582512,0.00136361107415868,0.000454672619364807,236,0
1,66.057981696,accepted,2.61306829069655,-0.20417651857295,-0.148269634602475,-1.54193833790209,0.0893720560936026,0.121545019502173,-0.397432361904301,-0.0239339952053728,-8.93140557696187,4.75374346956984,-2.88199685299853,-0.46,-0.06,0.24,2.2148228207808,-8.72682385509118,4.90643403599687,-1.39250307314596,-0.547549862040152,-0.178512490179413,0.628936019729475,2.23843566568498,66.057981696,0.0325744843920704,0.0325890545159449,0.0613843582394443,0.00290368974411553,0.00280896323309388,0.00134515758142492,0.000453202208445592,237,0
1,66.158128384,accepted,3.70835380357196,-0.213909183310189,-0.148945866963205,-1.56772603813056,0.201814403410262,-0.230587299484756,-0.431845884122311,-0.0239644969927437,-8.9896177307848,4.74263667669223,-2.89599694962546,-0.23,-0.31,0.08,2.2148228207808,-8.76771939084975,4.87142366388475,-1.38328061376884,-0.426220963699036,-0.0874824629273009,0.502949012477456,2.23775761342597,66.158128384,0.0324577942563181,0.0324694203683801,0.0612636685800073,0.00288323458512969,0.00279488051727915,0.00133623631745287,0.000451563413748398,238,0
1,66.258296576,accepted,2.73482158502771,-0.212518058887593,-0.152819428433406,-1.57836225144404,0.135138942717764,-0.230646059751819,-0.344633077461613,-0.0217183131712768,-9.0228818382299,4.72042299055605,-2.91000004867729,-0.32,-0.1,0.16,2.2165681500328,-8.80703626727204,4.85308084336749,-1.38042119171395,-0.451500426879654,0.122672395951616,0.497067178264459,2.23729702448017,66.258296576,0.0323415105541866,0.0323490745121447,0.0611450727198468,0.00294204411566714,0.00276884399429293,0.00133857329911236,0.000449609838090198,239,0
1,66.358478848,accepted,1.82307912370775,-0.22003710708162,-0.152698491058771,-1.58425399109311,0.124300483943037,-0.255771328631887,-0.157685416182084,-0.0198975726840391,-9.07277796032107,4.72042305361606,-2.92300431877879,-0.36,0.03,0.22,2.21831347928479,-8.8503716860507,4.85127691739029,-1.37414423463935,-0.480941951237071,0.277071241391774,0.372921105706235,2.23717641013988,66.358478848,0.0322286030246113,0.0322327334695822,0.0610292835215183,0.00297867949520455,0.00272520313783719,0.00133946833538855,0.00044729841453591,240,0
1,66.458621184,accepted,3.20474440908391,-0.212944586093069,-0.148777542240443,-1.60552032391642,0.280046191630592,-0.30875357736048,-0.242032604421993,-0.0236074776684148,-9.10604202605026,4.73152996169378,-2.93600340494383,-0.14,0.04,0.21,2.2148228207808,-8.87971067756282,4.85507997212549,-1.3720600924777,-0.411229468603139,0.338224783106448,0.446063843042515,2.23657897676929,66.458621184,0.0321181578064493,0.0321192959851032,0.0609152759607908,0.00299800043276317,0.0027355546425091,0.00132970800874245,0.000444622310906302,241,0
1,66.558788864,accepted,3.73748478094781,-0.206102456984461,-0.15732535059067,-1.62732854226898,0.248958190930284,-0.249607597986618,-0.394784745147232,-0.0173627726217989,-9.11435804809973,4.73152997227053,-2.9490057809147,-0.01,0.16,0.2,2.21831347928479,-8.89680547471949,4.86756883054135,-1.37428042060537,-0.250987331801934,0.40068245138241,0.586555998743523,2.23391674201902,66.558788864,0.0320092591361141,0.0320070960994339,0.0608033738189367,0.00302901217009479,0.00279622670058775,0.00131955587841474,0.000441841148852138,242,0
1,66.660915968,accepted,3.78598405762677,-0.203315304319151,-0.145343770239029,-1.65335030870043,0.338593409519552,-0.126951535645563,-0.390458404955275,-0.0128448946970967,-9.12267402324986,4.76485057440963,-2.96226250207491,0.12,0.34,0.29,2.22005880853679,-8.90156217137189,4.89769423676111,-1.36146002619534,-0.207781615900715,0.461711282799268,0.672225389053649,2.23110369412844,66.660915968,0.0319284371632544,0.031922286906193,0.0607179961679569,0.00304891415928689,0.00280757599688745,0.00130782458707908,0.000439025977605788,243,0
1,66.75904128,accepted,2.54857949643376,-0.239307816787052,-0.124235391540874,-1.67846434852433,0.175028328929831,-0.164293765482238,-0.329395245771407,-0.009300446754545,-9.15593803394441,4.82038493874009,-2.97499976621922,0.03,0.3,0.31,2.22180413778878,-8.91121005418394,4.9301251979993,-1.34501485956289,-0.139997739745428,0.458273646415029,0.63212416820013,2.22988842693475,66.75904128,0.0318027942569918,0.0317929534646364,0.0605845225584894,0.00299690081731942,0.00280631327406297,0.00128898798725077,0.000435924612968817,244,0
1,66.875233024,accepted,6.78766828128328,-0.246824439591952,-0.0973486690616179,-1.72998935192951,0.275515309306837,0.261401476049233,-0.638236302642043,-0.00887748621605411,-9.16425399708811,4.86481240679161,-2.99008216345752,0.22,0.44,0.16,2.22005880853679,-8.90508289512559,4.97759817446223,-1.33104820240116,-0.0483674524395157,0.186212860064048,0.786490778622673,2.22908090992087,66.875233024,0.0318996000359915,0.0318832279373744,0.0606764123510891,0.00285526793503842,0.00287323188401871,0.00124937942185137,0.000434371849242477,245,0
1,66.959373312,accepted,5.02376825106601,-0.237877462867045,-0.0801844930043689,-1.73234695600042,0.26817257505554,0.284130531092909,-0.487249771230513,-0.00942561345825821,-9.15593792014327,4.90923985401553,-3.00100408616625,0.07,0.41,0.2,2.22005880853679,-8.90625617975172,5.00661072333858,-1.32864108010795,-0.191447999265556,0.133932960921113,0.677772260916271,2.22957521240396,66.959373312,0.0316075124807503,0.0315900215304525,0.0603692693808378,0.00276810574356857,0.00273782304478916,0.00123293821999389,0.000431709258229471,246,0
1,67.059478528,accepted,3.31861008872282,-0.240212966557467,-0.0636933362588934,-1.75009686943847,0.138740406043316,0.134284247601716,-0.440412819735542,-0.0126441982969512,-9.1642538828984,4.95366732050673,-3.01399835392884,-0.01,0.22,0.22,2.21831347928479,-8.92120903739855,5.0247717864145,-1.32069705153755,-0.145889309864624,0.0893587172660908,0.651682166095631,2.23094637862152,67.059478528,0.0315159006186805,0.0314958026311725,0.0602644031643379,0.00272319249234544,0.00273209471209531,0.00122053611615702,0.000429776843065978,247,0
1,67.159639552,accepted,6.92006919567178,-0.234888868216331,-0.0321173004951429,-1.77136205205479,0.528454120280441,0.322238408752886,-0.42409600373705,-0.0131688159182355,-9.17256984591745,4.99809478924676,-3.02699986591031,0.26,0.39,0.2,2.21831347928479,-8.9081593203132,5.05108413575602,-1.31145372970618,-0.254098999959658,0.0768291400077809,0.615578203685878,2.23120857051199,67.159639552,0.0314274199710459,0.0314050156287272,0.0601610777368962,0.00268824265384477,0.00265624623854118,0.00121280400444878,0.000428196950494647,248,0
1,67.259790336,accepted,3.21772676473583,-0.26298858136534,-0.00756487729695454,-1.7744108370688,0.216987760356551,0.256900465509205,-0.326363734567851,-0.0152299719021589,-9.20583385480839,5.05362915288119,-3.03999995122324,-0.22,0.39,0.02,2.21831347928479,-8.93547982693926,5.07830256604437,-1.31460309082181,-0.432087358138679,0.140291837446061,0.33917229589124,2.2332965300603,67.259790336,0.0313410256237952,0.031316839020844,0.0600593353046643,0.00264453124979309,0.00255291739239484,0.00121386520861848,0.000426822827621285,249,0
1,67.359916544,accepted,5.93949988441967,-0.229307157265632,-0.0110118525059688,-1.7466111661622,0.629577424644868,0.0749740817071667,-0.269077393257883,-0.0197167524331254,-9.22246584878935,5.0869497671547,-3.02697639602263,-0.07,0.24,0.05,2.2165681500328,-8.95699730133625,5.10260606369764,-1.32490799859992,-0.682379297976978,0.167165658538204,0.312799665777019,2.23495224740207,67.359916544,0.0312571658140407,0.0312308747516533,0.0599598290421403,0.00262791012107397,0.00250978561787537,0.0012265247065386,0.000425502910192835,250,0
1,67.460054528,accepted,7.63700472905043,-0.196153261220847,-0.0115576767326484,-1.72729148406514,0.774244286099705,0.0014642521667165,-0.186854989608609,-0.0211739369041553,-9.222465819857,5.1091634951033,-3.01395130910132,0.08,0.22,0.2,2.2148228207808,-8.9794727762325,5.12036992920314,-1.3251971350706,-0.672595244522092,0.218617058211174,0.38177903503359,2.23427091477282,67.460054528,0.0311764469634447,0.0311485688225593,0.0598616616579353,0.00262965700894605,0.00250138807656172,0.00122503193742079,0.000424246349209179,251,0
1,67.55821696,accepted,6.25620052386679,-0.176952601411779,0.00466897039839687,-1.71834063587108,0.672371022913179,0.153481760713611,-0.180092459742648,-0.0177502641581571,-9.22246577710732,5.14248408923418,-3.00118318497764,0.03,0.26,0.29,2.2165681500328,-9.00513695578963,5.14806601280767,-1.32070156827398,-0.623965694009433,0.110848483297615,0.465124635502803,2.23326054884938,67.55821696,0.0310766809149446,0.0310467154955425,0.0597423627948359,0.00258724600750241,0.00249432887609028,0.00120721937769313,0.000423111417635004,252,0
1,67.65838464,accepted,6.01148625465834,-0.151104016308315,0.0117095357293531,-1.71639760597554,0.6808993642999,0.126964037170164,-0.0797828917145222,-0.0179894298357235,-9.21414973141166,5.16469780590912,-2.98815423545629,0.17,0.18,0.44,2.2148228207808,-9.02145219056822,5.16162043217736,-1.30271694484029,-0.492282058436959,0.0565453255754479,0.516171391068799,2.23202432630353,67.65838464,0.0310038574067482,0.0309725954962684,0.0596480726643858,0.00256472910870019,0.00249582068096816,0.00118899367655633,0.000422090817679369,253,0
1,67.75848192,accepted,1.34465284895116,-0.174664102659349,0.0294064016519657,-1.72512396577305,0.197778763143029,-0.112726155373624,-0.110584460430906,-0.0180349715442323,-9.24741376601631,5.19801844245789,-2.97513444296091,-0.32,-0.04,0.45,2.2148228207808,-9.06655385846423,5.16318526909692,-1.2818553922307,-0.514015347280957,0.0702916795304219,0.556815457743613,2.23240004495599,67.75848192,0.0310039973247153,0.0309701969516923,0.0596252362382149,0.00256763250021772,0.00249552274541505,0.00119043872415497,0.000421086031734757,254,0
1,67.876665088,accepted,3.37080699471246,-0.12620365619575,0.0169322137631456,-1.74185538803229,0.505770422309953,-0.0450849795987098,-0.05688453490929,-0.0181282013522646,-9.24741378035418,5.18691157757094,-2.95976219384676,0.09,0.03,0.49,2.2148228207808,-9.0931033769922,5.16756154724604,-1.24741254942346,-0.40314047753015,0.0739095922127852,0.543602235444471,2.23222157367292,67.876665088,0.0311801887447968,0.0311428746047536,0.0597801219448856,0.00256984778299258,0.00251682632650093,0.00118473212300999,0.000420876109031466,255,0
1,67.958794752,accepted,3.28464616591966,-0.147651524209721,0.0584528036906358,-1.74751765470813,0.425605949134518,0.21961113237995,0.0375960873330787,-0.0173507020590207,-9.27236178102029,5.23133906695395,-2.94907947416652,0.09,0.28,0.58,2.2148228207808,-9.10015515974617,5.18900216020922,-1.22503189777258,-0.324414241847497,0.0666496309385768,0.540204441395529,2.23191430307485,67.958794752,0.0308961614642277,0.0308595615109354,0.0594695480662205,0.00253365000052667,0.00250165881240142,0.00117177259040916,0.000418815126613334,256,0
1,68.058962944,accepted,4.99565378825729,-0.0941813696776155,0.0289969689361689,-1.76600897020735,0.679928742423749,-0.200931254912998,-0.092022322097298,-0.0209305561578419,-9.2307816845858,5.23133901308396,-2.93605045804861,0.34,-0.11,0.45,2.21133216227682,-9.10447949720046,5.19288225787862,-1.20086475640472,-0.325868498165842,0.0867236444336797,0.5385336007691,2.23129788472772,68.058962944,0.0309338643714109,0.0308938615664005,0.0594777846447338,0.00253683839406608,0.00249973687412553,0.00117684597991639,0.00041771559569989,257,0
1,68.159117056,accepted,6.76916390466728,-0.0573401188333023,0.0272826325221907,-1.76002979531497,0.807259833119216,-0.188912965041776,0.1758173869762,-0.0215441246675225,-9.19751760503928,5.23133897049381,-2.9230232733359,0.46,0.01,0.46,2.20958683302482,-9.09998392351057,5.1949671945257,-1.18008310088495,-0.330096031555981,0.194769553814395,0.283262989600348,2.22979023542963,68.159117056,0.0309666031414369,0.0309243930846817,0.0594810021946825,0.0025310914670087,0.00247220232363567,0.00119254496102515,0.000416598233813826,258,0
1,68.259241472,accepted,3.64753715364906,-0.0672492746102265,0.0598337605370594,-1.75843542505322,0.462384907998056,-0.0576273375150685,0.268168565322203,-0.0197079176721622,-9.19751754795173,5.27576642742754,-2.90999996247968,0.19,0.11,0.54,2.20958683302482,-9.10374962372564,5.21391276284041,-1.16137684633921,-0.261011180305874,0.166203468049681,0.27232100179044,2.22843811839498,68.259241472,0.030942442164299,0.0308979377006392,0.0594278335336226,0.00251214291293608,0.00247790234707844,0.00118669615038604,0.000415400080134581,259,0
1,68.359371008,accepted,5.32606925469561,-0.0190788028932669,0.0354448345266887,-1.76207935626131,0.632996355378701,-0.0997383706349181,0.310971208664681,-0.0158623793642283,-9.14762144587316,5.26465949964928,-2.89998158196303,0.39,0.08,0.47,2.21133216227682,-9.09390422299537,5.22451858493005,-1.14696388990621,-0.228647998017304,0.177356275640076,0.159605974946795,2.22621645192122,68.359371008,0.030954125189655,0.0309077667634204,0.0594089193395734,0.00250236425220242,0.0024736310752401,0.00119005386069278,0.000414202971633044,260,0
1,68.459573248,accepted,8.07068607956983,-0.00568709420282687,0.0362302442136286,-1.75945015083495,0.785105782144799,-0.400813383594888,0.350661991258909,-0.00620549855478814,-9.11435735444487,5.27576632089365,-2.88995592710589,0.65,-0.26,0.48,2.2148228207808,-9.06924012742354,5.22033084927198,-1.13920413665942,-0.118962066070264,0.132445908755528,0.129940415387142,2.21976352596144,68.459573248,0.0309987719730313,0.030950224001035,0.0594227071551181,0.00249388653051513,0.00250384739405305,0.00117812262276342,0.000413055838804404,261,0
1,68.559694592,accepted,3.22846480661302,-0.000279803949217339,0.0563237734028332,-1.75762114434558,0.442757649530614,-0.163258886523726,0.269852693033863,0.00275028183289949,-9.08109326133763,5.28687314283758,-2.87993836623324,0.35,-0.03,0.44,2.2165681500328,-9.05793186535813,5.22360718690228,-1.13470991597619,-0.0834828694686536,0.12997503464595,0.170070199215621,2.21328157441759,68.559694592,0.0310327204967071,0.0309829677174399,0.0594277577814294,0.00249318228557452,0.00251263938833399,0.00117262441459262,0.000412027882065885,262,0
1,68.657843456,accepted,4.20359207283408,0.0167431424434756,0.0405105423702414,-1.75249940124697,0.498316000958679,-0.32719583451337,0.278676702086879,0.00716635791909548,-9.04782919858507,5.27576623639215,-2.87011816026695,0.45,-0.21,0.45,2.21831347928479,-9.03942063562488,5.22016514021351,-1.13013285708471,-0.0382501444326369,0.1106790896462,0.171196969176311,2.21040858348768,68.657843456,0.0310580023777091,0.0310070693178886,0.0594230903236845,0.00248883318687027,0.00252333850463042,0.00116318130011679,0.000410773880433458,263,0
1,68.760000256,accepted,7.88501554905202,0.0528721253785065,0.0393742767743444,-1.74107516030718,0.774836743643194,-0.21951825374502,0.430122603787936,0.00715588606190476,-9.00624909932052,5.27576618425072,-2.85989694347469,0.5,-0.04,0.46,2.2165681500328,-9.01617451588788,5.22561985412278,-1.12225232757606,-0.257894515928339,0.174955090962967,0.0314367551218664,2.20865025404913,68.760000256,0.0311077466805978,0.0310556344329888,0.0594429860770795,0.0024916683922799,0.00244323744351745,0.0011841656971301,0.000409794553071122,264,0
1,68.874145536,accepted,3.26052455718816,0.0713601393085224,0.0326612856116872,-1.73566783218385,0.503238733962273,-0.197553105980847,0.0651230735275831,0.00896057214480628,-8.97298502197348,5.27576614225634,-2.8484762289193,0.35,-0.17,0.36,2.2165681500328,-9.01528196023015,5.23340199541017,-1.13527877897883,-0.142027522136371,0.0235393217622859,0.292839708256005,2.20733533620633,68.874145536,0.0312989801345335,0.0312422456254208,0.0596076737692977,0.00249061244061192,0.00248664515336148,0.00115191470116437,0.000409318547377303,265,0
1,68.960271872,accepted,2.93235801937371,0.0584477144735871,0.01894036087955,-1.73764905275091,0.218422514585687,-0.464153526239133,0.0252188311781124,0.00796388558098249,-8.96466903053531,5.25355240372612,-2.83985892736152,0.17,-0.48,0.38,2.2148228207808,-9.01003611149506,5.2109506525949,-1.12667609777557,-0.0435739798517724,-0.025495070329673,0.352440695279104,2.20620562732971,68.960271872,0.0311588419852366,0.0311025114462961,0.0594427454391945,0.00247762753992569,0.00250531826709362,0.00113342323756036,0.000407470964205597,266,0
1,69.060429312,accepted,1.46574109893127,0.0662544915017698,0.0297819746089303,-1.73151948603972,0.274448675310298,-0.0894825770481093,0.0505874322896492,0.00924853848276985,-8.94803700594305,5.24244551879547,-2.8298377549325,0.26,-0.07,0.31,2.2148228207808,-8.99791157050413,5.20876417197716,-1.12147376348806,-0.00831039346974777,0.0177977286367219,0.257255680178548,2.20548088771298,69.060429312,0.0311861506608555,0.031129878091395,0.0594417453893441,0.00246795866044989,0.00250369731517227,0.00112932775969405,0.000406217351361898,267,0
1,69.158544384,accepted,2.0272070279493,0.0831265232824432,0.0141023754863419,-1.71776314074741,0.328956119780047,-0.197705025111944,0.0504464142026745,0.0100588935098802,-8.9147729425453,5.23133861243793,-2.8200209299977,0.35,-0.07,0.23,2.2148228207808,-8.97760140389117,5.20685706502277,-1.1251362197108,0.0286441395663803,0.123441969513851,0.177410804156208,2.20433893601375,69.158544384,0.0311766025674401,0.031120899700702,0.0594070044054694,0.00246552602213558,0.00250102721624425,0.00113080248193008,0.000404804758889365,268,0
1,69.25869952,accepted,3.37363347008046,0.101306148005097,-0.00275275705027855,-1.69383045865212,0.322040385408488,-0.35708882868382,0.118516644813409,0.0101254339469792,-8.86487683802525,5.22023168586445,-2.81000002613562,0.44,-0.14,0.03,2.2148228207808,-8.94122820123547,5.19850129431277,-1.13357811094971,0.127392570761829,0.207032859340685,-0.0897222939147754,2.20353125186399,69.25869952,0.031104928950765,0.031051079169491,0.0593141672691636,0.00245589855660012,0.00251113579813514,0.00112488058221921,0.000403168206567142,269,0
1,69.358852352,accepted,4.667218795863,0.0871642486741457,-0.0279955308133033,-1.69217376709982,0.065698907371869,-0.593476255366248,0.0931299493411253,0.0122484266536298,-8.83992880714371,5.19801792711343,-2.83199629282791,0.22,-0.27,0.05,2.2148228207808,-8.92003754822346,5.18485275378069,-1.15883832277281,0.156916081806556,0.306890307344548,-0.044500741664841,2.20105744793089,69.358852352,0.0310318843066949,0.0309794427351887,0.059223085744274,0.0024596441489061,0.0024976468880561,0.00112424946302912,0.000401404105759314,270,0
1,69.458969856,accepted,3.88742915830637,0.102355211181891,-0.0390626472326172,-1.68698624360069,0.231694861577679,-0.475143194494251,0.131412794181619,0.0146992343799113,-8.80666474142913,5.18691102127215,-2.85398480053731,0.41,-0.03,0.06,2.2148228207808,-8.8904987685286,5.19301982418645,-1.18353941783048,0.185504409159029,0.431857085300018,-0.0723911198161295,2.19857928085996,69.458969856,0.0309656591984157,0.0309130144764684,0.059139028788154,0.00247926395096078,0.00248283504272179,0.00112739037977255,0.000399461769690968,271,0
1,69.559150336,accepted,2.74887253541283,0.0793611369688918,-0.0386132009458686,-1.68729939738969,0.000778240520751206,-0.419835023658158,0.105676799479774,0.0171258703357831,-8.7817166693449,5.19801785552274,-2.87598713947708,0.32,0.04,0.03,2.2165681500328,-8.85872407209748,5.20716651513215,-1.20676589902265,0.320065520242121,0.447996903764059,-0.0768533013307285,2.19833021248337,69.559150336,0.0308960301673689,0.0308443579579146,0.0590510809633919,0.00246168485584107,0.00252351439517331,0.00111166011565351,0.000397259090928468,272,0
1,69.65933184,accepted,2.26813706891112,0.0914177967163248,-0.0293506707440425,-1.67829463751574,0.27021426263373,-0.231070558600153,0.130276365624002,0.0179311586284587,-8.73182052595359,5.22023152228163,-2.89798970331491,0.63,0.18,0.01,2.2148228207808,-8.80242280866316,5.23311705194465,-1.23605593052851,0.367669239085086,0.404302551165576,-0.121283637211227,2.19586886993795,69.65933184,0.0308268945948545,0.030776471628014,0.058964192622072,0.00242261936931091,0.00251628250877595,0.00109448506169415,0.000395122136228691,273,0
1,69.75944192,accepted,1.26881507610821,0.0653166717593248,-0.025018502643305,-1.67046238782829,-0.181180003385537,-0.138495024188573,0.00669427398262712,0.0194960387361629,-8.69855641943219,5.24244521142578,-2.91997658051341,0.29,0.13,-0.13,2.2148228207808,-8.77421367639096,5.25754849530297,-1.27367301980425,0.466817865788648,0.264760873560966,-0.138989124514882,2.19529473747597,69.75944192,0.0307564547744344,0.0307061620967123,0.0588780104152386,0.00236263673790363,0.00254665142074855,0.0010694582015073,0.00039296054533886,274,0
1,69.875632384,accepted,2.11104581613384,0.0449507070730633,-0.015265906581587,-1.64232276132456,-0.134017398966375,-0.0554726414413654,0.32872025784782,0.0197130439205826,-8.6819243540258,5.26465891966765,-2.94549514431443,0.25,0.09,-0.01,2.2148228207808,-8.7348077333561,5.27576850431363,-1.30612707662771,0.380647946958561,0.144062884849477,-0.337210767402482,2.19525400824629,69.875632384,0.0308732179806077,0.0308259691478216,0.0589745621706112,0.00234276456340122,0.00248532463031809,0.00105681709561297,0.000391883089299631,275,0
1,69.959801856,accepted,1.78441244216873,0.0553580273706924,-0.0264721593609476,-1.6323608858905,0.0779415444917194,-0.153678192241151,0.265820823209671,0.020757358000087,-8.64866027656141,5.26465887948,-2.96398103349489,0.45,-0.01,-0.05,2.2148228207808,-8.69739430037783,5.28020874266136,-1.33861308471319,0.374273093071875,0.13954119466254,-0.315123697649909,2.1938183016883,69.959801856,0.0306104466980339,0.0305654062987295,0.0587033989953395,0.00230967176052356,0.00243894010438355,0.00104788106500848,0.00038953813698019,276,0
1,70.060003328,accepted,1.23715339964826,0.0268432013514293,-0.0125203669901728,-1.61799518329377,-0.103599845082022,-0.0209497851051152,0.201857946214521,0.0194427840506251,-8.63202822445913,5.27576572275189,-2.98598798284478,0.32,-0.01,-0.18,2.21307749152881,-8.66509725177421,5.28659572346002,-1.37880399348743,0.42107636831511,0.0104677802989458,-0.381842462507697,2.19380456797847,70.060003328,0.0305423359028083,0.0304994444835815,0.0586193931226201,0.00228873888545607,0.00243997033628247,0.00103571043376552,0.00038783724814427,277,0
1,70.158188288,accepted,5.97673686057793,0.0650762024255087,-0.0255936001301942,-1.57682543282473,0.35221308214345,-0.105153549844383,0.592490135926398,0.0197445543998387,-8.57381610010368,5.26465878912855,-3.00755205170039,0.46,-0.04,-0.18,2.21307749152881,-8.61417583610569,5.28278882117641,-1.41630535234472,0.116941630323038,0.0625704450795266,-0.768077716203139,2.19331511431566,70.158188288,0.0304509796693299,0.0304135074929604,0.0585117373783778,0.00230794870130665,0.00232218825059489,0.00103766659141083,0.00038668519302421,278,0
1,70.260397824,accepted,6.02393745573072,0.0642777746586098,-0.0289618652823993,-1.53337922156791,0.167146537084666,-0.204945230838991,0.649776801710591,0.0208736901938469,-8.55718406182604,5.26465876942049,-3.02999998095093,0.04,-0.07,-0.13,2.21307749152881,-8.60884962188042,5.27950692072922,-1.47789923366194,-0.122892173699764,0.129892026760378,-0.774559004177993,2.19224704081462,70.260397824,0.030404495070471,0.0303678881480778,0.0584527034951547,0.00229500223571073,0.00225923774766431,0.00104760926739813,0.000385943319079486,279,0
1,70.358527488,accepted,7.73951118080584,0.079690714953573,-0.0343050103856051,-1.46172767388768,0.368474559728253,-0.266951267323379,0.669162678397207,0.0218758556109853,-8.54886805553677,5.25355189490542,-3.01429175105887,0.21,-0.27,0,2.21307749152881,-8.60245692532199,5.26982057670268,-1.5318773970002,-0.149066558874199,-0.0095591049077966,-0.663772502490057,2.19139059356015,70.358527488,0.0303140975557899,0.0302751154589221,0.0583503426062728,0.0022572218680745,0.00222376200815514,0.00103086098167974,0.000385033829187633,280,0
1,70.460684032,accepted,9.96721145672548,0.0919326535114067,-0.048689393392463,-1.39684895347919,0.295454631614614,-0.407926365914773,0.779781355836245,0.0220978384857964,-8.53223605690753,5.22023128151211,-2.9979389132653,-0.03,-0.35,0.05,2.21307749152881,-8.60251676177052,5.24144704482915,-1.57256459878638,-0.317975229126038,0.0479451806193137,-0.723037580882604,2.19132087359081,70.460684032,0.0302717396681535,0.0302342218813163,0.0582916520460689,0.00224773947230543,0.00221449951557242,0.00103828598395596,0.00038429977176432,281,0
1,70.560847616,accepted,16.2763643371271,0.0825282111265313,-0.0649481721549794,-1.33690235107395,0.339735180267688,-0.743761193090769,0.879843814069233,0.0360704492747672,-8.54886814879017,5.17580384428998,-2.98190510106063,-0.13,-0.67,0.03,2.2148228207808,-8.60724172687642,5.19162078368357,-1.60976078571503,-0.461410589815122,0.0553792991639047,-0.842073064912451,2.17981869769214,70.560847616,0.0302086637631551,0.0301730376201367,0.0582111058710009,0.0022456031568856,0.00223025445332648,0.00104042350444954,0.000384339524249735,282,0
1,70.659011584,accepted,18.8440338222279,0.123280375007377,-0.0992960016048992,-1.27948684669593,0.575211314209227,-0.552933257514523,1.02098019831998,0.0332882504566818,-8.54055222168036,5.09805578351643,-2.96619137991246,-0.1,-0.52,0.22,2.2148228207808,-8.62341852156527,5.1597832114443,-1.64185186914383,-0.660943297646846,0.0189580607565007,-0.791461823057462,2.18285416960883,70.659011584,0.0301242933822975,0.030086274385659,0.0581119525864426,0.00221845526470489,0.00225416783951131,0.00103939950754843,0.000382902609102179,283,0
1,70.759116544,accepted,13.9645881468723,0.106910683030916,-0.0977287985061208,-1.22844803254139,0.383984316470965,-0.619478770207033,0.840130180645798,0.0340820754349407,-8.57381635339494,5.05362836738071,-2.95016695201861,-0.13,-0.77,0.09,2.2148228207808,-8.65319101847549,5.10973508180505,-1.68778894518197,-0.504125097915862,-0.165938267439684,-0.742745144084006,2.18207195623551,70.759116544,0.0300639992158453,0.0300219033839676,0.0580358769918095,0.00220363958268237,0.00218940249277127,0.00100356497233982,0.000382087087149982,284,0
1,70.877281536,accepted,7.56797061130755,0.125428655159416,-0.0991826854823312,-1.18458781340498,0.0720561945610997,-0.317066239478703,0.737383872136258,0.0421299199964116,-8.5987644919997,4.98698721175375,-2.93125154169449,-0.59,-0.64,0.39,2.2165681500328,-8.71604821107593,5.06343585776084,-1.71811274095778,-0.659359804531891,-0.331304833225289,-0.340932970344758,2.17559409595415,70.877281536,0.0302077752988283,0.0301611462356002,0.0581592824133644,0.00219657669617712,0.00218474242093149,0.000993561790996906,0.00038253072088879,285,0
1,70.959420416,accepted,12.1947652960511,0.149985176591736,-0.119350872445267,-1.16604008381424,0.530520507932092,-0.435613789626509,0.778066991924977,0.041511324101819,-8.62371263137431,4.92034605604509,-2.91810305674588,-0.25,-0.65,0.34,2.2165681500328,-8.73571511366523,5.00940254701848,-1.72119670291673,-0.766888736395088,-0.225871250976729,-0.43118558540625,2.17690400000071,70.959420416,0.0299434100814351,0.0298985420519302,0.0578800835990748,0.00215050708818142,0.00219793772538292,0.000989804266998702,0.000380544627154868,286,0
1,71.059533312,accepted,6.09214775721272,0.154860636537231,-0.125064009763691,-1.12949361413065,0.421465815700499,-0.391590599556558,0.439802051406003,0.0296743653001665,-8.66529279974014,4.86481178506919,-2.90207735848683,-0.49,-0.54,-0.05,2.21307749152881,-8.78914559272579,4.9621511271646,-1.76214527149915,-0.900628590671285,-0.158973994647991,-0.486589994922287,2.18497261884523,71.059533312,0.0298889351330588,0.0298421829319602,0.0578039842356127,0.00213028789205666,0.00223769069777387,0.000990263368397494,0.000378023739773022,287,0
1,71.157786624,accepted,11.4696313277301,0.165463773889062,-0.137059122146566,-1.0669997492161,0.345181988664946,-0.546382060823352,0.774731170110842,0.0215451632395425,-8.71518898808793,4.80927752380929,-2.88634933548501,-0.58,-0.7,0.1,2.20958683302482,-8.85417737172138,4.90867015382536,-1.78765273559925,-0.916161731851279,-0.167956605756901,-0.667869031629135,2.18986683258298,71.157786624,0.0298165853616294,0.0297671525753227,0.057709239611915,0.00212860839862423,0.00223877604067875,0.000981912852933567,0.000376084433047546,288,0
1,71.25992192,accepted,7.23565477147992,0.150918854294471,-0.133984271149655,-1.01830988403484,0.343336642125912,-0.392980315921674,0.600489035811606,0.0267489101593386,-8.79834925442064,4.75374330472707,-2.87000013257443,-0.59,-0.59,-0.06,2.21307749152881,-8.92336421259101,4.85975925675932,-1.83000783367122,-0.924407499046634,-0.20756106821045,-0.655458737806307,2.18785077724149,71.25992192,0.0297888499566231,0.0297370910303801,0.0576575031543499,0.00211721646468669,0.00221968086079271,0.000972878294105966,0.000375163042109303,289,0
1,71.36005632,accepted,11.4305169016037,0.168733911518956,-0.14063860583357,-0.993939272816833,0.348348952408961,-0.382882891372742,0.863688457578715,0.0292283923340522,-8.84824544471129,4.69820904432173,-2.89103857890303,-0.64,-0.55,0.12,2.2148228207808,-8.99018889607725,4.81136749245169,-1.85910361308442,-0.979322319471737,-0.177464578831661,-0.735823023670833,2.1871321945912,71.36005632,0.0297398150319143,0.0296870104071524,0.0575835969311807,0.00210777763599883,0.0022316333187708,0.000968250676351758,0.000374056195925123,290,0
1,71.460232192,accepted,5.38627128391755,0.149498591049225,-0.144845826416637,-0.976210245483613,0.125373174082186,-0.239381322617858,0.62483834957928,0.0230759508084444,-8.93140571597079,4.64267482676047,-2.91208573858535,-0.65,-0.58,-0.1,2.21133216227682,-9.06874335476471,4.76881186463649,-1.91228807684526,-0.771460513275475,-0.347168890451723,-0.719563020181672,2.18909386438859,71.460232192,0.0296898227609128,0.0296350354317464,0.0575126374176684,0.00211303066626378,0.00212393739267499,0.000948943486275711,0.000372510053736428,291,0
1,71.558386432,accepted,4.87587379466661,0.116524859910465,-0.134045926857261,-0.953406544490069,0.0518927151097902,-0.163895343214568,0.622253637674668,0.0314305746457686,-9.02288199222919,4.59824748458476,-2.93270814916719,-0.67,-0.5,-0.08,2.2165681500328,-9.13275030596178,4.71857074453866,-1.95560815917902,-0.719863357937822,-0.340768468507134,-0.697013706676826,2.18581940510063,71.558386432,0.0296171747501933,0.0295630191544657,0.0574170371952155,0.00209347987224438,0.00208586289260855,0.000942384380881093,0.000372296557440643,292,0
1,71.660486912,accepted,3.43533933879104,0.115803226163097,-0.149000638247483,-0.936065358187739,0.118283243372877,-0.30320034400307,0.428205708350395,0.0234334457193706,-9.0977262461021,4.54271325710827,-2.9541596730052,-0.74,-0.51,-0.1,2.21307749152881,-9.20285953708079,4.66891910226677,-2.00595736989889,-0.854896528967728,-0.214760436730293,-0.524986758654455,2.19057176677561,71.660486912,0.029588372427103,0.0295344578221317,0.0573646242292427,0.00205089371069306,0.00209346543784802,0.000937879223426877,0.00037043304795915,293,0
1,71.75867008,accepted,4.61601879319712,0.0920435800254538,-0.15673350758888,-0.904365063928104,-0.00166661881517693,-0.358176134319515,0.520820070448677,0.00820715461080024,-9.19751854726925,4.49828592755892,-2.97478816142018,-0.83,-0.46,-0.2,2.20609617452083,-9.28697825017465,4.62861676329728,-2.05236619322481,-0.827902759142026,-0.110942543627796,-0.716660269373769,2.19860294873836,71.75867008,0.0295171413563148,0.0294631373634931,0.0572720133495887,0.00204622856436627,0.00207965270415874,0.000931773553958501,0.000368364742986601,294,0
1,71.876818688,accepted,3.06731028832659,0.111715206147707,-0.170576818883185,-0.876645856631522,0.132332140494259,-0.291531246824496,0.395782185378881,0.00832112683932928,-9.26404678285377,4.4427516932927,-2.99961143042871,-0.57,-0.46,-0.21,2.20609617452083,-9.36429615091668,4.59059542321047,-2.11202361216482,-0.698726736099638,-0.175938660146198,-0.602856361844388,2.19823979903305,71.876818688,0.0296633772358973,0.0296077115405978,0.0573927519927571,0.00203589272228885,0.00202824470999833,0.000927584065170546,0.000368224810088536,295,0
1,71.958980864,accepted,7.75668961916574,0.106453809749993,-0.183167594772321,-0.854998924981188,0.084529951562086,-0.36030685068029,0.740597463460286,0.0150570596176904,-9.31394297911228,4.38721743560956,-3.01687387500338,-0.59,-0.66,0.08,2.20958683302482,-9.41198566236922,4.54331799764209,-2.13031617631011,-0.671915677876124,-0.308749812028408,-0.654101833685426,2.19512972590461,71.958980864,0.0294128673329909,0.0293586634986744,0.0571285200491691,0.00202745936780651,0.00200131235012687,0.000922571726813074,0.000367096685093636,296,0
1,72.059202048,accepted,5.79078252121054,0.0856078458357636,-0.169864868170845,-0.837744677010715,-0.0649904460595397,-0.023771851905926,0.707108859346354,0.0224744537454584,-9.39710324085066,4.34279008807585,-3.03793055483143,-0.77,-0.33,-0.03,2.21307749152881,-9.48406391938256,4.50653957074961,-2.17021839428722,-0.705830254267917,-0.307795230258355,-0.731016848517726,2.19085026015465,72.059202048,0.0293627721850091,0.0293091030000381,0.0570587831318759,0.00202075314092032,0.00199842496254377,0.000918558040107353,0.000366744688720553,297,0
1,72.159335936,accepted,5.15054294897144,0.0454860340927112,-0.152209942185492,-0.807330124751326,-0.0694879653750673,0.0290246611536943,0.666017113551236,0.0174968404568467,-9.50521153942383,4.32057650186302,-3.05896889358777,-0.76,-0.31,-0.34,2.21133216227682,-9.55340380310079,4.47035809451725,-2.22377584464657,-0.691647019001919,-0.339389753037307,-1.00032136825592,2.19395945906368,72.159335936,0.0293119170761449,0.0292587148930883,0.0569880186978792,0.00204240420638767,0.00201162361179672,0.000917497281943387,0.000365417363243552,298,0
1,72.259434496,accepted,11.2163859392158,0.0423266685455097,-0.172866756566042,-0.746998671040888,-0.398576568931323,-0.412411790215932,0.823752354884887,0.00979808116662495,-9.58005579772492,4.26504228074563,-3.07999980985762,-1.11,-0.66,-0.28,2.20609617452083,-9.64524300882078,4.40781800331217,-2.29538969639514,-0.720075709819221,-0.257992682188719,-1.09639116011345,2.19659455600666,72.259434496,0.0292598705923884,0.0292074894547026,0.0569167461561043,0.00203113375411489,0.00201233558562628,0.000910084102180952,0.000364127999718657,299,0
1,72.359605504,accepted,10.0701251345066,0.0509076244517388,-0.177093985018653,-0.699449961887289,-0.00346798888279087,-0.348899185083327,0.883500470324392,0.00410100917910539,-9.66321607938046,4.20950807087625,-3.10304995163528,-0.66,-0.54,-0.19,2.20260551601684,-9.71257391768592,4.36048402488096,-2.36197958065385,-0.656256215315055,-0.199911889939538,-1.06546653738544,2.19876003816686,72.359605504,0.029209215838311,0.0291572759408842,0.0568481381772945,0.00200777373148994,0.00198216173259519,0.000904275082809762,0.000363041875006216,300,0
1,72.459782912,accepted,8.55087652307109,0.056399370103291,-0.174424309434886,-0.664116948103597,0.0941553180504219,0.0365293522659081,0.867678004055042,0.00973326736817359,-9.71311226545805,4.16508068107211,-3.1261015842102,-0.37,-0.2,-0.04,2.20784150377283,-9.76193270731667,4.33689008782673,-2.4206715146173,-0.461593422807159,-0.236842648526507,-0.899809977629209,2.19826361384753,72.459782912,0.0291588862933479,0.0291072850743779,0.0567807068493906,0.00197507914056959,0.00193881589084072,0.000905308432250729,0.000362493529061646,301,0
1,72.557903872,accepted,14.5209268117184,0.0172121403037799,-0.163959427789466,-0.639574773102017,-0.256741902993017,-0.0812659058051922,1.11090232782195,0.0187789793735309,-9.78795646602639,4.15397391975514,-3.14868001145219,-0.74,-0.23,0.19,2.2148228207808,-9.81994746011433,4.30823227425314,-2.45340902490543,-0.488586633374248,-0.151663974340609,-0.910683441664509,2.19621620367584,72.557903872,0.029086984387345,0.0290354848217623,0.0566912828520064,0.00195832369248441,0.00192592723732033,0.000897505098600771,0.000362210957356826,302,0
1,72.660028928,accepted,10.51579851415,-0.00659796202563001,-0.137224143878719,-0.617785236863986,-0.14419359435627,0.148998023854506,0.949339436608309,0.00865847987541946,-9.87111667391776,4.15397403373097,-3.17217981359924,-0.49,-0.06,-0.09,2.20958683302482,-9.87314986712812,4.29616244189905,-2.5078686960028,-0.348696569403234,-0.206891020399101,-1.0307180109374,2.20106908836992,72.660028928,0.0290583597899035,0.0290066501121297,0.0566452755875765,0.00196342894689907,0.00193984174818861,0.000902586700198643,0.000360906681551177,303,0
1,72.760176896,accepted,13.1222736610456,-0.0394555506207741,-0.125864017226649,-0.581545463096287,-0.267210667004202,-0.0800092934386718,1.0512446336172,0.0117641678597753,-9.94596086157058,4.15397413755489,-3.19522467179183,-0.59,-0.23,0,2.21133216227682,-9.92344301998088,4.27122397299057,-2.56104519656456,-0.328564640725423,-0.152808238534209,-1.04156419594142,2.19957487588837,72.760176896,0.0290079928762623,0.0289561640541647,0.0565780369782287,0.00194918139564654,0.00193241533505574,0.00089601130394929,0.000360178596538145,304,0
1,72.87434112,accepted,15.6498109020792,-0.0331549867091674,-0.112488761873978,-0.542363351301831,-0.0655124164963745,0.0983106058160592,1.18260554209323,0.0137368998730762,-9.99585700075614,4.14286734182071,-3.22149478395972,-0.45,0,0.04,2.21307749152881,-9.96729134168583,4.25781817573723,-2.61815701981862,-0.385863856160172,-0.097244749874919,-1.13167717542737,2.19954532305094,72.87434112,0.0291050419956634,0.0290519873058509,0.0566547458305139,0.00195546960299384,0.00193262750014461,0.000889235141770003,0.000359950947752306,305,0
1,72.96052608,accepted,17.2370771983966,-0.0542922531713828,-0.106840405902988,-0.528711427893901,-0.210799513787485,0.0321601200534746,1.2296575227616,0.0136702807152904,-10.054069147404,4.14286742362197,-3.24132664097286,-0.56,-0.07,0.2,2.21307749152881,-10.0136212440781,4.24824927783258,-2.6491807833559,-0.353761414001739,-0.102517132549884,-1.01829251141899,2.19956361768819,72.96052608,0.0289030857172252,0.0288510701374334,0.0564439769686489,0.00191938385856968,0.0019025343162288,0.000885401072864468,0.000358673798176399,306,0
1,73.058706944,accepted,12.0052609331457,-0.062347759188107,-0.0890894491541996,-0.518088088997069,-0.229762568689683,0.2530447445663,0.983181936698542,0.0131606651594014,-10.1039652730288,4.14286749381128,-3.2639188526102,-0.4,-0.03,0.1,2.21133216227682,-10.0567811525587,4.24417611179996,-2.69666330578016,-0.17504294149153,-0.278632811674115,-0.874124319384169,2.19851350847887,73.058706944,0.0288328082769401,0.0287807766995713,0.0563597333804897,0.00190360885866584,0.00191216006319439,0.000905095445363428,0.00035758898373807,307,0
1,73.158823936,accepted,14.9480141267421,-0.105946259679074,-0.0584571340666038,-0.502457911333842,-0.348536309777349,0.217730657439703,1.08764823571179,0.0135380346176399,-10.1788094424799,4.1539744648624,-3.28695658297442,-0.5,-0.15,0.13,2.21133216227682,-10.0962094891642,4.22323936896245,-2.72935727714884,-0.158971413805791,-0.364183313582918,-0.947455392517727,2.19789102890559,73.158823936,0.0287830294698859,0.0287310046559485,0.0562943273145952,0.00191403985984716,0.00191340055421579,0.000913483184605844,0.000356505150392382,308,0
1,73.258966016,accepted,12.5113377497633,-0.139129219470163,-0.0241551402086841,-0.480670713010611,-0.38483480635563,0.33167732314403,0.934620643707352,0.0126767827514471,-10.2536536147757,4.16508143572669,-3.30999978238346,-0.58,0.04,-0.09,2.20958683302482,-10.1409505551411,4.20767902056896,-2.78260875465383,-0.203572889163942,-0.285493798385001,-1.01615411799996,2.19719531653141,73.258966016,0.0287334199551928,0.0286817453513019,0.056229208512609,0.00189687781078046,0.00189840998040713,0.000900648003367794,0.000355536980193758,309,0
1,73.36513664,accepted,10.954307546153,-0.152360579418973,-0.0165240764886141,-0.357727787268484,-0.380929609886456,0.200367318370353,0.898076842058631,0.0131657692512164,-10.3118657610496,4.16508151959347,-3.24838782405595,-0.54,0,-0.13,2.20958683302482,-10.1860986010591,4.1924785124736,-2.84443862144841,-0.167497637072182,-0.196824473382182,-1.01981551735399,2.1966743916792,73.36513664,0.0287478049435224,0.02869607656912,0.0562259557394538,0.00187828410155504,0.00190132263996703,0.000892921867082712,0.000354749430355123,310,0
1,73.461307648,accepted,13.0765391914183,-0.155054329959894,0.00618697617315078,-0.249934721402816,-0.38219131722087,0.461489964949803,0.910631414207578,0.0122441609955284,-10.353445847699,4.17618844332631,-3.19257875075512,-0.41,0.06,0,2.20784150377283,-10.2249646798524,4.1967553548315,-2.89438350282427,-0.0359527990798243,-0.39246152287149,-0.901935157635692,2.19619180704878,73.461307648,0.0286569334422921,0.0286056328664555,0.056122871119683,0.00188698701520207,0.00192094484265501,0.000925686419237052,0.000353270298214372,311,0
1,73.559412992,accepted,12.3881497334426,-0.165828810176478,0.0168896461644001,-0.155514896257698,-0.341942880517572,0.42809542063018,0.908601840858026,0.0133615253124835,-10.4033419733385,4.17618851575205,-3.13564716140858,-0.51,0.06,0.03,2.20958683302482,-10.261949113635,4.18423959216506,-2.93079749578879,-0.175557305664683,-0.35987200323003,-0.869842644238571,2.19662684128778,73.559412992,0.0285871200216728,0.0285365986008813,0.0560388852674696,0.00186627942106853,0.00186093634348602,0.000913789349477857,0.000352109456884831,312,0
1,73.65957632,accepted,3.43066626136689,-0.190070027991151,0.02685381136844,-0.0898556955729548,-0.455524022540322,0.13912565799852,0.28989798361638,0.0169438304663201,-10.4698701217812,4.18729547673295,-3.0775213017482,-0.36,0.01,0.02,2.21307749152881,-10.311651892719,4.16900182838616,-2.97265395539809,0.0854677203331698,-0.126156969507793,-0.267084218086441,2.19649385767466,73.65957632,0.0285393555662306,0.0284887505125343,0.0559776236377104,0.00180936939931571,0.0019395500828459,0.000899528831671435,0.000350793600454847,313,0
1,73.75970816,accepted,2.37228095462257,-0.170613162880255,0.000302868972539727,-0.0553752059139039,-0.2837333865244,-0.225199853415751,0.287619552431381,0.0196898130709986,-10.4615541338329,4.16508173653861,-3.01941371491385,-0.1,-0.23,0.62,2.2165681500328,-10.3122176696164,4.15145361548766,-2.94874731436716,0.176844276058162,-0.00975232126302159,0.335252086272867,2.19640998128831,73.75970816,0.0284904795969313,0.0284410795333534,0.055916039387213,0.00184815022707414,0.0020284801548461,0.000892468007116521,0.000349278482189231,314,0
1,73.87582976,accepted,2.8315811504198,-0.200457738786413,0.0261878720758544,-0.0702394043218195,-0.126561079710971,0.331528271529983,0.357993677182537,0.0252067222495693,-10.4948181995913,4.1761886490892,-2.95202709787633,-0.09,0.24,1.17,2.22354946704078,-10.3071138139185,4.16992667229921,-2.86270584174934,0.0328797698848378,-0.0835526265405309,0.815732199442337,2.19937258024242,73.87582976,0.0286053702209762,0.0285576527794314,0.0560147231678833,0.00193815038200031,0.00204080992776646,0.000891582655364896,0.00034852899400693,315,0
1,73.957970432,accepted,8.60886441795792,-0.182314152731378,0.00825548493144446,-0.117567663985131,-0.159974481656863,0.0608610254491997,0.865407903050817,0.0233966935203345,-10.4948181995913,4.1761886490892,-2.90435997989595,-0.2,0.06,1.82,2.22354946704078,-10.3266872452586,4.17118830497356,-2.7400530332432,-0.0446808022191145,0.00120633114672171,0.962953420910078,2.20050551847204,73.957970432,0.0283688170701514,0.0283226905014363,0.0557734190888561,0.00194307041220045,0.00201638153649969,0.000874739775585656,0.000346850809871742,316,0
1,74.056111104,accepted,8.49266409521689,-0.216058588391469,0.0414111307590073,-0.195589486937644,-0.0461476370184191,0.485550139819508,0.728421253846669,0.0259751412598899,-10.5447142761392,4.20950931568386,-2.84740788932994,-0.09,0.43,1.6,2.22529479629277,-10.3369718919097,4.19691474393071,-2.61392403634232,-0.0458594902753684,-0.0440168203018356,0.878850887451075,2.20059181685614,74.056111104,0.0283033065908672,0.0282587426238396,0.0556951385297582,0.00190786868177586,0.00197663937950585,0.000883247062609124,0.000345935787551443,317,0
1,74.158221824,accepted,7.62911495858064,-0.249727928248376,0.0627454652466373,-0.261153366798363,-0.421593686932632,0.334314372601415,0.631760925205582,0.0265469136200007,-10.594610333569,4.25393684692127,-2.78815193708621,-0.52,0.3,1.37,2.22529479629277,-10.3759118299213,4.21178276523796,-2.4955684666133,-0.108343400144266,-0.0265529214046059,0.744430148719835,2.19949219179698,74.158221824,0.0282803076414414,0.02823712637304,0.0556569450331457,0.00186382564182,0.00191375441464846,0.000883058063462838,0.000345145266552452,318,0
1,74.258429696,accepted,7.55906796204388,-0.24979388053811,0.0690077960746311,-0.300218161543775,-0.128301932590436,0.342732534708674,0.738687390490834,0.0239397731941215,-10.6361904053747,4.27615063578746,-2.73000022806214,-0.22,0.22,1.28,2.22354946704078,-10.4004280366377,4.22839681440637,-2.39290470350246,-0.0954494844963733,-0.114797678502304,0.548571380080321,2.20041533798848,74.258429696,0.0282374291934555,0.0281955300153104,0.0556005160224047,0.00182423682852295,0.0018684706325917,0.00090180787128016,0.000344034038970283,319,0
1,74.356585472,accepted,7.77640418379664,-0.23867071731804,0.0655990144118919,-0.308757778085359,-0.15575315430444,0.199553401462309,0.808390252969149,0.0199463889258187,-10.6528224296003,4.28725752529126,-2.65551983782957,-0.29,0.18,1.22,2.22005880853679,-10.4292540883216,4.23419578954314,-2.30738349749105,-0.138478139794345,-0.0149504048383023,0.419086465431208,2.20059149165071,74.356585472,0.0281829753952316,0.0281423653897162,0.0555315208706138,0.00178235411058269,0.00182330232183049,0.000886664238485584,0.000342883052492492,320,0
1,74.458710528,accepted,5.82795635902871,-0.239707065621824,0.0802937884706028,-0.310053065054179,0.20954233062023,0.33479554906225,0.616463418346028,0.0193558666248661,-10.6860864806395,4.30947130437082,-2.57802749354781,-0.01,0.26,1,2.22005880853679,-10.4409952593853,4.24989485154964,-2.23890031244372,-0.21658287688607,-0.0674728044376221,0.389260953266651,2.20149885600407,74.458710528,0.0281682800796104,0.0281293149421854,0.0555025023401729,0.00177556730319449,0.00178761665325737,0.000898787343728174,0.000342000999861917,321,0
1,74.55686272,accepted,6.48391552245811,-0.231599799659831,0.0895222063003231,-0.308166234795886,0.0765349094172243,0.27124411653893,0.714150463843889,0.0170476443365923,-10.6944024654939,4.33168504543431,-2.50354975270356,-0.17,0.2,1.13,2.21831347928479,-10.4646100689937,4.25963034048129,-2.16061013946458,-0.246099431517032,-0.0650756736730006,0.422666129251535,2.20183783191289,74.55686272,0.028110515268772,0.0280727384215055,0.0554312467630771,0.0017694706349832,0.001773155220613,0.000903566618897444,0.000341006175004999,322,0
1,74.657045248,accepted,5.98741522397552,-0.236781061286525,0.0994044811360864,-0.310845685202649,0.36067506583867,0.125594520765738,0.677817813652228,0.0152028265195536,-10.7276665160126,4.35389882252384,-2.42753139584907,0.03,0.1,1.1,2.2165681500328,-10.4789572406828,4.26341525574218,-2.08774483862243,-0.325550952271966,-0.0224518263461296,0.427891745516916,2.20184169751341,74.657045248,0.0281035116298905,0.0280668130319465,0.0554090541778912,0.00175902406928687,0.00175127977398629,0.000907717820896081,0.000340218208881409,323,0
1,74.757185792,accepted,8.53372019674287,-0.250455564725456,0.109826588384798,-0.295916379406276,-0.0409075377488512,0.365173630387573,0.795817501799061,0.0148332140603884,-10.7609305639578,4.37611260247255,-2.35154489639285,-0.27,0.36,1.1,2.2165681500328,-10.5194591869678,4.28971968228433,-2.01571951992544,-0.230978020671307,0.00280307911849291,0.31205163181542,2.20232261537006,74.757185792,0.0280618948266442,0.0280249799038985,0.0553553397480117,0.00173254426278767,0.00174443930550043,0.000914329753235389,0.000339376180507406,324,0
1,74.877332224,accepted,11.613878833385,-0.245359002510337,0.124960639983701,-0.266499633507454,0.0852237860411957,0.359158957166317,0.980428251842483,0.014057786013197,-10.7858785770409,4.40943323224752,-2.26037795815618,-0.09,0.33,1.04,2.2165681500328,-10.542456779137,4.30720382595198,-1.94560413400694,-0.174786020517961,-0.0216651349133515,0.0690947608585067,2.20321196583157,74.877332224,0.0282324650068019,0.0281966680895117,0.0555103540538575,0.00171657395791411,0.00173607509214756,0.000942901912420818,0.000339100029703675,325,0
1,74.961500672,accepted,6.30542625689597,-0.244177051609165,0.154557330162667,-0.254447496983395,0.238757452385232,0.43189304512131,0.568220358888172,0.0124636845537425,-10.802510533834,4.46496757882068,-2.19651106196493,0.08,0.55,0.69,2.2148228207808,-10.5512340767211,4.3389660644113,-1.91407574282532,-0.155354681378385,0.127402324329719,0.127366977452403,2.20318339988947,74.961500672,0.0280246563524404,0.0279899835046917,0.05529856783051,0.00169057215362101,0.00172550841278248,0.000924727540270966,0.000337735717935411,326,0
1,75.059666688,accepted,5.24998305102936,-0.223719512613798,0.154745605379715,-0.224853994894698,0.388009450212239,0.26521217704664,0.500001823415166,0.0112455771704107,-10.7858784264084,4.50939501059576,-2.12202283148953,0.35,0.44,0.66,2.21307749152881,-10.5461761739477,4.37376594426779,-1.87258271632145,-0.0318173769547765,0.181018808693126,0.164884044990008,2.2025053693108,75.059666688,0.0279633356653126,0.0279298989334398,0.0552272683278203,0.00168101884178318,0.00174998416486491,0.000926385366346505,0.000336673401361507,327,0
1,75.159853568,accepted,10.9238394535185,-0.244564543346886,0.176790644014252,-0.179639545516989,-0.234464782749384,0.447228464718691,0.856284615492745,0.0102101637821761,-10.7858783426879,4.56492933127402,-2.04600117234376,-0.11,0.54,0.87,2.21307749152881,-10.5611302296262,4.41777644537602,-1.82170880530648,0.119047947539723,0.102497459276995,0.0226790573748998,2.20388907504836,75.159853568,0.0279234629070818,0.0278923652994332,0.0551767214450159,0.00166796640004442,0.00178415865345403,0.000957260655005063,0.000335448816119323,328,0
1,75.260013568,accepted,3.16555335584102,-0.263701324755868,0.198987009916111,-0.141897727906447,0.139265960615813,0.341659854999473,0.378520283329194,0.00836652721228948,-10.810826302559,4.63157055503813,-1.97000003799981,0.3,0.52,0.29,2.21307749152881,-10.5463205890313,4.45715003647901,-1.80915446957832,0.162088352844622,0.186167530638518,-0.0847493337169668,2.20567627908306,75.260013568,0.0278840108627358,0.027856371137266,0.05512695463041,0.00164916782141732,0.00178163615025723,0.000951885702248367,0.000334206731425138,329,0
1,75.360194048,accepted,10.6749568547129,-0.285310689372198,0.222197228828635,-0.18258122989822,-0.224980387727467,0.478026875471392,0.826810565280616,0.00566083445806509,-10.8108262017952,4.6982117409487,-2.00199027735131,0.03,0.65,0.58,2.21133216227682,-10.5458131041429,4.50851153201402,-1.77651145197883,0.249567140524337,0.182308158374076,-0.238241986170975,2.2069118885615,75.360194048,0.0278458999848247,0.0278220855189745,0.0550782322320264,0.00163879926344983,0.00180360579801896,0.000967047096048823,0.000332839106765387,330,0
1,75.4623808,accepted,8.38586227501846,-0.305711947356198,0.241038309535607,-0.242282461528121,-0.114981829014595,0.463852308115177,0.723467455847504,0.00361786172575895,-10.8191421207713,4.7648529390705,-2.03462117166357,0.21,0.62,0.58,2.20958683302482,-10.5280860008635,4.55612331377418,-1.75588810184182,0.321575385635176,0.16657091813324,-0.135871114952583,2.20726635753789,75.4623808,0.0278276191795279,0.0278091703393993,0.0550501342932563,0.00163578340604857,0.00182600471570339,0.000987616475194909,0.000331402441714665,331,0
1,75.558602752,accepted,5.87592633631987,-0.306889350419915,0.259543753982411,-0.28511943409855,-0.0490623680848535,0.415232464991831,0.588648826894664,0.00212193803756877,-10.8025099804103,4.8314940988918,-2.06534734981074,0.35,0.55,0.24,2.20958683302482,-10.5065764163884,4.60200266701519,-1.75182624096141,0.39689592447302,0.144225751702839,-0.342587553087101,2.20871791190547,75.558602752,0.0277515956573538,0.0277375229973395,0.0549649346773717,0.00162914678753711,0.00184274369350024,0.00100867551290066,0.000329655329817127,332,0
1,75.66081408,accepted,10.4038711714421,-0.338941326691376,0.290092927132886,-0.305882149025022,0.0383413610276646,0.624578251887633,0.735110706142126,-0.00023514503512434,-10.8025098631238,4.90924215063529,-2.09798609188059,0.45,0.8,0.26,2.20784150377283,-10.4704636684788,4.66172998044753,-1.75594126355981,0.410988994624384,0.189081543669347,-0.467631426254837,2.20997870894366,75.66081408,0.0277355035069072,0.0277281767468514,0.0549397625407946,0.00162211266543822,0.00183263535665885,0.00101450620050773,0.00032818273754701,333,0
1,75.76102656,accepted,5.09958689771157,-0.365057217933911,0.31722219697875,-0.33247662098547,-0.141227271081092,0.515572103412245,0.400216422562987,-0.00230762618039959,-10.7858776894387,4.99809703972129,-2.12998654966645,0.44,0.7,0.08,2.20784150377283,-10.4382803360654,4.71818382403623,-1.78008769990102,0.577344437112196,0.196551318132036,-0.316257691078444,2.21184214876738,75.76102656,0.0276995296905815,0.0276981833976877,0.054896137031269,0.00161295141337108,0.00190713578525981,0.00102504697993117,0.000326364405773673,334,0
1,75.87925632,accepted,6.08823524977385,-0.391742048865584,0.32978104768639,-0.353021307966901,-0.33221254509402,0.436319705077618,0.482360544882119,-0.00312405638063229,-10.7609295116493,5.07584505195683,-2.16774039473557,0.29,0.67,0.11,2.20958683302482,-10.398190785217,4.77931302790916,-1.79304295967874,0.614651987341167,0.243988478539581,-0.367398031064197,2.21400639453311,75.87925632,0.0278378030921021,0.0278478242720419,0.0550287457291527,0.0016100543450487,0.0019165933007225,0.00103266087321003,0.000325063033848468,335,0
1,75.959484672,accepted,7.68549961568156,-0.414799700965725,0.35905443241354,-0.376679664899206,-0.323757869108631,0.644889112375197,0.396463941305697,-0.00418449023877487,-10.7609293944948,5.15359310135123,-2.19335939938853,0.34,0.78,0.04,2.20958683302482,-10.3748111814593,4.84003626965776,-1.80008610417976,0.656761500454415,0.149861555189283,-0.35242572013227,2.21570984838823,75.959484672,0.0276040471408508,0.0276181546307133,0.0547899314834045,0.00161234743003709,0.00191197969728145,0.00107383324305983,0.000322574880389665,336,0
1,76.059700224,accepted,11.8632546623072,-0.424667236591269,0.396282816681088,-0.379567531007113,-0.259720235462519,0.916470710687016,0.389584432525982,-0.00617473590405693,-10.7359812030273,5.24244797853817,-2.22536083814409,0.38,0.93,-0.11,2.20958683302482,-10.3364575803456,4.9078134170458,-1.82961150196534,0.634495915932313,0.0337184196461266,-0.495753138736064,2.21844094115646,76.059700224,0.0275704586150635,0.0275929488513385,0.0547511881202754,0.00164387450613955,0.00187580254661687,0.00113473907064598,0.000320652205045397,337,0
1,76.161910272,accepted,10.9461892943773,-0.473358855054384,0.431325997962972,-0.374054111796656,-0.303876310284452,0.844384708030576,0.403709793771779,-0.00847354264136335,-10.7442970724279,5.34240976956704,-2.25799917147657,0.33,0.87,-0.2,2.20958683302482,-10.2998124911948,4.96947929075678,-1.86696361996073,0.627450743944811,0.0440710297899176,-0.599731501754016,2.22028167679772,76.161910272,0.0275554451019515,0.0275867251447377,0.0547340927559478,0.00164630959839499,0.00185320187046773,0.00114590658956202,0.000318942110586622,338,0
1,76.262122752,accepted,9.39038538745983,-0.48779915369076,0.479125189990954,-0.359509245972585,-0.0602950437032469,0.864432468495191,0.266009246503225,-0.00804102666664264,-10.7276648671197,5.45347838640462,-2.28999962926243,0.56,0.86,-0.39,2.21133216227682,-10.2556345569506,5.0353605644616,-1.92090442444888,0.618436170165934,0.0149525237602252,-0.653887363886246,2.22196566377849,76.262122752,0.027519644205929,0.0275580098663552,0.0546984180152217,0.00165976332756028,0.00182582161605736,0.00116701461602509,0.000317248659175141,339,0
1,76.362363136,accepted,12.7758907808678,-0.511644446953934,0.504656285125311,-0.39894274281906,-0.491837596775654,0.867555736927813,0.363869850828103,-0.0108395200895122,-10.7027166933553,5.5312263991184,-2.38520064831836,0.14,0.73,-0.33,2.21133216227682,-10.2310574215471,5.08760879604796,-1.97183736726294,0.621964665386698,-0.119361716671825,-0.690268579634601,2.22358339430171,76.362363136,0.0274856317155947,0.0275313916695093,0.05466548880578,0.00171613624339041,0.00181003213857476,0.0012221199186505,0.000315271561404086,340,0
1,76.460543744,accepted,21.5709330410141,-0.517542927588465,0.552150349398254,-0.435140553704041,-0.24279840750382,1.29372409134041,0.442358922650152,-0.0131450488744917,-10.6944005227774,5.63118816570001,-2.47844615894937,0.23,1.25,-0.29,2.20958683302482,-10.202984628112,5.16492784187687,-2.02520798611709,0.467938618035781,-0.0174505607605313,-0.728440151055628,2.22531911983361,76.460543744,0.0274319649852029,0.0274837468197559,0.0546148183808731,0.00168044794991033,0.00171552483441142,0.00119546893270315,0.000313702986793898,341,0
1,76.56078976,accepted,8.44790724702962,-0.494075004008989,0.561686908618809,-0.465581019421891,0.0290560213480254,0.785559800749935,0.35181467578322,-0.0144190014845167,-10.6528202794642,5.73114988312123,-2.5736532588142,0.43,0.83,-0.54,2.21133216227682,-10.1698637527236,5.22645200520974,-2.09587489699961,0.400065738381264,0.0608825718578198,-0.889056683818505,2.22737601643274,76.56078976,0.0274060522322315,0.0274622009846018,0.0545921038476296,0.00166477148569177,0.00168141557349448,0.00116898549032743,0.000312448716124078,342,0
1,76.6609984,accepted,4.49958335790195,-0.502238543616992,0.562486155098416,-0.484873702667184,0.0144238654051353,0.36350872965292,0.4927663111782,-0.0169512109747667,-10.6361881430108,5.79779104453278,-2.66882486140235,0.29,0.47,-0.4,2.21133216227682,-10.1465317043913,5.26888467055362,-2.16484723900122,0.273588182479834,0.114696515610867,-0.887864141627713,2.22878135720986,76.6609984,0.0273856871349367,0.027445250548551,0.054577037782545,0.0016451632183031,0.00162544136742556,0.00115485921227558,0.000311379160447606,343,0
1,76.761265664,accepted,5.87833364897239,-0.500446923964708,0.586562190806304,-0.509099028397991,0.244586522777128,0.546330463563102,0.366031684685467,-0.0233132824266642,-10.6278720251317,5.86443221764284,-2.76405214122582,0.39,0.62,-0.52,2.20784150377283,-10.1275787433357,5.32248317139402,-2.24241591081402,0.147659685462158,0.0854580799751876,-0.882847688570907,2.23208958569413,76.761265664,0.0273597221174922,0.027418729206833,0.0545566095091787,0.00165507159652409,0.00158166304564862,0.00117282620597094,0.000310145303802815,344,0
1,76.87549696,accepted,7.19782476240123,-0.488523766270054,0.603073478668747,-0.517337268554985,0.269230030637199,0.377874462190297,0.614748335000476,-0.0411849826615001,-10.6029238707566,5.9310733656074,-2.8725415439963,0.33,0.41,-0.59,2.20086018676485,-10.1128166419722,5.36446719406936,-2.32835304297298,0.0632086720641268,0.0405658163193255,-1.19821670219972,2.24254755040888,76.87549696,0.0274605919386168,0.027517297357824,0.0546684894079729,0.0017113482822423,0.00159262761763238,0.00118519260759844,0.000309237379858233,345,0
1,76.961700352,accepted,11.8921403224031,-0.480628276758784,0.623498839269683,-0.507803870971603,0.22906457831553,0.696362275322649,0.693590859635236,-0.0543239735191938,-10.5862917513538,5.98660766221016,-2.9544118793803,0.34,0.65,-0.77,2.19387886975687,-10.1058939276013,5.41691989059971,-2.41596599862479,0.112847084375712,-0.0325469984079239,-1.45697826292349,2.24883965031171,76.961700352,0.0272923046300985,0.0273439930345951,0.0545024382531494,0.00177404338570694,0.00161827694330532,0.00118176998697893,0.000308024697312849,346,0
1,77.063944704,accepted,12.6858369642389,-0.50347677419464,0.639892479923319,-0.468496589513598,-0.148826366319808,0.452688473783569,0.953486026321989,-0.0575587512243825,-10.5946076686948,6.05324886079382,-3.05151686788655,0.05,0.34,-0.82,2.19213354050488,-10.1124745069268,5.45263047101527,-2.53947444262505,0.192638895066989,-0.104658116730622,-1.76337708080028,2.24905077863911,77.063944704,0.0272917604087471,0.0273381774349222,0.0545095616730826,0.0018658443311594,0.00167684532621036,0.00116759550498976,0.000306934812631291,347,0
1,77.162181632,accepted,14.9554703828972,-0.521100271545418,0.678728536946652,-0.42440907574198,-0.138013371810807,0.872077145773994,0.721668943610308,-0.0584349914204667,-10.6029236076027,6.10878319464818,-3.14481586756459,0.35,0.48,-1.14,2.19038821125288,-10.1026957965016,5.49418583609854,-2.68803400658138,0.483453931633077,-0.37498097331563,-1.85531492323574,2.24941939757964,77.162181632,0.0272441165675288,0.0272844802061072,0.0544667266567365,0.00203630666658934,0.00175549524384499,0.0012036899998655,0.00030466021326152,348,0
1,77.26240384,accepted,10.0711368486735,-0.531938476855192,0.702645649632607,-0.363845889296685,-0.26832608275398,0.765318045860953,0.493937806467568,-0.0557644747724133,-10.577975484616,6.1532106156958,-3.24000076091846,0.39,0.26,-1.35,2.19387886975687,-10.0733902148212,5.5072782398453,-2.85685547393266,0.651417481844482,-0.490357630456594,-1.84033746661087,2.24981740129784,77.26240384,0.0272340681086765,0.0272702542804896,0.0544629774924527,0.00210519763923194,0.00179722130930775,0.00120229411612725,0.000302002728278967,349,0
1,77.362633984,accepted,6.35508221316238,-0.556642975935048,0.719457173049161,-0.387482351458521,-0.160783142084969,0.513427877922909,0.506052356287553,-0.0636670032378324,-10.5613434150527,6.17542431816681,-3.44337933875154,0.56,-0.03,-1.53,2.18864288200089,-10.0273273752785,5.4995824172383,-3.03670059435218,0.715251235172541,-0.533045727910526,-2.03199496634184,2.2522357296991,77.362633984,0.0272351070192867,0.027267506898124,0.0544685986443593,0.00216708958018852,0.00184271714963519,0.00117923606567359,0.000299758720531824,350,0
1,77.460835584,accepted,9.85065175576668,-0.536111271686686,0.733047872070485,-0.40148515963084,-0.230903198873664,0.790223251056696,0.475795609609257,-0.0672866417245928,-10.4864992507367,6.175424208254,-3.64264176572098,0.64,0.17,-1.61,2.18689755274889,-9.97536760167957,5.49985057245815,-3.2246831185125,0.86519820978068,-0.604625711307421,-2.08304561589262,2.25471039226947,77.460835584,0.0272206500555517,0.0272478035578133,0.0544559958552003,0.00222032566592574,0.00189839809790516,0.0011542121354153,0.000296994830651747,351,0
1,77.561129984,accepted,5.88331750135094,-0.56232244765083,0.767238237091886,-0.403723998576105,-0.210454746468998,0.577084234728641,0.296931983406928,-0.0707572679348889,-10.4449191249521,6.19763787699411,-3.84615072642469,0.76,-0.2,-1.96,2.18689755274889,-9.90807475546507,5.48002628653255,-3.4338398921157,0.964122145113297,-0.764150906645197,-2.25563354092728,2.25774501282697,77.561129984,0.0272142123730839,0.0272370248287155,0.0544484603333879,0.00237124641287658,0.00195613781575877,0.00115834185419043,0.000293743874441312,352,0
1,77.66334592,accepted,12.1766218084958,-0.556645891886802,0.797428722714924,-0.383648405394614,0.0423610477573096,0.980645793901099,0.417453272714728,-0.0819350617244043,-10.3617589567883,6.18653089205616,-4.05355870635895,1.04,-0.01,-1.9,2.18340689424491,-9.81641644522435,5.45809263724727,-3.65725825021528,0.999423415942186,-0.969868297381632,-2.31621407251238,2.26758216611578,77.66334592,0.0272481375565362,0.0272641995656026,0.0544799091165708,0.00255565799896462,0.00194890954905107,0.00117604638936536,0.000291166926642554,353,0
1,77.761620224,accepted,9.52603009494347,-0.549645980314898,0.813074224418991,-0.36406900368033,0.0652663887966294,0.702803359990601,0.570397531413526,-0.090001115600463,-10.270282785554,6.16431703104547,-4.25296865817,0.99,-0.48,-1.86,2.18166156499291,-9.73124153543986,5.40797899281455,-3.86648166638483,0.925490919077238,-1.1676695142503,-2.42626466807928,2.27291902682176,77.761620224,0.0272371988819051,0.0272425808694068,0.054462944591499,0.00274441241590768,0.00189599895838667,0.00119149371147686,0.000287557315370423,354,0
1,77.87987072,accepted,10.0277928590808,-0.552904834311922,0.856261671912257,-0.349059301322633,0.083386161660622,0.76759614086197,0.458960470128607,-0.0948959342044242,-10.1704906431433,6.10878256679871,-4.49291261858713,1.1,-0.68,-1.83,2.17991623574092,-9.62642547678847,5.31725498210228,-4.12540182240433,1.0194205882802,-1.42950349255753,-2.28581264750031,2.27664898308823,77.87987072,0.0274123192705769,0.0273927929465439,0.0546285363639437,0.0029605103424851,0.00186786509716698,0.00119450851437591,0.000283110094125927,355,0
1,77.960098816,accepted,16.8396081748186,-0.54013354437962,0.854704151420501,-0.348919436342242,0.250876938351663,1.08919340455021,0.426564710203865,-0.0999845585740884,-10.0706985150779,6.04214123947791,-4.65570472299373,1.51,-0.68,-1.83,2.17817090648892,-9.52759611528121,5.27091045058372,-4.29093062201532,1.27266301139428,-1.74198681980902,-2.25466448676726,2.28287757126734,77.960098816,0.027196455912378,0.0271678086526451,0.0544067862502548,0.00326814881911807,0.00193575136015392,0.0012196622926657,0.000276169571579552,356,0
1,78.062324992,accepted,10.7696760100056,-0.521831573319822,0.87206941387473,-0.338056236703865,0.174984186582209,0.72024575771441,0.561583471326066,-0.103631288650334,-9.91269428570511,5.95328610539004,-4.86313348107469,1.51,-1.21,-1.8,2.17991623574092,-9.39300551579149,5.14419566272722,-4.50032067370641,1.34308115841679,-1.9119063737448,-2.35675906901853,2.28629604662138,78.062324992,0.0272192302277005,0.027166247405448,0.0544127898415697,0.00341750831821018,0.00194075064500581,0.00120233825430635,0.000269261435907104,357,0
1,78.16256384,accepted,23.4736418533728,-0.517272012687444,0.921446723070265,-0.32964625191118,0.585951106155451,1.24184156762946,0.500374968165794,-0.104017277010323,-9.7713220883266,5.86443099652051,-5.0665297203325,2.03,-0.89,-1.83,2.18166156499291,-9.23035510948206,5.0356387386817,-4.7181005032898,1.47284193011061,-2.0990172109679,-2.32808583068524,2.29337350347702,78.16256384,0.0272403481622568,0.0271581342002034,0.0544105474787682,0.00358591878491414,0.00194260776974412,0.00119616125104368,0.000261806029425202,358,0
1,78.262840064,accepted,14.279595830509,-0.485759899352347,0.911375584720705,-0.319040547788315,0.393073094956795,0.744163648219552,0.690131098460667,-0.107196758425838,-9.57173781576501,5.73114835523971,-5.27000127683677,1.85,-1.51,-1.64,2.18340689424491,-9.07343457171049,4.88626601854891,-4.91847981264646,1.47475938912423,-2.2336970071429,-2.32358880602194,2.29505436504959,78.262840064,0.027250979931652,0.0271376780773589,0.0543956333083218,0.00365682913354199,0.00188380072167143,0.00118919000267556,0.000253949097205578,359,0
1,78.36304512,accepted,15.2159177015687,-0.478704365058695,0.945513404088776,-0.270526554800827,0.455666720767492,0.91242012358952,0.485299864679003,-0.107200525081228,-9.39710159196095,5.59786575184032,-5.41424648477227,2.15,-1.58,-1.71,2.1851522234969,-8.89974700296081,4.72996646056805,-5.1223467470936,1.7190211760377,-2.46572298569455,-2.19146953072309,2.29841700492421,78.36304512,0.0272626304301329,0.0271141677827074,0.0543798335830481,0.00385276585420964,0.00193523704367489,0.00117895291916928,0.000245755180952838,360,0
1,78.461262848,accepted,22.0197367462022,-0.469717482590534,0.980942646933672,-0.218711276645651,0.561407297426507,1.17830344256625,0.453591527797493,-0.104606932299145,-9.19751731935219,5.45347625584475,-5.55563093346029,2.37,-1.58,-1.74,2.18864288200089,-8.69996560252689,4.5667255587899,-5.31723510278209,1.84318907389101,-2.72409434552329,-2.19056011350894,2.3013393693794,78.461262848,0.0272583608382546,0.0270746727639972,0.0543456242443242,0.00410399428517745,0.00193280376162397,0.00120665808245856,0.000236479469661135,361,0
1,78.563480064,accepted,16.8565777888729,-0.452825385815862,0.997349466663401,-0.163237849160836,0.439574653798154,0.871628193831045,0.690154589174338,-0.0899544063204942,-8.96466900263672,5.27576613175774,-5.70277264631465,2.29,-2.03,-1.45,2.19562419900887,-8.49262301169473,4.35498178554929,-5.50459261623889,1.87641132026393,-2.87632833516289,-2.13295353957268,2.29139975634176,78.563480064,0.0273051764163781,0.0270756384104484,0.0543542283652846,0.00417005233838427,0.00187887760953863,0.00121465113895665,0.000227527816627933,362,0
1,78.661731584,accepted,21.5756892358077,-0.42215919029522,1.01496758501427,-0.138112191972403,0.444942546340634,1.12627103189875,0.638084500477363,-0.0774725767109032,-8.73182070200826,5.07584228764682,-5.84420573859673,2.3,-1.95,-1.37,2.20086018676485,-8.28731688097386,4.15176347210438,-5.67405272887553,1.88447137679902,-3.04625530950457,-2.00156516341009,2.28484164615119,78.661731584,0.0273103011653019,0.027036572204444,0.0543235114019649,0.00426015219355064,0.00180720713552199,0.00125004244051281,0.000220023212020165,363,0
1,78.764017408,accepted,16.1148947102832,-0.402527718459668,1.0075766141256,-0.117805685388901,0.0686445738278094,0.859418435842764,0.785365794420405,-0.0753463327137394,-8.49897242547744,4.84259785673129,-5.99144621268751,1.89,-2.27,-1.15,2.20260551601684,-8.09963603971689,3.90772000994417,-5.83251755407667,1.82938636645121,-3.10963679137766,-1.92620604587813,2.28016424177918,78.764017408,0.0273668453436814,0.0270374076259827,0.0543363773980908,0.00417629027331575,0.00173420924767034,0.00126136307367438,0.000213470670893682,364,0
1,78.878241024,accepted,21.8482067085475,-0.404386124507494,1.10203397195315,-0.107404444505505,0.423599530602243,1.24741391385365,0.486613953513098,-0.073834421545401,-8.2993881780377,4.64267406570901,-6.15587114191528,2.21,-1.97,-1.38,2.20435084526884,-7.87356978012239,3.63687040164686,-6.02553347090198,1.81168798109195,-3.18800509017176,-1.86203331853136,2.28363010590383,78.878241024,0.0275830956194175,0.0271614940584351,0.054488708077588,0.00414762609056888,0.00168654620307322,0.00129035153605704,0.0002075240570142,365,0
1,78.962502656,accepted,24.0943609841223,-0.341681682575625,1.07264565575217,-0.0910297210230979,0.609007131321772,1.16535599843409,0.692923195834186,-0.0804737249686776,-8.06653983835266,4.44275024268742,-6.27716578625761,2.36,-1.97,-1.38,2.20260551601684,-7.69178963678944,3.46085396644584,-6.15207410018305,1.78079918138624,-3.10804831760966,-2.06599705331104,2.28914150482345,78.962502656,0.0274515740578651,0.0269978879345306,0.0543332869770222,0.00388495580891785,0.00165260273676196,0.00126969342535221,0.000201835658983069,366,0
1,79.062718464,accepted,17.4488942023627,-0.329479794884763,1.07296688821598,-0.0563639752737073,0.125648484550625,1.02502816572629,0.638258771884524,-0.0850537982134769,-7.84200753021295,4.22061270677082,-6.42142647170031,1.9,-2.13,-1.48,2.20435084526884,-7.50939817435008,3.23049303543282,-6.33224466546278,1.78331901836301,-3.13263800875124,-2.11169571821628,2.29159166559917,79.062718464,0.0274873258827565,0.0269792491037265,0.0543267583578711,0.00377808458323695,0.00163207305291343,0.00128139546543276,0.000196665517199039,367,0
1,79.162937088,accepted,23.507377652481,-0.302848955962205,1.12275353437001,-0.0137416435656981,0.654234939842997,1.308664207598,0.374495959978531,-0.0873995218966366,-7.63410720239803,4.04290265412848,-6.56569121077586,2.38,-1.73,-1.86,2.20435084526884,-7.29662544169317,3.01490448580439,-6.53627989889509,1.75184123323476,-3.01083951938964,-2.23266812845141,2.29695179255734,79.162937088,0.0275698623436942,0.0269914321311756,0.054355947687404,0.00352405963304376,0.00161293957108424,0.0012593952111652,0.000192750677338322,368,0
1,79.263186432,rejected,26.8000523203336,-0.247926205215839,1.1253089716501,0.0654746012068523,0.486569501018237,1.50145772536212,0.632206169483993,-0.0953963840399688,-7.36799473795844,3.84297881832488,-6.71000015435863,2.26,-1.42,-1.83,2.20260551601684,-7.1200685327426,2.71766984667478,-6.77547475556548,1.77343049898176,-2.92145772536212,-2.46220616948399,2.29800190005681,79.162937088,0.0275698623436942,0.0269914321311756,0.054355947687404,0.00352405963304376,0.00161293957108424,0.0012593952111652,0.000192750677338322,368,1
1,79.363382016,rejected,31.2629833901457,-0.165405271740886,1.24829785183188,0.183769232921064,0.401895337620215,1.79645129663508,0.676474701641832,-0.0947280608741581,-7.11019824704844,3.6763755922216,-6.83996698100428,2.17,-1.09,-1.82,2.20260551601684,-6.94479297530756,2.42807774038972,-7.02373621392534,1.76810466237978,-2.88645129663508,-2.49647470164183,2.297333576891,79.162937088,0.0275698623436942,0.0269914321311756,0.054355947687404,0.00352405963304376,0.00161293957108424,0.0012593952111652,0.000192750677338322,368,2
1,79.461634816,rejected,47.1773654769439,-0.0842942585922737,1.39430893745351,0.3014157626478,0.248402451620262,2.45107305260768,0.902447928304874,-0.0954055484149383,-6.85240171253077,3.543092970084,-6.96741376174315,2.05,-0.39,-1.6,2.20086018676485,-6.76810745393849,2.14878403263048,-7.26882952439095,1.80159754837974,-2.84107305260768,-2.50244792830487,2.29626573517979,79.162937088,0.0275698623436942,0.0269914321311756,0.054355947687404,0.00352405963304376,0.00161293957108424,0.0012593952111652,0.000192750677338322,368,3
1,79.563842304,accepted,15.1012663601415,-0.0603568831443688,1.5842439515818,0.432462701244615,0.276914612971478,1.29836899026941,0.882189203927499,-0.0974239393010037,-6.64450127019262,3.44313099539968,-7.09999029201004,2.06,-1.55,-1.75,2.19911485751286,-6.57385015196653,1.93939144171701,-7.50523490778376,1.7892179262932,-2.82973171549683,-2.62829567476534,2.29773400624309,79.563842304,0.0316642301589928,0.0301674227784954,0.0577399751310787,0.00342725943329837,0.00178418787289422,0.00128303320466993,0.000195753067718982,369,3
1,79.664113152,accepted,11.8534763039015,-0.0442154775534886,1.62726264263254,0.5418469203343,0.397786091243148,1.07665311987365,0.813684603925779,-0.105059566084371,-6.44491689184109,3.28763471385858,-7.23005474594474,2.1,-1.74,-1.85,2.19387886975687,-6.38774050326801,1.73402881853153,-7.7457488429525,1.70877862486971,-2.80033427829034,-2.65997513535361,2.3000522283493,79.664113152,0.0318620388946112,0.0302453479384068,0.0578837797461577,0.0033496367574202,0.00177121100924239,0.00131039809778861,0.000193729071328953,370,3
1,79.764335104,accepted,11.7065290212673,-0.0219465481457668,1.6763069685399,0.644890858939336,0.296013952641784,1.12498076233417,0.759280162650495,-0.109919958734704,-6.23701648026638,3.13213842993174,-7.36005577534814,2.11,-1.71,-1.68,2.19387886975687,-6.20446737985201,1.53136756147483,-7.97869396963875,1.8192654496621,-2.81813209891067,-2.43563296131602,2.30467637247888,79.764335104,0.0320602979232696,0.0303259312700606,0.0580314860260155,0.00330974311811389,0.00175743029600142,0.00129742014250683,0.000191833547647782,371,3
1,79.882528512,accepted,10.5568189867101,-0.0864915248186682,1.7434480264793,0.74393650869597,-0.620093978373467,0.805628751011649,0.995345146435399,-0.113244183895743,-6.07069621251398,2.93221473048428,-7.5133681425698,1.19,-2.15,-1.28,2.19387886975687,-6.00318780348706,1.25191235844748,-8.22825796529969,1.80206828124502,-2.94342937381832,-2.27088637798287,2.30565587295628,79.882528512,0.0325733163027568,0.0306364256945984,0.0584199306800976,0.003416860854276,0.00175272139067579,0.00135031103269024,0.000190702236430802,372,3
1,79.962789376,accepted,12.3529431361399,-0.0751035837966763,1.73149939948133,0.786851789924842,-0.0419703929738988,1.22907603458005,0.961565539220557,-0.112387186761307,-5.92932399006914,2.74339791931598,-7.61747702024167,1.85,-1.83,-1.19,2.19387886975687,-5.85616404955095,1.08509345116973,-8.37436240212391,1.89188777660903,-3.04329170000158,-2.14707043226637,2.30617968909359,79.962789376,0.0325312379839731,0.0305240221844156,0.0583696726178964,0.00348353230029394,0.00175291926406001,0.00136200747824715,0.000188962200081629,373,3
1,80.06297088,accepted,12.3044993654773,-0.0752021864647068,1.79731767575538,0.830280665232845,0.222944112483132,1.18924497097133,0.969655144107324,-0.113623034805363,-5.73805560772148,2.57679479983341,-7.74742558327885,2.17,-1.97,-0.95,2.19387886975687,-5.6572161194087,0.853742129431892,-8.54625202751456,1.95054915910638,-3.1430294374574,-1.91464338695674,2.30797475888673,80.06297088,0.0327918443006053,0.0306408533401497,0.0585555923995037,0.00357140486847065,0.00175807006276501,0.00138604163706426,0.000187482205467303,374,3
1,80.1631744,accepted,8.666771297946,-0.0878240476246361,1.8343314156456,0.846646187696154,-0.0697702262423856,0.763368979494313,0.9206910694071,-0.116705143850142,-5.55510326505445,2.3768710985972,-7.87740270395837,1.76,-2.25,-0.82,2.19387886975687,-5.47157865876017,0.607447425148399,-8.69397658397481,1.82851741993651,-3.00020390065975,-1.73599928440644,2.31016251738194,80.1631744,0.0330752967435215,0.0307649172988926,0.0587538374479007,0.00337810538995581,0.00175197726708662,0.00137270261975774,0.000186240973063109,375,3
1,80.265398272,accepted,11.5774072554792,-0.0987865879917482,1.87156558625253,0.844417332639106,0.0815919416980331,1.02290884150208,0.955158922531351,-0.119093137954432,-5.38046693516954,2.17694740930811,-8.01000006761249,1.93,-1.96,-0.52,2.19387886975687,-5.28117171588103,0.379194972764937,-8.82052160371737,1.84949568613616,-2.96687402693959,-1.4697033937024,2.3128846018216,80.265398272,0.0333413400749796,0.0308978036972783,0.0589488211336983,0.00333640348067143,0.00177503318390405,0.00136130412472243,0.000185024170218998,376,3
1,80.365664,accepted,10.43017069837,-0.119614722450348,1.92431292733571,0.931474882538669,0.0334020664421746,1.03896349515772,0.681668026749585,-0.125928411319845,-5.20583058139644,1.99923745185006,-8.02807797566355,2.07,-1.96,-0.58,2.19038821125288,-5.08708374209746,0.15181949434037,-8.92993298143244,2.0369942844337,-2.98184154112966,-1.25740596413419,2.31618986211348,80.365664,0.0335762844214345,0.0310082731740562,0.059116035676823,0.0033510275557944,0.00182212536294117,0.0013107544623889,0.00018396571255141,377,3
1,80.461862656,accepted,7.51143937895044,-0.0923956757864941,1.91728780838782,0.99680029395255,0.140306328225799,0.525810619654064,0.762539134655213,-0.129024035388423,-4.98129810545354,1.77710000746387,-8.04542259074282,2.27,-2.56,-0.3,2.18864288200089,-4.88709396660283,-0.0764360938281702,-9.00945041536579,2.1313207494912,-3.07262904117557,-1.05736306779856,2.31758150524088,80.461862656,0.0337549229513334,0.0310853125983479,0.0592341600920762,0.00345131023577934,0.00186699777471659,0.00131453889262137,0.000182807173751569,378,3
1,80.562066432,accepted,23.4206375950517,-0.0388865970604391,1.99122235351389,1.05327834756086,0.78124648812337,1.87514249662885,0.991292001204378,-0.127275737526942,-4.70686944508905,1.59938999378168,-8.06348932884995,2.99,-1.31,-0.08,2.19038821125288,-4.64146209845743,-0.296374006211729,-9.07762631105603,2.22110560598828,-3.16140585158751,-1.06488849273254,2.31937360670138,80.562066432,0.0340214423433757,0.0312240599128635,0.0594098801450057,0.00352077406265557,0.00189369135075093,0.00132953788814237,0.000181392413140934,379,3
1,80.66232064,accepted,22.0355992177262,0.0669606018067608,2.05286603484658,1.10189485416171,1.16374683046756,1.58892497191972,1.06357834243348,-0.114513090680924,-4.34928052577644,1.43278680475534,-8.0815651598453,3.41,-1.64,-0.01,2.20086018676485,-4.3774473536113,-0.530451650829994,-9.14221573136194,2.26342218594317,-3.20717132058068,-1.06649318459063,2.31778336314729,80.66232064,0.0343127127769486,0.0313774250685487,0.0595973223899344,0.0035410583661747,0.00191298755644139,0.00135620565004357,0.000179632540122624,380,3
1,80.762565888,accepted,9.53917784966353,0.0810360467843756,2.07369466311987,1.15837610225002,0.0696798369688243,0.889941000666441,0.908550425604266,-0.10963188269851,-4.06653583140207,1.22175621976806,-8.09963937535291,2.44,-2.34,-0.25,2.20609617452083,-4.14168186689977,-0.779509055679354,-9.22404086492932,2.37267305762881,-3.21443287828602,-1.15369900800533,2.3158468428221,80.762565888,0.0346239899027119,0.0315504058439544,0.0597974392942953,0.00349517098167628,0.00193427360240919,0.00135220927736566,0.000178452715366833,381,3
1,80.876770304,accepted,9.0817445087054,0.0758835093715655,2.13579508241657,1.23383415861379,0.307147312305862,0.768380010662143,0.814324472016789,-0.104298938584685,-3.78379113173535,0.988511914905623,-8.120230428474,2.84,-2.48,-0.34,2.21133216227682,-3.84683186734899,-1.07395860853835,-9.3190003410529,2.53822501908739,-3.23253556293271,-1.14922905970564,2.31626253797222,80.876770304,0.0351452255368413,0.0318907747839779,0.0601580563050761,0.00348929477058585,0.00198303472455979,0.00135492371722264,0.000177525143101434,382,3
1,80.961012736,accepted,10.7638294781447,0.158287825874301,2.0984638278303,1.28581545424375,0.576388265922046,0.961202602289932,0.808599469694524,-0.0994302869343171,-3.47609833942265,0.755267609740526,-8.1354193366889,3.13,-2.19,-0.42,2.2165681500328,-3.61126072526044,-1.26726101253757,-9.38503831518552,2.56261543061825,-3.13412008838617,-1.22335255255825,2.31720177508925,80.961012736,0.0351910693825568,0.0318901046003536,0.0601566963508771,0.003327392351982,0.00197972773210862,0.00136523898638072,0.000176351125206342,383,3
1,81.063266816,accepted,14.5230722364769,0.175481944510347,2.15215323085425,1.36289960576016,0.428821561619513,1.36730725564598,0.940919793430951,-0.0941850121729821,-3.16840550835888,0.566450774920001,-8.15385574455187,3.1,-1.73,-0.4,2.22354946704078,-3.3223374190081,-1.49977079532068,-9.47707527136499,2.67945232972744,-3.07724556929828,-1.33542487407394,2.31891289252184,81.063266816,0.0355128547538543,0.0321094890129444,0.0603749047211852,0.00322333702430685,0.00200004712977774,0.00137305799169697,0.000175580205625611,384,3
1,81.1635264,accepted,12.0913525434503,0.170517062946157,2.19471469253046,1.44092626109689,-0.0758451578624553,1.16912729152642,0.825491517280937,-0.0928583946626738,-2.87734470666031,0.388740824850813,-8.17193254483989,2.76,-1.86,-0.55,2.22704012554476,-3.04055168929153,-1.72202316352989,-9.57484048189454,2.83846100557729,-3.01015823253628,-1.37075588371838,2.32024698742094,81.1635264,0.0357787355955047,0.0323036449821744,0.0605621385014775,0.00312636076351414,0.00203718843951738,0.00135749574987093,0.000174651365821007,385,3
1,81.263734272,accepted,9.0031598992754,0.155958087354793,2.21045021771928,1.52426840694119,0.0567634056691761,0.605253717980156,0.864043427402339,-0.0914028660310975,-2.59459992311198,0.188817161958984,-8.19000004630733,2.94,-2.33,-0.46,2.22878545479676,-2.74147360759169,-1.94916691151396,-9.67204698322623,2.88666412745374,-2.91998547324545,-1.3182311793761,2.32053798128364,81.263734272,0.0360232081430098,0.0324985557485797,0.0607392405458801,0.00302497275811437,0.00205762775576496,0.00135681451834756,0.000173642732055647,386,3
1,81.363934208,accepted,9.47668455634747,0.134299962659712,2.20322126925319,1.57419095882199,-0.145225304335372,0.784581145687814,0.803464293377345,-0.090341719450385,-2.32017115887231,-0.0333202171397799,-8.22899156871998,2.66,-2.09,-0.53,2.22878545479676,-2.45173677738265,-2.16080277706559,-9.76287375011206,2.80624080365703,-2.85837477404164,-1.32841940382484,2.31913632117501,81.363934208,0.0362570759506067,0.0327000860156215,0.0609163176666647,0.00294446024940516,0.00204753665273679,0.00137828076108762,0.0001728954614676,387,3
1,81.464169216,accepted,14.111692208173,0.141129382155964,2.23821675159936,1.63041941348387,0.341614487047031,1.20976373178425,0.853221659486201,-0.0839317757905675,-2.03742633463115,-0.21103012999544,-8.26799673895245,3,-1.76,-0.51,2.23053078404875,-2.15858533316946,-2.35977872485642,-9.85266242288384,2.66576469361337,-2.94906952312497,-1.35703052830841,2.31539037311196,81.464169216,0.0364664572339857,0.0328901078458749,0.0610833609746125,0.00299451362248963,0.00203175895003676,0.00143830470287537,0.000172274683574874,388,3
1,81.564370176,accepted,15.5815918569923,0.131713114220636,2.27925159055873,1.67698348172597,-0.0959680125843945,1.44314076996153,0.698707202527864,-0.0794211301565548,-1.771313550049,-0.377633163284133,-8.30698865984159,2.38,-1.57,-0.56,2.23053078404875,-1.89808940781411,-2.56001245872171,-9.94286185973328,2.47738549810413,-2.99012374991422,-1.25416659140954,2.30988563932659,81.564370176,0.0366787500444942,0.0330733433298815,0.0612557207065548,0.00302672255487286,0.00204200666114601,0.0014835119235712,0.000171755300468443,389,3
1,81.662616576,accepted,12.2896853662953,0.123314501460648,2.31028328088235,1.71249463500953,-0.120305962039342,1.18951977035092,0.552684675718855,-0.07889883839086,-1.53014883061123,-0.544236181540342,-8.34521998872748,2.37,-1.78,-0.51,2.22878545479676,-1.65029833067117,-2.76274220687053,-10.0194037821013,2.49086206071603,-2.94790301572857,-1.0586358322788,2.30749292907604,81.662616576,0.0368627493275996,0.0332310426067058,0.0614029823739555,0.00300651288568307,0.00207955410733244,0.00142249271376434,0.000170930466493407,390,3
1,81.766838784,accepted,8.21565988386156,0.12833779478004,2.32098670535202,1.72998489744708,0.607222218907344,0.581929136010965,0.168289830708119,-0.0810976090687139,-1.27235205186627,-0.74415978806713,-8.38577672679892,2.92,-2.23,-0.66,2.22878545479676,-1.37436681286746,-2.98773852183446,-10.083209771924,2.32124103584462,-2.79502071099449,-0.824501281213558,2.31080692176669,81.766838784,0.0371323264240753,0.0334617204994307,0.0616174385681116,0.00291450128204825,0.0021425073614857,0.00140635927314046,0.000169954149750759,391,3
1,81.881012992,accepted,8.4499750746559,0.0415479379780739,2.33376786543176,1.7335385330162,-0.74304431266895,0.49998021748432,0.311697554892983,-0.0817193683102357,-1.06445142409871,-0.977403969571903,-8.43020615827259,1.63,-2.4,-0.35,2.22878545479676,-1.12628272791072,-3.23813977257029,-10.1345373310489,2.36515196816845,-2.8839317020495,-0.659747651256958,2.309161510774,81.881012992,0.0375793715961767,0.033840874819145,0.0619753461081987,0.00301873127753096,0.00219980482617763,0.00139853817175741,0.000169365396148124,392,3
1,81.965244928,accepted,16.4467429429143,0.0618406151484305,2.33027103178661,1.72561044267159,-0.168690886659946,1.6887797029575,0.456844605113222,-0.0787934218142077,-0.873182831016802,-1.15511382252346,-8.46298393789516,2.06,-1.24,-0.1,2.23053078404875,-0.935894133935156,-3.38418157342117,-10.1531143467527,2.22702730827701,-2.90277084216121,-0.55353878870811,2.3085295179123,81.965244928,0.0375579424768435,0.0338476613059562,0.0619507519501413,0.00303988968241524,0.00224582314076527,0.00145327934459536,0.000168472787321086,393,3
1,82.065517056,accepted,7.60868593188709,0.0956821931818299,2.33683194624769,1.70859321814683,0.557687741667723,0.634696047325844,0.408749065787976,-0.0760850839312277,-0.623702036942579,-1.33282367585107,-8.50200355290045,2.57,-2.1,-0.23,2.23227611330075,-0.702216088897432,-3.59650599040296,-10.1753667441411,2.01774079227278,-2.71896151341713,-0.634391929969226,2.30870536421833,82.065517056,0.0378520999977787,0.0340976101921183,0.0621768302053542,0.00285439175463068,0.00228924876533903,0.00148711604887699,0.000167988906610821,394,3
1,82.165747456,accepted,8.3794477706163,0.113421822889384,2.35191915564636,1.69956549627313,0.476208111800421,0.963510976724272,0.340240665701943,-0.0758060545873049,-0.390853286652268,-1.51053351949092,-8.54100692998873,2.4,-1.64,-0.44,2.23227611330075,-0.490278199599511,-3.78445135152186,-10.2081422836245,1.9277193733426,-2.58599863176506,-0.77684111394683,2.30808638795942,82.165747456,0.0381423005418153,0.0343664294150486,0.0624164076477378,0.00270998971794494,0.00230638366457492,0.00150582476960809,0.000167614529311694,395,3
1,82.265950976,accepted,9.43429687101902,0.0515632753993014,2.28559733164929,1.70860665639551,-0.795402774178829,-0.257872057296718,1.05248423853954,-0.0735967610903505,-0.249480830652313,-1.7548845373092,-8.57999984706908,1.04,-2.71,0.15,2.23402144255274,-0.314492146402048,-3.98709227255659,-10.2472609432103,1.83185662048416,-2.44235827577998,-0.897282563299574,2.30698658827378,82.265950976,0.0384306276377533,0.034648619378371,0.0626657352453497,0.00257508441203033,0.00233352329725077,0.00152859712725768,0.000167439261282991,396,3
1,82.364129792,accepted,11.3478854231093,0.0587058176954136,2.30737133197048,1.69940853986924,0.65124882208959,1.39302229760274,0.49662780535229,-0.0682668718646289,-0.0831602785845746,-1.91038063951259,-8.63721532036199,2.38,-0.91,-0.46,2.23925743030872,-0.127417883609658,-4.13475730402256,-10.3014972480179,1.733051805459,-2.28347378196383,-0.952984398557285,2.30724044137422,82.364129792,0.0386598528030073,0.0349116270975307,0.0628880893344136,0.00246670172935327,0.00238095729533057,0.00156257251519471,0.000167441978971101,397,3
1,82.46635776,accepted,10.0889352092767,0.0473467831701962,2.36927512702122,1.70151449146006,-0.113727464907986,1.31059667548557,0.457252288434477,-0.0662532744091431,0.0997923353513214,-1.99923555272662,-8.69679058914662,1.69,-0.95,-0.48,2.24100275956072,0.0510977681285733,-4.28377753059433,-10.3657807076676,1.80314144452431,-2.24023117568835,-0.934552598573789,2.30639226963598,82.46635776,0.0389392447852968,0.0352318075177862,0.0631647946599521,0.00244893665080202,0.00238820274006211,0.00157811320539842,0.000167213892402208,398,3
1,82.56457088,accepted,7.70349797868051,0.0188196538510647,2.39181858015916,1.69234042758214,-0.237917956385217,0.885989603878401,0.442148920504942,-0.0624263863221035,0.257796870486666,-2.09919732546655,-8.75402612983716,1.74,-1.05,-0.3,2.24449341806471,0.234905131225465,-4.413362176343,-10.4141134553644,1.97681242630857,-1.91809004199326,-0.739365628125552,2.30621796930387,82.56457088,0.0391485623018456,0.0355111051614456,0.063379487558595,0.0023470252910118,0.00239954099600746,0.00150959554625205,0.000167028014068899,399,3
1,82.664817408,accepted,7.6780476280562,-0.0131991235939607,2.41171686099456,1.6773375879091,-0.295820968498521,0.92308641023946,0.460165982802528,-0.0593885979485456,0.432433464745508,-2.17694536674551,-8.81244667723887,1.92,-0.65,-0.29,2.2479840765687,0.440690923007877,-4.51153432498545,-10.45847191857,2.21471020360581,-1.55565960549148,-0.74756412800721,2.30677435396685,82.664817408,0.0393699954312746,0.0358429590320571,0.063622468950469,0.00222535522247983,0.00235903711020505,0.00143198357411121,0.000167038976451256,400,3
1,82.767007488,accepted,10.9730349963272,-0.0782924291020767,2.40808117378971,1.65921773117625,-0.616165766254553,0.580160866296932,1.24522026394472,-0.0581546145102481,0.582121976040653,-2.24358654051274,-8.87199986607974,1.45,-0.65,0.52,2.24972940582069,0.647981075501176,-4.58097520958703,-10.4857654711258,2.06410267919472,-1.21493235783516,-0.719826008794909,2.30733080531444,82.767007488,0.0395688903731293,0.0361983349740684,0.0638781393397766,0.00215955569079642,0.0024265847465189,0.0014805509736266,0.000167035010083052,401,3
1,82.881223424,accepted,10.2127389437606,-0.200486789135356,2.37812293133973,1.6349636936124,-1.02982062817669,0.076336920519921,0.889521944201909,-0.0555216801150742,0.681914323348531,-2.3324414449693,-8.93856134841975,0.96,-0.94,0.05,2.25147473507268,0.85650986693739,-4.64928854254287,-10.5356964757983,1.98389391019796,-1.00441812447886,-0.835699358021347,2.30648906864698,82.881223424,0.0398970427721631,0.0367093815672163,0.0642962932225971,0.0021158079928173,0.00245431113574182,0.00147296108319578,0.000167329001894678,402,3
1,82.965476352,accepted,9.90819105130639,-0.243610588761966,2.35159578625488,1.62758069944906,-0.481837671045555,0.702045727756632,1.09252948445116,-0.054741831994999,0.773390639415354,-2.37686889210104,-8.98766132496913,1.32,-0.21,0.06,2.25147473507268,1.00210220304061,-4.65604192841471,-10.5726005499608,1.79977276487814,-0.89611282453743,-1.02776288340082,2.30550597959528,82.965476352,0.0397911962488598,0.0368068905948357,0.0643089459394798,0.00206655206730438,0.00248373901421914,0.00149546839254099,0.00016718864555508,403,3
1,83.065682944,accepted,11.7022366514945,-0.339564369162521,2.30302760906731,1.6293353868259,-1.31056139163579,-0.104981268471706,0.828913498758382,-0.0541242738196113,0.839918874873553,-2.44351007020573,-9.04605859891662,0.42,-0.98,-0.18,2.25147473507268,1.14398062901366,-4.69128346956499,-10.6404058204107,1.72221896608374,-0.864875711969325,-1.00560067391915,2.30513549917705,83.065682944,0.0399033948536076,0.0371237406820373,0.0645602535612143,0.00207459533504992,0.00254001281196783,0.00148938748369934,0.000166954385946956,404,3
1,83.16592384,accepted,5.93370709020408,-0.358109680207828,2.27049091031496,1.63559422379591,-0.0210360376088004,0.363689275253454,0.730270384734396,-0.0523873770459331,0.956343282067471,-2.51015123991731,-9.10447586416453,1.68,-0.56,-0.26,2.25322006432468,1.30532530630591,-4.71686665914511,-10.7043512813486,1.70054359692823,-0.909948747341613,-0.986199801886308,2.30498654139801,83.16592384,0.0400495756151352,0.0374736311518087,0.0648590243900024,0.0020871511999166,0.00257885487551146,0.00152278331583742,0.000167019538190446,405,3
1,83.364156416,accepted,9.22133918969447,-0.592193587928066,2.27090108479823,1.64623559323586,-0.932962101410395,0.191901869731759,0.715046594328127,-0.0465803465992853,1.08939975659555,-2.63232672607036,-9.21999962178306,1.07,-0.6,0.01,2.25671072282867,1.64297138303957,-4.83845025925181,-10.8310441214941,1.99465478110871,-0.778298670666175,-0.701734820377143,2.30251176793232,83.364156416,0.0415678358719984,0.0392300437009003,0.0665296497906837,0.00219295543832355,0.00263281960092254,0.00147120248251464,0.000168466296258544,406,3
1,83.468540672,accepted,14.6323799206826,-0.705623077258773,2.25471248249612,1.67333820986542,-1.51432291004769,0.736453826606284,0.863138361126571,-0.0509392274625369,1.13097990584331,-2.66564731359955,-9.21791271152033,0.27,-0.04,0.37,2.25322006432468,1.78576221207755,-4.84350215106452,-10.8578373612788,1.77288133336069,-0.758298169140475,-0.490716738654844,2.30290475683019,83.468540672,0.0417367331937375,0.0396103719324737,0.0668666825618677,0.00224837295462802,0.00279901790698201,0.00157315649489469,0.000167688806527904,407,3
1,83.566761984,accepted,18.5182219731067,-0.841854708580305,2.23602252528259,1.68619273955366,-1.79729668382918,0.662458663422355,0.933247790961114,-0.0533190282636262,1.12266387723474,-2.67675417800381,-9.21594864629122,0.08,0.01,0.45,2.25147473507268,1.90131638589479,-4.83616314285117,-10.8677554658268,1.86276184566441,-0.634669554038854,-0.480861526711689,2.30358644203627,83.566761984,0.0418019719461133,0.0398794378696528,0.0670903271890179,0.00224796590938075,0.00277048183249094,0.00152088131233163,0.000167112900963707,408,3
1,83.667018496,accepted,16.5691163417632,-0.998364844676505,2.20363371744584,1.70274051539306,-1.81332744376927,0.322933941932011,0.838231240645986,-0.0551875644816713,1.08939976691471,-2.69896791106036,-9.21394388454247,0.03,-0.32,0.32,2.24972940582069,2.02169709592353,-4.83493221432052,-10.8844050184139,1.8283615332739,-0.628146281649652,-0.516190227503403,2.30384902090696,83.667018496,0.0418997084504801,0.0401818953802099,0.0673314986714404,0.00223858151740129,0.0027802658033434,0.00155395293949261,0.000166805646435187,409,3
1,83.767330816,accepted,18.2223617033244,-1.13943933274334,2.16255722065417,1.72002306813396,-1.75133819225185,0.282348054247301,0.819086454048546,-0.0480719352007708,1.06445168561992,-2.73228850797849,-9.21193800683884,0.11,-0.32,0.39,2.25496539357667,2.12728546878262,-4.82684653171252,-10.8975421240003,1.8437857286691,-0.587432481538849,-0.426883815393492,2.30194653604998,83.767330816,0.0419507124484601,0.0404327687533739,0.0675157289934978,0.00225842181982442,0.00280164423495374,0.00157126519160541,0.000167185230452063,410,3
1,83.879559936,accepted,19.7389957643587,-1.26417424753498,2.11505503178681,1.74229762284023,-1.64825513898895,0.256723317046202,1.10265877109968,-0.0428674554742905,1.06445169103246,-2.76560910000294,-9.20969383693522,0.09,-0.07,0.59,2.25845605208066,2.25055940695794,-4.81456034885236,-10.9071810552593,1.72125451327024,-0.312543447294422,-0.508535230116984,2.30051690898138,83.879559936,0.0421561904573755,0.0408497588326373,0.0678474183012289,0.00225417462764001,0.00283259274628159,0.00155655032953524,0.000167800334581373,411,3
1,84.065790464,accepted,21.6067625529495,-1.4752371744879,2.09009804111284,1.80872570233235,-1.67074659912947,0.175614734014728,1.05381642468847,-0.0395373307720388,1.089399776838,-2.76560909615064,-9.20596991086263,-0.04,0.02,0.44,2.26020138133266,2.4726023362597,-4.78954610127795,-10.9671565690158,1.61078717643169,-0.14196901762146,-0.60954672961873,2.29910382351809,84.065790464,0.0433640917689392,0.0424232852957078,0.0692556002497318,0.00228252281873089,0.00290863408343787,0.00160283888356529,0.000168845804271815,412,3
1,84.166016768,accepted,24.0402743898182,-1.53114379839421,2.0357837658552,1.83063989348657,-1.61986585428037,0.170028128905715,1.08857895295494,-0.0518897398827733,1.09771580539829,-2.76560909509604,-9.20396575316285,-0.14,0.08,0.37,2.25322006432468,2.52909192668478,-4.73638281761831,-10.9804537874296,1.45839765764438,-0.0767553911639674,-0.713234002295151,2.30457041520715,84.166016768,0.0432404117113232,0.0424901209711153,0.069285229690701,0.00225097175136314,0.00292740341840727,0.0016319708523187,0.000167435622474569,413,3
1,84.266281216,rejected,33.4046982452122,-1.55969294964222,1.97467815662583,1.84968316868897,-1.8600840836412,0.0784078835651081,1.18813823638208,-0.0576625085919478,1.1143478630321,-2.76560909246925,-9.20196083272326,-0.44,0.07,0.46,2.24972940582069,2.67404081267433,-4.74028724909508,-11.0516440014122,1.4200840836412,-0.00840788356510806,-0.728138236382082,2.30739191441264,84.166016768,0.0432404117113232,0.0424901209711153,0.069285229690701,0.00225097175136314,0.00292740341840727,0.0016319708523187,0.000167435622474569,413,4
1,84.364340736,rejected,38.1685089931161,-1.72884410999026,1.98878989915303,1.94048524808507,-1.80434622135573,0.165271550142859,1.48157654247146,-0.0583070392706873,1.08939977495071,-2.75450223306463,-9.2000000027395,-0.29,0.15,0.44,2.24972940582069,2.81824388494097,-4.74329213221767,-11.1404852508246,1.51434622135573,-0.0152715501428587,-1.04157654247146,2.30803644509138,84.166016768,0.0432404117113232,0.0424901209711153,0.069285229690701,0.00225097175136314,0.00292740341840727,0.0016319708523187,0.000167435622474569,413,5
1,84.464529408,rejected,36.3410054277142,-1.90319869260776,1.99982953491308,2.07663905261352,-1.75231704312455,0.0732377342929921,1.47197686597846,-0.0590822719391415,1.06445168738255,-2.74339537244771,-9.16300294333818,-0.23,0.06,0.46,2.24972940582069,2.9676503799903,-4.74322490736079,-11.2396419959517,1.52231704312455,-0.0132377342929921,-1.01197686597846,2.30881167775983,84.166016768,0.0432404117113232,0.0424901209711153,0.069285229690701,0.00225097175136314,0.00292740341840727,0.0016319708523187,0.000167435622474569,413,6
1,84.56471424,rejected,25.9140895339057,-2.07818510879968,1.99865527537684,2.21901678670955,-1.6351937513209,0.0368586171483024,1.12745086650844,-0.0586865321892964,1.04781963039392,-2.74339537498662,-9.12600725409929,0.04,0.06,0.12,2.25147473507268,3.1260047391936,-4.74205065036346,-11.3450240408088,1.6751937513209,0.0231413828516976,-1.00745086650844,2.31016126726198,84.166016768,0.0432404117113232,0.0424901209711153,0.069285229690701,0.00225097175136314,0.00292740341840727,0.0016319708523187,0.000167435622474569,413,7
1,84.66486528,rejected,33.7610729631596,-2.24028891188671,1.99997961386254,2.34060654533949,-1.92984870655083,0.176520197674498,0.941357000558043,-0.0587328761619639,1.06445168738255,-2.74339537244771,-9.08902404337942,0,0.07,0.24,2.25147473507268,3.30474059926926,-4.74337498631025,-11.4296305887189,1.92984870655083,-0.106520197674498,-0.701357000558043,2.31020761123465,84.166016768,0.0432404117113232,0.0424901209711153,0.069285229690701,0.00225097175136314,0.00292740341840727,0.0016319708523187,0.000167435622474569,413,8
1,84.765046528,rejected,55.1129203240199,-2.39252283092857,2.0567446462506,2.45361430098037,-2.15670324000662,0.555739533421723,1.25963867428005,-0.0601977725881957,1.10603182597086,-2.69896790868751,-9.05202967761982,-0.29,0.52,0.4,2.25147473507268,3.49855465689943,-4.75571255493811,-11.5056439786002,1.86670324000662,-0.0357395334217228,-0.859638674280047,2.31167250766088,84.166016768,0.0432404117113232,0.0424901209711153,0.069285229690701,0.00225097175136314,0.00292740341840727,0.0016319708523187,0.000167435622474569,413,9
1,84.967469312,rejected,32.6753558864149,-2.82128372770353,2.0092265051156,2.68329579893905,-1.729743411124,0.0522969981631633,1.02592969109441,-0.0551099777239585,1.03950359981439,-2.73228851183079,-8.97728013457787,0.09,0.11,0.09,2.25845605208066,3.86078732751792,-4.7415150169464,-11.6605759335169,1.819743411124,0.0577030018368367,-0.935929691094409,2.31356602980462,84.166016768,0.0432404117113232,0.0424901209711153,0.069285229690701,0.00225097175136314,0.00292740341840727,0.0016319708523187,0.000167435622474569,413,10
1,85.06766592,rejected,56.0774863540464,-2.90966209003366,2.0575063425853,2.82420564897541,-2.1294858663367,0.210438566220201,1.47623943591022,-0.054665068511901,1.14761196713434,-2.6878610389515,-8.94028009676418,-0.08,0.12,0.42,2.25845605208066,4.057274057168,-4.7453673815368,-11.7644857457396,2.0494858663367,-0.0904385662202008,-1.05623943591022,2.31312112059256,84.166016768,0.0432404117113232,0.0424901209711153,0.069285229690701,0.00225097175136314,0.00292740341840727,0.0016319708523187,0.000167435622474569,413,11
1,85.165902848,rejected,55.4309102233081,-3.14512012792408,2.0320095416574,2.95778635337,-2.23771380954158,-0.264754193638876,1.16618416827601,-0.055022294846649,1.11434785572497,-2.72118163624058,-8.90400371851891,-0.26,-0.28,0.17,2.25845605208066,4.25946798364905,-4.75319117789798,-11.8617900718889,1.97771380954158,-0.0152458063611243,-0.99618416827601,2.31347834692731,84.166016768,0.0432404117113232,0.0424901209711153,0.069285229690701,0.00225097175136314,0.00292740341840727,0.0016319708523187,0.000167435622474569,413,12
1,85.266071552,rejected,47.6367658498514,-3.34309571977286,2.03637991276398,3.09565883243627,-1.99267715622848,0.48852106708529,1.42905251133188,-0.0532685136175099,1.10603182785814,-2.71007477316292,-8.86701398493683,-0.13,0.61,0.39,2.26020138133266,4.449127547631,-4.7464546859269,-11.9626728173731,1.86267715622848,0.12147893291471,-1.03905251133188,2.31346989495017,84.166016768,0.0432404117113232,0.0424901209711153,0.069285229690701,0.00225097175136314,0.00292740341840727,0.0016319708523187,0.000167435622474569,413,13
1,85.366305536,rejected,50.5665584390917,-3.56120024352588,2.02371568243784,3.23192054467229,-1.72879030954311,-0.138924879491787,0.910194452818557,-0.0542576952197513,1.08108373998509,-2.71007477684917,-8.83000014512483,0.34,0,0,2.25845605208066,4.64228398351097,-4.73379045928701,-12.0619206897971,2.06879030954311,0.138924879491787,-0.910194452818557,2.31271374730041,84.166016768,0.0432404117113232,0.0424901209711153,0.069285229690701,0.00225097175136314,0.00292740341840727,0.0016319708523187,0.000167435622474569,413,14
1,85.468521216,rejected,85.3618843298132,-3.80875806738588,1.990424752946,3.34049813803262,-2.68837812684689,-0.26274737776448,1.09179174568309,-0.0536295658648407,1.05613565719159,-2.7322885094628,-8.81061752053777,-0.52,-0.11,0.23,2.26020138133266,4.86489372457747,-4.7227132624088,-12.1511156585704,2.16837812684689,0.15274737776448,-0.861791745683088,2.3138309471975,84.166016768,0.0432404117113232,0.0424901209711153,0.069285229690701,0.00225097175136314,0.00292740341840727,0.0016319708523187,0.000167435622474569,413,15
1,85.568708608,rejected,56.1825638895919,-4.05275804782209,2.00919246976109,3.44347026424585,-2.32986988470579,0.539913206098544,0.880972807480844,-0.053405647182049,1.03118756674336,-2.69896791981956,-8.79161957879335,-0.17,0.66,0.06,2.26020138133266,5.08394561456545,-4.70816038958065,-12.2350898430392,2.15986988470579,0.120086793901457,-0.820972807480844,2.31360702851471,84.166016768,0.0432404117113232,0.0424901209711153,0.069285229690701,0.00225097175136314,0.00292740341840727,0.0016319708523187,0.000167435622474569,413,16
1,85.666907392,rejected,60.3727069632162,-4.29079189087312,2.02089075277184,3.53902555284216,-2.34868907944044,-0.161648058619373,1.0622097429878,-0.053764452594578,1.00623947753722,-2.67675419543432,-8.77299872500564,-0.15,-0.06,0.32,2.25845605208066,5.29703136841034,-4.69764494820616,-12.3120242778478,2.19868907944044,0.101648058619373,-0.742209742987803,2.31222050467524,84.166016768,0.0432404117113232,0.0424901209711153,0.069285229690701,0.00225097175136314,0.00292740341840727,0.0016319708523187,0.000167435622474569,413,17
1,85.76707072,rejected,56.8437885946672,-4.53374763599356,2.01888697026034,3.63184196219544,-2.40183049764193,0.00329845246046487,0.852723986709639,-0.0528992776047579,0.981291388290111,-2.66564733551696,-8.75400534637501,-0.17,0.1,0.22,2.26020138133266,5.51503902428367,-4.68453430577731,-12.3858473085704,2.23183049764193,0.0967015475395351,-0.632723986709639,2.31310065893741,84.166016768,0.0432404117113232,0.0424901209711153,0.069285229690701,0.00225097175136314,0.00292740341840727,0.0016319708523187,0.000167435622474569,413,18
1,85.967467776,rejected,51.6853421837274,-5.01689566999625,2.01490387563822,3.73658978165319,-2.46244741496678,0.0824796464927582,0.489225332973391,-0.0565694579338514,0.964659326526828,-2.63232674413062,-8.71600523957873,-0.07,0.25,0.37,2.25671072282867,5.98155499652307,-4.64723061976884,-12.4525950212319,2.39244741496678,0.167520353507242,-0.119225332973391,2.31328018076252,84.166016768,0.0432404117113232,0.0424901209711153,0.069285229690701,0.00225097175136314,0.00292740341840727,0.0016319708523187,0.000167435622474569,413,19
1,86.067649024,rejected,70.6996343440351,-5.27495739738401,1.98293388521163,3.76070492955782,-2.49798516517185,-0.384997760860082,0.493093842219991,-0.0577044881786777,0.948027271176176,-2.64343361182725,-8.69700846288464,-0.06,-0.17,0.52,2.25671072282867,6.22298466856019,-4.62636749703887,-12.4577133924425,2.43798516517185,0.214997760860082,0.0269061577800092,2.31441521100735,84.166016768,0.0432404117113232,0.0424901209711153,0.069285229690701,0.00225097175136314,0.00292740341840727,0.0016319708523187,0.000167435622474569,413,20
1,86.167851776,rejected,68.0230942044311,-5.53095228651184,1.96560389110773,3.77673089264225,-2.69635751790175,0.0577153530140661,0.53651102036244,-0.0594242825918156,0.939711242747843,-2.64343361331155,-8.67800760851439,-0.21,0.23,0.63,2.25496539357667,6.47066352925969,-4.60903750441929,-12.4547385011566,2.48635751790175,0.172284646985934,0.0934889796375599,2.31438967616849,84.166016768,0.0432404117113232,0.0424901209711153,0.069285229690701,0.00225097175136314,0.00292740341840727,0.0016319708523187,0.000167435622474569,413,21
1,86.268049664,rejected,68.5854314811674,-5.77704785936529,1.95796577233527,3.78810273993487,-2.49539227153892,-0.0931140598196725,0.692619112212482,-0.0641998749804036,0.939711241234527,-2.63232674746532,-8.65900767647567,-0.02,0.06,0.71,2.25147473507268,6.71675910059981,-4.59029251980059,-12.4471104164105,2.47539227153892,0.153114059819672,0.0173808877875181,2.31567461005309,84.166016768,0.0432404117113232,0.0424901209711153,0.069285229690701,0.00225097175136314,0.00292740341840727,0.0016319708523187,0.000167435622474569,413,22
1,86.368288512,rejected,73.1483422228034,-6.03394950878409,1.9526219333469,3.81884828059757,-2.64701132093839,-0.0774145770013684,0.861221006185608,-0.0662981895905195,0.939711239867772,-2.62121988497993,-8.64000000238016,-0.02,0.15,0.57,2.24972940582069,6.97366074865187,-4.57384181832684,-12.4588482829777,2.62701132093839,0.227414577001368,-0.291221006185607,2.31602759541121,84.166016768,0.0432404117113232,0.0424901209711153,0.069285229690701,0.00225097175136314,0.00292740341840727,0.0016319708523187,0.000167435622474569,413,23
1,86.468475392,rejected,72.730169498857,-6.29573653077617,1.94098654384244,3.84827559870772,-2.62938110473514,0.0212276840900597,0.816786957648733,-0.0658462436214942,0.948027266790091,-2.61011301876761,-8.64200387900111,0.15,0.24,0.47,2.24972940582069,7.24376379756626,-4.55109956261005,-12.4902794777088,2.77938110473514,0.21877231590994,-0.346786957648733,2.31557564944219,84.166016768,0.0432404117113232,0.0424901209711153,0.069285229690701,0.00225097175136314,0.00292740341840727,0.0016319708523187,0.000167435622474569,413,24
1,86.56862848,rejected,89.4641531884049,-6.57950921526191,1.92962145200935,3.87622567146797,-2.98532992524126,-0.0419707948335564,0.747970552669614,-0.0602549918756727,0.956343293844368,-2.5990061536797,-8.64400707973517,0.02,0.17,0.49,2.25496539357667,7.53585250910628,-4.52862760568905,-12.5202327512031,3.00532992524126,0.211970794833556,-0.257970552669614,2.31522038545235,84.166016768,0.0432404117113232,0.0424901209711153,0.069285229690701,0.00225097175136314,0.00292740341840727,0.0016319708523187,0.000167435622474569,413,25
1,86.66886784,rejected,86.2471972464454,-6.89294362337128,1.88901584076865,3.9098886560907,-2.95677784595623,0.144414812530234,0.625634472798911,-0.0543263813478716,0.948027268039491,-2.62121988375442,-8.64601200602893,0.1,0.33,0.19,2.26020138133266,7.84097089141077,-4.51023572452307,-12.5559006621196,3.05677784595623,0.185585187469766,-0.435634472798911,2.31452776268053,84.166016768,0.0432404117113232,0.0424901209711153,0.069285229690701,0.00225097175136314,0.00292740341840727,0.0016319708523187,0.000167435622474569,413,26
1,86.767062272,rejected,95.7305499426763,-7.19636676871629,1.89291964262609,3.95405509619755,-3.10421484977546,-0.00328013338216293,0.570349209299484,-0.0512491049092185,0.948027265027462,-2.59900615499309,-8.64797603092512,0,0.2,0.08,2.26369203983665,8.14439403374375,-4.49192579761919,-12.6020311271227,3.10421484977546,0.203280133382163,-0.490349209299484,2.31494114474586,84.166016768,0.0432404117113232,0.0424901209711153,0.069285229690701,0.00225097175136314,0.00292740341840727,0.0016319708523187,0.000167435622474569,413,27
1,86.969499392,rejected,129.51604550943,-7.8339453556279,1.84643045290601,4.05382808549345,-3.15107051662339,0.0514489324212211,0.452429512186257,-0.0481799226657413,0.948027265027462,-2.59900615499309,-8.65202505423017,0.06,0.22,-0.08,2.26718269834063,8.78197262065536,-4.44543660789911,-12.7058531397236,3.2110705166234,0.168551067578779,-0.532429512186257,2.31536262100638,84.166016768,0.0432404117113232,0.0424901209711153,0.069285229690701,0.00225097175136314,0.00292740341840727,0.0016319708523187,0.000167435622474569,413,28
1,87.069664512,rejected,168.115310545166,-8.16545615959885,1.82937226568944,4.11024325863827,-3.31545613040084,-0.157201198658928,0.636215736113748,-0.0476886656656763,0.939711236855743,-2.5990061562186,-8.65402849562091,-0.09,0.06,0.03,2.26718269834063,9.10516739645459,-4.42837842190804,-12.7642717542592,3.22545613040084,0.217201198658928,-0.606215736113748,2.31487136400631,84.166016768,0.0432404117113232,0.0424901209711153,0.069285229690701,0.00225097175136314,0.00292740341840727,0.0016319708523187,0.000167435622474569,413,29
1,87.167843584,rejected,125.589456181301,-8.50238419503767,1.78963886641448,4.16362322217159,-3.298703784634,-0.20377605287586,0.493339879719204,-0.0495625121513381,0.923079180679666,-2.62121988692308,-8.65599221329579,0,-0.05,-0.09,2.26543736908864,9.42546337571734,-4.41085875333756,-12.8196154354674,3.298703784634,0.15377605287586,-0.583339879719204,2.31499988123998,84.166016768,0.0432404117113232,0.0424901209711153,0.069285229690701,0.00225097175136314,0.00292740341840727,0.0016319708523187,0.000167435622474569,413,30
1,87.26804864,rejected,171.170815329619,-8.83624729418645,1.76723413720523,4.23006754679777,-3.25296095753568,-0.0213686685538114,0.674788860106269,-0.0497947310541482,0.92307918204642,-2.63232674940846,-8.65799645346196,0.08,0.06,-0.05,2.26543736908864,9.75932647623287,-4.39956088661369,-12.8880640002597,3.33296095753568,0.0813686685538114,-0.724788860106269,2.31523210014279,84.166016768,0.0432404117113232,0.0424901209711153,0.069285229690701,0.00225097175136314,0.00292740341840727,0.0016319708523187,0.000167435622474569,413,31
1,87.368218624,rejected,176.379962405384,-9.17261417373481,1.74400377863511,4.29984482886695,-3.2918354000709,-0.180702056341961,0.573362866832255,-0.0521060902393717,0.923079183171164,-2.64343361508379,-8.65999999213946,0.08,0.01,-0.1,2.26369203983665,10.095693356906,-4.3874373937189,-12.9598448210064,3.3718354000709,0.190702056341961,-0.673362866832255,2.31579813007602,84.166016768,0.0432404117113232,0.0424901209711153,0.069285229690701,0.00225097175136314,0.00292740341840727,0.0016319708523187,0.000167435622474569,413,32
1,87.47042816,rejected,192.556538688589,-9.51637665511226,1.71590776202338,4.36791456759649,-3.50121377658188,-0.325160725601202,0.68892180051109,-0.0536020323793904,0.931395215297691,-2.65454047711034,-8.6569399019182,0.01,-0.15,0.05,2.26369203983665,10.44777187041,-4.37044823913371,-13.0248544695147,3.51121377658188,0.175160725601202,-0.63892180051109,2.31729407221604,84.166016768,0.0432404117113232,0.0424901209711153,0.069285229690701,0.00225097175136314,0.00292740341840727,0.0016319708523187,0.000167435622474569,413,33
1,87.570667264,rejected,192.547782062021,-9.88052165212347,1.6674941443118,4.44157166485846,-3.34466743069118,-0.116813867294491,0.844186326237046,-0.0553252552775914,0.92307918918792,-2.68786107148823,-8.65393878596254,0.19,0.01,-0.05,2.26194671058465,10.8036008413114,-4.35535521580003,-13.095510450821,3.53466743069118,0.126813867294491,-0.894186326237046,2.31727196586224,84.166016768,0.0432404117113232,0.0424901209711153,0.069285229690701,0.00225097175136314,0.00292740341840727,0.0016319708523187,0.000167435622474569,413,34
1,87.6708864,rejected,166.497706448964,-10.2231010887909,1.62717197552029,4.51525579489711,-3.5255570420246,-0.393738767933716,0.538755298980723,-0.0490294672600959,0.931395222813159,-2.71007479781928,-8.65093826784027,-0.01,-0.16,-0.05,2.2776546738526,11.154496311604,-4.33724677333957,-13.1661940627374,3.5155570420246,0.233738767933716,-0.588755298980723,2.3266841411127,84.166016768,0.0432404117113232,0.0424901209711153,0.069285229690701,0.00225097175136314,0.00292740341840727,0.0016319708523187,0.000167435622474569,413,35
1,87.767110144,rejected,202.4172424462,-10.5720209922732,1.6171677222919,4.58714879388336,-3.58651129050088,0.221409527825807,0.423780934209172,-0.0520657518872061,0.923079190686632,-2.69896793440333,-8.64805737004781,-0.05,0.33,-0.07,2.26892802759263,11.4951001829598,-4.31613565669523,-13.2352061639312,3.53651129050088,0.108590472174193,-0.493780934209172,2.32099377947983,84.166016768,0.0432404117113232,0.0424901209711153,0.069285229690701,0.00225097175136314,0.00292740341840727,0.0016319708523187,0.000167435622474569,413,36
1,87.969463808,rejected,189.909591816284,-11.2737888046562,1.54926962149223,4.70294223906491,-3.39566648767249,-0.373923533001553,0.410095847762658,-0.0499658886264829,0.931395225825189,-2.73228852658061,-8.64199898778496,0.04,-0.07,-0.08,2.25845605208066,12.2051840304814,-4.28155814807284,-13.3449412268499,3.43566648767249,0.303923533001553,-0.490095847762658,2.30842194070715,84.166016768,0.0432404117113232,0.0424901209711153,0.069285229690701,0.00225097175136314,0.00292740341840727,0.0016319708523187,0.000167435622474569,413,37
1,88.067678464,rejected,225.647709122149,-11.6103675954791,1.52106617526368,4.75379112170643,-3.61048511260316,-0.217808728468766,0.313467463022076,-0.0530963211345505,0.939711254128865,-2.73228852578481,-8.63905848293766,-0.02,0.05,-0.16,2.26020138133266,12.550078849608,-4.25335470104849,-13.3928496046441,3.59048511260316,0.267808728468766,-0.473467463022076,2.31329770246721,84.166016768,0.0432404117113232,0.0424901209711153,0.069285229690701,0.00225097175136314,0.00292740341840727,0.0016319708523187,0.000167435622474569,413,38
1,88.167868672,rejected,215.195329502221,-11.9611345858893,1.48936083773529,4.80389414853163,-3.68899830224401,-0.396183031204828,0.302432533427802,-0.0534260392111037,0.948027282945772,-2.73228852447142,-8.63605883090734,-0.09,-0.09,-0.12,2.26194671058465,12.9091618688351,-4.2216493622067,-13.439952979439,3.59899830224401,0.306183031204828,-0.422432533427802,2.31537274979575,84.166016768,0.0432404117113232,0.0424901209711153,0.069285229690701,0.00225097175136314,0.00292740341840727,0.0016319708523187,0.000167435622474569,413,39
1,88.266036224,rejected,229.941618406091,-12.304856496878,1.4280063313236,4.85162748835577,-3.47618128459047,-0.472956702885083,0.496382543889458,-0.0569710207639149,0.95634331627342,-2.76560911552915,-8.63311973633368,0.13,-0.16,-0.09,2.25671072282867,13.2611998131514,-4.19361544685276,-13.4847472246895,3.60618128459047,0.312956702885083,-0.586382543889458,2.31368174359258,84.166016768,0.0432404117113232,0.0424901209711153,0.069285229690701,0.00225097175136314,0.00292740341840727,0.0016319708523187,0.000167435622474569,413,40
1,88.370237952,rejected,243.730693503691,-12.669492853898,1.38755044228517,4.90626353189402,-3.67747942532184,-0.20603953020625,0.117811889708257,-0.0671909004544955,0.964659346207767,-2.77671597877286,-8.62999986119208,-0.05,0.05,-0.28,2.25147473507268,13.6341522001058,-4.16426642105803,-13.5362633930861,3.62747942532184,0.25603953020625,-0.397811889708257,2.31866563552718,84.166016768,0.0432404117113232,0.0424901209711153,0.069285229690701,0.00225097175136314,0.00292740341840727,0.0016319708523187,0.000167435622474569,413,41
1,88.468424448,rejected,262.724832957631,-13.0278210698198,1.37152128143558,4.97098774499472,-3.82077018794933,-0.300142623681613,0.438818970369511,-0.0681898084466441,0.964659344445138,-2.76560911430364,-8.60840071206202,-0.13,-0.02,0,2.24972940582069,13.9924804142649,-4.13713039573923,-13.5793884570567,3.69077018794933,0.280142623681613,-0.438818970369511,2.31791921426734,84.166016768,0.0432404117113232,0.0424901209711153,0.069285229690701,0.00225097175136314,0.00292740341840727,0.0016319708523187,0.000167435622474569,413,42
1,88.56858624,rejected,244.551782148742,-13.3755449984261,1.35499324997118,5.03753859976941,-3.51219196702413,-0.157836988276104,0.359996108429616,-0.0732051553413746,0.989607429529104,-2.75450224787807,-8.58636703563322,0.24,0.12,-0.09,2.24449341806471,14.3651524279552,-4.10949549784926,-13.6239056354026,3.75219196702413,0.277836988276104,-0.449996108429616,2.31769857340608,84.166016768,0.0432404117113232,0.0424901209711153,0.069285229690701,0.00225097175136314,0.00292740341840727,0.0016319708523187,0.000167435622474569,413,43
1,88.668810496,rejected,283.839913709128,-13.7297335432153,1.31601724718518,5.10461923556455,-3.94303295080887,-0.400509491143984,0.479917591501555,-0.0782325135953483,1.01455551696531,-2.76560910737058,-8.56431961832043,-0.13,-0.12,0.03,2.23925743030872,14.7442890601806,-4.08162635455575,-13.668938853885,3.81303295080887,0.280509491143984,-0.449917591501555,2.31748994390407,84.166016768,0.0432404117113232,0.0424901209711153,0.069285229690701,0.00225097175136314,0.00292740341840727,0.0016319708523187,0.000167435622474569,413,44
1,88.767021568,rejected,281.190895537219,-14.0986757094276,1.26601562647469,5.17043420874823,-3.86053234454279,-0.284274975860283,0.381922849162599,-0.0832589324295423,1.02287154827371,-2.78782283421789,-8.54271506294092,0.01,0,-0.07,2.23402144255274,15.1215472577013,-4.05383846069258,-13.7131492716892,3.87053234454279,0.284274975860283,-0.451922849162599,2.31728037498228,84.166016768,0.0432404117113232,0.0424901209711153,0.069285229690701,0.00225097175136314,0.00292740341840727,0.0016319708523187,0.000167435622474569,413,45
1,88.969520896,rejected,302.976269307666,-14.8616054095148,1.17429514823989,5.30725599043453,-4.03265256794096,-0.442884204246674,0.468109272479661,-0.276809004967999,1.05613567025156,-2.8211434226259,-8.49816908806257,-0.04,-0.15,0.01,2.04028989558137,15.9177410797663,-3.99543857086579,-13.8054250784971,3.99265256794096,0.292884204246674,-0.458109272479661,2.31709890054937,84.166016768,0.0432404117113232,0.0424901209711153,0.069285229690701,0.00225097175136314,0.00292740341840727,0.0016319708523187,0.000167435622474569,413,46
1,89.069738752,rejected,317.819350166845,-15.2481014519426,1.12252364883107,5.37526497399299,-4.05207602874244,-0.297215122936596,0.489781238876552,-0.274824196255187,1.07276773101476,-2.84335714764842,-8.47612307862724,0,0,0.03,2.04203522483337,16.3208691829573,-3.96588079647948,-13.8513880526202,4.05207602874244,0.297215122936596,-0.459781238876552,2.31685942108855,84.166016768,0.0432404117113232,0.0424901209711153,0.069285229690701,0.00225097175136314,0.00292740341840727,0.0016319708523187,0.000167435622474569,413,47
1,89.169932288,rejected,324.734929691946,-15.6488048036129,1.05918401461636,5.4434740258148,-4.05283151928473,-0.332527147117421,0.482540502188248,-0.272921192440564,1.08108376498759,-2.87667773931296,-8.45408241912624,0.06,-0.03,0.02,2.04378055408536,16.7298885686005,-3.93586175392932,-13.897556444941,4.11283151928473,0.302527147117421,-0.462540502188248,2.31670174652592,84.166016768,0.0432404117113232,0.0424901209711153,0.069285229690701,0.00225097175136314,0.00292740341840727,0.0016319708523187,0.000167435622474569,413,48
1,89.26813312,rejected,346.992481782018,-16.0472311973971,1.00701399325817,5.51074138168527,-4.2511545946165,-0.317162362163568,0.486673654289629,-0.274452613638755,1.08939979706584,-2.89889146538388,-8.43248011635067,-0.08,-0.01,0.02,2.04203522483337,17.1366309944629,-3.90590545864205,-13.9432214980359,4.1711545946165,0.307162362163568,-0.466673654289629,2.31648783847212,84.166016768,0.0432404117113232,0.0424901209711153,0.069285229690701,0.00225097175136314,0.00292740341840727,0.0016319708523187,0.000167435622474569,413,49
1,89.37032448,rejected,354.348149058927,-16.4766468758294,0.930972517248026,5.5809693027797,-4.2435920554228,-0.31153132451131,0.52768590888269,-0.272577051292382,1.08939980372778,-2.94331892308984,-8.40999998333881,-0.01,0,0.06,2.04378055408536,17.5660466795572,-3.87429144033787,-13.9909692861185,4.2335920554228,0.31153132451131,-0.46768590888269,2.31635760537774,84.166016768,0.0432404117113232,0.0424901209711153,0.069285229690701,0.00225097175136314,0.00292740341840727,0.0016319708523187,0.000167435622474569,413,50
1,89.470515968,rejected,372.942227442969,-16.8955397212827,0.888409207206786,5.64199426534517,-4.39434639309545,-0.296531141399887,0.47040050630973,-0.27235559844937,1.09771583443198,-2.95442578625186,-8.39597217668788,-0.1,0.02,0,2.04378055408536,17.9932555557146,-3.84283499345865,-14.0379664420331,4.29434639309545,0.316531141399887,-0.47040050630973,2.31613615253473,84.166016768,0.0432404117113232,0.0424901209711153,0.069285229690701,0.00225097175136314,0.00292740341840727,0.0016319708523187,0.000167435622474569,413,51
1,89.570715392,rejected,358.296580453579,-17.3206030717068,0.856424017709359,5.70332369853649,-4.27582272720255,-0.141714235326265,0.573249545779389,-0.272259244105251,1.10603186531641,-2.95442578510451,-8.38194325891785,0.08,0.18,0.1,2.04378055408536,18.4266349370232,-3.81084980281387,-14.0852669574543,4.35582272720255,0.321714235326265,-0.473249545779389,2.31603979819061,84.166016768,0.0432404117113232,0.0424901209711153,0.069285229690701,0.00225097175136314,0.00292740341840727,0.0016319708523187,0.000167435622474569,413,52
1,89.670929664,rejected,389.866547075424,-17.7435092934835,0.80173805452014,5.76485227385881,-4.41663230654369,-0.356615972131897,0.444712576220758,-0.272108987586728,1.12266392466457,-2.97663951029661,-8.36791226227989,0,-0.03,-0.03,2.04378055408536,18.866173218148,-3.77837756481675,-14.1327645361387,4.41663230654369,0.326615972131897,-0.474712576220758,2.31588954167209,84.166016768,0.0432404117113232,0.0424901209711153,0.069285229690701,0.00225097175136314,0.00292740341840727,0.0016319708523187,0.000167435622474569,413,53
1,89.769128448,rejected,388.179098415609,-18.1635814056667,0.780559687166438,5.82533489352208,-4.30761394714415,-0.21096525953855,0.467270237419428,-0.273634938061866,1.1392959822147,-2.96553264319574,-8.3541634540447,0.17,0.12,-0.01,2.04203522483337,19.3028773878814,-3.74609233036218,-14.1794983475668,4.47761394714415,0.33096525953855,-0.477270237419428,2.31567016289523,84.166016768,0.0432404117113232,0.0424901209711153,0.069285229690701,0.00225097175136314,0.00292740341840727,0.0016319708523187,0.000167435622474569,413,54
1,89.971481344,rejected,428.31789743405,-19.0654898841805,0.657079079394187,5.95113687704678,-4.59155471844989,-0.300237648503392,0.44473592708785,-0.273067022072077,1.15592804955616,-3.02106696214484,-8.32583203231408,0.01,0.04,-0.04,2.04203522483337,20.2214179337366,-3.67814604153902,-14.2769689093609,4.60155471844989,0.340237648503392,-0.48473592708785,2.31510224690544,84.166016768,0.0432404117113232,0.0424901209711153,0.069285229690701,0.00225097175136314,0.00292740341840727,0.0016319708523187,0.000167435622474569,413,55
1,90.069712896,rejected,434.88665386395,-19.503807892752,0.623437460474855,6.01262445903896,-4.56102875232162,-0.344811275420591,0.48667743333981,-0.272964631061099,1.17256010718998,-3.02106695951804,-8.31207863623239,0.1,0,0,2.04203522483337,20.676367999942,-3.6445044199929,-14.3247030952713,4.66102875232162,0.344811275420591,-0.48667743333981,2.31499985589446,84.166016768,0.0432404117113232,0.0424901209711153,0.069285229690701,0.00225097175136314,0.00292740341840727,0.0016319708523187,0.000167435622474569,413,56
1,90.169871872,rejected,420.317733454507,-19.9571151219157,0.577598865160043,6.07553928233428,-4.65324612694997,-0.168523198992786,0.579358770672436,-0.272748749024064,1.18919216709965,-3.03217381945347,-8.2980553815854,0.07,0.18,0.09,2.04203522483337,21.1463072890154,-3.60977268461351,-14.3735946639197,4.72324612694997,0.348523198992786,-0.489358770672436,2.31478397385743,84.166016768,0.0432404117113232,0.0424901209711153,0.069285229690701,0.00225097175136314,0.00292740341840727,0.0016319708523187,0.000167435622474569,413,57
1,90.268047872,rejected,490.142140169701,-20.423784005409,0.53207067581344,6.13744416879333,-4.96361193668649,-0.432866218928107,0.641352115336452,-0.272621651131357,1.18919216898694,-3.04328068392888,-8.28430976333724,-0.18,-0.08,0.15,2.04203522483337,21.612976174396,-3.57535135974232,-14.4217539321306,4.78361193668649,0.352866218928107,-0.491352115336452,2.31465687596472,84.166016768,0.0432404117113232,0.0424901209711153,0.069285229690701,0.00225097175136314,0.00292740341840727,0.0016319708523187,0.000167435622474569,413,58
1,90.370252544,rejected,467.453596419292,-20.9075992623868,0.451356390510209,6.20215753888353,-4.72683370947761,-0.257497178312492,0.495291434449276,-0.274463845847724,1.19750820497902,-3.08770813980385,-8.27000009086647,0.12,0.1,0,2.04028989558137,22.1051074673658,-3.53906453031406,-14.47215762975,4.84683370947761,0.357497178312492,-0.495291434449276,2.3147537414291,84.166016768,0.0432404117113232,0.0424901209711153,0.069285229690701,0.00225097175136314,0.00292740341840727,0.0016319708523187,0.000167435622474569,413,59
