segment,t,status,nis,innovation_px,innovation_py,innovation_pz,innovation_vx,innovation_vy,innovation_vz,innovation_yaw,gps_px,gps_py,gps_pz,gps_vx,gps_vy,gps_vz,gps_yaw,post_px,post_py,post_pz,post_vx,post_vy,post_vz,post_yaw,covariance_t,pvarx,pvary,pvarz,vvarx,vvary,vvarz,yawvar,accepted_count,rejected_count
0,1.157751808,accepted,0.427014503467872,0.0190214645865686,-0.0101921617423457,-0.0338976312294564,0.35004837914468,0.119790816058681,-0.0283217607062485,0.000246504065514408,0.0249480769713785,-0.166602962934189,-0.260996568825249,0.16,0,0.02,2.460914245312,0.0262515698836501,-0.157815197070893,-0.244929086308797,0.0468168654893445,-0.0387732155887933,0.0293856876087869,2.46120760084281,1.157751808,0.689891602160652,0.689891602160635,2.00016691203527,0.0705829932830816,0.0705829793121157,0.0698374458506528,0.0211251101343047,1,0
0,1.257942784,accepted,0.139586938280541,0.000242750524267837,-0.0277955396697222,-0.0479384075325512,-0.198266703320124,-0.0752020072372033,0.00214609008303269,-0.00213966562700563,0.0332641044378609,-0.18881669130819,-0.290000040970376,-0.11,-0.1,0.03,2.45916891606001,0.0275426949361278,-0.172410826803269,-0.257971822090279,0.00903508603960687,-0.0549933089422022,0.0296021856020028,2.46054713267393,1.257942784,0.460189430387082,0.460189439927621,1.33383096713716,0.0777394919505306,0.0777822887701395,0.0513559261646643,0.0124538731174315,2,0
0,1.358087424,accepted,0.0619228666475145,0.00415262922425667,-0.0110997658339677,-0.0509676104256752,-0.00200785866116723,0.131398520427307,0.0217177813580104,-0.00127255763231515,0.0332641044378609,-0.18881669130819,-0.306027241201043,0.02,0.08,0.05,2.45916891606001,0.0300506587024386,-0.174059164953886,-0.266928419093637,0.0207808697019748,0.0201979163162907,0.0340221557525563,2.46012405878583,1.358087424,0.34541639318861,0.345416436018041,1.00082089342348,0.0730593220591912,0.0730916969041538,0.0372394306179557,0.00884311062057343,3,0
0,1.458213888,accepted,0.099291479967894,0.00881794690344043,-0.0514893957072454,-0.0584767168643222,0.0361177278108744,-0.118323059846719,-0.0625973282334062,-0.000904834143920397,0.0415801283881126,-0.222137283882426,-0.32205153253522,0.07,-0.07,-0.03,2.45916891606001,0.0369664223733056,-0.188922896924766,-0.278926352561262,0.0563166169361918,-0.0236421450862085,0.0144627207246915,2.46007833454799,1.458213888,0.276521687012659,0.276521715032475,0.801040261013061,0.0547942899346469,0.0548032706331622,0.0265232344792318,0.00687343558767966,4,0
0,1.5564352,accepted,0.190668294539525,-0.0018475249483734,-0.0312440262397114,-0.0601613547173429,-0.125432219996169,0.0664255768966445,0.0977280527100699,-0.000744128841783542,0.0415801283881126,-0.222137283882426,-0.337770922353208,-0.05,0.05,0.11,2.45916891606001,0.0348481558751724,-0.191793141417951,-0.282151505929689,0.0101419526080326,0.017363437515483,0.0351894188254121,2.459453450471,1.5564352,0.230652348773084,0.230652373509102,0.667913265093456,0.04643792053227,0.0464446353303454,0.0207364049729146,0.00563589360152414,5,0
0,1.658627328,accepted,0.160170983445459,0.0139240171587027,-0.0440728596925455,-0.0755360314871842,0.177981898297387,0.0357731681589907,0.0349471531019367,-0.000452795623244739,0.0498961540846636,-0.233244148753098,-0.354125803627468,0.19,0.07,0.07,2.45916891606001,0.0472333626140625,-0.193699179292988,-0.288154151570571,0.0749701397506723,0.0465302407352807,0.0388272058347091,2.45951240690055,1.658627328,0.198180487697216,0.198180540411815,0.57302845252795,0.0502999440336889,0.0503032141588068,0.0184879279805169,0.00479481884301118,6,0
0,1.758802432,accepted,0.0992348445281712,0.0109326904397652,-0.0562520581484271,-0.0858933706286932,-0.111856117247384,0.0747945189885659,0.0214183695375189,-0.000307790014291154,0.0665282080848914,-0.244351012133269,-0.370157879332524,-0.02,0.14,0.06,2.45916891606001,0.0494595608462466,-0.190225185920846,-0.294029051405583,0.0473949321272273,0.0945142111680229,0.0415614496944487,2.45945077683371,1.758802432,0.17389683915512,0.173896888361555,0.501898860001729,0.0472875699695522,0.0472895287262328,0.0164718661636132,0.00419138231075804,7,0
0,1.87297152,accepted,0.292560971852356,0.0111539949287134,-0.0776080769629012,-0.0990266615262199,-0.0757895145998179,-0.192333615643576,0.100875412121896,-0.000356224403832428,0.066528208183175,-0.255457877454383,-0.388429559509596,-0.02,-0.07,0.14,2.45916891606001,0.0509918487616261,-0.200975547432029,-0.29559521762076,0.0271874185389558,0.0493937994774167,0.0525273809255097,2.45937121971958,1.87297152,0.155311901317547,0.155311942276992,0.446795907254851,0.0461035908370369,0.0461017204118023,0.0151790475183598,0.00375219156137481,8,0
0,1.959107072,accepted,0.23115622984785,0.0214466269850261,-0.0591730043535972,-0.111114149935875,0.111352917179387,0.190585096883311,-0.0919172805869406,-0.000137509259915625,0.0748442337814424,-0.255457877698643,-0.402214738016234,0.14,0.25,-0.04,2.45916891606001,0.0613170583261683,-0.192597633207648,-0.305153448948923,0.0554906691771313,0.104621608361207,0.044230539516617,2.45932817528872,1.959107072,0.140396054363811,0.140396075391451,0.402614120410691,0.0473823588254877,0.0473794561941332,0.014708290272733,0.00339817362600766,9,0
0,2.057287168,accepted,0.57195793750081,0.0244475972543364,-0.0851064960372493,-0.116958757995611,0.0186824296974365,-0.282117964271417,-0.0717509253983548,-0.000119119667186141,0.0914762851936153,-0.266564739617442,-0.417927531604164,0.08,-0.16,-0.03,2.45916891606001,0.0712163018385046,-0.217537631917603,-0.316205169817642,0.0695016081290536,0.00389891488576626,0.0322295893705853,2.45941881714499,2.057287168,0.127894297275164,0.127894296966783,0.366445462017211,0.0376443300131295,0.0376408960421384,0.0133075356189211,0.00313139596951227,10,0
0,2.157501184,accepted,0.153527587731172,0.0295135790143922,-0.0605595008915907,-0.120816286811779,0.14225394344944,0.0457324578642523,0.0412811699096194,-0.000231430600370341,0.108108337001664,-0.277671604909479,-0.433965834805925,0.22,0.05,0.07,2.45916891606001,0.0923471966723137,-0.218762677499989,-0.321269515171399,0.120959881887791,0.0175971016494238,0.0326626304404363,2.45935662194561,2.157501184,0.1178062266214,0.117806216581368,0.336453239523952,0.0352244691174506,0.0352208480904626,0.0127081931047369,0.00292293436410777,11,0
0,2.257688832,accepted,0.406845149489483,0.0112029641197658,-0.0718733083414426,-0.13183830253373,-0.285960698679479,-0.0993800482917981,0.0107017611142614,-0.000206711092105571,0.116424362822871,-0.28877846839694,-0.449999918059255,-0.15,-0.08,0.04,2.45916891606001,0.0898863732121861,-0.228345490791672,-0.327934184527614,0.0781452183118405,-0.00129546222059336,0.0303965404101709,2.4593403077058,2.257688832,0.109626153109655,0.109626118479349,0.311248633899283,0.037083622784895,0.0370800072528367,0.0127778029267503,0.00275868538123687,12,0
0,2.359859456,accepted,0.0959065161628241,0.0182394731439017,-0.0713591948945069,-0.140422146863996,-0.104398479771252,0.0324504152339206,-0.00879927888301248,-0.000135887339901775,0.116424362921155,-0.299885333023352,-0.465330501052506,-0.02,0.03,0.02,2.45916891606001,0.0885288777983207,-0.23046466241442,-0.335657205058665,0.0479486228519487,0.00844712041733359,0.0275555655515508,2.45924583985427,2.359859456,0.102152040121549,0.102152031790959,0.289513674945058,0.0315494536564658,0.0315468425860696,0.0120604515068144,0.00263106670789619,13,0
0,2.458032896,accepted,0.0677987693334911,0.0230884526811129,-0.0813692826703458,-0.146949812506854,-0.099995474352808,-0.00835702537840326,0.00573511019530965,-3.05535772682219e-07,0.116424363151397,-0.310992197384771,-0.480061306331919,-0.05,0,0.03,2.45916891606001,0.0876357982161015,-0.235993232768334,-0.342750037264407,0.027018117304319,0.00582810592491465,0.0246698181800114,2.45913807641389,2.458032896,0.0960198460081542,0.0960198355437796,0.270816089747979,0.0311684801560731,0.0311660253328965,0.0119998545669604,0.00252669984368953,14,0
0,2.556184064,accepted,0.215800448448959,0.0262246264676107,-0.0755799666329213,-0.154412412941622,0.0247823380598252,0.0243909694114485,-0.15562179054526,1.41822282495596e-05,0.116424363151397,-0.310992197384771,-0.494788769724813,0.05,0.03,-0.13,2.45916891606001,0.0941800010928135,-0.238269510448701,-0.359603435642183,0.0322262933342802,0.0117766539647171,0.00853296690650565,2.45917799573495,2.556184064,0.0905299963336761,0.0905299921351215,0.254432165447091,0.0292238433117417,0.0292219181990491,0.0117448670879444,0.00244439989429435,15,0
0,2.658346496,accepted,0.0646406234036735,0.026671673103832,-0.0729339990279069,-0.150673155560748,-0.0490551164771633,0.063802451981109,-0.0269808236450402,0.0017338225915724,0.124740388874321,-0.310992196940522,-0.510118118402659,-0.01,0.06,-0.03,2.460914245312,0.0950939451042753,-0.236603457851597,-0.370320417553805,0.0256494951062214,0.0134219930553843,-0.00639322623056464,2.45928013537213,2.658346496,0.0857032503474432,0.0857032558400277,0.240019285066367,0.0272074837748481,0.0272047552798214,0.0114621075631174,0.00238508022092174,16,0
0,2.758519552,accepted,0.120353561485792,0.0351722268508293,-0.0755649721309043,-0.153858311900915,0.0585290889380554,-0.0839044393412614,-0.0530832715465404,0.00334329142532797,0.133056416408153,-0.31099219692112,-0.525148963631061,0.08,-0.08,-0.07,2.462659574564,0.1057475235084,-0.248199385166647,-0.383920223945179,0.0381234312891028,-0.0200658061212894,-0.0237772942572179,2.45963678820373,2.758519552,0.0813565506909533,0.0813565605052397,0.227178989294666,0.0251782587490671,0.0251756993362001,0.0111113265590747,0.00233780819046746,17,0
0,2.874699264,accepted,0.208642289582445,0.0220872153493026,-0.0710330146148563,-0.155288564583555,-0.171714452663744,0.0174943552690788,0.0248022655305444,0.00468780494667165,0.133056417019666,-0.322099061724637,-0.542581588125934,-0.12,-0.01,-0.01,2.46440490381599,0.0987526210798571,-0.253794213733117,-0.394204896192419,0.0141697218060843,-0.0241443902175309,-0.0325952871293592,2.45998248634779,2.874699264,0.0779934950228857,0.077993502318128,0.21605329336379,0.02642866134975,0.026426364436607,0.0113389263048809,0.0023244816605037,18,0
0,2.95684864,accepted,0.233720982435154,0.0414242020856409,-0.0664255063641078,-0.1576784836787,0.185423562332838,0.0605881955629924,-0.0115717325835192,0.00460354294426724,0.141372440807025,-0.32209906154405,-0.55490800208964,0.2,0.04,-0.05,2.46440490381599,0.11485193675252,-0.255224708417666,-0.405970812543284,0.050300747011175,-0.00947997098719994,-0.0397596486172319,2.46020195268613,2.95684864,0.0745234285631918,0.074523434989385,0.205704544672893,0.0264342970128328,0.0264332564520035,0.0113298981819407,0.0022716252376567,19,0
0,3.057036544,accepted,0.119054810305857,0.0297634671560443,-0.0546802270228979,-0.159551779283465,-0.088927867453548,0.0704876325510609,-0.0220666894122529,0.00606356390122231,0.149688466307009,-0.310992196467196,-0.569941075242383,-0.04,0.06,-0.07,2.46615023306799,0.112702119342224,-0.252231712125454,-0.419946637471457,0.024577278767643,0.00861746989733382,-0.0508425638570866,2.46050475070424,3.057036544,0.07139671883603,0.0713967272482005,0.196416903005873,0.0248638742398278,0.0248633510497509,0.0110275659267051,0.00225334226574718,20,0
0,3.1592064,accepted,0.500709839909212,0.0336440230141564,-0.082348878216972,-0.159458048528193,-0.0980486955482741,-0.276811092020735,0.116666612668725,0.00731674953443973,0.149688466752889,-0.333205923648299,-0.585271537882399,-0.06,-0.26,0.06,2.46789556231998,0.112246298979703,-0.270658889609113,-0.428278222410782,0.0228089247844016,-0.0273217632646439,-0.049257761014996,2.46108281671938,3.1592064,0.0690754670619522,0.0690754715999716,0.188313436412816,0.0274790779848491,0.0274793301014761,0.0114515227299129,0.00224395613111879,21,0
0,3.257363968,accepted,0.378443296128591,0.0437194024537033,-0.0599811434773869,-0.166486833840609,0.0905624597686422,0.264572666859716,-0.0526225410957868,0.00686930385298501,0.158004494799951,-0.3332059231113,-0.599999961587514,0.11,0.24,-0.11,2.46789556231998,0.121689108426997,-0.260956863887545,-0.443308146003942,0.0343393068325503,0.0173913266532437,-0.0611159484887054,2.46154175321231,3.257363968,0.067013799260038,0.0670138037420357,0.180951631979063,0.0299348261206265,0.0299351671691936,0.0118571163043448,0.00223286390272328,22,0
0,3.357549824,accepted,0.293063312423545,0.0332303213951594,-0.0748101477805251,-0.163708461461619,-0.0795839536558957,-0.161427827344364,0.152802152029356,0.00800116419882446,0.158004494799951,-0.3332059231113,-0.613001255774805,-0.05,-0.13,0.09,2.46964089157198,0.12101166894882,-0.272918560893497,-0.448919374166213,0.0150447090593635,0.00077095998690661,-0.052188311323147,2.46223969132695,3.357549824,0.0651817717177074,0.0651817761074368,0.174271619705322,0.0318020344370741,0.0318018627535532,0.0121873342605977,0.00222835723021668,23,0
0,3.457719552,accepted,0.128328794564666,0.0440347484960288,-0.0714370790340781,-0.171623570826649,0.132853880892223,0.0313211749513502,0.0462182709204172,0.00732050332547018,0.166320520885075,-0.344312788847586,-0.626000451813155,0.14,0.03,-0.01,2.46964089157198,0.135369788512263,-0.273660354149739,-0.458789683247541,0.0373147357074705,0.00505008566724921,-0.0526420754288332,2.46283434302506,3.457719552,0.0633828737790492,0.0633828799273941,0.168099834308713,0.0320380306255445,0.0320380263617809,0.0123028779930803,0.00222615852439683,24,0
0,3.557946624,accepted,0.269963767161627,0.027508132683455,-0.0705937382279787,-0.174414840819496,-0.138626498983772,0.017872824048309,0.104693924389279,0.00845606717751934,0.166320520885075,-0.344312788847586,-0.639007089479961,-0.11,0.01,0.04,2.47138622082397,0.123669233613818,-0.274818481037445,-0.461667946054352,-0.0147716589341019,-0.00281308382880874,-0.0513770749662463,2.46353377508965,3.557946624,0.0612276979060121,0.0612277094566726,0.162130672376548,0.0283288095483766,0.0283289752111691,0.0117878372725679,0.00222547438648353,25,0
0,3.658117888,accepted,0.0634412482814979,0.0448679409940439,-0.0802492639485051,-0.184589334726689,0.0397927926444557,-0.0456424211799413,0.0527340082019462,0.0077541625122941,0.166320520851401,-0.355419652349585,-0.652006484847654,0.01,-0.05,-0.01,2.47138622082397,0.127217089475243,-0.283054282199324,-0.470494349027718,-0.0194812575312009,-0.0163800594105846,-0.0575318036472395,2.46421880327833,3.658117888,0.0595203923467444,0.0595204055234796,0.156772489060722,0.0273487899379622,0.0273495092690175,0.0115985313497779,0.00222546413826867,26,0
0,3.758253312,accepted,0.200852171388976,0.0497396179910739,-0.081927940304184,-0.188833859196043,0.134907834925185,-0.0687929382926573,-0.0141882799239131,0.00938889368723617,0.174636547449755,-0.366526516178868,-0.665001229197557,0.1,-0.09,-0.07,2.47313155007596,0.141482672190905,-0.295499999399503,-0.484692386012705,0.00336928112426383,-0.0411555377440034,-0.0578590011482621,2.46448187625459,3.758253312,0.0577682755053429,0.0577682999892788,0.151674005155553,0.025302244060289,0.0253033412861366,0.0111590451783259,0.00222559355612782,27,0
0,3.872408832,accepted,0.138645671821464,0.0421548077009799,-0.0767452707179078,-0.187905678454558,-0.0567495510269947,0.0502383421666494,0.0973393438881403,0.0093148144146955,0.182952573395619,-0.377633380367225,-0.679815385260163,-0.06,0,0.02,2.47313155007596,0.137388533134004,-0.299517617863185,-0.490844440615399,-0.0163787735440404,-0.0388148382064332,-0.067672937883343,2.46447294884529,3.872408832,0.056586487927277,0.0565864989543447,0.147306458092196,0.025477578557577,0.0254782662509222,0.0111045049917221,0.00224739509540988,28,0
0,3.95658112,accepted,0.0901793386275011,0.0388255615689291,-0.0753362640934875,-0.192578839510065,-0.0430793366502253,0.0296188535309731,0.0704300393038308,0.0108134251648391,0.174636547540736,-0.377633380381763,-0.690738566290548,-0.07,0,-0.03,2.47487687932796,0.133155113639898,-0.302454729767975,-0.498399742911774,-0.0376439820583439,-0.0225382842240459,-0.0926127774297796,2.46483806296318,3.95658112,0.0548159935654489,0.0548160135840155,0.142635847178664,0.023088903793966,0.0230898143456863,0.0105658454774482,0.00222004182714748,29,0
0,4.05874944,accepted,0.122782349228402,0.0497567176892409,-0.0840334381191774,-0.194036650467968,0.0411506246982949,-0.0289021874834033,0.124745535770887,0.010858866846756,0.174636548027593,-0.388740245179087,-0.703997123013288,-0.07,-0.06,0,2.47662220857995,0.129366720328572,-0.309821755844013,-0.509865122340199,-0.104233982329555,-0.0361935294163236,-0.116774509715339,2.4665844856851,4.05874944,0.0539097598288783,0.0539097773754319,0.138944135535553,0.0248615828107252,0.0248738946003812,0.0107929928402345,0.00222167432593021,30,0
0,4.15694336,accepted,0.848994386957051,0.0660221663330723,-0.0646213375908538,-0.194256172502156,0.350510447715817,0.108952341790187,0.0426191728712815,0.0120467329679577,0.182952573395619,-0.377633380367225,-0.716739915085711,0.22,0.09,-0.09,2.47836753783195,0.14562383486694,-0.307485157509202,-0.526120031751461,-0.0631685646987864,0.00126068028882611,-0.128791661652657,2.46698543032701,4.15694336,0.0529139042154978,0.0529139252289136,0.135354578995981,0.0253736376400893,0.0253861632240156,0.0107933307121995,0.0022158603362243,31,0
0,4.259123968,accepted,0.025141692526236,0.0561969419872275,-0.078233381117199,-0.192889230375029,-0.009600595994274,0.0172242229698656,0.012103661531671,0.0120422104607032,0.199584625460282,-0.388740244705761,-0.730000035851084,-0.01,-0.04,-0.07,2.48011286708394,0.144573888717501,-0.311753861191056,-0.542262992337436,-0.0025170770860765,-0.0531745425595369,-0.0811247382186461,2.46893988588453,4.259123968,0.051728165593075,0.0517281607337872,0.131781274712626,0.0239440661547901,0.0239438208464264,0.0103973054138014,0.00221532780067925,32,0
0,4.365277952,accepted,0.174248432329895,0.0607234198473945,-0.0827978363929456,-0.186409685420935,0.05996623077673,-0.129755453858669,0.0318597988506216,0.0127795311797154,0.199584625939837,-0.399847107690162,-0.737433111491988,-0.01,-0.12,-0.06,2.48360352558793,0.146420898983911,-0.331526578842036,-0.554376309260124,-0.0563774100294359,-0.0192573898065939,-0.0890758017610687,2.4718256240514,4.365277952,0.0508745765397877,0.0508745832547243,0.128660058502089,0.023806499611409,0.0238111104564482,0.0102772253190019,0.00221900341318449,33,0
0,4.457422592,accepted,0.389544798433849,0.0706038754874722,-0.0558786964386515,-0.184280041418924,0.259875063360441,0.0519215314788137,-0.0016739274789268,0.0129097416776389,0.207900651571779,-0.388740244432423,-0.743885229944972,0.06,0.1,-0.01,2.48534885483993,0.156212927425908,-0.331731164802928,-0.565465000989496,-0.158398116320364,0.0557863643551854,-0.00798146172878096,2.47303058453515,4.457422592,0.0501000337466561,0.0501000409004916,0.125740457847459,0.0251206873598223,0.0251599781245535,0.0103678583613082,0.00219927562668654,34,0
0,4.557600256,accepted,0.855424800981029,0.0816304628910987,-0.0614877370816285,-0.18873429938088,0.334455292956328,0.0212145553091287,-0.110423051274083,0.0139018910231221,0.216216677294703,-0.388740243988175,-0.750899833881476,0.02,0.12,-0.1,2.48534885483993,0.165519001075455,-0.327752827933776,-0.576597454535085,-0.245580890975771,0.10293859181759,0.00291962188474078,2.4718536828762,4.557600256,0.0493460301831489,0.049346150471991,0.122976256837784,0.0248874612585921,0.0249924093836406,0.0102939016805151,0.0021890198606407,35,0
0,4.65780608,accepted,2.14039488397833,0.0869866575109805,-0.0807503418018304,-0.178911616192418,0.392483261116289,-0.292158879659173,0.123601867572691,0.0141221660241486,0.216216677294703,-0.388740243988175,-0.757916409627249,0,-0.04,0.06,2.47836753783195,0.174044419634868,-0.341888473680961,-0.571851636566733,-0.291901079378849,0.176919067485251,-0.0443454661702737,2.46539694553717,4.65780608,0.0483788702619976,0.0483789237632094,0.120134209370258,0.0227383459696198,0.0228350678138486,0.00994066655824051,0.00217264275363823,36,0
0,4.758011136,accepted,1.90409368625038,0.0910045802028344,-0.0741164968253664,-0.183288189486772,0.434359323119066,-0.181831696066595,-0.0101319884496102,0.0139882863198335,0.224532703240567,-0.399847106787126,-0.764932931596405,0.02,-0.09,-0.12,2.47836753783195,0.180673523305214,-0.34675662517872,-0.588165255175071,-0.312186926131726,0.0483336628521277,-0.106082573577111,2.46585956692181,4.758011136,0.0474891050733663,0.0474896481402719,0.11746084141164,0.021096717902248,0.0212680960536474,0.00958408589896807,0.00215709009164783,37,0
0,4.876175872,accepted,0.708187172930605,0.0837761966970338,-0.0571119781242374,-0.169510319770438,0.356378849553354,-0.0112297637802464,0.142928662764035,0.0153087796664009,0.224532703240567,-0.399847106787126,-0.773207019743445,0.02,0.02,0,2.48534885483993,0.16336507398219,-0.345436725733955,-0.601113051739918,-0.290992667692765,0.0290169730972254,-0.133952739167737,2.47097243594259,4.876175872,0.0475182006611358,0.0475188672480126,0.115776946582754,0.0233741824446447,0.0235102550284452,0.00989931162399339,0.00216947449358702,38,0
0,4.9563136,accepted,0.426063653988946,0.0839374515759925,-0.0637617227895088,-0.166468255016377,0.151160901875867,-0.114641248619588,0.212146141177305,0.0154098923181305,0.224532703727424,-0.410953971584449,-0.778818394573378,-0.12,-0.15,0.07,2.48709418409192,0.152589123695949,-0.356195857021706,-0.605454410247658,-0.249649640679899,-0.0511894459029689,-0.130243267179078,2.47301928410823,4.9563136,0.046859063136072,0.0468600679018492,0.113501766912601,0.0237836955957135,0.0238633310388576,0.00988672989883983,0.00212828921408175,39,0
0,5.058450176,accepted,1.13339911766549,0.0993422426272267,-0.0380780318202728,-0.169273239760247,0.363148483183303,0.325183952451061,0.0421611919627512,0.0138211464662437,0.232848731287628,-0.399847106250127,-0.785970164733143,0.22,0.29,-0.07,2.48883951334391,0.159543536861285,-0.343015421631269,-0.618814040715107,-0.092904308808839,0.0086038917383158,-0.109383963980653,2.47582221259003,5.058450176,0.0467332699051902,0.0467348591113895,0.111799348720131,0.0251849616215603,0.0252224574543329,0.0100126512440211,0.00211883368353407,40,0
0,5.15861888,accepted,0.517397781115861,0.0819745829156879,-0.0507154764572014,-0.163844997128473,-0.177400255923641,0.0409446091359659,0.202129827972505,0.0138537000955727,0.241164755463561,-0.399847106240451,-0.792984141275788,-0.16,-0.05,0.06,2.4923301718479,0.14648536338906,-0.347263848713352,-0.61780772589355,-0.0147609012994022,-0.0834422910111643,-0.12754421589765,2.47924285594887,5.15861888,0.0463104223245229,0.0463120874491554,0.109934599279093,0.0246010160363536,0.0246314504974557,0.00989448184555306,0.00210489586332394,41,0
0,5.258813952,accepted,0.451194622123144,0.0941603614221892,-0.0537598251714724,-0.165321660227073,0.0892489428151791,-0.0746423700599737,0.178289304063696,0.0157404725041963,0.241164755463561,-0.399847106240451,-0.799999964148924,0.09,-0.04,-0.01,2.4940755010999,0.16099205171975,-0.356914650407621,-0.618914947052219,0.0236288990616339,0.0157546323758383,-0.169751865352167,2.4792134962784,5.258813952,0.0454787655880333,0.0454801029808194,0.107803865053814,0.0220684978711633,0.0221136071052881,0.00946333766641224,0.00209083330047866,42,0
0,5.356980736,accepted,0.644939811678102,0.0971125585562049,-0.0269647341828961,-0.139862640275419,0.150973585659203,0.201926147971046,0.224335699761132,0.0148442882236148,0.257796808787666,-0.3776333780781,-0.778351630332281,0.14,0.26,0.03,2.4923301718479,0.174496607559756,-0.337749937211448,-0.627792967399221,0.01096482201831,0.0856792104663541,-0.181681506687894,2.4785287547757,5.356980736,0.0452689733429835,0.0452703358706618,0.106269518889013,0.0226143597473389,0.0226432154819193,0.00950544815187642,0.00207324390589036,43,0
0,5.455131648,accepted,0.716076351147339,0.0826334002337112,-0.0368891537323555,-0.110847648669216,0.0101885023692575,-0.0468461657693372,0.26075371720447,0.0157598657313827,0.257796808308111,-0.366526513704293,-0.756706647968073,-0.01,0.04,0.1,2.49582083035189,0.179261991894532,-0.336419331206095,-0.619334131374143,-0.0166853058220498,0.0753781046244673,-0.13458950673523,2.48106729097785,5.455131648,0.0444795657410629,0.0444805596522748,0.10429160526819,0.0207735927713,0.0207908500408579,0.00909808977015295,0.00205463621133087,44,0
0,5.557265408,accepted,0.314258412860063,0.0754876397621825,-0.0317708488821936,-0.104222805438672,-0.215114916520048,-0.0707093649355996,0.0599501558224146,0.0161020467840616,0.257796808308111,-0.366526513704293,-0.734183337802698,-0.13,-0.12,0.01,2.49756615960389,0.170062602273825,-0.34069681237058,-0.628905199614993,0.0566699368113017,-0.0590386461601928,-0.0468407226357776,2.48222572329471,5.557265408,0.0443892810788907,0.0443904582781596,0.103007806472334,0.021785437301011,0.0218162528107806,0.00914091649898061,0.00203979320285555,45,0
0,5.655432704,accepted,0.796286664954732,0.0763892500697867,-0.0208035452757749,-0.0740218533361633,-0.0971545725265335,0.145894932358708,0.226424977231127,0.0167904385597804,0.24948078026105,-0.366526514241293,-0.712534742314737,0,0.09,0.13,2.49931148885588,0.164443791510139,-0.329603418622154,-0.614900243862745,0.0762207341932322,-0.023506088515264,-0.0743558457159773,2.48386494357812,5.655432704,0.0436651128454349,0.0436666457928001,0.1011959049464,0.0198530232491122,0.0198934698067391,0.00875999198979189,0.0020192046865025,46,0
0,5.757658368,accepted,1.5063177511344,0.0705154710761833,-0.0217491565386585,-0.0610517671668876,-0.198207530774063,0.0799968912609463,0.328722503968654,0.0157139722105293,0.241164754175925,-0.355419649894412,-0.689991164783336,-0.11,0.01,0.14,2.49931148885588,0.151128955789966,-0.325514499111153,-0.594143855242609,0.0480648863266915,-0.0532981598344673,-0.157725700216626,2.48439788276774,5.757658368,0.0430965783315287,0.0430982248661858,0.0995598622029088,0.0183674167500477,0.0183872934265,0.00844169007071068,0.00200289066825068,47,0
0,5.869842944,accepted,0.408360671665555,0.0740268828408696,-0.019221620954987,-0.05506276996476,-0.071881499812617,0.172730795358174,0.128718445747223,0.0171828871462547,0.241164754175925,-0.355419649894412,-0.665251372563617,0,0.12,-0.07,2.50454747661186,0.16315401074624,-0.321413073356766,-0.600100972390596,0.0608205370971143,-0.0246848931705332,-0.189152213100538,2.48870558089428,5.869842944,0.0429827453157315,0.0429836712332688,0.0984288694724056,0.0183621906653711,0.0183887426969365,0.00835474496794854,0.00199710128435833,48,0
0,5.955999744,accepted,1.46592594153425,0.056829792585853,-0.0399632793893825,-0.0347776604790644,-0.356944346384428,-0.254973653136533,0.244179610160599,0.0170975602093897,0.232848730230235,-0.366526514265507,-0.646251422603328,-0.17,-0.33,0.17,2.50454747661186,0.154060420433793,-0.344749973066019,-0.596444399239181,0.143550509941413,-0.106111694512383,-0.0608174198435107,2.48740974308734,5.955999744,0.0426190590890854,0.0426199075426742,0.09709350104501,0.0188764966465415,0.0189549109434965,0.00831126804445559,0.00196151635710518,49,0
0,6.05812096,accepted,0.83492933329207,0.0608152407449981,-0.030915756496796,-0.0205645613662828,-0.128267954556953,-0.0599818112434811,0.252006159864165,0.0180238674674622,0.232848730940032,-0.388740243695435,-0.62373087873582,0.1,-0.22,0.19,2.50454747661186,0.159725643449821,-0.365313727357585,-0.575656069926421,0.202497619778974,-0.171412514665512,-0.0392314694023176,2.48700683894427,6.05812096,0.0421067296246798,0.0421079309130937,0.0956536206216324,0.0177810708127082,0.017868332488757,0.00802609305808823,0.00194188204003326,50,0
0,6.158219264,accepted,2.98367187020818,0.0525933692502371,-0.0156925992375467,-0.0238959360431485,-0.354782941053885,0.386954167374403,0.219581556364033,0.0176911532072812,0.232848731287628,-0.399847106250127,-0.601656442741103,-0.1,0.15,0.17,2.50629280586386,0.144263247446521,-0.34361541065236,-0.554628028767423,0.188405477059103,-0.16382988963285,-0.0282126197563005,2.49026943303494,6.158219264,0.0416008319014972,0.0416023232618445,0.0942476464313573,0.0168441155395015,0.0169079215435021,0.00775788754683557,0.00191933695973728,51,0
0,6.256422144,accepted,2.72245687064515,0.0486320096111757,-0.0431635333553839,-0.0182836861707696,-0.400392041611972,0.123944195652252,0.329668271504925,0.0164779977218705,0.207900652051334,-0.399847107416825,-0.580000000000005,-0.26,-0.02,0.21,2.50803813511585,0.119787412903364,-0.345263942188599,-0.526939094518906,0.0695206021968733,-0.121747874731999,-0.0909321897921951,2.49198059710952,6.256422144,0.0410999283342353,0.0411012180090875,0.0928758329975181,0.0158427272513879,0.0158697694810922,0.00749260445541727,0.00189744666288471,52,0
0,6.356606208,accepted,0.902977262524815,0.0552122319927828,-0.0506080655141849,-0.00978000132079404,-0.228490343957478,0.107068973874701,0.194743609208699,0.0171981726353829,0.182952574460314,-0.410953972775361,-0.546992349968683,-0.07,-0.04,0.11,2.50978346436785,0.108553306403941,-0.352130722889296,-0.518802336412353,0.12285416110611,-0.130252254768628,-0.0695637785242076,2.49351487357934,6.356606208,0.0407565611155566,0.0407583405501552,0.0917087020631215,0.0155473554394963,0.0156035715561225,0.007329129108783,0.00187735185884758,53,0
0,6.456764672,accepted,2.04809918163495,0.0503191411597682,-0.0705979539107258,0.0177350709903935,-0.274745749422351,-0.0893459758384379,0.387710947045481,0.0175548140910617,0.174636549058614,-0.433167701783925,-0.513993134371013,-0.12,-0.13,0.18,2.51152879361984,0.101658478270632,-0.372521929908461,-0.495502249111148,0.114087346649377,-0.0537974059200704,-0.180057226434005,2.49471196227046,6.456764672,0.0404638305553695,0.0404653886448255,0.0906279715854897,0.0150458343015833,0.0151209638527113,0.00718361381214395,0.00185796080921253,54,0
0,6.556908544,accepted,4.06284442403518,0.0281645669139181,-0.0737051551020045,0.0301268876287096,-0.532567766611048,0.143363119730605,0.347397184725364,0.0177206810260477,0.149688469623012,-0.455381431609018,-0.480998726400522,-0.25,0,0.21,2.51327412287183,0.06971784451042,-0.369744736351013,-0.474204096112707,0.194461186441019,-0.119732434807199,-0.107543920926414,2.4964850262457,6.556908544,0.0400659342200122,0.0400680707067699,0.0894614671422055,0.014667450586266,0.0148113029503349,0.00699438490885178,0.00183590430468216,55,0
0,6.65903232,accepted,2.42419218836805,0.0454550312294644,-0.0827561787499167,0.0366688928769346,-0.277009306040053,-0.0218727668843693,0.406228064933044,0.0163607305899109,0.133056419815137,-0.46648829418173,-0.447351999331381,-0.11,-0.15,0.3,2.51327412287183,0.0619236243270049,-0.388276999178631,-0.440938273787284,0.12188649068462,-0.131508536533758,-0.074414496207751,2.49739016894337,6.65903232,0.0397250990782716,0.0397269471687453,0.0883841753479404,0.014271911609424,0.0143507124747454,0.00680161083060776,0.00181774138037567,56,0
0,6.759232512,accepted,2.79003476107396,0.0477123352310493,-0.0696294440630688,0.025103495337859,-0.177734749788338,0.276031452987561,0.415317783986045,0.0164033533127173,0.133056419788764,-0.47759515949665,-0.414339035606858,0.05,0.06,0.41,2.51501945212383,0.0695856882188476,-0.383712949270568,-0.396096082059739,0.198818798926709,-0.172229200065813,0.0267286800559467,2.5003355230235,6.759232512,0.0393715398795058,0.0393731144623229,0.0873205690599238,0.0140221843509056,0.0141133593487178,0.00663588374226668,0.0017966079256331,57,0
0,6.875410432,accepted,3.39766686778802,0.0178526331314241,-0.0837119931760629,0.0172993865043631,-0.45513293299551,0.215449228065359,0.313977001092568,0.0168120489587968,0.108108340122919,-0.48870202357092,-0.376061888807072,-0.24,0.01,0.4,2.51676478137582,0.0468443937034548,-0.386715632384835,-0.36069419922072,0.143335190067758,-0.171699428518286,0.111123326507011,2.50056189136639,6.875410432,0.0392952300745275,0.0392966648101267,0.0865891686735786,0.0140154697632941,0.0140747063457493,0.00651760184885597,0.00178960422269593,58,0
0,6.957555456,accepted,3.46473233802872,0.0132377071032646,-0.119267829818968,-0.00146745704712919,-0.458293839462522,0.0399311071663885,0.383294854767926,0.0162096357565726,0.0748442366096678,-0.522022617337398,-0.348997562448673,-0.26,-0.13,0.52,2.51851011062782,0.0203209040163213,-0.402603529750703,-0.309746527452596,0.130097266003442,-0.164174053312209,0.164937838956403,2.5024802259401,6.957555456,0.0386883867888971,0.0386900501104687,0.0853030848401882,0.0133964842602525,0.0134672139590105,0.00631234928348588,0.00175406319202233,59,0
0,7.059693312,accepted,1.79474770136848,0.0212329747542754,-0.129142340111183,-0.020396030906721,-0.217548425382605,0.333857199542653,0.160097620794519,0.0170705648002789,0.0498961561330016,-0.544236345266546,-0.315346196441027,-0.04,0.19,0.35,2.52025543987981,0.00930516360746162,-0.388448318262678,-0.279429584408018,0.145445554243121,-0.0953270380229644,0.202175891664923,2.5050608983297,7.059693312,0.0384179665367454,0.0384200962128593,0.0844077488337411,0.0131364468649517,0.0132139815353317,0.00617191406392729,0.00173640977413808,60,0
0,7.157860352,accepted,2.33253158754141,-0.00632621071008646,-0.172257130672899,-0.0248471083218509,-0.406357742116305,-0.078267064307646,0.255946079798486,0.0144809823919343,0.0166320526461229,-0.566450074412806,-0.283003095437152,-0.32,-0.08,0.44,2.52025543987981,-0.0140659002187259,-0.406361720345736,-0.233345896572494,0.0278770214790243,-0.013800979004358,0.202268307088772,2.50669745354061,7.157860352,0.0381002604257031,0.0381018016139213,0.0834810383135014,0.0127708965546258,0.0128071449786694,0.0060150097460596,0.00171696558066119,61,0
0,7.258030592,accepted,2.12184135702962,-0.0228773657802267,-0.191570546244945,-0.0404501484237922,-0.409761464118102,-0.00498207925509567,0.216804332456143,0.0150399389436027,-0.0332641045270618,-0.599770665540883,-0.25,-0.3,-0.03,0.45,2.52200076913181,-0.0479128470984888,-0.414308402612835,-0.18911716766971,0.0517453533527447,-0.026724088280797,0.248654985307883,2.50793499811976,7.258030592,0.0378286930298531,0.0378305181570117,0.0826278190574906,0.0125492013801399,0.0125996631293577,0.00589233936689316,0.00169888256021615,62,0
0,7.358208256,accepted,1.99007057467164,-0.0369465662211002,-0.215746982910271,-0.0314039746987741,-0.342346146829945,-0.129195567940663,0.254498947868624,0.0146817822391734,-0.0748442377736269,-0.633091259425708,-0.196247402624465,-0.23,-0.1,0.47,2.5237460983838,-0.0696151265013171,-0.435197510383282,-0.140620245141565,0.0645922618128282,0.0103143010068551,0.232943191903397,2.50995577644918,7.358208256,0.0375706242416196,0.0375722341361589,0.0818097240774634,0.0122555442334034,0.012304807355627,0.00577338824369888,0.00168073509798114,63,0
0,7.458347776,accepted,2.89207322871503,-0.0622000153913881,-0.209470872320187,-0.0235246539796976,-0.431077449996251,0.143863962868922,0.289025947518361,0.0132714221108974,-0.12474039501142,-0.644198122425374,-0.14251527227713,-0.3,0.16,0.46,2.5237460983838,-0.102665537973388,-0.428188731788043,-0.0913969829349741,0.0723890784430811,0.0341588716232478,0.190601339209803,2.51215395149632,7.458347776,0.037322427146885,0.0373241971401894,0.0810242708810478,0.0119433836397839,0.0120022178328444,0.00566289563533912,0.00166247964302504,64,0
0,7.558494976,accepted,2.25730785811862,-0.0843964309928317,-0.23572794443509,-0.0102175147654115,-0.379811650054081,-0.125052285304096,0.253938720279158,0.0132064723703968,-0.182952580560193,-0.655304985102619,-0.0887790210516357,-0.35,0.01,0.34,2.52723675688779,-0.134554120781308,-0.437511339634161,-0.0542468376248554,-0.0206003907819912,0.117321828077946,0.102851456794821,2.51553158396171,7.558494976,0.0370857462826051,0.037087144923174,0.0802703873637165,0.0116387518528151,0.0116365064988346,0.00554578227556412,0.00164458523930597,65,0
0,7.658622464,accepted,1.05780138853183,-0.101348270823858,-0.261288993028609,0.00675775100430737,-0.204532122370885,-0.154621947841752,0.187780116351644,0.0109151030723504,-0.232848739163014,-0.688625575553244,-0.0350533467467571,-0.17,-0.06,0.33,2.52723675688779,-0.152488798370657,-0.448512738382799,-0.0236262049173235,0.00717996138146407,0.0731641532532912,0.154292258917554,2.51697856073666,7.658622464,0.0368583519935793,0.0368596260363895,0.0795461134642936,0.0115101057663114,0.0115286012676598,0.00544505525148884,0.00162704432410565,66,0
0,7.758778368,accepted,0.806939468283431,-0.122585564942778,-0.275777773078771,0.0267352704413397,-0.190180868330243,-0.144569411327627,0.134649187297619,0.0116711990731089,-0.282744899279152,-0.710839302936443,0.0186875748073234,-0.29,0.04,0.3,2.52898208613978,-0.180383900454668,-0.455742416698059,0.00535195253377759,-0.125022391203708,0.164393575056458,0.173949218027568,2.51859186245959,7.758778368,0.0366402562949554,0.0366412583677972,0.0788507091252001,0.0113967014170175,0.011356390856543,0.00533600954066033,0.00160938133037904,67,0
0,7.87497216,accepted,2.66767926929623,-0.163202569546775,-0.299279008626242,0.030989514386049,-0.274367724906002,-0.291502110722762,-0.316300366944003,0.011358181592275,-0.357589139720927,-0.744159892245361,0.081033988863382,-0.52,-0.19,0.32,2.52200076913181,-0.223625841549735,-0.479654088618912,0.0201054307893499,-0.283076705301454,0.0608514604133496,0.618339221731386,2.51244344459394,7.87497216,0.0366710510427493,0.0366717821685643,0.0784502831559088,0.0119761984717449,0.0120045689753023,0.00526725591830892,0.0016024079243631,68,0
0,7.959128576,accepted,1.9463243512373,-0.170150519755418,-0.291718207339638,0.0489442980081633,0.0313951701295669,0.333957660300322,-0.267254876590853,0.00981972769303496,-0.415801325226997,-0.777480481085765,0.12619002230629,-0.19,0.08,0.49,2.50978346436785,-0.247725790958708,-0.465169802952624,0.0528283984999474,-0.218075778768666,-0.21296684956846,0.742570514615932,2.5001610780124,7.959128576,0.0362180064352325,0.0362185892147006,0.0775317315865612,0.0117028074078843,0.0116698077823027,0.00515230755367089,0.00157387759176714,69,0
0,8.157306112,accepted,0.308582204189241,-0.247267800735563,-0.302678908309851,0.0322361388151966,0.0785834541679414,0.0164364515011736,0.133859187721635,0.0127062080285301,-0.532225698553231,-0.799694201371621,0.232526673373371,-0.14,-0.11,0.84,2.47662220857995,-0.286626532421533,-0.504946053973548,0.210735418190574,-0.212372630190626,-0.126998352917901,0.711858197146007,2.46465384912131,8.157306112,0.0378715333676675,0.037872403305045,0.0788495792189412,0.0130024680626918,0.0130133531584775,0.00535707732840861,0.00161904067415139,70,0
0,8.357601792,accepted,4.2266544267181,-0.31855905179672,-0.348265655822755,-0.0084834447443623,-0.553151841332064,0.351360441555603,0.39493613290147,0.0158674490004778,-0.632018022379225,-0.866335378520344,0.339999862637391,-0.53,0.15,0.98,2.43473430653209,-0.370592841471394,-0.499330890023271,0.378624891524238,-0.0402317468275968,-0.165973221012607,0.603389732723746,2.41917772879938,8.357601792,0.0398626216285827,0.0398646287026237,0.0803542196477534,0.0142035408249066,0.0141940677071268,0.00559267140684575,0.00166025350772431,71,0
0,8.45775744,accepted,0.904514806604849,-0.309942665358589,-0.373094100193913,0.0658290625673564,-0.136258540964033,0.157470139875388,0.265103813047211,0.0154768894137693,-0.68191418522998,-0.888549102470726,0.503320812316638,-0.14,0.02,0.89,2.43473430653209,-0.392328550772658,-0.515436592299297,0.456749474264167,-0.0198810448765249,-0.12558532018943,0.635327759411922,2.4201253858792,8.45775744,0.0399336286296469,0.039935486989444,0.0800547217790828,0.0142506709359642,0.0142591881946316,0.00559142189688133,0.00163485451423086,72,0
0,8.557936896,accepted,1.65446008964328,-0.331143539338156,-0.419029911261688,0.144869734535872,-0.323658000090414,-0.33365970853567,0.27437813830798,0.0167443956883986,-0.723494323235983,-0.944083419614546,0.666680865176893,-0.25,-0.48,0.92,2.43997029428807,-0.423357484227265,-0.559187552772215,0.539721231925878,0.0451190108635636,-0.175835213894934,0.654620296689069,2.42325671462578,8.557936896,0.0401983411486231,0.0402003054741408,0.0799172054609754,0.0145517358618149,0.0145839966217318,0.0056425557122834,0.00161020299440637,73,0
0,8.658060544,accepted,7.55349896665087,-0.332411389743404,-0.372727874846206,0.23817751013568,-0.280187465822012,0.977196697819832,0.721998171145487,0.0170472435331375,-0.748442406017716,-0.955190281203305,0.829949913372182,-0.15,0.68,1.2,2.44171562354007,-0.444346521027307,-0.534829160567097,0.634620761253295,0.105629734506652,-0.228385012452744,0.500670017429223,2.42683333948984,8.658060544,0.0405184794718808,0.0405203804539263,0.0798328336323202,0.0146459445395532,0.0146564181602223,0.00571050165912653,0.00158566769259966,74,0
0,8.758186752,accepted,3.88290307493377,-0.380346726627888,-0.393362612217881,0.308770182889123,-0.609249706965342,0.21972432786865,0.464863861393798,0.0162250929673311,-0.814970618589926,-0.955190273594558,0.993223136093384,-0.53,-0.06,0.93,2.44346095279206,-0.493916358594147,-0.557386606253943,0.721432565663893,0.0196650859095324,-0.263271696236054,0.483911989809564,2.42694192739797,8.758186752,0.0406694856171069,0.0406711998745234,0.0796357861257971,0.0146361870035241,0.0145913403590348,0.0057097231891927,0.00156193862075656,75,0
0,8.958548992,accepted,4.61895177515301,-0.413872807052456,-0.397070532824032,0.495058798832953,-0.416226853918247,0.845121015588361,0.466122671337013,0.0190545577158376,-0.906446918575815,-0.999617720627556,1.31994866869758,-0.44,0.65,1,2.44869694054804,-0.532613248352791,-0.564281082437838,0.857735636229344,-0.0575145760392235,-0.141604973335958,0.547849076376216,2.43065376690731,8.958548992,0.0438030383502483,0.0438038527209492,0.0818763864964929,0.0165929113231224,0.0165664071518877,0.005981779576474,0.00159600295606878,76,0
0,9.058714624,accepted,1.33106038024723,-0.435283789985438,-0.420176490344419,0.555278331933126,-0.388636528133986,-0.22117367004628,-0.00717947350419101,0.0229209267404515,-0.97297513176684,-0.988510847097073,1.48328617911789,-0.41,0.04,1.13,2.45044226980004,-0.585152202900645,-0.601307712545066,0.939149764325988,-0.0641305416461189,0.235171621025574,1.13961388406767,2.42911363164989,9.058714624,0.0439324083360601,0.0439298550804727,0.0817525254249624,0.0174500944630248,0.0173885343017681,0.0059625741955321,0.00156997487470262,77,0
0,9.156860928,accepted,6.35861612391302,-0.402205501112142,-0.443715837581945,0.509482395797842,0.281018183988309,-0.33866604445732,-1.08802269227043,0.0263875730809189,-1.01455527224354,-1.04404516097279,1.64333082349566,-0.43,-0.84,1.86,2.44346095279206,-0.606158307088653,-0.641634072350156,1.08554370303996,-0.689162099833721,-0.54388492441092,2.91890901297146,2.4205320809608,9.156860928,0.0442198119412168,0.044223847127965,0.0817316456765526,0.021064805501999,0.0211584554019571,0.00603694966988344,0.00153855209263506,78,0
0,9.357188096,accepted,11.3380191433937,-0.260997544818379,-0.695898502534577,0.0782930924159746,1.11155902885078,-1.4849277174799,0.141853815378242,0.0326946695756609,-1.04781943664101,-1.42167853935775,1.96999916509481,0.15,-1.86,4.75,2.42949831877611,-0.715960311574916,-0.858680213308588,1.89760483624198,-0.860703236162073,-0.52888119099025,4.60984848205887,2.40590531580874,9.357188096,0.0485112938078182,0.0485130765515177,0.0843501892780665,0.0262793257271339,0.0270372051870448,0.0063341963407358,0.0015621726452544,79,0
0,9.457372672,accepted,5.07507891007592,-0.245927533508727,-0.675357724130054,0.0700190430089389,0.790402169392473,-0.84705450204816,0.601564936791653,0.0236976351165588,-1.05613548802357,-1.58828150079946,2.42599671795796,-0.25,-1.34,5.11,2.4329889772801,-0.768960647500203,-0.99137613782936,2.37968205536027,-0.982247331677751,-0.570975012354769,4.51990379919135,2.41440174799411,9.457372672,0.0494442903554604,0.0494493655390014,0.0846339456913303,0.0255374883533756,0.0265941572285394,0.00643456003454113,0.00153334282739951,80,0
0,9.55753088,accepted,2.32758337603808,-0.237947823956504,-0.640379831615191,0.0555881216630012,0.123316941474407,-0.0708655813003323,0.802240857689613,0.0184825109020212,-1.11434769314858,-1.67713640497547,2.88187575002189,-1.04,-0.4,5.23,2.43822496503608,-0.875922033456231,-1.06575164156329,2.8600231923542,-1.15585404820028,-0.345105208903981,4.44390237506686,2.42101030553815,9.55753088,0.0503209489409034,0.0503316568894633,0.0849224610374964,0.0247966962224948,0.0261648137365535,0.00648827620701902,0.00150750123680929,81,0
0,9.657678848,accepted,4.28807544118273,-0.218734607447609,-0.585356118576096,0.0437956473577796,0.0624582783397609,0.850107580620513,0.806286876189763,0.0178952835715012,-1.21414002392071,-1.67713638869381,3.33770817381096,-1.17,0.65,5.05,2.44171562354007,-0.998397314633534,-1.05765002401143,3.328852860662,-1.22919742914303,-0.145185281426289,4.26042702883975,2.42179511731311,9.657678848,0.051192121166713,0.0512130705121653,0.0852338447715001,0.0239971020025537,0.0252764230641432,0.00655114352821668,0.00148219229688884,82,0
0,9.757827328,accepted,2.79794996086812,-0.183158385076156,-0.596298579894633,0.0374137926420772,0.397818316210316,0.140319037653673,0.792793393270294,0.0182761229253812,-1.30561632135404,-1.64381578097071,3.79354292801377,-0.84,0.42,4.97,2.44171562354007,-1.09973666952238,-1.06121382511075,3.79217821168275,-1.20896810063657,0.280339266143691,4.19483687412747,2.42314431864603,9.757827328,0.0519474745189655,0.0519776105948524,0.0855252705088279,0.0237511706620212,0.0244318107201273,0.00656185378043358,0.00145650546031687,83,0
0,9.958178048,accepted,4.97332009841702,-0.14406975657212,-0.480706086451285,0.147913964869898,0.320598897007534,0.684505930321454,0.868471780228108,0.0165636564913152,-1.48856888528778,-1.44389219014064,4.70545712986243,-0.95,1.31,4.28,2.40506370924819,-1.31870636945283,-0.921064713072125,4.61041291364674,-1.24094838202171,0.676793748226559,3.43412287698564,2.38567196627125,9.958178048,0.0568134584738922,0.0568880384252922,0.0885334595672705,0.0235681151234186,0.0236921486563217,0.00684650966056728,0.00147347605767088,84,0
0,10.058317824,accepted,5.05517297063504,-0.166596675308386,-0.489185731378549,0.234381446386261,0.222290543286796,0.540176560212232,0.981206230880713,0.0170199538564306,-1.60499324238794,-1.33282352335313,5.16125226703161,-0.95,1.4,3.9,2.40331837999619,-1.4227985462135,-0.816337677235096,4.98943735805331,-1.15344136874279,0.89439489811384,2.94491594945999,2.38468706104614,10.058317824,0.0568995079506851,0.0569705626008806,0.0886628425414158,0.0221665517894842,0.0217826635688535,0.00687349262665269,0.0014464341125633,85,0
0,10.158470656,accepted,6.91122755006721,-0.181033698740531,-0.456888875805073,0.356503032180981,0.207954752646691,0.842619698653822,1.0436619886308,0.0179462266762513,-1.72141758708752,-1.17732739783777,5.61710682975124,-0.99,1.86,3.53,2.41204502625616,-1.52717866790836,-0.666905033991107,5.32943201185477,-1.18099325355535,1.07254373511584,2.51341212311675,2.39192682469876,10.158470656,0.0570153213471698,0.057081664381518,0.0888117769997787,0.021003208125037,0.0205174702625624,0.0069214857491395,0.00142291362093007,86,0
0,10.258665728,accepted,4.94484164676203,-0.196236792768852,-0.471188748710358,0.509130990212412,0.245459567226719,0.663691550583582,0.907505412115225,0.0179209638339839,-1.84615795148323,-1.02183126682048,6.07315365160468,-1.02,1.92,3.05,2.41379035550816,-1.63527993321947,-0.516123761156023,5.6270946596821,-1.24766620620285,1.29404805206731,2.16632005329912,2.39398457895289,10.258665728,0.0571820566981369,0.057244837124977,0.0889941990031386,0.0203162817378374,0.0196713401358145,0.00696180510408084,0.00139731988842388,87,0
0,10.356839424,accepted,4.00743575555527,-0.216844771810555,-0.463407617438577,0.699575343201531,0.184321711200606,0.659537138977347,0.773481579541743,0.0190115958507011,-1.97921432981837,-0.844121405007712,6.52,-1.15,2.12,2.57,2.41553568476015,-1.75449475146909,-0.348073193107413,5.87951782630188,-1.32232713593221,1.49535537706196,1.81704495129864,2.39492120430739,10.356839424,0.0572923634600984,0.0573518510991102,0.0891399868697247,0.0196977499256002,0.0189461260451723,0.00699732767642076,0.00137026187387215,88,0
0,10.459021824,accepted,3.51221631389175,-0.237490859755621,-0.469631592567946,0.63559403365045,0.00977706425586744,0.45763409091213,0.847032630676556,0.0211046673464037,-2.12890275343614,-0.655304670592096,6.68051903242704,-1.35,2.16,2.26,2.39808239224021,-1.89859670738576,-0.171149675711652,6.10663805264209,-1.36114911596486,1.72096749296113,1.43524310943595,2.37675506427168,10.459021824,0.0575796520840599,0.0576373343313689,0.08941868667859,0.0192856389797245,0.0182528002598033,0.00703438574049649,0.00133265241863163,89,0
0,10.559169536,accepted,4.05361649301709,-0.257667652036588,-0.443043200345838,0.59657335395246,-0.236171946391359,0.828662398337485,0.694146310899198,0.0206960476128524,-2.2952232081997,-0.433167336019328,6.83784175953095,-1.64,2.66,1.9,2.36143047794833,-2.06363761818083,0.0486389042024775,6.29004032113009,-1.4200528268786,1.86807893896113,1.22092738854436,2.34070373558292,10.559169536,0.0579410778559755,0.0579949559494738,0.0897298051908996,0.0189526176647359,0.0179446585936312,0.00707361908118698,0.00128242453694443,90,0
0,10.659285248,accepted,2.61301585127409,-0.270611371019131,-0.430617284598888,0.599054125989007,-0.0662240512106287,0.607048374326793,0.608348068195301,0.0210108433945582,-2.47817569868824,-0.188816262323146,6.99511421761555,-1.52,2.6,1.55,2.3387411976724,-2.22234146993203,0.265801536077013,6.44116276824074,-1.46071401892717,2.01766874141438,0.955853796152851,2.31754630341229,10.659285248,0.0582513790676756,0.0583000502134764,0.0900323025296226,0.0186216026428293,0.0175905641150597,0.00707754430668609,0.00124802249645237,91,0
0,10.757385216,accepted,5.92181073331249,-0.284871093311193,-0.404993670409678,0.621171735502698,-0.224559592676224,0.986780352542621,0.97996749518258,0.0225599535638406,-2.63618009804859,0.0555348061629287,7.14922012963643,-1.26,2.84,1.77,2.33001455141243,-2.37725231851891,0.505728354542553,6.58855388328463,-1.05167158279665,1.89283880588542,0.810056737057123,2.30851624367121,10.757385216,0.0586149110634023,0.0586627044422878,0.0903521225902993,0.017905359033094,0.0170857999968984,0.00716598360377942,0.00122769261876201,92,0
0,10.957688832,accepted,2.70756487977492,-0.353227262521269,-0.390900274771156,0.685036406706969,-0.0696137499659568,0.576799385562503,0.687746479692929,0.0244395032666995,-2.93555683753227,0.49980949000657,7.46387845271319,-1.16,2.56,1.86,2.32826922216044,-2.60312706906602,0.914863934618696,6.83068710173415,-1.10099303371566,2.00673573294861,1.18877409482704,2.30482312714754,10.957688832,0.0634564066607353,0.0634620696520877,0.0939899127575046,0.0194137005245556,0.0188366849774643,0.00736906230315758,0.00124687874495328,93,0
0,11.05784576,accepted,1.86098835038691,-0.358202379975654,-0.412033251872973,0.665225573119655,-0.0937832835969648,0.264255807132324,0.636363173199615,0.0244620957873813,-3.06861315216009,0.699733102466115,7.62121565729464,-1.12,2.22,1.94,2.33001455141243,-2.73397928778712,1.11289411391505,7.00765780330315,-1.03875923671828,1.96246081965739,1.32107593586727,2.30672753739014,11.05784576,0.0634041413968052,0.0634034548351797,0.0942138948750941,0.0191193287999928,0.0187465791115457,0.00735049427640075,0.00123125323657527,94,0
0,11.158009088,accepted,2.48408905540769,-0.357889014450732,-0.402782170221328,0.624698855445613,0.260515452809803,0.563022942087147,0.557293114375835,0.0242224697617539,-3.20998547795287,0.91076358521826,7.77856291567997,-0.96,2.52,2.1,2.33175988066442,-2.84664574951153,1.339468350254,7.19960708468735,-1.21077182238404,1.98224573796189,1.55702347921328,2.30808163212836,11.158009088,0.0633933286413869,0.0633830245423328,0.0944497561746372,0.0190617172217779,0.0188158534857871,0.00729593180590114,0.0012164446755365,95,0
0,11.258122496,accepted,2.88483426608798,-0.373070638296832,-0.417192317524019,0.580084504238114,-0.0648934096176186,0.406216794939422,0.79549832813798,0.0224586166175773,-3.3430417735064,1.12179406486165,7.93583175439518,-1.39,2.44,2.3,2.33175988066442,-2.99111041077801,1.5515856073638,7.41526637008837,-1.33534089677677,2.04873669912067,1.5249126828046,2.30999058761486,11.258122496,0.0633487771473121,0.0633335878937539,0.0946565491052954,0.0187281233344893,0.0185337826294473,0.00722876910834232,0.00120293831844146,96,0
0,11.356261888,accepted,3.63269405267027,-0.361245791811537,-0.426654683317191,0.543857565600697,0.384013416991124,0.312421175658459,0.953088154776243,0.0205876431592071,-3.48441408855503,1.32171768872902,8.08999959784785,-1.01,2.3,2.04,2.32128790515246,-3.11041959172167,1.75008660468608,7.60868574133275,-1.37921867671584,1.9941654467171,1.10907211022625,2.30129387578101,11.356261888,0.0634459067497377,0.0634280325259913,0.0948987948863128,0.0181082825778309,0.0179454068046089,0.00720845641672513,0.00118981856140519,97,0
0,11.458395904,accepted,2.72084989836672,-0.354014581356973,-0.438141594732719,0.401137601399275,0.582410897982839,0.42453839170638,0.643068970308027,0.0198737653972412,-3.6091543535773,1.51053444256162,8.11243474918003,-0.85,2.32,1.64,2.31081592964049,-3.23178224808912,1.95619620882562,7.75136508022814,-1.40977216110996,1.90678180205427,1.01053313003624,2.29177939048614,11.458395904,0.0638548780398337,0.0638359009931224,0.0953610378944086,0.0180535217251305,0.0178731879064623,0.007220823660329,0.00117872834221429,98,0
0,11.558555136,accepted,3.32300441100982,-0.397937942315059,-0.415960318307899,0.292839815456404,-0.192598742192143,0.844582489579073,0.602938609492547,0.0211464009984632,-3.7671586968108,1.72156494495764,8.13443577262206,-1.57,2.57,1.47,2.29859862487653,-3.39985679697678,2.17697245388188,7.8781144585036,-1.39363494751338,1.759301082124,0.878989120957412,2.27769385194951,11.558555136,0.0640643587279286,0.0640451732836186,0.0957018980688588,0.018017984233344,0.0176610420847975,0.00724780492305563,0.00116588289187379,99,0
0,11.658692864,accepted,2.73253207022571,-0.379248711853979,-0.444664326738875,0.188643219101017,0.609418882619631,-0.0709555539083826,0.671353791403852,0.0228610702128562,-3.92516304270701,1.91038172153985,8.15643207248546,-0.87,1.73,1.55,2.26369203983665,-3.51606085169167,2.32894328277056,8.01014339598569,-1.45145756157503,1.78780430984437,0.894789166446093,2.24274833996395,11.658692864,0.0641124091697161,0.0640961812786242,0.0959544168003231,0.0179125879599176,0.0175594672805539,0.00718655093198999,0.00115229241591654,100,0
0,11.7588544,accepted,3.76593734811478,-0.378727188132733,-0.454460073569623,0.0830279044748004,0.752435921364346,-0.146137583342566,0.761883441671939,0.0203488982103659,-4.04158728848289,2.05477102107596,8.17843360202521,-0.63,1.66,1.59,2.22180413778878,-3.62202628155874,2.47696016047831,8.14088954504053,-1.34667890742774,1.78882469903403,0.84586422737443,2.2035578365138,11.7588544,0.064151335666131,0.0641398662799564,0.0961940712447247,0.0177647965022342,0.0173463880025825,0.00712984641561924,0.00113941284129632,101,0
0,11.95921792,accepted,3.59649116338953,-0.408010360722314,-0.386143872220309,-0.0538866735654633,0.70160733102719,0.106439922458469,0.79284098154792,0.0204711242480839,-4.29106775993162,2.43240455070876,8.22244554593118,-0.58,1.78,1.27,2.153736296961,-3.84533043765961,2.80780628497281,8.32110093270914,-1.24811039622918,1.67088415023317,0.494203147064981,2.13575139334563,11.95921792,0.0689696391531945,0.0689569973981612,0.10007070855836,0.0188341708883337,0.0181268257190648,0.00729426299045355,0.00115492778393816,102,0
0,12.057362944,accepted,2.16489319271356,-0.463765964330415,-0.352449796519338,-0.138381909976042,0.548845908670741,0.373162884174618,0.416209823176259,0.0194326742018154,-4.43244002940271,2.62122132874907,8.24400412750799,-0.84,2.22,1.09,2.14675497995302,-3.94398817495616,2.9878883413449,8.40335649921091,-1.36391597801018,1.86128172080269,0.6817815784951,2.12910459464912,12.057362944,0.0684935360428258,0.0684779981796033,0.100080926908203,0.018536347883102,0.0180245337719672,0.00715787394291252,0.00114035506725558,103,0
0,12.15749504,accepted,3.86530487972944,-0.489454244014966,-0.412320097320215,-0.201113747800104,0.0677387899794828,-0.564954325551494,0.70487057548908,0.0185029543303097,-4.56549630460384,2.7545037835249,8.26599919024366,-1.06,1.1,1.24,2.15024563845701,-4.08996102081312,3.08145352175789,8.52606770705384,-1.13106337549423,1.61066638527772,0.559147264898742,2.13222458554882,12.15749504,0.0672650570108877,0.067257329624159,0.0996425386990391,0.0180062555755136,0.0172558615584166,0.00707547553808109,0.00112473794571988,104,0
0,12.257655296,accepted,3.51068482915986,-0.484320782546071,-0.305423216078706,-0.289232771935369,0.139441447273914,0.832031602666862,0.52858079790071,0.0209117995302455,-4.67360448907437,2.92110681667437,8.28800043861801,-0.76,2.13,1.07,2.155481626213,-4.20021708578803,3.28222493526702,8.60180335214457,-0.897215146852045,1.34121273017051,0.551017267111787,2.1371581719437,12.257655296,0.0669053256771682,0.0668968549874031,0.0996596453877814,0.0183693747094318,0.0171557608282261,0.00711230257003511,0.00110552714313884,105,0
0,12.357807104,accepted,3.2738959501748,-0.48116038419456,-0.315163930500885,-0.344965531423842,0.203087805683562,0.528823880061381,0.70643566700712,0.0186504882011662,-4.77339663707671,3.09881671083716,8.30999983130077,-0.68,1.8,1.2,2.15722695546499,-4.29595858487362,3.4478448198177,8.69497487517586,-0.876324434745696,1.29896019943035,0.509306983174262,2.14105552115352,12.357807104,0.0663649598552951,0.066356889944021,0.0995456832365829,0.0181021185664438,0.0167990241557758,0.00702483342730363,0.00108448613163735,106,0
0,12.457998336,accepted,1.43410035189575,-0.498723939900826,-0.325843760744586,-0.481266103903646,-0.0674228531554733,0.269426867688576,0.437076432222749,0.0191315539691619,-4.88150482252369,3.24320601914357,8.26798402536474,-0.92,1.35,1.01,2.16071761396898,-4.412348437268,3.5823295192912,8.7720788900238,-0.86509146892316,1.09408468255633,0.583568200888785,2.14241697057432,12.457998336,0.0655490928945641,0.0655395977404214,0.0992322274363249,0.0181339237924542,0.016411780100155,0.00696065976814792,0.00106343906467914,107,0
0,12.55812736,accepted,2.9638121913437,-0.517291217970577,-0.297790091657222,-0.599639212148354,-0.10246786246164,0.515034188140093,0.5802559989177,0.0185234385651203,-5.01456107223515,3.38759534618381,8.22599381627022,-0.93,1.51,1.05,2.155481626213,-4.53128133152397,3.72532876433592,8.85720419235013,-0.842434542536207,1.0261213525716,0.484029007566298,2.13806444866861,12.55812736,0.0647664651253787,0.0647573611951109,0.0988913828849406,0.0176898229604337,0.0159161689871584,0.00685273675784675,0.00104500001529321,108,0
0,12.658240256,accepted,3.45683500235971,-0.481616452731903,-0.290943453955125,-0.721171614501076,0.290660756778176,0.603791771950499,0.562252285811814,0.0190677814072124,-5.09772118637899,3.53198463941658,8.18401037063015,-0.53,1.47,1.01,2.155481626213,-4.61056468785991,3.8678751531507,8.92882492269209,-0.804751015924316,0.902008090120164,0.45902367405304,2.14013715499488,12.658240256,0.0641871904553984,0.0641771354923282,0.0986463784597352,0.0175958902426145,0.0155745702400452,0.0067846140786543,0.00102513689940961,109,0
0,12.758396416,accepted,3.20547849021115,-0.499566932320563,-0.299737742320743,-0.832631699883761,0.304829112377549,0.523892414834572,0.515135781439676,0.015396203105503,-5.1891973345905,3.65416021393054,8.14200878175514,-0.43,1.25,0.9,2.15722695546499,-4.68158416016743,3.9944315621589,8.9953379306113,-0.716162375357146,0.759236140229296,0.395514503154631,2.14583514603919,12.758396416,0.0634771748623741,0.0634655335473285,0.0982797866778672,0.0174072432746745,0.0151864694190383,0.00671364661899202,0.00100278393424213,110,0
0,12.958747648,accepted,5.12916512642182,-0.55100128265717,-0.256483928652049,-0.968196025905984,-0.0104784215360129,0.5704769331191,0.752943726620536,0.0135945304894349,-5.38046565722157,3.87629763945931,8.05798928582931,-0.84,1.21,0.75,2.16420827247297,-4.8567123631996,4.19324583294694,9.07602375759491,-0.838153260089883,0.681900599217843,0.018911512745834,2.1522309438243,12.958747648,0.0665430353555614,0.0665303351490836,0.10121607619893,0.0176228819877908,0.0152243564996011,0.00668650268989233,0.00100075188532387,111,0
0,13.058885632,accepted,4.03045337668364,-0.495655642251234,-0.290084353606564,-1.06009765986384,0.545106374691694,0.0560469938018444,0.668204767708021,0.0133842582962296,-5.43867773782056,3.96515259800641,8.0159953192601,-0.33,0.63,0.69,2.16769893097696,-4.90639783426191,4.24998346052028,9.10903954136268,-0.837193621804849,0.574719761798219,0.0370853962436826,2.15915141841872,13.058885632,0.0654768605236656,0.065464690393165,0.100633808576212,0.0171388970692831,0.0147296980873598,0.00654761377960749,0.0009771315357421,112,0
0,13.157003776,accepted,4.68807095606846,-0.513697072291933,-0.253198046944406,-1.1299144283766,0.242296195583551,0.407824369753005,0.689677405922675,0.0088568824817683,-5.50520583837958,4.05400756360957,7.9748483948426,-0.68,0.93,0.62,2.16944426022895,-4.98326418422323,4.35088155084116,9.15131280452123,-0.905509420690352,0.553567527302475,-0.049017736892224,2.16381428283757,13.157003776,0.0638772545924398,0.0638592215535183,0.0995848946506479,0.0161189972845108,0.013937970291049,0.00633249147876744,0.000954001156197482,113,0
0,13.259155968,accepted,4.57597528087682,-0.497801710379799,-0.26980876061138,-1.21181325557791,0.496346972283279,0.135665431342714,0.662915715221667,0.00527883926344153,-5.5800499554161,4.14286253488291,7.93200974796291,-0.47,0.76,0.57,2.16944426022895,-5.04467334749389,4.41909602120075,9.18201882066825,-0.929551946318414,0.631549322910746,-0.0754643324814769,2.16844225222272,13.259155968,0.0627391275482259,0.0627176747739129,0.098825488255565,0.0150872778477672,0.0133863790611227,0.00611535668643909,0.000939167528661328,114,0
0,13.359332096,accepted,4.18528877106927,-0.512993875843846,-0.269000730858742,-1.28116946727973,0.339188518224733,0.0246518560970729,0.644855987960041,0.00297688391689555,-5.64657807925911,4.19839690913795,7.88999948773522,-0.58,0.43,0.5,2.17293491873294,-5.11013945790817,4.46166269923487,9.21695995351373,-0.89235449482078,0.404238579199371,-0.124442589893843,2.17354137330913,13.359332096,0.0612740885526753,0.0612365603060634,0.0977192468416064,0.0146410980172976,0.0127248798833224,0.00598638750318488,0.000919472237460028,115,0
0,13.457479424,accepted,2.41230041875373,-0.534912219321134,-0.250717084339007,-1.41511557263425,0.222373665294638,0.209310330154204,0.401588895443519,-0.000665331401256797,-5.72973824185649,4.25393129629766,7.79180140468124,-0.55,0.58,0.37,2.17468024798493,-5.18938722438191,4.52213299564319,9.21808280014279,-0.758044339207444,0.385565269366444,-0.0223980855681013,2.17784796354441,13.457479424,0.0599503073565667,0.0598998182707527,0.0966501139752543,0.013902391667865,0.0122739955423823,0.00582148642309447,0.000900573546905343,116,0
0,13.557607168,accepted,1.28698878130318,-0.561452902128571,-0.253269542719265,-1.54026440738107,0.0241179871775247,-0.133739667070899,0.188567577508867,-0.00286894529573578,-5.8295304451584,4.3094656983348,7.69162188149215,-0.81,0.41,0.41,2.17642557723693,-5.28621724469333,4.53276778424377,9.2232118099111,-0.838674005123593,0.52719881201733,0.224319055794747,2.17934046694029,13.557607168,0.0582180274376981,0.0581496334498351,0.0951680699750644,0.0126456704924174,0.0116072804457771,0.00553597184596161,0.000884394749628866,117,0
0,13.657768448,accepted,1.23955385677094,-0.55771765973638,-0.226459232783223,-1.65194936438778,0.0592263129557222,-0.0382321056944007,0.182881828568099,-0.00304169981349878,-5.91269061449795,4.35389322293895,7.59140880496057,-0.58,0.38,0.36,2.17817090648892,-5.36820345053091,4.56682588201253,9.22971999498671,-0.639878754848222,0.412355891159796,0.178791673271925,2.18168522028933,13.657768448,0.0568210383211627,0.056734230035562,0.0938653729223768,0.0120048768115787,0.0110765513557266,0.00538921709041828,0.000868596396954128,118,0
0,13.757974528,accepted,1.64208376471186,-0.50950887842233,-0.206366171243227,-1.76443812024354,0.322217189814493,-0.0425023000586326,0.00917859812711147,-0.00259516892423051,-5.93763863883834,4.39832070135526,7.49115090526151,-0.26,0.33,0.29,2.18166156499291,-5.4127411082911,4.59240374587158,9.21521995665559,-0.562407203838138,0.36837171625834,0.273606870191236,2.18625044001184,13.757974528,0.0560301975964146,0.0559456792932181,0.0930967957368359,0.0116437061129107,0.0108286557201626,0.00527047416146213,0.000855892419425489,119,0
0,13.958266112,accepted,1.28070862662137,-0.537748521337855,-0.19471071912159,-1.96961620760551,0.078802161876968,0.101022808231489,0.0154600514642207,-0.00260883243663779,-6.06237889105501,4.46496199167422,7.29075574421698,-0.46,0.48,0.4,2.18689755274889,-5.53668331524678,4.66435488370354,9.21474973781477,-0.538010275435593,0.385318742413532,0.37693274978012,2.19029678158783,13.958266112,0.0582178846610742,0.0581731886452608,0.0953381870768547,0.0117877209635388,0.0111444118577072,0.00523974695905022,0.000862987526731377,120,0
0,14.058379776,accepted,3.71661670952175,-0.532643617070137,-0.217381066687477,-2.06779640411552,0.280651467786287,-0.374588627068649,-0.31910644653112,-0.00405548173499826,-6.12890702514913,4.49828264013935,7.19059030830911,-0.3,0.26,0.13,2.18864288200089,-5.57806555540829,4.65651534357904,9.16875096413214,-0.561363267153251,0.600343565333419,0.427643896385783,2.19290934669283,14.058379776,0.0568843235892606,0.0568420673469486,0.0941110829215566,0.0108263888229523,0.0105977386100537,0.00500303601119474,0.000853315255191322,121,0
0,14.158535936,accepted,1.39432082045858,-0.516666899966289,-0.176429750466784,-2.1213252362818,0.041231997374014,-0.0938342180882624,-0.0618280645549393,-0.0037254891499634,-6.15385504717269,4.54271011907193,7.09038235442524,-0.58,0.54,0.39,2.19213354050488,-5.65146776765159,4.70072722649044,9.15495478037062,-0.623313023461583,0.624736601122278,0.44132933566643,2.1957685708176,14.158535936,0.0557861722753235,0.055743292829468,0.0930428501115286,0.0103121467327139,0.0101311177118207,0.00484266692044991,0.000845390295251359,122,0
0,14.256657152,accepted,9.45688122304967,-0.494986689444905,-0.21409849463243,-2.20697583485675,0.44869087170215,-0.774109464154511,-0.221942285241007,-0.00326170863721931,-6.2120671808252,4.55381703471014,6.99221039687457,-0.21,-0.07,0.24,2.19562419900887,-5.66435122213271,4.64107905377327,9.11619528281571,-0.619022372527755,0.625716442004138,0.44340826456005,2.19884057827641,14.256657152,0.0541979288921446,0.0541530626526543,0.091424082456661,0.00958139656097477,0.00949259917378645,0.00463240730857731,0.000837435273832891,123,0
0,14.35881472,accepted,5.77073038419282,-0.506352935070452,-0.147581208802731,-2.26786259608934,0.404068190235624,-0.553544107549633,-0.170145502276725,-0.00300943061137549,-6.23701523152897,4.56492391936745,6.89,-0.28,0.17,0.23,2.19736952826086,-5.69439135040509,4.63419351780731,9.08461869155894,-0.654473788892154,0.675597088893411,0.385152827487539,2.2005784568014,14.35881472,0.0531332398896687,0.0530903952333608,0.0902716994103652,0.00905469822468029,0.00902772523356322,0.00446346734063749,0.000831858364183703,124,0
0,14.458956032,accepted,1.79551532764946,-0.523226633521825,-0.0975700982926053,-2.25826103992931,0.11209779290912,-0.166093018483811,-0.0831325772805038,-0.00246565308934521,-6.27859530265628,4.5982445500412,6.8729358048413,-0.49,0.47,0.53,2.20086018676485,-5.76101957262923,4.67348811092135,9.07118788230531,-0.598685539498698,0.623310127797674,0.602181259701453,2.203295636288,14.458956032,0.0523211709972156,0.0522824877798426,0.0893640142065338,0.00886528843990065,0.00884798030415941,0.00435638440756475,0.00082593203182938,125,0
0,14.557079808,accepted,4.23003215409601,-0.469683026819916,-0.110348315447022,-2.2740360604697,0.398848564454262,-0.521701185782797,0.0715010224499858,-0.00314136655053332,-6.29522731634495,4.6315651562579,6.85621540014586,-0.28,0.22,0.73,2.20260551601684,-5.80516154029012,4.69102417001568,9.08720986536304,-0.659937949473966,0.7102755699126,0.652881616948082,2.20571666056072,14.557079808,0.0518078592251798,0.0517743172984505,0.0887572975795811,0.00865687502432011,0.00867839935126003,0.0042515627627255,0.000820472779716646,126,0
0,14.657230336,accepted,12.6696059680042,-0.448741049527114,-0.137453952548351,-2.32141936717596,0.694759571814483,-1.06134506338063,-0.0860462310511453,-0.00343165285299296,-6.32017538592197,4.62045831453753,6.83914963457012,0.02,-0.43,0.69,2.20435084526884,-5.81803683465245,4.65046109880107,9.10222795315881,-0.635384190505816,0.563773522972462,0.765788967397127,2.20783749036305,14.657230336,0.0512755310391387,0.0512437096671692,0.0881155063965488,0.00854679482997246,0.00853611664139627,0.00417310637215208,0.000815213930613186,127,0
0,14.755396608,accepted,2.48808740935467,-0.488698214117448,-0.108168835949465,-2.35104900108366,0.240176972315637,-0.237203551598254,-0.139707504686007,-0.0029926933737463,-6.37007152830925,4.59824463108085,6.82242198850722,-0.38,0.34,0.56,2.20609617452083,-5.87404635540922,4.67915090458887,9.10775808390647,-0.60906257600741,0.561391688642297,0.687398350206443,2.20915878724735,14.755396608,0.0506683142694914,0.0506402592941576,0.0873833623556497,0.00828916508055801,0.0082976051195078,0.00408088664739705,0.000809861620937681,128,0
0,14.95769088,accepted,14.8131779575924,-0.380328585802163,-0.216161395402012,-2.45534519978185,0.7227543541916,-1.22530550362979,-0.123341012542305,-0.00433703328590784,-6.36175550821725,4.59824462359509,6.78795081104855,0.24,-0.5,0.49,2.20958683302482,-5.9249615265556,4.69185081587797,9.1784210307311,-0.444219518240905,0.650946067704568,0.602373862953793,2.21198097779766,14.95769088,0.052846875058023,0.0528221575140419,0.0895867848165391,0.00851417684802164,0.0086289177444782,0.00408925887226274,0.000822022205646147,129,0
0,15.057833216,accepted,2.27716725987367,-0.372436237683237,-0.150980643848547,-2.46042566701856,0.0490854845634049,-0.162542396831344,0.313488583296245,-0.00186401505022715,-6.34512345601222,4.60935147160485,6.77088644139907,-0.44,0.5,0.82,2.21133216227682,-5.98242805980962,4.7431252374898,9.19969139981989,-0.49044289933581,0.653683823915455,0.504954493153904,2.21300648412523,15.057833216,0.0526046443257069,0.0525807173039884,0.0892896902561952,0.00841477494020087,0.0085075158790644,0.00403499231007281,0.000816723780806801,130,0
0,15.156059392,accepted,8.38264326187794,-0.317692868436316,-0.188695023896097,-2.49395067769339,0.559995733734517,-0.852220224040292,0.298746935311974,-0.00359288481119657,-6.35343946615801,4.62045834405086,6.75414858762542,-0.02,-0.19,0.78,2.21133216227682,-5.99870829882258,4.73116334243863,9.21951637489282,-0.553955573016401,0.615855861083399,0.4808941540708,2.21424000826525,15.156059392,0.0521581363549511,0.0521355514832289,0.088779131889801,0.00827709633491548,0.00833745993169542,0.00396360117416568,0.000811253083141091,131,0
0,15.256286208,accepted,7.41732624480555,-0.332031396325752,-0.206884762633144,-2.5311616260227,0.327446329205074,-0.868783196267537,0.231730444630461,-0.0023230860358332,-6.37838755602332,4.58713777369911,6.73706982248642,-0.07,-0.18,0.69,2.21307749152881,-6.02822938625336,4.71105799430108,9.23433384448759,-0.382960302474498,0.639469275820504,0.456615491016701,2.2138046063233,15.256286208,0.0517314241607013,0.051712997532025,0.0882823976245987,0.00813410259514161,0.0082545946817584,0.00390667100992952,0.000805896784341311,132,0
0,15.356460032,accepted,2.19749561442037,-0.330851222489846,-0.188396669593578,-2.56636394593941,0.0941238595266088,-0.309687948506661,-0.0803166797922413,-0.00147362745110913,-6.39501959853146,4.58713778857789,6.7200000872454,-0.18,0.32,0.53,2.2148228207808,-6.06970218434735,4.74971643656234,9.22513247076257,-0.273543535976524,0.616121700927108,0.600493278945583,2.21575965702712,15.356460032,0.0516712653165804,0.0516529963255757,0.088147690931522,0.00819828602551265,0.00837958391641303,0.00388531182576413,0.000800536819056987,133,0
0,15.456621824,accepted,7.41783370542201,-0.2968962240768,-0.217938783381098,-2.58774667528375,0.317504191143434,-0.877228277605731,-0.240499012472626,-0.00145756975222433,-6.38670357818285,4.58713778135092,6.69704135144505,0.15,-0.32,0.46,2.2165681500328,-6.07147331220029,4.72257035232888,9.20861407771012,-0.153453917937373,0.508013061182856,0.686586009986273,2.21566578414882,15.456621824,0.0512912457514417,0.051274696322061,0.08768974775395,0.00811534774105645,0.00835719943141233,0.00384125833390199,0.000794537047413576,134,0
0,15.556793344,accepted,6.3559590642476,-0.319284678087626,-0.241767726004836,-2.60275191570462,-0.215148337900332,-0.701210844114196,-0.101939857151906,0.000169200408840275,-6.40333566811249,4.53160347445233,6.67408035571003,-0.35,-0.12,0.58,2.2165681500328,-6.11873882770551,4.68296829021638,9.20972462842578,-0.152940376080097,0.527890944887471,0.671138475278373,2.21389248787539,15.556793344,0.0504972223944254,0.0504853325436451,0.0868038514530549,0.00782968390538518,0.00805435314500851,0.00374393988387041,0.00078821222510223,135,0
0,15.658937856,accepted,7.96563163647797,-0.272576281834862,-0.24758143801334,-2.61711317340641,0.123897737448305,-0.883211280497201,-0.0802312954173124,0.000675271180319292,-6.41165171830702,4.49828288791675,6.6506671170531,-0.1,-0.21,0.44,2.2165681500328,-6.13400283147496,4.64622235334703,9.20453767597154,-0.218050322102589,0.614648394902596,0.510623785929259,2.21340232589256,15.658937856,0.0499507276629489,0.0499412147083797,0.0861484839029095,0.00760004700041324,0.00772915157580993,0.00365381099110007,0.000782785380348476,136,0
0,15.75706496,accepted,5.85866354090538,-0.240571394816663,-0.237260483945156,-2.61679187754309,0.358840760923514,-0.7655657062952,-0.103982011529918,0.00416366378616706,-6.40333571785812,4.47606915258221,6.62817473582105,-0.02,0,0.28,2.22005880853679,-6.14362705878363,4.64932094403543,9.18204962620109,-0.364594462530988,0.729411791541743,0.374302578306269,2.21461282830734,15.75706496,0.0497039221753094,0.0496938645517692,0.085799906533972,0.00755156316517783,0.00753967514200961,0.00359278001844255,0.00077743643197109,137,0
0,15.959295232,accepted,16.0793485856248,-0.200450323317412,-0.392048359599328,-2.6464739991513,0.282390415119277,-1.18839597990862,0.019860802520962,0.00370201509902834,-6.40333577742531,4.40942796713505,6.58182015906226,-0.04,-0.3,0.13,2.22180413778878,-6.16984325659668,4.63027767351485,9.1763803643161,-0.3007191590702,0.791560689251178,0.104779657194439,2.21454965288283,15.959295232,0.0512473643041698,0.0512358339211468,0.0873083816038645,0.00762688259233838,0.0075452196225607,0.00357709404807535,0.000786451763338927,138,0
0,16.059456768,accepted,10.4104817238169,-0.206928677522828,-0.362639928146808,-2.62406264384969,0.28090136268599,-1.03967472806781,-0.068161530746385,0.00607569205984282,-6.41165184791544,4.35389365239162,6.55886145182782,-0.11,-0.15,-0.06,2.22180413778878,-6.18264955266798,4.60187227147038,9.12141898372212,-0.375711359638186,0.826656298516055,-0.000417622219604705,2.21389336188105,16.059456768,0.0506599809754701,0.0506497675939308,0.0866503991080123,0.00748896721007106,0.0073216358308857,0.00350835073387384,0.000780008415407249,139,0
0,16.15760384,accepted,16.7665597541297,-0.182357285561519,-0.361337136536444,-2.57290549940584,0.224712724300626,-1.16583945983707,0.241060629702955,0.00747810670884075,-6.4116518676905,4.33167992497255,6.53636449359462,-0.19,-0.27,0.08,2.22354946704078,-6.20338740845929,4.52623108176958,9.0904109215423,-0.397708424297908,0.802393989832478,-0.157596621539144,2.21391354997376,16.15760384,0.0495948933158924,0.0495883712964247,0.0854803691725896,0.00715514385662619,0.00695730753073393,0.00340815984040591,0.000772645733203145,140,0
0,16.25772544,accepted,4.84201450660006,-0.131953343092984,-0.266007025690305,-2.56941832795794,0.220075149946758,-0.560486215383504,0.12254005217512,0.0101035034495358,-6.37007176542689,4.33167988823711,6.51341494036249,-0.17,0.1,0.02,2.22529479629277,-6.21880586860195,4.53066247767682,9.042784273013,-0.377542328752144,0.624335676801944,-0.105915219548353,2.21433346214003,16.25772544,0.0489754958846397,0.048969186617751,0.0847483518053366,0.00688603262311958,0.0068048608552109,0.00333028411244126,0.000766976399566061,141,0
0,16.35987712,accepted,14.6527618453612,-0.135415259666903,-0.299984113265701,-2.53505439863469,0.251941167206464,-1.12314513264152,0.356919907623998,0.00951696308140004,-6.39501985658258,4.29835931701489,6.4900000586795,-0.15,-0.44,0.04,2.22529479629277,-6.23504662635728,4.4669830221146,9.01475991133631,-0.386589543788773,0.610077988168067,-0.311932105356991,2.21436068932675,16.35987712,0.0483696831884292,0.0483644740161977,0.0840118748188264,0.00668750812606725,0.00658142325737317,0.0032614114196353,0.000761541138328414,142,0
0,16.458030848,accepted,6.75799641858516,-0.116162075097947,-0.266380335636455,-2.58063829376447,0.0992841985158404,-0.659296613670891,0.210115138767618,0.0105216486745601,-6.38670387526355,4.25393185295975,6.40946535282947,-0.17,-0.23,0.03,2.22704012554476,-6.26106248056573,4.4312038498331,8.96524883972504,-0.262898413281897,0.380290502153161,-0.179475594434944,2.21536846985912,16.458030848,0.0475204032914196,0.0475163398958708,0.0830037657992306,0.00639308666676047,0.00640558833549109,0.00317649065643443,0.000756117428847661,143,0
0,16.558195456,accepted,8.50991881297231,-0.119345457234509,-0.275151114962024,-2.62257058460202,0.290636590476157,-1.01665734705146,0.0349158954652209,0.0114484303313414,-6.40333596636621,4.1983975463027,6.32728057423851,0.05,-0.47,-0.12,2.22878545479676,-6.26666630015408,4.39441053754042,8.89952468105857,-0.229402942981931,0.503515383515868,-0.16104077454623,2.21593872389492,16.558195456,0.0473478840568255,0.047343474650544,0.0827306140826393,0.00646164824631457,0.00640538578225348,0.00315566203783092,0.000750903107599055,144,0
0,16.658327296,accepted,7.00526292446726,-0.151843728783833,-0.325485535370385,-2.63460377337978,0.0911311240970289,-0.941233341781109,-0.0131958213628392,0.0114864572003301,-6.44491614165498,4.12064953362656,6.24512268169921,-0.16,-0.44,-0.24,2.22878545479676,-6.29098286156421,4.37265819103481,8.8257030822341,-0.248536964437273,0.462340659232754,-0.234017911514882,2.21652185795632,16.658327296,0.0472098215358348,0.0472042280284542,0.0824908157457384,0.00643553356703679,0.00637830439195174,0.00312462794613507,0.000745937228817949,145,0
0,16.756443392,accepted,6.0162604901795,-0.120985643051099,-0.318936790933757,-2.63197478899963,0.00856824123433014,-0.69698162447746,0.185428640013227,0.0113424676719323,-6.43660013874999,4.09843579656565,6.16461870143137,-0.25,-0.27,-0.09,2.22878545479676,-6.31778438354721,4.34234733653055,8.76199054166615,-0.258842117192598,0.38715354579421,-0.277462725040418,2.21681889644314,16.756443392,0.0467374959743777,0.0467319712094304,0.0818895044362373,0.00629317202602983,0.00625628281764343,0.00306807470931437,0.000740625656957887,146,0
0,16.958749184,accepted,5.21953127070647,-0.106285181556105,-0.437508654353147,-2.6761162617339,0.247446028437852,-0.78179633339525,0.0809103914027481,0.0105313927290269,-6.49481239623627,3.97626034339395,5.99862736921163,-0.21,-0.49,-0.42,2.23053078404875,-6.37682153826191,4.35285942213579,8.62434113060186,-0.450139661399551,0.262307623986988,-0.50713553557124,2.22001494887093,16.958749184,0.0489396596921813,0.0489283971779017,0.0840860906505113,0.00657125612121193,0.0065495931267291,0.0030910001663259,0.000750089006344257,147,0
0,17.058883584,accepted,5.77756739289898,-0.0757102539710646,-0.439373025972026,-2.64500161583036,0.172660238353268,-0.754355394054086,0.357137849141167,0.0105439958433751,-6.49481242674199,3.94293975039056,5.91646737619954,-0.3,-0.37,-0.34,2.23227611330075,-6.40972837074353,4.31867657868211,8.53030606500127,-0.467012862121004,0.353389905227581,-0.698357059857365,2.22175823541893,17.058883584,0.0487982253944651,0.0487873946419827,0.0838678059919063,0.00658464594038308,0.0065148249646839,0.00307284555208761,0.000744996697445145,148,0
0,17.158993664,accepted,14.2314299812907,-0.0766416516407631,-0.497238853165783,-2.6255746462043,0.233268821778846,-1.44365857469793,0.346937441161197,0.0105994953108737,-6.52807659099776,3.85408486646212,5.83432733767891,-0.13,-1.1,-0.42,2.23402144255274,-6.43717061537182,4.23961281107033,8.42993014211965,-0.355071423640845,0.286220753510212,-0.768003739312812,2.22278858858534,17.158993664,0.048654129784423,0.0486428599370875,0.0836392824867667,0.00656091154324326,0.00650573435969238,0.00305394738868305,0.000739999169026852,149,0
0,17.2571392,accepted,4.23034993849597,-0.0247685780941769,-0.490445448092277,-2.60005896176023,0.066083522152426,-0.725778617683821,0.112209275090935,0.00908654964078615,-6.50312858888852,3.78744365818489,5.75379920197403,-0.22,-0.39,-0.55,2.23402144255274,-6.47505151384564,4.22250107970996,8.306352223503,-0.284269418745753,0.309975266639481,-0.667924309601636,2.22465664434888,17.2571392,0.0486225379861411,0.0486089579801344,0.0835160806923999,0.00664655081725909,0.0065792348434103,0.00304784926244846,0.000734813219731187,150,0
0,17.359270912,accepted,6.18266321967314,-0.025483051642512,-0.550802678730714,-2.57834935382648,-0.0471463883011128,-0.940463913935639,0.0646029805960318,0.0077525892045287,-6.53639274397524,3.70969563886382,5.67000042009455,-0.37,-0.64,-0.5,2.23402144255274,-6.51372714183404,4.18575393778104,8.19945116370204,-0.324642947769196,0.264410653638965,-0.570739382518771,2.22605895708263,17.359270912,0.0486289969273904,0.0486127696451545,0.0834197839996912,0.00669239530424784,0.00662470618262369,0.00302295488551814,0.000730198329906776,151,0
0,17.457428224,accepted,9.65025597955454,0.026960392483721,-0.580254255301208,-2.58852218045022,0.420276185166485,-1.2688455493642,-0.0815532762004666,0.00646607975899061,-6.52807678361159,3.64305444527587,5.55706350448364,-0.05,-0.78,-0.69,2.23402144255274,-6.53072338210639,4.13679159541229,8.08892122029202,-0.457223582781446,0.44626644522952,-0.61643344461828,2.22695190109253,17.457428224,0.0486349689587675,0.0486173640100867,0.0833142738156303,0.00687080707321829,0.00664548045844402,0.00301763638068222,0.000724724547136535,152,0
0,17.55955712,accepted,5.94104862621685,0.024169463239863,-0.611050202294543,-2.58611285341651,0.111440287697172,-0.93894793630968,-0.283167282575012,0.00546540181203969,-6.54470888933795,3.57641327516713,5.43955682532137,-0.18,-0.35,-0.95,2.23402144255274,-6.56151111959115,4.11871425172022,7.95869394676126,-0.287660224596697,0.55680234212225,-0.677555375431595,2.22800111807004,17.55955712,0.0487644351506663,0.0487432659514253,0.0833211588525564,0.00703409396821246,0.0067113770469048,0.00302922040215705,0.000719448699297343,153,0
0,17.657715968,accepted,8.0845499200766,0.0471562424509369,-0.652067761086029,-2.55703239891518,0.102151375011596,-1.22046388623729,-0.053137718525476,0.00635108084872593,-6.54470892992913,3.53198581666731,5.32661797343292,-0.25,-0.5,-0.91,2.23576677180474,-6.58405218639782,4.09977692976376,7.82907383623605,-0.34853285735898,0.680151085267912,-0.86427301351974,2.22897021477495,17.657715968,0.0488192759230816,0.0487923802875204,0.083244957836234,0.00718989415306674,0.00670766504672111,0.00302734970444747,0.000713323728954644,154,0
0,17.757901824,accepted,13.3841770619357,0.0824680223449041,-0.696659593231826,-2.51500983308526,0.0417928575436222,-1.57516838543117,0.328783367865767,0.00643780621227785,-6.53639295703122,3.47645148866235,5.21134690227996,-0.17,-0.83,-0.72,2.23751210105673,-6.61230796766782,4.0624861081167,7.69301511345676,-0.20901007942548,0.690551676794831,-1.05068266173205,2.22995568898941,17.757901824,0.0488779616028408,0.0488436861339087,0.0831738721452453,0.00722795341896517,0.00673706919808288,0.00301792101539668,0.000707219001275887,155,0
0,17.95818368,accepted,10.7569504857449,0.090797959040426,-0.870429690472558,-2.52451704639006,0.0875332076442356,-1.39334371707395,-0.0472255954415292,0.0046047453471032,-6.54470909232307,3.35427598922501,4.98090814579898,0.16,-0.58,-0.9,2.23925743030872,-6.62499162852264,4.10978963945732,7.45051217802147,0.078534659263402,0.758209239441289,-0.860050131982591,2.23220120770354,17.95818368,0.0513613123875612,0.0512829738721689,0.0853571542215007,0.00777585841624264,0.00729410026594781,0.00306866651776476,0.000712320865144428,156,0
0,18.058323712,accepted,6.41895023683118,0.0717198849963507,-0.881688335643897,-2.50657542146362,-0.31794724038996,-0.891569504240651,-0.176496514927258,0.00750299486875816,-6.54470913331013,3.30984853340373,4.86568979847127,-0.17,-0.1,-0.82,2.24100275956072,-6.63340286801188,4.10290667135346,7.30946807613394,0.137793926146984,0.751937007402346,-0.652540069096673,2.23305301865098,18.058323712,0.051261734405602,0.0511760605121079,0.0851774773537049,0.0078242722830643,0.00738502070107519,0.00304225783992866,0.000704799366725547,157,0
0,18.158491136,accepted,10.6696168883742,0.0947048431088806,-0.882138563133937,-2.49888370086795,-0.189298898001849,-1.32354250826413,-0.247493415463075,0.00680709372625632,-6.51976106618637,3.30984851053618,4.75043993466702,0.07,-0.36,-0.83,2.24100275956072,-6.62120148378302,4.07666189144488,7.18337258491051,0.255992867689715,0.908044038939885,-0.592113967724502,2.23221554403633,18.158491136,0.0511847636054991,0.0510937676752327,0.0850115337470899,0.00807998622312922,0.00747933004429076,0.00306486884176916,0.000696438982219011,158,0
0,18.258646784,accepted,7.26984790446472,0.076451505808186,-0.891883844918278,-2.49023357900458,-0.338669110484876,-0.975828323838449,-0.0576492908422103,0.00776505812235184,-6.51976109683134,3.27652791699661,4.63520362000222,0,-0.1,-0.65,2.24274808881271,-6.61492198428075,4.07171266246828,7.07013416279449,0.327900705730454,0.831334761416094,-0.599254524168825,2.23402670023946,18.258646784,0.0510781647151599,0.0509792255202414,0.0848153177207624,0.00793595731774013,0.00750613482013932,0.0030383933850983,0.000688451473905461,159,0
0,18.358773504,accepted,6.74567753577018,0.101845315406488,-0.868874617351878,-2.49016383543788,-0.274683011788659,-0.947395976851509,0.171702620571637,0.0100735474588438,-6.48649700005065,3.28763475135096,4.52000058909302,0.06,-0.16,-0.36,2.24449341806471,-6.60137988146248,4.06483755569664,6.96823631255091,0.326611169054736,0.745254376928868,-0.535313518792891,2.23337005879674,18.358773504,0.0510107007289931,0.0509033760255752,0.0846504428647871,0.00783124341716889,0.00750038732413254,0.00300761519884783,0.000681332741783748,160,0
0,18.458882048,accepted,9.13970115688269,0.0876915575872683,-0.891547887423337,-2.4536940938397,0.0208320770258217,-1.25299519758146,-0.0886610188554149,0.0111075225292625,-6.48649704026786,3.24320729491666,4.47292010623402,0.15,-0.41,-0.45,2.2462387473167,-6.56818319931229,4.02591849416588,6.87120916072967,0.132491990570566,0.791192784219444,-0.368436393369073,2.23350512862615,18.458882048,0.0509778247014537,0.0508728604867507,0.0845145639417789,0.00797317902397163,0.00740522492644427,0.00298999081391811,0.000674784668519713,161,0
0,18.559023872,accepted,4.9301957208923,0.0818360345742608,-0.855955085509789,-2.41357253986511,-0.530980308854711,-0.536228508168527,-0.00177209083355306,0.0111055863973615,-6.46154897546824,3.24320727195637,4.42582432039887,-0.23,0.09,-0.21,2.2462387473167,-6.57906692776045,4.03015367800412,6.78897904162049,0.27952352291799,0.597289446584687,-0.213927510791076,2.23577102228746,18.559023872,0.0508123927016806,0.0507026770692989,0.0842703774339215,0.00774069441809718,0.00751821377537306,0.00294531847484816,0.000668536188149938,162,0
0,18.657187328,accepted,6.79298203751973,0.072374174497825,-0.864406887221831,-2.39522925513136,-0.291322284903265,-0.936396531432376,0.071790164838795,0.0104382871860511,-6.47818103633641,3.22099355750154,4.37965894297759,-0.04,-0.34,-0.06,2.2479840765687,-6.56727095672425,3.99022734722483,6.72997724612387,0.241188570723141,0.551955038776775,-0.13629687347852,2.23679002710252,18.657187328,0.05064422395554,0.0505384683616118,0.0840215188145728,0.00769825635933332,0.00747379054234338,0.00291792707026623,0.000662639821404382,163,0
0,18.759324416,accepted,4.02406453708794,0.0508956456557197,-0.868194441919152,-2.38767084820256,-0.29436071259762,-0.631210846478931,-0.0840234258029317,0.00961176916788808,-6.48649710052405,3.1765661084492,4.33162480269397,-0.01,-0.1,-0.12,2.2479840765687,-6.55265171698681,3.97688997620417,6.6654426532177,0.275217897732455,0.502293287439783,-0.0430456027734033,2.23815300540693,18.759324416,0.0507196881820109,0.0506120576343348,0.0839670275883521,0.00771156672528401,0.0075471694260223,0.00290386140286287,0.000657768096212866,164,0
0,18.959558912,accepted,8.64088924960151,0.0627449986087996,-0.961956293445464,-2.42699839085165,-0.13758482290603,-1.01281985839305,0.128158386746409,0.00894277613083894,-6.44491705192549,3.10992488527195,4.23745634676064,0,-0.51,0.13,2.24972940582069,-6.51665612178512,3.94354412289837,6.62386321139278,0.131916798704662,0.441896697047251,-0.00132914501322884,2.23971128794369,18.959558912,0.0529602892998316,0.0528369494081285,0.0858420244424361,0.00795437927258923,0.00772639091266031,0.00291098995922532,0.000663404968735278,165,0
0,19.057696256,accepted,9.11229711200989,0.0668259747821853,-0.936349034667613,-2.43111620415055,-0.099529818499906,-1.0353299533538,0.116410351564875,0.00827766699225263,-6.43660107826504,3.05439055638279,4.19130324957464,0.03,-0.49,0.11,2.24972940582069,-6.50896882750146,3.85951212120439,6.58142702293877,0.125818629148763,0.482541313000507,-0.00955899833878607,2.24035106495606,19.057696256,0.0523637271688025,0.052255774978533,0.085325042136545,0.00784840299523057,0.00755761269028214,0.00289183887089787,0.000658139980107994,166,0
0,19.155854336,accepted,7.48511270241667,0.0232630506973086,-0.926080026549932,-2.42676355147344,-0.317289575471753,-0.854027492301606,0.106183078171079,0.00946763347530943,-6.46986523828586,2.97664253761679,4.14514040043711,-0.08,-0.51,-0.01,2.25147473507268,-6.52064481503009,3.79042512417266,6.53017708439014,0.221695782255951,0.292020798617712,-0.119755311188829,2.24137084409257,19.155854336,0.0518137348910959,0.0517086688886309,0.0848219593675177,0.00750853624174202,0.00740724233391526,0.00283183570131748,0.000653888570023367,167,0
0,19.258021376,accepted,7.81227881694549,0.0182517926069456,-0.882616686468602,-2.42078283998852,-0.571016612606915,-0.460979619274439,0.190547825475666,0.00846033806951141,-6.47818129782522,2.93221508736054,4.09709217400125,-0.31,-0.27,0.04,2.25147473507268,-6.57625480167561,3.71824644902713,6.49190205610178,0.216323925547669,0.148001253818464,-0.149571206576512,2.24342577724018,19.258021376,0.0506935111742527,0.0506019860594092,0.0838978377714139,0.00708371549466811,0.00707109723585316,0.00274523161378699,0.000649188815936064,168,0
0,19.35815552,accepted,8.81475052072638,0.0412245617389591,-0.832213721094602,-2.43048836083531,-0.71252842267529,-0.380744242047835,0.145705176871168,0.0071577826076501,-6.50312939663502,2.89889451719505,4.05,-0.28,-0.25,0.03,2.25147473507268,-6.63939564313179,3.65021604182176,6.44867970723639,0.379318249845357,0.0960550517209069,-0.115734374593514,2.24465646050792,19.35815552,0.0496421435848053,0.0495614013021956,0.0829787908989671,0.00678526591838168,0.0068921478267451,0.00269786175172757,0.000643771879833788,169,0
0,19.458291456,accepted,6.13007553877237,0.0579980400740112,-0.785947529135638,-2.35655451912887,-0.720381816817488,-0.305258638037916,0.0987489577820981,0.0047747273612555,-6.52807749311338,2.8655739466988,4.08306495390735,-0.19,-0.25,-0.05,2.25147473507268,-6.6479361208003,3.59721256720971,6.39940457134392,0.495576811694779,0.034278142694315,-0.151755681833536,2.2467717823047,19.458291456,0.0492322688208598,0.0491605524544642,0.0825442137006061,0.00665328711826824,0.00686186461823316,0.00266720465113218,0.000639179056486235,170,0
0,19.558454272,accepted,15.2017494233028,0.0207889727798385,-0.781607680223214,-2.27535678996534,-1.10186533072701,-0.297528791205334,0.100204924512989,0.00424641262147851,-6.56965764659161,2.82114652858933,4.1161387836089,-0.44,-0.24,0.05,2.25322006432468,-6.73177711351472,3.53721173048882,6.35752630132289,0.583248135364097,0.0313738062603023,-0.0498721874664841,2.24960454869281,19.558454272,0.0483251901852411,0.048261033484894,0.0816961392012945,0.00645151786600403,0.00673808744756037,0.0026180687957525,0.000633260031214491,171,0
0,19.65658368,accepted,8.45657707612988,0.107353639289808,-0.73494623628395,-2.20649078340884,-0.760792888363296,-0.266883115927978,0.12931765142937,0.00394654518580362,-6.57797366668361,2.82114653607509,4.14854118061127,-0.24,-0.03,0.17,2.25671072282867,-6.77671388333689,3.49799464637652,6.32589927001251,0.468131217953048,0.213998611240196,0.0410249690705567,2.25398738468997,19.65658368,0.0474547936846695,0.047402027592266,0.0808489841280658,0.00634748713314113,0.00644424559731777,0.00254787988002052,0.000627278258310696,172,0
0,19.758720256,accepted,5.68247785117891,0.163567228032037,-0.690682683401013,-2.14392227093918,-0.533672458393687,-0.189173936912827,0.284782411208064,0.0018223172427394,-6.57797365646618,2.83225340114181,4.18226674720201,-0.25,0.11,0.25,2.25671072282867,-6.8009895396049,3.47700803708506,6.31602008790207,0.247946039654886,0.28202968075131,-0.0310743222253821,2.25612629655049,19.758720256,0.0467490997719673,0.046706601794066,0.0801239399132586,0.00615907909534348,0.00608814615549424,0.00245647377042433,0.000622801511508301,173,0
0,19.959017216,accepted,8.57877065144276,0.0975375808395871,-0.669698890659593,-2.07022827219915,-0.899784148855158,0.0703934614395237,0.279098344434907,-0.00105583423454103,-6.59460565163366,2.88778773665245,4.2484049390913,-0.25,0.6,0.16,2.25845605208066,-6.7775597663925,3.54108082282388,6.30144668312144,0.600001000883817,0.530764542714359,-0.116291793420943,2.26290692972716,19.959017216,0.0484815051691893,0.0484317968976723,0.081675460927726,0.00649494986356153,0.00648397957823062,0.00249336738553696,0.000626024648406561,174,0
0,20.05916544,accepted,13.3075717897025,0.116763914821349,-0.653796209937592,-2.00465284410893,-1.01418067852944,-0.210219451246859,0.478056527748634,-0.00701315262123003,-6.60292161223202,2.95442892940576,4.28147395050457,-0.43,0.59,0.23,2.25671072282867,-6.82738087066522,3.56245134486346,6.29405434611736,0.520154389264766,0.785825513800324,-0.23869996689754,2.2681067805517,20.05916544,0.0478168009772706,0.0477788146262662,0.0810197194218781,0.00650799930760658,0.00622849357631747,0.00245438560775685,0.000617739876088424,175,0
0,20.157280768,accepted,10.7776897023232,0.169942258737474,-0.619072822314069,-1.96320505746234,-0.799880744255087,-0.391387024735832,0.417973286451795,-0.011017610959954,-6.61123756248829,3.0321769872196,4.3138716982814,-0.38,0.67,0.25,2.25496539357667,-6.86699261195087,3.58556519819716,6.28241338248978,0.366176495618617,1.03439632556706,-0.159345839958677,2.27003914181294,20.157280768,0.0470724801469349,0.0470475317893983,0.0802776841435953,0.00660266331950833,0.00599452873584125,0.00241465338582935,0.000607503907530893,176,0
0,20.259391744,accepted,5.97440883339817,0.234147416319192,-0.563861124476711,-1.92950194874173,-0.62410608859479,-0.233819421091263,0.260635195561799,-0.0177350788753956,-6.58628941466619,3.12103187775063,4.34758881173479,-0.21,0.79,0.26,2.25147473507268,-6.87874491296868,3.6415245567797,6.26466711130426,0.376529010361272,1.00739921945885,0.00275681216028851,2.27190205671964,20.259391744,0.0465405773992536,0.046520609898142,0.0797048059686184,0.00642233146416405,0.00593724435895733,0.00236422765539519,0.000598468574210177,177,0
0,20.35754752,accepted,5.63110235892603,0.261469369193103,-0.566802372950942,-1.89007460861021,-0.421148596229032,-0.650439283216889,0.159220661043148,-0.0221603058396531,-6.5779733400118,3.1765661918573,4.37999991546862,0,0.36,0.31,2.25147473507268,-6.86395124162275,3.67352615014687,6.24472608315407,0.404463169495796,0.977795305243499,0.150437873903088,2.27361160991394,20.35754752,0.0462318364431879,0.0462098950308087,0.0793115066488568,0.00636478439490439,0.00595780422290931,0.00234165598728311,0.000591566198729179,178,0
0,20.45767808,accepted,4.2088221589409,0.226498201802127,-0.539403234333415,-1.86401886164737,-0.602482262392913,-0.0761993798149997,0.0254177855928966,-0.0221444576658287,-6.59460533467336,3.23210052900376,4.39699835724354,-0.16,0.91,0.26,2.25322006432468,-6.86950567778648,3.74724951384174,6.22673795929011,0.411277092577744,0.979554984670059,0.232386917320399,2.27757689174171,20.45767808,0.0458331133798317,0.0458122125643475,0.078836963448482,0.00625252018517034,0.00590997692155056,0.00231755277735683,0.000585666143970062,179,0
0,20.557825536,accepted,4.04674602425725,0.238985735343387,-0.511291589968282,-1.83450895056834,-0.566099280177819,0.087736311489904,-0.0581229942401025,-0.0259856408738797,-6.59460524234986,3.33206230667275,4.41399962625118,-0.17,0.98,0.15,2.25322006432468,-6.8808960937242,3.83568752719597,6.20746040034549,0.366001027657857,0.894379182982368,0.204054270181551,2.28127546652134,20.557825536,0.0453977322242986,0.0453766676675227,0.0783214317798346,0.00600736971269471,0.00578127776339682,0.00227207499043701,0.000580728220536626,180,0
0,20.65796608,accepted,5.35256773691157,0.229518279902718,-0.501653662963377,-1.80787402531474,-0.639844778994396,-0.227423503230536,-0.152729605028071,-0.0282095560208302,-6.61123720289118,3.42091723639642,4.43099972186133,-0.23,0.62,0.11,2.25496539357667,-6.89375621856587,3.8855411115032,6.19026273054804,0.377350947647292,0.832630943055687,0.257223596161451,2.28448797640578,20.65796608,0.0449975175938565,0.0449773909063468,0.0778295058113148,0.00586450954908683,0.00572444954914224,0.00224099375620483,0.000576384557380035,181,0
0,20.758087168,accepted,8.52710402523378,0.283048962073084,-0.463684846070972,-1.77059046719861,-0.803321961786248,-0.340457854213908,-0.0768981127855564,-0.0311071425169187,-6.56965701386592,3.50977211271994,4.44799651457492,-0.36,0.61,0.26,2.25496539357667,-6.92602251775906,3.92432241064748,6.17729579486592,0.397937536235081,0.92871403634619,0.334140827890846,2.28814019428544,20.758087168,0.0445184586717811,0.0445017834167839,0.0772644240763074,0.00583256273270454,0.00565900792972286,0.00223380270480166,0.000571539053116865,182,0
0,20.9583744,accepted,7.87682914434176,0.231770339897783,-0.50439701152875,-1.74269506634989,-0.300074990785361,-0.564748429270259,-0.498018602525526,-0.0361852808143426,-6.61123701839805,3.62084079273995,4.48199774881522,0.23,0.44,-0.36,2.25671072282867,-6.86810155670099,4.04562412786176,6.13782689597738,0.516146041657986,0.965501055844477,0.122867285499573,2.29213161835396,20.9583744,0.0459183997799019,0.045891484402716,0.0785068846595974,0.00592161835339076,0.00577551874107816,0.00227274204626958,0.000574555035081189,183,0
0,21.058518272,accepted,9.61723179490259,0.221600489199536,-0.44803696602009,-1.64723646060965,-1.01838183646018,-0.155796083546015,-0.129355998284594,-0.0364496352729118,-6.6029209255229,3.69858883564404,4.49899840939454,-0.66,0.88,-0.07,2.25671072282867,-6.90524034919788,4.1192559119278,6.10435827884922,0.310340970255338,1.02626501472614,0.0565670561700422,2.29606406357407,21.058518272,0.0455829296082012,0.0455580344503491,0.0780887677282168,0.0058657095051121,0.00562742344681055,0.00224569557824003,0.000570095511347606,184,0
0,21.15662848,accepted,6.93830397903786,0.254716511455706,-0.462232646971412,-1.59078850238828,-0.447657504762666,-0.860509755804262,-0.255868384309092,-0.041495469299893,-6.6195529158147,3.75412317259835,4.51565383036302,-0.06,0.06,-0.22,2.25671072282867,-6.89384321282755,4.14730815781529,6.0607533649919,0.375083520848479,0.886863601587852,0.0298774734843209,2.29752913995404,21.15662848,0.0454568123877981,0.0454280064968705,0.0778439877647481,0.00576803614858449,0.0056575358809481,0.00222512731834647,0.000566555574561404,185,0
0,21.258773248,accepted,3.39496681994761,0.254808480512632,-0.449578193047334,-1.53394310926039,-0.531080035855217,-0.262623321787119,-0.210181938090241,-0.0420941343210637,-6.60292084330677,3.78744374978185,4.53299416777998,-0.18,0.64,-0.12,2.25671072282867,-6.88583231844298,4.20508279458625,6.02421956148785,0.333326143929144,0.889609937131538,0.0850703529680591,2.29902697283673,21.258773248,0.0453679445383614,0.0453387311524241,0.0776350172795441,0.00578826500206511,0.0056810748524882,0.00221670961318517,0.000563434683243391,186,0
0,21.358947328,accepted,3.8643183730022,0.247328763451318,-0.42114156464294,-1.48728762760539,-0.680516948647517,-0.0871510072835154,-0.179030967658268,-0.0427293302089078,-6.60292076161118,3.87629866313088,4.54999995654083,-0.33,0.86,0.06,2.25845605208066,-6.88645121032565,4.27885958467,5.99839324503773,0.32789296940271,0.941348691693181,0.235117282960392,2.30185447208975,21.358947328,0.0452901649415584,0.045260179815063,0.0774306349725231,0.00587578584729983,0.00575984622349903,0.00222379204540889,0.000560360954015561,187,0
0,21.459079936,accepted,9.12552735625792,0.246843956811535,-0.462656211204957,-1.44886043159235,-0.577304968158565,-0.878771397078058,-0.24535534161127,-0.0451063846087671,-6.61123674125125,3.92072612788558,4.57003955735316,-0.25,0.15,-0.09,2.25845605208066,-6.89344926561295,4.3026337416942,5.97470170957174,0.305752366607434,0.988275889521596,0.150539868733746,2.30370947950732,21.459079936,0.0451070979322444,0.0450757989340411,0.0771319367742895,0.00586072457927598,0.00570922250757905,0.0022312299840713,0.000557059240186537,188,0
0,21.559192064,accepted,11.5193285568096,0.250319590133468,-0.447929211911022,-1.39845400314702,-0.741868172817844,-0.778757758251686,-0.0231493430364823,-0.0456086107027138,-6.61123671061358,3.95404672045926,4.59007506726312,-0.41,0.19,0.1,2.26020138133266,-6.92633084593381,4.31185226667287,5.96099593957402,0.292923968464713,0.922937603341269,0.123562127292678,2.30668158997397,21.559192064,0.0446928970054828,0.0446636784083057,0.0766372284999269,0.00571518187512497,0.00561119061742071,0.00220619651637368,0.000553631573195979,189,0
0,21.657336832,accepted,1.97957176422955,0.28489785671078,-0.389001070519659,-1.36810887806485,-0.412961222461664,-0.0311639030559899,-0.209197767749646,-0.0482388790580708,-6.61123665904243,4.0095810424469,4.60971684804591,-0.13,0.86,-0.04,2.26020138133266,-6.91239833675986,4.38493616748095,5.94028406388883,0.271574108801943,0.887545351911723,0.164598150248704,2.30833938697329,21.657336832,0.044637562874456,0.0446078951448798,0.0764374225338695,0.00571871081370363,0.00565327833412214,0.00219384059888887,0.000550820353220154,190,0
0,21.757356288,accepted,4.55759001734195,0.268879178431176,-0.408896621786305,-1.32612791569605,-0.444881163101994,-0.659843231461813,0.0313032024556521,-0.0494994071387795,-6.61123660798451,4.06511536322224,4.62973381144396,-0.09,0.23,0.12,2.26020138133266,-6.89987654509576,4.41948078108736,5.93312275629126,0.34125069938116,0.863254390474138,0.0878299617467136,2.30916091074878,21.757356288,0.0446070043493181,0.0445767920697345,0.0762575671398276,0.00570145767688398,0.00566384337325117,0.00220029942528465,0.000548136884608449,191,0
0,21.873653504,accepted,3.76134000295397,0.257665388970417,-0.419632426732382,-1.29211186850167,-0.523205347194668,-0.464382851923672,0.0021668341249392,-0.0506413907637695,-6.60292055661695,4.09843594812687,4.65300845428912,-0.17,0.33,0.14,2.26020138133266,-6.88736160720657,4.47414216616189,5.92148922274735,0.335780107333282,0.773901807192793,0.136965872373408,2.3104463948087,21.873653504,0.044873212231803,0.0448411950589132,0.0763540499244204,0.00573257445724672,0.00574676918805321,0.00218871719766777,0.00054694011221505,192,0
0,21.957767168,accepted,3.67710691891832,0.269599565648164,-0.391439470122159,-1.2620885528138,-0.378620259030124,-0.512535266467294,0.110720070697084,-0.0516829605339311,-6.59460449478265,4.14286339808582,4.669842180455,-0.16,0.22,0.14,2.26020138133266,-6.88462900482084,4.4834103896968,5.91645359135133,0.204270584546602,0.70786554048793,0.0299558928399128,2.31143933355902,21.957767168,0.0444085461684012,0.044380148037544,0.0757885677922468,0.00560597761766204,0.00563620769648413,0.00214865238763713,0.000543588612950561,193,0
0,22.057933824,accepted,2.29809405165195,0.28284940604651,-0.372788483816209,-1.21961899123485,-0.30911822943385,-0.317051560815788,0.272259323800491,-0.0524768887971274,-6.57797242073503,4.17618397543271,4.68988860309158,-0.02,0.3,0.18,2.26020138133266,-6.87229547488671,4.51709452420709,5.90292187180415,0.279307452061935,0.603006440824959,-0.090157609194021,2.31183005065022,22.057933824,0.0443919807322142,0.0443644279390982,0.0756173781121541,0.00555617578514608,0.00562485010007109,0.00213292027580447,0.000541909199184233,194,0
0,22.15597312,accepted,3.55392454594145,0.264578996774252,-0.367559506922837,-1.1930981345065,-0.577574675519403,-0.209440163071131,0.21267933009924,-0.0528404100219464,-6.57797239010466,4.20950456842991,4.70950927568954,-0.25,0.42,0.28,2.26020138133266,-6.8767577692063,4.55066682111244,5.8952140902589,0.305216700693728,0.618335190161895,0.0704119588773975,2.31252053974171,22.15597312,0.0442516580465165,0.0442269821157096,0.0753454440638288,0.00559707403601939,0.00567200420113318,0.00213478380998855,0.000539683023913392,195,0
0,22.2582912,accepted,3.07090564102164,0.307506731817118,-0.346893816745403,-1.17975338652296,-0.399614509779392,-0.36706797035502,0.229298890076863,-0.053766382680275,-6.54470824938502,4.27614572316868,4.72998626430982,-0.17,0.37,0.39,2.26020138133266,-6.87294501113266,4.58518644165059,5.90380954792813,0.214257383024997,0.719113013157765,0.163696294158814,2.31349951715266,22.2582912,0.0441887554876848,0.0441667001260915,0.0751427282624949,0.00565050291392996,0.00569960913657815,0.00214689057968569,0.000537539592479345,196,0
0,22.358294528,accepted,2.6877248299174,0.318667930890275,-0.351607293101624,-1.17033921313423,-0.380239978013963,-0.32633573810021,0.0773794655383852,-0.0544889791266563,-6.5363922060281,4.29835944476612,4.75,-0.16,0.16,0.31,2.26020138133266,-6.87778354536695,4.6116834509866,5.9054181903655,0.204021065367701,0.46815619073151,0.233306308765842,2.31392928403653,22.358294528,0.0439779642305602,0.0439538002723943,0.0748158133884373,0.00556651805143551,0.00567745727852304,0.00207904512111448,0.000535488178481323,197,0
0,22.458403072,accepted,3.13440376757808,0.293336159119744,-0.355190525647885,-1.1614627259183,-0.405769264813388,-0.306361098913918,0.0852008152145639,-0.0550715981622725,-6.56134026953735,4.29835946790218,4.76803285626632,-0.17,0.11,0.24,2.26020138133266,-6.88611663688647,4.61256652474053,5.91680747912424,0.214853341071703,0.396781433359957,0.156310261888167,2.31443512877157,22.458403072,0.0436258640209323,0.0436039683254531,0.0743741874003955,0.00543929824540284,0.00555459028173612,0.00205110451186988,0.000533464405973373,198,0
0,22.558495232,accepted,3.73994160176613,0.306092531315588,-0.333078885448622,-1.14256848548289,-0.499619804644191,-0.229776558993216,0.178948081551933,-0.0543276663075725,-6.55302422657631,4.32057318870464,4.78606276123293,-0.18,0.19,0.21,2.26194671058465,-6.89808080482186,4.62174084955771,5.92450087476828,0.294119909744306,0.405254097495013,0.0350222841291292,2.31538125790822,22.558495232,0.0433139041502381,0.0432942461118782,0.0739611210375006,0.0053194137102802,0.00543269652994582,0.00205001526666588,0.000531482533779401,199,0
0,22.656613632,accepted,4.71636625337374,0.314002799305941,-0.353264682598717,-1.11557706436658,-0.220492799513055,-0.610263585051707,0.0941871795192423,-0.0559960927317507,-6.5613402597158,4.30946633217392,4.80373712681238,-0.04,-0.15,0.02,2.26194671058465,-6.88730764069586,4.59334645978094,5.90784875477675,0.170317132174826,0.424793668265922,-0.0735182468855381,2.31740897370681,22.656613632,0.0429585392461848,0.042942362165973,0.0735094018937904,0.00520724468568153,0.00532265738082302,0.00203053406733879,0.000529261801131262,200,0
0,22.75875072,accepted,5.31414244305722,0.32774518527201,-0.314559538498228,-1.07920036810091,-0.556832856125293,-0.24918823215042,0.285236650997522,-0.056213195112937,-6.53639218600373,4.32057317356221,4.82213539087429,-0.34,0.12,0.27,2.26194671058465,-6.91226979491789,4.60027159817948,5.91021097741846,0.185509366339973,0.352944063985481,-0.00777432570427943,2.31737010833016,22.75875072,0.0426253689087839,0.0426098989594288,0.0730791618512562,0.00512761001745273,0.0052481853847719,0.00200353926365725,0.000527138825321633,201,0
0,22.958977536,accepted,9.42049433859946,0.233673622717447,-0.280421280485071,-1.03044890335837,-0.785566753415617,-0.166284837442395,0.452129000597903,-0.0596061619247692,-6.61123633103539,4.36500069844102,4.85820285574113,-0.37,0.07,0.2,2.26194671058465,-6.9233110015488,4.61889244757789,5.9156681289443,0.368489699353239,0.225104905902675,-0.238980686999287,2.32009805771289,22.958977536,0.0440748685945881,0.0440706535971037,0.0742939664238517,0.00522109270761313,0.00534938375131925,0.00203636461851195,0.000531779288486782,202,0
0,23.057116672,accepted,8.83221945483962,0.284513191210237,-0.268961455533638,-1.00920482708132,-0.568105340526336,-0.277197419826126,0.620936612528277,-0.0595961050694456,-6.60292030035199,4.37610755669809,4.87588095655928,-0.25,0.08,0.23,2.26194671058465,-6.94019889372486,4.60760563283086,5.9272166414573,0.283691831442861,0.340164125076774,-0.37534975509419,2.32051686351039,23.057116672,0.043607226024202,0.0436058849074842,0.0737677274523576,0.00508083198752957,0.00520194776088511,0.00204242509365242,0.000529422316160804,203,0
0,23.15727616,accepted,5.74411202072891,0.292413082125112,-0.254848530928751,-0.999310853414761,-0.440751072477928,-0.384209128673345,0.395141999366731,-0.061120624777466,-6.611236320444,4.37610756418386,4.89392298952314,-0.14,-0.08,0.11,2.26194671058465,-6.94134376314858,4.58354136841179,5.91335826387445,0.275412104218371,0.281077372668255,-0.275658137960292,2.32201585366362,23.15727616,0.0432030175431935,0.0432041544566406,0.0732940501357563,0.00500649766349554,0.00513542299126043,0.00202048966978283,0.000527243194987217,204,0
0,23.259403776,accepted,5.22686598312225,0.3088624157261,-0.24651443145379,-0.979386696123088,-0.223217600965076,-0.464235100015483,0.514983892583709,-0.0601080232462921,-6.61123633103539,4.36500069844102,4.9123195473649,-0.15,-0.19,0.3,2.26369203983665,-6.93118054117608,4.56426221064875,5.91450064845425,0.0619034855156454,0.250861704776261,-0.206291241458659,2.32308670953088,23.259403776,0.043016434730566,0.0430205654968299,0.0729972035846804,0.00498356592710415,0.00515083503998905,0.0019952236669205,0.000525180586202241,205,0
0,23.357555712,accepted,6.78551492562184,0.29683374592378,-0.238163499515285,-0.966575099228767,-0.541704884560283,-0.328214679829134,0.471994862090335,-0.0605469535810639,-6.61955237142298,4.34278697910833,4.92999995388594,-0.36,-0.21,0.34,2.26369203983665,-6.96100091069048,4.54223456700867,5.92222479656645,0.152116460451664,0.099502605875576,-0.120720820589214,2.32307556839138,23.357555712,0.0426613196881837,0.0426647353756905,0.0725521288880976,0.0049233367280377,0.00507396027382621,0.00196446147048943,0.00052304547610688,206,0
0,23.459715584,accepted,2.92035729568676,0.304455294165154,-0.227889519216888,-0.965986546724979,-0.358886587969661,0.066313538710312,0.37672322708635,-0.0618598453639234,-6.64450045522052,4.32057327291832,4.94224164503787,-0.2,0.07,0.32,2.26369203983665,-6.97086774467584,4.54752794762347,5.92045349708929,0.142215481336887,0.00576146011040994,-0.0497737418159748,2.32407750964204,23.459715584,0.0425075104825934,0.0425119726729795,0.0722784896432058,0.0049153740490664,0.00506647222060009,0.00194201285678225,0.000521046651775277,207,0
0,23.557868544,accepted,7.10089582493963,0.279337072249811,-0.227236431031595,-0.959656859748424,-0.702305149786596,0.00163507469384442,0.390019595444646,-0.0613488876565755,-6.6694485167942,4.32057329631805,4.95400317804653,-0.47,-0.01,0.3,2.26543736908864,-7.00925306766691,4.54150274993577,5.93307217518676,0.194567148885923,-0.0125845308608663,-0.0788727767501346,2.32518026181243,23.557868544,0.0421694811966223,0.0421741438674329,0.0718424922958054,0.00482606128927708,0.004971076280393,0.00193691865321174,0.000518816185489195,208,0
0,23.65799424,accepted,1.79195910727347,0.304954824338263,-0.250029643826577,-0.961506658463612,-0.223346446450565,-0.32131100474071,0.295359705859108,-0.0616534130585009,-6.68608058837841,4.28725271821068,4.96600110127288,-0.04,-0.39,0.23,2.26543736908864,-6.99411512093147,4.51365870419203,5.92438719491086,0.17780495500241,-0.0792240442793917,-0.0632652463643674,2.32596303875903,23.65799424,0.0422890459665152,0.0422999300403905,0.0717892354172973,0.00488703067088493,0.0050413346482767,0.00193406814410163,0.000516790814991362,209,0
0,23.75810176,accepted,1.13459289943099,0.310751247501354,-0.247187752434646,-0.936935940110838,-0.21497974226853,0.0271994007667734,0.264502844460794,-0.0618951822514622,-6.66944857856087,4.25393211077194,4.97799684649437,0,-0.11,0.15,2.26543736908864,-6.98337456607613,4.49563799033048,5.91148304202648,0.209391404973698,-0.13770458163683,-0.112439562551361,2.32608433728499,23.75810176,0.042388840230835,0.0424058499170977,0.0717179487519572,0.00492366376177625,0.00507924159154043,0.00193032173095393,0.000514793502954498,210,0
0,23.872242176,accepted,2.19941196859602,0.305930469804745,-0.274558940418936,-0.901850448741699,-0.0309015508906339,-0.433638885737528,0.315446028795207,-0.0626193564204507,-6.65281657662931,4.20950463793572,4.99167413417277,0.23,-0.51,0.16,2.26543736908864,-6.95233271015377,4.45095429131596,5.89358177041799,0.260385841644205,-0.0919456385203852,-0.153277612208209,2.32697369700778,23.872242176,0.0427160718693007,0.0427416694121019,0.0718530274978253,0.00496541820622753,0.00514443695602206,0.00196345367070195,0.000513874462978029,211,0
0,23.958390016,accepted,3.70267228436125,0.295382944751605,-0.259032494362814,-0.875624104389779,-0.264057410378617,0.030800050085524,0.679346891951843,-0.0628544047070512,-6.63618455673359,4.18729089363812,5.00199711030904,-0.03,0,0.45,2.26718269834063,-6.93980607661627,4.4407574534485,5.89718475305001,0.224684623864615,-0.0313178334415047,-0.221469970608192,2.3287368720518,23.958390016,0.0425458537612674,0.0425755124198672,0.071541532350351,0.00493878227405844,0.00513526513786601,0.00197741932505887,0.000511044501175725,212,0
0,24.056515328,accepted,5.14638009339277,0.29721513886646,-0.241406152158083,-0.851481690997894,-0.234516910528996,0.210427942175455,0.818252128167199,-0.0621573955746748,-6.61955251538387,4.18729087815387,5.01375533029623,-0.02,0,0.44,2.26718269834063,-6.9236715744541,4.43416436415031,5.8922071502598,0.2053632788222,-0.2049474363447,-0.368979807737939,2.32779523941498,24.056515328,0.0425984598247438,0.0426338028075396,0.0714290012853471,0.00494802992390009,0.0051372048586462,0.00193472266203149,0.000508965476722332,213,0
0,24.1586752,accepted,3.29605898062066,0.277390996636366,-0.228588870231994,-0.820627506530857,-0.112683460680934,0.103766616214977,0.628393242758813,-0.0609605442039518,-6.61955251538387,4.18729087815387,5.02599700601021,0.23,-0.07,0.19,2.26892802759263,-6.89820575509016,4.41636252297458,5.86842778795375,0.337123948306101,-0.171292925061039,-0.430724389546916,2.32855819711556,24.1586752,0.0426523812341487,0.0426934888041092,0.0713276777557779,0.00493877081553376,0.00512768670411529,0.00195330987402753,0.000507229014671617,214,0
0,24.258836736,accepted,4.35959884495143,0.279060336836217,-0.212437081748289,-0.787349854202644,-0.0855044740797484,0.0825340675397003,0.673854870013202,-0.0588591873724948,-6.57797241026829,4.18729083979234,5.03799922389404,0.33,-0.06,0.14,2.27067335684462,-6.85847138053625,4.40051514993435,5.85905269504812,0.409150558033694,-0.140046975393962,-0.523343713294112,2.32817799027565,24.258836736,0.0425364358234689,0.0425805253052214,0.0710911396362466,0.00488075243707949,0.00507249696022431,0.00195719558391977,0.000505442522784836,215,0
0,24.358985984,accepted,3.73188268217306,0.285025119193635,-0.205761100437575,-0.759000773411749,-0.0752518443095446,0.0846693431800785,0.54661886397688,-0.0592027051624484,-6.5280762972064,4.17618392958056,5.04999996932387,0.38,-0.09,0.02,2.27067335684462,-6.81519954743014,4.38494240686596,5.84452297331448,0.448435287254897,-0.171063589670255,-0.515718145465019,2.32849531918713,24.358985984,0.0422239802218642,0.0422665778581606,0.0707053833223321,0.00479421108244094,0.00498313229861559,0.00193016215453998,0.000503625184501061,216,0
0,24.459107072,accepted,5.54504841388941,0.28984957721446,-0.206075208926571,-0.707565303695426,-0.0768055288200813,-0.169575958810568,0.849604170026064,-0.0593749088546573,-6.4781801814391,4.16507702040884,5.07809282699773,0.34,-0.27,0.15,2.27067335684462,-6.76727016287001,4.35449427724526,5.82081184505451,0.411490010835652,-0.107315193743804,-0.689027770406407,2.32874974267527,24.459107072,0.0422696920566299,0.0423185624747622,0.0705918151611422,0.00477162661968505,0.00496461032023626,0.00194714492378624,0.000501747653353398,217,0
0,24.557248256,accepted,3.69881738541586,0.293176023605811,-0.206188748824336,-0.646559375002192,-0.365297040474066,-0.137404392277078,0.821779909963093,-0.0589962751910562,-6.43660009907521,4.14286325417641,5.10563018609062,0.03,-0.29,0.09,2.27067335684462,-6.7370732243504,4.33788900319139,5.76879910569452,0.387131911764201,-0.156539398310909,-0.725235655036734,2.32852983732632,24.557248256,0.0425225820847643,0.0425814883251233,0.0706336748994519,0.00484135397480853,0.00504360987719283,0.00194936524407039,0.000499742811305794,218,0
0,24.65745536,accepted,7.81805767545312,0.283376318336759,-0.182998957191355,-0.560108429327633,-0.048537598564132,0.220674911584081,1.09660546459279,-0.0583654252491139,-6.41165204694181,4.13175636745225,5.13374722008226,0.27,0.06,0.25,2.27241868609662,-6.69310172324585,4.32235233134624,5.7378739363698,0.313676034519828,-0.154510166193317,-0.83432918201136,2.32926059600449,24.65745536,0.0426481774434905,0.042715484601011,0.0705919715864743,0.0048525197103494,0.00507037362077511,0.00195344219144796,0.000497793015077316,219,0
0,24.757635072,accepted,5.31924666618409,0.297244822988467,-0.177453669914155,-0.486625748670656,-0.153431169141344,-0.0345520876185935,0.949807614473229,-0.0578147191908691,-6.37007194364444,4.13175633063379,5.16185656817375,0.08,-0.15,0.05,2.27241868609662,-6.66957700056293,4.30229966476687,5.68271528525341,0.226963676550861,-0.117122975729381,-0.88967936852054,2.32901389273115,24.757635072,0.0428216583482393,0.0428976506632464,0.0706002632021521,0.00488830332034933,0.00513262081883727,0.00197279972904895,0.000495793764116501,220,0
0,24.875827968,accepted,4.0957319351452,0.318121865793975,-0.188519027916832,-0.383231190637606,-0.00882353486865375,-0.374388570579949,0.867168812666381,-0.0586087716849928,-6.33680787853518,4.10954257319218,5.19502022166485,0.09,-0.34,0.08,2.27241868609662,-6.64833655372705,4.27644882772678,5.60234828050661,0.0974882055030039,0.0247808544202354,-0.780083574953266,2.33018507293373,24.875827968,0.0434365402311414,0.043528799740292,0.0709845407847563,0.00504738684805629,0.00533313918275046,0.00204050696704637,0.000494757537835583,221,0
0,24.958011392,accepted,5.11093351191025,0.331123614587002,-0.186012330307347,-0.325854311239221,0.0454746876200351,0.0117112782384057,0.827997131637454,-0.0594526619065068,-6.30354381522953,4.0873288150572,5.21808000519234,0.29,-0.09,0.17,2.27241868609662,-6.62556115215652,4.26902715007645,5.58616955211746,0.243294980609541,-0.102088419502065,-0.646979487704633,2.330453731434,24.958011392,0.0431133193144674,0.0432053600709063,0.0706212051782827,0.00499912897191549,0.00525242224471635,0.0020022984694374,0.000491560491977714,222,0
0,25.056232704,accepted,4.94064655553374,0.326720130505917,-0.195570111246157,-0.263653801717539,-0.259221353648385,-0.0207423541795526,1.02387804570675,-0.0592358681391074,-6.2702797621413,4.0540081932449,5.24563984733894,0.07,-0.28,0.2,2.27241868609662,-6.60112123698167,4.24337595224403,5.54095527193855,0.322007760364498,-0.260476400810448,-0.814784707223405,2.33043117911909,25.056232704,0.0433773936351121,0.0434820667647736,0.0707230418813728,0.00501994333604119,0.00526250626358684,0.00197859080628107,0.000489566521821735,223,0
0,25.156406528,accepted,7.45652773481041,0.272744164061976,-0.20432171448163,-0.178502083112371,-0.554705576953019,-0.0222565506181263,1.18041215724259,-0.0589996668780772,-6.29522786351441,4.00958075765065,5.27374754332105,-0.22,-0.36,0.12,2.27241868609662,-6.58702997636109,4.20728390997669,5.49246193171469,0.319902175209704,-0.338832096950736,-1.04858509256013,2.33012120250101,25.156406528,0.0436779211434235,0.0437964671843907,0.0708638939442444,0.00504348949552394,0.00528384967507874,0.00197530103234149,0.000487702923593337,224,0
0,25.25661952,accepted,8.07690262860849,0.266862516879431,-0.183045607226631,-0.07625713376863,-0.323615794937854,0.304336451209061,1.14260233061964,-0.0578417959739519,-6.2869118619071,3.98736702153219,5.30186622942207,0,-0.03,-0.12,2.27416401534861,-6.56749615713184,4.1818743931292,5.42804693757707,0.311312672082194,-0.325889686576393,-1.24884442531587,2.33044580637862,25.25661952,0.0438751668700903,0.0440049288351562,0.0709487805997042,0.00504550736100629,0.00528607407935679,0.0019899787511454,0.000485798442565214,225,0
0,25.35688576,accepted,8.63129957483286,0.264757823008229,-0.190582896014851,0.0210881817249975,-0.27917289374754,-0.365698604278619,1.32650325605001,-0.0576591385271108,-6.26196382877891,3.95404640608124,5.32999985633831,0.09,-0.65,0.17,2.27416401534861,-6.53543670687611,4.12331283240433,5.35726820570695,0.359323256803668,-0.293079391965619,-1.14391259350336,2.33074545961349,25.35688576,0.0441728994500094,0.0443169570000078,0.0711137567534788,0.00512110446005165,0.00535576810285469,0.00202411569363128,0.000483975150634217,226,0
0,25.457069824,accepted,7.37342173202575,0.232180506271243,-0.203253941705198,0.100772317807166,-0.224635561490991,-0.102587634383648,1.34427706320668,-0.0591494959769734,-6.27859592661644,3.88740523575041,5.34000240256819,-0.01,-0.47,0.12,2.27241868609662,-6.51687404456616,4.08104527008814,5.28467039607487,0.206778914554282,-0.369927682473179,-1.21277901277304,2.33035012049776,25.457069824,0.0445191129274379,0.0446792832802661,0.0713214403069531,0.00517505443233956,0.00546744490073008,0.00201319552976815,0.000482058619389026,227,0
0,25.555202816,accepted,6.93461893899015,0.217313339081066,-0.193878716611426,0.184179316895744,-0.316129886577753,0.296309846518101,1.24447242877767,-0.0591637656937674,-6.27859596565333,3.84297777934575,5.34980007565534,-0.1,-0.25,0.02,2.27241868609662,-6.50630661484009,4.04420656422852,5.21043084633248,0.206443211527683,-0.540056959884165,-1.21307259111359,2.3300058152091,25.555202816,0.0448215244014467,0.0449974955370001,0.0715026403030564,0.00523879917538491,0.00552936695004873,0.0019818145423912,0.000480013073759666,228,0
0,25.65739392,accepted,17.1988843991235,0.18771004394512,-0.169510998844501,0.284446766691142,-0.256707922503526,0.533329186535836,1.40337628751197,-0.0575378062069483,-6.3035440499641,3.82076407263815,5.36000291375291,-0.13,-0.03,0.07,2.27416401534861,-6.51381228353274,4.02872612192246,5.16956359942149,0.108365342925501,-0.540399745355856,-1.30964628465462,2.32899581714587,25.65739392,0.0448089283059785,0.0449874921570101,0.0715004248872938,0.00518393219950849,0.00550761401507079,0.00197418015336855,0.000477880603056979,229,0
0,25.757529344,accepted,7.50438246192871,0.182139402982954,-0.203339752322366,0.324833291121913,-0.085664508623321,0.114023607378811,1.32552867048899,-0.0566906683335775,-6.32017614159459,3.76522976561583,5.37000051118472,0.05,-0.54,0.14,2.27416401534861,-6.50501266843546,3.96867027715964,5.09659315701111,0.129737608126413,-0.651475553605567,-1.17365446224014,2.3294326546276,25.757529344,0.0451174631133895,0.0453127787288375,0.0716965376454504,0.005265580378307,0.0055769815177679,0.00196310796336847,0.000475911173382175,230,0
0,25.869729536,accepted,9.73526042943485,0.144889685845504,-0.178212526452717,0.406681046544121,-0.528888349467471,0.29133982340488,1.3175633509112,-0.0559277498614721,-6.3368082325799,3.70969545937611,5.38120266429477,-0.28,-0.47,0.23,2.27416401534861,-6.50864158430096,3.89869336525789,5.03479734334967,0.230797519027938,-0.753562637615455,-1.07225817725576,2.32831113876315,25.869729536,0.0456199518282389,0.0458356140389219,0.0720558799025324,0.00535571184156971,0.00561493824051941,0.00196415822375461,0.000474673735367353,231,0
0,25.957869824,accepted,10.9561632211227,0.108956316100866,-0.172904690948813,0.446460490803759,-0.236921955068603,0.47295787077297,1.39504086799062,-0.0556582308198559,-6.37838838797625,3.65416117523106,5.39000265816055,-0.06,-0.32,0.34,2.27416401534861,-6.5022381847628,3.8490092214149,5.00958214800056,0.164721598913494,-0.779477276137344,-1.03922607635106,2.32788089302325,25.957869824,0.0455784889596339,0.0458001836169047,0.0719960869621757,0.00535237307671149,0.00563483016682607,0.00195810000469652,0.00047201775596093,232,0
0,26.056006912,accepted,14.9283934770407,0.101481190655305,-0.158753671874792,0.490049593097064,-0.368948534492173,0.509857823738013,1.55041613968627,-0.0549284610594625,-6.37838842727706,3.60973371760172,5.39980074019547,-0.2,-0.35,0.61,2.27416401534861,-6.50499145457155,3.79596671619304,4.98964120024774,0.150864714604565,-0.843685790084202,-0.920930452367324,2.32688396689243,26.056006912,0.0456898577117876,0.0459196162122058,0.0720696164076969,0.00538033230915936,0.00565746010650946,0.00194883473163288,0.000469896966480574,233,0
0,26.158157568,accepted,10.899835136662,0.103083236883744,-0.1561905342,0.505346154691204,-0.129232022290761,0.314050089328901,1.39374113917349,-0.0544690634548832,-6.39502052188418,3.55419941082228,5.40999953993375,-0.09,-0.51,0.61,2.27416401534861,-6.50862163701959,3.72589657477671,4.9755469559215,0.028977197065069,-0.814195864570136,-0.767428657162649,2.32678330115062,26.158157568,0.045891060138032,0.0461324140970822,0.0722111529711638,0.0054032526093717,0.00575108139428058,0.00196082359085905,0.000467932712460563,234,0
0,26.258337024,accepted,12.8094850385445,0.0824949076843966,-0.145303445312133,0.518447849232896,-0.120268924776526,0.537046342003562,1.42005042208391,-0.054483198460801,-6.41996863581346,3.498665112305,5.42000153355416,-0.11,-0.24,0.56,2.27416401534861,-6.51405863095155,3.67459660013329,4.97721633352324,-0.000482033632663708,-0.759517398386269,-0.842387120608314,2.32642335526199,26.258337024,0.0460162391742026,0.046266648362637,0.0723016879345056,0.00536944945486723,0.00573244462749693,0.00198135488592105,0.000465824445982966,235,0
0,26.358481408,accepted,16.6936740852311,0.0397009710758214,-0.144278936572807,0.542161893065646,-0.410115848283357,0.436844723085832,1.63649966415198,-0.051838187151481,-6.46986480613584,3.45423770015548,5.4300000076836,-0.28,-0.4,0.7,2.27590934460061,-6.54135362366721,3.62360283207965,4.97597554241084,0.109286460759937,-0.822285179040769,-0.914868061254446,2.3257074419104,26.358481408,0.0461307882786055,0.0463912236284916,0.0723967827916574,0.00534853982120252,0.00564151999343748,0.00197651973329614,0.000463889422214337,236,0
0,26.4586048,accepted,14.4330445679735,0.0174536070613511,-0.136196636461947,0.550693584492235,-0.260538093743173,0.60475853673557,1.45101170248759,-0.0515885986902069,-6.51976097477927,3.40981028870552,5.43300511881668,-0.2,-0.21,0.51,2.27590934460061,-6.56050292947922,3.58281118456386,4.9635442702791,0.0446116345749981,-0.794517436214752,-0.92151623928687,2.32529913445218,26.4586048,0.0462144713327575,0.04648268729496,0.072480338379476,0.00532470513249853,0.00564315500941447,0.00197279337699152,0.000461878937621373,237,0
0,26.556770816,accepted,13.7186947139066,-0.0181915156398205,-0.151517712576905,0.561506548513364,-0.53744512348959,0.189165569141082,1.52730914121306,-0.0499211348920814,-6.56965715673411,3.35427601201439,5.43595148111703,-0.37,-0.61,0.61,2.27590934460061,-6.59015517039966,3.51427666142145,4.95412302323592,0.144690675989285,-0.793239243173716,-0.897673007488351,2.32435143916435,26.556770816,0.046316347325439,0.0465944422477216,0.0725664308154016,0.00531928258676348,0.00559161844732177,0.00197120099589421,0.000460002009271883,238,0
0,26.65895296,accepted,12.7904901025114,-0.0612326117600066,-0.144072196439082,0.573107198415131,-0.463018701893971,0.291597467639541,1.47097301571533,-0.0502838601024993,-6.62786936913764,3.28763488067964,5.43901838378985,-0.17,-0.45,0.62,2.27416401534861,-6.60270942173435,3.446600208395,4.94352992413739,0.272160725604245,-0.732876413029656,-0.831972887305372,2.32313971034607,26.65895296,0.0464926276673032,0.0467811983203762,0.0727109155706511,0.00533082600470655,0.00556417848441112,0.00198037257546998,0.00045853479299328,239,0
0,26.759099904,rejected,25.3713609373428,-0.102505863277647,-0.102229533510579,0.581485050738285,-0.902834582398864,1.08685462705386,1.53485540448703,-0.0500340530958883,-6.66113347859186,3.26542118229024,5.44202420181445,-0.3,0.31,0.74,2.27416401534861,-6.55862761531421,3.36765071580082,4.86053915107617,0.602834582398864,-0.776854627053861,-0.794855404487029,2.3241980684445,26.65895296,0.0464926276673032,0.0467811983203762,0.0727109155706511,0.00533082600470655,0.00556417848441112,0.00198037257546998,0.00045853479299328,239,1
0,26.875263232,accepted,11.3122144021001,-0.179827450866277,-0.0197259032012362,0.671503770343512,-0.34988149836818,0.711690254808073,1.29067021842679,-0.0508086234926197,-6.66944950036281,3.26542118977114,5.44551073681148,0.22,0.1,0.58,2.27416401534861,-6.52326132900049,3.32933087093723,4.84430356416547,0.5521006912683,-0.590598360295219,-0.6939723155577,2.32412932788784,26.875263232,0.0492264454760858,0.0495816537175711,0.0748062498921973,0.00565352478598133,0.00584076321421016,0.00202676448021797,0.000462975652922418,240,1
0,26.959403264,accepted,14.0067052288594,-0.201467439963675,-0.0337477140078408,0.668114430259629,-0.363365943755357,0.435182019116264,1.55993793206836,-0.0506834618425809,-6.67776553273976,3.25431433374563,5.448036122157,0.2,0.01,0.72,2.27416401534861,-6.51396375111171,3.31528904024702,4.86389387348223,0.543315672459289,-0.412087221163302,-0.8200903995654,2.32406316060667,26.959403264,0.0488940697872429,0.0492452774127692,0.0746123351077838,0.00562609982022903,0.00574260923338409,0.00203525318628993,0.000460092659218563,241,1
0,27.057586432,rejected,25.0535405541203,-0.214030477898901,-0.0107093416572375,0.677038964679421,-0.530126398478521,0.809023973601062,2.06146475532944,-0.0510797313860882,-6.66944950036281,3.26542118977114,5.45098299925878,0.16,0.46,1.05,2.27416401534861,-6.45541902246391,3.27613053142838,4.77394403457936,0.690126398478522,-0.349023973601062,-1.01146475532944,2.3252437467347,26.959403264,0.0488940697872429,0.0492452774127692,0.0746123351077838,0.00562609982022903,0.00574260923338409,0.00203525318628993,0.000460092659218563,241,2
0,27.157731584,accepted,23.1232056275517,-0.283606845610637,0.0835779568157466,0.781763382045401,-0.735904305246838,1.23365560627274,1.69221303565827,-0.0530241258091291,-6.64450138384547,3.32095548891115,5.45398876349817,0.44,0.88,0.69,2.27416401534861,-6.42532798607327,3.31708159057979,4.76470975020138,1.14362615026694,-0.316042898488489,-0.978882033133843,2.32863230251185,27.157731584,0.0512746150193377,0.0516833375226434,0.0764207389208592,0.00586114420556003,0.00607610303796727,0.00206521318386662,0.000462575889898146,242,2
0,27.259852032,accepted,18.7976667972643,-0.323510558605244,0.0744220014032768,0.795157644803248,-0.218060282569485,0.821844346781953,1.62421648421578,-0.0555132902097526,-6.64450133225972,3.37648981074647,5.45705381442253,0.74,0.75,0.57,2.27416401534861,-6.35985710000188,3.36449800001054,4.76123242497086,0.9379480815767,-0.0434794016416111,-1.03144264047973,2.32965134137018,27.259852032,0.0511684814586258,0.0515736631303722,0.0764446589171457,0.00595811521157178,0.00590884733503195,0.00209309355612983,0.000459757519436984,243,2
0,27.358011392,rejected,29.2941631231217,-0.374679707706287,0.0860306219887832,0.810879852780947,-0.903941794325794,0.944416674952142,2.06352178494909,-0.0570257622743546,-6.63618524674272,3.44313098792364,5.45999997694918,0.11,0.84,0.76,2.27416401534861,-6.26150553903643,3.35710036593486,4.64912012416824,1.01394179432579,-0.104416674952142,-1.30352178494909,2.33118977762297,27.259852032,0.0511684814586258,0.0515736631303722,0.0764446589171457,0.00595811521157178,0.00590884733503195,0.00209309355612983,0.000459757519436984,243,3
0,27.45818624,accepted,21.4982519589975,-0.461553617893325,0.16693113635632,0.904018486079391,-0.479184700486165,0.942555542633252,1.77328955352229,-0.0585657286902497,-6.62786916330055,3.50977216638508,5.42798835062452,0.47,0.69,0.54,2.27416401534861,-6.22780653723214,3.41409490727435,4.62904427385916,0.920689161528382,-0.22127032617673,-1.20879199259443,2.33288787413693,27.45818624,0.0534992393152934,0.0539442676126708,0.0782297916309684,0.00599179053593843,0.00603831800783682,0.0020909785731891,0.000462336364921902,244,3
0,27.55832704,accepted,22.7332469030121,-0.468182358206867,0.172969356834823,0.887523996051772,-0.430866472580081,1.18969427778102,1.690555437831,-0.0587641887061485,-6.60292104833751,3.56530646412463,5.39598733621261,0.48,0.89,0.49,2.27590934460061,-6.1926704057319,3.48127242994759,4.61026115694741,0.884261741365624,-0.260760177939442,-1.17690704069172,2.33479924889835,27.55832704,0.0532978145194077,0.0537364343680011,0.0782033954002977,0.00590119418748812,0.00596915788995702,0.00207572545165085,0.000459849286283377,245,3
0,27.658458112,accepted,21.5739106608836,-0.474967151413762,0.183501896158945,0.869562901379847,-0.420530101441031,1.15978301039242,1.56408498160143,-0.0617053271038097,-6.58628894441476,3.6319476342347,5.36398943048236,0.37,0.75,0.45,2.27416401534861,-6.16934609184695,3.5404233968233,4.59468431019599,0.76422423147159,-0.369951482236444,-1.09108977829056,2.3355337043624,27.658458112,0.0530436547368094,0.0534746897394204,0.0781394721467565,0.00578273147941669,0.00588811006592505,0.00203456392129071,0.000457587399587184,246,3
0,27.758560256,accepted,16.7938087337654,-0.467782925987738,0.180481993482715,0.842039726594458,-0.442408512709934,0.941674976202145,1.39112692305163,-0.0624381357937467,-6.56134083010421,3.68748193300458,5.33200076898967,0.36,0.57,0.36,2.27416401534861,-6.15192702426309,3.58387447708513,4.58221639959171,0.776184969489155,-0.338691625046916,-1.00968127725754,2.33630794017812,27.758560256,0.0527840905294542,0.053209099835489,0.0780664757590548,0.00573755039978271,0.00583166318205744,0.00204365191652091,0.000455301899040708,247,3
0,27.87473536,accepted,20.6272312124639,-0.520130915045402,0.179820111184023,0.828177460329441,-0.689719744794757,0.857498939847532,1.6373241997763,-0.0634568585505177,-6.58628886258721,3.72080254854342,5.2948758291309,0,0.47,0.58,2.27416401534861,-6.14315820095785,3.60906505868416,4.57001736337263,0.655513881722727,-0.358600380781248,-1.03276576002931,2.33721761055984,27.87473536,0.052970675700187,0.0533990422803855,0.0782999670215449,0.00569768920084239,0.00578208909445773,0.00204153878892018,0.000453910904865873,248,3
0,27.95887232,accepted,23.3941789790413,-0.50604058506901,0.190404615518905,0.79228538109061,-0.596894402080947,1.14761030862814,1.64176578287829,-0.0659705254006524,-6.59460484312179,3.76523001322262,5.26798900508382,0.12,0.71,0.45,2.27241868609662,-6.15837203516395,3.66323941213226,4.57862600618243,0.685945695565938,-0.399661644544363,-1.167233784152,2.33792303784401,27.95887232,0.0523492882219313,0.0527654467779907,0.0779402191222169,0.00554862321661948,0.00565449776667194,0.00202347259266487,0.00045096983656907,249,3
0,28.058992896,accepted,17.364797252387,-0.487245347496531,0.193132494015333,0.779286060348984,-0.344905349188273,0.970991767629498,1.48764944580755,-0.0667481259752183,-6.57797274761286,3.82076431965404,5.23599445345746,0.32,0.62,0.24,2.27241868609662,-6.14094872723101,3.7018624962954,4.54797543654537,0.643041273953391,-0.319454127478452,-1.22659839812309,2.33833628307086,28.058992896,0.0521561849056017,0.0525690016712001,0.0778811274749303,0.00551647468444708,0.0055811259646282,0.00203920076862857,0.000448829404730329,250,3
0,28.157092864,accepted,20.3373434165494,-0.502884596175022,0.195973201523804,0.778842400587412,-0.658561805308556,1.04065440639731,1.53595112456136,-0.0662015235932989,-6.57797270650845,3.86519177589265,5.20464560773448,0.05,0.68,0.18,2.27416401534861,-6.14634963439171,3.74726192301543,4.52186656820287,0.67766451552681,-0.327359358759583,-1.33265660898708,2.34004321622657,28.157092864,0.0519290274644463,0.0523376196706636,0.0777844938437407,0.00543448255478477,0.00550695608932223,0.00203088327055702,0.000446598513771267,251,3
0,28.259224832,accepted,19.2978582211371,-0.495486106397504,0.204162952953042,0.787953960994577,-0.554388427086612,0.723306664861452,1.64759049589795,-0.0684448458797555,-6.56965663652425,3.92072608969496,5.17200829527158,0.21,0.42,0.26,2.27241868609662,-6.14053812665178,3.77542454068062,4.48711564362407,0.735250388348371,-0.2783924813565,-1.36318080267176,2.34042283231789,28.259224832,0.0517744909865365,0.0521803386385044,0.0777427351824971,0.00540242997507467,0.00545935297340816,0.00203623791547836,0.000444522874271468,252,3
0,28.359388416,accepted,19.9090846279373,-0.506288814164902,0.210778643680039,0.787626894463671,-0.485817989859983,0.969601568578971,1.49186998690647,-0.0692668493180397,-6.56965659606502,3.96515354723509,5.14,0.31,0.78,0.2,2.27241868609662,-6.12750688822129,3.83487651772732,4.45341602469926,0.767588442738833,-0.155516620097325,-1.26765304076374,2.34161479911358,28.359388416,0.0515093899295152,0.051910094708489,0.0776268203013354,0.00541291462099128,0.00541835118775905,0.00205024712143136,0.000442104477391963,253,3
0,28.457515008,accepted,16.0656711240614,-0.510129625555178,0.202218331219082,0.793514321006507,-0.437284037579788,0.888589706953274,1.2439910688379,-0.0692737714442493,-6.5696565450071,4.02068786801043,5.12330693256494,0.32,0.67,0.02,2.27416401534861,-6.1206702787087,3.89698258353195,4.4223784863914,0.730839578813367,-0.18558134739328,-1.20209269810873,2.343281911477,28.457515008,0.0511407804544108,0.0515327026221192,0.077438000379924,0.00531753179559912,0.00534279263738554,0.00201379827475542,0.000439641714895162,254,3
0,28.557621504,accepted,18.5490599711733,-0.479826592012412,0.215593237062244,0.801657972881895,-0.406832578500696,0.999034720175653,1.41370564590856,-0.0704133806785663,-6.52807636803208,4.09843587957322,5.10627704846975,0.31,0.83,0.25,2.27416401534861,-6.1035891920826,3.96393636744649,4.39997671589097,0.692579720854213,-0.13520857671731,-1.14163017841472,2.34423765411596,28.557621504,0.0509081491911921,0.0512945482473042,0.0773286944771968,0.00528922806159703,0.00528723288886205,0.00200285699707236,0.000437304744596908,255,3
0,28.657765376,accepted,17.5920274509568,-0.489987017069227,0.21319955529259,0.803059130253876,-0.61184768994113,0.89498354745239,1.43259032019522,-0.0711430256667414,-6.5197602868113,4.16507705851156,5.08924080605644,0.16,0.81,0.33,2.27416401534861,-6.09596514386791,4.02035089710278,4.3782150255837,0.742972721712583,-0.0566215970812299,-1.08068921391367,2.34543868327586,28.657765376,0.0507474181844906,0.0511314792792595,0.0772559912616186,0.00529749846112012,0.00526308357747538,0.00201270289860156,0.000434896384502,256,3
0,28.75791616,accepted,15.2702727518471,-0.463261143688644,0.229743177968241,0.799530245714791,-0.170366702549117,0.943816151553789,1.18462798908877,-0.0725101120381781,-6.48649613393867,4.24282507788602,5.07220338778978,0.56,0.8,0.16,2.27416401534861,-6.06121795363741,4.09729925537789,4.36036539789537,0.713737298037318,-0.109088690206944,-1.00515731289537,2.34607232779984,28.75791616,0.0504360093281298,0.0508116731920533,0.0770905752296306,0.00519225582210572,0.00519442213608803,0.00197775692207566,0.000432488219201847,257,3
0,28.876037376,accepted,19.9148888335489,-0.432055703013685,0.275088763715901,0.815980950998823,-0.27336024287566,1.44737582548446,1.28462463026023,-0.0739699053560869,-6.41165184791544,4.35389365239162,5.05210888145861,0.45,1.19,0.22,2.27416401534861,-6.01891279197477,4.18148378912576,4.31560371760355,0.706467098858366,-0.215254354977402,-1.04679115356307,2.34775233321466,28.876037376,0.0507339797907755,0.0511128576037324,0.0773474189711467,0.00511679041662083,0.00517975266542809,0.00194932615936394,0.000431225392589066,258,3
0,28.956143872,accepted,11.7351711580464,-0.456723105031562,0.268787454142232,0.80631768381735,-0.204074764210043,0.877328025910543,1.0350978763349,-0.0751928108096807,-6.41996779823013,4.43164171012008,5.03848135081213,0.42,0.68,0,2.27416401534861,-6.00013081158947,4.23737525410729,4.30713060395208,0.608755799012885,-0.167248638096405,-1.01863557844488,2.34850227888995,28.956143872,0.0500281907284603,0.0503953151681201,0.0768506206619466,0.00504104586707947,0.00506724630514752,0.00194056829474135,0.000428151132481061,259,3
0,29.058326528,accepted,14.3911360686116,-0.429283540604319,0.30134171360594,0.83444067663353,-0.099336955193588,0.878669863171592,1.40347977028017,-0.0752471283955947,-6.37007159730942,4.52049658119104,5.02109827521014,0.38,0.72,0.18,2.27416401534861,-5.96926388860862,4.28432178178781,4.26889085837428,0.467552860846631,-0.132694790308041,-1.20596400409453,2.34791479243934,29.058326528,0.0499856366878043,0.050353106453005,0.076832899358009,0.00500122541687751,0.00499302213462663,0.0019469440685179,0.000426186433327137,260,3
0,29.158477824,accepted,14.7811819924324,-0.436969430043401,0.340917023632641,0.863373850657064,-0.123959700495467,0.974190628204783,1.30941061164976,-0.075007777847369,-6.36175549813179,4.60935148631271,5.00406076984323,0.3,0.8,-0.03,2.27416401534861,-5.95515273901154,4.34363778058353,4.22301707689868,0.411623686744647,-0.144199524895787,-1.32167144632018,2.3476042723272,29.158477824,0.0498623304010811,0.0502274274052233,0.076756632545856,0.00493685495178252,0.00493191637585608,0.00194489289117263,0.000424130886351154,261,3
0,29.258590976,accepted,14.8423959079723,-0.427656606399307,0.381085783423927,0.892856872524814,0.0446419924315807,1.07013929698897,1.32338754521828,-0.0744339167708841,-6.35343938708698,4.70931325889473,4.98702975344482,0.2,0.95,0.06,2.27416401534861,-5.94446329810883,4.40517237477921,4.17162464284003,0.148449080869609,-0.0893356383756791,-1.24741764893405,2.34621205467383,29.258590976,0.0497948565136498,0.050159327162902,0.076712392711862,0.00495107945300427,0.00494919018475245,0.00194979436316768,0.000421981132008978,262,3
0,29.358696704,accepted,14.7708175814123,-0.396798000096806,0.411500948362248,0.920920764006196,-0.162001147153944,0.99711119167667,1.37010460820268,-0.0730713282644198,-6.32849123895947,4.8092750146702,4.97,0.08,0.85,0.1,2.27416401534861,-5.96164300528692,4.47138849833293,4.13025093053839,0.229769495071321,-0.118263988864542,-1.25267350667405,2.34541328068476,29.358696704,0.0497396814160474,0.0501008834363001,0.076674415103459,0.00490556775913944,0.00489530124411689,0.00195327590295797,0.000419937229369443,263,3
0,29.456879104,accepted,16.625191623879,-0.365971149361951,0.454570663665669,0.995789609438848,-0.189203532629934,1.25314873899658,1.31391989441803,-0.0726116136534238,-6.31185912087016,4.89812991366587,5.00929367185161,0.06,0.85,0.25,2.27416401534861,-5.97495083717775,4.53260123240142,4.09221342454292,0.236727860321877,-0.368290942087693,-1.0471587879348,2.34496835077457,29.456879104,0.049654491571133,0.050012870935104,0.0766083538947474,0.00479385929219771,0.00489222467039458,0.00189728758062743,0.000418082714480976,264,3
0,29.559017728,accepted,9.86431175091023,-0.35215946096509,0.476299211804949,1.05317908363055,-0.0386521289789285,0.807875118528675,1.02180293821977,-0.0734929212973645,-6.30354303231312,4.97587795682288,5.05017066787972,0.19,0.51,0.15,2.27416401534861,-5.97109609774787,4.56951091990686,4.06827536216039,0.220306365777319,-0.271308754882872,-0.857204503807025,2.34589022292844,29.559017728,0.0495761164326359,0.0499348342246087,0.0765574257499904,0.00483295203148961,0.00488348730828193,0.00192704837242527,0.000416249724164311,265,3
0,29.65913216,accepted,13.7705989761899,-0.293043104893296,0.516018560187603,1.10575192963884,0.202838297165381,1.04926845769512,1.0622480434473,-0.072668406412268,-6.23701480531887,5.05362594859882,5.09023756009888,0.46,0.7,0.27,2.27590934460061,-5.94588913056107,4.62861258471134,4.05954547024414,0.255422195814262,-0.314176199277831,-0.777363029655783,2.34646697987783,29.65913216,0.0494111328857905,0.0497666712634546,0.0764415935253779,0.00477857115392258,0.00483897760288038,0.00192234856400536,0.000414381010917417,266,3
0,29.759231744,accepted,11.7905293217632,-0.261468648889424,0.534907814319549,1.13975868554475,0.387296790482324,0.879379710039518,1.03050613032319,-0.0722443079549473,-6.18711862083276,5.13137395525354,5.13029850998581,0.53,0.6,0.37,2.27590934460061,-5.91462045774091,4.6736977224237,4.06083422210513,0.146572401201145,-0.249976930884198,-0.647428583521553,2.34560774084108,29.759231744,0.0492773458074528,0.0496323166303862,0.0763439385170773,0.00478967287781686,0.00482663023754927,0.00193587593225308,0.000412446215662657,267,3
0,29.87542144,accepted,15.0294656317321,-0.249169023221913,0.568556733408359,1.19049937248601,-0.233777386116904,1.16031378772864,1.15727336022573,-0.0708828961661698,-6.14553846432464,5.19801510538594,5.17679889892682,-0.05,0.63,0.51,2.27590934460061,-5.9243239568158,4.7228940894341,4.06597417291944,0.170615414998057,-0.494940044382559,-0.630354316995823,2.34505598797973,29.87542144,0.0495521815545397,0.0499099912450509,0.0765585172663527,0.00469249349745971,0.00480849773463636,0.0018948311004576,0.000411455179909945,268,3
0,29.957595392,accepted,11.7748277093767,-0.224676753557519,0.576447374080471,1.19562743029469,0.112741611857971,0.867948086363098,1.19980467637193,-0.0691917792033716,-6.13722239683304,5.25354941955869,5.20968581455159,0.17,0.32,0.53,2.27590934460061,-5.91906238178602,4.7490153019936,4.08964378837222,0.0530192338478161,-0.521208471525398,-0.654996623485073,2.34300333088409,29.957595392,0.0491026048465462,0.0494551002805138,0.0761954846959957,0.00462149573414979,0.0047532469868232,0.00187904743302306,0.000409084924762326,269,3
0,30.057725184,accepted,14.3075927489357,-0.214320426749686,0.606136336766272,1.22694133026794,0.177974075752364,1.04893838786221,1.24581509814895,-0.0666419733907184,-6.12890633967623,5.2979768689421,5.24975885401098,0.19,0.47,0.56,2.27590934460061,-5.91707714138215,4.77577946348823,4.10096780891557,0.00920935479821131,-0.547388136919121,-0.670470633612689,2.34025342684795,30.057725184,0.0490554823219093,0.0494102288038574,0.0761474739606745,0.00458461883253859,0.00471957311168389,0.00187697483055512,0.000407462642333436,270,3
0,30.157830144,accepted,16.2340208806812,-0.232819710466101,0.638875242358442,1.25339667875639,0.0585488762428402,1.13276720988852,1.20161445537767,-0.0660014688618489,-6.1538543495687,5.35351121100209,5.289821955432,-0.12,0.55,0.51,2.27590934460061,-5.93061884986643,4.81237232642782,4.1209370864348,-0.184285487817809,-0.545371259119238,-0.674602370348609,2.33905896343247,30.157830144,0.0489307100310668,0.049285903236893,0.0760508024070794,0.00454207725371782,0.00471542392969526,0.00186717473123535,0.000405676798451233,271,3
0,30.258014208,accepted,16.2896292371951,-0.170555375208481,0.665512767426693,1.27725303051617,0.299728121033908,0.722252805741213,1.47405517000561,-0.063875128898728,-6.12059021561598,5.42015236868603,5.32991671514021,0,0.16,0.83,2.27590934460061,-5.94447587153308,4.82506224485765,4.14682201010325,-0.299994794781611,-0.536038838015927,-0.626014737023767,2.33685018656777,30.258014208,0.0488274739493253,0.0491828427307939,0.0759687650200916,0.00451766641655665,0.00471047969700835,0.0018677962274306,0.000403841056529248,272,3
0,30.358170112,accepted,14.1602230242393,-0.1191403312673,0.666740828596116,1.28635158931808,0.837080850764672,0.595119667419637,1.22810779906303,-0.0632628450671993,-6.11227417783105,5.44236609032712,5.37000012807852,0.18,0.15,0.62,2.27416401534861,-5.95367292168603,4.83390861731077,4.15744343809658,-0.642491823418915,-0.422484576498461,-0.595767661752919,2.33376141705703,30.358170112,0.0487720709183419,0.0491288338860327,0.0759183833970764,0.00453686164666454,0.00485051775192603,0.00188377458890352,0.000401591003953515,273,3
0,30.456326144,accepted,11.971780658228,-0.1149255363131,0.656676484619595,1.29580166938098,0.571698991225693,0.524924227778139,1.19139001342383,-0.0591633561930194,-6.1289062066465,5.45347296861556,5.39455419066537,0.03,0.14,0.59,2.27590934460061,-5.98855760095182,4.85276544645068,4.17639890883568,-0.532862269071258,-0.364036494558029,-0.587562319755189,2.33182393391389,30.456326144,0.0486401508471258,0.0489953293090691,0.0758141797898427,0.00452761821820897,0.00471860554456729,0.00190778588540064,0.000399343278722947,274,3
0,30.558454528,accepted,21.6826455679843,-0.0970385619292431,0.681894210830153,1.30544598415682,0.197192751800669,1.07294278534914,1.39905103934543,-0.0567216479259747,-6.13722219703184,5.48679356932768,5.42010195050789,-0.34,0.54,0.8,2.27590934460061,-6.03646645847882,4.91097088194996,4.22009356006187,-0.538782684015203,-0.491765532405402,-0.577875846623191,2.32852276816418,30.558454528,0.0484550108195636,0.0488046740512337,0.0756963785264599,0.00441693394457453,0.00463394172287006,0.00187457179867824,0.000397257003414431,275,3
0,30.658579712,accepted,16.5622056708783,-0.0258254925693917,0.677506145411668,1.28441760065433,0.64624329650876,0.603488810481481,1.42482902107801,-0.0539516167181158,-6.12890613032469,5.54232788426576,5.44514860311153,-0.11,0.16,0.87,2.27590934460061,-6.07104174302578,4.92665767268542,4.24930963653682,-0.745825803905716,-0.419798532891622,-0.538729176325143,2.32609977576609,30.658579712,0.0483651868004238,0.0487143880047263,0.0756342594866537,0.0044190745449164,0.00469672878715444,0.00188610407966596,0.000394960899952944,276,3
0,30.758739712,accepted,15.4760164175609,-0.0272549285071282,0.655678548703222,1.27685246840429,0.643705166413795,0.395621090413735,1.49119171831751,-0.0519501224049366,-6.17048622728754,5.54232792015637,5.47020396505505,-0.03,0.01,0.85,2.27590934460061,-6.11462076315702,4.93330776949782,4.28065558746026,-0.664515517304856,-0.368645355555158,-0.625209805627993,2.3246296104307,30.758739712,0.048324589829748,0.0486749152414721,0.0756090189691761,0.00440410410125338,0.00457713751864507,0.00191167566331232,0.000392829263373226,277,3
0,30.874868992,accepted,17.6185986114043,0.00166175231195176,0.649828866977482,1.29137566475933,0.509356340852462,0.387941315820882,1.64409095244428,-0.0501077285887614,-6.19543428484352,5.54232794141728,5.49925409627151,-0.26,0.03,1.07,2.27590934460061,-6.17549357712874,4.93975724430678,4.30609609890003,-0.76339637331485,-0.340693631254334,-0.555387601194777,2.3226676015461,30.874868992,0.0485993680011595,0.0489536369155138,0.0758545405499787,0.00443294567894862,0.00460300957147044,0.00193027878225468,0.000391158162368322,278,3
0,30.957013248,accepted,15.7890406160933,0.00582216486972165,0.643522524083214,1.25878853446497,0.408680158742639,0.478137035190015,1.49571021674377,-0.0476167198297954,-6.23701436966798,5.55343484140119,5.51980275906764,-0.42,0.08,0.99,2.27590934460061,-6.22522919672933,4.96348287627275,4.35580241543432,-0.82428362927211,-0.378333062967983,-0.487434004055041,2.32018655734544,30.957013248,0.0481181005806383,0.0484635383965411,0.0754961310711505,0.00436153502414967,0.00455268022960137,0.001914289288428,0.000388153626227693,279,3
0,31.057146368,accepted,14.9156697102362,0.0502928750585632,0.614234435773236,1.23155893048723,0.892014367644148,0.195416237010756,1.46492652947348,-0.0467601498378549,-6.26196243859251,5.54232799934518,5.54485139688845,0,-0.19,0.98,2.27416401534861,-6.27128903909058,4.96002126206174,4.39016914093058,-0.877889721549632,-0.374069938047026,-0.471499196996997,2.3177983148359,31.057146368,0.0481490107979734,0.0484950725255441,0.0755345406563764,0.00435899549040861,0.00454170985857484,0.00192515180993437,0.000386019676423275,280,3
0,31.159305984,accepted,18.1105579995666,0.10351482353289,0.657467649497357,1.22824673901008,0.65679953975745,1.02179665058022,1.35379098084187,-0.0446692963648756,-6.26196240927442,5.57564859135305,5.57040696952115,-0.31,0.59,0.86,2.27416401534861,-6.33020093979564,5.00135558101973,4.4225483046877,-0.955101519087126,-0.399560545881413,-0.478599838933831,2.31442379122246,31.159305984,0.0481559121600555,0.04850224499986,0.0755695588742172,0.00431885900010613,0.0045310419710638,0.0019211212736033,0.000383823713508461,281,3
0,31.25744512,accepted,15.6114172676825,0.138443061271339,0.620132021435566,1.23480221729152,0.925484783762127,0.104651740182528,1.47092840783725,-0.0408135564484504,-6.29522647569313,5.58675548496455,5.5949568055166,-0.19,-0.24,0.73,2.27416401534861,-6.3873161266871,4.99436444805642,4.43880765132518,-1.09967201494637,-0.334435471782254,-0.727103623887516,2.31174410208013,31.25744512,0.0481239628638515,0.0484706891552329,0.0755708577434077,0.00429505950010167,0.00454337721722718,0.00194047906556327,0.000381343551038022,282,3
0,31.357555968,accepted,18.5119537890796,0.153675509997384,0.621129352447552,1.25189956153662,0.629574133031182,0.319622425619376,1.49593175916534,-0.0414778437830101,-6.3451225989477,5.57564866460889,5.61999987192147,-0.59,-0.05,0.75,2.27241868609662,-6.45904422917142,5.00010292827663,4.47044043821448,-1.20698440071744,-0.351603331972931,-0.726402867169561,2.30975830401029,31.357555968,0.0479431009480819,0.0482863594596946,0.0754807891056559,0.00424069259296773,0.00452885725734462,0.00193392465415905,0.000378378779151182,283,3
0,31.457682944,accepted,20.8436415428943,0.197029033262065,0.63214214824408,1.20693892315364,0.894383808474306,0.615186203898883,1.47806026330696,-0.0397258582785356,-6.3867026755195,5.59786243108993,5.59700516197571,-0.4,0.28,0.72,2.27241868609662,-6.52783037030408,5.02892601259622,4.48260653540841,-1.27476986725386,-0.309460060216895,-0.740670960817117,2.3069846590066,31.457682944,0.0478281782358165,0.0481697563915793,0.0754370172694663,0.0042246456246186,0.0044994860894449,0.00194524786042012,0.000375493373411324,284,3
0,31.557862912,accepted,15.2141348752937,0.213927907885765,0.59422310867911,1.1632836699458,1.2298108232029,-0.0301431050860283,1.22165765883949,-0.0363152429648155,-6.44491482080895,5.58675561837988,5.5739980363327,-0.13,-0.38,0.48,2.27241868609662,-6.59430471262533,5.01181681246361,4.47410500928899,-1.33683226049537,-0.342543315209609,-0.731508065957835,2.30545742495866,31.557862912,0.0478518695449668,0.0481959602095305,0.0754910809185536,0.00420329331761321,0.00449566358165916,0.00194636909164064,0.000372990668485567,285,3
0,31.658048,accepted,15.9060269074622,0.232229279809363,0.595313220305051,1.15054219181788,0.613895716921212,0.220269300829086,1.33072110053699,-0.0332066271676501,-6.4948109444594,5.57564879931334,5.55098973484101,-0.71,-0.09,0.59,2.27241868609662,-6.68319400852366,5.01876730864963,4.49648606147867,-1.30965344857936,-0.295375019174645,-0.722309580152853,2.30163425964858,31.658048,0.0476330097687882,0.0479731446797768,0.0753808714077414,0.00418369944150666,0.00437207926972449,0.00195391558893316,0.000370004324122618,286,3
0,31.758156032,accepted,21.1061778336973,0.297729905244617,0.614615505540474,1.09924060589267,1.05089653911783,0.682640807811237,1.40360637196899,-0.0292069553722927,-6.52807498957796,5.60896942274375,5.52799912987197,-0.38,0.48,0.73,2.27241868609662,-6.7587777688951,5.05907334866106,4.51218188372948,-1.40609875978515,-0.176256250701265,-0.658027368326184,2.29592249728753,31.758156032,0.0475516758442945,0.0478914771535341,0.0753685455497204,0.00423996519621167,0.00438280115393368,0.00196846128977418,0.000367107481560167,287,3
0,31.876294656,accepted,16.3723935394358,0.382233292886745,0.5879436287414,1.07110257202956,1.31101618081399,0.0514699342286433,1.22555122988113,-0.0253837476405043,-6.54470700935632,5.63118316606927,5.50086765618593,-0.09,-0.15,0.5,2.27067335684462,-6.85237201384568,5.06703267531023,4.49212351053213,-1.37427586394401,-0.192383142001104,-0.715371097932037,2.29208683761598,31.876294656,0.0479429184038537,0.0482852199069347,0.0757475716931486,0.00424042305749857,0.00432107785680551,0.00196325073883287,0.000365265341491936,288,3
0,31.956467968,accepted,17.0312207320541,0.366373310365647,0.548477217925653,1.04940820706345,0.982937612492641,-0.13508655010138,1.38897391800204,-0.0224522584704152,-6.59460315367633,5.59786261950816,5.48245521805858,-0.33,-0.35,0.62,2.27067335684462,-6.89907245608812,5.06138704820857,4.51197618780805,-1.29184794787199,-0.210820191970504,-0.754946244484341,2.28963251137415,31.956467968,0.047469106192072,0.047803859499297,0.0754125656918133,0.00416797773507824,0.0041750598414207,0.00194180165846339,0.000362059967992497,289,3
0,32.05860992,accepted,17.2829589560631,0.391953981055701,0.55227885227373,1.02953102616076,0.911943289951917,0.242807874063081,1.43462372039218,-0.0208037969359887,-6.63618324807302,5.59786265798675,5.45899750720079,-0.3,0.11,0.66,2.27067335684462,-6.96940427978082,5.08069756202243,4.51203723409076,-1.19144692037068,-0.120156080215021,-0.759276191934483,2.28726459334153,32.05860992,0.0474492718880253,0.0477807677038244,0.0754656723359951,0.00421400338105778,0.00405902002097998,0.00195277988825393,0.0003596428822958,290,3
0,32.1587392,accepted,14.9416901314596,0.410319096271862,0.565033299339679,0.99965135817192,0.819719493816694,0.592739208467707,1.28613778507969,-0.0171210542022493,-6.66944729473857,5.63118328098258,5.43600202245973,-0.19,0.41,0.51,2.27067335684462,-7.02733621263272,5.12053800457153,4.5087772495341,-0.991835190215787,-0.164044697447975,-0.762685053633599,2.28399642160268,32.1587392,0.0474259138024632,0.0477501232201128,0.0755139537363885,0.00415512199674544,0.00391935226935682,0.00193584346332659,0.000357550935138472,291,3
0,32.258881792,accepted,12.544855146274,0.426137013455917,0.571391861948816,0.985131853703839,0.848178807567324,0.395185314347115,1.11176580383633,-0.0150652369269002,-6.7027113188136,5.68671763397309,5.4130034805121,-0.16,0.44,0.34,2.26892802759263,-7.07115305518647,5.15966736070625,4.4947182825685,-0.987095271087346,0.0595997789862294,-0.759567630839464,2.27990739267788,32.258881792,0.0473640849478374,0.0476801472589723,0.0755382586104714,0.00431539962652699,0.00387200925710501,0.00197604670984217,0.000355016872194953,292,3
0,32.35904512,accepted,12.3231652796455,0.436449048438848,0.564537105013813,0.9716218977805,0.988779587681966,0.310063505908656,1.13797102025813,-0.00973424579702575,-6.73597535218966,5.73114512278593,5.39000017637731,-0.01,0.38,0.37,2.27067335684462,-7.11283181220196,5.20308759568435,4.47889838355795,-0.976964671556151,0.0815768460025958,-0.757303407487973,2.27653677816602,32.35904512,0.0473866175116898,0.0476876170862005,0.0756224288039019,0.00432122842272531,0.00383498285942215,0.00196996026831659,0.000352702765717602,293,3
0,32.457234176,accepted,9.42444025478672,0.43445787220414,0.544884994791531,0.86426253091896,0.901837776016511,0.078886967756843,0.773668596691991,-0.00672740271297823,-6.77755541611714,5.76446575499609,5.27875689896575,-0.09,0.27,0.18,2.27067335684462,-7.14341633765587,5.24415386325028,4.46568630483618,-0.965540833253956,0.198266389102253,-0.585121094073861,2.2732084273888,32.457234176,0.047215777576281,0.0475040252537037,0.0755607653110005,0.00442532254633019,0.00379981389974555,0.00198103765235437,0.00034964417710549,294,3
0,32.55734912,accepted,6.64223788641404,0.429022454609752,0.554275278077816,0.741825034688663,0.764160113172654,0.382347478528565,0.45480843521062,-0.00789494155232617,-6.81081943838857,5.82000010798527,5.16533097967046,-0.15,0.54,0.1,2.26718269834063,-7.17563085293041,5.31109302409525,4.45686630613633,-0.889608523003653,0.171938005147281,-0.349857883037918,2.2713370648364,32.55734912,0.0470519916680951,0.0473249228794279,0.0755036537680739,0.00438895390393978,0.00375812358127203,0.00195931123538784,0.000346609625735822,295,3
0,32.657480704,accepted,5.80586210943042,0.43841336931366,0.548253811985011,0.633715070488079,0.851088645659421,0.300696977858693,0.444907805328277,-0.010632891347794,-6.81913540399121,5.87553443643571,5.05188620797191,0.07,0.44,0.17,2.26369203983665,-7.19840288672911,5.36224390256294,4.44443675166333,-0.758956295485849,0.149250164614132,-0.271310804016121,2.27117465925855,32.657480704,0.0470343062502245,0.0472869090814286,0.0755460608651246,0.00435685633636891,0.00371523205358737,0.00195577727969999,0.000344110081099479,296,3
0,32.757637376,accepted,4.43468775545596,0.424537897952537,0.529449601234016,0.526292904801822,0.71277670868401,0.211535214925546,0.343426303498755,-0.00919386169022385,-6.85239944641166,5.90885506202439,4.93841301264997,-0.08,0.42,-0.07,2.26369203983665,-7.22017378790186,5.41042581103022,4.43469669696907,-0.771343482740329,0.217027596976347,-0.410350292683689,2.26982759311485,32.757637376,0.0469324679593507,0.0471683712087605,0.0755196756029877,0.00435718572872562,0.00365020697979019,0.0019751189316787,0.000341296782975526,297,3
0,32.871771648,accepted,2.6636374705857,0.408000403466948,0.512063584782459,0.418690990321678,0.499110719999517,0.0834713573248172,0.21465184663533,-0.00557496366685184,-6.89397950970856,5.94217569586417,4.80910379858601,-0.23,0.25,-0.09,2.26369203983665,-7.24991677846748,5.45372967107218,4.40802003787183,-0.709849790097153,0.172252218169482,-0.302442035738848,2.2666677436137,32.871771648,0.0469099203807506,0.0471309336247826,0.0755947003937295,0.00428546580372838,0.00360819821013657,0.00197947025072686,0.000338504170517617,298,3
0,32.957878272,accepted,4.75208519758492,0.422781402992333,0.504611727728222,0.330543110131054,0.763465284049567,0.321115321646293,-0.16138179487652,-0.00363179972946215,-6.88566346946753,5.9643894150842,4.71154870246955,0.15,0.21,-0.39,2.26194671058465,-7.24523618068799,5.49563823716093,4.37143036521923,-0.590660123531033,-0.100997991817174,-0.232541266010503,2.26348449414894,32.957878272,0.0465187109714009,0.0467225820059957,0.0753201362598848,0.00399081690976921,0.00356165839404071,0.00192261079213609,0.000336002869495083,299,3
0,33.058004992,accepted,3.20238707304435,0.419743555334838,0.509310874308509,0.254769357370893,0.570550685068186,0.371732038524281,0.166747848837905,0.00305281369313848,-6.89397945599635,5.99771001647597,4.59810944147349,-0.21,0.39,-0.27,2.26194671058465,-7.26706704974089,5.52691462091082,4.35236743665367,-0.764280422381688,0.0294889827293932,-0.435917333499758,2.25693263493859,33.058004992,0.0464409065159315,0.0466304609974019,0.0753088597068406,0.00403701675451735,0.00349224178316146,0.00195207572095896,0.000333877611245031,300,3
0,33.158175744,accepted,2.92428504555151,0.41297474283075,0.481883520764891,0.189207183657872,0.65140392278136,-0.146735244528532,0.311901715289953,0.00713596953765805,-6.9355595266441,6.01992378555472,4.48462029411802,-0.2,0.07,-0.32,2.26194671058465,-7.30496098121523,5.54661222475778,4.30860743778666,-0.83585552618261,0.217480569510739,-0.630029014543463,2.25282820430309,33.158175744,0.0464768601461566,0.0466444877929729,0.0753897200375003,0.0041805809222485,0.00344400876319944,0.00200814440420219,0.000331619975184126,301,3
0,33.260302848,accepted,11.5145072794516,0.507690878262635,0.494112059129818,0.125202775984881,1.28524485681211,0.0606517907194898,-0.00884632347653991,0.0084669648125768,-6.89397939195665,6.06435120230063,4.36891468421262,0.28,0.28,-0.63,2.26194671058465,-7.29689560908727,5.59085291128677,4.23644767173682,-0.964673123689404,0.224737165696338,-0.624801059350796,2.24867971727765,33.260302848,0.0463544622844903,0.0465044070270008,0.0753540503133921,0.00414912479692735,0.00341951862996087,0.0020053093890136,0.000328731956948708,302,3
0,33.356436224,accepted,1.80749923312432,0.443688535440857,0.468067954363653,0.0825291776786505,0.45254388214701,-0.0337974168382197,0.275901556833823,0.011628112840854,-6.93555947293918,6.07545810728474,4.25999982107483,-0.39,0.01,-0.28,2.26020138133266,-7.34232791959523,5.62056973997669,4.18927556966257,-0.830444476606762,0.0461897887822872,-0.553996615255703,2.24713260709786,33.356436224,0.0462634578611912,0.0463872060604602,0.0753254335341004,0.00396802812186759,0.00337277602608056,0.00197611509709702,0.000326484656592996,303,3
0,33.45857536,accepted,10.6883416569109,0.501385739893048,0.449773298928812,0.0442838419245151,1.20403848700426,-0.143601470093529,-0.0619610431606855,0.0126960126890205,-6.93555946222313,6.08656497163199,4.18861207744903,0.28,0.06,-0.39,2.26020138133266,-7.33476414132544,5.64108230831913,4.13275773494601,-0.884538750161989,0.202900901087959,-0.332565772956693,2.24301888266388,33.45857536,0.0461148406268369,0.0462275454833806,0.0752644737260622,0.00412544025447438,0.00336315450570776,0.00201455052042174,0.000323572654046466,304,3
0,33.558760448,accepted,2.33045734310288,0.485225043457602,0.467609072973697,0.0166750268439673,0.516856439296723,0.22196586936796,0.0735050271126949,0.0136331508111422,-6.93555942981836,6.11988556423781,4.11859006965301,-0.31,0.3,-0.17,2.26020138133266,-7.37334824085621,5.68057459845551,4.10256929946108,-0.810667815854777,0.0856179787116253,-0.244075955590884,2.24481043813629,33.558760448,0.0460122261222289,0.046106842564489,0.0752288793407301,0.00399037463573491,0.00332959433568377,0.00199506699135421,0.000321025232203723,305,3
0,33.658899456,accepted,2.97494730797311,0.469638020453416,0.451741502937774,-0.0214261212817952,0.567259394441319,-0.0538663830119819,0.243100182597912,0.0146328426511468,-6.98545552017685,6.14209934105493,4.04860026838775,-0.39,0.13,-0.06,2.26020138133266,-7.40248575087531,5.70098385715508,4.08102557560997,-0.938485848370961,0.185416382612833,-0.301330154533178,2.24317995346685,33.658899456,0.0458429360666849,0.0459265903711959,0.0751412029577748,0.00403673918184889,0.00328151171352065,0.00201543737002705,0.000318130485806598,306,3
0,33.757001472,accepted,4.15907850924801,0.456217064258738,0.402845213787028,-0.0793383797723664,0.826787533240515,-0.464173790579671,-0.167412271973264,0.0176301532170764,-7.03535165172789,6.11988566160616,3.98003417470765,-0.06,-0.34,-0.31,2.26020138133266,-7.44269240256658,5.71018086364469,4.04833617509135,-0.869471263236659,0.119861773359993,-0.14580553164509,2.24098884263986,33.757001472,0.045933173141933,0.0459813854759912,0.0752539130866579,0.00401208243346303,0.0032838799501812,0.0020171470406348,0.000316255298372758,307,3
0,33.873137152,accepted,4.55685123338936,0.508341968042147,0.367982429020218,-0.12177528455999,0.737618094649482,-0.579998646949084,0.0793884813828999,0.0213101176444037,-7.03535167379788,6.09767193101086,3.89886387628601,-0.08,-0.44,-0.19,2.26194671058465,-7.49283404187214,5.71401490312143,4.01864654355107,-0.799831916579858,0.132574656549445,-0.270510337864022,2.2387568062577,33.873137152,0.0463036135290773,0.0463056441390625,0.07562639094978,0.00402912120829413,0.00325662122250437,0.00203681398678143,0.000314664209948059,308,3
0,33.959295488,accepted,1.68305602478528,0.507253864220816,0.352449985769593,-0.162664834430847,0.289198671387575,-0.178999027445165,0.184354274665711,0.0232413422975757,-7.05198373207068,6.07545822092347,3.838645536456,-0.47,-0.06,0.09,2.26194671058465,-7.51834928915822,5.71778993114783,4.01170914244952,-0.745503202669764,0.115063816456417,-0.0923280124386048,2.23702295000535,33.959295488,0.045619528885017,0.0456427391670594,0.0750964620422914,0.00394574187173073,0.00320376653155187,0.00200643727099421,0.000310817326650255,309,3
0,34.059424768,accepted,3.23686478013401,0.496356838873379,0.338208552375635,-0.233393633518484,0.542392612349734,-0.153937567318864,0.182928080813266,0.0248940849296155,-7.10187984464572,6.07545827050614,3.76866253434724,-0.27,0.08,0.12,2.26194671058465,-7.5393012215571,5.73537051771102,4.00828324074471,-0.790851286996264,0.230994682150257,-0.0618981557020584,2.23433200061723,34.059424768,0.0453288007956992,0.045351521605524,0.0748934080218483,0.00400645260592565,0.00314899722979641,0.00200450373266236,0.000307414490981732,310,3
0,34.157554432,accepted,2.75618686732584,0.481793027770181,0.332894668685698,-0.314589799094844,0.625052102215141,-0.0398323388293704,0.100385499751196,0.0264906221271439,-7.13514389649185,6.09767202983925,3.70007711674867,-0.2,0.31,0.2,2.26020138133266,-7.56494196398297,5.77239854610133,4.01174295383947,-0.806057258248069,0.350370551750612,0.0988846604045985,2.23146647051218,34.157554432,0.045234412298449,0.045234252865099,0.0748391337999995,0.00413323775298389,0.00314099388055444,0.00201140976819735,0.000304478156348011,311,3
0,34.259713536,accepted,1.49742425970756,0.443143417330018,0.291804671857257,-0.3975353977112,0.273315977479721,-0.28575150297955,0.00437443106700536,0.026503223590808,-7.18504000855365,6.09767207993952,3.62867541695955,-0.18,0.01,0.25,2.25845605208066,-7.59330558757136,5.79287620525893,4.01864663586834,-0.440885807224788,0.289136280364483,0.244170366160037,2.23051639039214,34.259713536,0.0450422811233096,0.0450321071927006,0.0747027153818253,0.0040388015500223,0.00318060205902291,0.00199686466986635,0.000300929609444474,312,3
0,34.357971968,accepted,0.815837006365504,0.41617580653419,0.283191729287268,-0.483716517819366,0.264049763911401,-0.00591262962191497,-0.0890691601949673,0.0266485327154662,-7.22662008864168,6.10877898708324,3.56,-0.27,0.35,0.13,2.25845605208066,-7.61061615640539,5.83320296371786,4.02775089101012,-0.523328863759601,0.356902768815644,0.215898826637652,2.23093554188343,34.357971968,0.0448313206996564,0.0448088564375273,0.0745335955476524,0.00404756265781404,0.00310900662129082,0.00198471978645183,0.000297429432472473,313,3
0,34.458205184,accepted,1.7155343420192,0.377837280793885,0.245611459797409,-0.536936138719478,0.460120609943562,-0.182633160702587,-0.100623064901696,0.0264696992434317,-7.28483220738133,6.11988591117479,3.52089459991236,-0.04,0.3,0.23,2.25845605208066,-7.62456710919477,5.87133103894571,4.04187819811954,-0.485975050516443,0.479734834490676,0.3275388878379,2.23046239859319,34.458205184,0.0448176612351247,0.0447633358478628,0.0745251574547745,0.00418303205209753,0.00311342017099743,0.00200879017483668,0.00029443178480544,314,3
0,34.55832704,accepted,1.7306541062886,0.370412500638201,0.236821438236863,-0.584013000813106,0.486872904008927,-0.100876103987189,-0.0234955706942578,0.0279515032186857,-7.30146421027027,6.15320652143288,3.48183264627419,-0.03,0.31,0.14,2.25845605208066,-7.63208066083556,5.91754799256254,4.05272373994812,-0.502430091318782,0.409351377778669,0.161139882438979,2.22891479996556,34.55832704,0.0447896063417624,0.0446992437819144,0.0744997653544682,0.00403816995629887,0.00305100412805578,0.00198123261135421,0.000291585009304227,315,3
0,34.658471424,accepted,0.580959773106192,0.345261591488659,0.231997570976812,-0.631774431493209,0.162297298464372,0.155217450879063,0.0619864224982972,0.0291355694419582,-7.32641223144031,6.18652713944658,3.44276190346923,-0.13,0.38,0.31,2.25845605208066,-7.65202051150905,5.97049954887998,4.06566707620096,-0.287012329689009,0.229012591264042,0.246900498413975,2.22912666230439,34.658471424,0.0447197702667573,0.0445970104497069,0.0744355257738905,0.00382118279718601,0.00310623786704641,0.00194590365620789,0.000288845780507233,316,3
0,34.758669568,accepted,1.54884502752964,0.309832701795853,0.246218130133662,-0.684646098796624,0.0546628416414446,0.420746657805422,0.0718611251239991,0.0297425281676746,-7.36799227848569,6.23095463901283,3.40367018651626,-0.22,0.52,0.3,2.25845605208066,-7.66641549535377,6.01878758190843,4.07887779413835,-0.273220205407059,0.110089879276751,0.227111477712095,2.22930952753451,34.758669568,0.0445923056735403,0.0444523832088351,0.0743199070293431,0.00365465207910546,0.00307410677384995,0.0019139759477882,0.000286284059970551,317,3
0,34.872822528,accepted,1.23938361324375,0.294618649709339,0.232560084787377,-0.750315332851184,0.416488718660655,0.099076279710598,-0.00763991493892152,0.0326740334496591,-7.40125631704962,6.26427526667057,3.35913408012227,0.1,0.19,0.31,2.26020138133266,-7.66600906883833,6.04303425556516,4.09401717043835,-0.306902880153314,0.0931684813506519,0.31513690979979,2.22683900930442,34.872822528,0.0448645459957973,0.0446788142475049,0.0745618709102167,0.0036591960855391,0.00307034023769436,0.00192098094031071,0.000284706779565394,318,3
0,34.95897856,accepted,1.25349348442895,0.276883539190941,0.214834019007378,-0.796255447250632,0.399850927224941,-0.00180904610575817,-0.138161410514999,0.0313123207504438,-7.41788835324513,6.26427528397615,3.32552081063161,0.03,0.09,0.17,2.25845605208066,-7.66497777577092,6.05511252802262,4.09949390198474,-0.360019668090849,0.0923538244112542,0.304237292589756,2.22646722990934,34.95897856,0.0446047240352052,0.0444072965542882,0.0743092135705564,0.00362471121652945,0.00301460481978281,0.00191710070254432,0.000282335726408483,319,3
0,35.059087616,accepted,0.866377851054282,0.251968684096031,0.203605662400318,-0.835644831642198,0.200168991069503,0.0490741136037047,-0.128196603626347,0.033023078252358,-7.45115242563617,6.2642753185873,3.28646385083821,-0.2,0.1,0.07,2.26020138133266,-7.67556333095004,6.07051259142729,4.09416379659799,-0.391368991640855,0.0531433068986089,0.193123297854764,2.22681507815498,35.059087616,0.0441771876809983,0.0440014000804733,0.0739243183753492,0.0034924000478544,0.00291870458370147,0.00189442482343984,0.000279075932329594,320,3
0,35.15730304,accepted,0.969665484891838,0.248928148534246,0.221277521893661,-0.868699304860649,-0.105764623794345,0.246117000376314,0.124229951729088,0.0310762543453018,-7.46778442955887,6.2975959282337,3.24814568043951,-0.58,0.34,0.34,2.25845605208066,-7.71843844145463,6.10000843358638,4.10951651705208,-0.477099636861686,0.101272288927117,0.21575963456855,2.22819754867853,35.15730304,0.0439500401658539,0.043772990158065,0.0737035303294037,0.00348976039117583,0.00285944251729445,0.00189549077829579,0.000276493049500391,321,3
0,35.259487488,accepted,0.805231450500563,0.265682271945122,0.202066950003231,-0.917364972206125,0.198973772895057,-0.0431823678092011,0.0781557753735347,0.030881774381303,-7.50936450888436,6.30870283588263,3.20827901865572,-0.43,0,0.26,2.26020138133266,-7.74849544286132,6.108360343217,4.11569298422504,-0.620377003671243,0.0424172261569919,0.181041477576595,2.22846314773201,35.259487488,0.0435720974947909,0.043410557821044,0.0733453533073609,0.00336478566476127,0.00276001878397638,0.0018614833166851,0.000273581411173094,322,3
0,35.357602816,accepted,3.17738757828941,0.281242392354918,0.18570544092016,-0.961397866014159,0.57231080436175,-0.0590986648672887,0.155838170325085,0.0266632254091057,-7.53431257654042,6.29759599805176,3.17000000256085,-0.08,-0.1,0.33,2.25845605208066,-7.76696699032231,6.11289808214764,4.12298234314874,-0.635588619465114,-0.0424803867158811,0.173549774630106,2.22985358009414,35.357602816,0.043360121800023,0.0431902526185714,0.073120151418154,0.00325967068649379,0.00271863971869228,0.00184036085995137,0.000271256796889369,323,3
0,35.459725312,accepted,0.993322816904348,0.260169349465159,0.179158504863809,-0.967557396702323,0.222766233535335,0.0722457755207513,0.0882478493614705,0.0352146018661559,-7.56757667307627,6.27538230474129,3.17102156985214,-0.34,-0.17,0.24,2.26020138133266,-7.80024565621592,6.10777950637283,4.12787046455876,-0.554483869262198,-0.239690715534276,0.150831704200302,2.22440816148585,35.459725312,0.0430160863061114,0.0428552190550716,0.0727708568463259,0.00305548444005658,0.00268282781636363,0.00179520396886822,0.000269510205519558,324,3
0,35.55789056,accepted,3.02725621528132,0.26097301887688,0.197584487673369,-0.975215532007172,0.0104701432013412,0.374463037768258,0.477315802316713,0.0403394233922216,-7.59252471530444,6.28648919543133,3.17200355139808,-0.58,0.18,0.7,2.26020138133266,-7.84817917377717,6.11759873020516,4.157460323173,-0.590676509916878,-0.186089085491588,0.226695358566916,2.22001787516443,35.55789056,0.042884967276768,0.0427153676162123,0.0726110587369291,0.00307944322602672,0.00266168892707426,0.00179751576808927,0.000268239878365579,325,3
0,35.65814784,accepted,1.74678110200707,0.270199345309825,0.170039021611458,-1.01546928892301,0.364190770724361,-0.0404731938504422,-0.0406764680823797,0.027378393171325,-7.64242083848547,6.27538238428641,3.17300646027686,-0.33,-0.14,0.31,2.25845605208066,-7.87156723780285,6.10595463958166,4.16563075540537,-0.680420153312891,-0.100692306730201,0.347078815707721,2.2298220504113,35.65814784,0.0425465901374395,0.0423902746511805,0.0722589783940603,0.00310961556445948,0.00261187826803608,0.00179373695378519,0.000265061683809621,326,3
0,35.758326784,accepted,1.51920378317345,0.258163083760977,0.166656818633444,-1.02578232540959,0.35857071297351,0.106122166755153,0.0625605355816344,0.0218992956126618,-7.68400094053344,6.26427556445449,3.17400858553304,-0.32,0,0.39,2.25845605208066,-7.90978992491859,6.10916065331448,4.18473527865466,-0.668214206545908,-0.103675932046587,0.325698498876792,2.23560145786963,35.758326784,0.042387685432968,0.042224739193056,0.0720643087155995,0.0030754068582766,0.00258238214647475,0.00179243324002,0.000262689719561607,327,3
0,35.868461056,accepted,2.01978541074136,0.224191825440839,0.117893017568519,-1.04440384629115,0.348678138883108,-0.179517649811157,0.0710748828868081,0.0253585728100862,-7.76716118440974,6.20874133292451,3.17511029744111,-0.46,-0.34,0.37,2.25845605208066,-7.95344452714275,6.07818496311698,4.20678494337105,-0.795752175896036,-0.165726541567392,0.297704531714412,2.23165287583898,35.868461056,0.0422194143308682,0.0420610367412353,0.0718660017182715,0.00299243937751129,0.0025174158374302,0.00176390338508314,0.000261013469655223,328,3
0,35.956652288,accepted,2.02407024961313,0.225323560837494,0.152894578827299,-1.05651411093608,0.353984498373636,0.277797747298953,0.162838840634976,0.027038112430755,-7.80042524583541,6.21984823325992,3.17599250539252,-0.47,0.16,0.45,2.25845605208066,-7.99876579261818,6.08724113277144,4.22240503715821,-0.81567604174242,-0.112397160082354,0.28664089175553,2.23065107368143,35.956652288,0.0419529563395229,0.0417905443525953,0.0715566781852092,0.00300010095397164,0.00248529546388885,0.00176294734321117,0.000259255922959305,329,3
0,36.056817664,accepted,2.60625609238546,0.225179477405313,0.149298012182904,-1.0856280868851,0.454233304695212,0.272739882739216,-0.112535627766793,0.0254717702157281,-7.8503213549571,6.2198482880137,3.17699449492323,-0.25,0.06,0.32,2.25671072282867,-8.04021592389122,6.09062424085347,4.23469293508239,-0.693156979732752,-0.207330218826132,0.428016745710839,2.2305844899787,36.056817664,0.041860275239264,0.0416856677482427,0.0714165176998443,0.00293108856383157,0.00250848924103094,0.00174477618598516,0.000257589377131025,330,3
0,36.156974592,accepted,0.857120154190546,0.21168669943466,0.141737830627886,-1.09117265261494,0.208580745716152,0.0357582889846912,0.0501422727607645,0.0307723556120876,-7.89190146024561,6.20874146928408,3.17799639994561,-0.39,-0.19,0.3,2.26020138133266,-8.07981972225571,6.07371480638015,4.25380077811254,-0.591330082472335,-0.224623192825968,0.248238827231241,2.2289036819959,36.156974592,0.0415658992524976,0.0414022461213733,0.0710789707579518,0.00285448496123715,0.00246679473565843,0.00173623949240825,0.000255730003531711,331,3
0,36.257087232,accepted,1.91129514615386,0.186553079123358,0.115709068150572,-1.09862688661279,0.381902258459081,-0.0208828639211916,-0.0267690716111414,0.0287410893851545,-7.96674566363157,6.17542095835115,3.17899786193953,-0.45,-0.1,0.22,2.25845605208066,-8.11462631340657,6.06056031638858,4.25544398172539,-0.818766124006595,-0.0799624998207792,0.24363343282799,2.22842056702907,36.257087232,0.0412813366522218,0.0411288268711305,0.0707514489165655,0.00291642787807595,0.00237971444911832,0.00173465534962779,0.000253432065018404,332,3
0,36.357267712,accepted,2.63186817431229,0.166238157879958,0.10853044607192,-1.10549675764264,0.385634103760885,0.062369384630248,-0.345452306745304,0.0187531124152249,-8.03327382381447,6.1643141693265,3.18000005367013,-0.46,0.04,-0.03,2.25496539357667,-8.16714625687625,6.06195376542506,4.24224369876107,-0.8348909262218,-0.020996468376828,0.307689147488729,2.23555374243114,36.357267712,0.0411612760426529,0.0410000348627475,0.0705758139474313,0.00294693530603975,0.0023651481106888,0.00173898262790788,0.000250867832573897,333,3
0,36.45743104,accepted,2.97921247082078,0.196912397278405,0.0960722855249045,-1.06679149842174,0.357433600521965,-0.405012211412891,0.115598121731785,0.0198296523644164,-8.04990587099726,6.15320732426247,3.20099918958104,-0.4,-0.5,0.33,2.25496539357667,-8.21613822981956,6.03266226470111,4.2580655026218,-0.746561789087363,-0.103891345664676,0.214133994042645,2.23362462285683,36.45743104,0.0410357403260097,0.0408637390367527,0.0703910672869272,0.00285802378993313,0.00234645583524807,0.00172499981021319,0.000249139220179852,334,3
0,36.559565056,accepted,1.52443221050843,0.171101634720763,0.0780128065895207,-1.05688805704632,0.12830774818155,-0.243814446181708,0.202638061300608,0.0333197871531525,-8.10811806374755,6.09767306654335,3.22241147814948,-0.49,-0.41,0.38,2.26020138133266,-8.26462312445751,6.00323247957759,4.27814169991925,-0.613445982682328,-0.172223151610373,0.178990174836634,2.22607947614311,36.559565056,0.0408533205705833,0.0406799792429095,0.070149308645249,0.00277983239760788,0.00234500187114184,0.00171127616746644,0.000247952398781359,335,3
0,36.659746816,accepted,1.85501831037409,0.169507365383346,0.105517087014988,-1.05597205935215,0.342375360991531,0.275923489210852,0.0759777224633533,0.0405710643258428,-8.15801418890066,6.08656626142057,3.24341447830973,-0.3,0.05,0.3,2.26194671058465,-8.30368527009537,5.99924005844909,4.28440530506659,-0.635360595534668,-0.221068554021705,0.222402772650328,2.22105605016568,36.659746816,0.0408067784370902,0.0406201349044865,0.0700408955677402,0.00274042966371007,0.00233132682517493,0.00168898177897718,0.000247021985167582,336,3
0,36.759938048,accepted,2.7926801377585,0.158075175391934,0.0911193831108461,-1.04072868669088,0.450599434019512,-0.0872093776839405,-0.167609225294414,0.0345591590665362,-8.20791031146571,6.07545945414171,3.26441946426477,-0.19,-0.17,0.08,2.25845605208066,-8.32394173072614,5.97913894446887,4.27319204812855,-0.626164061392816,-0.085708309695742,0.24225084508535,2.22255045299459,36.759938048,0.0405836607997016,0.040404015554093,0.0697568990249918,0.00280672583251435,0.00230481168515487,0.00169076737883522,0.000244474680806479,337,3
0,36.87421312,accepted,1.23853276799158,0.160245528685881,0.10306119407702,-1.0111939710267,0.206547621372603,0.19962019709791,0.0976212702275826,0.0291108400560702,-8.2328583821057,6.06435261767194,3.2883771123988,-0.4,-0.03,0.23,2.25496539357667,-8.37356251360967,5.97901896010421,4.28904309215126,-0.600950226622333,-0.224943261805563,0.13172934641985,2.22556128153477,36.87421312,0.0405983645613273,0.0404062011730278,0.0697047153320775,0.00267910751279283,0.00227828211555729,0.00165471396080478,0.000242518635927118,338,3
0,36.958369024,accepted,1.08853883116676,0.144326143650586,0.0899077097202108,-0.992947549837234,0.208915326787631,0.00900856207993056,0.186935311896974,0.0336190918952277,-8.27443849929059,6.04213893664954,3.30602030877704,-0.27,-0.38,0.32,2.25671072282867,-8.39997152963606,5.95533034656529,4.29604130823365,-0.473224149181292,-0.389025867774863,0.134030579162092,2.22254182962657,36.958369024,0.0401831402067399,0.0399996644080138,0.0692169196789718,0.0025415469764184,0.00228203802002825,0.00161605758917499,0.000240986957858574,339,3
0,37.058463232,accepted,1.32420480337971,0.102265101243017,0.0638136319627636,-0.97557362276947,0.222730537241137,-0.0108654513024631,0.216515780025173,0.0405706266822361,-8.34096671332781,5.98660469209649,3.32700495375296,-0.18,-0.31,0.28,2.26020138133266,-8.4238742586527,5.92375174413739,4.30313907217259,-0.396539831468661,-0.299912953032493,0.0651940808641912,2.21892353777715,37.058463232,0.0399785019432021,0.0398006283264403,0.0689393006732782,0.00256312263452639,0.00227088484095984,0.00161656873377724,0.000239509222236124,340,3
0,37.15863168,accepted,1.8342774133186,0.0803607989567166,0.0563537540095664,-0.957449242861133,-0.116433332006508,-0.000891844593885721,0.358656923638559,0.0384432804528503,-8.37423082667953,5.95328413898009,3.34800516306647,-0.39,-0.24,0.39,2.25845605208066,-8.46369375737428,5.89911725491102,4.31885298772993,-0.277150716743647,-0.238430845337386,0.0360099100125745,2.2202780317131,37.15863168,0.039773069851675,0.0396008767131624,0.0686569756269041,0.00257088364176966,0.00228764183897682,0.00161758908775724,0.000237232933158346,341,3
0,37.258775808,accepted,3.74371221727734,0.0823784023210123,0.092358121969573,-0.954789679304006,0.0740832624467462,0.633707998213081,0.485894305881289,0.0349279816366703,-8.40749488799514,5.96439104154574,3.36900027371766,-0.17,0.35,0.53,2.25671072282867,-8.48751945106121,5.89891826623905,4.3257413300307,-0.244640051422006,-0.275437615243125,0.0461309325732997,2.22243235375592,37.258775808,0.0398784664942905,0.0396809598900204,0.0686892894027179,0.0025550304390865,0.00230694603868192,0.00161131576800921,0.000236007946135739,342,3
0,37.358942208,accepted,2.42109348639143,0.091681680162516,0.126245256501315,-0.936362112738633,0.259671879443251,0.499055664012443,0.341838746283372,0.0297994677870559,-8.41581086898118,5.99771164458793,3.39000011267856,0.12,0.24,0.35,2.25496539357667,-8.49754913159315,5.89250485715914,4.3220544511451,-0.137444821009576,-0.253038063569024,0.00879033586496668,2.2254516505729,37.358942208,0.0400029882182606,0.0397797880654472,0.068741935593074,0.00257593291770631,0.00235678455789217,0.0016226803258996,0.000234548639245717,343,3
0,37.459160576,accepted,1.99606197658489,0.0551495116980707,0.123543234518387,-0.88750543977998,-0.206319649512123,0.0900876915635036,0.399254392140281,0.0260812422214949,-8.45739096125141,5.99771169365295,3.43411129262035,-0.27,-0.06,0.45,2.25322006432468,-8.52597408939634,5.88360741214845,4.33175998909281,-0.068924751928573,-0.146912906760529,0.0546411757698252,2.22780023212961,37.459160576,0.039936142996612,0.0397057016490726,0.0686022936588949,0.00263509897073485,0.00238529958838645,0.00164077304269164,0.000232357061316371,344,3
0,37.559305472,accepted,4.07213086435653,0.0440589528837538,0.12544509211091,-0.860566350025072,-0.262581825864052,0.0242278812498743,0.616353296913637,0.0245270908667914,-8.49065504839079,5.98660486829212,3.47819013381348,-0.39,-0.21,0.7,2.25322006432468,-8.55254847642824,5.86709383716724,4.36397370618152,-0.133716912676646,-0.232472090859298,0.0908045521786932,2.22909914953927,37.559305472,0.0398636960312488,0.0396276471660829,0.0684558779990443,0.00256759763805811,0.00234296212384916,0.0016197535395406,0.000230448736376498,345,3
0,37.659472384,accepted,4.42605234052599,0.0514273378669525,0.143120831962142,-0.847503783658799,-0.235616905823339,0.0885391826880532,0.673256009563615,0.0253295803997857,-8.51560310612985,5.98660489781027,3.52227866536335,-0.38,-0.11,0.73,2.25322006432468,-8.58250052495002,5.85338179256003,4.39627315077583,-0.150014269529592,-0.195694600852862,0.0641213683268919,2.22830592723868,37.659472384,0.0398151509525031,0.0395728426100657,0.0683341171435413,0.00257761307522156,0.00231948624835063,0.00161905612652349,0.000228776906965315,346,3
0,37.759643648,accepted,2.43239201701046,-0.0181394360909195,0.099048080910614,-0.833744406473074,-0.121244292620182,-0.240894256461744,0.55312903766084,0.0248230924535284,-8.598763370605,5.91996381153193,3.56636911244885,0.04,-0.7,0.5,2.25322006432468,-8.586808370044,5.81428609332558,4.41109584542497,0.159684518721092,-0.461877564032446,-0.0491860940149129,2.22802866572753,37.759643648,0.039893242063301,0.0396317437075345,0.0683392884007983,0.00241947405935722,0.00247730483379441,0.00159876385328749,0.000227532966990393,347,3
0,37.877831168,accepted,5.40629915240855,-0.00813792777779021,0.146387551430559,-0.78583065475209,-0.0729682449153748,0.559434810623659,0.79547436234247,0.0390146739115877,-8.59044735204539,5.91996380137516,3.61838942634573,-0.22,0.35,0.84,2.26194671058465,-8.58914961508633,5.79975826825425,4.42182378285563,-0.150242856324618,-0.201554360710386,0.0496107324614979,2.22367141820732,37.877831168,0.0402411677377308,0.0399581829008886,0.0686243869178803,0.00260344155939728,0.00232961129271114,0.00160736999125992,0.000227492828528962,348,3
0,37.957978112,accepted,4.56200560522737,0.0300382128202177,0.151886190466714,-0.770547537564979,0.281056662228009,-0.255581608417155,0.764601074857461,0.0241484835380841,-8.5738152882079,5.94217751184241,3.65366615594252,0.06,-0.28,0.77,2.25322006432468,-8.59138111685345,5.78329243455296,4.44619881100331,-0.215784907051402,-0.0285302342628397,0.011641002175156,2.22776028229062,37.957978112,0.040016955641659,0.0397302359725879,0.0683256903477714,0.00270877794760562,0.00227380446244713,0.0016155079865358,0.000224737236998872,349,3
0,38.058203392,accepted,3.10954504679684,-0.031300403276596,0.124684042747476,-0.734147909519321,0.00909916506644853,0.217843981419098,0.762104613254273,0.00907577033784701,-8.64865948441148,5.91996387169131,3.69778037820561,-0.23,0.46,0.56,2.24449341806471,-8.6197010155514,5.80580405549151,4.44629629057702,-0.239681715955138,0.244643756363332,-0.197603966694291,2.23534453769277,38.058203392,0.0401726436072153,0.0398444868606575,0.0683994473548843,0.00291624240447695,0.00224055832108648,0.00166002474626885,0.000222388462200669,350,3
0,38.158328064,accepted,5.32548638456515,0.00739213901036706,0.124021188227783,-0.684642505161778,0.739690622376054,-0.0884906837337036,0.604754238920881,0.00559191072006993,-8.64034342544092,5.953284455725,3.74185031779197,0.44,0.14,0.38,2.24274808881271,-8.61625987783194,5.82748753227048,4.44170343087663,-0.287010132335091,0.225236936232471,-0.21995631693033,2.23493782732974,38.158328064,0.0402779581395817,0.0399082578225981,0.0684200953789263,0.002900638002537,0.00221237226167226,0.00165510633060602,0.000220648487972606,351,3
0,38.258465536,accepted,9.7612462017963,0.0236221741325586,0.107205935714774,-0.63254593614772,0.107786478979395,-0.458738066094797,1.19953933472988,0.0150551997676258,-8.61539536950546,5.95328442551348,3.78592589130667,-0.03,-0.3,0.98,2.2462387473167,-8.63440119235459,5.82974279318549,4.46168080657356,-0.134164911527701,0.151786387405398,-0.208639292906646,2.22959263073258,38.258465536,0.0403713489029076,0.0399624473808907,0.0684319583670314,0.0028453374821612,0.00228101650784644,0.00165814389698533,0.00021944521408178,352,3
0,38.35859968,accepted,5.90293863294863,0.0483710839915954,0.0982961537540925,-0.608304983627242,0.2881299313505,-0.145879413104744,1.02900725698562,0.0278914711636795,-8.59876334375478,5.94217754188302,3.83,0.19,-0.04,0.74,2.24972940582069,-8.63639519527646,5.84084501374646,4.46702009506358,-0.0935503778460425,0.103274346299423,-0.281526044254603,2.22069970421029,38.35859968,0.0405139871768851,0.0400625170742111,0.068492648246534,0.00281012946247137,0.00229085977407145,0.00165650331206147,0.000218746883027935,353,3
0,38.458748416,accepted,8.58467171638773,0.059305205977962,0.0838774430352665,-0.587927081754022,0.324169854613434,-0.277951706836536,1.23310381564024,0.033347027636264,-8.58213132057755,5.93107065608809,3.84699909183136,0.29,-0.19,0.76,2.25147473507268,-8.62887983444789,5.83904525928122,4.47199169810051,-0.0286129967630657,0.0835862537033136,-0.463810787409751,2.21665207695024,38.458748416,0.0406504634643772,0.0401637439605234,0.0685508203957877,0.00279216277359785,0.00229762142469588,0.00165686467134344,0.000217600446502168,354,3
0,38.558884864,accepted,4.81030857483145,0.0442752413167522,0.071597262829048,-0.558670391259856,0.18559904663897,-0.122700319495062,0.973419147965036,0.0379857467791123,-8.58213133348578,5.91996379121839,3.86399609791658,0.2,0.03,0.49,2.25147473507268,-8.61997230422846,5.84587162558992,4.44808106067913,0.0172811609978895,0.150799002092735,-0.476787272379441,2.21271758202551,38.558884864,0.0408005531882752,0.0402763081201612,0.0686243884128209,0.00285470064832072,0.00232013237695161,0.00166872343050112,0.000216397786882687,355,3
0,38.659028736,accepted,10.9509681756816,0.0757604535046354,0.053154809569536,-0.516202509076773,0.176725899168705,-0.358754667516936,1.3787050487683,0.0302969089720571,-8.55718327807086,5.91996376160749,3.88099436414009,0.04,-0.15,0.86,2.24972940582069,-8.62483452309549,5.85404719342601,4.44453484092625,-0.132267236232064,0.203398052284466,-0.507267990877999,2.21794082423679,38.659028736,0.0409228389610107,0.0403552321760577,0.0686657421022956,0.00290165562020402,0.00223551481719939,0.00166349364461844,0.000214343123209905,356,3
0,38.759157248,accepted,4.39773515535075,0.0565971920281338,0.0290041259844012,-0.502765044927029,0.37264749490816,-0.284549860723111,0.793298241245036,0.0286719242595108,-8.57381534127046,5.89775005304105,3.89799002318092,0.31,-0.14,0.4,2.2479840765687,-8.61444632660885,5.85819267876771,4.4237779124187,-0.0560731211241672,0.13979065772975,-0.387246270732263,2.21791703638816,38.759157248,0.0410531160035625,0.0404453439732143,0.068714625652847,0.00286549830374854,0.00228483169402956,0.00165733964988012,0.00021272087426821,357,3
0,38.877311744,accepted,6.9908813954128,0.0872580382750971,0.0193345628086021,-0.461528651131411,0.291017920368997,-0.215350841321106,1.15655371290779,0.0369254690111505,-8.53223524912489,5.89775000328751,3.91804538491601,0.25,0,0.72,2.25147473507268,-8.60745676777592,5.87071506402908,4.41394984511161,-0.0358609221633426,0.211631495616997,-0.428136094280595,2.21331685785804,38.877311744,0.0414829105694187,0.0408074745628664,0.0690547118648687,0.00294649870077892,0.00229879884250754,0.0016740334792824,0.000211861236512006,358,3
0,38.959431936,accepted,9.28141584865581,0.0622550119679754,-0.0236407389000082,-0.448041228346441,0.325962154594911,-0.479932781648813,1.20433462471857,0.0366276337479459,-8.54886732575326,5.86442943114669,3.93198433952266,0.25,-0.25,0.77,2.25147473507268,-8.59625443247828,5.86841366033368,4.42121095793711,-0.0689358724091486,0.222415045779978,-0.424341637286463,2.21303625010058,38.959431936,0.0413233239221666,0.0406330402980578,0.068823584209853,0.00294471512830221,0.00226439903586104,0.00166669031654355,0.000209930828406531,359,3
0,39.059582976,accepted,3.36970638667055,0.0583513797083057,-0.045385442563731,-0.429571944226719,0.310782960878633,-0.045239535697416,0.734700584260847,0.0389350156899662,-8.54055133353794,5.84221569296935,3.94898382243143,0.31,0.12,0.33,2.25147473507268,-8.58593581273722,5.88385226467156,4.40035066038102,0.00415633190737312,0.163157161356302,-0.399175366066292,2.21165562901871,39.059582976,0.0414484207922442,0.0407156710723447,0.0688667844764652,0.00289997873703927,0.0022997351191355,0.00165936837436401,0.000208442612871351,360,3
0,39.1597888,accepted,4.67781534472395,0.0363451428478498,-0.0481730535583322,-0.389558740012283,0.0734306450890063,0.0531415460512902,1.07746272640177,0.042405461156263,-8.54886733918202,5.85332256618291,3.96599260429178,0.06,0.3,0.56,2.25322006432468,-8.58378686899534,5.9015025829788,4.38102434401321,-0.0126311487539842,0.246621522330899,-0.511282046262443,2.21054062890618,39.1597888,0.041649287154772,0.0408649901421874,0.0689780084243849,0.00297231980778141,0.00227994829442875,0.00167046761440111,0.000207355852728325,361,3
0,39.25797376,accepted,3.57328833949792,0.0218541723389638,-0.0924217886784371,-0.354541582122309,0.28655162539665,-0.428861592807267,0.625257903904674,0.0357606348055128,-8.55718338395397,5.8311088471947,3.98265836781673,0.36,-0.21,0.3,2.24972940582069,-8.56522232949048,5.9033244851189,4.35823859050975,0.0796556291540527,0.211660972861739,-0.319871859373968,2.21254998137093,39.25797376,0.0417236328198481,0.040904402559616,0.0689735600014488,0.00295619851148787,0.00234343757234425,0.00166756160493655,0.000205339854691524,362,3
0,39.360140288,accepted,3.33392103328014,0.011866689052157,-0.137919660697172,-0.320808193860499,0.280825674667895,-0.482516835188675,0.563426087513109,0.036598671415931,-8.54886740555599,5.7977882456139,3.99999995654696,0.34,-0.15,0.16,2.24972940582069,-8.5472710287689,5.9126589830671,4.33946985950675,0.0654695058461225,0.324753848334721,-0.398542499004127,2.21170954187307,39.360140288,0.0418763933929597,0.0410105727624041,0.0690381940884913,0.00305001175695529,0.00231784547980494,0.00168776928130862,0.00020360680937255,363,3
0,39.46028928,accepted,5.13639847045625,0.012313093522156,-0.169298648148697,-0.355467398898102,0.383523282851405,-0.474229222491043,0.677329921534774,0.0384993537991338,-8.53223539452445,5.77557449684388,3.93085779405504,0.4,-0.09,0.02,2.24972940582069,-8.52369959957516,5.91749303802544,4.31422847231261,0.0259668331748752,0.374886000499504,-0.650269916409689,2.20921321128833,39.46028928,0.0419302626883983,0.041035818739981,0.0690141341281139,0.00306998177824738,0.00225068630846587,0.00169137290675745,0.000201708584673703,364,3
0,39.558462208,accepted,3.53550870930457,0.00586829420923429,-0.216881497252528,-0.393273065638459,0.293160201050338,-0.724151636529403,0.363094988182948,0.0401858664041694,-8.5156033967897,5.74225388406977,3.86307967645608,0.36,-0.31,-0.08,2.24972940582069,-8.50768479461002,5.92792454484585,4.26451779855612,0.0733891368798015,0.40443778080644,-0.440285427621749,2.20810170774597,39.558462208,0.0420587208477663,0.0411055701763963,0.0690516948084773,0.00311427818145317,0.00229452801324373,0.00169744448802438,0.000200133407540478,365,3
0,39.658617344,accepted,2.93812511962442,0.011994463673064,-0.24587417141105,-0.422252841563848,0.329292596624416,-0.418764578086025,0.38471862436307,0.0461418941316833,-8.49065536487441,5.72004012454103,3.79393305198188,0.42,-0.11,-0.04,2.25147473507268,-8.48303222062442,5.93795392502525,4.23018386398209,0.0990677636039272,0.29971964218819,-0.420657993418085,2.20368875076005,39.658617344,0.0420886861860659,0.0411033692916116,0.0690023164424727,0.00301196861061654,0.00229230184766296,0.00167496906722093,0.000198301861078893,366,3
0,39.758733056,accepted,2.21205036185043,-0.0240049751316018,-0.274072809875815,-0.462424324814455,-0.0544887928997908,-0.445362343642539,0.381562435714242,0.0536670992078108,-8.49065539147532,5.69782639626167,3.72481364564779,0.16,-0.08,0,2.25496539357667,-8.46838823572085,5.9459437962006,4.19746071742115,0.215099687972708,0.358308274881247,-0.378379767927816,2.20077535795978,39.758733056,0.0421559433102178,0.0411394978907934,0.0689894535661006,0.00305603551974941,0.00234908855866616,0.00168646640975285,0.000196704335667918,367,3
0,39.876830464,accepted,3.72701671611622,-0.000813565093611857,-0.300767041169737,-0.517450026640378,0.353327653735239,-0.632277579522574,-0.0742341271047502,0.0473223647584113,-8.45739131556522,5.69782635675766,3.64327976282872,0.38,-0.07,-0.35,2.25322006432468,-8.43269929466946,5.95760688646089,4.15068322288271,0.0370286770372676,0.549849230939265,-0.276500445040564,2.20406233769964,39.876830464,0.042446812576921,0.0413805964055413,0.0691920078306349,0.0032329851370486,0.00225688065348358,0.00170129894326782,0.00019432542003028,368,3
0,39.958981888,accepted,1.85892719771769,-0.0437780184764627,-0.328626323982637,-0.530645100355781,0.235191626240114,-0.429919592829245,0.0746325797143711,0.0393315996494779,-8.47402337928536,5.67561264879184,3.58656281458006,0.29,0.15,-0.59,2.2479840765687,-8.41548610531293,5.97308200896471,4.11384772123898,0.0615945630900848,0.570935740526471,-0.664071828934473,2.2073710446978,39.958981888,0.0421505321987278,0.0410950384715628,0.0688375764858773,0.00318536171150482,0.00219384969213103,0.00169399157726265,0.000191483585145347,369,3
0,40.059129856,accepted,4.728801916615,-0.0305771510178232,-0.361478838447283,-0.518854673285006,0.154704101376902,-0.875778054657163,0.421678409827892,0.043064183263092,-8.4407593041524,5.67561260962965,3.51742113885862,0.19,-0.22,-0.44,2.25147473507268,-8.40170743120454,5.99728503293991,4.04441457544813,0.0403884883257931,0.644734696904489,-0.858613944645659,2.20714887270782,40.059129856,0.0423110915924746,0.0411824135862453,0.068901608415285,0.00324379976278185,0.00215804751117373,0.00170404568161692,0.000189898962028994,370,3
0,40.159258368,accepted,6.93568601319618,-0.0323130249614838,-0.432790218784469,-0.499256046446245,0.413946528049249,-0.955598831047854,0.40314568195156,0.0445208988429879,-8.43244333802477,5.63118514230114,3.44829289546605,0.49,-0.28,-0.57,2.25147473507268,-8.37762641349466,6.01328994379484,3.95890396156089,0.0870248362294777,0.660766034088451,-0.969199471033331,2.20468354055136,40.159258368,0.0424164858774264,0.0412231411577294,0.0689202114461739,0.00324791448234,0.00215665691083783,0.00170632290719944,0.000188090403054895,371,3
0,40.257412352,accepted,5.93425844644912,-0.0587985266858198,-0.488268397460688,-0.486209109394472,-0.0305912183582104,-0.950440666927739,0.491093825321673,0.0531761343439352,-8.42412735588762,5.59786454028796,3.38052785671362,0.17,-0.21,-0.47,2.25496539357667,-8.3640972262812,6.03928321608237,3.87887424538765,0.203503246782838,0.727992039041281,-0.957233925632629,2.20069350108235,40.257412352,0.0425276940256822,0.0412644355074923,0.0689404079983444,0.00330567712866142,0.00220658837826167,0.00172012529656074,0.00018656052853888,372,3
0,40.35956736,accepted,5.64909907024632,-0.0585869003077146,-0.52644965476542,-0.485160800660627,0.111501151529476,-0.867123796384521,0.303703027691087,0.0579571445628311,-8.39917931222251,5.58675764571814,3.3100005302235,0.3,-0.12,-0.35,2.25671072282867,-8.33124977926175,6.05925158017212,3.80427107780559,0.194704712039572,0.73217446741898,-0.650340606294715,2.19715318061245,40.35956736,0.0426029219114408,0.0412960690017591,0.0689402894902521,0.00330886601725663,0.0022203440100267,0.00171307852414537,0.000184584097086402,373,3
0,40.45770368,accepted,3.45168354470334,-0.101678706969382,-0.570871492765638,-0.49736760326496,0.133300904195979,-0.612997697115458,0.157647327844649,0.0558770455875064,-8.41581137864805,5.56454393601756,3.24223944220872,0.33,0.19,-0.48,2.25496539357667,-8.30414688358196,6.08653748913807,3.74267989111496,0.202903800384102,0.789723585693756,-0.635613814668836,2.19765050918816,40.45770368,0.0425240023194004,0.0412050437586193,0.0688036682917609,0.00332538181047831,0.00220101019880049,0.00171122841248713,0.000181858945382644,374,3
0,40.557822208,accepted,6.14182049234142,-0.125293914670433,-0.622992599411043,-0.501663297732653,-0.0419259218079342,-1.08210553362735,0.175556360486592,0.0554970490604485,-8.40749538385929,5.54233019930999,3.17310968072817,0.19,-0.32,-0.51,2.25496539357667,-8.28224169921316,6.11184391924311,3.67470356559489,0.234446277584456,0.748320311492882,-0.68429148596823,2.19848103502123,40.557822208,0.0426839179609058,0.0412905066389716,0.0688680025362028,0.0032796571363211,0.0022045995998638,0.00170371822007131,0.000180063550970246,375,3
0,40.659918592,accepted,8.03604254851406,-0.137066478023772,-0.689097671939693,-0.50003580227401,0.0876858800805248,-1.14059390771649,0.259869826705808,0.0571729503614904,-8.39917940352574,5.50900959590873,3.10261425081188,0.2,-0.16,-0.45,2.25496539357667,-8.255642746432,6.13395496530525,3.60810705422699,0.118111966454779,0.963721121310194,-0.707154652127818,2.19627278019115,40.659918592,0.0428112021531105,0.04136036879481,0.0689139458831251,0.0034733129548598,0.00213693285883506,0.00172715287717303,0.000178141366471541,376,3
0,40.756102656,accepted,8.40132833201916,-0.115450339782722,-0.719985325079344,-0.511482447332641,0.0751094106545216,-1.04968252249513,0.338464183230117,0.0524702812415008,-8.35759930867476,5.50900954719526,3.03620115490072,0.26,-0.08,-0.32,2.25322006432468,-8.23417337346114,6.15981102128597,3.55956788495261,0.191696912650198,0.951139523159945,-0.654258148657903,2.19893285811918,40.756102656,0.0427738498185666,0.0412863170854848,0.0688085229635554,0.00343157745578842,0.00215548675790378,0.00171930304505176,0.000175501127414416,377,3
0,40.872247296,accepted,8.99426925387376,-0.175181765552074,-0.810065382427795,-0.517581311623032,-0.0440675183258167,-1.32951918984725,0.454016262513504,0.0578648294923325,-8.39086343688488,5.46458212840312,2.95600569636937,0.02,-0.3,-0.31,2.25496539357667,-8.21679703417275,6.21242252660692,3.48190847278386,0.0668008277539143,1.014169632145,-0.760786015579081,2.1961001758228,40.872247296,0.0432472575688629,0.0416156786942604,0.0691557554708909,0.00349954265216405,0.00209601345679293,0.00172262924348114,0.000174244380950366,378,3
0,40.958360576,accepted,10.3196558106239,-0.149728708794132,-0.851229309713684,-0.52615301222551,0.158169086626819,-1.26494819922471,0.443406841363123,0.0558994371274575,-8.36591539219331,5.45347523486849,2.89654626737429,0.16,-0.15,-0.15,2.25322006432468,-8.20640745169541,6.23241569958037,3.4357123969684,0.00935624201463339,1.09630925716177,-0.588841930769254,2.19557302448017,40.958360576,0.0431172551338816,0.0414502160287792,0.0689652165559358,0.00356084001857298,0.00207250522469303,0.00172178644183371,0.000172083768898802,379,3
0,41.058457856,accepted,13.6135928637644,-0.109429594563064,-0.887155212840646,-0.53868802952148,0.345632956430866,-1.11245305923031,0.615705415725628,0.0564921947311414,-8.31601927801287,5.45347517677464,2.82743117719587,0.32,-0.09,-0.08,2.25322006432468,-8.17889902238709,6.25378441731057,3.39837018636629,-0.0105321401434868,0.999036229485418,-0.686750825312301,2.19367790360783,41.058457856,0.0430659075678478,0.0413707818254926,0.068860099418897,0.00341989531205639,0.00203229384235156,0.00168651548630233,0.000169641990363809,380,3
0,41.158610432,accepted,13.745619834534,-0.12587054392805,-0.931620620587577,-0.570690999745496,0.42051028802718,-1.23258679475591,0.752903998924785,0.0673541862227873,-8.30770329497391,5.42015457441344,2.7582779062794,0.31,-0.22,0.08,2.25845605208066,-8.15788289896865,6.27357541787517,3.3573082141066,-0.0976787547019423,0.992284845996883,-0.664962573255344,2.18860966376762,41.158610432,0.0431436469113228,0.0413855426532164,0.0688630278588303,0.00339731385827739,0.00199214197476292,0.00166516501073673,0.000168101908691119,381,3
0,41.258744576,accepted,13.3772381048565,-0.115343914836441,-0.967906499063673,-0.599583032178486,0.408337275031752,-0.934672359694099,0.643536056293329,0.0680940918477417,-8.29107127013233,5.40904769155452,2.68913736227561,0.16,0.19,-0.1,2.25671072282867,-8.14118751819755,6.28941843385217,3.32730061029686,-0.230824266895608,1.10201080683368,-0.73312940583604,2.18547836323324,41.258744576,0.0429865208546223,0.0412435007983306,0.0686782614302812,0.00344436327038876,0.00192210393658656,0.00165094998880972,0.000165430059119204,382,3
1,42.458959616,accepted,0.45053505151583,0.0105661944293853,-0.00472915485120229,-0.020823956268599,0.00169355556383061,-0.29853203990196,0.181766890355865,0.0101109075987385,-7.86695416279226,5.52011585516692,2.49348893557441,0.46,-0.08,0.13,2.24449341806471,-7.87219923111135,5.5156011817076,2.50814114075956,0.458994853711049,0.0568811115081206,0.0454445476798535,2.22681385657046,42.458959616,0.795201233187369,0.795201246740382,2.01818125782023,0.0673434991956953,0.0674282382282003,0.0653915490653141,0.021912932087709,1,0
1,42.559090688,accepted,0.34511172335173,-0.0182395523144914,-0.0316282353886255,-0.0465569369990391,-0.150474856754434,-0.166229489196677,0.188833293929454,0.0298441287795166,-7.85032214725901,5.49790210785915,2.46642950177096,0.25,0,0.23,2.2479840765687,-7.84282143933418,5.51377986303561,2.50248061064131,0.333123103208781,0.0899002133772973,0.0932265276293436,2.22826748689814,42.559090688,0.530487458969093,0.53048736154838,1.34535015557515,0.0736017853744082,0.0735396161038421,0.0464745802261494,0.0126987804841445,2,0
1,42.659182848,accepted,0.290224415892107,-0.0113602994294606,-0.00683773015021671,-0.0817564908408674,0.0691934063742733,0.270156940983431,-0.0568905081662847,0.0191797186889264,-7.82537407752082,5.50900894537164,2.4393805835514,0.28,0.26,0.13,2.2479840765687,-7.81355133170897,5.52722165867314,2.49836856536015,0.247433696086125,0.135188845664498,0.174785861262838,2.23430636671207,42.659182848,0.398339726074374,0.398339631556341,1.00851700494598,0.0744284194436463,0.07454025944756,0.0349688542605055,0.00895959468832814,3,0
1,42.75933056,accepted,0.264024500356091,-0.0336537354831421,-0.0289541079201605,-0.105512496174135,0.108294519773087,-0.198331282636353,-0.122537949977707,0.00612292845896212,-7.8336900865155,5.52011581884666,2.41231665295221,0.14,0.07,0.1,2.24449341806471,-7.80127315989076,5.53269030993626,2.4922353462403,0.0788679817756097,0.173709167865719,0.204625476136661,2.24139427852396,42.75933056,0.319276539348662,0.31927736128682,0.806875945546415,0.0737128226846475,0.0740775029883632,0.0292555913424456,0.00690815208286737,4,0
1,42.875460608,accepted,0.172773843465731,0.0364563463289995,-0.0157206264010954,-0.132172092585165,0.137451029177909,-0.0909878224065603,-0.0872795037093876,-0.00868772627133341,-7.75884588919731,5.54232946631256,2.38093365381237,0.24,0.07,0.08,2.24100275956072,-7.77881688031177,5.54849509623449,2.48697751527826,0.173517970296153,0.113435190177619,0.153404510275417,2.24822987832378,42.875460608,0.26679527457589,0.266796493459148,0.672788660853235,0.0618412692427994,0.0620282937197499,0.023547864389776,0.0056637321095077,5,0
1,42.95956096,accepted,0.166987687596712,0.00598390795838899,-0.0162662617545477,-0.151974903636255,0.0243522842025298,-0.0993677344008712,-0.163671481466894,-0.00126800997466203,-7.76716190774963,5.54232947535111,2.35820636384796,0.04,0.02,0.14,2.24274808881271,-7.77135223286597,5.55113447970204,2.48323868840424,0.020340294039422,0.0865106145062269,0.285811080854129,2.24448343051229,42.95956096,0.229278667205031,0.229280919670225,0.576978442861524,0.0637980978393943,0.064055190744037,0.0215712442441402,0.00480291403491158,6,0
1,43.059630592,accepted,0.458324782705076,0.000225497034286093,-0.0287165302011383,-0.170598519734679,0.226832963663106,-0.163852530473516,-0.109170577522835,-0.00348641421438289,-7.76716192014463,5.5312226096096,2.33116353359803,0.28,-0.09,0.06,2.24100275956072,-7.7499483701307,5.54356828956014,2.47565076809016,0.146038032237969,0.00529493479320646,0.157001297075498,2.24421204742821,43.059630592,0.201240230718511,0.201242632791506,0.505176427537451,0.05239685680756,0.0525595944638619,0.0187704078045741,0.00419988060556926,7,0
1,43.157647104,accepted,1.20111389579725,-0.00286081253671711,-0.00887189617125372,-0.182058237202704,0.0668923432515816,0.321762936221691,-0.27980084531183,0.0022702481649155,-7.74221386319732,5.53122258266971,2.30467553876153,0.13,0.24,-0.19,2.24274808881271,-7.73470061142468,5.56576137542436,2.45082554356021,0.0845345586814176,0.0441639913448975,0.0500153435844992,2.24096478411662,43.157647104,0.179403062085479,0.179405274335159,0.449235587697132,0.0439221427638993,0.0440095246620059,0.0166475732135071,0.00374844495346135,8,0
1,43.259803136,accepted,0.411574967128352,0.00381600128967019,-0.023660743422802,-0.167081395751977,0.0222168936108575,-0.0949454086746776,0.251294982219644,0.000159681713334692,-7.72558179935983,5.55343629383166,2.27706887950668,0.06,-0.01,0.05,2.24274808881271,-7.7271533451774,5.56856505485015,2.43756176760316,0.0465601659950523,0.0597932907847238,-0.176227324608243,2.24242888524382,43.259803136,0.162303904679596,0.162307039077109,0.404744134452474,0.0415761009073669,0.0416774783733437,0.0157541329275123,0.00340344867979008,9,0
1,43.359969792,accepted,0.320866017075624,-0.0548003277345446,-0.0437603937729181,-0.170672411091374,-0.235253872630508,-0.0223428000291367,0.0142208342904912,-0.00274376140370913,-7.78379395828301,5.53122262776973,2.24999958880682,-0.31,0.11,-0.07,2.24100275956072,-7.75361353564579,5.56903783200514,2.40515769864227,-0.150928701841108,0.124813245252067,-0.0865709667773484,2.24392843523065,43.359969792,0.148135460521775,0.148138866714833,0.368357408020492,0.0393877189338896,0.0395010303547015,0.0147349918241704,0.00313236612688193,10,0
1,43.460067328,accepted,0.0574857998325395,-0.0380955651343351,-0.0387435130937916,-0.213241740872061,-0.0439958541898774,0.0482439534276318,0.0646612137577255,-0.00848890074157538,-7.80042598428301,5.54232951141258,2.1847707073437,-0.07,0.14,-0.09,2.23925743030872,-7.76844785149412,5.58093787461667,2.38253027879755,-0.0362733837680814,0.102899994593994,-0.149731874745138,2.24697876461364,43.460067328,0.136667385010897,0.136671319091456,0.338213169820343,0.0392978587167337,0.0394352892023589,0.0142688647645977,0.00292054859558726,11,0
1,43.558241536,accepted,0.088856541771151,-0.0540892452882309,-0.0361878197257495,-0.248337566949342,-0.00248821315644429,0.100269914405908,-0.0342913506457956,-0.00126018630011693,-7.81705802242139,5.54232952957271,2.12079516876134,0.06,0.05,-0.16,2.24100275956072,-7.76755124558726,5.58509297057948,2.34758148228959,0.0612800694354294,-0.018369005107169,-0.129828422920261,2.24253488809157,43.558241536,0.126623829242405,0.126626725160676,0.31262918781042,0.0352200538513837,0.0353244768861931,0.0134359820577397,0.00275507757381039,12,0
1,43.656404992,accepted,0.081434403593494,-0.0723218825733314,-0.0433429896275177,-0.283163599033933,-0.0462045220982441,0.0696876506053198,0.0672649619759975,0.00681633066175902,-7.83369006223873,5.54232954772798,2.05682663675437,0.02,0.09,0.04,2.24449341806471,-7.76982388162344,5.58705652053216,2.32210988040542,0.0557820757181655,0.0354166400338465,-0.0223633099584848,2.2383902129866,43.656404992,0.118429118656744,0.118432087965723,0.290907645292414,0.0366681272842842,0.0367946518768517,0.0133606529817971,0.00262550056644648,13,0
1,43.758541824,accepted,0.870427145889048,-0.0793653069102787,-0.0481714720472883,-0.324618123229215,0.210073790379117,0.0422319960479342,-0.229766843741764,0.000943601281377937,-7.84200608143622,5.54232955667864,1.9902688414901,0.26,0.08,-0.27,2.24274808881271,-7.74495691350384,5.59172790831788,2.27561703523454,0.121563691706289,0.0515130046323799,-0.0724356564477723,2.24223480631182,43.758541824,0.110878687849919,0.110880807019363,0.27195360719884,0.0310259402840782,0.0310992145747749,0.0125357689647894,0.0025228801111645,14,0
1,43.870704128,accepted,0.24947630735508,-0.104510523412757,-0.0425752620402617,-0.354270128974481,-0.176349473793946,0.0213733743304384,-0.0880270081663393,-0.00131645609425313,-7.84200606916588,5.55343642034224,1.91717791513358,-0.15,0.06,-0.08,2.24274808881271,-7.75759290080996,5.59474645017325,2.24427494902294,-0.0138640195905304,0.0429264086404451,-0.000685702383542151,2.24395955598953,43.870704128,0.104972106804319,0.104974341337075,0.255754249676766,0.0326351347608486,0.0326630279754293,0.0126718766949274,0.00245755343653485,15,0
1,43.956815104,accepted,0.237797529956728,-0.113422633221578,-0.0438844577533297,-0.382835266326583,-0.0105607340494484,0.20168891317616,0.0320272215719949,-0.00487335467182604,-7.87527014492942,5.5534364571801,1.86106342050528,-0.1,0.23,-0.01,2.24100275956072,-7.76964671092725,5.60730895790762,2.22219767635599,-0.0920885881264579,0.0652091568246155,-0.0401629958071061,2.24536950280392,43.956815104,0.0994768429616082,0.0994790961931968,0.241248552528347,0.0326237342469792,0.0326419952993729,0.0127542314908413,0.00237750633846815,16,0
1,44.056986112,accepted,0.944662270878967,-0.106430045210209,-0.0238085548877525,-0.414579949415339,0.0299563540733635,0.390941168588299,0.160433416370415,-0.00938650961556275,-7.89190214665264,5.58675706831486,1.79578666077692,-0.12,0.42,-0.05,2.23925743030872,-7.78960593502329,5.63701660930409,2.19443635206838,-0.144189933283059,0.105835026930556,-0.197619965328353,2.24741698137862,44.056986112,0.0948876657409959,0.0948899125200582,0.228586784736733,0.0322547618334916,0.0322672649486461,0.0129485009940366,0.00233026310936932,17,0
1,44.15715328,accepted,0.18670832924789,-0.129377700827975,-0.0388484562199194,-0.440561545964877,-0.0041721901827845,-0.0228053528661808,0.146642675069261,-0.00863957207380484,-7.93348221850262,5.60897084349744,1.73051240339692,-0.21,0.16,-0.08,2.23925743030872,-7.81172652703525,5.64386254130391,2.15457945380742,-0.20680886087842,0.177927481215752,-0.215560074612186,2.24727926838681,44.15715328,0.0908069445774985,0.090809091083461,0.217315253879697,0.0327522454288125,0.0327801603251654,0.0131113418846198,0.00229483085098156,18,0
1,44.257279232,accepted,0.570669109549611,-0.125792930962589,-0.0432514361038008,-0.46660100524365,0.272095309645075,0.111655003939886,0.113095828400447,-0.0165136669753587,-7.96674628199582,5.6200777439989,1.66526500455596,-0.07,0.29,-0.09,2.23402144255274,-7.8265458032216,5.66965294509769,2.11395572023081,-0.285373190742179,0.201556745262013,-0.192474607275263,2.24848626610634,44.257279232,0.0871816351878985,0.0871841454980724,0.207236624252,0.03349005800898,0.0335533124710591,0.0133174277706564,0.00226983173415314,19,0
1,44.357431552,accepted,1.78950962512429,-0.13897735021723,-0.0588643924759076,-0.501597232453918,0.48427521906946,-0.0877945758090358,-0.12967216959826,-0.0142480659483435,-8.00001034523239,5.63118464545386,1.60000042292293,0.07,0.16,-0.23,2.23402144255274,-7.81749464952399,5.67764479641303,2.06737569777474,-0.279738340925816,0.222845732265197,-0.109915192061058,2.24621000590839,44.357431552,0.0835284439545287,0.0835311194772312,0.197975263853668,0.0316019938452176,0.0316932101004357,0.0130287463528182,0.00225116450104383,20,0
1,44.459641088,accepted,1.08783944927898,-0.137396856654147,-0.0393114271843347,-0.47614618318404,0.397686486800936,-0.0109946569205005,0.10954890113126,-0.0130972768811812,-7.9833782699017,5.66450522062123,1.57755056739291,0.09,0.32,-0.01,2.23227611330075,-7.81690779535276,5.70074280277499,2.03890131197215,-0.211769775395192,0.327813640520961,-0.105350837425455,2.24284961945522,44.459641088,0.0804691602153868,0.0804713758691273,0.189712406361561,0.0309779255885372,0.0310384515773167,0.0129601151008991,0.00224161265925885,21,0
1,44.55983744,accepted,0.415771333133194,-0.14914525660851,-0.0444539055439837,-0.476146535973293,0.229395712012491,0.00317354784455084,0.0401271475181853,-0.00963234102183463,-7.98337824523636,5.68671894863693,1.55554317334214,0.08,0.19,-0.01,2.23402144255274,-7.81990091268908,5.72927799516501,2.01321611171243,-0.0921933251066034,0.187391468727886,-0.0452050733248051,2.24257580339386,44.55983744,0.077585321727422,0.0775878055472268,0.182130666651277,0.0302362278548416,0.0302771338254985,0.0127044012908901,0.00223560243986971,22,0
1,44.6580032,accepted,1.04279108202634,-0.134462976889312,-0.054379124954977,-0.479050779265999,0.375440809851679,-0.079533873641277,0.0340381442939837,-0.00312827510758673,-7.96674619534086,5.6978257936228,1.53398178393535,0.3,0.13,0.09,2.23576677180474,-7.80290475574233,5.74202152492695,1.99515299255126,0.0211124438370027,0.188524977017335,0.0608054796577116,2.23819941137027,44.6580032,0.074878726133766,0.0748806862665451,0.175146109935159,0.0294312562986351,0.0294719447421197,0.0124231334881962,0.00222929268810929,23,0
1,44.760190208,accepted,0.492585878629764,-0.152619932121947,-0.0468000475391603,-0.494581093383263,0.165072459107288,0.168634696658866,-0.120708668713809,0.00232614662990915,-7.95011414299656,5.70893263938993,1.51153715689019,0.16,0.27,0.05,2.23751210105673,-7.79130646950399,5.76718888960012,1.97735459977858,0.0301302975249568,0.138460428894742,0.159657601039833,2.235372521698,44.760190208,0.072672177036534,0.0726744367875205,0.168933400536296,0.0304013541374511,0.0303947120528645,0.0124481272341411,0.00222959494375785,24,0
1,44.876392704,accepted,0.446183759994892,-0.152950157031897,-0.0593895273777285,-0.508128326150184,0.239323649298783,0.0128237204332771,0.0372866276509032,0.00480256620257036,-7.94179811437339,5.72003949461073,1.48601413067109,0.23,0.11,0.11,2.23925743030872,-7.7738189192647,5.77793754711725,1.97641106670237,0.0480666268979833,0.0999597836184292,0.0765969893116895,2.23496069626723,44.876392704,0.0708711204161739,0.0708735418522786,0.163418335943879,0.0300117821518914,0.0299822688878785,0.0124863941494922,0.00225470387502983,25,0
1,44.958524672,accepted,0.492870424774833,-0.164176702241219,-0.0695927237922129,-0.511324053825214,0.17937109594719,0.0085440316410858,-0.126030585498423,0.0026997580350665,-7.93348209504393,5.72003948523035,1.4679744461131,0.32,0.13,-0.06,2.23751210105673,-7.75700037962828,5.78750882238265,1.94689915842775,0.19121251315959,0.123225847714564,0.0489195335638631,2.23498034791892,44.958524672,0.0682112842418148,0.0682127349826023,0.157508705243545,0.0260390614185897,0.0260518108016984,0.0116959178279549,0.00222541210944246,26,0
1,45.058657024,accepted,1.12208000970054,-0.150874638139221,-0.0415615613993863,-0.506846283716685,0.0502739109365525,0.413602265379165,-0.0829410036748131,0.00362390192875406,-7.89190195062755,5.76446689755114,1.44598110919307,0.19,0.64,-0.06,2.23925743030872,-7.74387230399072,5.83397287907515,1.92815369603235,0.148048497825498,0.304969772208825,0.0146248036300672,2.23573881244793,45.058657024,0.0665376835811887,0.0665391855515177,0.152675186785367,0.0267810247766137,0.0267859526216683,0.0117442804141048,0.00222371065764976,27,0
1,45.156819712,accepted,1.81407921060187,-0.105553410903576,-0.0646644234993667,-0.503684117057468,0.235388593823285,-0.390915908415744,0.10208073780628,-0.00120394882904362,-7.8336897825353,5.79778742683104,1.42442039452855,0.4,-0.14,0.07,2.23576677180474,-7.70869781480032,5.82020753417504,1.9194803931803,0.226788692095569,0.146655759133577,-0.0205888609175758,2.23672022153464,45.156819712,0.0646168745505302,0.0646181649004234,0.147873583851351,0.0247304832505263,0.0247304931446587,0.0112661096857749,0.00222854264879376,28,0
1,45.258929664,accepted,0.203312885677742,-0.120104820869304,-0.0502817794187544,-0.514295809081888,-0.0415472845007134,-0.0753995410823296,-0.0853003415183241,0.00244309655641795,-7.80042571813301,5.78668052486335,1.4019926922688,0.39,0.08,-0.1,2.23751210105673,-7.68925603394238,5.82748562032688,1.88945326338838,0.420332117749684,0.13535877573746,-0.0259603315643696,2.23509216120036,45.258929664,0.0629012555655518,0.0629026432683365,0.143453700114496,0.0234893997015389,0.0235809028563615,0.0108503396144462,0.00222819262585327,29,0
1,45.359058176,accepted,0.209830336359252,-0.128418801239438,-0.0634114654169879,-0.504696930883168,-0.0761105413651039,-0.0581095547012775,0.0911163262199566,0.00678857001120026,-7.77547766183088,5.78668049783557,1.38000019877661,0.28,0.19,0.01,2.23925743030872,-7.65830316954863,5.84288433315559,1.8744353185196,0.339047066518725,0.23521957082998,-0.0731146209465524,2.23310696392036,45.359058176,0.0614402318650882,0.0614413131321442,0.139461827235035,0.0232607061162711,0.0232794720480756,0.0106736445499589,0.00222221025136881,30,0
1,45.459171584,accepted,0.461006796842251,-0.145858702564736,-0.0657292697220733,-0.476389337382476,-0.194928331347428,-0.0663419099621825,0.0625168414937884,0.00339168767623033,-7.76716163037034,5.79778735436143,1.38801335334996,0.22,0.11,-0.04,2.23751210105673,-7.64524281140674,5.85475174390624,1.8542235918642,0.365928993145661,0.159601784352073,-0.0957048187914768,2.23464997965218,45.459171584,0.059937178316819,0.059938224545289,0.135586595127835,0.0221518262886514,0.0221857963514629,0.0102919651132679,0.0022217876894629,31,0
1,45.55933568,accepted,0.923817704063201,-0.058787598923872,-0.0336357807211209,-0.448846844550132,0.220939401919684,0.230668373563295,-0.0935066107328577,0.00442286997838215,-7.66736935699689,5.84221470348917,1.3960308363833,0.69,0.45,-0.15,2.23751210105673,-7.59236511134401,5.89379757690116,1.82198505918463,0.518017083398432,0.270528199522045,-0.0684556052833234,2.23336891717679,45.55933568,0.0586214233469952,0.0586227147465011,0.132049866590277,0.0220938323303305,0.0221614708740659,0.0100752467916523,0.0022156118168715,32,0
1,45.657507072,accepted,0.934284253976277,-0.0592534014119668,-0.0534276064130479,-0.408763221308369,-0.214539197738439,-0.153465435458225,0.254830558117199,0.00381978596537369,-7.60084117011032,5.87553522483634,1.40388881644953,0.32,0.19,0.12,2.23751210105673,-7.5579844838807,5.91686455129911,1.81665432763552,0.496388066365424,0.316127301317226,-0.115054170791324,2.23440613706237,45.657507072,0.0575364438234657,0.0575374737211909,0.128894385426443,0.0226577845326246,0.022699324475017,0.0100856892043727,0.00220808356351854,33,0
1,45.759675392,accepted,1.16619731388987,-0.0742716665622289,-0.0621265037938485,-0.39440034066035,-0.349879487480686,-0.201303550747392,0.229379230399767,0.00163328291742904,-7.57589310271088,5.88664206310312,1.4120667245509,0.18,0.17,0.25,2.23576677180474,-7.52426097394375,5.93504742760165,1.80686701299292,0.475902753208726,0.33990899041062,0.0356128314456245,2.23501262984699,45.759675392,0.0567481529087668,0.0567492375234362,0.126148450125404,0.0251244816328331,0.0251562439268595,0.0102790953183843,0.00220467141541074,34,0
1,45.877782784,accepted,0.771542579113014,-0.0955494390583311,-0.0780714876796882,-0.39426649484661,-0.356069290461231,-0.107863945426157,0.0558005862086688,5.33514075939934e-06,-7.55926105372448,5.89774890886052,1.42152045147789,0.19,0.24,0.17,2.23576677180474,-7.49060309087168,5.96588911916939,1.80713391924229,0.484506016708524,0.328823745469821,0.118746011471874,2.23651345832725,45.877782784,0.0563728611840313,0.0563741988725233,0.123879659780005,0.0275486491332751,0.0275991662972226,0.0105486095636954,0.00222354779301974,35,0
1,45.9599168,accepted,0.593462829781312,-0.0626697193554087,-0.0711428042475584,-0.38144182957979,-0.287868031851793,0.00139394578706931,0.067461279362444,4.47262925371561e-05,-7.50936491672611,5.91996258479831,1.42809474412403,0.27,0.29,0.06,2.23576677180474,-7.47229616179382,5.98867336657331,1.8032764479163,0.499123700632246,0.288298472587553,-0.00121278205583549,2.2361544130253,45.9599168,0.0551741586936054,0.0551754622362045,0.120946984256477,0.0255089029600757,0.0255727459712672,0.0103155160855856,0.00218469004661088,36,0
1,46.060077568,accepted,3.49932716504234,-0.0781193633588515,-0.088267527211487,-0.352032423913021,-0.356548098445149,-0.289660696422083,0.618296892997833,0.00405937465357731,-7.49273287949683,5.91996256740971,1.43611196077267,0.25,-0.14,0.26,2.23751210105673,-7.44292082247037,5.98486589238725,1.81804690160505,0.545356818626217,0.102916085988301,-0.315509130728618,2.23284185790507,46.060077568,0.0545732102614025,0.0545749102957402,0.11865533088463,0.0245774783947809,0.0246322552847577,0.0103829657791098,0.00217255690689171,37,0
1,46.158243328,accepted,5.17383289014021,-0.104386337334678,-0.0829390534109091,-0.329554319540647,-0.700052043859529,0.0844997373493585,0.737498804453182,0.0105329950171127,-7.48441687256968,5.90885569549015,1.44396949003401,0.1,0.14,0.33,2.23925743030872,-7.42879049073243,5.99431293048182,1.8060898964477,0.6951546610618,0.0674740142219163,-0.359587633834712,2.22858933100207,46.158243328,0.0541068706169045,0.0541091654873953,0.116577508984366,0.0255096014031843,0.0257561626431221,0.0105963485710763,0.00215112086672112,38,0
1,46.258386176,accepted,2.26177334677029,-0.0934397475474293,-0.0750921795380757,-0.326308983913652,-0.29471783063991,0.268744728053683,0.521146130930566,0.0133589443568503,-7.45946880542685,5.91996253280343,1.45198527230344,0.21,0.29,0.32,2.24100275956072,-7.39032681118006,6.01129267924443,1.80083287985235,0.45558842259109,0.0637157656788474,-0.1684292999716,2.22817935817224,46.258386176,0.0537295104706866,0.0537332309977591,0.114660071081176,0.0273307975021954,0.0273140598891929,0.0106031324623754,0.00213691237626737,39,0
1,46.358516224,accepted,1.61324556940072,-0.0975374977358712,-0.0817112631535117,-0.325668058161997,-0.297703890315584,-0.0505017003836212,0.45870671661477,0.0028452787743376,-7.44283674509382,5.9421762459271,1.46000001875891,0.17,0.2,0.3,2.23402144255274,-7.3711298524573,6.01724566266491,1.80574014269445,0.416894052827663,0.241252699285485,-0.129962495580717,2.23165900383368,46.358516224,0.053406775465941,0.0534103049610754,0.112864358787112,0.0278881684374124,0.0279421569879868,0.010657989834414,0.00212797236834758,40,0
1,46.458659584,accepted,1.83158341049081,-0.0887395589596958,-0.0907718782636771,-0.325623484630221,-0.293634638358994,-0.100813181486036,0.498820337061463,-0.00441944014391815,-7.41788867575151,5.95328308333932,1.46500956825867,0.13,0.13,0.3,2.23053078404875,-7.35510562114349,6.03316607752165,1.81392358303541,0.373998165400061,0.213574086223626,-0.167968512035433,2.23502860094954,46.458659584,0.0531407507853136,0.0531450468239652,0.111194756197288,0.0279759379516177,0.0280164657700243,0.010704772771407,0.00211809200939207,41,0
1,46.558782464,accepted,1.41783349153702,-0.0878759682420815,-0.119826209289564,-0.32987353258928,-0.170310254402778,-0.292217136152393,0.365088876300178,-0.00397315199331905,-7.40957266895631,5.94217621115476,1.47001809327139,0.24,0.02,0.29,2.23053078404875,-7.3398220174167,6.03251285274813,1.81753486162871,0.377692166084165,0.258119329366022,-0.0499391875476769,2.2347705543251,46.558782464,0.0527843332913828,0.0527881450407773,0.109551966887996,0.0281545004685079,0.0281973412063739,0.0106746009365806,0.00210323112706076,42,0
1,46.65692544,accepted,1.92735167873601,-0.0824198136578529,-0.11042080129979,-0.333935288694677,-0.257539512058338,-0.156391418752789,0.482420380351715,-0.000348165117745047,-7.37630859501829,5.94217617697818,1.4749275760002,0.29,-0.04,0.32,2.23227611330075,-7.32039162705153,6.03494941501939,1.83648366150218,0.498471257180401,0.0878156785532209,-0.128529215179274,2.23235046587811,46.65692544,0.0523867625892626,0.052391055046214,0.107941628813898,0.0271026255089474,0.0271675304636904,0.0106137606771633,0.00208286782354838,43,0
1,46.759091456,accepted,2.70525949317986,-0.120339125208545,-0.149560741684697,-0.340711164139307,-0.158610861745927,-0.398050497066567,0.504650337831288,0.0101853529447524,-7.39294067781718,5.89774873524305,1.48003830640055,0.28,-0.21,0.36,2.23576677180474,-7.29229779921326,6.00449778787428,1.8526281811011,0.406481677920048,0.113554355888012,-0.107950841390065,2.22616879834469,46.759091456,0.052040778499881,0.0520449817406802,0.106460438839228,0.0264137055609175,0.026456477658588,0.0104876650022531,0.00206499610374756,44,0
1,46.869248256,accepted,4.46767449656869,-0.173478418590161,-0.134428165303218,-0.352370410694999,-0.564327058684894,0.0353546631228166,0.621315073566928,0.00998085914282765,-7.40957274951875,5.86442816019188,1.48554876602898,0.04,-0.09,0.41,2.23576677180474,-7.29926568209672,5.9981900731554,1.88248133401664,0.494690300967291,-0.118758399244251,-0.1618432214779,2.22495709845089,46.869248256,0.0518752553153761,0.0518798541936857,0.10519994004662,0.0256474361441488,0.0256555636000043,0.010432868940268,0.00205656881601274,45,0
1,46.95738112,accepted,3.74532318981376,-0.119445515254403,-0.115450252509511,-0.382393198363724,-0.612882940500654,0.191236563402776,0.519062257426124,0.0180038039653061,-7.36799264476538,5.87553498106386,1.48995750510826,0.05,0.14,0.47,2.23925743030872,-7.30573144443732,6.00356186135835,1.90142097455883,0.561840535221784,-0.021380233747445,-0.0123897802514116,2.22207282840337,46.95738112,0.0513289941074341,0.0513336957215879,0.103650754923937,0.0254382656897335,0.0255952331142347,0.0103315003862856,0.00201996099254863,46,0
1,47.057546752,accepted,3.69924699013051,-0.0742332439065292,-0.0914909014410537,-0.403860218518709,-0.535484008294502,0.188788772179414,0.594317179043709,0.0118138219259323,-7.31809649705826,5.90885552316182,1.49496816873767,0.09,0.15,0.5,2.23751210105673,-7.29296761331256,6.01350591976335,1.932836304634,0.539606932986225,-0.0101262309630858,-0.0545240881691213,2.2262875963269,47.057546752,0.0511664195694237,0.051171676801919,0.102476692931205,0.0250181724955188,0.0251657356102335,0.0102880788656289,0.00200137223215882,47,0
1,47.157672704,accepted,2.84595254353564,-0.0897593138880026,-0.0999739924036938,-0.412864595470596,-0.462818011880273,0.146796657083011,0.537722388881669,0.00715948299753144,-7.32641251573522,5.90885553151186,1.49997684742345,0.07,0.05,0.22,2.23576677180474,-7.2794039295617,6.01810950005605,1.94218742614111,0.463025162922275,-0.0757695341786117,-0.283481256712891,2.2284856054976,47.157672704,0.0510500624082352,0.0510560294995096,0.101391592079858,0.0241133531796263,0.02417089209694,0.0102359694676312,0.0019827971229418,48,0
1,47.25983232,accepted,6.10302003838467,-0.12754294128028,-0.127793172546633,-0.408191452572167,-0.563224889136348,-0.244046939305,0.541129344079435,0.00770638708196847,-7.35967661447055,5.88664183740774,1.5050872576716,-0.12,-0.21,0.24,2.23576677180474,-7.31795466738455,5.97542997351335,1.97564395919841,0.303869532417137,-0.024860805434042,-0.240263902084134,2.22780206309144,47.25983232,0.0500228162544514,0.0500275805821998,0.0996478441841999,0.0214445340314071,0.0215041126866318,0.00965529854536443,0.00196671858283919,49,0
1,47.35804032,accepted,7.87537963547319,-0.0864112128702397,-0.081872856926072,-0.439322484352179,-0.617281664586089,0.239034798469283,0.859669967316104,0.00696913754785689,-7.36799263353609,5.8866418459287,1.50999999314674,-0.23,0.18,0.56,2.23402144255274,-7.34400313080885,5.98862875590752,2.01515255023727,0.286463071468736,-0.0217747951855775,-0.236945043546096,2.22736638188474,47.35804032,0.0496433103039599,0.0496480278924721,0.0984315805889616,0.0208848194648234,0.0209523802472444,0.00949191919219479,0.00194518448530818,50,0
1,47.458205696,accepted,3.13313561919888,-0.0683815363909677,-0.0896180740289525,-0.467797789027798,-0.514164630309276,0.161630566443334,0.507162457228541,0.00465242646938169,-7.37630864097648,5.89774871802537,1.53204856148585,-0.05,0.11,0.41,2.23227611330075,-7.35280095128531,5.99776388495701,2.02719647087757,0.391661717587791,-0.0300780281771368,-0.0654114676683792,2.22789573979493,47.458205696,0.049523846851695,0.0495290598869917,0.0974863622865107,0.021505826249217,0.0216526560656158,0.00947457377585015,0.00192477445633309,51,0
1,47.558304,accepted,2.16976928188796,-0.039228908075974,-0.0590669975000715,-0.471543432562815,-0.366001365867003,0.396930432051528,0.350759148107921,0.00522334620509035,-7.35136054866237,5.93106928568486,1.55408238911316,0.03,0.27,0.37,2.23227611330075,-7.34191185026425,6.01880639857189,2.03916025467813,0.348109098834023,-0.076771844527556,0.0391704814768353,2.2275073197991,47.558304,0.0495155435196998,0.0495211940011623,0.0966741766066558,0.0221050196613018,0.0221748914738902,0.00945736491660877,0.00190402689861929,52,0
1,47.658525952,accepted,2.94343392854731,-0.104089452880776,-0.119851683296949,-0.4652850407748,-0.342062521447807,-0.336965326780187,0.414662481231556,0.00605949229268532,-7.40957272653966,5.88664188862623,1.57614343437162,0.07,-0.42,0.42,2.23227611330075,-7.34640637126039,5.96653822024072,2.07233914698995,0.349113603656232,-0.141827831992052,0.0369914127821052,2.22489484818663,47.658525952,0.0490641265092144,0.0490695205943205,0.0955285319770536,0.0209779914043426,0.0210599968515178,0.00921697316629632,0.00188349484968579,53,0
1,47.758679552,accepted,6.56426301359471,-0.117493920757916,-0.108207592674829,-0.472328281438716,-0.581479195387876,-0.0988797312673177,0.602657708125915,0.00890259085263034,-7.43452081898572,5.85332132139645,1.59818943385883,-0.36,-0.02,0.46,2.23402144255274,-7.39711443366987,5.94511155800246,2.13669893976563,0.100509994837502,0.0576336172516253,-0.0845879997465945,2.22636204940398,47.758679552,0.0482741365668874,0.0482778488237808,0.094084334756789,0.0187467032702822,0.0187854997099263,0.00874197319091487,0.00186422918879856,54,0
1,47.874784512,accepted,2.2892121470983,0.00840244003597945,-0.0421108452013428,-0.512879013068428,-0.255827778484461,0.34141476287378,0.474646708184503,-0.00457720287036256,-7.37630862922667,5.90885558298429,1.62374667681986,-0.15,0.38,0.48,2.22878545479676,-7.4042055428731,5.9755002730899,2.15898067102008,0.0749135245168083,0.0780957667621043,0.0290455348186516,2.23320153205104,47.874784512,0.048649037892335,0.048653402693484,0.0937562075963231,0.019728845898773,0.0197757887801698,0.00878782663985275,0.00186053350381194,55,0
1,47.958910464,accepted,2.01954061518374,0.00249202173077112,-0.0748050046842996,-0.520131885885103,-0.246230983409989,-0.105916869866359,0.49105096398006,-0.00542395321306177,-7.39294066606737,5.90885560020197,1.64226464017467,-0.12,0,0.55,2.22878545479676,-7.41655598120164,5.97229459195879,2.19021069650986,0.0929922758455579,0.091288206180156,0.0865694481248501,2.23407153126343,47.958910464,0.0481235500731173,0.0481276755463135,0.0925999575435392,0.0193202745772074,0.0193683318318455,0.00862705092030304,0.00182606713271689,56,0
1,48.057087488,accepted,1.50417497125055,-0.0382046365861948,-0.123668453153265,-0.524277537968306,-0.097649628545913,-0.146165721766987,0.431464701884445,-0.0043963939072369,-7.44283683779465,5.8533213301762,1.66387555202166,0.08,-0.19,0.31,2.22878545479676,-7.41484364000132,5.96030816799485,2.21273463545079,0.163172519093571,-0.0637745322159171,-0.096961522274451,2.23265267464825,48.057087488,0.0479176343279546,0.0479222487567258,0.0917735705246355,0.0186001791674269,0.0186543762085033,0.00851919212530361,0.00180509055135843,57,0
1,48.157200128,accepted,1.26648510441008,-0.0201568015436644,-0.134470755799954,-0.519168005591595,0.0651349795546215,-0.0877928699337335,0.444494276446438,0.00794335947173508,-7.42620483284548,5.82000072017558,1.68591253531635,0.04,-0.11,0.41,2.23402144255274,-7.40184481391939,5.94358681658799,2.2253310924919,-0.0183621944714103,-0.0332153724346734,-0.0138201599419863,2.22659971033631,48.157200128,0.0479363908950968,0.0479408616772345,0.0911900873666732,0.0189947583166351,0.0190502856467791,0.00845119955137748,0.0017850817281591,58,0
1,48.257341184,accepted,1.94249792224318,0.0222995358459723,-0.124645950974455,-0.513528311171443,0.0233182428741908,0.0998187799102786,0.611757673712914,0.00139785161875849,-7.38462473932139,5.82000067687743,1.7079557735946,-0.03,0.1,0.56,2.22878545479676,-7.40478516942811,5.94745970299509,2.24811855463193,-0.0511438413356712,0.00890650099993449,-0.0271942850200275,2.22731285073987,48.257341184,0.0481233474532661,0.0481278607209883,0.0907773323153731,0.0194036928879571,0.0194757417922223,0.00847043079535028,0.00176619017615823,59,0
1,48.357487616,accepted,1.00797215465539,0.0241067495084319,-0.124189163367195,-0.518481851902424,-0.00993490873831807,0.269895591067172,0.377520166117244,0.00012387964962457,-7.38462473932139,5.82000067687743,1.72999971657741,-0.05,0.21,0.36,2.22878545479676,-7.40867802842402,5.95746498233633,2.25854206580035,-0.0409118931213349,-0.0361803242750579,-0.00441512708520578,2.22840588124698,48.357487616,0.0484219810833388,0.0484265801852441,0.0904794676956511,0.0200626213729119,0.0201250902768102,0.00852512972566583,0.00174722612758099,60,0
1,48.457606912,accepted,1.68062059789168,0.0232080865051882,-0.13544880219336,-0.560844194195725,-0.030834402282705,0.141122912609719,0.535515569338357,0.00452426135309825,-7.3846247510712,5.80889381191851,1.69800865726585,-0.01,-0.02,0.59,2.23053078404875,-7.40965692383115,5.95121151622942,2.28348232835114,0.0172257972154309,-0.146087737450697,0.0775703372345875,2.22611127623249,48.457606912,0.0485543722446954,0.048558859574577,0.0900723211292981,0.0204236349110645,0.0204312862410178,0.0085209493781721,0.00172801778638638,61,0
1,48.557788416,accepted,1.75368942912236,-0.0116030476037636,-0.151882524855665,-0.625708457934982,-0.263690647465643,0.26244177147866,0.400367297894687,0.00799167191899297,-7.41788884864081,5.78668011799636,1.66599772066893,-0.21,0.16,0.46,2.23227611330075,-7.42952360262794,5.95646155342124,2.30889921232137,0.0215172685853937,-0.0718663163437251,0.0783054004993893,2.2243649204496,48.557788416,0.048580352019374,0.0485845168681229,0.0896030385039401,0.0202107793830312,0.0202503434849231,0.0084554546356008,0.00170955073590039,62,0
1,48.65793152,accepted,0.51763957072236,-0.00462756287524257,-0.153727143893536,-0.690548194279702,0.0322675829013859,0.286788501634459,0.0914468449225355,0.00208591084567411,-7.43452087696494,5.79778700085175,1.63399905400123,-0.01,0.27,0.39,2.23053078404875,-7.42783106417322,5.96639226806119,2.31464852273732,-0.0391985811432753,0.00950129545299183,0.299930025629574,2.22841501315579,48.65793152,0.0489009990613424,0.0489049291385453,0.0893959093098726,0.0211437327185247,0.0212182165187295,0.00847454254655726,0.00169077102842584,63,0
1,48.75808128,accepted,0.367711080641492,0.015460756315024,-0.165266981851148,-0.744959305874215,-0.138948756045759,-0.0723027122622203,0.0985177001636339,-0.00674886715422396,-7.41788882552976,5.80889384669571,1.60199826054581,-0.18,0.02,0.43,2.22704012554476,-7.44730037750672,5.96136470727258,2.33966919538937,-0.0607535687132443,0.0803340746088534,0.33485576924439,2.23354519721559,48.75808128,0.0486760265811808,0.0486795255028136,0.0887856603443803,0.0204074802145913,0.0204865479906197,0.00831763648210861,0.00167229115466802,64,0
1,48.87624448,accepted,0.649157361453715,-0.0146263969614218,-0.166891598322298,-0.812631605288272,0.00418377739072538,0.321081385681402,-0.0767406656773978,-0.00578302698219568,-7.46778495168012,5.79778703537015,1.5642416432835,-0.06,0.35,0.21,2.22704012554476,-7.45332998829002,5.98309759475054,2.35390145048906,-0.0638603859412486,0.0590514848795554,0.281000968666206,2.23233725000522,48.87624448,0.049507229075681,0.049510837804853,0.0890703360475519,0.020905787867075,0.0209892508994239,0.00839161771416952,0.00166696781295938,65,0
1,48.958394112,accepted,0.671333093114861,-0.0256357530408451,-0.21240913617331,-0.835472966829502,0.149574459761141,-0.258813818626963,0.0267375468954319,-4.15145870240607e-05,-7.48441701189579,5.77557332405321,1.53799242005949,0.06,-0.18,0.16,2.23053078404875,-7.44590326666375,5.9575085487015,2.35699145648252,-0.072036918173057,0.0458268690373308,0.131762773452165,2.23077599558338,48.958394112,0.0489545382703639,0.04895772855217,0.0881903679577275,0.0197694670666176,0.0198530589233963,0.00823252493442053,0.00163623115596971,66,0
1,49.05651584,accepted,0.426418966681967,-0.0625768298194442,-0.214888197125517,-0.857124052690642,-0.0953489392708711,-0.128440430198275,0.0203997122137296,-0.00326991640950247,-7.51768111049916,5.75335962951938,1.50663964246704,-0.15,0.04,0.06,2.22704012554476,-7.47083794738374,5.94290008199335,2.34797461603738,-0.0727100695200743,0.14275834367583,0.0386558443698103,2.23037318277395,49.05651584,0.0479762977819499,0.0479783256344483,0.0870034285061308,0.0177684923552686,0.0178304203617697,0.00785997805907711,0.00161700629475159,67,0
1,49.15868288,accepted,0.531363840798962,-0.0465197714883239,-0.19101780935007,-0.888825676908211,-0.0582530583193582,0.181261577117957,-0.172410482078948,-0.00364907763370947,-7.52599711755827,5.76446650325805,1.47399426872883,-0.16,0.3,0.04,2.22704012554476,-7.48529804537272,5.96291035526913,2.33190766083161,-0.107643228101849,0.134191006167554,0.202442584476845,2.2304365136596,49.15868288,0.0482446660399089,0.0482467784369608,0.0868642271040967,0.0183473670478028,0.0184282046861758,0.00784694331752239,0.00160102107457314,68,0
1,49.258845696,accepted,0.868124087665387,-0.0590219864335646,-0.208575137616302,-0.910986718756187,-0.084052934084906,-0.165176961954036,-0.196370753497501,-0.00404850354728348,-7.55094517359648,5.76446652942641,1.44198930349746,-0.1,-0.1,0.02,2.22529479629277,-7.50530077770235,5.94383417030184,2.30782192610339,-0.0308268548117475,0.034722510837031,0.198429522216279,2.22905932657986,49.258845696,0.0474552083354835,0.0474579626708602,0.0858248301682779,0.0169027082965667,0.0169739205971498,0.00753493115468651,0.00158405100221168,69,0
1,49.358961408,accepted,1.60049317697972,-0.0788412943434107,-0.19663720413358,-0.917136513220822,-0.0224154962182267,0.125269568736384,-0.463016427900248,0.00221227363905374,-7.58420926264952,5.75335969975256,1.40999913967955,0,0.23,-0.22,2.22704012554476,-7.50969261373904,5.954670001071,2.2699847308579,0.0196817374271158,0.116611826840642,0.218216277822315,2.22509778719771,49.358961408,0.0474571450390732,0.0474595248997073,0.0854773764131437,0.0168530637696109,0.0169406082967225,0.00746112589883059,0.00156779352511995,70,0
1,49.45910272,accepted,1.26224471505422,-0.101879050804892,-0.200922748593721,-0.927116332135388,-0.291093563566626,-0.0189179434948622,-0.266798018219077,0.00291697638768884,-7.60915730693791,5.76446659087983,1.36491613689921,-0.27,0.06,-0.08,2.22878545479676,-7.53877736561833,5.95731263649878,2.24777270015936,-0.0142468478589735,0.0749335747955578,0.16982662137271,2.22596503916021,49.45910272,0.0472895917795751,0.0472921240883681,0.0849894023177618,0.0163895672454882,0.0164762657024223,0.00733386967148529,0.00155087945285118,71,0
1,49.557254912,accepted,1.36608115604764,-0.0774594306725191,-0.192172159769664,-0.944478512946713,0.157267254375468,-0.0763796406404435,-0.418632423197404,-0.00203572046028899,-7.62578933254933,5.77557347296236,1.32072862370953,0.01,0.03,-0.19,2.22704012554476,-7.53842981197479,5.95579824037357,2.2138005149966,-0.13295440946731,0.0974687293182663,0.207981062044154,2.22901937090607,49.557254912,0.0473383051766782,0.0473405941099315,0.0847119312587173,0.0164751818260063,0.0165614062864574,0.00726688813874023,0.0015325561420401,72,0
1,49.659429888,accepted,1.30562725194677,-0.0745953292137136,-0.168589187418527,-0.966105921687085,-0.048616063096112,0.131636420441341,-0.40363702179732,-0.00676179336709426,-7.62578930866113,5.79778720201459,1.2747300779037,-0.11,0.18,-0.13,2.22529479629277,-7.55767881930048,5.97224090575269,2.18832367268976,-0.0668885498499029,0.060297966244102,0.252601022002322,2.23176561255433,49.659429888,0.0474275412983611,0.047429963729577,0.0844906445915541,0.0165074677049381,0.0165955174556059,0.00720950846256572,0.00151711472255829,73,0
1,49.757590528,accepted,0.751623990025641,-0.0852093515914891,-0.182348255412737,-0.979533375949356,0.0341748538263464,-0.180544990408524,-0.136994951320025,-0.00121851750992796,-7.6507373648313,5.79778722861265,1.23053876147637,-0.13,0,0.02,2.22704012554476,-7.56336427410188,5.94907560708708,2.17052766232897,-0.159287060550885,0.148969424887277,0.143683918838715,2.22832621604092,49.757590528,0.046543666125244,0.0465460037277911,0.0833773036305876,0.0149775662901911,0.0150548552622037,0.00688011159104689,0.00150062610772003,74,0
1,49.875794688,accepted,2.06344509217771,-0.0976445620749899,-0.179916279396383,-1.02432604451349,0.0462465364816858,-0.136108837407971,-0.549098070743112,-0.0106904577931584,-7.68400144162129,5.79778726441532,1.1773239756153,-0.13,0.12,-0.25,2.22180413778878,-7.58598723436902,5.96177790557887,2.13936126300317,-0.173032771080576,0.242731279374206,0.27394622119796,2.23201712664707,49.875794688,0.0471031548919192,0.0471051678432246,0.0836421198850804,0.0155691126443336,0.0156389745750626,0.00688594322589821,0.00149357833668571,75,0
1,49.957905152,accepted,2.23629576602539,-0.102498365420157,-0.180729631653294,-1.02134056875677,0.0237689600965421,-0.254783233536608,-0.571309519245493,-0.010761073298363,-7.7006334793711,5.79778728240454,1.14035834971251,-0.13,-0.03,-0.28,2.22180413778878,-7.59979551482399,5.95532883940046,2.1022423807349,-0.152828616242903,0.2028711893803,0.267800531296758,2.23211919418925,49.957905152,0.0468398561724293,0.0468416569559145,0.0831106643267311,0.0154556168208968,0.0155387327940211,0.0068185936195245,0.00146763172462669,76,0
1,50.058066688,accepted,1.71300026901057,-0.110336481177249,-0.192031480319225,-1.03038929472644,0.135718858891061,-0.368946478933857,-0.355830987896882,-0.00516907593312954,-7.72558154754769,5.78668044378489,1.09526624221176,-0.04,-0.11,-0.07,2.22354946704078,-7.60877905480588,5.94568045581977,2.07931528891579,-0.165289277068975,0.226112747944099,0.269802944645001,2.22843685646279,50.058066688,0.0470115022938599,0.047013071680429,0.0830145810612773,0.0155699042176541,0.0156499695863909,0.00678881041003397,0.00145304029027801,77,0
1,50.158225152,accepted,3.97249510978253,-0.108340131709509,-0.198422962792807,-1.04660126216811,0.486308918507428,-0.13081966959431,-0.53127957344651,-0.007774774674707,-7.74221359860161,5.77557359819353,1.05017551770651,0.15,0.14,-0.45,2.22180413778878,-7.58950188122615,5.95520382416677,2.02434680299704,-0.283993019702196,0.255485962513417,0.0524608242508037,2.22866100320634,50.158225152,0.0468226827584536,0.0468244328551627,0.082597825230527,0.0148826400439885,0.014988203903155,0.00666131344730812,0.00143690536300655,78,0
1,50.258390016,accepted,0.885146698682964,-0.113084481186247,-0.192154991456769,-1.0210337374812,0.0659974911364506,-0.29775815728715,-0.157448268039296,-0.00389785020815792,-7.72558154754769,5.78668044378489,1.00508191196063,-0.14,-0.06,-0.2,2.22354946704078,-7.61115106676924,5.95060797120474,1.99381891016055,-0.201698673709035,0.211544177253329,-0.0512720092963082,2.22738857015987,50.258390016,0.0469776133314073,0.0469791694535735,0.0825071474644237,0.0148054038786378,0.0148989185385977,0.00662469101818716,0.00142241325815981,79,0
1,50.358528256,accepted,2.04452840705573,-0.117483416578775,-0.201870404237108,-1.02948689801687,0.369513734051718,-0.220046069064709,-0.216986000673176,0.00153283815288496,-7.7505296150864,5.77557360706604,0.960000292175799,0.12,0.06,-0.19,2.22529479629277,-7.59572160625708,5.94685475535131,1.94486498778904,-0.205795803455942,0.251747310947962,0.0126943563169558,2.22344804275269,50.358528256,0.0465954423945207,0.0465970806126005,0.0819438234248133,0.0143555655560102,0.0144398732155444,0.00646254402829144,0.00140828388890422,80,0
1,50.458688512,accepted,2.98203454053242,-0.126697999045104,-0.200619300489409,-1.01526807316862,0.428168051309059,-0.151818322494197,-0.330830126835891,-0.00160595418314013,-7.74221359860161,5.77557359819353,0.937953079187459,0.26,0.11,-0.27,2.22354946704078,-7.56797009559158,5.95195833972255,1.89298624874039,-0.113407102940394,0.240758659052852,0.0385489497772597,2.22446130198898,50.458688512,0.0460771961368259,0.0460791486998951,0.0812384205480007,0.0136928826996917,0.0137717171123857,0.00626696719371141,0.00139330327257862,81,0
1,50.556829696,accepted,2.17433899150057,-0.142399987894966,-0.151070571166178,-0.980084172262445,0.105676639335279,0.487015833219386,-0.31460013749713,0.00495602578209642,-7.71726549232361,5.82000102797975,0.916350449375855,0.04,0.67,-0.25,2.22529479629277,-7.5714238877009,6.00321343689216,1.8532803296374,-0.0584003120447823,0.221847951850677,0.0496118751914717,2.22064622641573,50.556829696,0.0461315107026941,0.0461331961246876,0.0810810492740872,0.0137320023506628,0.0138314485388564,0.00622065612208747,0.00137921218241404,82,0
1,50.658922752,accepted,1.21422082124331,-0.125461922073708,-0.18297919349524,-0.96857699639578,0.342166202284353,-0.268012345302214,-0.00954353378936314,0.00343306989237213,-7.70894945001506,5.84221474842314,0.893877941859515,0.18,-0.2,0.08,2.22529479629277,-7.56305965726316,6.0004929614194,1.84210005949507,-0.137217834772377,0.0459041619442285,0.0864580098253902,2.22242396295934,50.658922752,0.0463616375090894,0.0463631590326601,0.081100686634817,0.0139354235607406,0.0140271976530863,0.00619817569310771,0.00136588082908255,83,0
1,50.759077888,accepted,0.766321311642125,-0.102126568205467,-0.147373562115359,-0.977685043098748,0.218224038559232,0.273979977388892,-0.00673959949818821,0.00590976586869552,-7.68400138221974,5.85332158470608,0.871832005194044,-0.02,0.21,0.08,2.22704012554476,-7.57219292675841,6.01227640207407,1.8292073436455,-0.225420211671229,-0.0480832470433624,0.0836880332060173,2.221454173291,50.759077888,0.0467312155478035,0.0467325551031699,0.0812498675521059,0.0142756327678355,0.0143489098014192,0.00621528296080014,0.00135231905180911,84,0
1,50.877221376,accepted,0.507759217473602,-0.0872196786742503,-0.161034862690983,-0.997075081742371,0.172354221675373,-0.128297642489281,0.0159406083193062,0.00881485748057376,-7.69231741265382,5.84221473060483,0.845826510539368,-0.07,-0.2,0.16,2.22878545479676,-7.59431141528042,5.98807018999943,1.82369391744789,-0.228859649385281,-0.0838694241319218,0.141523702385098,2.2207842604577,50.877221376,0.0473410353626386,0.0473423812183813,0.0816500778847822,0.0145775656619355,0.0146496978863282,0.00621877205825594,0.00134646665450173,85,0
1,50.957362432,accepted,0.998574928687717,-0.094544467977002,-0.176227457839293,-1.01008289730929,0.31798062580588,0.178443167737002,-0.12515717346413,0.00569869395337275,-7.70894948590968,5.80889415415319,0.828186030825172,0.1,0.12,0.11,2.22704012554476,-7.59454877362864,5.99243240951554,1.80932866736623,-0.194931774697547,-0.0466023516409946,0.228244411128696,2.22191569802459,50.957362432,0.0470137189136309,0.0470151519050043,0.08116377749977,0.0144800095346036,0.0145663312124163,0.00615049435533873,0.00132340915128695,86,0
1,51.057526016,accepted,1.86162384938197,-0.0755898144020355,-0.166490893188129,-1.02147414459527,0.414633146495315,0.369860900856076,-0.0919966028248752,0.00438804293745321,-7.69231743654202,5.8200010015526,0.806138234603814,0.21,0.29,0.03,2.22704012554476,-7.5879754983608,6.00908536712267,1.80043418370681,-0.173363529260249,-0.0527606935538533,0.116207858101113,2.22326354468024,51.057526016,0.0472086134744806,0.0472102645943427,0.0811683225211618,0.0143553051815356,0.0144299148292258,0.00612264907487436,0.00130973398593801,87,0
1,51.159648512,accepted,0.749289163044665,-0.0910263068504307,-0.17894163343042,-1.02615328246256,0.220993166337463,0.240939311540498,0.0388791852094514,0.000822009859869688,-7.70063344321256,5.83110787373096,0.783659246816946,0,0.28,0.11,2.22529479629277,-7.59812927087618,6.02003321135162,1.79124087511209,-0.207371728305032,0.0532456046384837,0.0690487632214056,2.22451006136819,51.159648512,0.0476252148098266,0.0476272583953982,0.081372587489464,0.0144526013217606,0.0145821420923554,0.00611893480808028,0.00129733458334577,88,0
1,51.259792384,accepted,0.500574383205315,-0.111676135909826,-0.203540422227295,-1.04067602601561,0.123308314635553,0.100087268223864,-0.075415886525452,-0.00332888814870103,-7.73389753214094,5.82000104613502,0.761615789559329,-0.09,0.08,0.05,2.22354946704078,-7.61347172670503,6.0271363120286,1.77424191684475,-0.202136697016558,-0.0119337771274777,0.119007571101144,2.22685535900738,51.259792384,0.0474549554421081,0.0474571317032678,0.0810905810363997,0.0141705053162669,0.0142661562863813,0.00602429132724432,0.00128368215598037,89,0
1,51.357993216,accepted,2.81119569210939,-0.0992848685106997,-0.166459825219904,-1.05169846759731,0.117030516777089,0.730561184497983,-0.0753710092586057,3.22936069760971e-05,-7.73389749611435,5.85332163858586,0.740000030156146,-0.13,0.62,0.2,2.22529479629277,-7.62961285696821,6.06594883074681,1.76552010050649,-0.239896569614225,-0.06050194173284,0.270263737202272,2.22497880890562,51.357993216,0.0476881160881995,0.0476906303446137,0.0811441074755602,0.0144724931236537,0.0145269016627959,0.00601139942839014,0.00127065063872361,90,0
1,51.458119424,accepted,1.64861395909653,-0.105663950497481,-0.186418345316429,-1.14291097621509,0.218583427030688,0.442620761851517,-0.15048970386295,-0.00383544729169527,-7.76716154617878,5.8755354033564,0.659013073111637,-0.13,0.38,0.29,2.22180413778878,-7.64825041886211,6.08999475363145,1.76834832332262,-0.333229358779137,-0.0304212929631158,0.432596681631618,2.22531639502091,51.458119424,0.047896002466416,0.0478989147221679,0.0811870109962394,0.0146400236045064,0.0147317006553348,0.00598251845689552,0.00125741824517295,91,0
1,51.55826432,accepted,2.91622226948713,-0.0970168123971531,-0.202669410798802,-1.2340171176603,0.483493620280049,0.41779414228771,-0.254443044787618,-0.010155081024021,-7.77547755311324,5.88664227708888,0.578010919630607,0.23,0.44,0.13,2.21831347928479,-7.64112516058331,6.1179833789574,1.76783580834409,-0.215074271615576,0.0547231781114641,0.372486415079619,2.22842179242828,51.55826432,0.0480022845889853,0.0480054195039586,0.0811473098706005,0.0143708471904406,0.0144688775327393,0.00592161647857972,0.00124452587123867,92,0
1,51.658426624,accepted,2.25072505042852,-0.136862184628316,-0.210977846359148,-1.30326469301791,-0.0187702892528752,0.542309637742147,-0.253612626486338,-0.00742199921618081,-7.7921095661977,5.90885602378851,0.496994685696727,-0.05,0.45,0,2.22005880853679,-7.66123491606333,6.15594128224229,1.75574574401095,-0.0340443085212537,-0.0532052218793602,0.241706873393602,2.22754197748335,51.658426624,0.0481851365487616,0.048189193536269,0.0811746235097148,0.014226321390014,0.0142526434439436,0.00589498610612219,0.00123259471092376,93,0
1,51.7585664,accepted,1.08672270562507,-0.127489230157661,-0.238081890380597,-1.35950383033246,0.331422588019363,-0.0438927992622821,-0.00846833617652046,0.00210383747691223,-7.80042558475001,5.90885603282706,0.415996673525356,0.09,-0.05,0.13,2.22180413778878,-7.64924726392423,6.13562984482742,1.74734933399313,-0.216517350893315,-0.0119540892434002,0.133988381145336,2.22040441921026,51.7585664,0.0482902228268199,0.0482934472368931,0.0811482360797652,0.0139192211757758,0.0139776087893492,0.00583615794550414,0.00122220377570168,94,0
1,51.872729856,accepted,1.40279851336522,-0.132418825383879,-0.242995812939233,-1.43953113198842,0.243408727215538,0.332259209615768,-0.0183671576031246,-0.0100142597499575,-7.81705763399302,5.89774918611616,0.32365561417835,-0.06,0.36,0.13,2.2165681500328,-7.6695270191534,6.159460940344,1.73257311513471,-0.286898211808278,0.0500708930555378,0.143382515429333,2.22619585787847,51.872729856,0.0488663438702476,0.0488704932442067,0.081556113581779,0.0139943904348879,0.0140984888787437,0.00582075437151021,0.00121400511407267,95,0
1,51.958886912,accepted,2.39197017694051,-0.161029877978234,-0.259652912186448,-1.47893072565441,0.298223745591881,0.298336479636498,0.0777974087363214,-0.00732669792696417,-7.85032172060457,5.88664235903649,0.253967518705309,0.16,-0.01,-0.05,2.21831347928479,-7.64858295196405,6.18404259825023,1.7144391695639,-0.0974212172027201,-0.268755144254907,-0.126607343559394,2.22734250982194,51.958886912,0.0474258525736162,0.0474278934999291,0.0802195958823669,0.0127458472101768,0.0125722102762018,0.00560720144203142,0.00119405796784064,96,0
1,52.059008256,accepted,0.955511635641881,-0.21632917772565,-0.302571169050743,-1.53967549133749,0.130691291211273,0.166569291069924,-0.0210773958178911,0.00848744831897985,-7.86695379644119,5.85332178362271,0.172984415248749,0.1,-0.04,0.07,2.22878545479676,-7.6454906880012,6.16161610235483,1.68005401756216,-0.0215079294414914,-0.19531876004447,0.0855951257986575,2.22120865831073,52.059008256,0.0473529042481657,0.047355148731333,0.0800533345516754,0.0126682800338388,0.0126129080625613,0.00552756796706918,0.0011845840404294,97,0
1,52.159145472,accepted,2.26083674661245,-0.235558679550477,-0.285309284523072,-1.60177333886803,-0.0530886923524416,0.515728540399939,-0.0108109358208532,0.00731316758644418,-7.88358583342115,5.85332180238832,0.0919884737322221,-0.14,0.32,0.14,2.22878545479676,-7.65999050040332,6.17354057909654,1.66084005216911,-0.0930239065401035,-0.158515595799513,0.145823530361778,2.22184463845379,52.159145472,0.0473827996789501,0.0473849397477499,0.0799733228417314,0.0125827792502648,0.0125436935293023,0.00547672817902585,0.00117266782005548,98,0
1,52.259277568,accepted,1.90592092360794,-0.214070649020798,-0.297704703474897,-1.66022031540297,0.329420043750936,0.214127831943331,-0.0656156639532544,-0.00560021803501742,-7.89190184022365,5.8644286763858,0.0109966735253622,0.11,0.18,0.05,2.22354946704078,-7.64964505312593,6.17552315780365,1.63169927425441,-0.19028014704144,-0.0164922731633434,0.108120079545613,2.22946192731262,52.259277568,0.04709537847595,0.0470971625601562,0.0796191011072074,0.0120795523141026,0.012134595423077,0.00535703977037485,0.0011600041398412,99,0
1,52.359415552,accepted,1.4850807028009,-0.285151326677544,-0.326984481206864,-1.7195339843686,0.0368769018504855,0.103111043963205,-0.287069664850492,-0.018042206934747,-7.95011398249213,5.85332187572709,-0.0699998891876135,-0.08,0.18,-0.08,2.2165681500328,-7.67052453598445,6.17991361198499,1.58940695048763,-0.116591908302112,0.0826676860430941,0.190873883033655,2.23399961348971,52.359415552,0.0469521785622207,0.046953973147909,0.079391150782092,0.0118897953788667,0.011981360189288,0.00526219386451523,0.00114892519190312,100,0
1,52.45759616,accepted,1.47293738973498,-0.319549885470173,-0.35648312260875,-1.73480751180683,0.13009208519349,-0.208163116677045,-0.167292702423347,-0.0131183467791143,-8.00001012183654,5.8311082023565,-0.1338529739104,0.07,-0.07,-0.13,2.22005880853679,-7.6779508767412,6.15642886119563,1.5513292045813,-0.0521388452784274,0.117362227212483,0.0255499239335409,2.23260825132841,52.45759616,0.0467477996865885,0.0467495343538625,0.0790987717496761,0.0114779038322103,0.011586500086419,0.00516797122026403,0.00113888429002571,101,0
1,52.557746688,accepted,1.35334728223893,-0.33875398220217,-0.362776184445468,-1.76274205879244,0.110876210527249,-0.15691788584837,-0.166413686827836,-0.00875001568166711,-8.02495820229078,5.80889450188617,-0.19898720056834,0.06,-0.02,0.05,2.22180413778878,-7.68608934787922,6.14523322587833,1.51370062195838,-0.0446165678653129,0.120368542843448,0.204687979393042,2.23015066729923,52.557746688,0.046580060441559,0.0465818381433576,0.0788523494116254,0.0114085374748206,0.0115192128229399,0.00508368357194362,0.0011296208616324,102,0
1,52.659864832,accepted,3.10004296078475,-0.374608102383143,-0.350555630983743,-1.8099928276388,0.0108743292766908,0.0974832519937715,-0.514667104179313,-0.000431771970502925,-8.05822227922004,5.80889453923676,-0.265401092437031,-0.01,0.34,-0.1,2.22529479629277,-7.69428237535739,6.15906028609576,1.4564962338137,-0.0233380607492311,0.24881882800676,0.387870634595665,2.22585776455611,52.659864832,0.0463220409214193,0.0463232527997168,0.0785281196653689,0.0112611605262661,0.0113723990234051,0.00498001288598982,0.00112132984942581,103,0
1,52.75800832,accepted,3.82595178603358,-0.419358338450555,-0.392422576471287,-1.82686838102445,0.00818665166577679,-0.482400555260196,-0.534016324229207,-0.00770000431321805,-8.11643442240493,5.79778774185721,-0.329230013961961,-0.01,-0.14,-0.15,2.22354946704078,-7.70962053140234,6.14220102143076,1.42378246315924,-0.0213493100425244,0.307775551716404,0.363415224542074,2.23059314565932,52.75800832,0.0464064372056773,0.0464077152113024,0.0785019787163235,0.0112362898158678,0.0113322188741044,0.00494027152913005,0.00111021778831552,104,0
1,52.876168192,accepted,5.20066037748293,-0.421675872945943,-0.376871753127007,-1.88618595179818,-0.0245143503073917,-0.0630734488829226,-0.742440461588346,-0.00789095839523313,-8.1330664620976,5.79778776070099,-0.40607685679359,-0.05,0.19,-0.17,2.22354946704078,-7.72734500816107,6.1566108188947,1.37091560359207,-0.0315625568542102,0.244440480265241,0.538188365988325,2.23115480816449,52.876168192,0.046620168026769,0.04662151680198,0.0786375990863884,0.0112406881114973,0.0113513546074743,0.0048799311418931,0.00110616013720597,105,0
1,52.958286592,accepted,6.16583665422122,-0.385609197176223,-0.37917042187624,-1.87546099701255,0.27514028046321,-0.32657630015849,-0.591588230607021,-0.0057810745918303,-8.11643442240493,5.79778774185721,-0.459483649400688,0.24,-0.07,-0.01,2.22529479629277,-7.70752288628869,6.12360213653829,1.30533178616085,-0.00813501656699654,0.217332549584567,0.547035015807894,2.23020334177481,52.958286592,0.0455391450564341,0.0455401783639214,0.0775259403656218,0.0105453335048985,0.0106421637466858,0.00471306483921723,0.00109140178617135,106,0
1,53.058489856,accepted,4.72827594146603,-0.433152535939115,-0.338277255358358,-1.8848230599716,-0.188759173969691,0.179070857009208,-0.565152116013882,-0.000524134053386138,-8.1247504410892,5.79778775132547,-0.524652173616964,0.06,0.21,-0.09,2.22704012554476,-7.72738458855681,6.14735230733196,1.25575676441755,0.226418013204051,0.0467173051812743,0.443184753224568,2.22807666345711,53.058489856,0.0450370550180327,0.0450392908637432,0.0769357585696497,0.0100289047474113,0.0102291266751779,0.00460663846315388,0.00108102251918218,107,0
1,53.158644224,accepted,2.65741834269249,-0.427356940642338,-0.362733984732216,-1.8881749199486,-0.046771814033602,-0.388623219760418,-0.294330513608864,0.00983718874218287,-8.1330664620976,5.79778776070099,-0.589788897669933,0.12,-0.14,0.1,2.23227611330075,-7.72255225465899,6.11686028761654,1.23740046730663,0.160175344507317,0.218106597188989,0.37938732399303,2.22197599411986,53.158644224,0.0449930505179998,0.0449944046003572,0.0767932289573282,0.00987923859474579,0.010030037351382,0.00454159574511348,0.00107261640876557,108,0
1,53.258765056,accepted,6.17267745877643,-0.413709483938264,-0.345374863841701,-1.9357158302564,-0.0809879357273678,-0.288673159876734,-0.635663194985916,-0.000400656174411207,-8.11643442240493,5.79778774185721,-0.654903811139675,0.1,0.04,-0.09,2.22704012554476,-7.7252729368145,6.09676994421488,1.1626765739383,0.169683411309105,0.295663440481377,0.50926306748824,2.2267216237893,53.258765056,0.0444136353084425,0.0444150301816585,0.0761205876743271,0.00954603711821622,0.00966567048783635,0.00441031872598798,0.0010612833039986,109,0
1,53.358857216,accepted,4.98298203209852,-0.413666652648676,-0.305212052987673,-1.93703497135166,-0.338303369363904,-0.00344035248953023,-0.649084117102486,-0.00375856207322833,-8.11643439709439,5.8200014699608,-0.720000016702286,-0.14,0.28,-0.11,2.22529479629277,-7.74457945462346,6.11601381117053,1.12287098466823,0.170809234634999,0.281301331831118,0.511888371406085,2.22936621085171,53.358857216,0.0443171350329383,0.0443181273397251,0.0759246596970927,0.00942664756961724,0.00956124648285722,0.00435315880154388,0.00105154473129517,110,0
1,53.45698304,accepted,2.82555156358918,-0.416302372068963,-0.319478640707875,-1.90173480136237,0.0189557423913736,-0.212151062462981,-0.417637938425574,-0.00377323840965227,-8.14969847208808,5.82000150757506,-0.733772494721521,0.06,0.06,0.02,2.22529479629277,-7.74398062849259,6.10983696743154,1.09135163006036,0.0394522889999853,0.253128711930545,0.417037874420879,2.22866085320087,53.45698304,0.0440731846785717,0.0440736789528591,0.0755777090109123,0.00915954833411068,0.00923324881828911,0.0042705942958528,0.00104233314068057,111,0
1,53.559155456,accepted,7.01335928817166,-0.442873495224563,-0.338173547154643,-1.89282101441724,0.0520179389084296,-0.48862248188543,-0.728060502544849,-0.0120522975372039,-8.18296256167626,5.80889468073827,-0.748112933315269,0.06,-0.01,-0.16,2.22005880853679,-7.74864220164979,6.09326193663316,1.04212868302854,0.00877152822766309,0.440198329681603,0.538288580455574,2.23115204267989,53.559155456,0.0439782548254396,0.0439780590959932,0.0753877251414454,0.00920800050617104,0.00918906751423384,0.00420856083931555,0.00103321050028961,112,0
1,53.659296,accepted,5.59171943457292,-0.417811538085402,-0.333971885125668,-1.84188960055431,0.237026743823322,-0.606977249519772,-0.457738852448741,-0.00969093681748445,-8.15801451828237,5.79778778953549,-0.762168187934833,0.35,-0.23,-0.23,2.22180413778878,-7.73247350088916,6.07056663561867,1.00561375630372,0.126397510449722,0.332954439773843,0.20839648759402,2.2297703075697,53.659296,0.0439028808163114,0.0439028464681883,0.0752154376501,0.00886217690454712,0.00892053921651811,0.00415596141473833,0.00102451525106439,113,0
1,53.759451392,accepted,3.12678187106717,-0.408813394779094,-0.321552865005692,-1.80173163897113,-0.0295360838037687,-0.4153053429747,-0.206453757355893,0.00580735545939604,-8.12475045399743,5.78668088576107,-0.776225526549673,0.13,0.04,0.01,2.23053078404875,-7.73143380335033,6.04980587895419,0.966641630387045,0.154057052783052,0.413719874388354,0.202842597600764,2.22396008218097,53.759451392,0.0434268148247518,0.0434260170094254,0.0746327920428282,0.00857348492575972,0.00859002985631552,0.0040510919920236,0.00101549745401601,114,0
1,53.875607296,accepted,4.67268662445844,-0.382154411530823,-0.312574536456323,-1.80099980525432,0.202724456118729,-0.513761714569463,-0.374630210370043,0.00377937621661184,-8.099802397688,5.78668085761507,-0.792528621590634,0.28,-0.05,0.08,2.22878545479676,-7.70933455881777,6.04066033877095,0.937851495226717,0.0904664196632709,0.421936473274026,0.436848762284492,2.22388155538648,53.875607296,0.0435421426244188,0.0435412383957891,0.074667252217094,0.00865011469021219,0.00862782415731196,0.00399759632323869,0.00101038730373616,115,0
1,53.957718528,accepted,2.26035541897385,-0.365489137087005,-0.278132313447919,-1.77817650881551,0.179568485922448,-0.148197486882895,-0.320637563362305,0.00395552846845693,-8.06653831081984,5.79778768564825,-0.804053366981336,0.26,0.31,0.11,2.22878545479676,-7.69452274239043,6.05394697473449,0.909585952705257,0.0916599968060886,0.445254300939429,0.414538343377262,2.22427216858614,53.957718528,0.0429526196166464,0.0429512535583622,0.0739618701918827,0.0083727813807789,0.00834227652954184,0.00391079361038649,0.000996779061856257,116,0
1,54.057859072,accepted,3.2911740775165,-0.380349874656944,-0.2990247615581,-1.7704365877558,0.149719034879187,-0.388211061389606,-0.333750510047173,0.0044358385217298,-8.06653831081984,5.79778768564825,-0.818108621600899,0.25,0,0.12,2.22704012554476,-7.68333419551588,6.05251784047355,0.887794023525843,0.108696282556757,0.357840616883514,0.437914669531145,2.22199829843868,54.057859072,0.0427810882699737,0.0427802301744008,0.0736866522996233,0.00820694638307354,0.00822256236404713,0.00384686062706397,0.000988756235121445,117,0
1,54.158004992,accepted,3.99291891154913,-0.34607364054774,-0.27543144069929,-1.76530753733082,0.101961616150744,-0.363975512342696,-0.433232038156846,0.00951368824346055,-8.01664217121151,5.82000135746471,-0.832164630770478,0.22,0.1,0.08,2.22878545479676,-7.67007121659894,6.0507156528542,0.85475760107259,0.124019318818642,0.433130946397994,0.492589230969748,2.21881179510057,54.158004992,0.0425047270964809,0.0425036009081355,0.0732969103731699,0.00807683911443851,0.00805592645742091,0.00377479561914341,0.000980549949512625,118,0
1,54.2581248,accepted,6.35688515694121,-0.32396391120525,-0.291567820537277,-1.75129311997759,0.308858801493332,-0.672813103301989,-0.487846169866913,0.00957316762851779,-7.98337812101512,5.79778759226446,-0.846216974982852,0.37,-0.29,0.04,2.22704012554476,-7.64546184679817,6.03064219219758,0.835153627691968,0.0771755371127667,0.341284762950307,0.510361209990533,2.21693785452183,54.2581248,0.0425220183452673,0.0425211676297501,0.0732183155235909,0.00803376406790788,0.00803794991693393,0.00373763375115907,0.00097291128999361,119,0
1,54.356325632,accepted,1.95947342959244,-0.296506218540733,-0.267668161178036,-1.74231742775816,0.101148158098709,-0.147146474498349,-0.344806094259719,0.0146865832249414,-7.93348200904877,5.7977875370028,-0.859999980771327,0.16,0.22,0.1,2.22878545479676,-7.63746267207111,6.04640432178092,0.822471825361724,0.062910187783826,0.356571516053026,0.430492583736393,2.21434403840295,54.356325632,0.0424673473271321,0.0424666362954918,0.0730612519771405,0.00793964097382449,0.00794087389117788,0.00369703079209043,0.000965264604641278,120,0
1,54.456485888,accepted,3.71758686878343,-0.259111105845661,-0.268077552424494,-1.77086021214579,0.235258667239164,-0.106266359590063,-0.455560648036273,0.0144772054335593,-7.89190190168543,5.80889435375346,-0.900003145531144,0.27,0.16,0.05,2.22878545479676,-7.6141943788092,6.05793372003929,0.786548011249993,0.0529586972377983,0.255769116149217,0.482843163396178,2.21447321350055,54.456485888,0.0421138370638268,0.0421133601222724,0.0725870028407578,0.00769176169043618,0.00772435714843843,0.00361354245679548,0.000958078996369818,121,0
1,54.556611072,accepted,7.49368155436555,-0.272156736448827,-0.288468741374193,-1.78499848192646,0.0567767903873107,-0.176810645304467,-0.770189898671086,0.0147796126340274,-7.875269876074,5.79778747236564,-0.939992338304414,0.22,0.11,-0.03,2.22878545479676,-7.60459018868181,6.05945778850349,0.725791705890536,0.166308250007079,0.270623633816981,0.705511785572964,2.21419250770871,54.556611072,0.0417829540896671,0.0417825659637953,0.0721342947436043,0.0075914878848553,0.00763781350603185,0.00353884812002868,0.000950841990592614,122,0
1,54.656779776,accepted,6.43347410104636,-0.242916211786826,-0.274997152253593,-1.77377323997357,0.20803011096321,-0.0114000371962564,-0.696665758659908,0.0149539450642675,-7.83368977026496,5.80889428979994,-0.979998912615471,0.28,0.2,-0.08,2.22878545479676,-7.57556824085368,6.07536732733208,0.684420803866831,0.0872289242663792,0.209158242987647,0.585427699951186,2.21422988643332,54.656779776,0.0414848533078632,0.041484646953418,0.0717029939019267,0.00731675400391007,0.00735597456389651,0.00346512201277038,0.000943993407811586,123,0
1,54.756934656,accepted,9.03448790575106,-0.255281084774301,-0.32153034234106,-1.75755522955082,0.418900069856996,-0.50218155260303,-0.741131373985315,0.014338397113812,-7.82537378580367,5.77557368857421,-1.01999996573218,0.42,-0.22,-0.31,2.22878545479676,-7.54224575304224,6.04653440512293,0.64111206914076,0.0256867489647478,0.248722606453624,0.404837777060427,2.214709761576,54.756934656,0.0414147388770179,0.0414143042541546,0.0715178561238739,0.0071806131498301,0.00721159779831505,0.00342087913495162,0.000937033302865382,124,0
1,54.8711104,accepted,4.35402996927045,-0.268697241178708,-0.335214731107694,-1.74850705903671,0.0881056468376828,-0.28944106370962,-0.557658952858069,0.00804363258912222,-7.81705779178475,5.75335995039554,-1.06560083910333,0,0.11,-0.21,2.22529479629277,-7.54833639619325,6.05435669715622,0.600929403005858,-0.0844691829861416,0.378816218518183,0.326369040544873,2.21767783055579,54.8711104,0.0415699445035457,0.041569549325323,0.0715777512441066,0.0071717204477237,0.00718219411389033,0.00338699889783906,0.00093211981486445,125,0
1,54.9552064,accepted,6.40765177127454,-0.248882194531235,-0.345308020015041,-1.72061102642892,0.379170977084081,-0.491229301957672,-0.392468701336335,0.000859790068659549,-7.80874177258725,5.75335994144488,-1.09918810477527,0.16,0.14,-0.18,2.22180413778878,-7.52795789450904,6.03919247685645,0.548397312826219,-0.192065117367711,0.592284214470525,0.194863868140472,2.22052319502905,54.9552064,0.041000440537787,0.0409993869658983,0.0708655511974875,0.00700896145426607,0.00693191335219297,0.00331897611151364,0.00091902983217316,126,0
1,55.057413888,accepted,3.93078291708503,-0.27303638354807,-0.358362217966796,-1.69697619431706,0.249238033439037,-0.589150702159594,-0.010421776670097,-0.00518520136513656,-7.81705780392313,5.74225308699694,-1.14000895300966,0,0.06,-0.02,2.21831347928479,-7.5329127801628,6.04695523844663,0.526138364836921,-0.237531469838853,0.614710755551378,-0.013187553602679,2.22372231720988,55.057413888,0.041046473934162,0.0410458464897078,0.0708169145764082,0.00695044273763707,0.00687747292941712,0.00329833280040125,0.000910786411367441,127,0
1,55.159547904,accepted,5.71683845301383,-0.232555611077556,-0.357712953230921,-1.71271493668479,0.403371073931362,-0.549057645908612,-0.107844732285943,-0.008025018228075,-7.79210972334424,5.76446678815578,-1.18080045711847,0.22,0.25,-0.02,2.2165681500328,-7.52494760794207,6.05672274758169,0.490304538453275,-0.154218674731577,0.756469416370801,0.0811002095374553,2.22313119516664,55.159547904,0.0408233622510069,0.0408220932033091,0.0704788533406403,0.00695436780720739,0.00673951552660564,0.00325412437974746,0.000901362234066792,128,0
1,55.259679744,accepted,12.4215550269158,-0.225206022818283,-0.381619973168005,-1.7227414865397,0.805578211624687,-0.715500799708477,-0.275695101568227,0.000323518089262009,-7.76716169079836,5.74225303234077,-1.22079230824458,0.63,-0.12,-0.13,2.22005880853679,-7.47487813504396,6.04869055765932,0.445611584105829,-0.123455936362698,0.54629931660375,0.134174226738984,2.21834634614629,55.259679744,0.0406711368201024,0.0406704194101024,0.0702164353944962,0.00671506124522596,0.00667067051694953,0.00319448784637461,0.000894313240365915,129,0
1,55.357846784,accepted,4.7217638236939,-0.232371321930176,-0.369874315047245,-1.7280793697297,0.484745105511073,-0.474638633780482,-0.0925070350276552,0.0163004037162895,-7.7172655885289,5.73114611419058,-1.2599994340616,0.39,0.06,0.18,2.22704012554476,-7.45256960175662,6.05333581863787,0.430279865088473,-0.0681561298636581,0.504951276589225,0.266599909521035,2.21057006159868,55.357846784,0.0405995645441734,0.040598976443089,0.0700398299038633,0.0066933611997285,0.00666459596985904,0.00315580497004767,0.000888395575416335,130,0
1,55.458014976,accepted,7.50601752356888,-0.206064073793962,-0.383578992942993,-1.71484239856601,0.710621892719341,-0.613338994323066,-0.117620884153739,0.0227873951724584,-7.66736948793108,5.72003919491731,-1.25299959449875,0.57,-0.09,0.26,2.23053078404875,-7.41571044040899,6.04925159724416,0.42327091190169,-0.104915668859939,0.488969099954143,0.371642342050366,2.20778543750017,55.458014976,0.0406459678459904,0.0406454953990866,0.0699863885823437,0.00672795088775379,0.00672393082666247,0.00313224195130671,0.000882359768984115,131,0
1,55.558155264,accepted,5.8988374534607,-0.214479538011383,-0.410634990779027,-1.70709582874163,0.570697021397342,-0.501728543135051,-0.24685497014888,0.0220394027361572,-7.64242146727428,5.68671857638601,-1.24600104010771,0.47,-0.04,0.19,2.23053078404875,-7.38988200850754,6.04790280118178,0.411928500333531,-0.0705492094802568,0.43142086257511,0.427211664142674,2.20877246527317,55.558155264,0.040651527649283,0.0406511233213089,0.0698882385697443,0.00669858550094936,0.0067144735669273,0.00309708200726038,0.000875849062543712,132,0
1,55.658360576,accepted,2.95347841898094,-0.216905645545418,-0.423762375763578,-1.68845489981887,0.288120241650058,-0.485310962875641,-0.144504094627235,0.0256008404356569,-7.61747343202299,5.66450482161106,-1.23899794135187,0.14,-0.06,0.19,2.23227611330075,-7.38902351359713,6.0475847544733,0.411137125108059,-0.137331602371591,0.401502336919867,0.328079163520059,2.20769875840763,55.658360576,0.0408268330781976,0.0408265318046488,0.0699616111783791,0.0067066582959542,0.00675576447195876,0.00308604666767802,0.000870173058458056,133,0
1,55.758529792,accepted,1.26659614389174,-0.171184515722946,-0.413774283866896,-1.67627956677896,0.228468311176103,-0.177611910820391,-0.0162826778351987,0.0232956849481805,-7.57589332596463,5.67561164111708,-1.23199736525522,0.14,0.29,0.38,2.23227611330075,-7.3976303610577,6.06911914293424,0.414104582217234,-0.081382139643311,0.458444347448514,0.392212776150986,2.20952068447693,55.758529792,0.0411050414241076,0.0411052273106694,0.0701349324081925,0.00684883788658898,0.0068620158352628,0.00308306564381579,0.000863940166383909,134,0
1,55.874673664,accepted,3.58822901842859,-0.128337115888251,-0.421546057497966,-1.70314166724845,0.420233799810581,-0.388980632041097,-0.33607785061882,0.0138097471330987,-7.54262921560414,5.7089321981022,-1.22388036038524,0.27,0.19,0.28,2.22878545479676,-7.39084506100279,6.09417132830906,0.428225384820833,-0.13209773555023,0.558697095204873,0.605774251556747,2.2150550868151,55.874673664,0.0415826083860313,0.0415832648619524,0.0704985094338538,0.00707530661324606,0.00706433289741369,0.00308897352278903,0.000859444885008483,135,0
1,55.956810752,accepted,10.627280621519,-0.111729817721876,-0.479549522461769,-1.6970555572964,0.64488806000343,-1.02274801914926,-0.326591643085066,0.00827577372054478,-7.51768120360317,5.66450471617583,-1.21814000463662,0.44,-0.43,0.29,2.22704012554476,-7.36766689770659,6.06552622918508,0.428964748200009,-0.176762601782957,0.543156776808605,0.607299777434429,2.21928766290857,55.956810752,0.0414101616897045,0.0414107450041905,0.0702170680372871,0.00703159074914513,0.0070394074219793,0.00306819770868809,0.00084928169412083,136,0
1,56.058976768,accepted,0.994672035664523,-0.116979091833398,-0.454744445892179,-1.69597030983855,-0.115491483901274,-0.105548131306447,0.0500037914137889,0.0127024339145976,-7.5010491657287,5.66450469887512,-1.21099987717971,-0.2,0.37,0.5,2.22704012554476,-7.39375388141926,6.10089955400322,0.457827829757692,-0.0899205079138215,0.468324663420532,0.44682612001529,2.21491050840486,56.058976768,0.0417249976837678,0.0417260465953481,0.0704034345585899,0.00700106892755771,0.00701843948998967,0.00305743220402045,0.000844571492167335,137,0
1,56.159122432,accepted,1.92576699286777,-0.0513317168374474,-0.432787920161412,-1.70099844035934,0.346378240659215,-0.297202749685917,-0.0102168795002866,0.0209310161987313,-7.45946901357289,5.72003897509133,-1.20400094707347,0.16,0.29,0.37,2.23053078404875,-7.39038809540034,6.12456718268084,0.466574507815476,-0.17369351993306,0.572909740581201,0.376315843292573,2.20997380408473,56.159122432,0.0420184091326288,0.0420199115674881,0.0705667891859353,0.00709223951242981,0.00709247744102502,0.00306328576872548,0.000839643446802749,138,0
1,56.257300736,accepted,9.79206700890987,-0.0333053330902855,-0.487281909230257,-1.69827962924534,0.676875870595631,-0.915046304594739,-0.137434809900983,0.00952270282660539,-7.45115301607141,5.6978252383056,-1.1971395108395,0.36,-0.26,0.21,2.22529479629277,-7.36912098737556,6.10465913388166,0.462069176281923,-0.283591534248701,0.605672365171522,0.341721686351749,2.21636040750592,56.257300736,0.0420893992185656,0.0420911055279784,0.0705268792305779,0.00708158043114252,0.00710778458459779,0.0030520775265806,0.000831393524754335,139,0
1,56.359457024,accepted,6.40801601692229,-0.074417705681026,-0.508456864159666,-1.68943665770957,0.425872908824504,-0.774334098766209,-0.176608172484501,0.0116696678688295,-7.46778510224281,5.65339779810247,-1.19000006324819,0.19,-0.21,0.16,2.22529479629277,-7.36388166078821,6.09039204865993,0.457661142501992,-0.21537694211136,0.521762397235344,0.329636338382161,2.2143904538469,56.359457024,0.0422301420058381,0.0422321496436252,0.0705591685711706,0.00702368610538529,0.00705514155099901,0.00302595639445355,0.000826270397507801,140,0
1,56.45758848,accepted,2.45451104757074,-0.105579774891605,-0.515122916790014,-1.66778254993221,0.103632232423286,-0.489144752256709,0.0179498706330631,0.0176562162780689,-7.49273318178064,5.63118409574239,-1.17429137867423,-0.24,0.16,0.46,2.22704012554476,-7.3828689994936,6.09775341931445,0.465427444662309,-0.33996338412292,0.622043804932718,0.438967273048147,2.21059564711184,56.45758848,0.0423311221730269,0.042333219768279,0.0705590754062341,0.00710060650854743,0.0071298811569983,0.00302337297007373,0.000820644515913194,141,0
1,56.557734912,accepted,3.71836454275364,-0.0377815341050214,-0.473124366472635,-1.66629499202183,0.449090162380455,-0.565064989305304,-0.0966875436270555,0.00908424424362275,-7.45115302730799,5.68671837455898,-1.1582600575272,0.15,0.12,0.35,2.22354946704078,-7.38742948676783,6.11271093947136,0.473482680135915,-0.281446851301542,0.659007777495287,0.441738996247362,2.2146017203976,56.557734912,0.0425834353592697,0.0425863984735644,0.0706930162919789,0.00716176285524801,0.0071405030518268,0.00301636733778951,0.000813595371632662,142,0
1,56.657904384,accepted,7.68693531744502,-0.0306807041479997,-0.519847415169728,-1.65691884345021,0.548256790727563,-0.918385658531462,-0.0458552501054375,0.00529423610330104,-7.45115305068296,5.66450464671905,-1.14222504816451,0.2,-0.13,0.33,2.22180413778878,-7.38480636315986,6.10854651032946,0.483036008224643,-0.324540040265022,0.744033713592394,0.37226846573948,2.21675569524473,56.657904384,0.0427690457451968,0.0427724958290704,0.0707729583714406,0.00721082740620656,0.00714493451452699,0.00302136528524807,0.00080677666486088,143,0
1,56.760070656,accepted,9.3563286041475,-0.0841721625633758,-0.586225180376064,-1.64473358119169,0.728479746985325,-0.86137284954804,-0.112897526801848,0.00751339389765393,-7.50104923572165,5.59786351284152,-1.12587039344425,0.39,-0.09,0.27,2.22180413778878,-7.36512533463734,6.10367687716962,0.482676553137479,-0.303594647277204,0.725268694280744,0.378011704984352,2.2139875234394,56.760070656,0.0429093476200771,0.0429126866497382,0.0708250577584627,0.00717810058720654,0.00711884854944878,0.00300654904557811,0.000801307165930478,144,0
1,56.876206592,accepted,2.74361957155457,-0.0546508363844138,-0.578843542660601,-1.62920948713079,0.444542526572148,-0.453421246947288,0.105618935672466,0.011044550403402,-7.46778513711098,5.62007720556242,-1.10727949160637,-0.02,0.42,0.43,2.22354946704078,-7.39159537183178,6.15875744234133,0.498026080720217,-0.450065292499131,0.853851774710413,0.32256024448876,2.21256731870738,56.876206592,0.0436062367148599,0.0436095032833969,0.0713592072408015,0.00738848921371996,0.00731707477229474,0.00304763954041557,0.000797859475165656,145,0
1,56.95836672,accepted,12.5293340988387,-0.0318970375861491,-0.616083059890756,-1.62035756258991,0.942958165913684,-0.826152023060031,-0.235314646376833,0.00421940520133601,-7.45946911804544,5.62007719704147,-1.09412739650777,0.54,0.09,0.18,2.22005880853679,-7.35086036536584,6.15106541016707,0.480870961375843,-0.352414844237986,0.868368775241531,0.407924410416021,2.21431587241709,56.95836672,0.0432165422283637,0.0432195318976126,0.0709558739137407,0.00727978195740589,0.00715194691800385,0.00301260445233454,0.000787286480641093,146,0
1,57.058518784,accepted,6.09781415260278,-0.0780065774756133,-0.659494962919629,-1.60238377211554,0.124788032155667,-1.00596638249174,-0.0785799457385534,0.00917265621938945,-7.45946916427484,5.57564974006628,-1.07809517379692,-0.09,-0.23,0.3,2.22005880853679,-7.3766240937202,6.15792757119851,0.49220889107358,-0.211180712144694,0.733571063856511,0.374336444836704,2.21165473864533,57.058518784,0.0435046107757607,0.0435067102914447,0.0711283903842506,0.00720574246231787,0.00712419375671275,0.00298445601599581,0.000782615362999088,147,0
1,57.158654976,accepted,5.66811533152798,-0.0425532982051671,-0.669132473782171,-1.58547698195945,0.308733382020404,-0.962102959965532,0.0948721761179278,0.0263325086514743,-7.44283713815019,5.56454285780665,-1.06206549185686,0,-0.13,0.4,2.22704012554476,-7.38500599049145,6.16242041824921,0.500104930796843,-0.29905622668233,0.793858681154289,0.303508972301271,2.20168937940884,57.158654976,0.043842334670105,0.0438435169045449,0.0713416733452492,0.00729085541718937,0.00719024754563107,0.00299745771890626,0.000779663438183135,148,0
1,57.258828032,accepted,1.67402369292375,-0.000450275983083337,-0.659744466453323,-1.57298958051722,0.345669878593984,-0.309825157278403,-0.0870257253120516,0.0189047623080127,-7.41788905564303,5.58675656104207,-1.04602990877173,0.01,0.52,0.14,2.22354946704078,-7.40314810317676,6.21449943632254,0.495826818639058,-0.326821616957426,0.816728504488535,0.222533764260967,2.20488832995871,57.258828032,0.0443368838589612,0.0443358837764067,0.0716691289795724,0.00738527903047393,0.00729265345737189,0.00300152922804817,0.000773489164829253,149,0
1,57.358966016,accepted,8.28207675368672,0.064428982070087,-0.700675703880512,-1.54749665226647,0.580574752775624,-0.945095424110219,-0.168131943070279,0.0125501871686966,-7.37630895011251,5.59786338296164,-1.02999993232208,0.2,-0.1,0.08,2.22005880853679,-7.39772682443867,6.21099813997841,0.48013568552894,-0.354632157872931,0.797702513366533,0.24248207671231,2.2077424193969,57.358966016,0.0444868838875499,0.0444852295602273,0.0717408419939271,0.00735482888282273,0.00728627834503699,0.00298651594261328,0.000766930904222868,150,0
1,57.459065344,accepted,5.47440010681393,0.0728170311043757,-0.715885956789643,-1.51369798455565,0.473942974486734,-0.87866580843976,-0.00104410603244559,0.0136514917054935,-7.35967693444729,5.57564963661356,-1.01193456188008,0.15,-0.09,0.2,2.22180413778878,-7.40386228853492,6.22120812223672,0.475049253483662,-0.307170337026382,0.752488929085805,0.198120804040408,2.20846022385053,57.459065344,0.0448197264918825,0.0448170444879864,0.0719472778153263,0.00735462841839844,0.00730098910127043,0.00297580557118554,0.000762023026402071,151,0
1,57.559217664,accepted,3.73302142676427,0.0693474495620929,-0.749356416234075,-1.48527367460093,0.320220965227503,-0.735360329642115,0.137094677396991,0.0214964509474607,-7.35967696880223,5.54232904459111,-0.993859627736413,0.1,-0.06,0.27,2.22529479629277,-7.41016075557361,6.23058118418861,0.471180315876135,-0.209525387710344,0.645540198870626,0.131554097282371,2.20427362564826,57.559217664,0.0451950302229239,0.0451915597965806,0.0721879520082296,0.00733276053886335,0.00731909147050748,0.00295429971437329,0.000758852989530565,152,0
1,57.657356544,accepted,4.04654767108823,0.0837246001762084,-0.758327824414019,-1.45791073310733,0.174044487170909,-0.774852361689216,0.231000486654992,0.0302993979432196,-7.34304494267758,5.53122216163677,-0.976148068054783,-0.06,-0.09,0.36,2.22878545479676,-7.41439187398566,6.2222814833457,0.466981656025822,-0.227592365407158,0.651499850206205,0.129178786504005,2.19934516608818,57.657356544,0.0454684924748694,0.0454658899830737,0.072350642216853,0.0073639369373587,0.00734879462652256,0.002944963389463,0.000755645616707672,153,0
1,57.759468032,accepted,2.3279767637117,0.0794649780524361,-0.744788381344287,-1.43210089489111,0.511576264143575,-0.256363732207103,0.15803551726534,0.0221588971457445,-7.36799297624261,5.55343591668778,-0.957719554158025,0.11,0.59,0.19,2.22529479629277,-7.4183271514785,6.26247629147239,0.455550126297807,-0.384852961546448,0.832288976878365,0.0308079222323522,2.20311803865653,57.759468032,0.0459055883298135,0.0459032164320204,0.0726418453796409,0.00750216643406208,0.00743222697750293,0.00296816368480033,0.000749463728112199,154,0
1,57.86960896,accepted,2.4674949929084,0.0733006103236011,-0.744278103991259,-1.40946107523487,-0.138596308655801,-0.4635244770941,0.0517156080559534,0.00842941261293673,-7.37630895011251,5.59786338296164,-0.937841931551546,-0.32,0.19,0.26,2.2165681500328,-7.46008396789487,6.27769505026143,0.450176754720178,-0.1884883793995,0.622296155928423,0.206253292244634,2.20865950488154,57.86960896,0.046052964257275,0.0460502694073191,0.0727650596863494,0.00733879097318272,0.0073465849269626,0.00291013858494401,0.000744460152230915,155,0
1,57.957762816,accepted,2.04873903752577,0.0772082417110314,-0.722537581628012,-1.38609893646744,0.124169496885488,-0.488171251624777,0.171036018028358,0.0175929948587772,-7.39294097584859,5.60897026435566,-0.921932413512316,-0.04,0.13,0.29,2.22005880853679,-7.46092666468757,6.28239369983366,0.447213475103617,-0.1595026170283,0.596018249778581,0.118079592200707,2.20279640184831,57.957762816,0.0461068664216266,0.0461038414546737,0.0727384349419953,0.00729566952114471,0.00731498982015077,0.00289704473154896,0.000740182076305976,156,0
1,58.057889536,accepted,2.02902291118719,0.091955444243677,-0.713693374591261,-1.36356441199128,0.0768470190902313,-0.432461872988704,0.160945809306581,0.0187392468771721,-7.39294095298685,5.63118399237269,-0.903862099514377,-0.22,0.22,0.23,2.22005880853679,-7.47655414892285,6.2915307413332,0.445006552470302,-0.292912476168759,0.627819689868827,0.0687813034600821,2.20189463878643,58.057889536,0.0462316475377366,0.0462290703350337,0.0728040805605819,0.00724972356676159,0.00726730659594277,0.00288544751291285,0.000736095090423812,157,0
1,58.158059008,accepted,7.0274832348016,0.0946247464382255,-0.720070049375221,-1.3362555715374,0.22446167768473,-0.82330462792159,0.0453497859243921,0.00899423181573633,-7.417888998309,5.64229088288829,-0.885784069873061,-0.24,0,0.11,2.2148228207808,-7.48487980135402,6.24910260828892,0.431261130817259,-0.449533952120026,0.763572691379804,0.0636915104552472,2.20676545486138,58.158059008,0.0458642169744958,0.0458636716962136,0.0725320608006566,0.00710861937597059,0.00708783844826078,0.00286886763434301,0.000729704196517422,158,0
1,58.258215168,accepted,1.3282919646106,0.0925768497393609,-0.656862889164246,-1.29897108706218,0.298332752961446,-0.185045003781432,0.140610176609495,-0.000240345602840364,-7.43452101513264,5.66450462932558,-0.867708442707531,-0.09,0.47,0.02,2.20958683302482,-7.50745697745204,6.2914145436662,0.414474434044567,-0.377825622235361,0.64385099728508,-0.121758036700536,2.2096751949047,58.258215168,0.0462002836248181,0.0461993239309971,0.0727363009631338,0.00703933642067292,0.00706207575540993,0.00284686769570074,0.000724674687159886,159,0
1,58.35633408,accepted,1.50808154355705,0.0641634487564389,-0.672247388562541,-1.25314500187229,-0.102997246428706,-0.295190114074188,0.188779516630984,0.0108959456975675,-7.46778507925641,5.67561152750272,-0.850000486739575,-0.17,0.16,0.21,2.2148228207808,-7.53824767753833,6.30421744713558,0.393085442411112,-0.0712250192080057,0.436247561180589,0.0217460346379598,2.2039746593581,58.35633408,0.0461846731572967,0.0461836633453477,0.0726989027920748,0.00694905091727292,0.00702408352372932,0.00280057161674611,0.000721807925953764,160,0
1,58.458476288,accepted,2.21965016919647,0.0505181077931667,-0.683485482025767,-1.27131757966133,0.0625695275073001,-0.549455287348541,0.0904704917676666,0.0253037335955266,-7.49273314691977,5.66450469009536,-0.871417606106597,-0.03,-0.06,0.26,2.22005880853679,-7.5379197452297,6.2934093285047,0.381688050969927,-0.0899856472722012,0.46447735262245,0.167921395693766,2.19500389756991,58.458476288,0.0464841291538634,0.0464852219551322,0.0728934887151275,0.00699701129896855,0.0070672441049446,0.00279436497368998,0.000720622072001397,161,0
1,58.558673152,accepted,1.08474492406269,0.0502782517405764,-0.668724613658829,-1.28756693275764,0.255145905109659,0.040473986223954,0.136726570643792,0.0189086993743741,-7.50936517316908,5.67561157097179,-0.892427859095456,-0.04,0.52,0.25,2.21831347928479,-7.54374005248078,6.32644944813513,0.378080756920962,-0.286554205991789,0.475486289782736,0.111879110650913,2.19982521361261,58.558673152,0.0468061289429087,0.0468079606251287,0.0730964175713947,0.0070098097490771,0.00705824611061416,0.00278730811351477,0.00071542779232162,162,0
1,58.658825728,accepted,0.954897517353267,0.0239135840321643,-0.652735068680169,-1.28842494677386,-0.0159518360128308,0.00712752663130384,0.218388776811458,0.00896291075417777,-7.55094522072769,5.72003907140984,-0.913428825345711,-0.31,0.5,0.13,2.21307749152881,-7.5752246822871,6.35343871309966,0.364131797232748,-0.29445359203302,0.487891468715282,-0.0881395247903701,2.20434709483346,58.658825728,0.0469404873438829,0.0469447928929839,0.0731772947474203,0.00693671722061923,0.00698476971932498,0.00277218605587837,0.000710124261796527,163,0
1,58.758974208,accepted,2.29455788752819,0.0193032802263211,-0.660649536186079,-1.30181120375236,0.238390185876143,-0.472673180476654,0.00458757193671092,-0.00204721179750722,-7.59252528120183,5.75335970879111,-0.934428932706851,-0.2,0.24,0.18,2.20609617452083,-7.59328352036199,6.35830414341607,0.344253854504062,-0.42818040959051,0.687302963491018,0.172674701536735,2.20812398112068,58.758974208,0.0470031354113181,0.047009543270942,0.0732168238657532,0.00697165427455237,0.00699119924549059,0.00278030760824697,0.000705106880227809,164,0
1,58.873129216,accepted,3.82151016518144,-0.00109113666153426,-0.6870405027642,-1.32604814282086,0.284869232378542,-0.664246744967315,0.0936448650585764,-0.012417242761491,-7.64242139612291,5.75335976163569,-0.958366065090807,-0.07,0.03,0.26,2.20086018676485,-7.61937585286819,6.36823420070508,0.349762240062622,-0.34264426579396,0.660201675651096,0.165160722812798,2.21284089541417,58.873129216,0.0473928774240004,0.0473998082556324,0.0735275256634116,0.00694637296718106,0.00696535981474284,0.00277488759335782,0.000702347812258691,165,0
1,58.959282944,accepted,1.8178379411468,-0.0351816172235653,-0.664330977089768,-1.33708838964795,0.0995294262181243,-0.384340919172549,0.198030658225546,0.000503121767878589,-7.67568547084538,5.75335979727231,-0.976431616735347,-0.05,0.09,0.29,2.20609617452083,-7.63427033913818,6.36940649302686,0.348262086707849,-0.14581014138151,0.453420047148146,0.0919997035117216,2.20534732333742,58.959282944,0.0471384832190308,0.0471446042682845,0.0733022362202577,0.00681089350464575,0.00687910271542799,0.00272998750107386,0.000698087023346825,166,0
1,59.059381504,accepted,1.76752873038958,-0.0548742996449372,-0.633091853562407,-1.3494102880185,-0.0784824446098821,-0.0127657481591546,0.42133531639358,0.0235304762862198,-7.7006335032593,5.77557355335231,-0.997421256385351,-0.19,0.35,0.37,2.2165681500328,-7.65298367056543,6.38825027892465,0.351610908265476,-0.114887944005083,0.357237708262006,-0.0481933446446027,2.19354075460073,59.059381504,0.0472492047471023,0.0472562702258557,0.073373241380115,0.00675707863980247,0.00682602263596678,0.00270610279467363,0.000697219359050053,167,0
1,59.159548416,accepted,2.18761002464357,-0.0579432899941308,-0.589772550820638,-1.36641516635813,0.0843053795757259,0.491470059864649,0.272849410585156,0.0200778948551616,-7.72558149951468,5.83110790075874,-1.01842522874753,-0.11,0.76,0.19,2.21307749152881,-7.66461355247831,6.43125593226104,0.335641645847102,-0.191933800883045,0.279455202037929,-0.0829415482280647,2.19378404717128,59.159548416,0.0475133683738868,0.0475224741994966,0.0735507011943584,0.00678670954330197,0.0068124113252674,0.00269227951110746,0.000693017515427982,168,0
1,59.257677056,accepted,1.96784130859031,-0.0659833199127347,-0.588313568540443,-1.35393691736767,0.362795118888177,-0.18577190261711,0.288754600240435,0.00875381629861849,-7.75052950700664,5.87553538511324,-1.03900179641189,0.16,0.26,0.01,2.20609617452083,-7.6625338241417,6.43327409157271,0.30587042230969,-0.190332143072587,0.434327585294661,-0.277900969847702,2.19753007074424,59.257677056,0.047610604493846,0.0476233185349461,0.0736140845200915,0.00670127842906903,0.00675470298897615,0.00268651810517722,0.000687433756913009,169,0
1,59.357817856,accepted,1.58433480203927,-0.0724304701034013,-0.566085256208209,-1.34094819468564,0.301705148955559,-0.0960109187798689,0.246212793843807,-0.000696154624825862,-7.75052947072344,5.90885597851758,-1.0599996220886,0.22,0.27,0.01,2.20086018676485,-7.6579559429592,6.45027047829133,0.271365307006733,-0.0702775315956334,0.357589015210896,-0.235592934782603,2.20162765096773,59.357817856,0.0476519917467493,0.0476652949990088,0.0736503711995917,0.00666795303177861,0.00674051099959723,0.00266471092277059,0.000682708359012008,170,0
1,59.460003328,accepted,2.58521387189368,-0.093199133944295,-0.52561214786556,-1.27466636419842,-0.133940729313791,0.372558332863479,0.538193878041515,0.0105200022787297,-7.75052942282238,5.95328343592114,-1.03239629505163,-0.03,0.56,0.29,2.20609617452083,-7.66790893040708,6.4835326873122,0.243182268946492,0.0993315132883566,0.194649939264235,-0.2450240129451,2.19618868372807,59.460003328,0.04796252089557,0.0479782212164463,0.073874929013773,0.00674495188108079,0.00684271336869042,0.00265406279026587,0.000679898508986317,171,0
1,59.558138112,accepted,3.86099850122085,-0.0897204981972681,-0.502713552666731,-1.22020628723896,-0.160295143278408,0.0423261767109662,0.740793980868904,0.0206575303105261,-7.74221335817992,5.99771088401629,-1.00588717899592,0.11,0.17,0.47,2.20958683302482,-7.6671155174362,6.48774172302956,0.235212364509894,0.263468753537604,0.125308323321518,-0.262497302776982,2.18922329418983,59.558138112,0.0479617440830401,0.0479786158281247,0.0738801358172044,0.00672144216478894,0.00689599242042122,0.00264329077326676,0.000676170487231148,172,0
1,59.658278656,accepted,2.31541139571103,-0.127900500260255,-0.476521416387355,-1.19212112071191,-0.330985127376576,0.117003449911972,0.508742636298929,0.0181696257291568,-7.76716137728974,6.03103150298216,-0.978836247668887,-0.1,0.4,0.32,2.20958683302482,-7.66322162162585,6.49955582558517,0.215680488753356,0.219545870297028,0.282932351125821,-0.185364659982378,2.19175531755391,59.658278656,0.0481671161784813,0.0481871795918318,0.0740286178575715,0.00666446475652357,0.00686963895827019,0.00263927178060138,0.000671571110666634,173,0
1,59.758432256,accepted,1.21751283125303,-0.127304278850056,-0.461040545294138,-1.15395571520506,0.00587919887794647,-0.199219446302767,0.338431910043076,0.000184229814858217,-7.78379336624399,6.07545897983985,-0.95178178952898,-0.04,0.24,0.22,2.20435084526884,-7.6600869488145,6.50951326209576,0.197800884403453,-0.0467344364304019,0.428804722605115,-0.116917915816864,2.20397624027534,59.758432256,0.0483438512362193,0.048366289327051,0.0741594110136539,0.00662771282860631,0.00671054348175271,0.00263166936272043,0.000666199689846794,174,0
1,59.87054976,accepted,2.08628907800658,-0.137761755430021,-0.426495130921325,-1.09796581720227,-0.242783083920214,0.0221249937958261,0.518279555874808,-0.00611975064141257,-7.79210933599344,6.11988644593395,-0.921495526042506,-0.09,0.32,0.25,2.20260551601684,-7.67458510029019,6.53420056699225,0.183013357971888,0.143342105558859,0.294890400391984,-0.264106915420598,2.20842451618438,59.87054976,0.0487736122082001,0.0487983396564216,0.0745047900577396,0.00665121263589948,0.00680299941591402,0.00262503682082461,0.000663219401944385,175,0
1,59.958686208,accepted,4.64081921734732,-0.142889620446841,-0.388428763083924,-1.04755212444291,-0.14685246227545,0.106966830810976,0.908507540453675,0.00673446016219614,-7.80042529386112,6.17542077516785,-0.897687257113418,0.04,0.47,0.48,2.20784150377283,-7.67148419943448,6.55814263956194,0.176581076220861,0.180918999452808,0.363392321186624,-0.419277614730025,2.20132469558224,59.958686208,0.0486174473508768,0.0486430531219066,0.0743754416397272,0.00655823031345525,0.00674746392077134,0.00261592753941059,0.000658859638337105,176,0
1,60.058899968,accepted,5.36499427793359,-0.11008282954932,-0.383400077264954,-1.00779045864746,0.0115243946898817,-0.393896879988099,0.80431784274574,-0.000240835710432208,-7.77547719082367,6.21984820605637,-0.870616547973029,0,0.07,0.45,2.20435084526884,-7.66786874294879,6.55914758146109,0.170743113980792,-0.0119289045079976,0.444190705203493,-0.343457112616827,2.20402157847103,60.058899968,0.0485394825946138,0.0485654122249164,0.0743474090390275,0.00646983037573157,0.00656018712520347,0.00260284269617176,0.000654922826185628,177,0
1,60.159026688,accepted,1.11269551167316,-0.130181016188872,-0.358794252921669,-0.984191665668329,0.00984940242505025,-0.0302027257925775,0.390996276793134,-0.00399498010444432,-7.80042522117737,6.24206196100444,-0.843569350918443,0.02,0.38,0.12,2.20260551601684,-7.67373651437485,6.58746577564173,0.142584932128438,0.00939110431622666,0.406199966098414,-0.268314277352993,2.20647546407948,60.159026688,0.0486623546828443,0.0486892759491421,0.0744490131617549,0.00646139088135213,0.00655173391195791,0.00259285516911071,0.000651358203617189,178,0
1,60.259172864,accepted,4.43199831148112,-0.121967580982271,-0.347698404938039,-0.920887223298722,-0.0142857533190446,-0.124486544701284,0.8457380567979,0.00118861755506261,-7.79210916673773,6.27538254596464,-0.816516898221153,0.1,0.19,0.25,2.20435084526884,-7.67512479907813,6.60296521088415,0.136375677208226,0.112707483505478,0.307053430279651,-0.585624104868537,2.20294509435521,60.259172864,0.0486850316319611,0.0487119261047882,0.0744831407941787,0.00640455476454537,0.00651964002779841,0.00257104421007357,0.000647881599481603,179,0
1,60.357335552,accepted,7.72220686989682,-0.13550138301758,-0.336121911466265,-0.852357206984087,0.0131453654181556,-0.174509902074582,1.07201992209316,0.0104296024262096,-7.80042516088861,6.29759628318362,-0.79000024446735,0.16,0.12,0.29,2.20784150377283,-7.66834897770476,6.60900658793173,0.116009119809654,0.146228625964023,0.284839128418941,-0.766664558464609,2.19726540123105,60.357335552,0.0485416145523304,0.0485678901017326,0.0744053180268292,0.00631866635435923,0.00643951805316673,0.00255056008087381,0.00064440486014571,180,0
1,60.45748608,accepted,3.55325884752875,-0.10114418106009,-0.286930956681272,-0.87246907068892,0.116565464651347,0.120750784655652,0.642104583748341,0.0167321198683439,-7.75052900155633,6.34202368746788,-0.814000353668057,0.32,0.24,0.24,2.21133216227682,-7.64192349788607,6.63131356814842,0.0911705196175674,0.208372646244429,0.123135525073634,-0.392068417876838,2.19546381362784,60.45748608,0.0482676832046725,0.0482921271864661,0.0742480200073613,0.00629120095818819,0.00636625820266694,0.00250950213868989,0.000640340054271008,181,0
1,60.55762688,accepted,5.55017376303986,-0.122424052193427,-0.310893442991319,-0.887374195107827,0.177372491785684,-0.280213878642418,0.791204149336753,0.0183160313881285,-7.75052900155633,6.34202368746788,-0.837998592948509,0.31,-0.07,0.47,2.21133216227682,-7.61630585346983,6.6181936919992,0.090895159099258,0.139532177703675,0.195328519455488,-0.309043662107902,2.19306888131146,60.55762688,0.0480511966283588,0.0480748098018206,0.0741213990518262,0.00615340252546534,0.00621457672492714,0.00248996265736636,0.000636706007345371,182,0
1,60.657796352,accepted,3.10379655938036,-0.149347543539067,-0.253128858928087,-0.920842889645867,-0.061892249032027,0.331189294708157,0.551351916282993,0.0167465323886575,-7.74221294943353,6.37534426982771,-0.862003703329627,0.18,0.42,0.13,2.21133216227682,-7.60288382738036,6.64823162979361,0.0793634970756637,0.238500735222144,0.101077731821567,-0.414252419378335,2.19554597669477,60.657796352,0.0479123872436838,0.0479357784516273,0.0740379627162278,0.0061060280561985,0.00617068452040436,0.00246319237895084,0.000632317858960241,183,0
1,60.75793024,accepted,3.21051385776507,-0.193026730277992,-0.279350211669892,-0.929918345282846,-0.316728971773586,-0.321112673976984,0.458478171122497,0.0214927739387201,-7.75884498589297,6.37534428799271,-0.886000286184029,0.1,-0.24,0.2,2.21307749152881,-7.59950552983846,6.61803059207989,0.0596933365812884,0.401021647321698,0.0643570439553802,-0.252570546007584,2.19038661662211,60.75793024,0.0477173033031663,0.0477399613278792,0.0739172854092789,0.00603592226096692,0.00620814212036864,0.00244863247194659,0.000628043016869567,184,0
1,60.872106496,accepted,1.08244926298755,-0.208656511995105,-0.252710072199374,-0.955758109383191,-0.0466637227674783,-0.0382301528975917,0.318806347523482,0.0239083737729175,-7.76716101542525,6.36423743354344,-0.9133620519342,0.14,-0.01,0.16,2.21307749152881,-7.56921542243848,6.60576859064988,0.0479476915279365,0.183124415579445,0.0247739196572445,-0.155471603071638,2.18946333734706,60.872106496,0.0478371600232718,0.0478624627730534,0.074056232250905,0.0060034421445397,0.00599757422240608,0.00241994485859334,0.000625541635137329,185,0
1,60.964266752,accepted,0.705553947464736,-0.27954522185787,-0.27759573570698,-0.969363146016306,-0.0608936554815299,0.176885086548938,-0.00140870299363624,0.0137600584585496,-7.83368919895391,6.33091691290069,-0.935447793965778,0.13,0.17,-0.16,2.20958683302482,-7.57067245267508,6.62258627912094,0.01580100728572,0.185204428273866,0.0023649050820797,-0.160960872675734,2.1964348265422,60.964266752,0.046928925409139,0.0469485008887177,0.0734136939860593,0.00577367276242827,0.00575377514193203,0.00237096699689228,0.000619127098547041,186,0
1,61.060388608,accepted,1.11065665982235,-0.228523226757962,-0.286690902905805,-0.957693271556368,-0.14276044875181,-0.267345880187605,-0.0398772253073972,0.00371719674534399,-7.79210908231146,6.35313059648897,-0.958482913521145,-0.05,-0.04,-0.21,2.20609617452083,-7.58540096489698,6.60322530448266,-0.0216905577681766,0.0836931542814369,0.211524877999118,-0.173287256606293,2.20177653878775,61.060388608,0.0464160239628794,0.0464335887048948,0.0730499631443408,0.00552921820124962,0.0055588980819865,0.00235066371665698,0.000614932915144611,187,0
1,61.160482048,accepted,0.518815074762355,-0.219515094961518,-0.263552850860834,-0.938002444265492,0.135883615931659,-0.0154907357629058,0.0711390149312216,-0.00244956168481281,-7.80042508821216,6.36423746944372,-0.982469803215693,0.05,0.33,-0.15,2.20435084526884,-7.57330173087271,6.61796002328862,-0.0548974783587681,-0.0805017642977736,0.342737539410806,-0.221747936937189,2.20681222415938,61.160482048,0.04595254500705,0.045969926169335,0.0727291805943096,0.00535859943893527,0.00536217068275445,0.00233659999807961,0.000612057366241446,188,0
1,61.258651904,accepted,1.44821555721587,-0.194101680477021,-0.25907236268948,-0.934331392055071,0.198541929397675,-0.261334881869136,-0.0641846986070846,-0.00242921917824379,-7.76716099141239,6.38645116189477,-1.00599571567511,0.21,0.1,-0.19,2.20609617452083,-7.55539762041962,6.60639150814155,-0.0949224956430779,0.021464422292471,0.344299949597615,-0.129614540513363,2.20816808464304,61.258651904,0.0452999895872309,0.0453150938121029,0.0722536832786897,0.00519719883994641,0.00522177128423701,0.00230242245383853,0.000609019060858849,189,0
1,61.35881856,accepted,5.60703052564342,-0.217225826110354,-0.270098057624037,-0.920413442142034,0.387770395539698,-0.59615440466497,0.0466944889610355,0.0022202996877243,-7.77547702196383,6.37534430598679,-1.03000028979329,0.33,-0.2,-0.15,2.20958683302482,-7.51994185298221,6.56797147160252,-0.120629784073895,-0.0376263550416653,0.360846084115085,-0.197600991159663,2.20687684033629,61.35881856,0.0447323558540978,0.0447459764222429,0.0718340482815695,0.00503314819059403,0.00503950890699857,0.0022797862731316,0.000606415767148512,190,0
1,61.458955776,accepted,6.30260169296727,-0.221059202874345,-0.263390044576308,-0.944283549614206,0.371060918690034,-0.578097846526472,-0.314449925681893,0.00619354584640508,-7.75052900155633,6.34202368746788,-1.0759893439655,0.23,-0.18,-0.29,2.21133216227682,-7.49417084511655,6.53184542745506,-0.179934675744005,-0.122386172975925,0.364730375523056,0.0145723886389808,2.20506272816052,61.458955776,0.0441940601781224,0.0442067242232857,0.0714296875563128,0.00492172280289159,0.00491223070261694,0.00226109485382827,0.000603940777117104,191,0
1,61.559132928,accepted,2.43633278819223,-0.230610309337117,-0.2334168627351,-0.945379624424852,0.230675278972611,-0.315175186885685,-0.224414508335889,0.0145018296220094,-7.7338969799407,6.33091680416952,-1.12199673915957,0.2,-0.04,-0.21,2.2148228207808,-7.48474757987538,6.52232613303357,-0.215621557407651,-0.020007866297368,0.256855153731374,0.00682294089989211,2.20045286288537,61.559132928,0.0436917484850787,0.0437025940049474,0.0710421117533633,0.00479862293040141,0.0047934285191371,0.0022086898064788,0.000601458278464407,192,0
1,61.659339264,accepted,3.18473807714238,-0.226426410272015,-0.223968401427829,-0.963550634133954,0.294431679591507,-0.228680947373133,-0.361483734643593,0.0255761517355384,-7.70894893513177,6.31980991313633,-1.16801753740808,0.32,0.03,-0.18,2.21831347928479,-7.45742160386637,6.51218337577938,-0.257117083381293,0.0393833730234715,0.245400824731535,0.17069714284632,2.19316386245225,61.659339264,0.0432127059799392,0.0432224779269752,0.0706683249511208,0.00470645470169072,0.004707824384765,0.00217023759148138,0.000599285877565999,193,0
1,61.759557888,accepted,4.47620512025319,-0.226945342471303,-0.224782815120377,-0.972206434073924,0.345002725520736,-0.339266364782728,-0.39686540435027,0.0206427236794133,-7.68400088115379,6.3198098860158,-1.21404397904792,0.32,-0.01,-0.23,2.2148228207808,-7.42725483594489,6.50178711843582,-0.297550539222117,-0.00902832328324726,0.310638671024012,0.15539953876292,2.19436592387896,61.759557888,0.042759898591916,0.0427689431567819,0.0703083906035879,0.00458664124869955,0.00457996170295544,0.00214771175918019,0.000596358466040627,194,0
1,61.877765888,accepted,7.75459207000829,-0.194854747416951,-0.237150262919841,-0.991311588281265,0.511295390145641,-0.364191444045352,-0.552236641348965,0.0092571522511804,-7.64242080259815,6.30870297689577,-1.26833222804007,0.34,-0.05,-0.36,2.20784150377283,-7.39975819860966,6.50035823497159,-0.3479594919884,-0.147119335415305,0.294482395738767,0.177229828394375,2.19892712508266,61.877765888,0.042652452967966,0.0426609260100314,0.0702702386332968,0.00452019632383183,0.00450059096001704,0.00213394465285895,0.000594951775925872,195,0
1,61.95988224,accepted,5.18803273499827,-0.192858444238083,-0.235450397686247,-0.971910198902886,0.451435465853061,-0.257850612638078,-0.434234696031627,0.00948394076824588,-7.60084073346818,6.28648920429898,-1.30604501366967,0.37,0.03,-0.32,2.20784150377283,-7.3677429568485,6.48857221168211,-0.392471466013741,-0.0608547122595016,0.273881216823053,0.102182974450876,2.19858488958395,61.95988224,0.0419027447774848,0.0419101627033608,0.0696164493177171,0.00437813390565109,0.00435959587132223,0.00209440181140159,0.00059083238005138,196,0
1,62.06002944,accepted,1.73695006092249,-0.202844992770884,-0.222993843544738,-0.968402201236168,0.335807948623812,-0.0811821931208782,-0.122060428142215,0.0229583732638354,-7.5675766612018,6.28648916899932,-1.35203865309735,0.42,0.05,-0.05,2.21307749152881,-7.33717212860369,6.49469662942344,-0.411824295785677,0.0989680388593465,0.126029241036664,0.0672547333329382,2.19085608894676,62.06002944,0.0415116486899316,0.0415180537624642,0.0692918374347452,0.00430202127784983,0.00428478838733197,0.00203511353053227,0.000588632336203491,197,0
1,62.160098816,accepted,3.24610737821511,-0.22356198369041,-0.236977337013595,-0.988158573906634,0.0893909867252294,-0.483691387337719,-0.181390004018863,0.0313104598819582,-7.54262861832844,6.27538227839716,-1.39799655104652,0.28,-0.17,-0.14,2.2165681500328,-7.31685549690987,6.4576578609888,-0.443643889306463,0.193343985542554,0.289699077475229,0.0352921464346684,2.18500873713092,62.160098816,0.0411337452267919,0.0411398774543188,0.0689747437945376,0.00419612473418604,0.00421932877032524,0.002027734830128,0.000586414111403116,198,0
1,62.260288512,accepted,6.92306042861287,-0.225054987729009,-0.226177764894521,-1.00907314091566,0.276739490132399,-0.292659719892269,-0.67122796493683,0.0227612750449868,-7.52599659168326,6.26427539692631,-1.44400970720259,0.44,0.12,-0.52,2.2148228207808,-7.28072494868733,6.45544667175993,-0.514706793250599,0.174480074202425,0.398042130838196,0.134190021885366,2.19188942149298,62.260288512,0.040771595696821,0.0407773478252668,0.0686701793153625,0.00414243881321805,0.00414542191740373,0.00201914306972471,0.000582896687903078,199,0
1,62.360428544,accepted,4.97554068534216,-0.221654088900184,-0.2313959256026,-0.9820467974289,0.399013222047269,-0.445827517490847,-0.283888478153628,0.0113620480512329,-7.50104853693543,6.26427537058218,-1.49000001428657,0.21,0,-0.24,2.21133216227682,-7.24797200223229,6.44634969150611,-0.550625893226784,-0.172596390431556,0.424465886097936,0.0357274056169644,2.20014650100436,62.360428544,0.0404252656472562,0.0404316218813469,0.068374370074724,0.00406039358169239,0.00403197446914011,0.00201729337019741,0.000579820969875535,200,0
1,62.458617088,accepted,6.59498001052908,-0.223619937304723,-0.243367148448582,-0.966528336863976,0.237341093565317,-0.680991015864649,-0.269357921725718,0.0065752702500097,-7.49273254213936,6.24206163206169,-1.50178805338855,0.05,-0.28,-0.03,2.21133216227682,-7.25341639319164,6.41424401899188,-0.575854558373038,-0.178337383730116,0.369411429238456,0.231760899480356,2.20524508712722,62.458617088,0.0400571641241935,0.040062957524838,0.0680567122289364,0.00401262980297104,0.0039868381219538,0.00199264151383355,0.0005770693547547,201,0
1,62.558745856,accepted,11.6321183690898,-0.190234005284933,-0.244384858048115,-0.961861904622105,0.783923822637398,-0.605495407704111,-0.290503442426558,0.00275731976522664,-7.47610052931151,6.21984788718737,-1.51380902634868,0.4,-0.08,-0.08,2.20958683302482,-7.21894861066752,6.40098830125066,-0.593969307518007,-0.351000780590907,0.497807240669613,0.202753544393405,2.20677735895736,62.558745856,0.039736985093543,0.039742699337089,0.0677798238396724,0.00396997345445369,0.00395831433020341,0.00202958797121643,0.00057411515585994,202,0
1,62.658877952,accepted,7.94841967334294,-0.208838710935133,-0.236810693666244,-0.959944175956037,0.648662805590715,-0.425895366984235,-0.338734137837759,0.0135927880989999,-7.45946850408866,6.20874100527576,-1.5258303988523,0.29,0.05,0.01,2.2165681500328,-7.19755556041588,6.39966888190396,-0.612061277531088,-0.332151444979388,0.456268695941911,0.339929406236635,2.20312611311849,62.658877952,0.0394248824816125,0.0394304244209952,0.0675111731490188,0.00392072612712496,0.00391184003457328,0.00200954495971322,0.00057132076771577,203,0
1,62.759022336,accepted,8.89049357630897,-0.208052973987543,-0.241002018917317,-0.964980628457175,0.722038836709741,-0.421770316569745,-0.323377958098997,0.0236514103924379,-7.4345204612226,6.19763411509712,-1.53785324659344,0.56,-0.25,0.11,2.22180413778878,-7.16740788910266,6.3934403381562,-0.617355419402007,-0.132494749842633,0.152392436830006,0.425104027637357,2.19921446869716,62.759022336,0.0391244815858691,0.0391290119960386,0.0672525819657795,0.00385532423092145,0.0038262535317966,0.00190705993254399,0.000569263620769716,204,0
1,62.87722112,accepted,2.98018744937902,-0.21138786778081,-0.23662508474662,-0.982803702656555,0.457501737194071,-0.101444346701205,-0.156054982095783,0.0447502373209465,-7.40125640935457,6.17542035101995,-1.55204361780009,0.2,0.04,0.21,2.23053078404875,-7.15498003306648,6.39595067751386,-0.599418029915118,-0.239420998376028,0.135527442518175,0.361090432582207,2.18702346818404,62.87722112,0.0391144750586239,0.0391190650677442,0.067281764539724,0.00381268463649379,0.00380024447651734,0.00188656769898775,0.000569854976593033,205,0
1,62.959384064,accepted,5.28868823394256,-0.210465216076701,-0.233105731363899,-0.990038431267534,0.629194100567771,-0.233184706416751,-0.108995283739912,0.0367594928982524,-7.38462437251386,6.17542033380226,-1.56190770129853,0.41,-0.05,0.18,2.22878545479676,-7.12503451108922,6.38121522517676,-0.597613673448725,-0.194512201455174,0.172069828992943,0.285134617913834,2.19313412931232,62.959384064,0.038543234792018,0.0385474883696581,0.0667486704291456,0.00371381149790005,0.00369820902522408,0.00184908390201943,0.000565093357029374,206,0
1,63.05953664,accepted,3.28637623482515,-0.21655687754934,-0.233698866449044,-1.00167307813335,0.494036143525126,-0.0264223340197536,-0.173485270786037,0.0256730887401879,-7.359676328746,6.16431344466501,-1.57393153253135,0.28,0.12,0.09,2.22354946704078,-7.10660808888449,6.38889155462894,-0.603843301971032,-0.195288070024145,0.14385384798907,0.258236000883542,2.19859010224603,63.05953664,0.0382696332590112,0.0382737518879392,0.0665097769847607,0.00366068946233372,0.00364353294863925,0.00181713673908057,0.000561884057597973,207,0
1,63.159672576,accepted,2.40533633661746,-0.23772557432866,-0.23697680767315,-1.01097619340893,0.226863225532691,-0.159087431559718,-0.337440955374934,0.0267997481783127,-7.359676328746,6.16431344466501,-1.5859533660467,0.12,-0.06,0.01,2.22354946704078,-7.10947010386173,6.38066726669456,-0.620692674530043,-0.0991900240940319,0.0913359001858506,0.338912938061553,2.19749163336602,63.159672576,0.0380032649412418,0.0380070012459041,0.0662770915580997,0.00363079353506112,0.00359257280756273,0.0017773267405575,0.000559513365209583,208,0
1,63.257859584,accepted,1.61841924028699,-0.204525567112183,-0.260553547971869,-1.00920792589752,0.299624848020586,-0.133154151676527,-0.105828882832503,0.0233420698691162,-7.32641228824651,6.13099281796564,-1.59774122074401,0.18,0,0.24,2.22180413778878,-7.10242050458767,6.37264088185632,-0.614096052811996,-0.108931744303253,0.126347416664973,0.341941892377096,2.19909592543438,63.257859584,0.0377165157807847,0.0377200817678908,0.0660207239893648,0.00357760232341611,0.00354355923939391,0.00175902131650516,0.000556918615231323,209,0
1,63.359969024,accepted,0.806684469070761,-0.19533946318926,-0.252379961066655,-1.02912130413784,0.119008413375964,0.16698721353064,0.00436620731142406,0.0191319863572721,-7.30146423272884,6.1309927923979,-1.60999998355245,0.23,0.12,0.24,2.22180413778878,-7.10186139783038,6.39006140475125,-0.5974916989638,0.114639000230368,-0.0419189905317875,0.23375585385866,2.20332700941874,63.359969024,0.0374953536392904,0.0374983192313149,0.0658314769308417,0.00354809266478345,0.00349113971708323,0.00170994808755243,0.000554273280674745,210,0
1,63.460101376,accepted,1.00142547201163,-0.223383778556675,-0.23154964497369,-1.08517559329841,0.0659945851446748,0.225921850561693,0.0163596581733121,0.030469233842946,-7.30978024004456,6.14209966518308,-1.65351423943061,0.2,0.02,0.37,2.22529479629277,-7.08745844706286,6.38575632425653,-0.584862667273477,0.135608889233949,-0.198453377672679,0.351900531860239,2.19575007944079,63.460101376,0.0372482940084864,0.0372512542272741,0.0656159950355065,0.00357651654475438,0.00346768809583781,0.00167617223395018,0.000552088314930655,211,0
1,63.558271488,accepted,1.06203392454557,-0.245664203384895,-0.224344351886313,-1.15191891903714,0.136812004997139,0.121467974709142,-0.158737233083824,0.0244311403803432,-7.32641227675331,6.14209968197106,-1.6961758120174,0.15,-0.06,0.31,2.22354946704078,-7.07664613208753,6.36991967322416,-0.576380378138435,0.0172731186481182,-0.178110819104478,0.463659659614136,2.19988879935101,63.558271488,0.036981879028184,0.0369849339749598,0.0653764230184336,0.00353985270640578,0.00342842943963801,0.00165960231503318,0.000548867061493927,212,0
1,63.6584576,accepted,2.99052256154364,-0.267717278361235,-0.200652550902139,-1.21144377546226,-0.120805032931358,0.342999188261579,-0.321230891726314,0.021771083793678,-7.34304431552958,6.14209969892508,-1.73971347335038,-0.05,-0.05,0.25,2.22354946704078,-7.09306666383895,6.36485011266657,-0.574837477720605,0.0647089287315055,-0.381212891468245,0.563190844867188,2.20196535344714,63.6584576,0.0367513339499856,0.0367541040619123,0.065173567257549,0.00361618545998177,0.00340965261904308,0.00163230295080236,0.000545421087821025,213,0
1,63.758619648,accepted,3.58510156100299,-0.287991403939382,-0.180679975409802,-1.26254202296564,0.125704066571146,0.392164486938594,-0.342711499084463,0.0197912280902481,-7.3763083885658,6.14209973344834,-1.78324067724308,0.11,-0.03,0.1,2.22354946704078,-7.08659724228748,6.34915149622082,-0.56958567522909,-0.012193595450441,-0.408678675279323,0.434303789612024,2.20458550137298,63.758619648,0.0365283321922536,0.0365311628727686,0.0649739472104389,0.00356376339018129,0.00334370368743755,0.00161576446172026,0.000542048332626147,214,0
1,63.876816896,accepted,3.7912407007489,-0.305472504454282,-0.159750738773124,-1.31832435827854,0.0105321472091409,0.374728619312149,-0.402622782119682,0.0188960242552527,-7.4012564551881,6.13099289483975,-1.83460539887149,-0.11,-0.19,0.05,2.22354946704078,-7.10400090342355,6.31622464606508,-0.5709412885566,-0.121823498649793,-0.55192196084709,0.443133262685828,2.20485663915148,63.876816896,0.0365608547951525,0.036563449368485,0.0650397033856134,0.00363847059079646,0.00333269169101692,0.00160109135605034,0.00053954799997008,215,0
1,63.958952704,accepted,3.76512632481485,-0.291158920582228,-0.165046650177789,-1.33157235906862,0.37005461384856,0.21031945772137,-0.344402996290643,0.0159550002552149,-7.41788851475128,6.10877918318717,-1.87029897875624,-0.07,-0.21,-0.12,2.22180413778878,-7.10594320660129,6.28560122135,-0.588278809036798,-0.427806757685279,-0.414144376123125,0.216076867666043,2.20683977318891,63.958952704,0.036088997048712,0.0360917013034049,0.0645830867195533,0.00344127626767579,0.00331519787234497,0.00158769022425428,0.000534660844784967,216,0
1,64.059091968,accepted,2.70042034276377,-0.311393167978064,-0.146342573654585,-1.33917350887349,0.295852574064314,0.317702239093538,-0.107901168967642,0.0171796447752031,-7.45946863138644,6.08656549848068,-1.91381628145549,-0.13,-0.28,0.04,2.22354946704078,-7.13384206978594,6.253639751739,-0.605038287750872,-0.416404535198832,-0.587562013453279,0.143799474801813,2.2072175049905,64.059091968,0.035880053304181,0.0358821707283954,0.064397637477491,0.00350060251653238,0.00326436593278389,0.00156490101306553,0.000530636125932677,217,0
1,64.159251712,accepted,5.80386849430184,-0.322631598287499,-0.139963246336484,-1.37154063217074,0.571593234720241,-0.0601006435068633,-0.395191141563899,0.0169858185007459,-7.50936477663746,6.05324495674047,-1.95734248410391,-0.12,-0.62,-0.32,2.22529479629277,-7.15161431024415,6.18426738587108,-0.639529340571891,-0.671580170105057,-0.564488631091681,0.0661182589016549,2.21091668406156,64.159251712,0.035677858146338,0.0356793229246299,0.0642156493185649,0.00342120318006008,0.00334384125467789,0.00155626117527901,0.000526210583655071,218,0
1,64.257412864,accepted,3.6740688947204,-0.305506785540661,-0.139994288184594,-1.35888933221645,0.496563962387785,0.155658443905126,-0.138894083385873,0.0142268587533185,-7.53431290407634,5.98660379697683,-2.00000028891649,-0.34,-0.51,-0.17,2.22354946704078,-7.19926100547283,6.13451155850606,-0.674032689819547,-0.819739450496967,-0.662261522641068,-0.0356050915704627,2.21093594245952,64.257412864,0.0354524840683756,0.0354533123289092,0.0640108282330976,0.00342776077023755,0.00338670254047944,0.00154136960401663,0.000520975524539132,219,0
1,64.35750784,accepted,6.27889840293317,-0.310571317902459,-0.126607340194838,-1.39659045131134,0.583846225515498,0.0634768297329934,-0.429255696773443,0.0114278462805406,-7.60084109923017,5.94217641206367,-2.07711785989948,-0.38,-0.6,-0.48,2.22180413778878,-7.25469664897533,6.06967952333873,-0.73689151242982,-0.944031402002325,-0.663941223332537,-0.0601822928828524,2.21251141242083,64.35750784,0.0352579920927202,0.0352578064216822,0.0638372961195585,0.00337499278291687,0.00342961116806046,0.00153065860467878,0.000515689582373548,220,0
1,64.4576704,accepted,6.54118506953,-0.315568104789489,-0.107133789336501,-1.41487678915433,0.632652024216772,0.132345922482815,-0.367191019838125,0.0095596614074509,-7.67568531602298,5.89774903281229,-2.15428750056792,-0.54,-0.58,-0.37,2.22180413778878,-7.32124670163574,6.01156774964288,-0.790974919891005,-1.15146404677598,-0.710461125755749,-0.0110513977780632,2.21411909123955,64.4576704,0.0350678217141,0.0350670367374985,0.0636688899796485,0.00336152492467719,0.00355684908106216,0.00152417902236065,0.000509574036835221,221,0
1,64.559813888,accepted,13.5651549795609,-0.28254596216652,-0.114315606756222,-1.44471789406806,0.95828171661181,-0.112043203983846,-0.525680155760258,0.00672231572932525,-7.73389753214094,5.82000104613502,-2.23298333527486,-0.42,-0.85,-0.41,2.22005880853679,-7.38699483357406,5.92195320139454,-0.852503238092313,-1.34417136583275,-0.747734136210777,0.1050041700368,2.21778556723205,64.559813888,0.0349090592350178,0.034907148430711,0.0635308179157525,0.00334310762882502,0.00370401434987801,0.0015213529349909,0.000502804145741244,222,0
1,64.657953024,accepted,7.71343308053125,-0.285479191892298,-0.0967292658225514,-1.45229481910997,0.746304040151461,0.152389526711829,-0.284237457864945,0.00298150698576904,-7.80874177258725,5.75335994144488,-2.30859404111776,-0.7,-0.57,-0.39,2.22005880853679,-7.47556859080572,5.85842978263717,-0.901635043120523,-1.42172477635713,-0.719919353496051,-0.112447383151269,2.21868641958237,64.657953024,0.0347012536448197,0.0346987803293786,0.0633407908331602,0.00325597244516625,0.00369888623852032,0.00151063286908236,0.0004960018002645,223,0
1,64.756153856,accepted,6.09772535524223,-0.2838144946825,-0.105670910825551,-1.47302516589103,0.652416677407946,-0.19923409888797,-0.216220372792673,0.000267334836289379,-7.90021806718875,5.67561199210715,-2.38425228027202,-0.83,-1,-0.35,2.21831347928479,-7.57574884129579,5.76293770454029,-0.951330254962051,-1.45970385371958,-0.812376922715752,-0.139542354992509,2.2216822181146,64.756153856,0.0344999155521592,0.0344972810313985,0.0631560458972764,0.00325548326688771,0.0036539121803295,0.0014902141949044,0.000489292615556812,224,0
1,64.87028992,accepted,16.308254147745,-0.243912868553712,-0.0840575028623336,-1.51389572125994,0.925299630261655,-0.247393020035882,-0.734017091651947,-0.00227932152912791,-7.99169437601077,5.58675717899449,-2.47218772287844,-0.6,-1,-0.64,2.21831347928479,-7.68590330156056,5.64877946130188,-1.03897535727154,-1.49342844276925,-0.766692930474482,0.0799707152735841,2.22494959653471,64.87028992,0.0345099393616423,0.0345073331132306,0.0631913413225578,0.00321051668024601,0.00363626929338186,0.00148467728179167,0.000484265890628435,225,0
1,64.956400128,accepted,9.2015502407863,-0.263997983505993,-0.105008997255132,-1.50840803422047,0.644478776156721,-0.293644452216676,-0.542432887040214,-0.00773100835076246,-8.07485467984851,5.48679549412213,-2.53853081364255,-0.85,-0.94,-0.51,2.2165681500328,-7.77111987066595,5.56637962812359,-1.09537729044421,-1.47352521312593,-0.660143633434058,0.0213170323815706,2.22736242580173,64.956400128,0.0341557012321775,0.0341533244513943,0.0628459609773015,0.00309372218492668,0.00351846107997619,0.00147760851196061,0.000478409807905966,226,0
1,65.058617856,accepted,15.5418675229948,-0.245453925255799,-0.13774631099875,-1.5250944305447,0.761563890529693,-0.824327733817974,-0.362460114202101,-0.00996827485592355,-8.17464703798801,5.37572696448953,-2.61728384611003,-0.84,-1.18,-0.41,2.2165681500328,-7.87996927969432,5.44806326008867,-1.1437216373841,-1.57733807364536,-0.389483218959033,-0.0559396851589748,2.23185864590355,65.058617856,0.0340205556733317,0.0340183882550992,0.062725473938505,0.00298467704721601,0.00355003769062077,0.00151066566318735,0.000473867181724239,227,0
1,65.156742656,accepted,18.566030717278,-0.222737680438726,-0.150390586841636,-1.53182447175584,1.02902371044311,-0.765132834385849,-0.158386189088235,-0.0134746031574822,-8.26612336634591,5.27576529068321,-2.69288350686814,-0.62,-0.94,-0.39,2.21831347928479,-7.97438310496403,5.36535180336743,-1.19716994379782,-1.6170330704992,-0.20489265412971,-0.236575840589201,2.23564150833254,65.156742656,0.0338330753515824,0.0338342043781991,0.0625538490633708,0.00294871895204026,0.00351798319230149,0.00153332272050986,0.000469136502788451,228,0
1,65.256834816,accepted,10.1006118838727,-0.223778407479102,-0.147878035999527,-1.54832240302736,0.69399503908866,-0.566140889526054,-0.275826360678724,-0.0183859661296619,-8.35759967211329,5.19801734756627,-2.7699989082809,-0.75,-0.79,-0.45,2.21831347928479,-8.0899043123613,5.30005720421121,-1.26669699196413,-1.42296247445147,-0.244817352466938,-0.181154621191098,2.23880898043311,65.256834816,0.0336731502775937,0.0336804354169629,0.0624129626712887,0.0029301493092684,0.00326263294583346,0.00149358983870571,0.000465906464040258,229,0
1,65.358961152,accepted,13.3661441584425,-0.193024218491246,-0.179207492412971,-1.49622345135169,0.752217721627739,-0.784352546795759,-0.0730149279038316,-0.0190330434544927,-8.43244395317836,5.10916252035952,-2.78427664521485,-0.69,-0.85,-0.26,2.22005880853679,-8.19036399456898,5.22601304267337,-1.31688510455995,-1.41951541089594,-0.0935304560170496,-0.19053813294679,2.24132397372301,65.358961152,0.0335435541400628,0.0335550001937621,0.0623010972539766,0.00294140202010275,0.00320561202805547,0.00150668743946618,0.000462868888459751,230,0
1,65.457145088,accepted,5.79774280019521,-0.202162594223378,-0.174753492716358,-1.47258891633828,0.347937654971053,-0.600754122504192,-0.037423970698532,-0.020455701063582,-8.51560424312075,5.03141456843452,-2.79800235715463,-0.8,-0.84,-0.04,2.22005880853679,-8.2940672568886,5.1576596073512,-1.35101577439351,-1.13792578186168,-0.25982836013794,-0.00556132572139094,2.24170202707192,65.457145088,0.0333684783893032,0.0333840606218802,0.0621395896419185,0.00290725344249111,0.00297590740892305,0.00144594980469894,0.000460945806574789,231,0
1,65.559252992,accepted,5.08264412121052,-0.187912959995245,-0.180892896731716,-1.47146808490119,0.471368063046257,-0.407608793393616,-0.167131633566413,-0.0230584474352078,-8.5904485124506,4.95366660842313,-2.81227662374219,-0.55,-0.63,-0.05,2.21831347928479,-8.37415559154884,5.10003748653608,-1.37597393552585,-1.00726729748222,-0.236268586121365,0.112198412639813,2.2414640827075,65.559252992,0.0332501131136014,0.033267564742193,0.0620321880836489,0.00290707499166632,0.00289576879300473,0.00143050634537597,0.000459600594935748,232,0
1,65.659418624,accepted,3.96159485942309,-0.195623322018642,-0.18807096214313,-1.46776055064956,0.213379645168998,-0.49807874965318,-0.137688772972772,-0.0224952533733345,-8.6652927726114,4.88702551301912,-2.8262793686627,-0.76,-0.74,0.11,2.21831347928479,-8.46006075501783,5.03401928184643,-1.39127896807926,-0.967636056872643,-0.258652560813099,0.243214952592671,2.24112455214736,65.659418624,0.0331093974830139,0.0331267444716763,0.0619008164243864,0.00290279306567177,0.00286389876224278,0.00140995998985475,0.000458260498205758,233,0
1,65.757555712,accepted,4.6081712287375,-0.186384751921853,-0.178722462259885,-1.48272752490417,0.451744319332403,-0.224948207052304,-0.340447600071896,-0.0227472390859744,-8.73182100040255,4.83149127198001,-2.83999853144405,-0.39,-0.49,0.06,2.21831347928479,-8.5187673216914,4.98909730584824,-1.40506604101957,-0.828223751489068,-0.272962821835192,0.392868581023669,2.24056764411102,65.757555712,0.0329488978095681,0.0329662437840906,0.0617458003372019,0.00290223577347997,0.00282560286101023,0.0013915982643581,0.000457017009971847,234,0
1,65.875702784,accepted,1.33052755696976,-0.191665362281334,-0.166643165455172,-1.50448717579093,0.0232754295146801,-0.10994272404228,-0.234848757499981,-0.0234014384793948,-8.80666521975652,4.79817077225614,-2.8565150079968,-0.74,-0.27,0.32,2.2165681500328,-8.61901580323707,4.95250328033937,-1.39194753821875,-0.763538015554845,-0.164221436372233,0.548892691272061,2.23964759337537,65.875702784,0.033056605025682,0.0330734671932788,0.0618679857319698,0.00295121715585313,0.00283947073495035,0.00139020498865173,0.000456843688497378,235,0
1,65.9598592,accepted,2.93289691331174,-0.198952534360583,-0.166025447775098,-1.52215681862279,0.271951985140466,-0.203156930953488,-0.311806854432601,-0.0231475620193509,-8.88150942826979,4.7759571361786,-2.86827973011899,-0.45,-0.39,0.23,2.2165681500328,-8.66910955200106,4.92297384255854,-1.39212812043377,-0.714208710784013,-0.193996209361226,0.534684401761808,2.23906350548888,65.9598592,0.0327227064227925,0.0327390315570474,0.061532809299075,0.00290284280974443,0.00279744751012835,0.00136232554655863,0.000454740302377365,236,0
1,66.057981696,accepted,2.66967114971349,-0.203841889530285,-0.148623328667846,-1.55016143978938,0.0830552016123,0.124160455025498,-0.4037056044949,-0.0243745052639284,-8.93140557696187,4.75374346956984,-2.88199685299853,-0.46,-0.06,0.24,2.2148228207808,-8.72759663839923,4.9069591885313,-1.38485648414814,-0.541437339060632,-0.181052925758401,0.635107281251273,2.23888884855573,66.057981696,0.0325744902737987,0.0325888445667978,0.0613839166218544,0.00290016586811176,0.00280987584915791,0.00134417102952504,0.000453267398492237,237,0
1,66.158128384,accepted,3.74531608807593,-0.213757003560806,-0.149213147505819,-1.57597608277114,0.197339197242351,-0.228769173703544,-0.438009175409221,-0.0243739453051379,-8.9896177307848,4.74263667669223,-2.89599694962546,-0.23,-0.31,0.08,2.2148228207808,-8.76818575547912,4.87180910338523,-1.375598544901,-0.421894646456182,-0.0892549183202089,0.50900914821945,2.23816977657886,66.158128384,0.0324577776000315,0.0324691352145074,0.0612631793323332,0.00287936318812715,0.00279662498713744,0.00133527432608644,0.00045162782973004,238,0
1,66.258296576,accepted,2.785778803844,-0.212489001736941,-0.153018963116835,-1.5867555851401,0.131033337227303,-0.228814966973754,-0.353174700184367,-0.0221298113694139,-9.0228818382299,4.72042299055605,-2.91000004867729,-0.32,-0.1,0.16,2.2165681500328,-8.80735615824435,4.85340180403671,-1.37276725440286,-0.44753122548053,0.120890314683383,0.505470703404047,2.23771296091316,66.258296576,0.0323414487162246,0.0323487668266222,0.0611445495451365,0.00293705408589795,0.00277079867471617,0.00133713752285056,0.000449681997480853,239,0
1,66.358478848,accepted,1.85491167557747,-0.220002260618031,-0.152884543362348,-1.59284079430574,0.122047804185317,-0.25459891254864,-0.1682355821419,-0.0203056850493093,-9.07277796032107,4.72042305361606,-2.92300431877879,-0.36,0.03,0.22,2.21831347928479,-8.85056801738378,4.85154015749863,-1.36644218755918,-0.478764936735094,0.275929946219693,0.383301402133188,2.23758549682254,66.358478848,0.032228484840486,0.0322324212168608,0.0610287228581361,0.00297353160839006,0.00272695698422919,0.00133778161695392,0.000447383424813796,240,0
1,66.458621184,accepted,3.24232975502089,-0.213038196542161,-0.148892192111888,-1.61424576011027,0.277047603983866,-0.307149834415354,-0.253000199601877,-0.0239000170018833,-9.10604202605026,4.73152996169378,-2.93600340494383,-0.14,0.04,0.21,2.2148228207808,-8.87983585334342,4.85529946036032,-1.36424759804509,-0.408343378676816,0.336662344075861,0.456856306160243,2.23688130932836,66.458621184,0.0321179769837011,0.0321189968651961,0.060914677837058,0.00299236908802934,0.00273798981379113,0.00132791119603771,0.000444718340066978,241,0
1,66.558788864,accepted,3.79772339275767,-0.20633107319239,-0.15736231518546,-1.63611527406186,0.244388486204798,-0.247255131764783,-0.40507511600462,-0.0177715166809715,-9.11435804809973,4.73152997227053,-2.9490057809147,-0.01,0.16,0.2,2.21831347928479,-8.89690585917931,4.86776373238885,-1.3663545129025,-0.246583931051441,0.39839687869994,0.59668482609993,2.23434287134315,66.558788864,0.032009013985792,0.0320068266283951,0.0608027416103646,0.00302243085900671,0.00280020932647944,0.00131772368162412,0.000441949210343907,242,0
1,66.660915968,accepted,3.84084726673929,-0.203724775445565,-0.145274117769846,-1.66232345254892,0.333199425674935,-0.124110438888218,-0.40133058966165,-0.0133568725689264,-9.12267402324986,4.76485057440963,-2.96226250207491,0.12,0.34,0.29,2.22005880853679,-8.90154409216425,4.89781763333013,-1.35338921996236,-0.202592002308745,0.458959234746413,0.682928149878461,2.23164538432685,66.660915968,0.0319281126372924,0.0319220438230363,0.060717315323976,0.00304186454275046,0.00281232218156738,0.00130586393565794,0.000439143607597962,243,0
1,66.75904128,accepted,2.6058554724134,-0.239813682431187,-0.124097301310532,-1.68755319172837,0.170397454183512,-0.161747852984492,-0.339776011566443,-0.0098728215599353,-9.15593803394441,4.82038493874009,-2.97499976621922,0.03,0.3,0.31,2.22180413778878,-8.91104122648832,4.93016490440507,-1.33679106256119,-0.135529582118386,0.455806922875896,0.642344993382814,2.2304783194916,66.75904128,0.0318023899859943,0.0317927404582086,0.0605837930291639,0.00299041712105339,0.00281107376736348,0.00128723070274042,0.000436047335920626,244,0
1,66.875233024,accepted,6.88370418376203,-0.247660596826275,-0.0970440600597762,-1.73916278590383,0.268944668039531,0.264751838386239,-0.645902778581349,-0.00946896454693347,-9.16425399708811,4.86481240679161,-2.99008216345752,0.22,0.44,0.16,2.22005880853679,-8.90472588298531,4.97753092429552,-1.32254507975497,-0.0420142904455561,0.182988671643012,0.794044182207475,2.22971350580809,66.875233024,0.0318990499394805,0.0318830783716382,0.0606755963440519,0.00285056436367852,0.00287916261934553,0.00124846952792806,0.00043448106203137,245,0
1,66.959373312,accepted,5.1172799462657,-0.238720344942699,-0.0798598315446029,-1.74157372955121,0.26312216242535,0.286918131073403,-0.496292147372592,-0.0100621282544946,-9.15593792014327,4.90923985401553,-3.00100408616625,0.07,0.41,0.2,2.22005880853679,-8.90578363562823,5.00648439368116,-1.32017694795338,-0.186560917835348,0.131243537062389,0.686682429558914,2.23024067055686,66.959373312,0.0316069467702304,0.0315898929110403,0.0603684442063075,0.00276479494118624,0.00274191746617992,0.00123198174530684,0.000431810947662156,246,0
1,67.059478528,accepted,3.39865677752667,-0.241130517079469,-0.063317079157704,-1.75941508233233,0.134185581446302,0.136831164924906,-0.448399339655144,-0.013251104003416,-9.1642538828984,4.95366732050673,-3.01399835392884,-0.01,0.22,0.22,2.21831347928479,-8.92062768520336,5.02457914103016,-1.31206670602593,-0.141476976930933,0.0868936050534495,0.659550237488766,2.23156884649745,67.059478528,0.031515287850014,0.0314957125093005,0.0602635369786401,0.00272041252350519,0.00273604561547416,0.00121984465542673,0.000429868514382186,247,0
1,67.159639552,accepted,6.98668765906587,-0.235904578661614,-0.0316769915454005,-1.78077731753084,0.524518586740141,0.324665727016361,-0.43324094184105,-0.0137417494680849,-9.17256984591745,4.99809478924676,-3.02699986591031,0.26,0.39,0.2,2.21831347928479,-8.90744490375023,5.05081769468448,-1.30280697238243,-0.250295159101463,0.0744861310153738,0.624589729301834,2.23181419459587,67.159639552,0.0314267542764853,0.0314049728170753,0.0601601779918038,0.00268604733911022,0.0026592622061359,0.00121198205237227,0.00042828314950098,248,0
1,67.259790336,accepted,3.31464903261799,-0.263877843124495,-0.00714447012625552,-1.78408414563229,0.216736346518074,0.25789684402772,-0.337889898274161,-0.0157862924450534,-9.20583385480839,5.05362915288119,-3.03999995122324,-0.22,0.39,0.02,2.21831347928479,-8.93463591999226,5.07796179744534,-1.30586171670887,-0.431851310390328,0.139329754240113,0.350532584015423,2.23385720642002,67.259790336,0.0313403209686079,0.0313168364987473,0.0600583984953412,0.00264280774680189,0.00255442463184594,0.00121283364829898,0.000426912044305787,249,0
1,67.359916544,accepted,6.04351153697335,-0.23016524680655,-0.0105570692339487,-1.75670457762904,0.629775728430377,0.076130871305217,-0.284025422837902,-0.020172202355826,-9.22246584878935,5.0869497671547,-3.02697639602263,-0.07,0.24,0.05,2.2165681500328,-8.95616225075758,5.10223745296877,-1.31598685047093,-0.682589366371179,0.166043268557056,0.32753324701516,2.23542154568074,67.359916544,0.031256413540638,0.0312309162214984,0.0599588512773776,0.00262641252171914,0.00251089086435816,0.00122512392483081,0.000425599004622494,250,0
1,67.460054528,accepted,7.70464635027117,-0.197042303639385,-0.0110317223217704,-1.73772479576894,0.773777280134959,0.00311438708380377,-0.202400422815757,-0.0215966605702964,-9.222465819857,5.1091634951033,-3.01395130910132,0.08,0.22,0.2,2.2148228207808,-8.9786544281632,5.11996325919828,-1.31598005781768,-0.672164056208647,0.217012541680292,0.39710017600198,2.2347145027193,67.460054528,0.0311756901794242,0.0311486307179585,0.0598606410672434,0.00262782862453467,0.00250252919925397,0.00122330684002561,0.000424353578626961,251,0
1,67.55821696,accepted,6.31258906982194,-0.177867831340619,0.00526625666374692,-1.72906144896884,0.670939755973967,0.155667413504501,-0.194867790524875,-0.0181911513617052,-9.22246577710732,5.14248408923418,-3.00118318497764,0.03,0.26,0.29,2.2165681500328,-9.00435463429338,5.14762755539475,-1.31114316773069,-0.62259192270866,0.108727089539945,0.479688699385672,2.23372494245946,67.55821696,0.0310759042269914,0.031046800851421,0.0597412904654715,0.00258622716205009,0.00249552829586006,0.00120559839125759,0.000423226519261758,252,0
1,67.65838464,accepted,6.0253268449324,-0.152048476276228,0.0123752366694632,-1.72735171928125,0.679005349714534,0.129404827178775,-0.093231510747652,-0.0184445751161819,-9.21414973141166,5.16469780590912,-2.98815423545629,0.17,0.18,0.44,2.2148228207808,-9.02066991939166,5.16113212789456,-1.29283646759335,-0.4904541336259,0.0541793363114749,0.529427019410837,2.23250517670628,67.65838464,0.0310030900325872,0.0309726986166417,0.0596469509834064,0.00256411271562059,0.00249738377530951,0.00118753349482358,0.000422209759839548,253,0
1,67.75848192,accepted,1.37223973915624,-0.175630902220746,0.0301468908782869,-1.73640418573926,0.195618191529436,-0.109927571718567,-0.125087642765656,-0.0184975353737493,-9.24741376601631,5.19801844245789,-2.97513444296091,-0.32,-0.04,0.45,2.2148228207808,-9.06573799937989,5.16261898162057,-1.27155134855042,-0.511914244860106,0.0675609465199485,0.571143860652867,2.23286386013886,67.75848192,0.0310032092015581,0.0309703452898583,0.0596240305293223,0.00256711341595299,0.00249721017747779,0.00118874570714324,0.000421209389964437,254,0
1,67.876665088,accepted,3.37995449164547,-0.127231892791006,0.017815929074513,-1.75383891268028,0.504041107216851,-0.0423111008586208,-0.0712399929150174,-0.0185744608191536,-9.24741378035418,5.18691157757094,-2.95976219384676,0.09,0.03,0.49,2.2148228207808,-9.09221767944613,5.16687129919379,-1.23650092068323,-0.401466417052768,0.071214766905636,0.557766390142003,2.23268366023808,67.876665088,0.0311793776288845,0.0311430878374211,0.0597787925105634,0.00256944710849021,0.00251892573406673,0.0011830773899409,0.000421003372035181,255,0
1,67.958794752,accepted,3.28501908889911,-0.148683491779012,0.0593757822946221,-1.75960651231699,0.424101790001668,0.222374776298319,0.0234396754008396,-0.017797478487469,-9.27236178102029,5.23133906695395,-2.94907947416652,0.09,0.28,0.58,2.2148228207808,-9.09925578679115,5.18828963006446,-1.21407380649873,-0.322958476530051,0.0639791321986506,0.554158951443414,2.23238187268722,67.958794752,0.0308953831695915,0.0308597775404586,0.0594682132513248,0.0025334992734445,0.00250396083970165,0.00117019262656866,0.000418941738140762,256,0
1,68.058962944,accepted,5.00879416521347,-0.0952208380091708,0.0299958101266569,-1.77850924966153,0.678672294807059,-0.198046355947464,-0.107463490637377,-0.0212975219213916,-9.2307816845858,5.23133901308396,-2.93605045804861,0.34,-0.11,0.45,2.21133216227682,-9.10353868131583,5.19205167271527,-1.18933448807781,-0.324648247957806,0.0839064899688361,0.553804492713271,2.2316811829882,68.058962944,0.0309330556508439,0.0308941637565602,0.05947632755394,0.00253676664972348,0.00250211814986477,0.00117502387143889,0.000417843557592897,257,0
1,68.159117056,accepted,6.75675309709747,-0.0581927538086742,0.0283165935593823,-1.77320247662573,0.80949141804408,-0.187332762846817,0.158419027221153,-0.0218824212504867,-9.19751760503928,5.23133897049381,-2.9230232733359,0.46,0.01,0.46,2.20958683302482,-9.09904664667913,5.19403754680935,-1.16800294881325,-0.332287770638883,0.19323186186914,0.300464845096351,2.23014344305358,68.159117056,0.03096581156813,0.0309247831192345,0.0594794357993801,0.00253046751183468,0.00247375862143954,0.00119063606457184,0.000416733804105578,258,0
1,68.259241472,accepted,3.58986649379983,-0.0679572248424449,0.0609250608645056,-1.77227317312039,0.464892066689832,-0.0560258892782219,0.250625981792093,-0.0200643193192693,-9.19751754795173,5.27576642742754,-2.90999996247968,0.19,0.11,0.54,2.20958683302482,-9.10291124995802,5.21294816918665,-1.14881492383155,-0.263457440864428,0.164653154564903,0.289629435335197,2.2288039045539,68.259241472,0.0309416408732357,0.0308984036733072,0.0594261723987996,0.0025118295940678,0.00247940108886661,0.00118476521818794,0.000415544412022708,259,0
1,68.359371008,accepted,5.28315532819803,-0.0196169028739277,0.0365499979727577,-1.77640499308058,0.637054139643766,-0.0986929688466419,0.292756553495341,-0.016278454264957,-9.14762144587316,5.26465949964928,-2.89998158196303,0.39,0.08,0.47,2.21133216227682,-9.09315863590242,5.22349940477006,-1.13385712349542,-0.232612724290629,0.176344551605348,0.177598083186576,2.22664155660903,68.359371008,0.0309533399795721,0.0309083291257967,0.0594071479347068,0.00250206725043034,0.00247460729996162,0.00118812770109777,0.000414357631183796,260,0
1,68.459573248,accepted,8.03904053539313,-0.00603348416343863,0.0373487247449136,-1.77427781185358,0.78960812936977,-0.40000171780523,0.333436155260669,-0.00684711209536903,-9.11435735444487,5.27576632089365,-2.88995592710589,0.65,-0.26,0.48,2.2148228207808,-9.06868007716167,5.21927717021836,-1.1254573215029,-0.123370560870998,0.13165882866914,0.146974298747737,2.22041463793794,68.459573248,0.0309979941368099,0.0309509041224093,0.0594208009442078,0.00249383122318845,0.0025044551606007,0.00117625203507293,0.000413224466987617,261,0
1,68.559694592,accepted,3.19502780554348,-0.000440183750999523,0.0574788304617124,-1.77306128464456,0.446856691912026,-0.162269667901534,0.253012475259916,0.00190829079490973,-9.08109326133763,5.28687314283758,-2.87993836623324,0.35,-0.03,0.44,2.2165681500328,-9.05756255079695,5.22253304575687,-1.12035888517872,-0.0874904833382116,0.129012351278377,0.186717111087036,2.21412316837362,68.559694592,0.0310319763389777,0.0309837499956775,0.0594257235774857,0.00249311057209769,0.00251334105722949,0.0011706119836655,0.000412208499681555,262,0
1,68.657843456,accepted,4.17570232222837,0.0167687749956222,0.0416772573438298,-1.76845050729859,0.502449213168207,-0.326321467855453,0.262738658826081,0.00624690578373333,-9.04782919858507,5.27576623639215,-2.87011816026695,0.45,-0.21,0.45,2.21831347928479,-9.03924061771546,5.21906949717945,-1.11519543109015,-0.0422958096560138,0.109826715689645,0.186958559324105,2.21132794106403,68.657843456,0.0310572747534246,0.0310079489431114,0.0594209165168404,0.00248881969279286,0.0025239177326485,0.0011611756157322,0.000410960535971805,263,0
1,68.760000256,accepted,7.84022461360356,0.0531933649819827,0.0405378032347539,-1.75783136683636,0.780829140974038,-0.219245058561827,0.411291303475633,0.00622013861957349,-9.00624909932052,5.27576618425072,-2.85989694347469,0.5,-0.04,0.46,2.2165681500328,-9.01616516497293,5.2245001484266,-1.10673790788279,-0.263747308447182,0.174691449064341,0.050044026877736,2.20958997539654,68.760000256,0.0311070288222537,0.0310565996163092,0.0594406626098733,0.00249129466044988,0.00244367709152203,0.00118202288553095,0.000409986699126703,264,0
1,68.874145536,accepted,3.27582655920077,0.0719545945424542,0.0338392615391525,-1.75327155888369,0.505884838387071,-0.195981835354436,0.0487073577049212,0.00801005480542605,-8.97298502197348,5.27576614225634,-2.8484762289193,0.35,-0.17,0.36,2.2165681500328,-9.01571523697632,5.23233803225644,-1.1187929988836,-0.14460649845175,0.0220086039862821,0.309066287457047,2.20828902488813,68.874145536,0.0312982510029683,0.0312432880291896,0.0596051325755885,0.00249126632408376,0.00248783872456919,0.00114980727387198,0.000409510056337956,265,0
1,68.960271872,accepted,2.9359580752248,0.0590124959903076,0.0201736242094892,-1.75547559193934,0.220342389850075,-0.462427492123805,0.010300861935987,0.00699925306094507,-8.96466903053531,5.25355240372612,-2.83985892736152,0.17,-0.48,0.38,2.2148228207808,-9.01048489039359,5.20983528552261,-1.10986931606919,-0.0454497404642503,-0.0271842875799063,0.367189283850391,2.20716411127936,68.960271872,0.0311581463900498,0.0311035846363557,0.059440105337169,0.00247856065336068,0.00250673600196377,0.00113149439913657,0.000407659444756129,266,0
1,69.060429312,accepted,1.48276893310343,0.0669889051574035,0.0310247869039877,-1.74983644274366,0.277674576244117,-0.0884008433517998,0.0357117595909552,0.00828533275185572,-8.94803700594305,5.24244551879547,-2.8298377549325,0.26,-0.07,0.31,2.2148228207808,-8.99845016316871,5.20761137841143,-1.10419008801834,-0.0114581840718373,0.0167437468921283,0.271960796272498,2.20644034846169,69.060429312,0.0311854893002543,0.0311310104792497,0.0594389542974834,0.00246859069749615,0.00250466736737564,0.00112745426389174,0.000406404549760357,267,0
1,69.158544384,accepted,2.05370180895413,0.0840630089533736,0.0153214974858873,-1.7365344554113,0.33333700944596,-0.197166541035546,0.0351206123351599,0.00909132912731891,-8.9147729425453,5.23133861243793,-2.8200209299977,0.35,-0.07,0.23,2.2148228207808,-8.97826937715045,5.20569849828306,-1.10745045541219,0.0243689900139665,0.122918841678035,0.192556358970871,2.20530178115694,69.158544384,0.0311759749332382,0.0311220736272325,0.0594040856779552,0.00246552403477676,0.00250160924693479,0.0011287912007432,0.000404994467039296,268,0
1,69.25869952,accepted,3.41521073182552,0.102522415925835,-0.00160423189892356,-1.71297325553677,0.329829236961983,-0.358221792388775,0.10343883682629,0.00915091975194127,-8.86487683802525,5.22023168586445,-2.81000002613562,0.44,-0.14,0.03,2.2148228207808,-8.94187590929345,5.19730258059092,-1.11571830166036,0.119829244695135,0.20813592556681,-0.0748622628532926,2.20449645769349,69.25869952,0.0311043307072181,0.0310522751813118,0.059311168196634,0.00245573687715085,0.00251012729676364,0.00112307527787969,0.000403369174473214,269,0
1,69.358852352,accepted,4.67488226800379,0.0885515350235977,-0.0268947281405127,-1.71157187142276,0.0729809518806641,-0.594375947707921,0.0773660989856196,0.0112708987694221,-8.83992880714371,5.19801792711343,-2.83199629282791,0.22,-0.27,0.05,2.2148228207808,-8.92089014217706,5.18371466629379,-1.14076518467782,0.149844322523125,0.307763453938868,-0.0289610316548104,2.20201987722766,69.358852352,0.0310313045710889,0.0309806321488295,0.0592200264792366,0.00245898344441168,0.00249692537609543,0.0011222133122151,0.000401618468026387,270,0
1,69.458969856,accepted,3.90760626081955,0.103979829357327,-0.0380288490372092,-1.70676034447941,0.239400186710969,-0.476229455980593,0.11477996206303,0.0137315787964618,-8.80666474142913,5.18691102127215,-2.85398480053731,0.41,-0.03,0.06,2.2148228207808,-8.89155985360392,5.19193713192088,-1.16513791905911,0.178022313937904,0.432911810412297,-0.055993668844173,2.19953018156106,69.458969856,0.0309650784679311,0.030914201498756,0.0591358840032937,0.00247812532491156,0.00248197202893255,0.00112514230442853,0.000399691206074753,271,0
1,69.559150336,accepted,2.74296673833192,0.0811546893465191,-0.0376391888768755,-1.70723780026682,0.00848981600716031,-0.421105388929333,0.0902942649690869,0.016166214907348,-8.7817166693449,5.19801785552274,-2.87598713947708,0.32,0.04,0.03,2.2165681500328,-8.85994034505891,5.20612976650273,-1.18812819375811,0.312582153977789,0.449222925726408,-0.0616905294276729,2.19926503430107,69.559150336,0.0308954343561866,0.0308455503805411,0.0590478557890364,0.00246063506973933,0.00252232496882684,0.00110950043881745,0.000397504716052411,272,0
1,69.65933184,accepted,2.29942753674854,0.0934523217974306,-0.0284724225415616,-1.69840913175452,0.27833657446819,-0.232630778035738,0.115578343644725,0.0169941288882876,-8.73182052595359,5.22023152228163,-2.89798970331491,0.63,0.18,0.01,2.2148228207808,-8.80384651684984,5.23215501185801,-1.21719938613814,0.359785014090508,0.405813440510901,-0.106796651986879,2.19678536147026,69.65933184,0.0308262762875362,0.0307776610319741,0.0589608938524233,0.00242195828044878,0.00251483234021072,0.00109256990131286,0.00039538255315937,273,0
1,69.75944192,accepted,1.25830258133845,0.0675460964100445,-0.0242199918425623,-1.69071870643339,-0.173110363917638,-0.140273661837877,-0.00585603362097054,0.0185845028044058,-8.69855641943219,5.24244521142578,-2.91997658051341,0.29,0.13,-0.13,2.2148228207808,-8.77582856935911,5.2566511371038,-1.25452497888336,0.458980389708268,0.26647683206699,-0.126618369799767,2.19617795437675,69.75944192,0.0307558164716649,0.0307073473481907,0.0588746265756868,0.0023627326397683,0.00254499581074646,0.0010680372867794,0.000393233176195077,274,0
1,69.875632384,accepted,2.01179664349818,0.0476376197913986,-0.0146404819071613,-1.66294342816423,-0.123737646078439,-0.0583111762314728,0.316076158010766,0.018830490918504,-8.6819243540258,5.26465891966765,-2.94549514431443,0.25,0.09,-0.01,2.2148228207808,-8.73671422229179,5.27496799824816,-1.28663566223382,0.370657797328855,0.146810782053385,-0.324750774836846,2.19611031999207,69.875632384,0.0308725747707628,0.0308271693831357,0.0589710568483901,0.00234357443665653,0.00248290363480981,0.00105587980187875,0.0003921700308842,275,0
1,69.959801856,accepted,1.75588774761969,0.0580781716917169,-0.0258879109672252,-1.65292624698139,0.0877738082561276,-0.156367740715454,0.253484682241379,0.0199052183003947,-8.64866027656141,5.26465887948,-2.96398103349489,0.45,-0.01,-0.05,2.2148228207808,-8.69937532454196,5.27945987505875,-1.3191483806622,0.364715375293948,0.142151219877799,-0.302963835117439,2.19465250003171,69.959801856,0.0306098341361803,0.0305665607810382,0.0586999119965253,0.00231040820575081,0.00243687846601081,0.00104687029983745,0.000389835487225009,276,0
1,70.060003328,accepted,1.187265311471,0.0297541530976719,-0.0120275568809145,-1.63860869410616,-0.0932693625370867,-0.0241170608554606,0.191520251302585,0.0186134249817962,-8.63202822445913,5.27576572275189,-2.98598798284478,0.32,-0.01,-0.18,2.21307749152881,-8.66723341870609,5.28590566213808,-1.35915831048802,0.411026599008303,0.0135425204444331,-0.371656770344827,2.19461357258639,70.060003328,0.0305417469383088,0.0305005834340245,0.058615849160275,0.00228997926082714,0.00243758974179511,0.00103495556748626,0.000388144754551021,277,0
1,70.158188288,accepted,5.94296486609416,0.0683796456134296,-0.0252766902858772,-1.59764218912069,0.367110921042124,-0.110225044687591,0.578755169371429,0.0189345521092896,-8.57381610010368,5.26465878912855,-3.00755205170039,0.46,-0.04,-0.18,2.21307749152881,-8.61639506574343,5.28214826913988,-1.39668926683308,0.102451977330672,0.067492698082336,-0.75453985529764,2.1941140179279,70.158188288,0.0304504347580744,0.0304146248167065,0.0585081747459,0.002308749319006,0.00232021684343947,0.00103694771341525,0.000387002128752905,278,0
1,70.260397824,accepted,5.88757173958221,0.0680071055020903,-0.0288202417012444,-1.55460383369132,0.181912361844847,-0.20980190782058,0.633532358526819,0.0200540676560825,-8.55718406182604,5.26465876942049,-3.02999998095093,0.04,-0.07,-0.13,2.21307749152881,-8.61149563842807,5.27905227819025,-1.45804054726976,-0.137252936432925,0.134605135754476,-0.758543735196633,2.19306011955218,70.260397824,0.0304040179629263,0.0303689212231591,0.0584491199076801,0.00229523730998054,0.00225922389319584,0.00104667566265345,0.000386263946668854,279,0
1,70.358527488,accepted,7.6658607995773,0.083727654334238,-0.0343039763692126,-1.48319304492568,0.381482061179898,-0.271180423486029,0.6541408500259,0.0210550729246313,-8.54886805553677,5.25355189490542,-3.01429175105887,0.21,-0.27,0,2.21307749152881,-8.60552133956081,5.2695437237227,-1.51169631861164,-0.161715812839594,-0.0054576243183095,-0.648958468639648,2.19221888490921,70.358527488,0.0303136554146779,0.0302760674144837,0.0583467207484237,0.00225774476641259,0.00222419298767952,0.00102995863345536,0.000385353186278606,280,0
1,70.460684032,accepted,9.82773126125329,0.096308872377044,-0.0488399398832282,-1.41858602428168,0.309019275814675,-0.412351692765361,0.763163233794184,0.0212582065517215,-8.53223605690753,5.22023128151211,-2.9979389132653,-0.03,-0.35,0.05,2.21307749152881,-8.60587625436485,5.24130508212238,-1.55221726309436,-0.331167111284455,0.0522283558909282,-0.706648785152474,2.192172896504,70.460684032,0.0302713725944759,0.0302351107272191,0.0582880036890405,0.00224781239266419,0.00221609420861905,0.00103710486059849,0.00038461430396598,281,0
1,70.560847616,accepted,16.1453043189013,0.087205489026239,-0.0652473188772786,-1.35878483460889,0.354498094278525,-0.748764678703687,0.862361365488118,0.0348937293640015,-8.54886814879017,5.17580384428998,-2.98190510106063,-0.13,-0.67,0.03,2.2148228207808,-8.61081355628935,5.19158716460399,-1.5893185533892,-0.475766892607208,0.0602017681554498,-0.824824687620068,2.18102388652401,70.560847616,0.0302083592526792,0.0301738698008454,0.0582074293849384,0.0022453883746699,0.00223313571494623,0.00103920002134529,0.000384666243711919,282,0
1,70.659011584,accepted,18.673306712491,0.128189671724909,-0.0997035509519515,-1.30169856682597,0.58899503213562,-0.55752582281017,1.00245779930468,0.0321406101448192,-8.54055222168036,5.09805578351643,-2.96619137991246,-0.1,-0.52,0.22,2.2148228207808,-8.62728367336236,5.15987877481116,-1.62115400602752,-0.674347636874092,0.0233696855369478,-0.773189345043735,2.18403056411347,70.659011584,0.0301240134535403,0.0300870521003939,0.0581082191952495,0.00221809325356949,0.00225830399796612,0.00103821354420654,0.000383206104184134,283,0
1,70.759116544,accepted,13.8736710606984,0.112115162112659,-0.0982904064707881,-1.25077439092371,0.396725290423677,-0.624048246707126,0.825296807120685,0.0328567922671086,-8.57381635339494,5.05362836738071,-2.95016695201861,-0.13,-0.77,0.09,2.2148228207808,-8.65741394224433,5.10998305329511,-1.66673196558955,-0.516509473556441,-0.161533414433535,-0.728104545949238,2.18332698660945,70.759116544,0.0300637543454233,0.0300226383740941,0.0580320821027886,0.00220407023393858,0.00219232463440136,0.00100264949912724,0.00038237955264815,284,0
1,70.877281536,accepted,7.37705402714064,0.130758609602319,-0.0997976881034255,-1.2074158175381,0.0794212862743415,-0.319437753246159,0.723068814410744,0.0406187318069047,-8.5987644919997,4.98698721175375,-2.93125154169449,-0.59,-0.64,0.39,2.2165681500328,-8.7207402740534,5.0638700845252,-1.69652677160874,-0.666504120596858,-0.329012440438227,-0.326804868704848,2.17710944970646,70.877281536,0.0302075628210346,0.0301618601620643,0.0581553351254779,0.0021982011237666,0.00218647856692286,0.000992996129919661,0.000382825588966279,285,0
1,70.959420416,accepted,12.0731177164983,0.155337383714905,-0.120010261859122,-1.18880231853195,0.538910645554996,-0.438502573382807,0.762940218399851,0.0399843920865215,-8.62371263137431,4.92034605604509,-2.91810305674588,-0.25,-0.65,0.34,2.2165681500328,-8.74036661692661,5.00984734733477,-1.69972171707227,-0.775030487752252,-0.223093246534896,-0.416251148309435,2.17845041887106,70.959420416,0.0299432574546114,0.0298992330816496,0.0578761827272738,0.0021513106854075,0.00220037016770127,0.000988974234084891,0.000380823024246033,286,0
1,71.059533312,accepted,6.05883061397955,0.160428139289769,-0.12583367317151,-1.15252315823044,0.43037983872096,-0.394740070806406,0.423594109414592,0.0284004301303655,-8.66529279974014,4.86481178506919,-2.90207735848683,-0.49,-0.54,-0.05,2.21307749152881,-8.79398278317556,4.9626924877518,-1.74046249423076,-0.909287994939506,-0.155936000503074,-0.470584915914937,2.18626359831054,71.059533312,0.0298888332396687,0.0298428733037957,0.0578000405483123,0.00213060274373481,0.0022407242449705,0.000989328887157471,0.000378264036921577,287,0
1,71.157786624,accepted,11.3462775225979,0.171265869789492,-0.137954376474198,-1.09026791631863,0.356144843979693,-0.550573198417105,0.758810864196443,0.0203963324974072,-8.71518898808793,4.80927752380929,-2.88634933548501,-0.58,-0.7,0.1,2.20958683302482,-8.85910823413105,4.90926504784224,-1.765718609091,-0.926818499597768,-0.16392575335694,-0.652144424987459,2.19104244411992,71.157786624,0.0298165109384525,0.0297678666732596,0.0577052369912977,0.00212873393241235,0.00224296068443232,0.000981221346096596,0.000376294858721418,288,0
1,71.25992192,accepted,7.16103077246842,0.156884250915125,-0.134976434894935,-1.04183090606642,0.353892523411009,-0.397140491012163,0.585080304971951,0.025430565027825,-8.79834925442064,4.75374330472707,-2.87000013257443,-0.59,-0.59,-0.06,2.21307749152881,-8.92848628347278,4.86045263940718,-1.80778685960256,-0.9346708017211,-0.20354623959469,-0.640239684429235,2.18918969464139,71.25992192,0.0297888069645345,0.0297378310443221,0.0576534383508417,0.00211749177260173,0.0022235680264599,0.000972369055439222,0.000375366726180712,289,0
1,71.36005632,accepted,11.2725437628096,0.174901235319101,-0.141751016276805,-1.0176689933731,0.359728126658021,-0.38748888311459,0.848047301932865,0.0277768367694895,-8.84824544471129,4.69820904432173,-2.89103857890303,-0.64,-0.55,0.12,2.2148228207808,-8.99545394919223,4.81214608294239,-1.83669444961412,-0.990391128968405,-0.173025754175761,-0.720373762910531,2.18860511792172,71.36005632,0.0297398052181275,0.0296877712725992,0.0575794884668982,0.00210781916278995,0.00223611108553607,0.000967844442673844,0.000374248698588332,290,0
1,71.460232192,accepted,5.29512844124569,0.155901942210907,-0.146106100369963,-1.00001909747686,0.136109755920361,-0.244263958623591,0.613200399677924,0.021714877784452,-8.93140571597079,4.64267482676047,-2.91208573858535,-0.65,-0.58,-0.1,2.21133216227682,-9.07428600817491,4.76972331253646,-1.88954349729814,-0.781904889091115,-0.342434393819749,-0.708067880550996,2.19046914339734,71.460232192,0.0296898102981784,0.0296358415068488,0.0575084678632212,0.00211394023557774,0.00212725577536543,0.000949302270527446,0.000372677387638905,291,0
1,71.558386432,accepted,4.77527004476815,0.123045825831849,-0.135421151319055,-0.977180520952882,0.0621365307033268,-0.168827437490944,0.61189438197516,0.0297945656065575,-9.02288199222919,4.59824748458476,-2.93270814916719,-0.67,-0.5,-0.08,2.2165681500328,-9.13844108048947,4.71959244106532,-1.9328162254531,-0.729831576827315,-0.335976685327215,-0.686783481626827,2.18746034529362,71.558386432,0.0296172071468429,0.0295638387478596,0.0574128710025155,0.00209445097027253,0.00208870556683956,0.000942916184974942,0.000372468691121904,292,0
1,71.660486912,accepted,3.38400904717865,0.122415181414141,-0.15046938488848,-0.959986211560235,0.126352032046954,-0.307171769504253,0.416416612184357,0.022006511739459,-9.0977262461021,4.54271325710827,-2.9541596730052,-0.74,-0.51,-0.1,2.21307749152881,-9.20877822431734,4.67009185133655,-1.98310022895397,-0.862740343583238,-0.210900939101919,-0.513341401592772,2.19200147128621,71.660486912,0.0295884358317026,0.029535297641816,0.0573604498791109,0.0020512901522912,0.00209545304936778,0.000938103926745067,0.000370576979269446,293,0
1,71.75867008,accepted,4.53340855231056,0.0988993337500421,-0.158354292149584,-0.928428023942339,0.00872889660347231,-0.363205571125527,0.50895063741771,0.00716469865609604,-9.19751854726925,4.49828592755892,-2.97478816142018,-0.83,-0.46,-0.2,2.20609617452083,-9.29298996000699,4.62987350981081,-2.02937277107888,-0.838022325287755,-0.106056560836695,-0.7049346088148,2.19965032680193,71.75867008,0.0295172102072353,0.0294640153548126,0.057267812193511,0.00204620858913042,0.00208254903801095,0.000931611273874214,0.000368469348570792,294,0
1,71.876818688,accepted,3.0450320398022,0.118752264889164,-0.172359300067519,-0.90093394835215,0.14108193656851,-0.296148571617019,0.385379246059579,0.00723907116318712,-9.26404678285377,4.4427516932927,-2.99961143042871,-0.57,-0.46,-0.21,2.20609617452083,-9.37058571608024,4.5920337128245,-2.08871899538906,-0.707238447513374,-0.171447143858515,-0.592582455277769,2.19932489712525,71.876818688,0.0296634162314122,0.0296086573785525,0.0573884195423984,0.00203617260382169,0.0020300266269778,0.000927737145573638,0.000368327721050864,295,0
1,71.958980864,accepted,7.67318556846938,0.113439613049378,-0.184983004967727,-0.8791034430071,0.0935904001756649,-0.365241329347978,0.731290938393309,0.0137734196247057,-9.31394297911228,4.38721743560956,-3.01687387500338,-0.59,-0.66,0.08,2.20958683302482,-9.41820517138058,4.5447650369873,-2.10712368764713,-0.680728672355839,-0.303958623594191,-0.644902438866222,2.19641905474085,71.958980864,0.0294128945889463,0.029359594443567,0.0571242117849984,0.00202834777895505,0.00200319582922495,0.000923434592075776,0.00036720632526901,296,0
1,72.059202048,accepted,5.64857614710605,0.0927630088090812,-0.171817646224061,-0.861882484864884,-0.0551745607248407,-0.0291144003623934,0.697906492526038,0.0209918448310318,-9.39710324085066,4.34279008807585,-3.03793055483143,-0.77,-0.33,-0.03,2.21307749152881,-9.49040756480807,4.50810152406182,-2.14698687161016,-0.715388793599157,-0.302596424304557,-0.721927935970365,2.19232925746593,72.059202048,0.0293628149021743,0.0293100566334862,0.0570544631948518,0.00202162844271669,0.00200061255937421,0.000919612027241665,0.000366859953068579,297,0
1,72.159335936,accepted,5.01524628798563,0.0528823295003527,-0.154348439777103,-0.831391371203746,-0.056642249001726,0.0222617404488559,0.65754007334676,0.0161551860897906,-9.50521153942383,4.32057650186302,-3.05896889358777,-0.76,-0.31,-0.34,2.21133216227682,-9.55979888139062,4.47201782726131,-2.20057583596301,-0.704166094257158,-0.332806395704413,-0.991947403968585,2.19530244700787,72.159335936,0.0293119756306194,0.029259677509935,0.0569836958935122,0.00204343366441655,0.00201484091931324,0.000918938529504001,0.00036550972282051,298,0
1,72.259434496,accepted,11.0057825493861,0.050087628721263,-0.175237714548652,-0.771046976972448,-0.384668061625854,-0.419608338967792,0.814488547313228,0.00863568773445333,-9.58005579772492,4.26504228074563,-3.07999980985762,-1.11,-0.66,-0.28,2.20609617452083,-9.65192056115247,4.40967133611863,-2.27223319336543,-0.733628926270907,-0.251004322094691,-1.087219758345,2.19776364563801,72.259434496,0.0292599691259082,0.0292084859360054,0.0569124907605312,0.00203185224689021,0.00201576511037226,0.000911344846273507,0.000364195464712612,299,0
1,72.359605504,accepted,9.95254850924359,0.058930042615474,-0.179649254087536,-0.72353861971435,0.0099060479677372,-0.355961242453456,0.874082853224665,0.00311227408315817,-9.66321607938046,4.20950807087625,-3.10304995163528,-0.66,-0.54,-0.19,2.20260551601684,-9.71954128094008,4.36252139466979,-2.33879814947283,-0.669287809621256,-0.193056424157149,-1.0561451247399,2.19975604827801,72.359605504,0.0292093188296621,0.0291583183884035,0.0568439144249262,0.00200829965540423,0.00198484636298266,0.000905457996160029,0.000363088156455253,300,0
1,72.459782912,accepted,8.43240431645576,0.0645893734152292,-0.177131784859865,-0.688168363525886,0.105227517029863,0.0300927173445815,0.859951259459433,0.00859503261185557,-9.71311226545805,4.16508068107211,-3.1261015842102,-0.37,-0.2,-0.04,2.20784150377283,-9.76920808303429,4.33911718194321,-2.39743269038162,-0.472378062334327,-0.230583897831251,-0.892171553422098,2.19939507848946,72.459782912,0.0291589823215952,0.0291083801859772,0.0567765039711339,0.00197582577251825,0.00194019857005385,0.000907005940161874,0.000362548842740806,301,0
1,72.557903872,accepted,14.2688283577803,0.025553726538897,-0.166808926849595,-0.663580420977335,-0.245576002991102,-0.0876952649607289,1.10225555092945,0.0174096743045258,-9.78795646602639,4.15397391975514,-3.14868001145219,-0.74,-0.23,0.19,2.2148228207808,-9.82736153986356,4.31059518733653,-2.4302618394917,-0.4994624812185,-0.145419735334863,-0.902128377534276,2.19756598401817,72.557903872,0.0290870913669151,0.0290365808470815,0.0566871234769269,0.00195865103408641,0.00192721917547531,0.000899125613341715,0.000362283972356022,302,0
1,72.660028928,accepted,10.3226135921101,0.00202213627004078,-0.140275923089971,-0.641741243579689,-0.131818151756392,0.141842120760135,0.942546466324041,0.00755616752160337,-9.87111667391776,4.15397403373097,-3.17217981359924,-0.49,-0.06,-0.09,2.20958683302482,-9.88076547950136,4.2986845739372,-2.48466343451787,-0.360756941543381,-0.199933855553287,-1.02400160177993,2.2021514705879,72.660028928,0.0290584526193248,0.0290077774024295,0.0566411316766905,0.00196431527931066,0.0019408413050059,0.00090473780846898,0.000360956543783916,303,0
1,72.760176896,accepted,12.9051832051817,-0.0305942401068915,-0.129099774051426,-0.605454746125402,-0.254812903591844,-0.0871514130098855,1.04402590750865,0.0106365798849066,-9.94596086157058,4.15397413755489,-3.19522467179183,-0.59,-0.23,0,2.21133216227682,-9.93129109049186,4.27392204828223,-2.53790104101175,-0.340644856906435,-0.145871812575487,-1.03441616405341,2.20068025929753,72.760176896,0.029008090638682,0.0289573039718709,0.0565739534563344,0.00194984162093913,0.00193320570109836,0.0008981470137971,0.000360233102988257,304,0
1,72.87434112,accepted,15.4053752239811,-0.0239351282632612,-0.1159764301815,-0.566372836753932,-0.0521291454033446,0.0908995978171754,1.17418881427574,0.0125987566809651,-9.99585700075614,4.14286734182071,-3.22149478395972,-0.45,0,0.04,2.21307749152881,-9.97542214605921,4.26073658355072,-2.59499462999872,-0.398905270571546,-0.0900548732192106,-1.12334547167741,2.20066204494402,72.87434112,0.0291051513410609,0.0290531460520011,0.0566507111183068,0.00195589225154139,0.00193353532481243,0.000891350771910187,0.000360009526809862,305,0
1,72.96052608,accepted,16.9707572655672,-0.0450739409557652,-0.110367500190361,-0.552589274006946,-0.198988501450129,0.0253424903016263,1.22168158949957,0.0125461687765673,-10.054069147404,4.14286742362197,-3.24132664097286,-0.56,-0.07,0.2,2.21307749152881,-10.0218522004261,4.25124409751837,-2.62611168589249,-0.365266664421316,-0.0959044103680563,-1.01039112602454,2.20066319399369,72.96052608,0.0289031896483639,0.0288522251618075,0.0564400241329775,0.00191974317888214,0.00190326128965077,0.000887769188597797,0.00035873305967938,306,0
1,73.058706944,accepted,11.8228707021761,-0.0530348937857248,-0.0927305142769637,-0.541827233653406,-0.220110598331311,0.246742051482429,0.978249915562951,0.012064017980232,-10.1039652730288,4.14286749381128,-3.2639188526102,-0.4,-0.03,0.1,2.21133216227682,-10.0652369227308,4.24732208114732,-2.67354752636134,-0.184436159319102,-0.272512629790877,-0.869237577376543,2.19958475571747,73.058706944,0.0288328890483705,0.0287819535197074,0.056355822892498,0.00190505195282969,0.00191278817888648,0.000908920632463556,0.000357643011913646,307,0
1,73.158823936,accepted,14.7412023244968,-0.0965511917590511,-0.0622231431578273,-0.52603393989926,-0.338250347960914,0.211112233798257,1.08331473662282,0.0124629489576158,-10.1788094424799,4.1539744648624,-3.28695658297442,-0.5,-0.15,0.13,2.21133216227682,-10.1047060031279,4.22648602614253,-2.70635917063674,-0.168986079025012,-0.357760881417748,-0.943148993088151,2.19893962724904,73.158823936,0.0287831297955555,0.0287321551195585,0.0562905154821478,0.00191611147811677,0.0019140141995712,0.000918085039956313,0.000356552441626673,308,0
1,73.258966016,accepted,12.265787425325,-0.129565785867445,-0.0280690939776891,-0.504152477273373,-0.373808051931543,0.324870963565857,0.929276736431663,0.0116177857662594,-10.2536536147757,4.16508143572669,-3.30999978238346,-0.58,0.04,-0.09,2.20958683302482,-10.149573332813,4.21106511941748,-2.75976509033426,-0.214317128704727,-0.278882011959926,-1.01086160622234,2.19822341855807,73.258966016,0.028733576752724,0.0286828803213054,0.0562255619650409,0.00189854492085149,0.0018989459390285,0.000905032069306759,0.00035558143948874,309,0
1,73.36513664,accepted,10.727942751737,-0.142590534273221,-0.0206210343412385,-0.381136418793244,-0.369951019074722,0.193563746549873,0.892527916478261,0.0121358902566069,-10.3118657610496,4.16508151959347,-3.24838782405595,-0.54,0,-0.13,2.20958683302482,-10.1949261248283,4.19604131599475,-2.82167470976712,-0.178192897688533,-0.190218381965413,-1.01431719718723,2.19767042168478,73.36513664,0.028748009054699,0.0286972083543243,0.0562224703370827,0.00187950372989115,0.00190170815688157,0.000897144097317579,0.000354792139348382,310,0
1,73.461307648,accepted,12.8728510503247,-0.145201786108492,0.00197982670674168,-0.273185190101255,-0.373074438514047,0.455129206214972,0.907336517011182,0.0112610065672194,-10.353445847699,4.17618844332631,-3.19257875075512,-0.41,0.06,0,2.20784150377283,-10.2339785682349,4.2004520109517,-2.87164027913332,-0.0448222066598371,-0.386288615731614,-0.898661734073975,2.19714372851554,73.461307648,0.0286571148934356,0.0286067632734652,0.0561194693532503,0.00188962867986641,0.00192161561074001,0.000932002364101579,0.000353300692168024,311,0
1,73.559412992,accepted,12.1596537968079,-0.155978719408937,0.0126072168308777,-0.178717023309284,-0.333366271279076,0.422116236174832,0.903124927970933,0.0124050292811497,-10.4033419733385,4.17618851575205,-3.13564716140858,-0.51,0.06,0.03,2.20958683302482,-10.2709957009636,4.18803104118105,-2.90822166432682,-0.183897380758524,-0.354067031501585,-0.864403835008256,2.19755729490463,73.559412992,0.0285873601236663,0.0285376962905589,0.0560356997730502,0.00186868567532746,0.00186163945957879,0.000920528955345395,0.000352128375089081,312,0
1,73.65957632,accepted,3.38110923963672,-0.180540622458356,0.0226146285181414,-0.113057655999505,-0.45416705185261,0.135640546495048,0.286236620722542,0.0159876747485947,-10.4698701217812,4.18729547673295,-3.0775213017482,-0.36,0.01,0.02,2.21307749152881,-10.320830717283,4.17292310628338,-2.94997385607786,0.0841968533575354,-0.12278944469715,-0.263478663789317,2.19740678964008,73.65957632,0.0285396571690727,0.0284898750123797,0.0559746851125109,0.00180937192867932,0.00194242844820791,0.000905975736211612,0.00035079651599454,313,0
1,73.75970816,accepted,2.38872904628347,-0.161725186766954,-0.00381347199598459,-0.0783275010075113,-0.289586112749684,-0.226042954088552,0.284253810155568,0.0187688030949391,-10.4615541338329,4.16508173653861,-3.01941371491385,-0.1,-0.23,0.62,2.2165681500328,-10.3212058054377,4.15540592286495,-2.92630747497575,0.182623221320191,-0.00898389965439494,0.338573271079313,2.19728348339017,73.75970816,0.0284907787707378,0.0284421237259482,0.0559132550239578,0.0018456799045713,0.00203453696150206,0.000899565423588468,0.000349250429023357,314,0
1,73.87582976,accepted,2.83228028725324,-0.192480510959761,0.0222729853822603,-0.093123276488468,-0.138207579100422,0.333021019281651,0.352872466253809,0.0243394073598449,-10.4948181995913,4.1761886490892,-2.95202709787633,-0.09,0.24,1.17,2.22354946704078,-10.3155241919059,4.17381008384669,-2.84041195364254,0.0443481607362413,-0.0850136491896029,0.820829498319343,2.20024090346847,73.87582976,0.028605599215697,0.0285586087927642,0.0560120754886228,0.0019367146895318,0.00204721775921733,0.000900314212582534,0.000348456337962654,315,0
1,73.957970432,accepted,8.52851214027054,-0.174949036572063,0.00453993269603536,-0.140415241630298,-0.173044940942387,0.062998681237779,0.858674964195846,0.0225211409836321,-10.4948181995913,4.1761886490892,-2.90435997989595,-0.2,0.06,1.82,2.22354946704078,-10.3345767077249,4.17489726312567,-2.71788860483654,-0.0318497400649748,-0.000874447532218874,0.969681573454537,2.20136100143468,73.957970432,0.0283690177669756,0.0283236012246339,0.0557709120239294,0.00194060771119294,0.00202220472626571,0.000882906867770371,0.000346742374979866,316,0
1,74.056111104,accepted,8.41300453305668,-0.209356486203061,0.0378738525886311,-0.218387457692441,-0.0579444216067865,0.487180555120791,0.721686803010434,0.0250186750997958,-10.5447142761392,4.20950931568386,-2.84740788932994,-0.09,0.43,1.6,2.22529479629277,-10.3441236273465,4.20042498232269,-2.59178164789171,-0.0342436649742242,-0.0455829508954215,0.885591238352907,2.20156555451492,74.056111104,0.0283034510060087,0.0282596189186261,0.0556928200660817,0.00190671611044933,0.00198199674317696,0.000892389289563151,0.00034579999408192,317,0
1,74.158221824,accepted,7.62357585585256,-0.243730351290381,0.0593829629798055,-0.284019762492076,-0.431525559849707,0.335248042056654,0.624319769270427,0.0255186363027171,-10.594610333569,4.25393684692127,-2.78815193708621,-0.52,0.3,1.37,2.22529479629277,-10.3822812124948,4.21509532470856,-2.47339906766201,-0.0985581197527988,-0.0274792683372941,0.751849665774513,2.20049085140673,74.158221824,0.0282804185753728,0.028237992036591,0.0556549040128645,0.00186298063326788,0.0019179433750775,0.000892390520208814,0.000344983372823986,318,0
1,74.258429696,accepted,7.46979788865356,-0.244301998530906,0.0657451341640378,-0.323114861626814,-0.135761143724862,0.342671622894783,0.73194755481254,0.0229661803484031,-10.6361904053747,4.27615063578746,-2.73000022806214,-0.22,0.22,1.28,2.22354946704078,-10.4061588747178,4.23154496240702,-2.37065956018035,-0.0880840012298641,-0.114740917571547,0.555310536289672,2.20137891389686,74.258429696,0.028237475529454,0.0281963988059325,0.0555987355729416,0.00182512548170604,0.00187215303763256,0.000912568928766619,0.00034383586708191,319,0
1,74.356585472,accepted,7.66020246854125,-0.233566800982041,0.0624130150525772,-0.331736728445116,-0.161394208169555,0.198872716606182,0.800741773296974,0.0190430051227537,-10.6528224296003,4.28725752529126,-2.65551983782957,-0.29,0.18,1.22,2.22005880853679,-10.4345002896198,4.23723435009948,-2.28509858540123,-0.132898699641699,-0.0142931147248151,0.426721902241628,2.20147665562411,74.356585472,0.0281830291026413,0.0281432459081745,0.0555301187903761,0.00178215895464191,0.0018262674976357,0.000896756392790894,0.000342656125232194,320,0
1,74.458710528,accepted,5.68748411499767,-0.234993912354671,0.0771730904513817,-0.333145116144772,0.204322020705475,0.334003158503382,0.607960967664272,0.0185025137873622,-10.6860864806395,4.30947130437082,-2.57802749354781,-0.01,0.26,1,2.22005880853679,-10.4458386571473,4.25286781434583,-2.21655231646703,-0.211412206402509,-0.0666941502186415,0.397731272523882,2.20236871753716,74.458710528,0.0281683125302509,0.0281302216245289,0.0555015074231047,0.00177662507931064,0.001789773555909,0.000909801177115786,0.000341749103028175,321,0
1,74.55686272,accepted,6.3299845024867,-0.227328319209866,0.0864935088235219,-0.331362141090474,0.0710384418236707,0.270555475856612,0.704986718289101,0.0162156618999947,-10.6944024654939,4.33168504543431,-2.50354975270356,-0.17,0.2,1.13,2.21831347928479,-10.4690409829153,4.26251645341769,-2.13819031755581,-0.240663862575754,-0.0644041921799508,0.431803955286344,2.20267342722107,74.55686272,0.0281105557002608,0.0280736644723412,0.0554306866828384,0.00177087371642419,0.00177509757339595,0.0009151353651661,0.000340728421061733,322,0
1,74.657045248,accepted,5.80503429705796,-0.232913003882938,0.0964565387738858,-0.33423671865273,0.355260170111199,0.124948956914728,0.666856689407576,0.0143781643156018,-10.7276665160126,4.35389882252384,-2.42753139584907,0.03,0.1,1.1,2.2165681500328,-10.4829682813074,4.26623019981669,-2.06517749253071,-0.320191644608628,-0.0218193954306675,0.438807019783949,2.2026839259735,74.657045248,0.0281035719320432,0.0280677788842012,0.0554090583777423,0.00176027993582963,0.00175255257326006,0.000919320821692556,0.00033992535828515,323,0
1,74.757185792,accepted,8.34160030056201,-0.246850111809014,0.106898433134229,-0.319626149649564,-0.0448046680822622,0.363850938885597,0.785157569520068,0.0139889777744107,-10.7609305639578,4.37611260247255,-2.35154489639285,-0.27,0.36,1.1,2.2165681500328,-10.5231465475587,4.29247143719546,-1.9928629717431,-0.22710687457712,0.0040907445779494,0.322682447809859,2.20316482511152,74.757185792,0.0280619329567779,0.0280259542334392,0.0553558037446528,0.00173369501937275,0.00174643200528501,0.000926743880017231,0.000339064810795975,324,0
1,74.877332224,accepted,11.3688131836247,-0.241959201642699,0.121976705969229,-0.290596676941656,0.0842684765956604,0.356674624083015,0.969474439299302,0.0132093073261044,-10.7858785770409,4.40943323224752,-2.26037795815618,-0.09,0.33,1.04,2.2165681500328,-10.5457644214707,4.30994329020441,-1.92233788862043,-0.173785575525703,-0.0192423370874303,0.0800497180350778,2.20406342567337,74.877332224,0.0282325657133143,0.0281977247823247,0.0555117538832083,0.00171847667983804,0.00173805684315365,0.000956757772281967,0.000338770438902137,325,0
1,74.961500672,accepted,6.12598008594997,-0.240923207785789,0.151603473578121,-0.278704362320124,0.237241718152957,0.429619605727051,0.556077527115844,0.0116085438936504,-10.802510533834,4.46496757882068,-2.19651106196493,0.08,0.55,0.69,2.2148228207808,-10.5544471507311,4.34170019011433,-1.89077273113898,-0.153817888371535,0.129628563338651,0.139440037204726,2.20405914889239,74.961500672,0.0280248102845817,0.0279910254043117,0.0553003963737677,0.00169072587142285,0.00172772632793873,0.000937877382434961,0.00033739502632176,326,0
1,75.059666688,accepted,5.0926550672589,-0.220707666527513,0.151803124320265,-0.249347831091514,0.386104826232173,0.262924097668399,0.488238811917144,0.0103779283654708,-10.7858784264084,4.50939501059576,-2.12202283148953,0.35,0.44,0.66,2.21307749152881,-10.5491815872901,4.37648960708034,-1.84902682190435,-0.0299061648236077,0.183265805568481,0.176580846326982,2.20339912361006,75.059666688,0.0279634789031223,0.0279309659359576,0.0552296977085602,0.0016807040962413,0.00175310501948499,0.000940229340568502,0.000336318781308326,327,0
1,75.159853568,accepted,10.7010786742554,-0.241634367410274,0.173787274670958,-0.204298983022069,-0.234709410391682,0.444121648662295,0.845966313044956,0.00932907681935458,-10.7858783426879,4.56492933127402,-2.04600117234376,-0.11,0.54,0.87,2.21307749152881,-10.5639347615579,4.42050230493045,-1.7978628732215,0.119358865274306,0.105518752893345,0.032991585955937,2.20474662647792,75.159853568,0.0279235751425067,0.0278934801530193,0.0551798254114636,0.00166918069592466,0.00178770304008353,0.000973227424592266,0.00033507148576166,328,0
1,75.260013568,accepted,3.05147733142885,-0.260822783185731,0.195917740922574,-0.166811166155409,0.140313104802015,0.338077825309825,0.367582961294279,0.00752549813125114,-10.810826302559,4.63157055503813,-1.97000003799981,0.3,0.52,0.29,2.21307749152881,-10.5490275203168,4.45993246018383,-1.78514375027899,0.161109976028851,0.189673072294111,-0.0738938542889298,2.20651863514291,75.260013568,0.0278841504659373,0.0278575521262111,0.0551308640745138,0.00164964009240247,0.00178489982855277,0.000967857136787165,0.000333813489371291,329,0
1,75.360194048,accepted,10.4255659556967,-0.282485964442238,0.219048764903321,-0.207667023258598,-0.222135504115014,0.473709416967674,0.816283738554818,0.00483532551888821,-10.8108262017952,4.6982117409487,-2.00199027735131,0.03,0.65,0.58,2.21133216227682,-10.5483390545738,4.51131360885012,-1.75225349421673,0.246851655051641,0.1865061004039,-0.227728691884223,2.20770876830222,75.360194048,0.0278460325803491,0.0278233424484431,0.0550829590260139,0.00163980966044682,0.00180651406120027,0.000984065262379299,0.000332429087937875,330,0
1,75.4623808,accepted,8.17796064845834,-0.30301304756512,0.237831715765585,-0.267564746457329,-0.113435421503828,0.459903548567961,0.71306192462766,0.0028496438614658,-10.8191421207713,4.7648529390705,-2.03462117166357,0.21,0.62,0.58,2.20958683302482,-10.530562115647,4.55900718759272,-1.73142937113669,0.320133960416947,0.170419642895346,-0.125481821449038,2.20801637242576,75.4623808,0.0278277956234491,0.0278105247439609,0.0550558442519646,0.00163746768861306,0.00182984494451035,0.00100599468243449,0.000330968378316838,331,0
1,75.558602752,accepted,5.69728620635913,-0.304144520274859,0.256240870399868,-0.310603858038399,-0.0451931784647006,0.410411916302149,0.578358667376283,0.00141458359807967,-10.8025099804103,4.8314940988918,-2.06534734981074,0.35,0.55,0.24,2.20958683302482,-10.508977052901,4.60493757294288,-1.72717735023891,0.393166563440705,0.148926550340505,-0.332335945596023,2.20940741036498,75.558602752,0.0277517960063532,0.0277389449954069,0.0549715011295498,0.00163157709938154,0.00184567263291407,0.00102810637973634,0.000329198685282859,332,0
1,75.66081408,accepted,10.1577454531588,-0.33609782216112,0.286651849955403,-0.331610873503185,0.043607069113255,0.619290546718686,0.723912955173285,-0.000911891473850623,-10.8025098631238,4.90924215063529,-2.09798609188059,0.45,0.8,0.26,2.20784150377283,-10.47286358114,4.66477474109926,-1.73108022726833,0.405912570467546,0.194241631198613,-0.456454002275622,2.2106448070765,75.66081408,0.0277357770882096,0.0277297085026329,0.0549474509472661,0.00162444518479464,0.00183483853069562,0.00103425041850126,0.000327710852360935,333,0
1,75.76102656,accepted,4.94914848600652,-0.362212076663672,0.31367030692395,-0.358407081138428,-0.137913781230728,0.510774134009028,0.39010503033107,-0.00297221026931505,-10.7858776894387,4.99809703972129,-2.12998654966645,0.44,0.7,0.08,2.20784150377283,-10.4408096403292,4.72137111248261,-1.75501343413106,0.574159604851304,0.201231674849828,-0.306227506048244,2.21248285664066,75.76102656,0.0276998784934702,0.0276997886397557,0.0549049245905192,0.00161572971026691,0.00191105799871591,0.00104605559542493,0.000325872442488901,334,0
1,75.87925632,accepted,5.90183923091049,-0.388867381486667,0.326047728444622,-0.379356419188494,-0.328389572195502,0.43133541206901,0.471574007999506,-0.00376738719956071,-10.7609295116493,5.07584505195683,-2.16774039473557,0.29,0.67,0.11,2.20958683302482,-10.4007196763855,4.78265315083616,-1.76759542080573,0.610962671274826,0.248829275983105,-0.356692767173433,2.21460766084284,75.87925632,0.0278382580753651,0.0278496427961004,0.0550392796196925,0.00161278064879504,0.00192038962721009,0.00105420674071543,0.00032455233946543,335,0
1,75.959484672,accepted,7.50488900829,-0.412048028227002,0.355345030267311,-0.402967145446884,-0.320323310837964,0.640019334733028,0.386004361133571,-0.00479129132743328,-10.7609293944948,5.15359310135123,-2.19335939938853,0.34,0.78,0.04,2.20958683302482,-10.3772364028605,4.84337269432991,-1.77467946761888,0.653459659341948,0.154604655654545,-0.342068456813168,2.21628216500965,75.959484672,0.0276045037264594,0.0276199825261548,0.0548009773921308,0.00161687430641229,0.00191612958190882,0.00109714335430243,0.000322040300491517,336,0
1,76.059700224,accepted,11.6392447451721,-0.421799602898803,0.392431231303592,-0.406049068449145,-0.254856638999444,0.911139300782896,0.378698191157558,-0.00674006168825692,-10.7359812030273,5.24244797853817,-2.22536083814409,0.38,0.93,-0.11,2.20958683302482,-10.3389052680659,4.91127208268017,-1.80404681768086,0.629806475244496,0.0389293145413183,-0.484988304036662,2.21898304902103,76.059700224,0.0275710810323098,0.0275948857108651,0.0547635861241255,0.0016504920804207,0.00187892710690338,0.00115994093117219,0.000320089053885685,337,0
1,76.161910272,accepted,10.7045798655241,-0.470390902400052,0.427318367362141,-0.400747012131783,-0.29796516372503,0.838724788331259,0.39229685421933,-0.00905474735419887,-10.7442970724279,5.34240976956704,-2.25799917147657,0.33,0.87,-0.2,2.20958683302482,-10.3023099516698,4.97306595973761,-1.84122010100773,0.621720469925672,0.0495960937622569,-0.588448907734768,2.22083394802776,76.161910272,0.0275563123620115,0.0275887794363768,0.0547480406477176,0.00165322325148014,0.00185565636052911,0.00117155552629599,0.000318358840612388,338,0
1,76.262122752,accepted,9.20747382765175,-0.484688499852265,0.474972129042469,-0.386440536452983,-0.0539687675797015,0.858654848716396,0.254452119831832,-0.00864832980240049,-10.7276648671197,5.45347838640462,-2.28999962926243,0.56,0.86,-0.39,2.21133216227682,-10.2582510524828,5.03909986894601,-1.89495799001887,0.612304157457475,0.0206173752125698,-0.642483404059298,2.22256410879343,76.262122752,0.0275207295152008,0.0275601372007794,0.0547138233544904,0.00166754894936107,0.00182803919435082,0.00119350384804115,0.000316646269706151,339,0
1,76.362363136,accepted,12.51098989436,-0.508424320178332,0.500345219353537,-0.425973248815104,-0.485378596605708,0.861676348354942,0.353016621724586,-0.0114320975540765,-10.7027166933553,5.5312263991184,-2.38520064831836,0.14,0.73,-0.33,2.21133216227682,-10.2337921139091,5.09147136580332,-1.94574982849245,0.615664347048118,-0.113626585489845,-0.67957549401792,2.22413906001704,76.362363136,0.0274870249885459,0.0275335991488782,0.0546824966490059,0.00172614714437879,0.00181226983586219,0.00125052078859548,0.000314634279747803,340,0
1,76.460543744,accepted,21.2482666383538,-0.514145966677898,0.547713508779867,-0.462375734348519,-0.235985555226175,1.28789348463417,0.429533360571713,-0.0137058937866543,-10.6944005227774,5.63118816570001,-2.47844615894937,0.23,1.25,-0.29,2.20958683302482,-10.2058447543352,5.16893563643014,-1.99901613878951,0.461341793240818,-0.0117374715538088,-0.715774418170165,2.22587022090367,76.460543744,0.0274337265565042,0.0274860085237245,0.0546334464865843,0.00168958259458429,0.00171724208775674,0.00122279210889397,0.000313037093057934,341,0
1,76.56078976,accepted,8.2467100711242,-0.490436774014082,0.557067979360666,-0.49310032294243,0.0375556767826281,0.779217613259148,0.338092266874254,-0.0149788808742999,-10.6528202794642,5.73114988312123,-2.5736532588142,0.43,0.83,-0.54,2.21133216227682,-10.1729039821242,5.23062365874099,-2.06942692316631,0.391790064224418,0.0671059715178399,-0.875486165870354,2.2279395127507,76.56078976,0.0274081427720734,0.0274645088713302,0.0546124243824549,0.00167295419463029,0.00168222673444209,0.00119552904127996,0.000311761609500873,342,0
1,76.6609984,accepted,4.3021823832814,-0.498380403080924,0.557695193504637,-0.512740408441544,0.0227401707210957,0.357315546795044,0.477577436686665,-0.0174996116704591,-10.6361881430108,5.79779104453278,-2.66882486140235,0.29,0.47,-0.4,2.21133216227682,-10.149812505705,5.27322384990752,-2.13805467372818,0.265480176476722,0.120766352573852,-0.872785825729455,2.22933195070626,76.6609984,0.0273881278057351,0.0274475896241334,0.0545991396945014,0.00165300529700368,0.00162615955232169,0.00118072390579384,0.000310668384579208,343,0
1,76.761265664,accepted,5.72412177860699,-0.496344350957788,0.581614874382039,-0.537493153738809,0.252610872572869,0.540334459260022,0.34953126491647,-0.0237244475733358,-10.6278720251317,5.86443221764284,-2.76405214122582,0.39,0.62,-0.52,2.20784150377283,-10.1310977931743,5.32700201221321,-2.2152214483663,0.139858961027984,0.0913469113891575,-0.866504278207373,2.23252981604757,76.761265664,0.0273624922270823,0.0274210576168373,0.0545803917549897,0.00166374281773807,0.00158224820049849,0.00119881054401395,0.000309390465430285,344,0
1,76.87549696,accepted,6.96846797621492,-0.483981395981186,0.597841875296155,-0.54645929452329,0.280655966901864,0.370907976252016,0.596832179897889,-0.041118865710732,-10.6029238707566,5.9310733656074,-2.8725415439963,0.33,0.41,-0.59,2.20086018676485,-10.1165455739178,5.36919171198145,-2.30046044947569,0.0521075865697997,0.0473865376206039,-1.18040391986054,2.24252440586415,76.87549696,0.0274638890899863,0.0275196736117898,0.0546946610207057,0.00172000082184104,0.00159214959426644,0.00121113891249356,0.000308384857246481,345,0
1,76.961700352,accepted,11.5713856657315,-0.475776381271301,0.618136142564341,-0.53724435189183,0.243097373623058,0.68869477011837,0.675421046412995,-0.0539985582054054,-10.5862917513538,5.98660766221016,-2.9544118793803,0.34,0.65,-0.77,2.19387886975687,-10.109791140726,5.4217386708818,-2.38778136717788,0.09920392066355,-0.0250478539821112,-1.4389244319735,2.2485614385909,76.961700352,0.0272957969258772,0.0273462535396663,0.0545294632228586,0.00178300141036168,0.00161704198354937,0.00120778215320877,0.000307108099697875,346,0
1,77.063944704,accepted,12.1831143207241,-0.497982278702423,0.634251863816946,-0.498580119230825,-0.131716292854644,0.444237442810207,0.934903660417594,-0.0571767725844063,-10.5946076686948,6.05324886079382,-3.05151686788655,0.05,0.34,-0.82,2.19213354050488,-10.1168786531992,5.45765913348849,-2.51057440476723,0.175967075526818,-0.096402087460652,-1.74486308583517,2.24869829799122,77.063944704,0.0272957019274765,0.027340331757047,0.0545383719898624,0.00187481477998204,0.00167435143979844,0.0011934550053511,0.000305985590066796,347,0
1,77.162181632,accepted,14.4902457258253,-0.514985475683382,0.672865059507479,-0.455039723269673,-0.120552445308697,0.86350264971429,0.705727287852303,-0.0580813259294208,-10.6029236076027,6.10878319464818,-3.14481586756459,0.35,0.48,-1.14,2.19038821125288,-10.1076601524191,5.49943180498602,-2.65859081815488,0.466449505321957,-0.366593420094775,-1.83949402326215,2.24909736745128,77.162181632,0.0272484508006532,0.027286473803241,0.0544969416856555,0.00204857763104426,0.00175230101571736,0.00123175089138117,0.000303689746210024,348,0
1,77.26240384,accepted,9.69476140202583,-0.525255043033734,0.696558641610949,-0.394850126171328,-0.251650762631203,0.757110657150489,0.478789795695211,-0.0555042290279042,-10.577975484616,6.1532106156958,-3.24000076091846,0.39,0.26,-1.35,2.19387886975687,-10.0790302418167,5.51279279175531,-2.82702278948343,0.635125881348695,-0.482293560824971,-1.82535899199756,2.24958302668947,77.26240384,0.0272390745306806,0.0272721321681746,0.0544951313402718,0.00211943561006212,0.00179415781991765,0.00123087688149057,0.000301020105392623,349,0
1,77.362633984,accepted,6.04560705979824,-0.549212845543678,0.713094206678355,-0.418864580431909,-0.142441558546903,0.504922064613241,0.490128633230549,-0.0632501080561423,-10.5613434150527,6.17542431816681,-3.44337933875154,0.56,-0.03,-1.53,2.18864288200089,-10.0336262578579,5.50537079824008,-3.00647020049475,0.697344340347187,-0.524672869417236,-2.01621520630309,2.25186036418551,77.362633984,0.0272408901197441,0.0272692917919741,0.054502856361678,0.00218109530630479,0.00183838070078492,0.00120720791475273,0.000298732007239245,350,0
1,77.460835584,accepted,9.48464960457249,-0.528008982088384,0.726431150622069,-0.433269822239437,-0.212587555920588,0.781880386539866,0.460088194520256,-0.0668307752327597,-10.4864992507367,6.175424208254,-3.64264176572098,0.64,0.17,-1.61,2.18689755274889,-9.9823332595031,5.50589756706974,-3.19408887660142,0.847307880202595,-0.596418953526501,-2.06751408403166,2.25428894276901,77.460835584,0.0272271849529152,0.0272494704653683,0.0544922288558055,0.00223535077059021,0.00189368780484063,0.00118191271686533,0.000295940561716392,351,0
1,77.561129984,accepted,5.59053604846903,-0.553478519158821,0.760350301893657,-0.435879808183971,-0.190911551479923,0.568550306440661,0.281141604934363,-0.0702269560914095,-10.4449191249521,6.19763787699411,-3.84615072642469,0.76,-0.2,-1.96,2.18689755274889,-9.91565626323387,5.4863229686994,-3.40296158390613,0.945065139143325,-0.755724771540131,-2.24006065717679,2.25726914905789,77.561129984,0.0272214860541323,0.0272385831640122,0.0544865707751355,0.00238709738875755,0.00195025341096373,0.00118631963930224,0.000292658979888756,352,0
1,77.66334592,accepted,11.8892939112224,-0.547075902941582,0.790271233112259,-0.416138839919497,0.0617169246945826,0.972479359411397,0.400754570889543,-0.0811452773986185,-10.3617589567883,6.18653089205616,-4.05355870635895,1.04,-0.01,-1.9,2.18340689424491,-9.82472115707519,5.46471411105723,-3.62602079345558,0.980608627675291,-0.961815017917189,-2.29971084493917,2.26686139191735,77.66334592,0.0272563738186817,0.0272656130105473,0.0545203299210669,0.0025734021542594,0.00194312221958378,0.00120439617937436,0.000290025306174907,353,0
1,77.761620224,accepted,9.20888081459434,-0.539469298880945,0.805679071178586,-0.3970333930832,0.0849287814634171,0.695035219203847,0.551370860062957,-0.089117042542346,-10.270282785554,6.16431703104547,-4.25296865817,0.99,-0.48,-1.86,2.18166156499291,-9.74005026809169,5.41483849900495,-3.83483293293688,0.906470137211512,-1.15999547092497,-2.40740618747239,2.27213060200596,77.761620224,0.0272463010813696,0.0272438520930309,0.0545052747742887,0.00276315161301063,0.00189004293960722,0.00121950801109475,0.000286375136662217,354,0
1,77.87987072,accepted,9.73476044639881,-0.54198789829602,0.848570575658528,-0.383012292754423,0.100298634486479,0.761110342720503,0.438971208918809,-0.0939960573421907,-10.1704906431433,6.10878256679871,-4.49291261858713,1.1,-0.68,-1.83,2.17991623574092,-9.63599754290822,5.32445776623775,-4.09293524386848,1.00316685583358,-1.42306615700196,-2.26604401651827,2.27585619758988,77.87987072,0.0274228533874372,0.0273938798544908,0.0546738493450577,0.00298366522944047,0.00186362429194306,0.00122245002136676,0.000281881966999243,355,0
1,77.960098816,accepted,16.5896071914169,-0.529306807999136,0.846996905515264,-0.382853898430747,0.266168270378784,1.08314011978736,0.40835942002793,-0.0991242327433941,-10.0706985150779,6.04214123947791,-4.65570472299373,1.51,-0.68,-1.83,2.17817090648892,-9.53711759767234,5.27817099289731,-4.25839565589861,1.25808189358638,-1.73595853140762,-2.23665345390425,2.28212508961188,77.960098816,0.0272070291907219,0.0271687507810871,0.0544523318265071,0.00329436734849445,0.00193227205979279,0.00124915805108317,0.000274903125854492,356,0
1,78.062324992,accepted,10.4774930321753,-0.510810618734499,0.864211035193875,-0.372473348529939,0.190178443149484,0.714560511585938,0.541873688959556,-0.102851045825076,-9.91269428570511,5.95328610539004,-4.86313348107469,1.51,-1.21,-1.8,2.17991623574092,-9.40271263213839,5.15160784048316,-4.46730351674855,1.32861244822194,-1.90622785290512,-2.33720702895938,2.28562754797762,78.062324992,0.0272308470885707,0.0271671064682499,0.0544603305239855,0.00344411256128844,0.00193670938409778,0.00123095014362675,0.000267960981626915,357,0
1,78.16256384,accepted,23.2705700608893,-0.506141064461277,0.913497536510102,-0.364692693948131,0.59948746134576,1.2368910499064,0.47971494953961,-0.10340326145224,-9.7713220883266,5.86443099652051,-5.0665297203325,2.03,-0.89,-1.83,2.18166156499291,-9.2401866655908,5.04321921139938,-4.68448034314633,1.46011036450496,-2.09405755732975,-2.30757853858071,2.29287020919138,78.16256384,0.0272529565850089,0.0271588785719064,0.0544599991205117,0.00361454684010338,0.00193928859941676,0.00122433789739524,0.00026047980835446,358,0
1,78.262840064,accepted,13.9493057777265,-0.474682738000165,0.903343422680684,-0.354879835278754,0.405267026276253,0.739969734921488,0.667121759394233,-0.10679018974241,-9.57173781576501,5.73114835523971,-5.27000127683677,1.85,-1.51,-1.64,2.18340689424491,-9.08326298189246,4.89392273985135,-4.8841485762754,1.46333186034012,-2.22947540392783,-2.3007109625159,2.29475487534299,78.262840064,0.027264461780067,0.027138339061741,0.0544467743857072,0.00368636286414007,0.00188075911818306,0.00121593387124522,0.000252591538362662,359,0
1,78.36304512,accepted,14.9807988541362,-0.467847138444563,0.937479470932201,-0.30717240876942,0.464935960704993,0.908895257143779,0.463005090450649,-0.106958873783105,-9.39710159196095,5.59786575184032,-5.41424648477227,2.15,-1.58,-1.71,2.1851522234969,-8.90951799971302,4.73767397879572,-5.08725136219376,1.71044603596873,-2.46213834910893,-2.16933991950649,2.29826607470461,78.36304512,0.0272768876527334,0.0271147565922035,0.0544325480609833,0.0038849489808167,0.00193401189921354,0.00120607263632803,0.000244364712735714,360,0
1,78.461262848,accepted,21.7878052768376,-0.459154008269232,0.972909683373609,-0.256022092556425,0.569190139275746,1.17513855565112,0.4309083550344,-0.104707905785616,-9.19751731935219,5.45347625584475,-5.55563093346029,2.37,-1.58,-1.74,2.18864288200089,-8.70949007546952,4.57445925288837,-5.28151147950352,1.83611797838668,-2.72085664936425,-2.1680418157958,2.30152345685901,78.461262848,0.027273316768129,0.0270752401828959,0.0543998495479856,0.00413702389994811,0.00193205136362973,0.00123434139594691,0.000235070299889234,361,0
1,78.563480064,accepted,16.4872810151306,-0.44262721522632,0.989311596996521,-0.201339292743154,0.445519472008259,0.868894254361868,0.666392231958629,-0.0907064561824353,-8.96466900263672,5.27576613175774,-5.70277264631465,2.29,-2.03,-1.45,2.19562419900887,-8.50190928073591,4.36269821266151,-5.46804158959671,1.87106117028111,-2.87353482782631,-2.10930768326381,2.29221253834835,78.563480064,0.0273210110805296,0.0270762021271428,0.0544103258420717,0.00420339162798654,0.00187875915655439,0.00124182840961745,0.000226111789891906,362,0
1,78.661731584,accepted,21.201067396147,-0.412469293275546,1.00700981651284,-0.177022169083759,0.448320519687863,1.12398725272946,0.61380003115624,-0.0787740580772427,-8.73182070200826,5.07584228764682,-5.84420573859673,2.3,-1.95,-1.37,2.20086018676485,-8.29625499478464,4.15942563323361,-5.63675611958964,1.88159989431034,-3.04390817572957,-1.9774155740514,2.28618833712004,78.661731584,0.0273267473781791,0.0270371587098648,0.0543811389380525,0.00429428968706063,0.00180824428410025,0.00127758222559029,0.000218591198380475,363,0
1,78.764017408,accepted,15.6402176966113,-0.393373591165117,0.999691325675963,-0.157607529221979,0.0704158849565057,0.85734422583565,0.760240537103987,-0.0769624735319052,-8.49897242547744,4.84259785673129,-5.99144621268751,1.89,-2.27,-1.15,2.20260551601684,-8.10825431926598,3.91527790630341,-5.79436479701288,1.82788691316463,-3.10754935302239,-1.90123889008763,2.28179770519135,78.764017408,0.0273840827565856,0.0270380813143572,0.0543959041621458,0.00420974251192099,0.00173551552265453,0.00128846378901228,0.000212005668032701,364,0
1,78.878241024,accepted,21.5329590425977,-0.395679407986149,1.09425234749542,-0.148447815692489,0.423990249072484,1.24547713669195,0.461035803557859,-0.0755604646475372,-8.2993881780377,4.64267406570901,-6.15587114191528,2.21,-1.97,-1.38,2.20435084526884,-7.88176916553967,3.64439222751429,-5.98621842680218,1.81162978190648,-3.18601691901427,-1.83664999468165,2.28538391823216,78.878241024,0.027601807719763,0.0271623573044663,0.0545513608945312,0.00418068949090032,0.00168809109491757,0.00131771453371303,0.000206021125277832,365,0
1,78.962502656,accepted,23.6726404037247,-0.3334391523956,1.06495063492727,-0.132548957756445,0.611369594383869,1.16281423309714,0.666315507228319,-0.0822565605003263,-8.06653983835266,4.44275024268742,-6.27716578625761,2.36,-1.97,-1.38,2.20260551601684,-7.69937131285169,3.46825831033562,-6.11222138646449,1.77887125934521,-3.10545810084076,-2.03952304770928,2.29096042795097,78.962502656,0.0274702515781152,0.0269988418418951,0.0543965632414817,0.00391356679642347,0.00165247556086474,0.0012959056018436,0.000200304074846244,366,0
1,79.062718464,accepted,17.0134967076406,-0.321652336769896,1.06527917740574,-0.0988811439860076,0.127853102022745,1.02219559627097,0.611346203953562,-0.0869254463280904,-7.84200753021295,4.22061270677082,-6.42142647170031,1.9,-2.13,-1.48,2.20435084526884,-7.51671302381691,3.23784914332058,-6.29157643155782,1.78137689903668,-3.12980715309378,-2.08501280124326,2.29348715736313,79.062718464,0.0275064183346722,0.0269802340540837,0.0543916283406728,0.00380486597535317,0.00163165535458888,0.00130768070164897,0.000195106980724423,367,0
1,79.162937088,accepted,23.2596557151756,-0.295251657474064,1.11508736829951,-0.0571255833909978,0.657545754861537,1.30551532111446,0.34640567320446,-0.0893148827425243,-7.63410720239803,4.04290265412848,-6.56569121077586,2.38,-1.73,-1.86,2.20435084526884,-7.30360325409314,3.02229055572401,-6.49471895417508,1.74889911649554,-3.00767401455433,-2.20480379164523,2.29890946077397,79.162937088,0.0275897112074429,0.0269924819100659,0.0544230261006468,0.00354839104128166,0.00161156058517064,0.00128427319652207,0.000191171007872783,368,0
1,79.263186432,rejected,26.4231017600004,-0.240481507179349,1.11755652841893,0.0210906239045574,0.492071434311757,1.49751611098238,0.603785074179535,-0.0973464111142119,-7.36799473795844,3.84297881832488,-6.71000015435863,2.26,-1.42,-1.83,2.20260551601684,-7.12751323077909,2.72542228990596,-6.73109077826319,1.76792856568824,-2.91751611098238,-2.43378507417954,2.29995192713106,79.162937088,0.0275897112074429,0.0269924819100659,0.0544230261006468,0.00354839104128166,0.00161156058517064,0.00128427319652207,0.000191171007872783,368,1
1,79.363382016,rejected,30.8722020912741,-0.157395888979768,1.24014646370459,0.136473125573549,0.40764124844663,1.79232267638717,0.64732230380273,-0.0966906636581788,-7.11019824704844,3.6763755922216,-6.83996698100428,2.17,-1.09,-1.82,2.20260551601684,-6.95280235806867,2.43622912851701,-6.97644010657783,1.76235875155337,-2.88232267638717,-2.46732230380273,2.29929617967502,79.162937088,0.0275897112074429,0.0269924819100659,0.0544230261006468,0.00354839104128166,0.00161156058517064,0.00128427319652207,0.000191171007872783,368,2
1,79.461634816,rejected,46.6937451851107,-0.0757232402061572,1.38573994104761,0.251249672246023,0.254101420773177,2.44673400919435,0.872986183116726,-0.0973843985642584,-6.85240171253077,3.543092970084,-6.96741376174315,2.05,-0.39,-1.6,2.20086018676485,-6.77667847232461,2.15735302903638,-7.21866343398917,1.79589857922682,-2.83673400919435,-2.47298618311673,2.29824458532911,79.162937088,0.0275897112074429,0.0269924819100659,0.0544230261006468,0.00354839104128166,0.00161156058517064,0.00128427319652207,0.000191171007872783,368,3
1,79.563842304,accepted,14.7749720321326,-0.0511259883689847,1.57520441385519,0.379249927199623,0.283819407644248,1.29360076842044,0.851894479043399,-0.0993328974267049,-6.64450127019262,3.44313099539968,-7.09999029201004,2.06,-1.55,-1.75,2.19911485751286,-6.58244534720866,1.94806727633223,-7.45340512816409,1.78257206434434,-2.82501171984792,-2.59813952783478,2.29966886416919,79.563842304,0.0317015089333018,0.0301688933206175,0.0578387602265518,0.00345051945078381,0.00178095565389804,0.00130823771288668,0.000194124034723205,369,3
1,79.664113152,accepted,11.568981970493,-0.0349203867060988,1.61811422909809,0.486872127526535,0.404611676045635,1.0719347217753,0.781711294817195,-0.106818899628849,-6.44491689184109,3.28763471385858,-7.23005474594474,2.1,-1.74,-1.85,2.19387886975687,-6.39641144031839,1.74282924112902,-7.69217876947684,1.7022023798576,-2.79565698067578,-2.62814896064858,2.30183742743621,79.664113152,0.0319008041502635,0.0302466290651111,0.0579869464385385,0.00337259705069988,0.0017674294757067,0.00133462712877145,0.000192087748610495,370,3
1,79.764335104,accepted,11.4256159505025,-0.0127060799641621,1.66705029932023,0.588090159453932,0.29979108951469,1.12057183059034,0.727682375762879,-0.111511000437425,-6.23701648026638,3.13213842993174,-7.36005577534814,2.11,-1.71,-1.68,2.19387886975687,-6.21318523750092,1.54028076058052,-7.92331783154744,1.81568434843023,-2.81375856321516,-2.40418407991171,2.30628938628973,79.764335104,0.0321005023460818,0.0303270190744544,0.0581389924230502,0.00333491578788235,0.00175531542524664,0.00132150111614148,0.000190179552864047,371,3
1,79.882528512,accepted,10.2593593389668,-0.0774944170432867,1.73402855885099,0.684842961625012,-0.618941529485143,0.80168574986888,0.962712073273816,-0.114753808780131,-6.07069621251398,2.93221473048428,-7.5133681425698,1.19,-2.15,-1.28,2.19387886975687,-6.01188153841177,1.26097920782659,-8.17055933119498,1.80096465645337,-2.9395448225227,-2.23843342174619,2.30716967856799,79.882528512,0.0326167085196879,0.0306375724711553,0.0585344958072839,0.00344484226262169,0.00175116778214007,0.00137435278397038,0.000189037347370753,372,3
1,79.962789376,accepted,12.0488704613178,-0.0664075818627516,1.72212672910907,0.726564894543364,-0.0426813357067199,1.22529357612453,0.929369101017896,-0.113881988671388,-5.92932399006914,2.74339791931598,-7.61747702024167,1.85,-1.83,-1.19,2.19387886975687,-5.86451869476858,1.09413754998016,-8.3154374718298,1.89269891889078,-3.03954556912679,-2.11501091430596,2.30768663919047,79.962789376,0.0325752887889226,0.0305252144759263,0.0584870667006577,0.00351293569482086,0.0017523437723513,0.00138673303381634,0.000187291285410396,373,3
1,80.06297088,accepted,11.996233354857,-0.0670745526862095,1.78792069902829,0.768121190895206,0.219058714000893,1.18597988039493,0.937167777031067,-0.115069010140376,-5.73805560772148,2.57679479983341,-7.74742558327885,2.17,-1.97,-0.95,2.19387886975687,-5.66505676997808,0.862832975124239,-8.48544777389838,1.954522923632,-3.13978035028223,-1.88227600696251,2.30943042784957,80.06297088,0.0328380166102918,0.0306422644025329,0.0586780338325439,0.00360378850755764,0.00175853821454978,0.00141072361766769,0.000185801980569843,374,3
1,80.1631744,accepted,8.38281452132718,-0.080542986409549,1.82496768013187,0.78245450747203,-0.0756539326900414,0.76093047943122,0.885150870035539,-0.11804488031666,-5.55510326505445,2.3768710985972,-7.87740270395837,1.76,-2.25,-0.82,2.19387886975687,-5.47870697945547,0.616516019972097,-8.63126688516681,1.83440114863495,-2.99778886433722,-1.70063603370121,2.31150290720962,80.1631744,0.0331239800332478,0.030766721538011,0.0588814251667055,0.00341212438732679,0.00175145968731676,0.0013925054236431,0.000184551152450324,375,3
1,80.265398272,accepted,11.2314872789958,-0.0924521695701612,1.86229208923559,0.778028291571287,0.0725576038326607,1.02123152315663,0.918262070593726,-0.120291152745071,-5.38046693516954,2.17694740930811,-8.01000006761249,1.93,-1.96,-0.52,2.19387886975687,-5.28741679595467,0.388203984390754,-8.75571665172048,1.85851608344244,-2.9651942163479,-1.43298518792613,2.31408726083001,80.265398272,0.0333923948707033,0.0309000318082996,0.0590807972233635,0.00337313119068051,0.00177476556653506,0.00137811036888094,0.000183321820978969,376,3
1,80.365664,accepted,10.1568589677416,-0.114397956766277,1.91514195263885,0.863016489041126,0.0216912502838809,1.03754292322785,0.64515677569792,-0.126912793533094,-5.20583058139644,1.99923745185006,-8.02807797566355,2.07,-1.96,-0.58,2.19038821125288,-5.09235645376544,0.160740496553607,-8.86316413323292,2.04862588052189,-2.98043147406304,-1.22108659976143,2.31717896307708,80.365664,0.033629522265326,0.0310109722371085,0.0592519542806412,0.00338939536116034,0.00182357074006153,0.00132656888397072,0.000182249622172763,377,3
1,80.461862656,accepted,7.21201453180096,-0.0883665143313213,1.90825959457524,0.926473948473271,0.125930650708406,0.524923223190852,0.725372811708494,-0.129919276377657,-4.98129810545354,1.77710000746387,-8.04542259074282,2.27,-2.56,-0.3,2.18864288200089,-4.89130476854385,-0.067645428491731,-8.94085006212101,2.14555091887853,-3.07173657818582,-1.02041451089699,2.31846544707102,80.461862656,0.0338101618444546,0.0310885646036622,0.0593733475852761,0.00349222125249179,0.00186910202350847,0.00132897980091379,0.000181079796823342,378,3
1,80.562066432,accepted,22.9818479499398,-0.0361238971486504,1.98233930212774,0.980939007493809,0.766516251875597,1.87430640945106,0.953157067318472,-0.128228563878028,-4.70686944508905,1.59938999378168,-8.06348932884995,2.99,-1.31,-0.08,2.19038821125288,-4.64415201585984,-0.287649761684169,-9.00677256034927,2.23590876789601,-3.16047992543139,-1.0268341519488,2.32035169568505,80.562066432,0.0340793185140275,0.0312280058516615,0.0595528292425395,0.00356210570893105,0.0018959422503845,0.00134277321012594,0.000179654980779315,379,3
1,80.66232064,accepted,21.5456319544689,0.0681223707235299,2.04405605435238,1.0271658017051,1.14853222050276,1.58811344524622,1.02393500908799,-0.115871297843472,-4.34928052577644,1.43278680475534,-8.0815651598453,3.41,-1.64,-0.01,2.20086018676485,-4.37854978554319,-0.521778479503269,-9.06899265707801,2.27872309916732,-3.20623527274165,-1.02694253789373,2.31915723573761,80.66232064,0.0343734142913173,0.0313820498598335,0.059743979806083,0.00358268755454449,0.00191488757430255,0.00136762129874052,0.000177886714233552,380,3
1,80.762565888,accepted,9.23506824080476,0.0806860641730438,2.06490338735206,1.08113155315663,0.055022356915758,0.888611598718573,0.868472969565648,-0.111223829591454,-4.06653583140207,1.22175621976806,-8.09963937535291,2.44,-2.34,-0.25,2.20609617452083,-4.14156784611064,-0.770939606873658,-9.14847745877921,2.38720136861685,-3.21308731973091,-1.11380872412299,2.31742883518187,80.762565888,0.0346876516254232,0.0315556019546689,0.0599476538339445,0.00353529779070638,0.00193677471631179,0.00136321224108883,0.000176698169446941,381,3
1,80.876770304,accepted,8.76103790657804,0.0740704350805417,2.12705375105468,1.15372678228197,0.292200332646789,0.766712889300974,0.774337197689067,-0.106055179751801,-3.78379113173535,0.988511914905623,-8.120230428474,2.84,-2.48,-0.34,2.21133216227682,-3.84530504421891,-1.06542584604781,-9.24066119443945,2.55304055512115,-3.23083738394952,-1.10943657488066,2.31800512905403,80.876770304,0.0352129449740915,0.0318967626124487,0.0603130439548033,0.00352900075039152,0.0019869986593304,0.00136630597666992,0.000175758473687313,382,3
1,80.961012736,accepted,10.4111731591525,0.15556825270373,2.08977888171972,1.2040440185315,0.562378443383217,0.959290657488418,0.767431741171761,-0.101353616969081,-3.47609833942265,0.755267609740526,-8.1354193366889,3.13,-2.19,-0.42,2.2165681500328,-3.60875867509924,-1.25875723776012,-9.30502720889498,2.57655134869897,-3.13214998370834,-1.18236249335333,2.31911834966849,80.961012736,0.0352598270201555,0.0318964407839653,0.0603132493228755,0.00336518630701038,0.00198350268381821,0.00137457454275909,0.000174575690070203,383,3
1,81.063266816,accepted,14.1288017828598,0.171616992380469,2.14341819619594,1.27867551742536,0.415968184913201,1.36477062613696,0.899600178999209,-0.0962859902764284,-3.16840550835888,0.566450774920001,-8.15385574455187,3.1,-1.73,-0.4,2.22354946704078,-3.31866987976821,-1.4912171302599,-9.39459965242752,2.69225119318574,-3.07464350801838,-1.29425890342569,2.32101278381818,81.063266816,0.035584230737607,0.0321163844378411,0.0605345802499975,0.00325898918776734,0.00200464867453268,0.00138265058263066,0.000173792309033368,384,3
1,81.1635264,accepted,11.756278658072,0.165579693729961,2.18588019187288,1.3543195035749,-0.0883422932759865,1.16602359097905,0.784703731174583,-0.0950391112528206,-2.87734470666031,0.388740824850813,-8.17193254483989,2.76,-1.86,-0.55,2.22704012554476,-3.03596594966946,-1.71341386804929,-9.49013323827531,2.85081830305134,-3.0070297806535,-1.33016301744786,2.32241736076286,81.1635264,0.0358521551286846,0.0323110611228698,0.0607245167095659,0.00316035323094337,0.00204324820247905,0.00136798272792449,0.000172849585423758,385,3
1,81.263734272,accepted,8.6364567451938,0.150149886508971,2.20150804024824,1.43549896086056,0.0438647620649673,0.602124888389954,0.822832009933939,-0.0935898224809684,-2.59459992311198,0.188817161958984,-8.19000004630733,2.94,-2.33,-0.46,2.22878545479676,-2.73610013941663,-1.94044892479934,-9.58530418208002,2.89938881472263,-2.91682394325031,-1.27725948098606,2.32270203849759,81.263734272,0.0360983068595474,0.0325065627823721,0.0609042793114856,0.00305835811796885,0.00206411370729777,0.00136625843326506,0.000171826417434848,386,3
1,81.363934208,accepted,9.14003331817764,0.127643881697947,2.19419367394016,1.48327860598727,-0.157876365049858,0.781560964230373,0.761051991098435,-0.0925904001723237,-2.32017115887231,-0.0333202171397799,-8.22899156871998,2.66,-2.09,-0.53,2.22878545479676,-2.44555151856359,-2.15199934621311,-9.6740462513896,2.81870058585842,-2.85532770627106,-1.2862576228826,2.32136573651177,81.363934208,0.0363339633413481,0.0327087217611289,0.0610836137053718,0.00297713566747876,0.0020527581801939,0.00138571414018524,0.000171065086154949,387,3
1,81.464169216,accepted,13.6651163494642,0.133706161531374,2.2291187004304,1.53728623489573,0.329060773773261,1.20692123560429,0.809897167199806,-0.086317223923936,-2.03742633463115,-0.21103012999544,-8.26799673895245,3,-1.76,-0.51,2.23053078404875,-2.15152490260055,-2.35083919552031,-9.7616150450137,2.67819870852755,-2.94614304898594,-1.31391881363386,2.31777137923093,81.464169216,0.0365447388583495,0.0328991819852114,0.0612523255018825,0.00302744690776008,0.0020347124599124,0.00144560505395787,0.000170428838196713,388,3
1,81.564370176,accepted,15.2184468586593,0.123342593434273,2.27005250704052,1.58152334726425,-0.1098172928543,1.44079276466392,0.654315231323072,-0.0819695267109566,-1.771313550049,-0.377633163284133,-8.30698865984159,2.38,-1.57,-0.56,2.23053078404875,-1.89024427036487,-2.55098750158991,-9.84962723429383,2.49101882848845,-2.98772757619288,-1.21001513904032,2.3124319169224,81.564370176,0.0367583710526721,0.0330826924768521,0.061426166799869,0.00306087572221207,0.00204202833230092,0.00148948022587237,0.000169894559934972,389,3
1,81.662616576,accepted,11.9916067675929,0.114029387911131,2.301033437236,1.61497413524514,-0.136126264796025,1.18741793427757,0.509384313506093,-0.0815059564048468,-1.53014883061123,-0.544236181540342,-8.34521998872748,2.37,-1.78,-0.51,2.22878545479676,-1.64168959785076,-2.75367547177509,-9.92418583354582,2.50639698304904,-2.94577516733346,-1.01558357643448,2.31009017590834,81.662616576,0.0369435337541557,0.0332405886585752,0.0615746928192993,0.00304114906013242,0.00207880990545932,0.00142901898118257,0.000169056777399881,390,3
1,81.766838784,accepted,7.96094041658144,0.117963022183647,2.31174925295682,1.63020215868667,0.589369557159425,0.580654973272601,0.123725660609739,-0.0836615973609054,-1.27235205186627,-0.74415978806713,-8.38577672679892,2.92,-2.23,-0.66,2.22878545479676,-1.36473202612925,-2.97863532634477,-9.9859314987149,2.33881369158552,-2.79370910600196,-0.780241325723014,2.31335669402288,81.766838784,0.0372150457801137,0.0334715453737987,0.0617906642954595,0.00294990031463004,0.00213808576543287,0.00140875352665748,0.000168071305098783,391,3
1,81.881012992,accepted,8.35768099035415,0.02974244606909,2.32453248666733,1.63127981871492,-0.762781199876633,0.498796020238762,0.268675532959256,-0.0842849011755593,-1.06445142409871,-0.977403969571903,-8.43020615827259,1.63,-2.4,-0.35,2.22878545479676,-1.11556243875466,-3.22914238155274,-10.03478195506,2.38440423074178,-2.88278666082914,-0.617046520747045,2.31168935286606,81.881012992,0.0376656426189272,0.0338510542132754,0.0621508343501154,0.00305547633578064,0.0021947426217803,0.00140431791048786,0.000167472450000576,392,3
1,81.965244928,accepted,16.218734693188,0.0494657263032431,2.32119458260357,1.62219575900424,-0.189278223738591,1.6880984727363,0.41304350070342,-0.0813666175200907,-0.873182831016802,-1.15511382252346,-8.46298393789516,2.06,-1.24,-0.1,2.23053078404875,-0.924349243900144,-3.37523842625662,-10.0519018641007,2.24724758076065,-2.90210480333617,-0.509909149775112,2.31111314849436,81.965244928,0.0376444756064389,0.0338577881083703,0.0621259997314283,0.00307764356300872,0.00223772891076884,0.00145811309842755,0.000166574635195976,393,3
1,82.065517056,accepted,7.33361308793427,0.0821333989489946,2.32782483438571,1.60293067601366,0.538536542614815,0.634152117861498,0.362640829471988,-0.0787125827885178,-0.623702036942579,-1.33282367585107,-8.50200355290045,2.57,-2.1,-0.23,2.23227611330075,-0.689400793545675,-3.58761124110178,-10.0719801166078,2.03661870587592,-2.7183787496148,-0.588549569162611,2.31132133642103,82.065517056,0.037941638778247,0.0341077544136307,0.0623536213288476,0.00288986190217648,0.00227773275018914,0.00148727534572707,0.000166088246177746,394,3
1,82.165747456,accepted,8.14443430879296,0.0987366757246335,2.34296301344528,1.59152732436926,0.458896001154441,0.962580740404433,0.29320210446492,-0.0784664946153724,-0.390853286652268,-1.51053351949092,-8.54100692998873,2.4,-1.64,-0.44,2.23227611330075,-0.476279764145207,-3.77562644567533,-10.1023101494644,1.94478079833216,-2.58505556504683,-0.730031113606189,2.31074765442429,82.165747456,0.038234975209681,0.0343762228800775,0.0625940341085338,0.00274252892649851,0.00229383229259937,0.00150437038768877,0.000165712424769948,395,3
1,82.265950976,accepted,9.13780056963577,0.0358794289956985,2.27667051239476,1.59803720532522,-0.811067067045746,-0.259129565577426,1.00441030613844,-0.0763449193593879,-0.249480830652313,-1.7548845373092,-8.57999984706908,1.04,-2.71,0.15,2.23402144255274,-0.299727165232146,-3.97828901481986,-10.1391728100508,1.84718544969868,-2.44100215511714,-0.849595630886689,2.30968422950289,82.265950976,0.0385262703226629,0.0346578102137876,0.0628439935258344,0.00260476753116644,0.00232004114795146,0.00152531640000399,0.000165538400743792,396,3
1,82.364129792,accepted,11.0618279736594,0.042460171095054,2.29843843093037,1.58654601232124,0.636646690845817,1.39154009631002,0.447625090517057,-0.0710819227390145,-0.0831602785845746,-1.91038063951259,-8.63721532036199,2.38,-0.91,-0.46,2.23925743030872,-0.111787745975636,-4.12594300228643,-10.1908260798373,1.74742789822411,-2.28198366594126,-0.90418738207057,2.31007102880241,82.364129792,0.0387579466059523,0.0349199587836464,0.0630661168816443,0.00249414776424528,0.0023661862477043,0.00155727447627634,0.000165541040958012,397,3
1,82.46635776,accepted,9.85961933724664,0.0302300036571177,2.36029184355077,1.58588588536984,-0.12840803541907,1.30873997272331,0.409109479789391,-0.0691239229935094,0.0997923353513214,-1.99923555272662,-8.69679058914662,1.69,-0.95,-0.48,2.24100275956072,0.0674332835506824,-4.27493719909245,-10.2525055362219,1.81752205790417,-2.23837140646822,-0.88665412793313,2.30926881186741,82.46635776,0.0390398785555953,0.0352391954579595,0.0633427805618478,0.00247561047044488,0.00237478235914592,0.00157558495424378,0.000165314177050908,398,3
1,82.56457088,accepted,7.49139749833965,0.000979494856143681,2.38278593383416,1.57441631940943,-0.253728576677742,0.883924921361379,0.3947435407463,-0.0653463003048813,0.257796870486666,-2.09919732546655,-8.75402612983716,1.74,-1.05,-0.3,2.24449341806471,0.251867778090905,-4.40446229848947,-10.2986676534341,1.99229119948125,-1.91600921592911,-0.692235501995775,2.30913093667841,82.56457088,0.0392511979228517,0.0355178165883567,0.0635573040451568,0.00237089469032903,0.00238906736189,0.00150661358372278,0.000165130343562478,399,3
1,82.664817408,accepted,7.47187128099115,-0.0316706964009746,2.40255480121557,1.55721453776474,-0.310631326682263,0.920021848870585,0.413861739889269,-0.062357152757623,0.432433464745508,-2.17694536674551,-8.81244667723887,1.92,-0.65,-0.29,2.2479840765687,0.458326461788548,-4.50252063867353,-10.3407497417261,2.22921773089279,-1.55258257034066,-0.70150183901523,2.30973697115806,82.664817408,0.039474795794914,0.0358493110708433,0.0638001067412349,0.00224386149111514,0.00235381430399218,0.00142980083393489,0.000165141900713577,400,3
1,82.767007488,accepted,10.573979072372,-0.0974142941401667,2.39876260612153,1.53665543729156,-0.630355215651023,0.577205677834487,1.19660027115121,-0.0611548546673113,0.582121976040653,-2.24358654051274,-8.87199986607974,1.45,-0.65,0.52,2.24972940582069,0.666212758145347,-4.57169022326649,-10.36579893309,2.07798331637361,-1.21186131342646,-0.671548723941349,2.31030343452418,82.767007488,0.0396754979407919,0.0362045982085605,0.0640550201552871,0.00217398136437552,0.00241977853066721,0.00147257838308747,0.000165143578809342,401,3
1,82.881223424,accepted,9.92451997419361,-0.220240151534838,2.36846332857847,1.50947368400801,-1.04227984210487,0.0729263932074863,0.840623424006348,-0.0585528032269234,0.681914323348531,-2.3324414449693,-8.93856134841975,0.96,-0.94,0.05,2.25147473507268,0.875220548576898,-4.63969264048947,-10.4131397263735,1.99603612795164,-1.00088982419902,-0.787234479898848,2.3094719906455,82.881223424,0.0400060269634681,0.0367154542888125,0.0644723776049301,0.00212624143784808,0.00244697321934414,0.00146412004092657,0.000165443806784471,402,3
1,82.965476352,accepted,9.51370147609505,-0.263250652183864,2.34168817177641,1.50089698881157,-0.492040132201834,0.698290726880382,1.04293209883603,-0.0577702920265013,0.773390639415354,-2.37686889210104,-8.98766132496913,1.32,-0.21,0.06,2.25147473507268,1.02090430862894,-4.64619588659755,-10.4486014607442,1.80970022400325,-0.892256455028551,-0.978516953237395,2.3085156536689,82.965476352,0.0398993666709468,0.0368126168484543,0.0644823409627068,0.00207416118082073,0.00247414019068809,0.00148518230358679,0.00016531597662978,403,3
1,83.065682944,accepted,11.4409666071592,-0.359375201811636,2.29279724535836,1.50043127648967,-1.32082712959173,-0.108732321869023,0.780028812124244,-0.0571231818924978,0.839918874873553,-2.44351007020573,-9.04605859891662,0.42,-0.98,-0.18,2.25147473507268,1.16273512047561,-4.68111712255689,-10.51455812295,1.73219491674936,-0.860982461515582,-0.957190767725128,2.30807653903342,83.065682944,0.0400117871076014,0.0371288044970138,0.0647317169359282,0.00208161161975257,0.00252858068625064,0.0014809395227263,0.000165097094526237,404,3
1,83.16592384,accepted,5.64838485415145,-0.377890118001041,2.25993532810315,1.50491965283421,-0.0314710179509685,0.359734952735236,0.682547058904822,-0.0553673315910901,0.956343282067471,-2.51015123991731,-9.10447586416453,1.68,-0.56,-0.26,2.25322006432468,1.32426032808238,-4.70645261866548,-10.5762889441726,1.71070168902894,-0.905956679861091,-0.938796992517874,2.30795317225394,83.16592384,0.0401583492218296,0.0374778202495711,0.065029039503709,0.00209492570899616,0.0025666107678361,0.0015179578477587,0.000165173397634912,405,3
1,83.364156416,accepted,8.9827718148868,-0.613507485709768,2.25966514516388,1.50929052386234,-0.945860271666424,0.18763999229309,0.671440542752481,-0.0496027942111485,1.08939975659555,-2.63232672607036,-9.21999962178306,1.07,-0.6,0.01,2.25671072282867,1.66303850723557,-4.827327827102,-10.6972148531164,2.00715946303621,-0.773956008745607,-0.658518303995835,2.30549031533276,83.364156416,0.0416846258168269,0.0392329221755667,0.0667058259254435,0.00219985415700385,0.00262388360003408,0.00147706228570095,0.00016661972412456,406,3
1,83.468540672,accepted,14.422101395873,-0.72712939518139,2.2431978413601,1.53489654173709,-1.52896850089029,0.733006832000241,0.818564039438743,-0.0537719974738793,1.13097990584331,-2.66564731359955,-9.21791271152033,0.27,-0.04,0.37,2.25322006432468,1.80599327894855,-4.83206252659679,-10.7222836481945,1.78707730781316,-0.754756706056416,-0.446461418027572,2.30570545208181,83.468540672,0.0418534559730075,0.039612614724854,0.0670429969090485,0.00225659643893948,0.00278411581158677,0.0015772153421555,0.000165860032327083,407,3
1,83.566761984,accepted,18.3081071291283,-0.863512115707381,2.22422779189619,1.54634344372083,-1.8114775720714,0.658533884765932,0.890101088001271,-0.056004328874804,1.12266387723474,-2.67675417800381,-9.21594864629122,0.08,0.01,0.45,2.25147473507268,1.92162227937884,-4.82441553779714,-10.7309130540971,1.87648523780075,-0.630616976444709,-0.438032261277402,2.30623115983607,83.566761984,0.0419179289298029,0.039880946038169,0.0672661349881223,0.00225379487520326,0.00275743648926278,0.0015282449135652,0.000165301949750989,408,3
1,83.667018496,accepted,16.392902664755,-1.02005358185079,2.1914697158182,1.56162302773551,-1.82687428559083,0.318640602146543,0.795471438484509,-0.0577600040347095,1.08939976691471,-2.69896791106036,-9.21394388454247,0.03,-0.32,0.32,2.24972940582069,2.0420362828666,-4.82285768647486,-10.7464007387142,1.84148031269757,-0.623740219229159,-0.473788097930142,2.30637451020649,83.667018496,0.0420148457170572,0.0401827312175091,0.0675074766771578,0.00224412720949262,0.0027668260607544,0.00156296985610163,0.000165011512666972,409,3
1,83.767330816,accepted,18.0397167633925,-1.16113321931056,2.15004698531453,1.57775043983325,-1.76533273424721,0.277945032703843,0.777019298519075,-0.0507070774239478,1.06445168561992,-2.73228850797849,-9.21193800683884,0.11,-0.32,0.39,2.25496539357667,2.1474753989733,-4.8143907020844,-10.7586595710026,1.85729486058422,-0.582888971470607,-0.385213918858777,2.30452302931246,83.767330816,0.0420643320899325,0.0404329029966967,0.067691177972887,0.00226365535250378,0.00278800204839325,0.00158225072440508,0.000165413609425056,410,3
1,83.879559936,accepted,19.4219605656747,-1.28580564309096,2.10206842501585,1.59866589707443,-1.66061440827911,0.251915882625842,1.05954588832341,-0.0455675827311328,1.06445169103246,-2.76560910000294,-9.20969383693522,0.09,-0.07,0.59,2.25845605208066,2.2707332724093,-4.80152676502636,-10.7670985760749,1.73317009243301,-0.307516656526172,-0.465858355249051,2.3031483752059,83.879559936,0.042268845146531,0.0408491514732364,0.0680233259981587,0.00225467969651007,0.00281794990037913,0.00156405705672847,0.00016605618753179,411,3
1,84.065790464,accepted,21.2636269910371,-1.49750808467078,2.07606870318203,1.66067657550123,-1.68169379570896,0.170097241638575,1.01089905741498,-0.0421918500976783,1.089399776838,-2.76560909615064,-9.20596991086263,-0.04,0.02,0.44,2.26020138133266,2.49329260209145,-4.77544888871282,-10.8230480674572,1.62129177162001,-0.136193323635202,-0.567131937361794,2.30167838304602,84.065790464,0.0434792507523916,0.0424205446063074,0.0694365867600758,0.00228012009795247,0.00289250774637735,0.00161190578413006,0.000167127441663446,412,3
1,84.166016768,accepted,23.6096214569391,-1.55283392083623,2.02108964759246,1.68225121724048,-1.6294539694797,0.164010829586669,1.04525129948848,-0.0541932508787815,1.09771580539829,-2.76560909509604,-9.20396575316285,-0.14,0.08,0.37,2.25322006432468,2.54917660182082,-4.72157983699521,-10.8363106532281,1.46754637316279,-0.0704304011625562,-0.670485672092106,2.30679489815513,84.166016768,0.0433516007782173,0.0424869471638332,0.0694640089212029,0.00224738903120608,0.00290943033405922,0.00163955095126432,0.000165757603619639,413,3
1,84.266281216,rejected,32.88369585742,-1.58069544681702,1.9592370517829,1.70123111296635,-1.86907567843676,0.0719668567976317,1.14479802833822,-0.059735538604178,1.1143478630321,-2.76560909246925,-9.20196083272326,-0.44,0.07,0.46,2.24972940582069,2.69504330984912,-4.72484614425215,-10.9031919456896,1.42907567843676,-0.00196685679763174,-0.684798028338221,2.30946494442487,84.166016768,0.0433516007782173,0.0424869471638332,0.0694640089212029,0.00224738903120608,0.00290943033405922,0.00163955095126432,0.000165757603619639,413,4
1,84.364340736,rejected,37.4219262275938,-1.75058881391335,1.97264626235613,1.78782124894595,-1.81077905391237,0.15753016290694,1.43882390282364,-0.0603537383387573,1.08939977495071,-2.75450223306463,-9.2000000027395,-0.29,0.15,0.44,2.24972940582069,2.83998858886406,-4.72714849542076,-10.9878212516855,1.52077905391237,-0.00753016290694051,-0.998823902823643,2.31008314415945,84.166016768,0.0433516007782173,0.0424869471638332,0.0694640089212029,0.00224738903120608,0.00290943033405922,0.00163955095126432,0.000165757603619639,413,5
1,84.464529408,rejected,35.6182734042365,-1.92563413213834,1.98292479904333,1.91965344897008,-1.75909845708192,0.0654461783604885,1.4290064608694,-0.0611218168115668,1.06445168738255,-2.74339537244771,-9.16300294333818,-0.23,0.06,0.46,2.24972940582069,2.99008581952089,-4.72632017149104,-11.0826563923083,1.52909845708192,-0.00544617836048847,-0.969006460869395,2.31085122263226,84.166016768,0.0433516007782173,0.0424869471638332,0.0694640089212029,0.00224738903120608,0.00290943033405922,0.00163955095126432,0.000165757603619639,413,6
1,84.56471424,rejected,25.422105452344,-2.10126587231033,1.98093956408011,2.05775085452495,-1.64203794473749,0.0286541268421527,1.08531270800025,-0.060709287915107,1.04781963039392,-2.74339537498662,-9.12600725409929,0.04,0.06,0.12,2.25147473507268,3.14908550270425,-4.72433493906673,-11.1837581086242,1.68203794473749,0.0313458731578473,-0.96531270800025,2.31218402298779,84.166016768,0.0433516007782173,0.0424869471638332,0.0694640089212029,0.00224738903120608,0.00290943033405922,0.00163955095126432,0.000165757603619639,413,7
1,84.66486528,rejected,33.38044550395,-2.26420581283759,1.98146546670719,2.1752045157142,-1.93965115818364,0.168646787718227,0.901371947302744,-0.0607492989481027,1.06445168738255,-2.74339537244771,-9.08902404337942,0,0.07,0.24,2.25147473507268,3.32865750022014,-4.7248608391549,-11.2642285590936,1.93965115818364,-0.0986467877182267,-0.661371947302744,2.31222403402079,84.166016768,0.0433516007782173,0.0424869471638332,0.0694640089212029,0.00224738903120608,0.00290943033405922,0.00163955095126432,0.000165757603619639,413,8
1,84.765046528,rejected,54.3938328379222,-2.41738127970423,2.03741744360521,2.28419246401066,-2.16512247126863,0.547394881538363,1.21841452305806,-0.0621859732606853,1.10603182597086,-2.69896790868751,-9.05202967761982,-0.29,0.52,0.4,2.25147473507268,3.52341310567509,-4.73638535229272,-11.3362221416305,1.87512247126863,-0.0273948815383629,-0.818414523058061,2.31366070833337,84.166016768,0.0433516007782173,0.0424869471638332,0.0694640089212029,0.00224738903120608,0.00290943033405922,0.00163955095126432,0.000165757603619639,413,9
1,84.967469312,rejected,32.1559697206862,-2.84798715796265,1.98828341367793,2.50522544940844,-1.7375319578956,0.0436290794259103,0.982983017840989,-0.0571219868656696,1.03950359981439,-2.73228851183079,-8.97728013457787,0.09,0.11,0.09,2.25845605208066,3.88749075777703,-4.72057192550873,-11.4825055839863,1.8275319578956,0.0663709205740897,-0.892983017840989,2.31557803894633,84.166016768,0.0433516007782173,0.0424869471638332,0.0694640089212029,0.00224738903120608,0.00290943033405922,0.00163955095126432,0.000165757603619639,413,10
1,85.06766592,rejected,55.2471885232995,-2.93708362869035,2.035629652396,2.64195672006983,-2.13664275553899,0.200835014088162,1.43519002921032,-0.0566839088762174,1.14761196713434,-2.6878610389515,-8.94028009676418,-0.08,0.12,0.42,2.25845605208066,4.08469559582469,-4.7234906913475,-11.582236816834,2.05664275553899,-0.0808350140881621,-1.01519002921032,2.31513996095688,84.166016768,0.0433516007782173,0.0424869471638332,0.0694640089212029,0.00224738903120608,0.00290943033405922,0.00163955095126432,0.000165757603619639,413,11
1,85.165902848,rejected,54.8278445560556,-3.17330256229356,2.00920360523708,2.77148331770096,-2.24533470081254,-0.274108517958866,1.12376106116178,-0.0570547551551464,1.11434785572497,-2.72118163624058,-8.90400371851891,-0.26,-0.28,0.17,2.25845605208066,4.28765041801853,-4.73038524147766,-11.6754870362199,1.98533470081254,-0.00589148204113356,-0.953761061161776,2.31551080723581,84.166016768,0.0433516007782173,0.0424869471638332,0.0694640089212029,0.00224738903120608,0.00290943033405922,0.00163955095126432,0.000165757603619639,413,12
1,85.266071552,rejected,46.8262757837288,-3.37202104742811,2.01264651998453,2.90498027603864,-1.99976619563363,0.479181292317116,1.38465363183726,-0.0553073606103682,1.10603182785814,-2.71007477316292,-8.86701398493683,-0.13,0.61,0.39,2.26020138133266,4.47805287528625,-4.72272129314745,-11.7719942609755,1.86976619563363,0.130818707682884,-0.994653631837255,2.31550874194302,84.166016768,0.0433516007782173,0.0424869471638332,0.0694640089212029,0.00224738903120608,0.00290943033405922,0.00163955095126432,0.000165757603619639,413,13
1,85.366305536,rejected,49.8931839469602,-3.59088214354146,1.99904341469641,3.03681670009595,-1.73704407403705,-0.148383556079815,0.86692788842002,-0.0563005212065644,1.08108373998509,-2.71007477684917,-8.83000014512483,0.34,0,0,2.25845605208066,4.67196588352655,-4.70911819154558,-11.8668168452208,2.07704407403705,0.148383556079815,-0.86692788842002,2.31475657328723,84.166016768,0.0433516007782173,0.0424869471638332,0.0694640089212029,0.00224738903120608,0.00290943033405922,0.00163955095126432,0.000165757603619639,413,14
1,85.468521216,rejected,84.783670864153,-3.83932814478278,1.96476974739118,3.14104575100066,-2.69712517549379,-0.272351997626257,1.04872199182016,-0.05566055805029,1.05613565719159,-2.7322885094628,-8.81061752053777,-0.52,-0.11,0.23,2.26020138133266,4.89546380197437,-4.69705825685398,-11.9516632715384,2.17712517549379,0.162351997626257,-0.818721991820157,2.31586193938295,84.166016768,0.0433516007782173,0.0424869471638332,0.0694640089212029,0.00224738903120608,0.00290943033405922,0.00163955095126432,0.000165757603619639,413,15
1,85.568708608,rejected,55.677150546316,-4.08423153428136,1.98257476377791,3.23969123762249,-2.33914057856414,0.530372208260175,0.837355376409536,-0.0554618468490364,1.03118756674336,-2.69896791981956,-8.79161957879335,-0.17,0.66,0.06,2.26020138133266,5.11541910102471,-4.68154268359747,-12.0313108164158,2.16914057856414,0.129627791739825,-0.777355376409536,2.31566322818169,84.166016768,0.0433516007782173,0.0424869471638332,0.0694640089212029,0.00224738903120608,0.00290943033405922,0.00163955095126432,0.000165757603619639,413,16
1,85.666907392,rejected,59.8659594221748,-4.32321508877367,1.99334115389832,3.33094895251682,-2.35877715079586,-0.171114944233699,1.01842919472136,-0.0558137779420158,1.00623947753722,-2.67675419543432,-8.77299872500564,-0.15,-0.06,0.32,2.25845605208066,5.32945456631089,-4.67009534933264,-12.1039476775225,2.20877715079586,0.111114944233699,-0.698429194721363,2.31426983002268,84.166016768,0.0433516007782173,0.0424869471638332,0.0694640089212029,0.00224738903120608,0.00290943033405922,0.00163955095126432,0.000165757603619639,413,17
1,85.76707072,rejected,56.4764472023907,-4.56718548423637,1.99039083268396,3.41932182768925,-2.41297606245502,-0.00598679762546717,0.808634999596781,-0.0549451719028187,0.981291388290111,-2.66564733551696,-8.75400534637501,-0.17,0.1,0.22,2.26020138133266,5.54847687252648,-4.65603816820093,-12.1733271740643,2.24297606245502,0.105986797625467,-0.588634999596781,2.31514655323548,84.166016768,0.0433516007782173,0.0424869471638332,0.0694640089212029,0.00224738903120608,0.00290943033405922,0.00163955095126432,0.000165757603619639,413,18
1,85.967467776,rejected,51.5927067530289,-5.05306425831906,1.98467801929782,3.51520865018838,-2.47805491017004,0.0743055103625861,0.444887853920847,-0.0585355574985682,0.964659326526828,-2.63232674413062,-8.71600523957873,-0.07,0.25,0.37,2.25671072282867,6.01772358484588,-4.61700476342844,-12.2312138897671,2.40805491017004,0.175694489637414,-0.0748878539208465,2.31524628032724,84.166016768,0.0433516007782173,0.0424869471638332,0.0694640089212029,0.00224738903120608,0.00290943033405922,0.00163955095126432,0.000165757603619639,413,19
1,86.067649024,rejected,70.781126049873,-5.31274546309313,1.95190365706241,3.53484247310631,-2.51486424815164,-0.392871331206106,0.448151305905372,-0.0596327136420807,0.948027271176176,-2.64343361182725,-8.69700846288464,-0.06,-0.17,0.52,2.25671072282867,6.26077273426931,-4.59533726888965,-12.231850935991,2.45486424815164,0.222871331206105,0.0718486940946278,2.31634343647075,84.166016768,0.0433516007782173,0.0424869471638332,0.0694640089212029,0.00224738903120608,0.00290943033405922,0.00163955095126432,0.000165757603619639,413,20
1,86.167851776,rejected,68.0493827469763,-5.5704493263639,1.93377559948917,3.54636293825923,-2.7140229180268,0.0498928650446872,0.49122583588299,-0.061337136114183,0.939711242747843,-2.64343361331155,-8.67800760851439,-0.21,0.23,0.63,2.25496539357667,6.51016056911175,-4.57720921280072,-12.2243705467736,2.5040229180268,0.180107134955313,0.13877416411701,2.31630252969086,84.166016768,0.0433516007782173,0.0424869471638332,0.0694640089212029,0.00224738903120608,0.00290943033405922,0.00163955095126432,0.000165757603619639,413,21
1,86.268049664,rejected,68.5124169384543,-5.81830406662685,1.92535261657129,3.55311691148121,-2.51259227175656,-0.101190595272635,0.646271548165065,-0.0660372145788757,0.939711241234527,-2.63232674746532,-8.65900767647567,-0.02,0.06,0.71,2.25147473507268,6.75801530786137,-4.55767936403661,-12.2121245879569,2.49259227175656,0.161190595272635,0.0637284518349353,2.31751194965156,84.166016768,0.0433516007782173,0.0424869471638332,0.0694640089212029,0.00224738903120608,0.00290943033405922,0.00163955095126432,0.000165757603619639,413,22
1,86.368288512,rejected,72.9454530555129,-6.07682035361112,1.91913693705196,3.5792266625912,-2.66158296966949,-0.086803950569897,0.814673215729252,-0.0680622214210032,0.939711239867772,-2.62121988497993,-8.64000000238016,-0.02,0.15,0.57,2.24972940582069,7.01653159347889,-4.54035682203189,-12.2192266649714,2.64158296966949,0.236803950569897,-0.244673215729252,2.31779162724169,84.166016768,0.0433516007782173,0.0424869471638332,0.0694640089212029,0.00224738903120608,0.00290943033405922,0.00163955095126432,0.000165757603619639,413,23
1,86.468475392,rejected,72.5419768128544,-6.34005678799198,1.90653840293894,3.60398225927829,-2.64367018158288,0.0113241162247434,0.77022325599579,-0.067640796010259,0.948027266790091,-2.61011301876761,-8.64200387900111,0.15,0.24,0.47,2.24972940582069,7.28808405478207,-4.51665142170655,-12.2459861382794,2.79367018158288,0.228675883775257,-0.30022325599579,2.31737020183095,84.166016768,0.0433516007782173,0.0424869471638332,0.0694640089212029,0.00224738903120608,0.00290943033405922,0.00163955095126432,0.000165757603619639,413,24
1,86.56862848,rejected,89.4180493407893,-6.62530821067618,1.89416548252122,3.62732050880612,-3.00055178487971,-0.0521129608173963,0.702113117418393,-0.0621580016068171,0.956343293844368,-2.5990061536797,-8.64400707973517,0.02,0.17,0.49,2.25496539357667,7.58165150452055,-4.49317163620092,-12.2713275885413,3.02055178487971,0.222112960817396,-0.212113117418393,2.31712339518349,84.166016768,0.0433516007782173,0.0424869471638332,0.0694640089212029,0.00224738903120608,0.00290943033405922,0.00163955095126432,0.000165757603619639,413,25
1,86.66886784,rejected,86.2024296835041,-6.940198557531,1.85250142149311,3.65637500620706,-2.97069111882511,0.133546436804099,0.579266683928896,-0.056350070404612,0.948027268039491,-2.62121988375442,-8.64601200602893,0.1,0.33,0.19,2.26020138133266,7.88822582557049,-4.47372130524753,-12.302387012236,3.07069111882511,0.196453563195901,-0.389266683928896,2.31655145173727,84.166016768,0.0433516007782173,0.0424869471638332,0.0694640089212029,0.00224738903120608,0.00290943033405922,0.00163955095126432,0.000165757603619639,413,26
1,86.767062272,rejected,95.7528279446362,-7.24496556300016,1.85531723575437,3.69597382582227,-3.11775311763457,-0.014486840581642,0.523490527517679,-0.0533197918615178,0.948027265027462,-2.59900615499309,-8.64797603092512,0,0.2,0.08,2.26369203983665,8.19299282802762,-4.45432339074746,-12.3439498567474,3.11775311763457,0.214486840581642,-0.443490527517679,2.31701183169816,84.166016768,0.0433516007782173,0.0424869471638332,0.0694640089212029,0.00224738903120608,0.00290943033405922,0.00163955095126432,0.000165757603619639,413,27
1,86.969499392,rejected,129.696561526749,-7.8852583184748,1.80651220052401,3.78618045590054,-3.16455344538177,0.0397493727050479,0.405299054665629,-0.0503546461628033,0.948027265027462,-2.59900615499309,-8.65202505423017,0.06,0.22,-0.08,2.26718269834063,8.83328558350227,-4.4055183555171,-12.4382055101307,3.22455344538177,0.180250627294952,-0.485299054665629,2.31753734450344,84.166016768,0.0433516007782173,0.0424869471638332,0.0694640089212029,0.00224738903120608,0.00290943033405922,0.00163955095126432,0.000165757603619639,413,28
1,87.069664512,rejected,168.228216474437,-8.21808086357405,1.78825983338862,3.83786387757091,-3.32830334175345,-0.169221024702456,0.588587387773514,-0.0498651224045408,0.939711236855743,-2.5990061562186,-8.65402849562091,-0.09,0.06,0.03,2.26718269834063,9.15779210042979,-4.38726598960722,-12.4918923731918,3.23830334175345,0.229221024702456,-0.558587387773514,2.31704782074518,84.166016768,0.0433516007782173,0.0424869471638332,0.0694640089212029,0.00224738903120608,0.00290943033405922,0.00163955095126432,0.000165757603619639,413,29
1,87.167843584,rejected,125.78259833665,-8.55631897545907,1.74734840987635,3.88658839218597,-3.31198317280707,-0.215946805552685,0.446076791999326,-0.0517416645845348,0.923079180679666,-2.62121988692308,-8.65599221329579,0,-0.05,-0.09,2.26543736908864,9.47939815613873,-4.36856829679943,-12.5425806054818,3.31198317280707,0.165946805552685,-0.536076791999326,2.31717903367317,84.166016768,0.0433516007782173,0.0424869471638332,0.0694640089212029,0.00224738903120608,0.00290943033405922,0.00163955095126432,0.000165757603619639,413,30
1,87.26804864,rejected,171.182506928314,-8.89144162135724,1.7236823191145,3.94831363044928,-3.26529638174504,-0.0341205832909771,0.627559526067152,-0.0519781074157692,0.92307918204642,-2.63232674940846,-8.65799645346196,0.08,0.06,-0.05,2.26543736908864,9.81452080340366,-4.35600906852296,-12.6063100839112,3.34529638174504,0.0941205832909771,-0.677559526067152,2.31741547650441,84.166016768,0.0433516007782173,0.0424869471638332,0.0694640089212029,0.00224738903120608,0.00290943033405922,0.00163955095126432,0.000165757603619639,413,31
1,87.368218624,rejected,176.574797421012,-9.22904775116232,1.69916867343109,4.01334033724152,-3.30447863708973,-0.19343664267904,0.525512588187082,-0.0542280938725099,0.923079183171164,-2.64343361508379,-8.65999999213946,0.08,0.01,-0.1,2.26369203983665,10.1521269343335,-4.34260228851488,-12.673340329381,3.38447863708973,0.20343664267904,-0.625512588187082,2.31792013370916,84.166016768,0.0433516007782173,0.0424869471638332,0.0694640089212029,0.00224738903120608,0.00290943033405922,0.00163955095126432,0.000165757603619639,413,32
1,87.47042816,rejected,192.766239803394,-9.5741472196236,1.66976365031374,4.07654656126042,-3.51431994357075,-0.338152031104168,0.641403290001431,-0.0557015314585927,0.931395215297691,-2.65454047711034,-8.6569399019182,0.01,-0.15,0.05,2.26369203983665,10.5055424349213,-4.32430412742408,-12.7334864631786,3.52431994357075,0.188152031104168,-0.591403290001431,2.31939357129524,84.166016768,0.0433516007782173,0.0424869471638332,0.0694640089212029,0.00224738903120608,0.00290943033405922,0.00163955095126432,0.000165757603619639,413,33
1,87.570667264,rejected,192.385677662617,-9.93956249906593,1.62001574694488,4.14543100271943,-3.35585515355567,-0.130712892116979,0.796015394271593,-0.0574684609597464,0.92307918918792,-2.68786107148823,-8.65393878596254,0.19,0.01,-0.05,2.26194671058465,10.8626416882539,-4.30787681843311,-12.799369788682,3.54585515355567,0.140712892116979,-0.846015394271593,2.3194151715444,84.166016768,0.0433516007782173,0.0424869471638332,0.0694640089212029,0.00224738903120608,0.00290943033405922,0.00163955095126432,0.000165757603619639,413,34
1,87.6708864,rejected,166.830349896403,-10.2834182930391,1.57836698945337,4.21420473364001,-3.53921642158898,-0.406634855056918,0.48935842194773,-0.0512652293051152,0.931395222813159,-2.71007479781928,-8.65093826784027,-0.01,-0.16,-0.05,2.2776546738526,11.2148135158523,-4.28844178727265,-12.8651430014803,3.52921642158898,0.246634855056918,-0.53935842194773,2.32891990315771,84.166016768,0.0433516007782173,0.0424869471638332,0.0694640089212029,0.00224738903120608,0.00290943033405922,0.00163955095126432,0.000165757603619639,413,35
1,87.767110144,rejected,202.853995934572,-10.6335544751053,1.56707801481774,4.2813391307109,-3.60135169283656,0.208769461555696,0.374358722237135,-0.0542567056406456,0.923079190686632,-2.69896793440333,-8.64805737004781,-0.05,0.33,-0.07,2.26892802759263,11.5566336657919,-4.26604594922107,-12.9293965007587,3.55135169283656,0.121230538444304,-0.444358722237135,2.32318473323327,84.166016768,0.0433516007782173,0.0424869471638332,0.0694640089212029,0.00224738903120608,0.00290943033405922,0.00163955095126432,0.000165757603619639,413,36
1,87.969463808,rejected,190.450220574677,-11.3382378799312,1.49658757518529,4.38693754207093,-3.41035830904614,-0.386524323474427,0.358164197751078,-0.0522122470947499,0.931395225825189,-2.73228852658061,-8.64199898778496,0.04,-0.07,-0.08,2.25845605208066,12.2696331057564,-4.2288761017659,-13.0289365298559,3.45035830904614,0.316524323474427,-0.438164197751078,2.31066829917541,84.166016768,0.0433516007782173,0.0424869471638332,0.0694640089212029,0.00224738903120608,0.00290943033405922,0.00163955095126432,0.000165757603619639,413,37
1,88.067678464,rejected,226.40924688378,-11.6762708945743,1.46712562784839,4.43273156856237,-3.62551276421578,-0.230798255450255,0.262492747292622,-0.0553416333564578,0.939711254128865,-2.73228852578481,-8.63905848293766,-0.02,0.05,-0.16,2.26020138133266,12.6159821487031,-4.19941415363321,-13.0717900515,3.60551276421578,0.280798255450255,-0.422492747292622,2.31554301468911,84.166016768,0.0433516007782173,0.0424869471638332,0.0694640089212029,0.00224738903120608,0.00290943033405922,0.00163955095126432,0.000165757603619639,413,38
1,88.167868672,rejected,215.983522330522,-12.0285406122238,1.43411849919855,4.47768511545313,-3.70447777300981,-0.409086600740032,0.251005999234215,-0.0557054427498525,0.948027282945772,-2.73228852447142,-8.63605883090734,-0.09,-0.09,-0.12,2.26194671058465,12.9765678951696,-4.16640702366997,-13.1137439463605,3.61447777300981,0.319086600740032,-0.371005999234215,2.3176521533345,84.166016768,0.0433516007782173,0.0424869471638332,0.0694640089212029,0.00224738903120608,0.00290943033405922,0.00163955095126432,0.000165757603619639,413,39
1,88.266036224,rejected,230.535963713414,-12.3737631815523,1.37148720841006,4.52034975792742,-3.49034382465022,-0.486444589867263,0.444664369143064,-0.0592272310310276,0.95634331627342,-2.76560911552915,-8.63311973633368,0.13,-0.16,-0.09,2.25671072282867,13.3301064978257,-4.13709632393921,-13.1534694942611,3.62034382465022,0.326444589867263,-0.534664369143064,2.3159379538597,84.166016768,0.0433516007782173,0.0424869471638332,0.0694640089212029,0.00224738903120608,0.00290943033405922,0.00163955095126432,0.000165757603619639,413,40
1,88.370237952,rejected,244.830488019161,-12.7399716171896,1.32965892313696,4.56954693035412,-3.69351185165507,-0.219042413852485,0.0657376928096701,-0.069362611674789,0.964659346207767,-2.77671597877286,-8.62999986119208,-0.05,0.05,-0.28,2.25147473507268,13.7046309633974,-4.10637490190982,-13.1995467915462,3.64351185165507,0.269042413852485,-0.34573769280967,2.32083734674747,84.166016768,0.0433516007782173,0.0424869471638332,0.0694640089212029,0.00224738903120608,0.00290943033405922,0.00163955095126432,0.000165757603619639,413,41
1,88.468424448,rejected,263.534680408241,-13.099840320496,1.31233396383304,4.62913514672828,-3.83651072303293,-0.313449910168292,0.386500898583202,-0.0704186560219218,0.964659344445138,-2.76560911430364,-8.60840071206202,-0.13,-0.02,0,2.24972940582069,14.0644996649411,-4.07794307813668,-13.2375358587903,3.70651072303293,0.293449910168292,-0.386500898583202,2.32014806184261,84.166016768,0.0433516007782173,0.0424869471638332,0.0694640089212029,0.00224738903120608,0.00290943033405922,0.00163955095126432,0.000165757603619639,413,42
1,88.56858624,rejected,245.34224103034,-13.4491428908382,1.2944625885974,4.69043709106444,-3.52795995926977,-0.171356871998906,0.307499002737033,-0.0754414230626423,0.989607429529104,-2.75450224787807,-8.58636703563322,0.24,0.12,-0.09,2.24449341806471,14.4387503203673,-4.04896483647547,-13.2768041266977,3.76795995926977,0.291356871998906,-0.397499002737033,2.31993484112735,84.166016768,0.0433516007782173,0.0424869471638332,0.0694640089212029,0.00224738903120608,0.00290943033405922,0.00163955095126432,0.000165757603619639,413,43
1,88.668810496,rejected,284.703200563174,-13.8049182449362,1.25412279640304,4.752246775606,-3.9589144830103,-0.41420743890349,0.427219611230146,-0.0804752240347799,1.01455551696531,-2.76560910737058,-8.56431961832043,-0.13,-0.12,0.03,2.23925743030872,14.8194737619015,-4.01973190377362,-13.3165663939264,3.8289144830103,0.29420743890349,-0.397219611230146,2.3197326543435,84.166016768,0.0433516007782173,0.0424869471638332,0.0694640089212029,0.00224738903120608,0.00290943033405922,0.00163955095126432,0.000165757603619639,413,44
1,88.767021568,rejected,282.127316763418,-14.1754251944101,1.20276749368286,4.81287485442332,-3.87650622601804,-0.298151183467814,0.329004755513252,-0.0855093781358085,1.02287154827371,-2.78782283421789,-8.54271506294092,0.01,0,-0.07,2.23402144255274,15.1982967426839,-3.99059032790075,-13.3555899173642,3.88650622601804,0.298151183467814,-0.399004755513252,2.31953082068855,84.166016768,0.0433516007782173,0.0424869471638332,0.0694640089212029,0.00224738903120608,0.00290943033405922,0.00163955095126432,0.000165757603619639,413,45
1,88.969520896,rejected,303.949170018152,-14.9416061330057,1.10819736550718,4.93893781281833,-4.04880093962742,-0.457147897547564,0.414760852545545,-0.27907533002114,1.05613567025156,-2.8211434226259,-8.49816908806257,-0.04,-0.15,0.01,2.04028989558137,15.9977418032573,-3.92934078813308,-13.4371069008809,4.00880093962742,0.307147897547564,-0.404760852545545,2.31936522560251,84.166016768,0.0433516007782173,0.0424869471638332,0.0694640089212029,0.00224738903120608,0.00290943033405922,0.00163955095126432,0.000165757603619639,413,46
1,89.069738752,rejected,318.768702442979,-15.3297258009817,1.05498712905086,5.00158930029685,-4.06832392493767,-0.311665245511826,0.436209028346223,-0.277098201850558,1.07276773101476,-2.84335714764842,-8.47612307862724,0,0,0.03,2.04203522483337,16.4024935319965,-3.89834427669928,-13.4777123789241,4.06832392493767,0.311665245511826,-0.406209028346223,2.31913342668392,84.166016768,0.0433516007782173,0.0424869471638332,0.0694640089212029,0.00224738903120608,0.00290943033405922,0.00163955095126432,0.000165757603619639,413,47
1,89.169932288,rejected,325.730272602581,-15.7320619156183,0.990190105314837,5.06441985233991,-4.06916842574333,-0.347171771496548,0.428751351569111,-0.275202959931416,1.08108376498759,-2.87667773931296,-8.45408241912624,0.06,-0.03,0.02,2.04378055408536,16.8131456806059,-3.8668678446278,-13.5185022714661,4.12916842574333,0.317171771496548,-0.408751351569111,2.31898351401678,84.166016768,0.0433516007782173,0.0424869471638332,0.0694640089212029,0.00224738903120608,0.00290943033405922,0.00163955095126432,0.000165757603619639,413,48
1,89.26813312,rejected,348.047009349227,-16.1320960193172,0.936572346322988,5.1263940406815,-4.26756918824767,-0.332000957922832,0.432661800102797,-0.276741801436794,1.08939979706584,-2.89889146538388,-8.43248011635067,-0.08,-0.01,0.02,2.04203522483337,17.2214958163831,-3.83546381170687,-13.5588741570322,4.18756918824767,0.322000957922832,-0.412661800102797,2.31877702627016,84.166016768,0.0433516007782173,0.0424869471638332,0.0694640089212029,0.00224738903120608,0.00290943033405922,0.00163955095126432,0.000165757603619639,413,49
1,89.37032448,rejected,355.382850534998,-16.5631947399791,0.859004485201038,5.19109109434967,-4.2601177326698,-0.326567107921107,0.473457520869937,-0.274874434862415,1.08939980372778,-2.94331892308984,-8.40999998333881,-0.01,0,0.06,2.04378055408536,17.6525945437069,-3.80232340829088,-13.6010910776885,4.2501177326698,0.326567107921107,-0.413457520869937,2.31865498894777,84.166016768,0.0433516007782173,0.0424869471638332,0.0694640089212029,0.00224738903120608,0.00290943033405922,0.00163955095126432,0.000165757603619639,413,50
1,89.470515968,rejected,374.095652288087,-16.983747993839,0.814924746410761,5.24667182288071,-4.41096583903339,-0.31176635963163,0.415952425851742,-0.274660806785916,1.09771583443198,-2.95442578625186,-8.39597217668788,-0.1,0.02,0,2.04378055408536,18.081463828271,-3.76935053266262,-13.6426439995686,4.31096583903339,0.33176635963163,-0.415952425851742,2.31844136087128,84.166016768,0.0433516007782173,0.0424869471638332,0.0694640089212029,0.00224738903120608,0.00290943033405922,0.00163955095126432,0.000165757603619639,413,51
1,89.570715392,rejected,359.272493519846,-17.4104810447392,0.781402732856867,5.30253483555291,-4.29253550215154,-0.157152531100235,0.518585686773748,-0.274571963581625,1.10603186531641,-2.95442578510451,-8.38194325891785,0.08,0.18,0.1,2.04378055408536,18.5165129100556,-3.73582851796138,-13.6844780944708,4.37253550215154,0.337152531100235,-0.418585686773748,2.31835251766698,84.166016768,0.0433516007782173,0.0424869471638332,0.0694640089212029,0.00224738903120608,0.00290943033405922,0.00163955095126432,0.000165757603619639,413,52
1,89.670929664,rejected,391.124837202436,-17.835067531771,0.725159756549082,5.35857403076364,-4.43345213583044,-0.372252900314638,0.389826637290927,-0.274429500359891,1.12266392466457,-2.97663951029661,-8.36791226227989,0,-0.03,-0.03,2.04378055408536,18.9577314564355,-3.70179926684569,-13.7264862930435,4.43345213583044,0.342252900314638,-0.419826637290927,2.31821005444525,84.166016768,0.0433516007782173,0.0424869471638332,0.0694640089212029,0.00224738903120608,0.00290943033405922,0.00163955095126432,0.000165757603619639,413,53
1,89.769128448,rejected,389.357904289704,-18.2567961698181,0.702435946752114,5.41365686222366,-4.32453108603912,-0.226804857814062,0.412178821575722,-0.275963001217344,1.1392959822147,-2.96553264319574,-8.3541634540447,0.17,0.12,-0.01,2.04203522483337,19.3960921520328,-3.66796858994785,-13.7678203162684,4.49453108603912,0.346804857814062,-0.422178821575722,2.31799822605071,84.166016768,0.0433516007782173,0.0424869471638332,0.0694640089212029,0.00224738903120608,0.00290943033405922,0.00163955095126432,0.000165757603619639,413,54
1,89.971481344,rejected,429.66953363627,-19.1621452885429,0.57570675889092,5.52826560293381,-4.60865753510539,-0.316505084095235,0.389201641517011,-0.275410690776283,1.15592804955616,-3.02106696214484,-8.32583203231408,0.01,0.04,-0.04,2.04203522483337,20.3180733380991,-3.59677372103576,-13.8540976352479,4.61865753510539,0.356505084095235,-0.429201641517011,2.31744591560965,84.166016768,0.0433516007782173,0.0424869471638332,0.0694640089212029,0.00224738903120608,0.00290943033405922,0.00163955095126432,0.000165757603619639,413,55
1,90.069712896,rejected,436.221167702525,-19.6021483586656,0.540457101456579,5.58428712368418,-4.57823772955406,-0.361281836609814,0.430919988585452,-0.275315938408317,1.17256010718998,-3.02106695951804,-8.31207863623239,0.1,0,0,2.04203522483337,20.7747084658556,-3.56152406097462,-13.8963657599166,4.67823772955405,0.361281836609814,-0.430919988585452,2.31735116324168,84.166016768,0.0433516007782173,0.0424869471638332,0.0694640089212029,0.00224738903120608,0.00290943033405922,0.00163955095126432,0.000165757603619639,413,56
1,90.169871872,rejected,421.529194823961,-20.0571843836683,0.492958077831961,5.64160652534304,-4.67056093882439,-0.185209038325413,0.523389348772297,-0.275108042665968,1.18919216709965,-3.03217381945347,-8.2980553815854,0.07,0.18,0.09,2.04203522483337,21.2463765507679,-3.52513189728543,-13.9396619069284,4.74056093882439,0.365209038325413,-0.433389348772298,2.31714326749933,84.166016768,0.0433516007782173,0.0424869471638332,0.0694640089212029,0.00224738903120608,0.00290943033405922,0.00163955095126432,0.000165757603619639,413,57
1,90.268047872,rejected,491.457093154765,-20.525558353819,0.445781446793954,5.69800592963853,-4.98103536431256,-0.449761042684881,0.585166035517671,-0.274988516300768,1.18919216898694,-3.04328068392888,-8.28430976333724,-0.18,-0.08,0.15,2.04203522483337,21.7147505228059,-3.48906213072283,-13.9823156929758,4.80103536431256,0.369761042684881,-0.435166035517671,2.31702374113413,84.166016768,0.0433516007782173,0.0424869471638332,0.0694640089212029,0.00224738903120608,0.00290943033405922,0.00163955095126432,0.000165757603619639,413,58
1,90.370252544,rejected,468.856193702522,-21.011159517726,0.363329027660189,5.75696536005982,-4.74435460881916,-0.274616371369283,0.438881099749538,-0.276838607939777,1.19750820497902,-3.08770813980385,-8.27000009086647,0.12,0.1,0,2.04028989558137,22.208667722705,-3.45103716746404,-14.0269654509263,4.86435460881916,0.374616371369283,-0.438881099749538,2.31712850352115,84.166016768,0.0433516007782173,0.0424869471638332,0.0694640089212029,0.00224738903120608,0.00290943033405922,0.00163955095126432,0.000165757603619639,413,59
