t,p_x,p_y,p_z,q_w,q_x,q_y,q_z,v_x,v_y,v_z,w_x,w_y,w_z,a_lin_x,a_lin_y,a_lin_z,a_rot_x,a_rot_y,a_rot_z,u_1,u_2,u_3,u_4,jerk_x,jerk_y,jerk_z,snap_x,snap_y,snap_z
0.0,0.0,28.799999999999997,1.5,1.0,0.0,0.0,0.0,0.0,0.0,0.0,9.149129685011399e-11,0.033494482049910575,-6.843136874387897e-07,0.0,0.0,0.0,3.938383054390672e-07,1.022975521194803e-11,-1.5600417000057964e-07,1.716235113412478,1.716235077412978,1.7162351658695971,1.7162351298671896,0.3284669876706325,0.0,0.0,0.0,0.0,0.0
0.07459455525477557,2.2722753883130114e-05,28.800000000036583,1.5,0.9999992196975976,-1.0969168828162896e-09,0.0012492414459786179,-7.518927719358285e-08,0.0009138491044155871,1.4602039768602262e-09,0.0,1.453221549101612e-07,0.033493579171258975,-5.173761523402817e-06,0.024501679684442643,1.967183554555274e-08,0.0,5.799606879581375e-06,-2.420728932568288e-05,-0.00014361127246635672,1.716258362789109,1.7162217982986665,1.7162557350432102,1.7162260174079156,0.3284601838828124,-1.4746324792799527e-06,0.0,-0.00018241943405410962,-5.905565780213328e-05,0.0
0.14918911050955114,0.00018178090144687554,28.800000000080484,1.5,0.9999968789597291,2.3421740307246966e-09,0.0024984135943458712,-5.591324067899728e-07,0.0036553585591553688,-1.5106275616929009e-09,0.0,3.5202940526322737e-09,0.033490870662383966,-2.3098616091902407e-05,0.049002344323915446,-7.333684205569457e-08,0.0,2.7765344382336255e-06,-4.8410861353617174e-05,-0.00032690963368899213,1.7162975495070603,1.7162152624927203,1.7162909864361364,1.716222392081098,0.3284397727631446,-4.014929002578154e-07,0.0,-0.0003648293302424773,-3.487561376703708e-05,0.0
0.2237836657643267,0.000613504188334997,28.799999999640914,1.5,0.999992978293393,1.0514097745987919e-08,0.0037474471592308023,-1.9231390698079153e-06,0.00822441479049887,-1.3705040703323993e-08,0.0,5.34909958394216e-07,0.033486356982604035,-5.128241546187789e-05,0.07350097893303746,-3.4757304275709113e-07,0.0,-5.923745967354462e-06,-7.260647292585911e-05,-0.0004373059127949478,1.716339459136862,1.7162282742857777,1.7163281104332682,1.7162374617861558,0.3284057557852296,-6.509185194930073e-06,0.0,-0.0005472149513979221,4.2599932803142904e-05,0.0
0.2983782210191023,0.0014542110644582683,28.79999999726518,1.5,0.9999875185405068,1.900793907360109e-08,0.004996272878954736,-4.52972300623985e-06,0.014620828517071246,-5.5281200362524544e-08,0.0,8.528331321116317e-07,0.03348003884967997,-9.090541126816266e-05,0.09799656865967814,-8.167233228653697e-07,0.0,2.488860207671447e-05,-9.67904864542469e-05,-0.0006282662391323119,1.716398601483032,1.716239928735423,1.716388002613738,1.716256706327917,0.3283581349541126,-1.1338512080456035e-05,0.0,-0.0007295705452155005,-0.0002755146932514579,0.0
0.3729727762738778,0.0028402030370237702,28.799999989800348,1.5,0.9999805008726295,5.5097519561284745e-08,0.006244821527257074,-8.866505124718823e-06,0.022844334761295097,-1.6193289673338465e-07,0.0,1.7079085833905975e-06,0.03347191728590012,-0.0001431129732874196,0.12248809882925182,-2.1667644224749916e-06,0.0,8.115231209173764e-06,-0.0001209589960632297,-0.0007499188624668074,1.7164638379200736,1.7162736735703523,1.7164472019905195,1.7162912499421954,0.32829691313422116,-2.257121519685041e-05,0.0,-0.0009118797761622849,-0.00012472931983383213,0.0
0.4475673315286534,0.00490775902457042,28.799999969879398,1.5,0.999971926784923,1.1474904489464798e-07,0.007493023925923034,-1.5312773290104786e-05,0.032894592865414754,-4.009907569140253e-07,0.0,3.2775990354563633e-06,0.03346199363560861,-0.00020465721042645414,0.14697455502123896,-4.501436752402667e-06,0.0,2.0668172290384297e-05,-0.00014510713337411373,-0.00091706054551999,1.7165429587619472,1.7163108082525658,1.7165243920430275,1.7163332838391083,0.32822209416315706,-4.2198148725542134e-05,0.0,-0.0010941320314500674,-0.0002698699600851263,0.0
0.522161886783429,0.007793129712402017,28.79999992421311,1.5,0.9999617980866901,2.1296084106475226e-07,0.008740810956254284,-2.4310810042092335e-05,0.04477118651241324,-8.709546474090203e-07,0.0,4.823070517821583e-06,0.03345026946007505,-0.0002799285412417578,0.17145492311154376,-8.345689622866407e-06,0.0,3.4524684317383524e-05,-0.0001692314939651947,-0.0010841383284973857,1.7166326886532997,1.7163585701287407,1.716612314199476,1.7163860611878212,0.32813368212297905,-6.325948478028955e-05,0.0,-0.0012763210185875605,-0.0004322775116215878,0.0
0.5967564420382045,0.01163253190967633,28.79999983116252,1.5,0.9999501168904671,3.5954150878454713e-07,0.009988113571262513,-3.630288776587067e-05,0.05847362374976453,-1.6960940592816055e-06,0.0,7.337730055639154e-06,0.03343674673887965,-0.0003645283263452597,0.19592818933296527,-1.4165928869137732e-05,0.0,4.879832884845937e-05,-0.00019332884120463234,-0.0012052890989546442,1.716727774838857,1.7164222907520044,1.716705611781877,1.7164548085923048,0.32803168235082,-9.57907588722343e-05,0.0,-0.0014584487689240514,-0.0005994209485482913,0.0
0.6713509972929801,0.016562142908445678,28.799999657862354,1.5,0.9999368856021816,5.832777828335314e-07,0.01123486280737018,-5.166787253357781e-05,0.07400133701767095,-3.058309926288691e-06,0.0,1.025480923611575e-05,0.03342142765497636,-0.00046170371074708016,0.22039334030245855,-2.2830084070110214e-05,0.0,3.7529751100061866e-05,-0.00021739476704081074,-0.0013966462304020792,1.71684344544197,1.7164903988725302,1.7168158271128056,1.7165242677297676,0.3279161004949884,-0.00013447763822967577,0.0,-0.0016404768443763994,-0.0005184271562505112,0.0
0.7459455525477556,0.022718094844912048,28.79999935608754,1.5,0.9999221068998697,8.865911805427911e-07,0.01248098979646429,-7.089315879202701e-05,0.09135368318070938,-5.18060442618035e-06,0.0,1.4473622099016051e-05,0.03340431473909559,-0.0005702807625645262,0.24484936309539296,-3.475245149685504e-05,0.0,5.819437293695055e-05,-0.00024142343756398287,-0.001506447265632377,1.716958105229107,1.716576322289766,1.716929499839651,1.7166159994256383,0.32778694187469537,-0.00018846127788333902,0.0,-0.0018224375969201668,-0.000757853230420918,0.0
0.8205401078025313,0.030236469063145054,28.799998859025365,1.5,0.9999057837283847,1.2926383694271577e-06,0.013726425779529013,-9.434072902713167e-05,0.1105299435615615,-8.345151503462264e-06,0.0,1.8653890437350284e-05,0.03338541087551242,-0.0006891139048735348,0.26929524528563714,-5.0767846426129046e-05,0.0,8.041037730067028e-05,-0.0002654138589444813,-0.0016889558254736304,1.7170916806432346,1.7166643882366286,1.7170622654285423,1.716710039761868,0.32764421546455824,-0.0002448261387759139,0.0,-0.002004330548141932,-0.001015547763789238,0.0
0.8951346630573068,0.039253290481551864,28.799998076961447,1.5,0.9998879192672421,1.83387973096555e-06,0.014971102113373118,-0.00012248090851843958,0.1315293239797253,-1.2887002236259553e-05,0.0,2.4601278440039445e-05,0.033364719248405734,-0.0008213180807046306,0.29372997485300034,-7.196069484550029e-05,0.0,7.525493912814329e-05,-0.000289368324510383,-0.0018325728165088568,1.7172333266826016,1.7167695052600045,1.7171991739586494,1.7168171925428735,0.3274879247886225,-0.000321384625504751,0.0,-0.0021860715408125024,-0.001075905241245623,0.0
0.9697292183120824,0.049904521961821484,28.799996891869522,1.5,0.9998685169218278,2.5225718613293773e-06,0.01621495028996281,-0.00015572178830194954,0.15435095478381383,-1.9223223394594925e-05,0.0,3.1533888114387e-05,0.03334224317169438,-0.0009624636374544373,0.31815254041658136,-9.904502694744707e-05,0.0,0.00010811655673811227,-0.0003132496005798905,-0.001974988928107628,1.7173827328343445,1.7168826702674573,1.7173491886234105,1.7169377178388787,0.3273180791689323,-0.00041135769943375657,0.0,-0.0023677454369943904,-0.0013766870556104346,0.0
1.044323773566858,0.06232605868106418,28.799995152218333,1.5,0.9998475802987247,3.3977004125171305e-06,0.01745790194473173,-0.00019447089581481832,0.17899389089812454,-2.7845466677825976e-05,0.0,3.87520995541015e-05,0.03331798636891495,-0.0011170130621603828,0.3425619310674751,-0.0001332987434416757,0.0,0.0001127525921750834,-0.0003370962307307768,-0.0021578083109214277,1.717549372261165,1.7170037500126387,1.7175123881754741,1.7170620988958976,0.32713468539476204,-0.0005075132294825545,0.0,-0.002549323677422982,-0.001471621017676176,0.0
1.1189183288216336,0.07665372250684382,28.799992667072637,1.5,0.9998251131675652,4.476133126556758e-06,0.018699888865240016,-0.0002391983639951074,0.2054571118584165,-3.9311309343990016e-05,0.0,4.80834285819051e-05,0.03329195346332346,-0.0012817374919522006,0.3669571364288226,-0.00017562827686075654,0.0,0.00011950031180885356,-0.0003608844870274097,-0.0022677849906750647,1.7177179969092942,1.7171436338537063,1.7176778340799566,1.717205527139863,0.32693775012411647,-0.0006282985461726786,0.0,-0.002730796404001953,-0.001590257286692149,0.0
1.193512884076409,0.09302325637513952,28.799989200477366,1.5,0.9998011194695262,5.786581650868768e-06,0.019940843008755246,-0.0002902655643061936,0.23373952185296312,-5.4273890245945125e-05,0.0,5.81389857781409e-05,0.03326414838286946,-0.0014578511174827612,0.39133714669271474,-0.00022717542683880815,0.0,0.00015847725469990528,-0.00038459892642945213,-0.002457072688763839,1.7179040066637226,1.7172826113742137,1.7178651821047048,1.7173525438455681,0.3267272808627431,-0.0007603126719935022,0.0,-0.0029122156838165096,-0.0020323934907628305,0.0
1.2681074393311846,0.11157031867128346,28.799984464679905,1.5,0.9997756032363885,7.376058618997981e-06,0.021180696514657798,-0.0003481581010267835,0.26383994976022623,-7.347552023041202e-05,0.0,6.989599855555722e-05,0.033234576362014275,-0.001646459335820711,0.41570095248435224,-0.0002895276957728543,0.0,0.00017551590119613004,-0.00040825327957371826,-0.0025776311538596463,1.7180941231603448,1.717441565744191,1.7180534869108322,1.717516368409835,0.326503283862573,-0.0009134595884481578,0.0,-0.0030935117543645437,-0.002262841276551642,0.0
1.3427019945859602,0.13243047761357513,28.799978112237827,1.5,0.9997485686206565,9.267223503542999e-06,0.022419381709326662,-0.00041325396370011334,0.2957571491855245,-9.77668926960103e-05,0.0,8.243565724898049e-05,0.03320324190076445,-0.0018443654552138334,0.44004754497949505,-0.0003637942191693489,0.0,0.00018452904850186556,-0.00043184540786041876,-0.002744136908275053,1.718300554567239,1.7176062415424538,1.7182569397641587,1.7176847280620622,0.3262657656230341,-0.0010789560771617835,0.0,-0.0032747328274850035,-0.002412278336361556,0.0
1.4172965498407357,0.1557392056397302,28.799969729292954,1.5,0.9997200198151573,1.1500093574132799e-05,0.023656831126205567,-0.00048599341087411624,0.3294897984968641,-0.00012808350879964502,0.0,9.744999562530268e-05,0.03317015173969398,-0.002055849178750851,0.4643759157495596,-0.00045149005036818974,0.0,0.00019453957359737883,-0.0004553627209575836,-0.002910532172493478,1.7185173231094173,1.717781292157987,1.7184708215565028,1.7178635299667968,0.3260147308559071,-0.0012736964508452647,0.0,-0.003455892495447329,-0.002575826964171864,0.0
1.4918911050955113,0.1816318737956356,28.799958827281056,1.5,0.9996899610330872,1.4110376669135885e-05,0.02489297751277638,-0.0005668166463073023,0.3650365008529237,-0.00016549179252964993,0.0,0.00011352092886214643,0.03313531057158121,-0.0022766084912994836,0.48868505675012347,-0.0005540879571364264,0.0,0.00024153840781274664,-0.0004787657223259412,-0.003029449603116609,1.7187363694775688,1.7179695945745659,1.7186921887386108,1.7180607561324972,0.3257501846771119,-0.0014840323490426244,0.0,-0.0036370277756832387,-0.0031132865877339442,0.0
1.566485660350287,0.2102437461261216,28.799944834241582,1.5,0.9996583965119319,1.7151803401859283e-05,0.026127753850007054,-0.0006561004208287449,0.4023957842280284,-0.00021116782553498838,0.0,0.00013115530933551013,0.03309872501165134,-0.0025098356097563237,0.5129739601969551,-0.0006734241876206267,0.0,0.00024069612535036183,-0.0005021303207332111,-0.0032199556203161062,1.7189774051036206,1.7181633730238957,1.7189287310723596,1.718256629788876,0.3254721313220961,-0.0017151780064188638,0.0,-0.0038180496275646908,-0.0031776417475536385,0.0
1.6410802156050626,0.2417099740674503,28.79992708573976,1.5,0.9996253303769691,2.0646637446424484e-05,0.02736109334597671,-0.0007543297452483236,0.4415661014349225,-0.0002664057764967296,0.0,0.0001508840234704203,0.03306040196254207,-0.0027543513493769253,0.5372416186000137,-0.000810811358965095,0.0,0.0002748249963991996,-0.0005253676407500056,-0.0033282261002870336,1.719216776198567,1.718374484590279,1.7191685250675486,1.7184747123218722,0.325180569400382,-0.001972650627748058,0.0,-0.003999122594442798,-0.00359280467498072,0.0
1.715674770859838,0.27616559084107717,28.79990481632072,1.5,0.9995907667470939,2.4653495978387927e-05,0.02859292948008406,-0.0008618642057303558,0.48254583013297436,-0.00033263014353148796,0.0,0.00017230704922112833,0.033020348745783315,-0.0030089996419687703,0.5614870246262417,-0.0009682517202650688,0.0,0.0003004372182605233,-0.0005485255594311157,-0.0035091819151593386,1.7194753922064305,1.7185880810897014,1.719426329165877,1.7186940178602388,0.32487550885037153,-0.002252743096879156,0.0,-0.004180241037599527,-0.003926279988587251,0.0
1.7902693261146136,0.31374550584835986,28.799877149085656,1.5,0.9995547095340379,2.9215028713890573e-05,0.029823195976345505,-0.000979171365915246,0.5253332728437036,-0.0004114014337224021,0.0,0.00019565939337874987,0.032978572041568295,-0.0032769050827508857,0.5857091706960007,-0.001147531382900005,0.0,0.00032488559881331015,-0.0005715893948115618,-0.003650776213710508,1.7197397671753507,1.7188165360827214,1.7196896855895931,1.718927943045139,0.32455693666440083,-0.0025582203024165496,0.0,-0.004361225369079761,-0.004267766659232344,0.0
1.8648638813693892,0.35458449906454537,28.799843085693162,1.5,0.9995171625233085,3.437633692609241e-05,0.031051826851237925,-0.0011066565964901564,0.5699266569288267,-0.0005044150623827553,0.0,0.00022145725062411995,0.03293508034928686,-0.0035536126596465555,0.6099070494827882,-0.001350491058844967,0.0,0.00037023922476465477,-0.0005944851012540241,-0.0037909484326929224,1.7200126569542913,1.7190538611061557,1.7199645033471316,1.7191736306878846,0.32422485418775154,-0.002893903143214266,0.0,-0.0045425103429302385,-0.004788149077698626,0.0
1.9394584366241647,0.3988172154324084,28.799801495505115,1.5,0.999478129290567,4.020247512966593e-05,0.0322787564032383,-0.0012447243269218047,0.6163241345748308,-0.0006135305516829739,0.0,0.00024815706672657656,0.03288988040811138,-0.0038436195833447023,0.6340796528532404,-0.001579401065898775,0.0,0.000384039590905335,-0.0006173291773668456,-0.003972237346503965,1.7203026509053438,1.719298812109676,1.7202519157175322,1.7194224141994428,0.32387927034018865,-0.0032453685674152257,0.0,-0.004723545816873436,-0.005015106889483038,0.0
2.0140529918789403,0.4465781592539508,28.79975110410341,1.5,0.9994376130694569,4.6731521623007975e-05,0.03350391923689854,-0.0013938414396487326,0.6645237827962701,-0.0007407349107757764,0.0,0.00027842412343481244,0.03284298437311351,-0.0041436091809964656,0.6582259728459727,-0.0018360810666670896,0.0,0.00039006529058544453,-0.0006400892152533913,-0.0040817929101259155,1.720594986605735,1.7195626752658841,1.720540545219276,1.7196889521390823,0.3235201530734865,-0.0036389296891441002,0.0,-0.004904772309098253,-0.005167126176187524,0.0
2.088647547133716,0.49800168858103283,28.799690482554567,1.5,0.9993956169192815,5.400459724913682e-05,0.03472725023924963,-0.0015543670264431964,0.7145236033622888,-0.0008881842976490991,0.0,0.0003098699858753396,0.03279439698761451,-0.00445488828243847,0.6823450005616707,-0.0021223807384701857,0.0,0.0004734466599066654,-0.0006625355355567608,-0.004265922895015291,1.7209004625406414,1.7198225173448147,1.7208532555525087,1.7199623132583421,0.3231475120258983,-0.004051322220574793,0.0,-0.005086445423048599,-0.00609154036025444,0.0
2.1632421023884914,0.5532220096009435,28.799618035933392,1.5,0.9993521433585142,6.211485712896497e-05,0.03594868469774003,-0.0017267816859201925,0.7663215227569712,-0.0010581911227388694,0.0,0.00034399314082958086,0.03274413081595129,-0.004778485927394682,0.7064357259925981,-0.002441291462519581,0.0,0.0004576575073444322,-0.000685132591266342,-0.004387924956457102,1.7212157696755173,1.7201065116920695,1.7211617044768865,1.7202457663265984,0.32276132511243943,-0.004497565709588001,0.0,-0.005268064402221464,-0.006030928069683157,0.0
2.237836657643267,0.6123731710170648,28.799531989325068,1.5,0.9993071946512508,7.109474851435078e-05,0.037168158157540855,-0.0019114609490706665,0.8199153920939932,-0.0012532482579248425,0.0,0.0003813210961744354,0.032692198781895755,-0.005111148251594256,0.730497138525397,-0.0027945800377443563,0.0,0.0005070692996637466,-0.0007073725167981527,-0.0045503592978655884,1.7215410209459256,1.7203911760789767,1.7214893386664198,1.7205390177035982,0.322361584209033,-0.0049830740102136005,0.0,-0.005449865580945547,-0.006627035665065269,0.0
2.3124312128980424,0.6755890584249801,28.799430375601663,1.5,0.9992607724895249,8.101015689813419e-05,0.03838560655476676,-0.0021088410122530846,0.8753029870558217,-0.0014760290325452415,0.0,0.00041967044928784,0.03263860154344523,-0.005457347935093892,0.7545282259627564,-0.003184750788219152,0.0,0.0005576165507044887,-0.0007294640210514259,-0.004712527629062064,1.7218760200262035,1.7206856757546851,1.7218268510185508,1.7208421825382079,0.3219482565533679,-0.005486625189197445,0.0,-0.005631986412196976,-0.007238355274362392,0.0
2.387025768152818,0.7430033886803813,28.799311022438875,1.5,0.9992128780219334,9.192456027936748e-05,0.03960096619997507,-0.0023193578914529494,0.9324820077573643,-0.0017293616854697391,0.0,0.0004614133547444164,0.032583360209041644,-0.005812578866835563,0.7785279748347108,-0.003614301023158531,0.0,0.000558991609388639,-0.0007516822534930014,-0.0048331609079920144,1.722219512736582,1.7209982432802196,1.7221658571921052,1.7211564369986392,0.32152133064453287,-0.0060318110655081855,0.0,-0.005815079571900116,-0.0073570845334154904,0.0
2.461620323407594,0.814749704258083,28.79917153889274,1.5,0.9991635119557131,0.00010389022686943475,0.040814173676011894,-0.0025433855961911485,0.9914500786101292,-0.0020162735952238844,0.0,0.000505899291412287,0.032526484329875795,-0.006180065965971292,0.8024953686084608,-0.0040854980581648565,0.0,0.0006230326023915951,-0.0007733103583444037,-0.005017276966258576,1.7225756055490722,1.7213088519559547,1.7225263672878997,1.721477454588911,0.3210807858366045,-0.006612443007099899,0.0,-0.005997098411009323,-0.008105628761430504,0.0
2.5362148786623693,0.8909613675993924,28.799009301416387,1.5,0.9991126740858433,0.00011699276949184692,0.04202516617033292,-0.0027814028984278704,1.0522047482236574,-0.0023399871580631676,0.0,0.0005527931911821397,0.03246798154776808,-0.006558693455729822,0.8264293909530789,-0.0046013855465268936,0.0,0.0006484547591444718,-0.0007950892421260112,-0.005124869649628419,1.7229352945269296,1.721640702438579,1.7228849546872627,1.7218142223219521,0.3206265668641367,-0.0072255037858438035,0.0,-0.006180780075338796,-0.008472910159290203,0.0
2.610809433917145,0.9717715554521502,28.7988214384011,1.5,0.9990603638188057,0.00013128427815361834,0.04323388103980085,-0.0030337667857655414,1.1147434891837482,-0.0027039200308912954,0.0,0.000602347349595771,0.032407866983366784,-0.006947272325462591,0.8503290206813253,-0.0051642883318223694,0.0,0.0006899976596787974,-0.0008165980191611476,-0.005302517584291051,1.723311526357299,1.721972975855735,1.723262373672725,1.722153608366168,0.32015865682698225,-0.007873672456792585,0.0,-0.006364789918203332,-0.00900334532457133,0.0
2.6854039891719204,1.0573132531908644,28.798604816297242,1.5,0.9990065794918236,0.00014684046519114946,0.044440256179003344,-0.003300939361621597,1.1790636978520654,-0.0031116855434364142,0.0,0.0006550900494530322,0.03234615732462506,-0.007348855156920561,0.8741932346270008,-0.005777119836260023,0.0,0.0007161475248353104,-0.0008381340855341438,-0.005442461364933279,1.7236940586636893,1.7223202568072458,1.7236438711059903,1.7225057677170934,0.3196770098743017,-0.00856208265411498,0.0,-0.0065491459419113425,-0.009469052134469627,0.0
2.759998544426696,1.1477192491228398,28.798356024023587,1.5,0.9989513187738928,0.00016372493666187897,0.04564422985415617,-0.0035833217922260066,1.245162694139546,-0.0035671068474442,0.0,0.0007110693425282201,0.03228286413268258,-0.007759057681787239,0.8980210064312494,-0.006442542560920601,0.0,0.0007834495999545626,-0.0008589146956934508,-0.00557850933232979,1.724082662596748,1.722674625662018,1.7240373466018961,1.722870686921718,0.3191815894188462,-0.009292422316797767,0.0,-0.006733844200411324,-0.010176927770673085,0.0
2.8345930996814714,1.2431221287779453,28.798071357133033,1.5,0.9988945784376491,0.00018202812789163097,0.04684574088237326,-0.0038813135423132698,1.3130377213119455,-0.004074236820487252,0.0,0.0007687153093472045,0.0322179889721874,-0.008182369458827988,0.921811306633637,-0.007163781229080404,0.0,0.0008068371291034802,-0.0008800369292564806,-0.005757194638373646,1.7244887432657943,1.7230365933996292,1.7244419993531075,1.7232369824631135,0.31867230383811845,-0.010048453463730816,0.0,-0.006920098180660307,-0.010536454863969737,0.0
2.909187654936247,1.3436542691778313,28.79774680136601,1.5,0.9988363540480736,0.0002017995595287167,0.04804472836723293,-0.004195376622922942,1.382685945595406,-0.004637316825334085,0.0,0.0008307342367328082,0.03215157323640717,-0.008615426521516579,0.9455631010749921,-0.007943350319523337,0.0,0.0008474189801407536,-0.0009009507564923978,-0.005862802452094209,1.7248945106358318,1.7234151547169383,1.7248487786230897,1.723622225717953,0.3181491746146848,-0.010857420463372947,0.0,-0.007108360092561206,-0.011069348680837598,0.0
2.9837822101910225,1.449447833080231,28.79737801747608,1.5,0.9987766405450145,0.00022313258812540487,0.04924113182198858,-0.004525864597245089,1.454104455907555,-0.005260830087129126,0.0,0.0008955080708711031,0.03208360852985713,-0.009059510611708899,0.9692753476916665,-0.00878456293912447,0.0,0.0008889753360235971,-0.0009211166978887002,-0.006047065719331565,1.7253185140431324,1.7237939190983713,1.7252740101156878,1.7240076516515397,0.3176120290421927,-0.011703565577670268,0.0,-0.0072921105442324795,-0.01161489040370772,0.0
3.0583767654457983,1.560634763191447,28.79696032325277,1.5,0.9987154312116681,0.00024609800732033324,0.050434891653247264,-0.0048732534705322374,1.527290263469528,-0.0059494853909684625,0.0,0.0009635948362254668,0.032014123409678866,-0.009515678530268364,0.9929470085787404,-0.009690440755182966,0.0,0.0009428973849287188,-0.0009416697319742471,-0.00616191797702179,1.7257428734517402,1.7241890168985115,1.725701261745715,1.7244111561557156,0.31706087926898563,-0.012592647335433993,0.0,-0.007484070179889205,-0.012288634092629496,0.0
3.132971320700574,1.6773467763712462,28.79648867651658,1.5,0.9986527186233138,0.00027077703517787866,0.05162594825206431,-0.005237913051667674,1.6022403015252462,-0.00670822719594136,0.0,0.0010344352105147105,0.03194313120123218,-0.009980812889341877,1.0165770305221908,-0.010664144654364755,0.0,0.000977774080338121,-0.0009617417283743055,-0.006323118454504604,1.7261830251307155,1.7245892932347433,1.7261416648203523,1.7248170343527203,0.31649567810641066,-0.013519336442039115,0.0,-0.007672532844525229,-0.012771073316726876,0.0
3.2075658759553494,1.79971535778941,28.79595765781948,1.5,0.9985884937871158,0.0002972501635459105,0.052814242774688845,-0.005620273877307514,1.6789514248615285,-0.00754222668643639,0.0,0.0011094865475106221,0.031870648072470864,-0.010459010180252243,1.0401643591689675,-0.011708916394039318,0.0,0.0010134184337498512,-0.0009815977379282568,-0.0064840550595025,1.7266321413227452,1.7249986431129938,1.726591141771707,1.725231999184778,0.31591618623252044,-0.014498228316664417,0.0,-0.007862349335698836,-0.013264596130257275,0.0
3.282160431210125,1.9278717550511908,28.795361452165135,1.5,0.9985227463326113,0.00032560584587561757,0.05399971683097047,-0.0060207656811975,1.757420409091304,-0.00845692073923229,0.0,0.001187332490688678,0.031796693691500504,-0.010946145188524204,1.0637079315798026,-0.0128281910856431,0.0,0.0010448641843352128,-0.0010013275364878502,-0.006600755885468634,1.7270854213586324,1.725422398915111,1.727044194506951,1.7256607142341154,0.3153224835930014,-0.015515573896103012,0.0,-0.008053843909275596,-0.013722029391748079,0.0
3.3567549864649004,2.06194697228544,28.79469383033527,1.5,0.9984554648193715,0.0003559060968844827,0.05518231256643244,-0.006439757992622338,1.8376439505757909,-0.009457970228789072,0.0,0.0012692308524573153,0.03172128838169283,-0.011445209767711387,1.0872066819152735,-0.014024854506396888,0.0,0.0011348561517345898,-0.0010204316490835287,-0.0067784107481893095,1.727550458118635,1.7258439530300536,1.7275173505753645,1.7260953583955643,0.31471435071870496,-0.016583960197493114,0.0,-0.008250244922890334,-0.014764492832245908,0.0
3.431349541719676,2.2020717642048178,28.793948131437272,1.5,0.9983866356456933,0.0003882659342590177,0.05636197262845803,-0.006877721647965825,1.9196186654903582,-0.010551306204932992,0.0,0.0013538995870415104,0.031644442320984255,-0.0119552144214687,1.1106595282836669,-0.015302980417481843,0.0,0.001164377563483582,-0.001039652449796683,-0.006884211210384765,1.72802031555597,1.7262869114397268,1.7279867414444103,1.7265428173097195,0.31409175432274045,-0.01769097549564998,0.0,-0.008444209083555771,-0.015206093224467756,0.0
3.5059440969744515,2.348376630099418,28.79311724217627,1.5,0.9983162443810694,0.00042276078537413123,0.057538640319190384,-0.007335008412679916,2.00334108938425,-0.01174311342664848,0.0,0.0014430725898457702,0.03156619620225233,-0.012474806921238547,1.1340653889700931,-0.01666576782718777,0.0,0.0012050952746889979,-0.0010586218593377312,-0.007059000939043449,1.7285060664941327,1.7267299004129546,1.7284736376246042,1.7269918032723903,0.31345456238488023,-0.01885389535556569,0.0,-0.008641301940171132,-0.015761961279283716,0.0
3.5805386522292273,2.500991807807257,28.792193578023685,1.5,0.9982442742109304,0.0004594712108805871,0.058712259311988674,-0.0078120738463554225,2.088807676571128,-0.01303984508992183,0.0,0.0015353496253022708,0.031486547785697816,-0.013007192025169048,1.1574231676100013,-0.018116665988800077,0.0,0.001255690220253194,-0.0010772548534049983,-0.007194184356423942,1.7289951942238408,1.7271854752590856,1.7289653337240487,1.7274546599089287,0.3128025987907412,-0.02005846891815715,0.0,-0.008839332165939956,-0.01650506856631832,0.0
3.655133207484003,2.660047267620279,28.791169063903293,1.5,0.9981707069461386,0.0004984924568339994,0.059882774079957936,-0.008309312149942533,2.1760147993362127,-0.014448204468092557,0.0,0.001631881444377428,0.031405526851587706,-0.013547922566838332,1.1807317615838855,-0.01965937943596737,0.0,0.0013308550909989366,-0.0010951930329088746,-0.007326143810427125,1.7294907392103307,1.727648333583337,1.7294670215783123,1.7279281300620446,0.3121357092020726,-0.021318186052659022,0.0,-0.009042232590246745,-0.017323347430330472,0.0
3.7297277627387784,2.825672706136001,28.79003511361936,1.5,0.9980955225785862,0.000539928363479562,0.06105012943578992,-0.008827116279646986,2.264958746953269,-0.015975195651214243,0.0,0.0017311689519603102,0.03132315915751154,-0.01410144637514993,1.2039900514623363,-0.02129781307254009,0.0,0.0013681054552732318,-0.0011131298523121048,-0.007500563925181104,1.7300023669888076,1.7281174996642794,1.729979412286025,1.728402480875867,0.311453978631294,-0.02261647024911626,0.0,-0.009242249278142598,-0.017852457937992235,0.0
3.804322317993554,2.9979975400471592,28.788782608874932,1.5,0.9980186986005416,0.0005838544068152198,0.062214271040128936,-0.009365940244227504,2.3556357254674394,-0.017628072937321417,0.0,0.001835589019876401,0.03123946629845057,-0.014664408310212772,1.227196915075173,-0.02303541949295758,0.0,0.0014079011933293504,-0.0011306973303550209,-0.0076043749870469855,1.730514049648428,1.728603095887833,1.7304922726547183,1.728893514882843,0.3107568587103076,-0.023977662171436886,0.0,-0.009444038702321536,-0.018408437754499615,0.0
3.8789168732483295,3.1771508998878035,28.787401879433563,1.5,0.997940211393146,0.000630365471176688,0.0633751451349257,-0.009926132333548311,2.448041856278961,-0.01941438488522422,0.0,0.0019432374375048262,0.03115447242200669,-0.015238147609334531,1.2503512170797382,-0.02487593879452272,0.0,0.0014891121310786272,-0.0011480970854543789,-0.007780262762709944,1.7310394353645666,1.7290858123404407,1.731024711977999,1.7293874444962718,0.31004453358024314,-0.025383087276187415,0.0,-0.00965741765237922,-0.019380696775946546,0.0
3.953511428503105,3.3632616237008652,28.785882681779672,1.5,0.9978600340925049,0.0006795739064612741,0.06453269827064352,-0.010508158455259603,2.5421731754793324,-0.021341961577695096,0.0,0.0020553248695194893,0.031068203271998676,-0.01582359776252693,1.2734517968635901,-0.02682363294454945,0.0,0.0015389083948696783,-0.0011647674907428198,-0.007893080707207218,1.7315679540088076,1.7295863502423892,1.7315559406586567,1.7298945840986852,0.3093166176040898,-0.026844923147617748,0.0,-0.009863270678652464,-0.020044054866656544,0.0
4.0281059837578805,3.556458250609646,28.78421417664552,1.5,0.9977781385776187,0.0007315631481999621,0.06568687802672925,-0.011112382599800272,2.6380256325502796,-0.02341893572793362,0.0,0.002170761929254017,0.030980669623545502,-0.016417776734024267,1.2964974961455864,-0.028882098822079347,0.0,0.001582119540714933,-0.0011816089148198373,-0.008050310456557085,1.7321102223615246,1.7300903938024434,1.7320999715750518,1.730404272231119,0.30857301435782525,-0.028352533878662642,0.0,-0.010075045784356161,-0.02063835502665962,0.0
4.102700539012656,3.7568690143495083,28.78238490822089,1.5,0.9976944938039634,0.0007864353786948097,0.06683763242857496,-0.011739226720332922,2.7355950897386667,-0.025653711726036282,0.0,0.002291374102635344,0.030891930476975013,-0.01702460548801098,1.319487133117413,-0.031055407772263434,0.0,0.0016259282920955294,-0.001198100398731787,-0.008207205772325425,1.7326604497420162,1.7306025590062448,1.732652093819384,1.7309220434294796,0.30781346276506993,-0.029924159485978163,0.0,-0.010289588801587046,-0.021241378516973636,0.0
4.177295094267432,3.964621836702065,28.780382781735803,1.5,0.997609066240866,0.0008442839430894579,0.06798491026230569,-0.012389112771992809,2.8348773206715197,-0.028055014121313056,0.0,0.0024156371279765837,0.03080198257705397,-0.017640088982474923,1.3424195145151419,-0.03334748967966922,0.0,0.001721146129040835,-0.001213357279659909,-0.008313159786326178,1.733209045347081,1.7311250554803066,1.733210042535913,1.7314571894243962,0.3070377932539669,-0.031544882589018546,0.0,-0.010510495239390351,-0.022364530065693645,0.0
4.251889649522208,4.179844320841036,28.778195040792983,1.5,0.9975218205648363,0.0009052365271541034,0.06912866088423869,-0.013062399787034593,2.935868009048335,-0.03063186856019593,0.0,0.0025438191739058104,0.030710860009393173,-0.01826725148112948,1.3652934224859172,-0.03576289912339046,0.0,0.001733156889506399,-0.0012295129043668619,-0.008496485644009578,1.7337803997146721,1.7316523645261828,1.733778859574839,1.7319854398507215,0.3062458087298805,-0.03321748547527591,0.0,-0.010726460002746144,-0.022655082556496394,0.0
4.326484204776983,4.402663744581527,28.77580824400633,1.5,0.9974327175138988,0.0009693557360247497,0.0702688344012583,-0.013759552833744719,3.0385627477326445,-0.03339359673974775,0.0,0.002676984570620219,0.030618604388412483,-0.018904831033594582,1.3881076357407873,-0.03830507932804018,0.0,0.0018103956772643113,-0.001244317896833167,-0.008593775803448707,1.7343449078184328,1.7321929127059728,1.734350260076403,1.7325358971257456,0.30543713051844495,-0.034952692045623596,0.0,-0.01095273752768009,-0.023600805223836892,0.0
4.4010787600317585,4.633207053555847,28.773208243536697,1.5,0.9973417166233634,0.0010367711671562436,0.07140538164001232,-0.014480913685059575,3.1429570371241478,-0.03634983568295612,0.0,0.002814083979486628,0.030525236126975764,-0.019551833024349593,1.4108609029550891,-0.04097865815615467,0.0,0.0018717991018101223,-0.0012590688826493782,-0.00876189769623807,1.7349264012486212,1.7327341467019588,1.7349364317562375,1.7330847335200341,0.3046117047562286,-0.036740219813365525,0.0,-0.01118166053220877,-0.02438914706636119,0.0
4.475673315286534,4.871600854263904,28.770380160664953,1.5,0.9972487731977897,0.001107581939594766,0.07253825403632883,-0.015226927435026018,3.249046283910678,-0.03951053873204036,0.0,0.0029557592545955487,0.03043078348228633,-0.020211140095374343,1.4335519553300011,-0.043787834085700174,0.0,0.0019333316993439197,-0.0012731551958282414,-0.008892225166727677,1.7355110864995904,1.733287431611348,1.7355259180558134,1.733645469020964,0.3037690734355933,-0.0385869450721839,0.0,-0.011411771229689298,-0.025135356607459997,0.0
4.55026787054131,5.11797140701701,28.767308362181083,1.5,0.9971538403773018,0.0011818942739586541,0.07366740393803758,-0.01599797936471252,3.356825799366132,-0.042885982435350474,0.0,0.003101763771016474,0.03033527571936482,-0.020878563114206283,1.4561795080719921,-0.04673689180481337,0.0,0.0019830353151636883,-0.0012874761970169415,-0.009023979516726377,1.7361042975925807,1.733848922650587,1.7361222528043778,1.7342127141232802,0.30290903270566616,-0.04048947901431291,0.0,-0.011648388176782926,-0.025855773711812344,0.0
4.624862425796085,5.372444618774578,28.763976436607745,1.5,0.9970568683086671,0.0012598117473473028,0.07479278408614641,-0.01679445389161579,3.466290797905492,-0.04648675599129491,0.0,0.003252702827552997,0.030238775504984817,-0.021558173627761842,1.4787422492972442,-0.04983008964614887,0.0,0.0020495621253178086,-0.0013005558480743253,-0.009190132758201333,1.736707622117834,1.7344128126740133,1.7367312728367157,1.7347844825459953,0.30203139919875854,-0.04245501780942037,0.0,-0.011886266741263873,-0.02670102885182155,0.0
4.699456981050861,5.635146035855975,28.76036717017147,1.5,0.9969578029518175,0.0013414420912696964,0.07591434834491831,-0.017616792612940278,3.5774363955842206,-0.05032378439851274,0.0,0.003407600740768307,0.030141257402944772,-0.02224711785886393,1.5012388482274956,-0.0530718811046383,0.0,0.0021280463771157806,-0.0013127548638493971,-0.009285690588145096,1.7373092171201625,1.734991434926094,1.7373404068511415,1.7353724856968493,0.3011356109265403,-0.04447366094749797,0.0,-0.01212810565855783,-0.027667805512537568,0.0
4.774051536305636,5.906200836535396,28.756462522109842,1.5,0.9968565886893812,0.0014269144627041418,0.07703205156157937,-0.018465333300549003,3.690257608154645,-0.054408319684997014,0.0,0.0035677919616424946,0.030042823814165252,-0.0229462616794314,1.523667952694908,-0.05646701659355087,0.0,0.0021523791673796616,-0.0013270651587948183,-0.009464832032169426,1.7379316646802518,1.735571375129452,1.7379624678072483,1.7359543733432143,0.3002215867185488,-0.04655874431702112,0.0,-0.012380955925394005,-0.02809195393577883,0.0
4.848646091560412,6.185733823500753,28.752243599232926,1.5,0.9967531645375449,0.0015163053280199353,0.07814584820463807,-0.019340532849946718,3.804749349354309,-0.05875195160665956,0.0,0.0037324272260807183,0.029943465438135846,-0.02365678534693178,1.5460281748308025,-0.06001941015664642,0.0,0.002251688387440371,-0.0013373453941981413,-0.00956691239178902,1.7385467722704038,1.7361623811715012,1.7385883889111222,1.7365572819830586,0.29928884049775295,-0.048701976823507305,0.0,-0.012630093148632974,-0.02927347848120124,0.0
4.923240646815188,6.473869416154892,28.747690632162218,1.5,0.9966474677245002,0.0016097493567321923,0.07925569482325849,-0.02024274248792575,3.9209064288163304,-0.06336659889669753,0.0,0.0039011236243194102,0.029843199388948957,-0.024375699684079134,1.5683181122271295,-0.06373399366264361,0.0,0.002301729160656866,-0.0013494831716315964,-0.009718959027107028,1.7391782997848362,1.7367580654729275,1.7392235390258675,1.737158099940663,0.298337009070326,-0.05089962188393645,0.0,-0.012888793972787605,-0.029955520324134653,0.0
4.997835202069963,6.770731642792716,28.742782949701287,1.5,0.9965394308129586,0.0017073533578853847,0.08036154815181756,-0.021172372520318443,4.038723550227861,-0.06826451403323187,0.0,0.004075835057787358,0.029742152705126198,-0.025106733545718525,1.590536329558348,-0.06761526389121172,0.0,0.0023524158671714714,-0.0013611046154785014,-0.009870531858496644,1.7398166388523109,1.737360806322693,1.7398656998799709,1.737765902321065,0.2973658479953606,-0.053171218276650896,0.0,-0.013152483025492953,-0.030645819016031625,0.0
5.0724297573247386,7.076444132618446,28.737498953113082,1.5,0.9964289825502834,0.0018092278996123337,0.08146336577919412,-0.02212983199528307,4.1581953093071755,-0.07345831492427926,0.0,0.004254638906187696,0.02964026829764185,-0.025846104612692145,1.6126813626557344,-0.07166781686141761,0.0,0.0024409946621936256,-0.001370507276454977,-0.009973067396892141,1.7404533335049652,1.7379735889341725,1.740511933954563,1.7383887243421885,0.2963748000033461,-0.05549773999111702,0.0,-0.01342009500865537,-0.03172290147767932,0.0
5.147024312579514,7.391130107606455,28.731816090122358,1.5,0.9963160490837191,0.0019154987580183589,0.0825611062992297,-0.023115469481793348,4.279316191445245,-0.0789609536790888,0.0,0.004438321870266395,0.029537623997471806,-0.02659664634323236,1.634751719102634,-0.07589647699299462,0.0,0.0024902436053640137,-0.001381185556854581,-0.010145971546510937,1.7411077783912574,1.7385877652174657,1.7411702160312574,1.7390074731066734,0.29536354517988744,-0.05788707294244611,0.0,-0.013694171284662575,-0.03240309756975791,0.0
5.22161886783429,7.71491237418569,28.725710829062027,1.5,0.9962005503809789,0.0020262661365450197,0.08365472866911919,-0.024129733472932877,4.402080569426832,-0.08478573142021628,0.0,0.004627459413552782,0.02943425963159845,-0.02735717119536429,1.6567458698135251,-0.08030574854435779,0.0,0.002564778870810881,-0.0013902770324696215,-0.010239830591729374,1.741757863974998,1.7392161144060427,1.7418279888799266,1.7396436627911744,0.2943313845422917,-0.0603450434407919,0.0,-0.01397507815817281,-0.033338731609808506,0.0
5.296213423089065,8.04791331473857,28.71915863293486,1.5,0.9960824048619145,0.0021416494550454876,0.08474419371471777,-0.025172955602378744,4.526482700909421,-0.09094630570087614,0.0,0.0048205403694807645,0.02933024599780791,-0.028126815860880845,1.6786622747697684,-0.08490034875772702,0.0,0.0026443747997657264,-0.0013995341759961135,-0.010399150941658079,1.7424217259387385,1.739843172673858,1.7425002799367517,1.7402792250747272,0.2932789200006101,-0.06285668668874111,0.0,-0.014271803104246986,-0.034324991126339625,0.0
5.370807978343841,8.390254879002782,28.712133933327994,1.5,0.9959615244999157,0.002261776745060853,0.08582946147867314,-0.026245563892595726,4.652516727286641,-0.09745667765317004,0.0,0.005019562271048725,0.02922556311889044,-0.028908109220809695,1.7004993147800018,-0.08968534733270034,0.0,0.0026982539065598093,-0.0014069785533670626,-0.010526144682173846,1.7430900235824751,1.7404824575510132,1.7431736779403046,1.7409230233492385,0.29220404503009956,-0.06544253791862144,0.0,-0.01455233910262036,-0.035053660770426424,0.0
5.4454025335986165,8.742058575152084,28.70461010306437,1.5,0.9958378181079689,0.0023867510496876428,0.08691049493348849,-0.027347930740785193,4.7801766687350336,-0.10433122300566186,0.0,0.005223925681281868,0.029120262894851135,-0.02969705161801356,1.7222553941625325,-0.09466524943928678,0.0,0.0027859606328938125,-0.001416313538047882,-0.010646773743926854,1.7437617052214118,1.7411263998820146,1.7438550427982498,1.7415764525635407,0.29110677947827224,-0.0680947998514601,0.0,-0.014876628267111232,-0.03612363382782851,0.0
5.519997088853392,9.103445460737973,28.696559429432103,1.5,0.9957111903556131,0.0025167124703264847,0.08798725493231226,-0.028480423599836078,4.909456421168285,-0.11158468533843503,0.0,0.005431902950304695,0.029014518365289003,-0.0304979562549865,1.7439288013512435,-0.09984530519688802,0.0,0.0028364933237344215,-0.0014220435771018227,-0.010809425123542077,1.7444469035200725,1.7417747416039964,1.7445452236312513,1.742228420105707,0.2899887688112492,-0.07079829292195741,0.0,-0.015159158439641218,-0.036821700849833695,0.0
5.594591644108168,9.474536133384095,28.687953086853355,1.5,0.9955815394078832,0.0026517567441643195,0.0890597066709399,-0.029643468489457283,5.040349758411023,-0.11923214514697497,0.0,0.005646521020595874,0.028908145206176118,-0.0313073801792076,1.7655178746068887,-0.10523001017947688,0.0,0.0028949104638459444,-0.0014259070702020398,-0.010904211377454604,1.7451297714413159,1.7424367614113143,1.745234528304278,1.7428948253908532,0.2888455319925735,-0.07358242111585374,0.0,-0.015440013958408232,-0.037599311387273855,0.0
5.669186199362943,9.855450721439869,28.678761110805453,1.5,0.9954487614939385,0.002792011719263508,0.09012781649365396,-0.030837389721404894,5.172850324025782,-0.1272890661865843,0.0,0.005865583516541102,0.028801428733503644,-0.03212672843449154,1.787020911024443,-0.11082433857813671,0.0,0.0029872091451206804,-0.0014374005032585255,-0.011065142043829124,1.745824522113568,1.7430943983915985,1.7459394913081614,1.7435626263945316,0.287680211920219,-0.07642547593344372,0.0,-0.015832957243115873,-0.038713139224906,0.0
5.743780754617719,10.24630887433459,28.66895236985551,1.5,0.9953127452628839,0.0029376081332620507,0.09119154518586554,-0.032062620952307025,5.30695163105643,-0.13577127613760015,0.0,0.006089985125233186,0.028694260369171568,-0.032956838403058374,1.8084360210009973,-0.1166335311788742,0.0,0.0030342660342465725,-0.0014379841034348122,-0.011171262298587404,1.7465213885074398,1.7437684274453809,1.7466417828392597,1.7442387766866,0.2864901517729999,-0.0793363163598806,0.0,-0.016100003096756466,-0.039376942443383196,0.0
5.818375309872494,10.6472297524303,28.658494537633796,1.5,0.9951733766084183,0.0030886603794936618,0.09225086237697448,-0.03331949965956909,5.442647056199935,-0.14469497718934868,0.0,0.006320162105636032,0.02858668683857981,-0.03379467978951448,1.8297614535570523,-0.12266235616025924,0.0,0.003115242986539791,-0.0014435599622563487,-0.011311426576052806,1.7472260559499555,1.7444417824165104,1.7473560494637288,1.7449196645774712,0.2852744672210357,-0.082319273979968,0.0,-0.01645506561863277,-0.040381637440175776,0.0
5.89296986512727,11.058332016956077,28.64735406522417,1.5,0.9950305349592357,0.003245292417027802,0.09330573465342804,-0.034608415980068585,5.579929838038856,-0.15407675105890656,0.0,0.0065547591559195545,0.028478914800364512,-0.0346443649071972,1.8509953210334518,-0.12891588151924327,0.0,0.003196775900422841,-0.0014483156237382543,-0.011450868125169648,1.747936381782335,1.745121165728573,1.7480762350342975,1.7456064350303033,0.2840350532254504,-0.08536097226477302,0.0,-0.01681752940476373,-0.041392534388562,0.0
5.967564420382045,11.479733819614763,28.635496153450813,1.5,0.9948840944161184,0.0034076251570962237,0.09435612970822777,-0.03592975862837139,5.718793076380483,-0.1639335370183245,0.0,0.006795225081484967,0.028370826034357935,-0.035501690608673524,1.8721356949808732,-0.1353991306051134,0.0,0.0032567292458549188,-0.0014483262837781494,-0.011553127499685534,1.7486493480425198,1.7458125341969024,1.748796770282013,1.7463013714354823,0.2827686054031599,-0.08847572692168443,0.0,-0.017130987642863645,-0.04218469900272014,0.0
6.042158975636821,11.91155279194958,28.62288472497844,1.5,0.9947339254870345,0.0035757868050060003,0.09540201859510297,-0.037283858194395225,5.859229725217189,-0.17428266438844445,0.0,0.007040982688134106,0.028262521548523947,-0.03636957354522974,1.8931806513916358,-0.14211718064949438,0.0,0.0033315097246855697,-0.0014540490619292885,-0.011713338988694203,1.7493740175015475,1.7465015205157128,1.7495303789414218,1.7469967194709506,0.2814753797949892,-0.09165778359170645,0.0,-0.017529904041150967,-0.04312321138195326,0.0
6.116753530891597,12.353906034420383,28.609482395841212,1.5,0.9945798901448151,0.003749897923444154,0.09644336920715496,-0.038671138088551056,6.0012325894238945,-0.1851418386208831,0.0,0.007292057671311915,0.028154169422931814,-0.03724695324401164,1.9141281253582154,-0.14907514464067378,0.0,0.0034029065385781138,-0.0014539922419502815,-0.011802680739192462,1.7500959127635922,1.747205002674159,1.7502616393874784,1.7477051583665302,0.28015585952156663,-0.09490749436587169,0.0,-0.017883344341396542,-0.04403107882452325,0.0
6.191348086146372,12.806910105119167,28.595250447152402,1.5,0.9944218486072595,0.003930089462320868,0.0974801525228746,-0.04009191032435373,6.144794322564933,-0.19652914534147928,0.0,0.00754875682279986,0.0280455471205151,-0.03813268306724368,1.9349760524194393,-0.15627814620051816,0.0,0.0034737672834046582,-0.001452659203833115,-0.011954892792303917,1.7508304952555285,1.7479069455599623,1.7510057885074553,1.7484116953758182,0.27880632205713873,-0.09822763382040119,0.0,-0.018240094431944354,-0.04493323892013568,0.0
6.265942641401148,13.270681008224912,28.580148796567048,1.5,0.9942596514954383,0.00411648087364868,0.0985123432789854,-0.0415465788611992,6.289907419899468,-0.2084630547619827,0.0,0.00781070782232233,0.027937064624640736,-0.03902954099055003,1.9557223673800017,-0.16373127293500064,0.0,0.0035538555061624347,-0.0014557268907588968,-0.0120701765181711,1.751565885902814,1.748617701747127,1.7517515164444242,1.7491288498994313,0.27742991774981857,-0.10161508035755402,0.0,-0.018656663293202994,-0.04588298764280234,0.0
6.340537196655923,13.745334182374837,28.56413596984719,1.5,0.9940931461085407,0.004309202222380815,0.09953991232328438,-0.04303549106148304,6.436564220686135,-0.22096241740093794,0.0,0.008078272397801354,0.0278285596958925,-0.03993355114576973,1.9763648511981344,-0.17143972316319087,0.0,0.0036230893534581416,-0.0014538290429488682,-0.012186915081027015,1.7523071816429923,1.7493348358450147,1.7525024224806365,1.7498500382412314,0.27602349710105784,-0.10507222376986258,0.0,-0.01905154595128586,-0.0468072541031646,0.0
6.415131751910699,14.230984488524472,28.547169072126486,1.5,0.9939221735322544,0.004508380891017047,0.1005628347382439,-0.04455899159618942,6.58475689771342,-0.2340464710889854,0.0,0.00835137347587608,0.02772010931457978,-0.040848491576886976,1.9969012976338538,-0.17940865017732946,0.0,0.0036978507535175603,-0.001452639074716163,-0.012335674351300183,1.7530570792727593,1.750053195627808,1.7532627098896343,1.7505732053724614,0.2745864681759857,-0.10859921266341027,0.0,-0.019466571417817193,-0.04774452098734542,0.0
6.4897263071654745,14.72774619752433,28.529203759096205,1.5,0.9937465664911547,0.004714143238773047,0.101581085312066,-0.04611747550970528,6.734477455232198,-0.24773484113708916,0.0,0.008630080194325616,0.027611846009784075,-0.04177158703502575,2.017329407565906,-0.18764329798480353,0.0,0.003766234952875279,-0.0014514862266731918,-0.012422848164611651,1.753805491061107,1.7507843900836695,1.7540207131865249,1.751308191934156,0.27311875896734417,-0.11219642338367822,0.0,-0.019894763892144673,-0.048615223877551905,0.0
6.56432086242025,15.235732977393432,28.510194208017182,1.5,0.9935661556360572,0.004926614016365351,0.10259463947028417,-0.04771124396703981,6.885717725325288,-0.2620475385669392,0.0,0.0089141719587887,0.027503746135149186,-0.04270380822115921,2.0376468330316064,-0.19614869903747656,0.0,0.003856670397228325,-0.0014456648291948269,-0.01257292009565301,1.754564363417518,1.7515123071766807,1.7547930643719707,1.752042234414829,0.2716189314508559,-0.1158614626137645,0.0,-0.0203151259610858,-0.04971079144671831,0.0
6.638915417675026,15.755057880255471,28.490093089213953,1.5,0.9933807601758426,0.005145929293009927,0.10360347601027613,-0.04934069803685848,7.03846936250716,-0.2770049620171381,0.0,0.009204079775090409,0.027395934771120015,-0.04364597744562859,2.057851183346782,-0.20493032539656156,0.0,0.003927297595968682,-0.0014441890301010096,-0.01266776484219417,1.755323592048956,1.7522528344663622,1.7555624678903474,1.7527865647765588,0.27008638647368377,-0.11959861927188557,0.0,-0.020781716225509065,-0.05060122435786029,0.0
6.713509972929801,16.285833328967346,28.468851536371837,1.5,0.993190197342904,0.005372212952758504,0.10460757201329043,-0.05100614774160027,7.192723839284007,-0.2926279062136925,0.0,0.009499344651514245,0.02728851029891702,-0.04459540877367277,2.0779399766464466,-0.21399322572316676,0.0,0.003998662239997776,-0.0014381871216695215,-0.012799667025677591,1.756091671183341,1.752994421423665,1.756341585347882,1.7535312964803365,0.268521095547546,-0.12340322358825973,0.0,-0.021221548670682155,-0.051499128447541384,0.0
6.788104528184577,16.82817110339814,28.446419117945823,1.5,0.9929942751290705,0.005605595437118347,0.10560690706057087,-0.052707950460887,7.348472443087772,-0.30893754626420294,0.0,0.009800638666106207,0.02718139620938379,-0.04555552417667139,2.097910680217044,-0.2233426849583183,0.0,0.004070104382911893,-0.001431315747353372,-0.012930618084726555,1.7568644539433373,1.7537411873903255,1.7571256590631734,1.7542809480386343,0.2669200601561875,-0.1272817198306236,0.0,-0.021673472970873332,-0.05239662830872397,0.0
6.862699083439352,17.38218232628079,28.422743807878142,1.5,0.992792794697182,0.005846205951846195,0.10660146147061404,-0.05444646072663366,7.505706266831811,-0.3259554579508492,0.0,0.010107382299332997,0.02707479888588481,-0.0465227711354731,2.1177606888766936,-0.23298396434979807,0.0,0.00415016046481065,-0.0014266234720339652,-0.013021101605061173,1.7576369244308012,1.7544967994390916,1.7579104567749535,1.755040842564342,0.26528441101494826,-0.13122834816449422,0.0,-0.022178729933378577,-0.053376836254327285,0.0
6.937293638694128,17.9479774487108,28.397771956301522,1.5,0.9925855532218585,0.006094177269051278,0.10759121588651067,-0.05622197793330264,7.664416208501249,-0.34370360240951386,0.0,0.01041988178841098,0.026968744731486017,-0.047499645839473664,2.137487322139877,-0.2429222828800053,0.0,0.004227998356147589,-0.0014173265915231256,-0.013167701110827596,1.7584204511851398,1.7552513058642982,1.7587067738014304,1.7557985186095975,0.2636124978885234,-0.1352459578375818,0.0,-0.022655973926674514,-0.054336267965599934,0.0
7.011888193948903,18.52566623528435,28.371448260494233,1.5,0.9923723358597596,0.00634963534940725,0.1085761541899108,-0.058034885133882386,7.8245929639900496,-0.3622043345039166,0.0,0.010737984620965512,0.026863271317540686,-0.04848518085498417,2.1570878606048254,-0.2531629092360519,0.0,0.0043038337143707075,-0.0014094495180430183,-0.013248598179471625,1.75920132836383,1.7560182619336406,1.7595000875909779,1.7565684163998885,0.2619032175323034,-0.13933285859030156,0.0,-0.023168003617829044,-0.05527052917186692,0.0
7.086482749203679,19.115357748895892,28.343715735614115,1.5,0.9921529265535333,0.006612719322480496,0.10955625865767242,-0.059885461201818105,7.986227021962688,-0.38148040015652557,0.0,0.01106214008257805,0.02675848934234549,-0.04947824193008668,2.1765594674063626,-0.2637111498402854,0.0,0.00437674846560613,-0.0014000102960459403,-0.013387057084813303,1.759993571701356,1.7567836643732517,1.7603047142984973,1.7573359798951647,0.26015549928330045,-0.14349338437601372,0.0,-0.02368324027575775,-0.05617352806236453,0.0
7.161077304458455,19.717160335005083,28.31451568522715,1.5,0.9919270969166323,0.006883551485861116,0.11053151452368448,-0.06177406752500692,8.149308657770296,-0.40155494180101414,0.0,0.011391761016660788,0.026654456874131562,-0.05048139507469643,2.195899267540002,-0.2745721582100011,0.0,0.0044587546286442795,-0.0013898458724198692,-0.013491026889460302,1.7607857198075068,1.7575571794822598,1.7611107664112118,1.7581126789413384,0.2583688522619461,-0.1477211356460842,0.0,-0.024220587953687197,-0.057163693702186595,0.0
7.23567185971323,20.331181605602094,28.283787672259393,1.5,0.991694614094145,0.0071622722740843645,0.11150190754063177,-0.06370101135254579,8.313827929331744,-0.42245149084738637,0.0,0.011726833721269142,0.02655117019608353,-0.0514910606527753,2.215104290090989,-0.28575133154925286,0.0,0.004521666550934976,-0.0013802941134938168,-0.013598230338612781,1.76158415764089,1.7583362954686246,1.7619204649274598,1.7588922207896114,0.2565416639416198,-0.15201675263895945,0.0,-0.024773667016316867,-0.05795989202946397,0.0
7.310266414968006,20.957528422687442,28.25146948984133,1.5,0.9914552380677569,0.0074490017614277934,0.11246742323439739,-0.06566659723010458,8.479774669254624,-0.4441939588701295,0.0,0.012068756145213253,0.02644896370725975,-0.052510280335673905,2.234171483609313,-0.2972536512136238,0.0,0.0046122815637156004,-0.0013654670197131267,-0.013728415740605278,1.7623873874801472,1.7591158088312302,1.7627397678956669,1.75967515466432,0.2546736015774183,-0.15639322741079886,0.0,-0.02532840431038664,-0.059036373755939855,0.0
7.384860970222781,21.596306881307964,28.217497132350314,1.5,0.9912087177643412,0.007743888996888893,0.11342805129985895,-0.06767116955906097,8.647138481017782,-0.46680667274584225,0.0,0.01241562919548313,0.026347565050589185,-0.053536968012951436,2.2530977311024194,-0.3090847690562898,0.0,0.004682026314694977,-0.0013526007102878182,-0.013806423329041062,1.763190644231522,1.7599072620019443,1.763556013659307,1.7604672005062656,0.2527625367951114,-0.16083130108878738,0.0,-0.025900155661016937,-0.059895088730426475,0.0
7.459455525477557,22.247622292214388,28.18180476511313,1.5,0.9909548002606269,0.008047049201544018,0.11438377931564932,-0.06971499027496124,8.815908731670879,-0.4903143336564406,0.0,0.012768309969547585,0.02624724536292859,-0.05457170676766588,2.2718798337749893,-0.3212494675929074,0.0,0.004782590045546547,-0.0013362132403208287,-0.013936813279582048,1.7640019046023017,1.7606952886038396,1.7643852707879468,1.7612595114266174,0.25080826873399287,-0.16533952217696918,0.0,-0.02650438646924733,-0.061064947922517154,0.0
7.5340500807323325,22.911579164009815,28.144324696726336,1.5,0.9906932183417567,0.008358631139468874,0.11533459800761098,-0.07179840471451755,8.986074546002339,-0.5147420338248994,0.0,0.013126997296935035,0.02614804651386154,-0.05561522037948241,2.2905144801527837,-0.33375338703582863,0.0,0.004843201046473733,-0.0013237817330416257,-0.014023388582243624,1.7648155654154158,1.761495434006681,1.7652108735734064,1.7620586717903521,0.24880899817968635,-0.16991959081547411,0.0,-0.027119607800551525,-0.061820425854985754,0.0
7.608644635987108,23.58828118478024,28.104987348897176,1.5,0.9904237025012357,0.0086787597925487,0.11628049829128312,-0.07392167726274969,9.157624799237787,-0.5401152614668272,0.0,0.013491698688939525,0.026050165771728088,-0.05666499841963961,2.3089983098074582,-0.3466015004441676,0.0,0.004925678087773323,-0.001304958297307359,-0.01413687813888213,1.7656346482627334,1.7622958604257193,1.7660460563202631,1.7628601311701169,0.2467647555730841,-0.1745714762273196,0.0,-0.02772616670854342,-0.06280197709633291,0.0
7.683239191241883,24.277831203384928,28.06372122777628,1.5,0.990145972089044,0.009007570298363613,0.11722147253526581,-0.07608511030304203,9.330548113801392,-0.5664598924242428,0.0,0.013861854897375122,0.025953388668171734,-0.05772425269880443,2.3273278541618847,-0.3597990641378052,0.0,0.0050081196375687895,-0.0012849439707602534,-0.01424887183634481,1.7664577657368108,1.7631010064747041,1.7668855937532393,1.7636659506293568,0.2446721684895085,-0.17928886896657031,0.0,-0.02834813075262127,-0.06377986113763828,0.0
7.757833746496659,24.980331210124838,28.02045289514718,1.5,0.9898597384050308,0.009345187389469692,0.11815751289373774,-0.07828900244699755,9.50483284677434,-0.5938021786139859,0.0,0.014238235956935383,0.02585811288317662,-0.058789547675485665,2.3454995416384024,-0.3733511078873648,0.0,0.005113974505413365,-0.0012619720563798703,-0.014320926291009197,1.7672786667941176,1.763913745933203,1.7677268134142432,1.7644820759870155,0.2425320899367429,-0.18407964089441123,0.0,-0.029005693337792376,-0.06499043944900551,0.0
7.832428301751435,25.695882316927342,27.975106939804046,1.5,0.9895647075358938,0.009691779701282061,0.11908861747625124,-0.08053359667379928,9.680467089659643,-0.6221687795490309,0.0,0.014619853845082274,0.025764148680847556,-0.059863278189267184,2.363509762038774,-0.38726340595401915,0.0,0.005138538070018784,-0.0012530082508747206,-0.014459934340090696,1.7681182776417221,1.764727938483924,1.7685734275402765,1.7652899508488178,0.24034206228323762,-0.18893317204089202,0.0,-0.029704818340046398,-0.06535356358107777,0.0
7.90702285700621,26.424584737146613,27.92760594737745,1.5,0.9892605724155459,0.010047431124504779,0.1200147771751896,-0.08281921426489364,9.85743865680704,-0.6515867195724688,0.0,0.015007961493828713,0.02567189317974226,-0.06094423178470995,2.3813547354569886,-0.40154019868147,0.0,0.005238969926154423,-0.0012271374198500773,-0.014523249986071483,1.7689468107115065,1.7655510989031187,1.7694222590414368,1.766114932394731,0.23810198899221616,-0.193862152249143,0.0,-0.03038166628675474,-0.06650328201703638,0.0
7.981617412260986,27.16653776465079,27.877870474044354,1.5,0.9889470236961642,0.010412313729157532,0.12093599072698202,-0.08514607561236986,10.03573508043185,-0.6820834095536341,0.0,0.01540192659255148,0.025581138631048377,-0.06203161576246389,2.399030627737071,-0.41618724739631785,0.0,0.00531347873557041,-0.0012041555720339481,-0.014640193653651776,1.7697877778888038,1.7663740932147043,1.7702796258368374,1.7669362980554209,0.23580859158077144,-0.19885941303426774,0.0,-0.031074693401121876,-0.06737980975115228,0.0
8.056211967515761,27.921839752451483,27.825819016275698,1.5,0.9886237379118236,0.01078654647227702,0.12185225670819022,-0.0875144718750953,10.215343601535833,-0.7136866504347608,0.0,0.01580142882591296,0.025492130940610987,-0.06312750372355269,2.4165335329900017,-0.43120940507400163,0.0,0.005399665080019583,-0.0011802032803080828,-0.014726165045145375,1.7706284813915043,1.7672042981389273,1.771138688910643,1.7677661806039382,0.23346286478196723,-0.20392171640583007,0.0,-0.03181563630575861,-0.06833361691742335,0.0
8.130806522770538,28.690588090879075,27.771367983035386,1.5,0.9882903867247353,0.01117027205813923,0.12276357269532238,-0.08992464483499787,10.396251165697256,-0.7464246159929969,0.0,0.016206628240214793,0.025404917176475555,-0.06422880347238326,2.4338593809367874,-0.4466118607865509,0.0,0.00546408434693323,-0.0011570385660633687,-0.014815902238193982,1.7714754122903977,1.7680399380278216,1.7720009695028935,1.7685983350401655,0.23106241923391846,-0.20905009688334453,0.0,-0.03254081460943899,-0.06912946935865,0.0
8.205401078025313,29.472879185110365,27.71443166765231,1.5,0.9879466332126774,0.011563616810264367,0.1236699394843521,-0.09237683020074727,10.578444413947818,-0.7803258492974497,0.0,0.016618462261242084,0.025319585758745836,-0.06533797969538124,2.4510040721964317,-0.4623994471266505,0.0,0.0055523708885803205,-0.0011311181369462844,-0.014922689047607832,1.7723266255583865,1.7688765215022653,1.7728714851218648,1.7694341942329523,0.2286045226774385,-0.2142535663390313,0.0,-0.033320403978096345,-0.0701275211279885,0.0
8.279995633280087,30.2688084321745,27.654922219984922,1.5,0.9875921283223059,0.011966725742982446,0.12457135822393822,-0.09487129313471838,10.761909672662977,-0.8154192845253396,0.0,0.017035395206121327,0.02523624479257159,-0.06645330192089677,2.4679633388984272,-0.47857742363169387,0.0,0.00563285297102936,-0.001106475097146954,-0.014984252007533824,1.7731774748001847,1.7697231884964937,1.77374053040173,1.7702790080865758,0.22609065642030174,-0.2195164401060083,0.0,-0.034130141047069754,-0.07103636351136951,0.0
8.354590188534864,31.07847019726622,27.592749617866765,1.5,0.9872265210014384,0.012379732271987288,0.12546782795260844,-0.09740822659881068,10.946632948933752,-0.8517342170462612,0.0,0.017458441365566704,0.025154889644220392,-0.06757505532799168,2.484732791408727,-0.49515061086021295,0.0,0.005708705634667384,-0.0010723732685421373,-0.015093644667866585,1.7740377181405191,1.770569755461095,1.7746198430129503,1.7711215081533758,0.22351652709774605,-0.22484815329255517,0.0,-0.03486500433540203,-0.07190927118698981,0.0
8.429184743789639,31.901957789485483,27.52782164005219,1.5,0.9868494434760158,0.01280276840354614,0.12635935693839712,-0.09998788899860803,11.13259992082072,-0.889300313448465,0.0,0.017887372727361347,0.02507574008377603,-0.06870384148273437,2.501308071304695,-0.5121239602134778,0.0,0.005794322760893762,-0.0010467927575170226,-0.015157550191416966,1.7748968663488238,1.7714247284192632,1.7754984249344923,1.7719747704680309,0.22088238680162275,-0.2302462465660743,0.0,-0.035741258032964754,-0.07285508557567569,0.0
8.503779299044416,32.73936343725497,27.460043838599,1.5,0.986460526364183,0.013235974115155931,0.1272459459111926,-0.10261046809993425,11.319795931515712,-0.928147608264509,0.0,0.018321814580487535,0.02499884915784035,-0.06983770625890014,2.5176845466176694,-0.5295023628121789,0.0,0.005866653399860746,-0.0010156650624157974,-0.015248674175060086,1.7757639653855473,1.7722823600373496,1.7763840527153079,1.7728278084442635,0.2181871180398405,-0.23570642656790083,0.0,-0.036564832045906305,-0.0736674243835237,0.0
8.57837385429919,33.59077826282977,27.389319511831538,1.5,0.9860593876701882,0.013679485162904199,0.1281276009448059,-0.10527617750137024,11.508205979771787,-0.9683064923115605,0.0,0.018762614675850633,0.024924257273211393,-0.07097871924711732,2.5338575547233946,-0.5472906740577907,0.0,0.005939073513659825,-0.0009830390748873637,-0.015337465226805312,1.7766349729323105,1.7731448725370935,1.7772740120504533,1.773685282341008,0.21542688154238876,-0.2412364911696938,0.0,-0.037406836130028535,-0.07447457268717533,0.0
8.652968409553965,34.456292256242676,27.31554967728494,1.5,0.9856456365322923,0.014133434124485252,0.1290043285365926,-0.10798522326468585,11.69781470866058,-1.0098077251834328,0.0,0.01920890679435015,0.024852113656739082,-0.07212455353979569,2.5498223123744745,-0.565493638608098,0.0,0.006032411387880975,-0.0009503549020487429,-0.015393682545111129,1.777505067677286,1.7740142088492294,1.7781662185578606,1.7745523008266515,0.21260249331595354,-0.24682743931724274,0.0,-0.03832847768035373,-0.07548349036974965,0.0
8.727562964808742,35.335994248635096,27.238633044866486,1.5,0.9852188771881338,0.014597970837156039,0.1298761349588692,-0.1107377661312356,11.888606400955672,-1.0526824211960875,0.0,0.019660909582229342,0.024782497846587235,-0.07327665746128993,2.5655738797524177,-0.5841161978672906,0.0,0.0060930519882380525,-0.0009159823759141769,-0.015492220655330445,1.7783866088655418,1.774885685282942,1.7790656826449542,1.7754163505404952,0.20971178057628156,-0.25248085250489605,0.0,-0.039194373822221074,-0.07615731772332443,0.0
8.802157520063517,36.229971884931864,27.158465990276337,1.5,0.9847786986899529,0.015073215720757338,0.1307430305304287,-0.11353401579296746,12.080564969743342,-1.0969620429827331,0.0,0.020119110242039967,0.024715558468761983,-0.07443414968596748,2.5811072918290883,-0.6031628075720361,0.0,0.006178298532488659,-0.000879864906536293,-0.0155414713396629,1.7792650160116577,1.7757658763284874,1.7799659428083665,1.7762920957194013,0.2067525394018516,-0.2582011210774618,0.0,-0.04013328532698363,-0.07707098172539219,0.0
8.876752075318292,37.13831159602601,27.07494252930127,1.5,0.9843246887129544,0.015559312612549505,0.13160502199269017,-0.11637410866457362,12.273673948702342,-1.1426784048447,0.0,0.020582406872167985,0.024651159727442352,-0.07559653409489656,2.5964173573823883,-0.6226381577063013,0.0,0.006263245356020921,-0.000840444819083193,-0.015622700452652658,1.7801513740844195,1.7766473244509744,1.7808747749991256,1.7771683475005942,0.20372329814242487,-0.26397617501023146,0.0,-0.041073275275278175,-0.07797795824091532,0.0
8.951346630573068,38.06109857001853,26.987954292035642,1.5,0.9838564199054178,0.01605640478566042,0.13246212197010154,-0.11925822034321715,12.467916482405544,-1.1898636579073283,0.0,0.021052088049887993,0.02458979156342497,-0.07676475321796346,2.611498838160002,-0.6425470075950025,0.0,0.006328862590836221,-0.0008078507931230527,-0.015688270304806747,1.7810423078872373,1.7775362356248592,1.7817846909332309,1.7780500230549459,0.20062316701336666,-0.2698188408357261,0.0,-0.0420479685258076,-0.07870094547492344,0.0
9.025941185827843,38.998416722990314,26.897390496792646,1.5,0.9833734597902314,0.016564624370516735,0.1333143401055995,-0.12218649075025649,12.663275319163734,-1.2385503088849825,0.0,0.021527123104286207,0.024531215292717228,-0.07793689288838375,2.6263463310669546,-0.662893752846059,0.0,0.006403568524740222,-0.0007650513670344414,-0.015748849271849955,1.7819359035957476,1.7784306298446404,1.7827001994122271,1.7789367734994206,0.1974501004910921,-0.27571825699604957,0.0,-0.04302723977731713,-0.07945354253862782,0.0
9.10053574108262,39.95034866902907,26.80313792518628,1.5,0.9828753671895369,0.017084108152364996,0.134161689119256,-0.12515904678983164,12.859732801327377,-1.288771183797782,0.0,0.022008249267932996,0.024475683770894544,-0.07911441304818237,2.6409543462101666,-0.6836828147802014,0.0,0.006484497838733339,-0.0007238970132409097,-0.015821008483409556,1.7828351862427287,1.7793280483713172,1.783622251413251,1.7798273853692594,0.19420148776859017,-0.28168062125513815,0.0,-0.04405064285729074,-0.08028890361202816,0.0
9.175130296337395,40.916975689574016,26.70508089752683,1.5,0.9823616892296096,0.017614995876397404,0.1350041810405646,-0.1281760295678907,13.057270853589939,-1.340559449297102,0.0,0.02249464675055673,0.024423212538941818,-0.08029606710129437,2.6553172096464417,-0.704918667506442,0.0,0.006566988974096467,-0.0006784574665358149,-0.015861166695229825,1.7837351224489326,1.7802343445682483,1.784545986580379,1.7807262259863594,0.1908769919834467,-0.2876972135669883,0.0,-0.04507157607781022,-0.08113856706718217,0.0
9.24972485159217,41.8983777019474,26.60310124803754,1.5,0.9818319692913698,0.018157433520978223,0.13584183250653672,-0.1312375259848647,13.255870976770447,-1.3939485939963896,0.0,0.02298701214591766,0.024374058303934545,-0.08148184411644431,2.6694292125603463,-0.7266057330220139,0.0,0.006628691208094292,-0.0006421271866640882,-0.01593360134147145,1.7846457463235368,1.781142836515178,1.7854763910152487,1.7816253309737144,0.18747465955164902,-0.2937746024750455,0.0,-0.046169442676963345,-0.08174269777744292,0.0
9.324319406846946,42.89463322744016,26.497078300627777,1.5,0.9812857374915781,0.018711544887235646,0.13667465407056806,-0.1343436579010455,13.455514236865392,-1.4489724286759902,0.0,0.023484730854556997,0.024328105688266405,-0.08267211449757948,2.6832843924353473,-0.7487480179068411,0.0,0.006700434263940235,-0.0005947526481915056,-0.015976455662955844,1.7855564081710904,1.7820599972004807,1.78641002154259,1.782532683745699,0.18399208293497737,-0.2999054137114254,0.0,-0.047217283643944466,-0.0824613652853374,0.0
9.398913962101721,43.905819358350875,26.386888845913408,1.5,0.9807225191982143,0.019277480623367253,0.1375026640116921,-0.13749449613716005,13.656181254273775,-1.5056650698077674,0.0,0.023988759918412525,0.02428569072139452,-0.08386528111571516,2.696876762816802,-0.7713499029197128,0.0,0.006787379496110291,-0.0005465479934314511,-0.016025928080633755,1.7864717461054367,1.7829806763433484,1.7873508112597885,1.783445298830832,0.180427204464757,-0.3060989425974301,0.0,-0.04833887166808965,-0.08332389422133565,0.0
9.473508517356498,44.93201172447876,26.272407117173287,1.5,0.9801418296347625,0.01985537622445035,0.13832587758630402,-0.14069011843475224,13.857852194098923,-1.5640609628859887,0.0,0.024497320495979844,0.024246594886712738,-0.08506293023061227,2.710200148131824,-0.7944154232913005,0.0,0.006873708135078551,-0.0004969933876670333,-0.01607214699433089,1.7873918218208604,1.7839072751260772,1.7882966416263981,1.7843632743238156,0.17677986158662654,-0.3123360143887604,0.0,-0.04948492423178915,-0.084169575599684,0.0
9.548103072611273,45.973284458877664,26.153504767839564,1.5,0.9795431752832541,0.020445370873326006,0.139144312670057,-0.14393059027680608,14.060506759502813,-1.624194832262606,0.0,0.025012089892163816,0.024211245107823496,-0.08626312306974694,2.723248268035359,-0.8179486099619886,0.0,0.006932052433548317,-0.00045074726042622696,-0.01611075255279068,1.788318509279243,1.7848420317030997,1.7892448741112106,1.7852856197399294,0.17304675667928032,-0.31863321847791826,0.0,-0.0506230710070185,-0.08470816419400354,0.0
9.622697627866048,47.02971016281787,26.03005084945706,1.5,0.9789260573926603,0.021047602715809736,0.13995798565990739,-0.14721594624089,14.2641241766713,-1.6861017117318937,0.0,0.025532307353950106,0.024179581707501795,-0.08746659426392046,2.736014677847008,-0.8419533271699736,0.0,0.007012930393671861,-0.00039860866318624973,-0.016155715387817106,1.789249327315448,1.7857805390874617,1.7902014664003691,1.786213770603227,0.16922648533350262,-0.32498176564417053,0.0,-0.051807053226245056,-0.08547447922169614,0.0
9.697292183120824,48.10135986999068,25.901911789524334,1.5,0.9782899652221864,0.021662215409420957,0.1407669160051286,-0.15054623119671354,14.468683187627729,-1.7498169241135721,0.0,0.026057882186593256,0.024151721659420096,-0.08867287700968937,2.7484928106867788,-0.8664335310745349,0.0,0.007083191044200155,-0.0003475607435068104,-0.016183550113112975,1.7901845421734324,1.7867274963091648,1.7911610078533606,1.7871487228962093,0.16531754003272559,-0.3313799473354598,0.0,-0.053010464079823544,-0.08611626984742289,0.0
9.7718867383756,49.18830300995665,25.768951369993612,1.5,0.9776343842815559,0.022289347909423562,0.14157112128466187,-0.15392145158618814,14.674162039355995,-1.8153760743401488,0.0,0.02658905759373028,0.02412772187378084,-0.08988135805245344,2.760675942163971,-0.8913929099221635,0.0,0.007154507202641167,-0.0002936292105484497,-0.01621980322701617,1.7911261358517516,1.7876795562247503,1.7921276969140556,1.7880882135132212,0.16131676055659094,-0.3378290776529506,0.0,-0.054227923953621034,-0.08676113640101732,0.0
9.846481293630376,50.29060737074256,25.631030706531416,1.5,0.9769587894228117,0.022929138968442717,0.14237062244119678,-0.15734161630473512,14.880538471688576,-1.8828150442092202,0.0,0.0271255051683485,0.024107726355870617,-0.09109237591731685,2.772557253290002,-0.9168351045190039,0.0,0.007233323833480978,-0.00023311152052306894,-0.016244026236223338,1.7920711874107764,1.788639040831295,1.793100043185971,1.7890349468872133,0.15722417384588477,-0.3443255359783434,0.0,-0.055499392144764466,-0.08741270655273926,0.0
9.92107584888515,51.408339060808444,25.488008228148022,1.5,0.9762626494761908,0.023581733833271227,0.14316543851547084,-0.1608067109352653,15.087789709990613,-1.9521699862339537,0.0,0.02766709100403325,0.02409188267902315,-0.09230509431507682,2.7841297202402098,-0.9427637492763289,0.0,0.007287817215741331,-0.00018682873297198743,-0.016271967604300348,1.7930253987787734,1.7896050715197451,1.7940763006541571,1.789986489018911,0.1530369609705105,-0.35086607264507114,0.0,-0.056764952590644936,-0.08790396025454073,0.0
9.995670404139926,52.541562470123864,25.339739657555864,1.5,0.9755454262405475,0.024247262673140122,0.14395558979248418,-0.16431670566776316,15.295892452912733,-2.0234773009165345,0.0,0.028214876574753037,0.024080343442948376,-0.09351931403943804,2.7953862397219926,-0.9691820700801506,0.0,0.007370298226217167,-0.00012806437837541943,-0.016290440182373224,1.7939818215068162,1.790577537586991,1.795060709837861,1.7909463290581473,0.14875180710387956,-0.35746130973096496,0.0,-0.058093810810956714,-0.0886214531673529,0.0
10.070264959394702,53.69034023049148,25.18607799224501,1.5,0.9748065732719599,0.024925881300762384,0.14474109778954605,-0.16787155732236692,15.504822859406183,-2.0967736626995013,0.0,0.028767082458725377,0.024072961552240802,-0.09473508065497784,2.80631950009036,-0.9960937052596807,0.0,0.007443200597532727,-6.854364654047102e-05,-0.01630387666156995,1.7949446446057,1.7915579268110358,1.7960504683768423,1.7919123200200309,0.14436946455827898,-0.36409172905553117,0.0,-0.05942458201943765,-0.08922940069439132,0.0
10.144859514649477,54.85473317491195,25.02687348503632,1.5,0.9740455384756577,0.02561772413849255,0.1455219831561921,-0.17147120342471275,15.714556541039247,-2.172095978703003,0.0,0.02932484291243621,0.024070032137918765,-0.09595172552190745,2.816922088521437,-1.0235017339860584,0.0,0.007509884481999708,-1.0269708140451169e-05,-0.016315980965601534,1.795914379464138,1.7925456277988696,1.7970462909586908,1.792884589870623,0.13988602044866386,-0.3707679274116228,0.0,-0.06078858983983253,-0.0897527291758985,0.0
10.219454069904254,56.03480029637006,24.861973626739292,1.5,0.9732617628697582,0.026322933055168682,0.14629826721261566,-0.17511556510376217,15.925068549979189,-2.2494813953528547,0.0,0.02988789237265987,0.024071652702499276,-0.09716903454811758,2.8271864311849697,-1.0514092665760284,0.0,0.007592660305142227,5.6018074173646315e-05,-0.016320472017788492,1.796888267568679,1.793540639688906,1.7980498795050017,1.7938649818381214,0.13530020662760936,-0.37748623441058027,0.0,-0.06217099017767124,-0.09044527460895554,0.0
10.294048625159029,57.23059870565011,24.69122312860812,1.5,0.9724546805300571,0.02704165070826183,0.1470699715691475,-0.17880454945220808,16.136333367693563,-2.328967290350003,0.0,0.030455445624810732,0.024077618401834124,-0.09838701899597138,2.8371048027912518,-1.079819313784919,0.0,0.00764960195869755,0.00011393374212906662,-0.016325510759293727,1.797871583481853,1.7945440284383505,1.7990582544815188,1.7948509584053653,0.13060966435449195,-0.3842368207353076,0.0,-0.0635871685599569,-0.09082959574844109,0.0
10.368643180413804,58.44218358837198,24.514463906037005,1.5,0.9716237203933095,0.027774020512532322,0.14783711836562086,-0.1825380403833209,16.34832489404458,-2.4105912450140456,0.0,0.031029107723591104,0.024088693211032654,-0.09960451272646821,2.8466693415979494,-1.1087347580731852,0.0,0.0077058126081071985,0.00017330256564918834,-0.016326134771144103,1.7988614951103827,1.7955555166126582,1.8000735343677436,1.795844373740343,0.12581307649361784,-0.39103646499285033,0.0,-0.06502738705570743,-0.0911915618437964,0.0
10.44323773566858,59.66960816116431,24.331535062376847,1.5,0.9707683057818242,0.028520176626059487,0.1485997263774434,-0.1863159073596618,16.56101643551537,-2.4943910686697506,0.0,0.03160732775665384,0.024104317536541364,-0.10082215296622461,2.855871993061637,-1.138158158181787,0.0,0.007822629376372025,0.0002579884273846748,-0.016308969643077407,1.7998506605808322,1.7965742073744093,1.8011004134729038,1.7968496499210016,0.1209073196872833,-0.3978665552004652,0.0,-0.06648471456013223,-0.09222337993180495,0.0
10.517832290923355,60.912923627085185,24.14227287351016,1.5,0.9698878516127001,0.029280298947495936,0.14935782604046408,-0.19013800037896914,16.77438069632996,-2.5804047756488093,0.0,0.03218998669880649,0.024124619374785796,-0.10203910036671252,2.864704637815133,-1.168092902443655,0.0,0.00782423233816442,0.00029682854723957664,-0.016311392439575224,1.800861111151563,1.7976034394206297,1.8021259899434634,1.797855326702303,0.11589109027777242,-0.4047248291917327,0.0,-0.06800345878095825,-0.09193363308970416,0.0
10.59242684617813,62.17217913012039,23.946510772112017,1.5,0.968981773928329,0.030054479159691255,0.15011142777323624,-0.19400414771089053,16.988389763511005,-2.668670550688074,0.0,0.03277874593182859,0.024150412012158267,-0.10325472925777446,2.873158903713863,-1.1985403690755199,0.0,0.007917951229103774,0.0003760603203399421,-0.016297041079505366,1.8018681073554796,1.7986390838236432,1.8031670523064658,1.7988743645708565,0.1107628653016935,-0.4116287437239304,0.0,-0.06951678908654242,-0.09267485063049977,0.0
10.667021401432907,63.447421708842455,23.744079336325854,1.5,0.9680494766047852,0.030842884903662264,0.15086055762395578,-0.19791417192664645,17.203015098535833,-2.7592267670430117,0.0,0.03337110078558929,0.02418060428165686,-0.10446968217530707,2.8812263135889564,-1.2295034256769748,0.0,0.007994934775911771,0.0004510025495114957,-0.0162642265928334,1.8028825848750842,1.7996861159976214,1.804212803425453,1.7999027061831652,0.1055184133839055,-0.4185482738612721,0.0,-0.07105161074655396,-0.09321358858273596,0.0
10.741615956687681,64.73869624916311,23.534806275665193,1.5,0.9670903647397562,0.03164567142801095,0.15160523980314697,-0.20186785076288427,17.41822752262342,-2.8521119579847007,0.0,0.03396916955107935,0.024216621859859858,-0.10568207176386044,2.8888982775600014,-1.2609844601300044,0.0,0.008045416680094805,0.0004958176848207775,-0.01624614265767535,1.8039111577680769,1.800739860215984,1.8052648293866507,1.8009379072506035,0.10015881499179469,-0.42550759985217596,0.0,-0.07264922004005267,-0.09342430808794111,0.0
10.816210511942458,66.04604543641464,23.318516418221478,1.5,0.9661038366422235,0.032462966856576306,0.1523454904695077,-0.2058649657946921,17.633997210036018,-2.9473648341071668,0.0,0.03457201709076049,0.02425758385054018,-0.10689320034058324,2.8961659637866135,-1.2929851951077997,0.0,0.008119852380463971,0.0005908547455755893,-0.016215774314107787,1.804941724340336,1.8018058065931146,1.806329527450971,1.8019812416686232,0.09468033271519315,-0.43249280731304557,0.0,-0.07423566369907372,-0.09390017386772254,0.0
10.890805067197233,67.3695097064453,23.095031699474863,1.5,0.9650892859583359,0.03329492965958841,0.15308133437327928,-0.20990527114364865,17.850293673870063,-3.0450242506347647,0.0,0.035178712874867624,0.024303492224866174,-0.10810137410448205,2.90302047139564,-1.325507826212209,0.0,0.008172285392063994,0.0006559590062920928,-0.016171970390376735,1.8059833704922246,1.8028819505746887,1.8073981314534415,1.8030355650369758,0.08907928230693579,-0.4394927589419559,0.0,-0.07589520686663165,-0.09408898848748583,0.0
10.965399622452008,68.70912719590187,22.864171151593663,1.5,0.964046108707375,0.034141701093003685,0.15381278780636246,-0.2139884829608338,18.067085752158004,-3.14512918413197,0.0,0.035791098087097226,0.024355444570360228,-0.10930689996334819,2.9094526688795903,-1.358553948983397,0.0,0.008208310850138574,0.0007186833486622769,-0.01615872029970082,1.8070391123998695,1.803965084726663,1.8084783561328637,1.804094512898534,0.08335699453052482,-0.44652795798300476,0.0,-0.07754840799002448,-0.09408528155466812,0.0
11.039994177706784,70.06493369145117,22.625750894176583,1.5,0.962973688678975,0.03500339829452371,0.1545398674435541,-0.2181143424682845,18.284341599959365,-3.2477187424815184,0.0,0.03640699785159139,0.024412381485354264,-0.11050950103016914,2.9154533314338837,-1.3921246501556697,0.0,0.008327009726235528,0.0008178589117585225,-0.01607504310124034,1.808087850664947,1.8050628713035297,1.809568587094901,1.8051743157942264,0.07750922274150146,-0.4535713040743042,0.0,-0.07924855923501381,-0.0950068812228808,0.0
11.11458873296156,71.43696257848276,22.37958412647197,1.5,0.961871418016104,0.03588022120645792,0.15526259853238322,-0.22228250139594208,18.502028676754723,-3.352832137883132,0.0,0.03702786917229463,0.02447509370492553,-0.11170777010143514,2.92101303141912,-1.4262223492572075,0.0,0.008342824906078397,0.0008753346256786075,-0.01605579907481326,1.8091641278577355,1.806167695720146,1.8106660795247822,1.8062521428586304,0.07153427288478857,-0.46063809619846213,0.0,-0.08094328850549762,-0.09473367127337505,0.0
11.189183288216336,72.82524478869841,22.125481117229885,1.5,0.9607386766942496,0.03677227790788122,0.15598099347473796,-0.22649265850327563,18.72011373450793,-3.4605086999752395,0.0,0.03765355696570236,0.024543538869178882,-0.11290304704193907,2.926122216510631,-1.460847590689256,0.0,0.008411306995736199,0.0009540038313248837,-0.015987527190309717,1.8102397167626278,1.8072864145820897,1.8117734980960156,1.8073479415733527,0.06542911245039146,-0.4677246758604716,0.0,-0.08271052526492059,-0.0950334490276805,0.0
11.26377784347111,74.22980874685314,21.863249198895897,1.5,0.9595748504118299,0.03767972533107978,0.156695069260617,-0.23074444744240138,18.938562803723244,-3.5707878388172016,0.0,0.03828272641885906,0.0246174332909536,-0.11409279984213551,2.9307711578510127,-1.4960016162960192,0.0,0.008478943368507201,0.0010334173278601121,-0.015913738357435005,1.8113252198796668,1.8084166638585564,1.8128909625008083,1.8084547162031217,0.05919401886032517,-0.47481524852898077,0.0,-0.08450876873883859,-0.09530089034664008,0.0
11.338372398725886,75.65068031673395,21.59269276182303,1.5,0.9583793236284034,0.03860270554181034,0.1574048403298732,-0.23503748511065958,19.157341188128502,-3.6837090197007676,0.0,0.03891674391332132,0.02469734054460152,-0.11527892352857406,2.9349499993900894,-1.5316851922639674,0.0,0.008543137402934657,0.0011195135145060544,-0.015865127538423514,1.812424280941926,1.8095558766343185,1.814022603675031,1.809568641426462,0.05282503039704612,-0.48192311323867154,0.0,-0.08626954811172989,-0.09553777319734173,0.0
11.412966953980662,77.08788274620181,21.313613249535834,1.5,0.9571514703693952,0.0395413816866507,0.15811032610090017,-0.2393713990523566,19.376413446323692,-3.7993117919654313,0.0,0.03955452774624385,0.024782860801488338,-0.11645910384884363,2.938648715233207,-1.56789945495642,0.0,0.008568342549755015,0.0011804342177472035,-0.015774963326068772,1.8135343454035362,1.8107123631950102,1.8151563171010812,1.8106975470052864,0.04632025609903891,-0.4890341755574967,0.0,-0.08812668373980104,-0.09525720195941559,0.0
11.487561509235437,78.54143661142149,21.025809153627627,1.5,0.9558906845802785,0.04049588257337355,0.15881152857367192,-0.24374573025869367,19.595743382861475,-3.917635735165417,0.0,0.040197185566852804,0.024874483137775107,-0.11763341818186887,2.9418570437663587,-1.6046443680828264,0.0,0.008636978868015944,0.0012672712273098115,-0.015725303864713505,1.814655788394543,1.8118748067902362,1.8163113674767033,1.8118345165280842,0.0396759845333487,-0.4961588531802176,0.0,-0.08998531235788228,-0.09548306872154137,0.0
11.562156064490214,80.0113597599097,20.729076012251713,1.5,0.954596335010506,0.04146635429751701,0.1595084703626892,-0.24816008246359397,19.815294035118256,-4.03872046541756,0.0,0.04084259327513525,0.02497211787524825,-0.11880300339541122,2.9445648230985313,-1.6419204361520856,0.0,0.008704955830248539,0.0013460855773037212,-0.01561077179422354,1.8157823797650872,1.8130564671361091,1.8174704560030728,1.8129913970347356,0.03289875449902928,-0.5032751514056892,0.0,-0.09196127541221759,-0.09562977026436228,0.0
11.636750619744989,81.49766725364103,20.423206408116513,1.5,0.9532678161496765,0.04245296525288221,0.1602011506894101,-0.2526139500349358,20.035027673320638,-4.162605605138561,0.0,0.04149313455772723,0.025075596005881284,-0.11996399665261374,2.94676131311,-1.6797280117100053,0.0,0.008735897692573961,0.0014357596137445133,-0.015536578830548644,1.8169278668417068,1.8142495001434613,1.8186448876890873,1.8141525256963293,0.025972586349290706,-0.5104015039508676,0.0,-0.09377650752646087,-0.09547826537163888,0.0
11.711345174999764,83.00037130999144,20.107989967020025,1.5,0.9519045078252995,0.04345584861430198,0.16088958448338472,-0.25710686262301385,20.25490576448419,-4.289330801576199,0.0,0.04214699087737415,0.02518505515604569,-0.12112048698048375,2.9484360611214924,-1.7180668195927717,0.0,0.00878912896184385,0.0015017374694644059,-0.01544945081242993,1.8180847720571114,1.815453828725724,1.8198306617408884,1.8153310893127121,0.018903350395891676,-0.5175198948843255,0.0,-0.09578887113112564,-0.09534370958788624,0.0
11.78593973025454,84.51948124259616,19.78321335873114,1.5,0.9505057950921963,0.04447514889243942,0.1615737696768801,-0.261638322077538,20.474888978654658,-4.418935663056186,0.0,0.042804905863222775,0.02530126011990863,-0.12226759230409155,2.94957809622306,-1.7569364922461632,0.0,0.008842626307919963,0.0015921844018542911,-0.015317752944620382,1.819248008106886,1.8166784611942839,1.8210263730817302,1.8165261878660652,0.011693125356328028,-0.5246388633948339,0.0,-0.09769988119539429,-0.09532853138879636,0.0
11.860534285509315,86.0550034012113,19.448660298974477,1.5,0.9490710776153346,0.0455110249284063,0.16225371826066295,-0.26620775186801565,20.69493718362425,-4.551459784847107,0.0,0.04346613731568379,0.025423029808082743,-0.12340827813236395,2.9501766681611734,-1.7963366648929973,0.0,0.008901205950785479,0.0016767408305056232,-0.01525157744805377,1.820432518488344,1.8179086462880252,1.8222433645941454,1.817728047203074,0.0043312215150097064,-0.5317428053243389,0.0,-0.09973526693762877,-0.09529314761827075,0.0
11.93512884076409,87.60694111121947,19.10411155169555,1.5,0.9475997332196723,0.046563622522926,0.16292942485103387,-0.2708146546574979,20.915009415758785,-4.68694271013994,0.0,0.04413137370464111,0.0255512155471101,-0.12454055693101211,2.950220427976727,-1.8362667115228046,0.0,0.008925706162858692,0.0017599910433841574,-0.015105157135508493,1.8216243627360955,1.8191647299651197,1.8234627951761364,1.8189508169615118,-0.0031809508125025822,-0.5388401779591794,0.0,-0.10163447225701802,-0.0949118726974373,0.0
12.009723396018867,89.17529461107972,18.749344933003037,1.5,0.9460911766525544,0.04763308323215506,0.16360089068604775,-0.27545838779880305,21.13506387723927,-4.825423922728577,0.0,0.0447999884614234,0.025685512704601433,-0.12566298452137287,2.9496983222233224,-1.8767253758045994,0.0,0.00899417825013883,0.0018328866811478106,-0.01501530424927531,1.8228349035535387,1.8204252025079526,1.8247057733223544,1.8201853339452176,-0.01084565057812031,-0.5459211708123856,0.0,-0.1039153925330762,-0.09482748229482278,0.0
12.084317951273642,90.760060990083,18.384135317143205,1.5,0.9445447953004783,0.048719558519096845,0.16426811266299102,-0.2801383969587549,21.355057924420997,-4.966942820575197,0.0,0.045471625403116944,0.025826741220211176,-0.12677890391917637,2.9485988440113005,-1.917711707180255,0.0,0.009031153776655186,0.0019290139189529854,-0.014876420165969795,1.8240553880773227,1.8217104436948874,1.8259576077897934,1.821436512095646,-0.018656048617314954,-0.5529850545432595,0.0,-0.10583342844464184,-0.09456904180401215,0.0
12.158912506528418,92.36123412513477,18.008254642606932,1.5,0.9429600022072503,0.04982319679759469,0.1649310835793865,-0.28485403449398466,21.574948073097453,-5.111538710493485,0.0,0.04614731620391116,0.025973319681044573,-0.12788223443726585,2.946910460754704,-1.9592242333602314,0.0,0.009066625105292717,0.0020256120227111875,-0.014731782184817398,1.8252907563677354,1.8230121662147203,1.8272242879424072,1.8227035940101408,-0.02663542164430401,-0.5600287576350981,0.0,-0.10777328734598893,-0.09426699254700734,0.0
12.233507061783193,93.9788046161761,17.621471920078545,1.5,0.9413362148430443,0.05094414274548978,0.16558979809946175,-0.2896046334406214,21.794689947839192,-5.2592507814516365,0.0,0.046825988069135974,0.02612670988143017,-0.12897840261521504,2.9446216093935753,-2.0012612161239804,0.0,0.009155642930024634,0.0020756520338210587,-0.014620041278920396,1.8265454052592016,1.82431921120452,1.8285113112821174,1.8239897939773169,-0.03476679489719547,-0.5670491113588515,0.0,-0.11050513914946841,-0.0941072217389718,0.0
12.308101617037968,95.61275972095397,17.223553241732134,1.5,0.9396728402830138,0.05208256138088679,0.16624421866353392,-0.2943895714786972,22.014238294700093,-5.410118098045183,0.0,0.047507229942798025,0.02628677628726747,-0.13006281684984772,2.9417197068510506,-2.043821081420906,0.0,0.009133498022773441,0.002200605487430048,-0.014449659804238112,1.8278123108183961,1.8256628183860517,1.8298055169171739,1.8252859355937354,-0.04305167467529551,-0.5740392412330657,0.0,-0.11191242271559564,-0.09341688098951129,0.0
12.382696172292745,97.26308328785504,16.814261791145167,1.5,0.9379693222926707,0.05323857697113641,0.1668943652631665,-0.2992080801103494,22.233546987409312,-5.564179564480988,0.0,0.04819306761238662,0.026452344075628166,-0.1311359000779271,2.9381938009071913,-2.0869012532542515,0.0,0.009203508761416306,0.002268476866202491,-0.014352030948244514,1.8291021058710737,1.8270046703318845,1.831127680417669,1.8266011016730728,-0.05151537748448189,-0.5810063397903641,0.0,-0.11443550710724847,-0.09312514589087931,0.0
12.45729072754752,98.92975569145105,16.393357856212067,1.5,0.9362250700649815,0.054412329614763,0.16754021147811166,-0.3040595239514538,22.452568988842266,-5.721473919903843,0.0,0.048879458264526825,0.02662555522031337,-0.13220027762840403,2.9340314632622335,-2.1304994010835703,0.0,0.009270105994834042,0.002340350816130751,-0.014143672155057413,1.8303966187125993,1.8283775174995627,1.8324546429543282,1.8279458954804344,-0.06011666688619518,-0.5879269305703105,0.0,-0.11693627387882381,-0.09278962514233585,0.0
12.531885282802296,100.61275376480572,15.960598842643183,1.5,0.934439550101665,0.055604000894531644,0.16818170957109707,-0.3089430932324948,22.671256376715583,-5.882039701000899,0.0,0.04957086550432385,0.02680411724254946,-0.13324921464728512,2.9292198422399993,-2.1746131532000077,0.0,0.009270340249893882,0.002440065193886896,-0.014012836703153635,1.831720798031277,1.829766271313492,1.8338059225360934,1.8292929861601352,-0.06890644259259651,-0.5948212636783053,0.0,-0.11884380237144032,-0.09210279717571822,0.0
12.606479838057071,102.3120507295109,15.515739288032263,1.5,0.9326122008855935,0.05681370526941635,0.16881885732290944,-0.31385805560010194,22.889560263817227,-6.045915255119325,0.0,0.05026495679591786,0.02698922329381133,-0.13428990422935405,2.923747153770216,-2.219239228829541,0.0,0.009338315507167771,0.0025217066048604316,-0.013851600494923861,1.833056538028136,1.8311712429408509,1.8351758386109631,1.8306680873159948,-0.07786042798233005,-0.6016745398741118,0.0,-0.1212950285657011,-0.09169075729125885,0.0
12.681074393311846,104.02761612712202,15.058530878373393,1.5,0.9307424778796408,0.05804160824746838,0.16945160943338589,-0.318803644337622,23.107430846328395,-6.213138700965238,0.0,0.05096000773621141,0.02718110297245251,-0.1353154857437101,2.917600372137396,-2.264374765987326,0.0,0.009352437018466955,0.0026112939190192502,-0.013640357758951976,1.8344089087939335,1.832605622817323,1.8365558808482214,1.832063617089951,-0.08696962756082416,-0.6084711278322975,0.0,-0.1233989705563173,-0.09091366956024913,0.0
12.755668948566623,105.75941574932186,14.588722465767562,1.5,0.9288298717162227,0.05928783970058868,0.1700799446886323,-0.32377898925960963,23.32481740330522,-6.383747885015553,0.0,0.05165920565584906,0.027379124406403072,-0.13632954338217512,2.9107673417294655,-2.3100158937839743,0.0,0.009388355543188415,0.0026896703317020225,-0.013535954730815715,1.8357925486027327,1.834045228347868,1.8379687571576966,1.8334687136906658,-0.09626155830280285,-0.6152304213249785,0.0,-0.12577501938446015,-0.09020117155361186,0.0
12.830263503821397,107.5074115685722,14.106060088845275,1.5,0.9268738331083294,0.06055254372537183,0.17070381013484887,-0.328783357475565,23.541668240902894,-6.557780398773102,0.0,0.05236053329453692,0.027583346150792686,-0.13733033941240974,2.9032347218018457,-2.3561590330887903,0.0,0.009411196705591634,0.002792595286508299,-0.013291710586159869,1.8371795135950901,1.8355240454854582,1.839386599134002,1.834907431588503,-0.10572508224086043,-0.6219330552382079,0.0,-0.12787479821811565,-0.08951550333006027,0.0
12.904858059076174,109.27156166511315,13.610286992956153,1.5,0.9248738868430714,0.06183587534934324,0.17132317358250318,-0.33381579972971553,23.75793070655039,-6.7352735381479105,0.0,0.0530644975199028,0.027794040349928408,-0.1383152867603268,2.8949899826500856,-2.4028001472126106,0.0,0.009477390490616175,0.0028643038464179534,-0.01314897125908615,1.8385982168956938,1.8370068932448242,1.840837904774303,1.83636047245946,-0.11536309053283489,-0.6285821741957142,0.0,-0.13057305527887736,-0.08892720284238151,0.0
12.979452614330949,111.0518201558909,13.1011436526229,1.5,0.9228295111772342,0.06313796097403156,0.17193798223823742,-0.33887552500626594,23.973551179151624,-6.9162642924721345,0.0,0.05376919283894234,0.028011100994198058,-0.13929048656009818,2.886019860813296,-2.449934781347065,0.0,0.009478935267035004,0.002950621672384569,-0.012941366187699968,1.8400344523310994,1.838524444614247,1.842299656754462,1.837836726230857,-0.12516575991614484,-0.6351586887287151,0.0,-0.13272412808053133,-0.08786729888123732,0.0
13.054047169585724,112.84813712211624,12.57836779668122,1.5,0.9207402335602846,0.0644589477848734,0.17254818321525103,-0.34396161242635176,24.188475079144876,-7.100789285625229,0.0,0.054478607916707424,0.028234259469344103,-0.1402458650201059,2.8763112102586286,-2.497558313805267,0.0,0.009478643931154452,0.0030364996039730498,-0.01272875511167208,1.8414923410803428,1.8400648776051973,1.8437827737725363,1.8393354271961606,-0.13516437496771286,-0.6416896305836133,0.0,-0.13488634036084216,-0.08675156605801174,0.0
13.1286417248405,114.6604585354208,12.041694433747082,1.5,0.9186055952378221,0.06579898002744479,0.17315371258794393,-0.3490731247777836,24.40264679865274,-7.288884822134372,0.0,0.05518860877805283,0.028463727521754776,-0.14119096494517142,2.8658506483311554,-2.5456657399471356,0.0,0.009541690021844624,0.0031285359498570598,-0.012574448538007035,1.8429747563644465,1.8416173763516286,1.8453002237735874,1.8408540121534989,-0.1453307283569865,-0.6481403848428366,0.0,-0.1374716425650637,-0.08615894524261916,0.0
13.203236280095275,116.48872618335672,11.490855879414283,1.5,0.916425106829259,0.06715818576777821,0.17375452271959238,-0.35420921429551816,24.616009763698017,-7.480586803180889,0.0,0.0559008416003117,0.028699149899995904,-0.1421183571981014,2.854624923840823,-2.594251979627734,0.0,0.009558357838842024,0.0031907181754236573,-0.01229465014874036,1.8444714403730125,1.8432089761312285,1.8468211471208158,1.8424091574478165,-0.1556809441484053,-0.6545183194112731,0.0,-0.14000318723732905,-0.08492169222079116,0.0
13.277830835350052,118.33287759567953,10.925581785913563,1.5,0.9141983721808639,0.06853670765959877,0.17435052452923452,-0.359368822522798,24.828506385164435,-7.675930722653797,0.0,0.05661486523895247,0.02894081207322832,-0.14303018030856113,2.8426203523964757,-2.6433110326029223,0.0,0.009586322738751553,0.003279948348614465,-0.012169894892395769,1.8460072848765383,1.8448078807743349,1.8483866279049406,1.8439691574414432,-0.1662110086609585,-0.660819009527577,0.0,-0.14240653348440246,-0.08393933726746533,0.0
13.352425390604827,120.19284596850022,10.34559917416597,1.5,0.9119249156513862,0.06993467657381515,0.17494166038635586,-0.3645511002424669,25.04007806180966,-7.8749516438725315,0.0,0.05733150042269454,0.029188834595347584,-0.1439280830926527,2.8298233360416813,-2.6928374182458947,0.0,0.009599028436130887,0.0033548020277000302,-0.0118935409603623,1.8475523822653905,1.8464491139149979,1.849957160562232,1.8455711023155537,-0.1769276442290432,-0.6670465412754355,0.0,-0.14484227502493796,-0.0826834174937363,0.0
13.427019945859602,122.06856008845875,9.750632465318471,1.5,0.9096043606321832,0.07135222279663934,0.17552784045366468,-0.3697549792045656,25.250665168685554,-8.07768419195821,0.0,0.058049063869783486,0.029442292169977832,-0.1448056907713421,2.8162201968199976,-2.7428244806300084,0.0,0.009628328900155568,0.0034522734037046527,-0.01168997663782824,1.8491284280260638,1.8481077308531395,1.8515641316706646,1.8471894550107648,-0.18782662047491064,-0.673177622666172,0.0,-0.14736634994520847,-0.08164297440632481,0.0
13.501614501114378,123.95994425659113,9.140403516643792,1.5,0.9072362957150183,0.07278948199274021,0.17610898615279225,-0.3749794928322828,25.46020706294708,-8.284162490435833,0.0,0.05876861757073892,0.029701535284650388,-0.14567182484363123,2.8017971167213354,-2.7932659053085094,0.0,0.0096620925397936,0.003503121484554797,-0.011480489542786342,1.8507327601609977,1.8497895311926464,1.8531934166568433,1.8488379581439287,-0.19891715772370036,-0.6792196486153256,0.0,-0.15005114076770806,-0.08031681197876747,0.0
13.576209056369153,125.86691821101361,8.514631658022076,1.5,0.9048203297696245,0.07424657332134123,0.1766849928821353,-0.3802236584904556,25.66864204100815,-8.494420165653553,0.0,0.05948931783819805,0.029967660138645786,-0.1465166167075486,2.7865398686827425,-2.844154556862179,0.0,0.00967653093175115,0.003594428103590175,-0.011185159654059095,1.8523523874972476,1.8515121787940358,1.85484089035272,1.8505187176771554,-0.21018245719149875,-0.685172061538674,0.0,-0.15241298502253206,-0.07908005630878263,0.0
13.650803611623928,127.78939704895659,7.873033730535874,1.5,0.902356134276309,0.07572364117756011,0.17725577163288345,-0.38548635322610186,25.87590738616874,-8.708490322309487,0.0,0.06021205237375716,0.03023828741513745,-0.14734654879404122,2.7704347735120662,-2.895483329864285,0.0,0.009684329747237194,0.00368366805917854,-0.011054066575176012,1.8540189514836047,1.8532436580385883,1.8565340636421357,1.8522074802063213,-0.22165033448370033,-0.6910188578968054,0.0,-0.15475674233458503,-0.07773360957409017,0.0
13.725398166878705,129.72729114971017,7.215324126578941,1.5,0.8998433058396471,0.07722077685464664,0.17782123295145724,-0.3907666639686192,26.081939316901845,-8.926405501151589,0.0,0.06093568112794206,0.03051524408230126,-0.14815899125221818,2.7534678570103175,-2.947244515362312,0.0,0.009726875238830344,0.0037315366289876473,-0.010716221635133954,1.8556902467641887,1.85502176742262,1.8582309483402353,1.8539534792348384,-0.23329877332066995,-0.6967631506775365,0.0,-0.15771397698585926,-0.0762530145169475,0.0
13.79999272213348,131.68050609623643,6.541214832693908,1.5,0.8972815766199337,0.0787381372323248,0.17838122979202103,-0.39606339752811776,26.286673003289454,-9.148197661534853,0.0,0.061660722875230584,0.03079742992923943,-0.14895074728513458,2.7356243571829726,-2.9994300692003364,0.0,0.009717506003939698,0.0038199499076866207,-0.010561174606051726,1.8574122380948315,1.856814138276251,1.8599768530783236,1.8557005646172073,-0.24514113650189986,-0.7023963948667044,0.0,-0.1599503343002193,-0.0746884393556907,0.0
13.874587277388256,133.6489425949872,5.850415474213929,1.5,0.8946705874516847,0.0802758135256212,0.17893567130248408,-0.40137558377059573,26.490042544044044,-9.373898148986934,0.0,0.06238753199250262,0.031085122855008713,-0.14972909645029436,2.716890436491976,-3.052031695921645,0.0,0.009744270336267792,0.0038924335557205536,-0.010276272402336058,1.859147352899421,1.858647427899595,1.8617386991877565,1.8574957292326773,-0.25717906853273326,-0.7079199266693368,0.0,-0.16261531340719934,-0.07320759905460278,0.0
13.949181832643031,135.63249639714292,5.142633361385231,1.5,0.8920100624165548,0.08183392902432451,0.17948442476356524,-0.406702099669215,26.69198097187906,-9.603537683774466,0.0,0.06311443420925295,0.031378079698280104,-0.15048376931652693,2.697251663217009,-3.1050406429529356,0.0,0.009769787497218949,0.003963218821742595,-0.009987869520214306,1.8609125790923307,1.8605113472333392,1.8635301204683397,1.859321566394944,-0.26940180005004544,-0.7133164530749707,0.0,-0.16528882862481187,-0.07165841831387522,0.0
14.023776387897806,137.6310582189667,4.417573538108508,1.5,0.8892997431017008,0.08341260663878314,0.18002735526517635,-0.4120418125981859,26.89242026036878,-9.837146307267778,0.0,0.06384293742298629,0.03167617020803551,-0.15122473150190519,2.676693617628979,-3.1584478943382854,0.0,0.009754050237088637,0.004019202718370371,-0.009827706830126218,1.8627275862618593,1.862393426035783,1.8653633499381082,1.8611616454733764,-0.2818227972613179,-0.7185920865925417,0.0,-0.16774557047187483,-0.06963711260334533,0.0
14.098370943152583,139.64451366182547,3.6749388327335373,1.5,0.8865393262947575,0.08501191402099784,0.18056433057863697,-0.4173937229164003,27.091291298771562,-10.07475336702137,0.0,0.06457255526508848,0.03197952437208349,-0.15194372922235647,2.655201934999509,-3.2122435605619373,0.0,0.009796451479425207,0.004106048420828739,-0.009462628173955458,1.8645444429904487,1.8643289832687555,1.8672109153058665,1.8630590081780611,-0.29443790225849253,-0.7237409728016391,0.0,-0.17045238187008674,-0.06825263880209471,0.0
14.172965498407358,141.67274313166106,2.9144299114403993,1.5,0.8837286402787543,0.0866320130436376,0.181095193331881,-0.4227565678013291,27.28852389540232,-10.316387498217667,0.0,0.06530266750357451,0.03228733587309933,-0.1526437607660291,2.6327619402063833,-3.26641835672274,0.0,0.009794969465482918,0.0041619239323632245,-0.009321548513812826,1.866425008329061,1.8662721610844317,1.8691115159805598,1.864962110064987,-0.3072480540445982,-0.728748370123826,0.0,-0.17303097997988015,-0.06623994415344074,0.0
14.247560053662134,143.71562175786826,2.1357453318509223,1.5,0.8808673975337349,0.0882729554627651,0.18161980730099656,-0.42812937167632253,27.484046773941927,-10.562076580675837,0.0,0.06603354028441959,0.032600594342525276,-0.15332749801634143,2.60935929269468,-3.3209616947997422,0.0,0.009807263739961299,0.004217556293264301,-0.00898076624559467,1.8683149146615525,1.8682707396139737,1.8710232764670576,1.8669224824782273,-0.3202486215464815,-0.733621422610477,0.0,-0.17572910886720483,-0.06427110081562856,0.0
14.32215460891691,145.77301931305465,1.338581600900786,1.5,0.8779554529661026,0.0899348629265613,0.18213799099140815,-0.4335108940673581,27.677787579988358,-10.811847715525946,0.0,0.06676534953058777,0.03291785274799589,-0.15398632270715676,2.584979180469995,-3.3758628704000118,0.0,0.009804033398264486,0.004292092979548993,-0.008748742757648554,1.8702512485211218,1.8702932474805463,1.872981837231894,1.8689019569997274,-0.3334509719180586,-0.7383447571392844,0.0,-0.1782749225537238,-0.06233800071725318,0.0
14.396749164171684,147.84480013138437,0.5226332344580715,1.5,0.874992606165067,0.09161781433577494,0.1826495900239101,-0.438900037043627,27.869672862461275,-11.065727181737598,0.0,0.06749827330762262,0.03323975952255031,-0.15463182932809558,2.5596072277508037,-3.4311108494623492,0.0,0.009846139804093037,0.004342296681113201,-0.008495039749180302,1.8722184972749312,1.872348265616689,1.8749742187105445,1.8709236627922616,-0.34685348751566725,-0.7429215724214443,0.0,-0.18114704461204803,-0.06040449262202301,0.0
14.47134371942646,149.93082302708765,-0.31240718137526924,1.5,0.8719786815200927,0.09332190745744516,0.18315441728090204,-0.44429568982095485,28.059628060425478,-11.323740438423425,0.0,0.06822997339491617,0.033566189386520076,-0.15525283016704056,2.5332283446273376,-3.486694344229295,0.0,0.009830287331545515,0.00440173179493916,-0.008156356459721171,1.8742151339702116,1.8744534585298869,1.8769889257397026,1.8729861289678673,-0.3604353825391641,-0.7473324745733524,0.0,-0.1835648630870495,-0.0581485280817764,0.0
14.545938274681236,152.03094121249345,-1.1668489267523783,1.5,0.8689135920607594,0.09504722705813967,0.18365229148991066,-0.44969659770909076,28.24757755435178,-11.585912051486556,0.0,0.06896415123511522,0.033896557787986156,-0.155856218876504,2.505828320052092,-3.542601243017522,0.0,0.00981350290162509,0.004454231743972447,-0.008016286450486554,1.876271745751547,1.8765718232828477,1.8790624469144226,1.875062544867532,-0.3742326367636137,-0.7515918883781811,0.0,-0.1860166613769385,-0.05577294592696688,0.0
14.620532829936012,154.14500221775816,-2.0410030811639506,1.5,0.8657971410797743,0.09679380929962321,0.18414303586824465,-0.45510175930288804,28.433444609699595,-11.852265693526617,0.0,0.06969752123324288,0.03423089639301852,-0.1564400209662357,2.47739253665305,-3.598819046692895,0.0,0.00986819247085225,0.0045118518238460754,-0.007618237852263114,1.87833052766873,1.8787525301511485,1.8811488352226247,1.8772107229622572,-0.38821628385848467,-0.7556756828119691,0.0,-0.18906068808313037,-0.05384555229022921,0.0
14.695127385190787,156.2728478088816,-2.9351824546711827,1.5,0.8626293109543024,0.09856179387917884,0.18462642022315312,-0.4605098583368302,28.61715140389041,-12.122824097477318,0.0,0.07043178474763857,0.03456903815358966,-0.1570001628414595,2.447905757061042,-3.655335542426285,0.0,0.009847875021421858,0.004553868536333029,-0.0074475006857075855,1.8804601219775336,1.880949291547509,1.8832931029566333,1.8793666253778891,-0.4024014510780859,-0.7595893764274757,0.0,-0.19153166848158393,-0.05125354938357241,0.0
14.769721940445562,158.4143139047098,-3.8497015182094687,1.5,0.8594099608555793,0.100351196140287,0.18510225973518163,-0.46591985368339334,28.798619004182694,-12.397609040992178,0.0,0.07116594728658925,0.034911007917369265,-0.15754609679509718,2.4173537419592046,-3.7121371695192495,0.0,0.009846167402604812,0.0046054890945488765,-0.007137484206603312,1.8826106432921195,1.883200450605266,1.8854621900769568,1.8815781592838583,-0.4167786652725352,-0.7633234492805919,0.0,-0.1940948199304712,-0.04882182003510945,0.0
14.844316495700339,160.56923049641398,-4.784876329532564,1.5,0.8561390546479185,0.10216209246805903,0.1855703309382919,-0.47133054032660465,28.977767404282233,-12.676641294147837,0.0,0.07190067769914545,0.035256072698852274,-0.158064983583899,2.3857217263379913,-3.76921042043861,0.0,0.009842236447048142,0.0046547820763825,-0.0068271745748097945,1.8848013045108434,1.8854913390861696,1.887670637396772,1.8838295991715526,-0.4313577171618832,-0.766871043236903,0.0,-0.19663496899782704,-0.046309564701451034,0.0
14.918911050955113,162.7374215655277,-5.741024457543602,1.5,0.8528165771580997,0.10399454865633674,0.1860304004016499,-0.47674071537944995,29.154515484892553,-12.959940595932364,0.0,0.07263544096875765,0.0356045108452224,-0.15856954277742144,2.352994972150161,-3.8265412370920475,0.0,0.009851218858754769,0.004693136208885245,-0.00664198113689492,1.887046933484539,1.887806736759741,1.8899342389480318,1.8861089059173588,-0.44613087942703433,-0.770228139152597,0.0,-0.1993562466237099,-0.04370995802754699,0.0
14.99350560620989,164.9187050023853,-6.7184649041392,1.5,0.8494424451827861,0.1058485874415622,0.18648225374228192,-0.4821493315329957,29.328781048213255,-13.247525623338577,0.0,0.07337024836213349,0.035955965286419464,-0.15905035475185053,2.3191589622770947,-3.884115160911314,0.0,0.009850605536307623,0.004730216484403879,-0.006258696555694899,1.8893120247903068,1.8901869894029153,1.8922156282576943,1.8884520344655535,-0.46109954251741964,-0.7733874463509594,0.0,-0.20197580710356125,-0.04099431562119353,0.0
15.068100161464665,167.11289252484588,-7.717518023672278,1.5,0.8460167467746642,0.10772428219699463,0.18692562880714295,-0.4875550763729266,29.500480801932298,-13.53941395382032,0.0,0.07410488258809825,0.03631019719493484,-0.15951083798508858,2.2841990963175576,-3.9419171705475744,0.0,0.009850574673734834,0.004767148575497928,-0.006110407287447255,1.891646594947964,1.8925823532311266,1.8945664347425997,1.890810488480634,-0.4762615355788296,-0.7763418618640844,0.0,-0.2045823223567781,-0.038231504557747154,0.0
15.14269471671944,169.31978959733166,-8.73850543952512,1.5,0.8425394137501816,0.10962164446962146,0.18736029371966156,-0.4929569470841834,29.669530370727283,-13.83562203194913,0.0,0.07484033566712131,0.036667211146727025,-0.15995393467012706,2.2481007021034074,-3.9999320337207047,0.0,0.009838627295112156,0.004798795241270094,-0.0057539289054003165,1.8940016055696083,1.8950453838804984,1.896935160239702,1.8932357224340308,-0.4916250030046431,-0.77909288278409,0.0,-0.2070902484826481,-0.03529759558203506,0.0
15.217289271974217,171.53919534929457,-9.781749959045055,1.5,0.8390105507098203,0.11154071300796245,0.18778598180161438,-0.49835367980790823,29.835844285908994,-14.136165146045725,0.0,0.07557479097513431,0.03702649018353659,-0.16037118286911023,2.210849537119992,-4.058143668490011,0.0,0.009855651750693008,0.004829263109961652,-0.0055005341888305125,1.8964106929348723,1.8975383293013393,1.8993617255103423,1.895695381056742,-0.5071747180579657,-0.7816216250182338,0.0,-0.20978605259613928,-0.03245731440627225,0.0
15.291883827228991,173.77090249541567,-10.847575484680881,1.5,0.835430193343198,0.11348151124431347,0.18820243003420462,-0.5037441652123367,29.999336019791564,-14.441057370208078,0.0,0.0763095926797992,0.0373878076765639,-0.160775107451081,2.1724310311313366,-4.116535927685623,0.0,0.00985073651467389,0.004854840136114032,-0.005258045222329623,1.8988679123413432,1.9000761491502343,1.9018325608745774,1.8981975339630919,-0.5229211502005349,-0.7839297059242242,0.0,-0.21241564078332645,-0.029398911912544325,0.0
15.366478382483766,176.01469725507494,-11.93630692331802,1.5,0.8317983957365305,0.11544404153436755,0.18860936654015756,-0.509127301347773,30.159917953768552,-14.75031154953999,0.0,0.0770440639711997,0.03775149465853047,-0.16115287120028612,2.132830792630074,-4.175091914590678,0.0,0.009847135825329102,0.004883824007000979,-0.004897632558843192,1.9013570851500827,1.9026734087403756,1.904335853103422,1.9007590837167594,-0.5388560177798323,-0.7860126627514251,0.0,-0.21494076407884583,-0.026336400638566924,0.0
15.441072937738543,178.2703592723537,-13.048270092902444,1.5,0.8281153217650337,0.11742833910910074,0.18900650499766145,-0.5145018368292205,30.317501415662974,-15.063939265158037,0.0,0.0777784899678309,0.03811680139571244,-0.16151381313892094,2.092034748403627,-4.233794575631246,0.0,0.00983949071667211,0.004890201710693301,-0.004757110610296519,1.9039202749061375,1.905290636681574,1.9069093005450493,1.9033433492571863,-0.554983424255712,-0.7878606189281574,0.0,-0.21752386992842426,-0.02295534798686663,0.0
15.515667492993318,180.53766153711462,-14.183791626899755,1.5,0.8243809953777079,0.1194343541263358,0.18939355806992061,-0.519866799936388,30.47199666503739,-15.381950784993082,0.0,0.07851254106031261,0.03848321003200164,-0.16185465756759868,2.0500284968712417,-4.292625638209121,0.0,0.00984442477229992,0.004948111379815784,-0.004370215992385352,1.9064981140222261,1.9079865001798417,1.909506354133096,1.9060009452097828,-0.5713009626773662,-0.7894622599183013,0.0,-0.21992400448105656,-0.020151356640640883,0.0
15.590262048248094,182.81637030564292,-15.34319887408139,1.5,0.8205956413461154,0.1214621348059563,0.1897702290385045,-0.5252209091256849,30.623312909793956,-15.704355032737352,0.0,0.0792463944291258,0.0388512673291897,-0.16217195832533923,2.0067982012478733,-4.351567636339789,0.0,0.00983324773743791,0.004939344285209362,-0.0042007993360646,1.9091554750302018,1.9107020712037872,1.9121710802341905,1.9086856535978238,-0.5878048320441808,-0.7908208982819687,0.0,-0.22248277224773108,-0.016487724760591148,0.0
15.66485660350287,185.1062450229761,-16.526819799036147,1.5,0.8167593430575608,0.12351162290594225,0.19013621399306935,-0.5305631674586012,30.771358318136613,-16.031159569971205,0.0,0.07998007957854361,0.039220368307623474,-0.16247550587879828,1.9623297835685019,-4.410601368390918,0.0,0.009831682857903236,0.004953360702366539,-0.0038910957825986662,1.9118437526910763,1.9134840612890751,1.91487123012985,1.9114350311706703,-0.604496253884501,-0.7919260382637228,0.0,-0.22498853407722463,-0.013066728937165317,0.0
15.739451158757644,187.40703824497083,-17.734982877161627,1.5,0.8128722953692191,0.12558280595145546,0.19049119734573416,-0.5358924276422691,30.91604001626785,-16.362370534987217,0.0,0.08071316886404432,0.039590166526315695,-0.16275250385736612,1.9166094650642602,-4.469707769091773,0.0,0.009829690753814934,0.004963937749228191,-0.0035830404633269,1.914582832388968,1.916315732871743,1.9176214823738482,1.914234870908018,-0.6213699458239156,-0.7927681949514725,0.0,-0.22746542829233563,-0.009559272714332675,0.0
15.81404571401242,189.71849556145304,-18.96801698785538,1.5,0.8089347138822334,0.12767565750678656,0.1908348457738206,-0.5412075542663473,31.05726410735862,-16.69799261126627,0.0,0.08144607205463071,0.039960693384557995,-0.1630160093740574,1.869623480579777,-4.528867035359917,0.0,0.009817745566527394,0.0049926007893939224,-0.0034193937343906496,1.917389183274795,1.9191838060643438,1.920440084186516,1.91706727967342,-0.6384269760644318,-0.7933457991628624,0.0,-0.2297218586565377,-0.006160203985723221,0.0
15.888640269267196,192.0403555201208,-20.226251304926254,1.5,0.8049467220838902,0.12979011637568588,0.19116686924797488,-0.5465075739635399,31.194935685064934,-17.038029012227586,0.0,0.0821786230770751,0.04033113185666069,-0.16325655256645474,1.8213585973692936,-4.588059471951567,0.0,0.009820537518617651,0.004954507050372023,-0.003041526743133366,1.9202266428070358,1.9221227621421724,1.923282322980673,1.9199824220718011,-0.6556667853338483,-0.7936448443177536,0.0,-0.2323982929701791,-0.0020085303013056507,0.0
15.963234824521972,194.37234955175438,-21.510015185409635,1.5,0.8009086480885581,0.13192615658999896,0.19148687844503498,-0.5517912667012098,31.328958830745187,-17.38248141331526,0.0,0.08291084583476532,0.040702517029219065,-0.16347771658989083,1.771801004503724,-4.647263784337678,0.0,0.009812085133170721,0.004972266530569646,-0.002913514811099678,1.9231427705823305,1.9250904414630594,1.926209418146017,1.9229170481217222,-0.6730815332932849,-0.793673671770549,0.0,-0.2346585252821219,0.0015959725191182852,0.0
16.037829379776745,196.71420189475697,-22.819638053117917,1.5,0.7968206207700442,0.13408367691994905,0.1917945694001863,-0.5570577250589611,31.459236636521574,-17.7313499361662,0.0,0.0836421015213611,0.04107253766730901,-0.1636835373639971,1.7209378140915335,-4.70645895260623,0.0,0.009813800766828267,0.004982152985331554,-0.002565275554382108,1.9260872095750332,1.9281359822015478,1.9291650884933043,1.925932342534016,-0.6906719076087685,-0.793399124787997,0.0,-0.23701913726255391,0.005305712551789592,0.0
16.112423935031522,199.06562952256078,-24.15544928084648,1.5,0.7926829657436512,0.1362626492584828,0.19208957645385025,-0.5623057894550701,31.585671221260107,-18.084633088165223,0.0,0.08437357927609135,0.041443137785691725,-0.16386412888299784,1.668755884409989,-4.765623672730012,0.0,0.009789292631234086,0.004964652565282232,-0.0023511285207008957,1.9291057618958323,1.9312205654957728,1.9321871500501524,1.9289872102099066,-0.7084372924148579,-0.7928451200862123,0.0,-0.2393000369463958,0.009495245911514906,0.0
16.1870184902863,201.42634207100105,-25.5177780709172,1.5,0.7884959225390685,0.13846296795288646,0.19237154606964876,-0.56753447023746,31.708163739915964,-18.44232777256046,0.0,0.08510465295204296,0.04181273898932839,-0.16403327046713542,1.6152425125752987,-4.824735424125904,0.0,0.009807959461263085,0.004945942493517219,-0.0021175853850186324,1.9321747874040853,1.934359817112144,1.935265581718088,1.9321032049092695,-0.7263769030342608,-0.7919853613369353,0.0,-0.2417407167886976,0.01357094673568217,0.0
16.261613045541075,203.79604176680544,-26.90695333129705,1.5,0.7842597452679447,0.14068454560049332,0.19264011165669062,-0.5727427851682978,31.826614381738654,-18.804429196197677,0.0,0.08583423609934847,0.042181707541113424,-0.1641785413845869,1.5603847828698958,-4.883771615437684,0.0,0.009788185896715436,0.0049360526523965125,-0.001789392269179687,1.9352916218182712,1.9375696779076874,1.9383874833766617,1.9352835539322577,-0.7444717147381801,-0.7908180468846153,0.0,-0.24380989523912003,0.017739451293986536,0.0
16.33620760079585,206.17442335701347,-28.32330354911095,1.5,0.7799748044131486,0.14292730072790177,0.19289489165123413,-0.5779296254408189,31.940922427784486,-19.170930860331676,0.0,0.08656470224121839,0.04254913227457378,-0.16430829256717225,1.5041705314429321,-4.9427090426925195,0.0,0.00975531736575119,0.0049265262306068406,-0.001686773447550846,1.9384928636148062,1.9408118023778995,1.9415919665122714,1.9384945169272487,-0.7627469116146378,-0.7893362866025433,0.0,-0.24568570383397245,0.02199860854347169,0.0
16.410802156050625,208.5611740408198,-29.76715666171886,1.5,0.7756412968278674,0.14519107253491703,0.19313555303202234,-0.5830941512880743,32.0509862325708,-19.54182451729887,0.0,0.08729354837439951,0.04291550935509669,-0.16442064463801484,1.4465880730008642,-5.001524012894083,0.0,0.009809636362727225,0.00488999978947795,-0.0013037356916438014,1.9417159258257088,1.9441364152839762,1.9448266726776335,1.9418044590540093,-0.7811704235498215,-0.7875334573661135,0.0,-0.24854141189115356,0.026355980046211477,0.0
16.485396711305402,210.9559734028117,-31.23883992481831,1.5,0.7712596592661244,0.14747580695306353,0.19336164726396857,-0.5882352401204889,32.15670326145073,-19.917100131806908,0.0,0.08802219566460259,0.04327995164118135,-0.16451169848739375,1.3876244655263055,-5.060192280383757,0.0,0.009742188232077204,0.0048651198081620115,-0.0011925864219183373,1.945037437162029,1.9474981342863642,1.9481441717010164,1.9451330500742747,-0.7997559432174143,-0.7854000161969777,0.0,-0.24997517737895333,0.031005857632857375,0.0
16.559991266560175,213.3584933444619,-32.73867977742941,1.5,0.7668301406322874,0.14978132641895503,0.19357283163524985,-0.5933520443436224,32.25797008493167,-20.296745836381426,0.0,0.08875160501860753,0.04364315734977152,-0.16459067635417843,1.3272687594514345,-5.118689162303108,0.0,0.009760213194569907,0.004849191042329076,-0.000906266535098087,1.9483922348945197,1.9509347145014684,1.9515082896028344,1.9485475331335496,-0.818507432740943,-0.7829428626266101,0.0,-0.25226047588130934,0.03533595680349637,0.0
16.63458582181495,215.76839802007652,-34.26700170499247,1.5,0.7623531167683621,0.15210750275855955,0.19376869713378014,-0.5984435854524605,32.354682405461716,-20.68074792529966,0.0,0.08947836003413233,0.044003279719264536,-0.16464696888632188,1.2655094086844678,-5.176989379694429,0.0,0.00977908813584535,0.004829569037137189,-0.0006228532275121826,1.9518086836760462,1.9544314201300408,1.954933528734042,1.952023321559674,-0.8373893732462284,-0.780125966905288,0.0,-0.2545023054788723,0.03975930557700929,0.0
16.70918037706973,218.185343773849,-35.824130098427865,1.5,0.7578289757646209,0.15445419546854147,0.19394883372770944,-0.60350890207964,32.44673512374007,-21.069090752654493,0.0,0.09020583691802014,0.04436165313225964,-0.1646916741233671,1.2023352663158535,-5.235067183009915,0.0,0.009723153375753317,0.004784304131835355,-0.0005162113475638693,1.955314578088556,1.957973032095521,1.9584339956179777,1.955537290219846,-0.8564292082112431,-0.7769712818136963,0.0,-0.25593465388122894,0.044765919932532094,0.0
16.7837749323245,220.6089790784417,-37.410388110332356,1.5,0.7532580027457746,0.15682119956846058,0.1941128679856429,-0.6085471938541366,32.5340223054237,-21.46175675335104,0.0,0.09093300557075613,0.04471731464497564,-0.16471636568741013,1.1377359296685288,-5.29289618692839,0.0,0.009758231129653227,0.004750040918826077,-0.0001641695928023056,1.9588478024077278,1.9615999052267197,1.9619761492549133,1.9591482758546455,-0.8756141324108665,-0.7734597542780424,0.0,-0.2582708451481121,0.04944935509992621,0.0
16.858369487579278,223.03894447521645,-39.02609750917176,1.5,0.7486406891684468,0.15920840135763972,0.19426034269558307,-0.6135574322867684,32.616437218154296,-21.85872638065611,0.0,0.09165897747551617,0.04507002618618034,-0.1647250795667023,1.071700299833556,-5.350449777642412,0.0,0.009733315193398333,0.004708965841419149,-7.872495612979537e-05,1.9624802510193222,1.9652632869807458,1.965608017621383,1.962788647064839,-0.8949297006956558,-0.7695828110035052,0.0,-0.25989327930032285,0.05441668889042242,0.0
16.932964042834055,225.47487251449783,-40.67157853038893,1.5,0.7439773122503041,0.16161556708382044,0.1943908825037433,-0.6185388848992476,32.693872363142106,-22.259978067972792,0.0,0.09238500335287676,0.04541988055499572,-0.16472079489498703,1.004218599373221,-5.4077005762623145,0.0,0.009723221594955722,0.0046634631652455565,0.0002157813910575843,1.966152436817877,1.9690138579926637,1.9692810756187473,1.9665192458552347,-0.9143844820203464,-0.7653401842783235,0.0,-0.2616224318050328,0.05946056150910679,0.0
17.00755859808883,227.9163877001637,-42.347149724351056,1.5,0.7392683490140702,0.16404252297927038,0.19450404557079226,-0.6234906054281826,32.76621949885873,-22.665488195723952,0.0,0.09310997610229872,0.04576628703580302,-0.16469552235402377,0.9352810271519834,-5.4646206793700145,0.0,0.009749737160227917,0.004612062984498561,0.00041598279970569014,1.9698988253132461,1.9728157332155098,1.9730325944037495,1.9703076785629046,-0.9339653447790588,-0.7607177189521988,0.0,-0.2633537601411234,0.06450670438684754,0.0
17.082153153343604,230.36310643516032,-44.053127801310936,1.5,0.7345141785032919,0.16648905741467496,0.19459941620350094,-0.6284117937722556,32.8333696719435,-23.075231044034602,0.0,0.09383522823582077,0.04610889539494534,-0.1646612315212879,0.8648781003283564,-5.521181850694368,0.0,0.009718675656373365,0.0045659430623314215,0.0005795500421473484,1.9737194470583246,1.976684016039605,1.976850981933878,1.9741538975874513,-0.9536727558431595,-0.7557114643098319,0.0,-0.26504209720646843,0.06975515916979892,0.0
17.15674770859838,232.8146369688136,-45.78982747373257,1.5,0.7297151877336808,0.16895494166667624,0.19467656888151566,-0.6333016706165628,32.89521322772312,-23.489178757913567,0.0,0.09455947414202999,0.04644820681714648,-0.1646066984053366,0.7930006660177767,-5.577355108208411,0.0,0.009709353591442007,0.004518370393013865,0.0008600015245445855,1.977592362983816,1.9806310597253094,1.9807244445087193,1.978082671547801,-0.9734953138024577,-0.7503193959242225,0.0,-0.26655479860320536,0.07497572808885065,0.0
17.231342263853158,235.27057934627862,-47.55756129564847,1.5,0.7248718770805523,0.1714399683954562,0.19473506200900154,-0.6381593489706409,32.95163986221743,-23.90730131972924,0.0,0.09528345887528868,0.04678315531065002,-0.16454047260954272,0.7196402451204541,-5.633111238447299,0.0,0.009705012344666013,0.004462477825426091,0.000939952752876609,1.9815566844733437,1.9846218882653492,1.984688849745913,1.982057470301405,-0.9934341720365427,-0.7445261186556124,0.0,-0.2680611686746746,0.08035338299524877,0.0
17.30593681910793,237.73052536065308,-49.356639499657874,1.5,0.7199845710941618,0.17394386632459827,0.1947744804838841,-0.6429841759379769,33.002538630737476,-24.32956649561817,0.0,0.09600703307976316,0.047113959488828704,-0.16445983375001683,0.6447883618920751,-5.688420239142068,0.0,0.009692748424480537,0.004407424332767528,0.0012289823543388363,1.9855662640703804,1.9887061236284946,1.9886974912203128,1.986124854287294,-1.0134813810485532,-0.7383297924577508,0.0,-0.26939382664287176,0.08578332053871797,0.0
17.380531374362707,240.19405850653973,-51.18736983023117,1.5,0.7150538119916706,0.1764664119107655,0.19479436623432506,-0.6477752745411701,33.047797989429306,-24.755939804736332,0.0,0.09673011723515974,0.04744034443687643,-0.16436203060933222,0.5684373301913482,-5.743251793662689,0.0,0.009691429126713919,0.004345329904770404,0.001333882828127461,1.9896665489756,1.9928373145263496,1.9927973528040852,1.9902422254817183,-1.0336300451706757,-0.7317231667415236,0.0,-0.27077531389623316,0.0913400859015205,0.0
17.455125929617484,242.66075393672082,-53.050057374851846,1.5,0.7100799664351051,0.17900731939193595,0.1947942971566058,-0.6525319935964041,33.08730582726686,-25.18638448212946,0.0,0.09745277798228162,0.04776201101273728,-0.1642560115323978,0.4905796493815162,-5.797574969974296,0.0,0.009685366237898233,0.004280719873485004,0.0015522587758496872,1.9938247803978495,1.99705213975921,1.9969541653638148,1.9944432331297848,-1.053875066972809,-0.724698155545979,0.0,-0.27202165400099065,0.09699659421006211,0.0
17.529720484872257,245.13017842077852,-54.94500439199419,1.5,0.7050635116820836,0.18156632144854862,0.19477382530539658,-0.6572535830150137,33.12094949545256,-25.62086143683559,0.0,0.09817510151495054,0.048078884120040785,-0.16413053300168381,0.4112083797985907,-5.851358379560057,0.0,0.009680634746623572,0.004212371787462953,0.0017671120595667837,1.9980549752895225,2.0013372872236843,2.00118255460072,1.9987158328479129,-1.0742108714711271,-0.7172499816386474,0.0,-0.2731935917142547,0.10274699899774721,0.0
17.604315040127034,247.60189030632114,-56.87251013644333,1.5,0.7000049339308587,0.18414314190167488,0.19473249593931827,-0.6619393105023127,33.14861584071049,-26.0593292190612,0.0,0.09889694472195595,0.04839065579074327,-0.1639974212064303,0.3303169595746056,-5.9045700942961545,0.0,0.00966259815675884,0.004150997849774912,0.0018501887386098612,2.002372975574398,2.005680672852931,2.0054978921688704,2.0030441281543268,-1.0946293234936486,-0.7093706043865148,0.0,-0.2741180422290937,0.10847108555792424,0.0
17.67890959538181,250.07543948285704,-58.83287068179595,1.5,0.6949046101972453,0.18673745354647722,0.19466989961682096,-0.6665885810248843,33.17019125196903,-26.5017439828792,0.0,0.09961866501851543,0.04869704828921513,-0.1638484930696141,0.24789965838293915,-5.957177856938573,0.0,0.00967974733874453,0.004067761289035551,0.00212874347120109,2.006740469631315,2.0101153178830793,2.0098646001560514,2.0074722488910095,-1.1151279097775855,-0.7010522505129021,0.0,-0.27536847449489565,0.11451887400291112,0.0
17.753504150636584,252.55036734891334,-60.826378740469345,1.5,0.6897631155038588,0.1893489879812141,0.19458554333444444,-0.6712006194619753,33.18556167962335,-26.948059444025876,0.0,0.10033975142328593,0.04899841725526829,-0.16368729023175022,0.1639505631554513,-6.00914863126185,0.0,0.009666024153449637,0.003998750343946458,0.0021792760937449605,2.011209217036328,2.014600388323806,2.0143302022893894,2.0119448507375006,-1.1356932936074253,-0.6922959133875906,0.0,-0.27615641024273635,0.12044212417382999,0.0
17.82809870589136,255.02620678039472,-62.85332348049249,1.5,0.6845808111599212,0.19197738120771218,0.19447901576239543,-0.6757748963407438,33.19461268433337,-27.39822685137071,0.0,0.10106060783751046,0.04929306180746363,-0.16351692543541907,0.07846494400989343,-6.060448890504477,0.0,0.009661817121395414,0.003935413006158511,0.0024129228054681757,2.015730261266252,2.0191806459155504,2.0188503133826647,2.0165135854128278,-1.1563235726310492,-0.6830744515213643,0.0,-0.27695528815858256,0.12634124034678304,0.0
17.902693261146137,257.5024821035096,-64.91399033899171,1.5,0.6793582424462646,0.1946223368323555,0.19434985723821271,-0.680310706528805,33.19722947636663,-27.852194926873548,0.0,0.10178132001470248,0.04958275047192627,-0.1633297751763045,-0.00856172221227096,-6.111045209840013,0.0,0.00964373377697742,0.003853545538773296,0.002535397627297847,2.020341781960533,2.02382282468577,2.0234562846819935,2.0211454254770618,-1.1770099982292344,-0.6734101388400893,0.0,-0.2776607404359934,0.1327176417487615,0.0
17.977287816400914,259.9787090697785,-67.00866083507987,1.5,0.6740958606705764,0.19728349634435002,0.19419761884619302,-0.6848074747923043,33.193296951215096,-28.309909880673985,0.0,0.10250132757966215,0.04986638695437888,-0.16313748293928182,-0.09713336962206363,-6.160902899454063,0.0,0.0096487518323618,0.0037606736159279956,0.002667835828548153,2.025027333117981,2.028539647951117,2.0281380594978975,2.02585705350872,-1.1977435093555047,-0.6632780263899453,0.0,-0.27820124479206393,0.1389445133697891,0.0
18.051882371655687,262.45439483434967,-69.13761237834731,1.5,0.6687941127646981,0.1999604979915298,0.19402186914326797,-0.689264643129482,33.18269974042651,-28.771315323668453,0.0,0.10322160923222037,0.05014352456451833,-0.16292899148643886,-0.18725324770858442,-6.209987284773959,0.0,0.009650646773488942,0.0036741275796455253,0.0028894574986536377,2.0297791871410817,2.033343980182094,2.032886600864535,2.030655403592147,-1.218522677726039,-0.6526739185780526,0.0,-0.27875850484824766,0.14531382246019775,0.0
18.126476926910463,264.9290379375977,-71.30111807497357,1.5,0.6634535571258029,0.20265299989441926,0.19382213386342254,-0.693681569306509,33.16532223926774,-29.236352253208434,0.0,0.1039412243567815,0.050414358362591546,-0.16271279599306931,-0.2789242240849139,-6.2582629848250715,0.0,0.009646907262047005,0.0035917191392338104,0.0029289742915743766,2.034629685656637,2.038205346788444,2.0377336203114718,2.035509793468098,-1.2393299582634456,-0.6415950664073704,0.0,-0.2791438270712406,0.15167947905878515,0.0
18.20107148216524,267.4021282892498,-73.49944653125665,1.5,0.6580745706999999,0.20536059994722694,0.19359800487120649,-0.6980578026905897,33.141048663342396,-29.704959021410644,0.0,0.10466073939273482,0.05067876213114148,-0.16248615486065773,-0.3721484031192459,-6.305694441156204,0.0,0.009645111977033072,0.0034931589536150187,0.0031551960338488906,2.0395379133410785,2.0431650432067903,2.042636397959043,2.04046551241666,-1.2601637798892584,-0.6300352580258873,0.0,-0.27942840747563547,0.15832368969277308,0.0
18.275666037420013,269.87314715687245,-75.73286165529846,1.5,0.6526577398428988,0.20808293405494308,0.19334900291592763,-0.7023927179645743,33.10976309119496,-30.17707129797281,0.0,0.1053799792673729,0.050936160539887476,-0.16224678122737887,-0.4669273249121737,-6.352245208645018,0.0,0.00963635858047011,0.0033920201420265944,0.0032111150377735083,2.0445454218595662,2.0481841129645173,2.0476371349714206,2.0454804969608413,-1.2810129689468142,-0.6179831530695735,0.0,-0.27950550789820205,0.1650511201274621,0.0
18.35026059267479,272.3415671572165,-78.00162245474618,1.5,0.6472034747757528,0.21081959016331653,0.19307471268742687,-0.7066858693664606,33.07134951127522,-30.652622024500587,0.0,0.10609928729741885,0.05118763142618308,-0.16200228433891334,-0.5632619110181456,-6.3978788463085925,0.0,0.00963784563883655,0.003315339481551739,0.003373614607322791,2.049617827750943,2.0532960105075744,2.0527077427948486,2.0505866129339174,-1.3018741283867006,-0.6054493091890983,0.0,-0.27962042396413966,0.1714917706137308,0.0
18.424855147929566,274.8068522510029,-80.30598283398486,1.5,0.6417122868348267,0.21357016358773548,0.19277468827723418,-0.7109367381911983,33.02569186140297,-31.131541424608216,0.0,0.10681781776976397,0.0514307059223479,-0.1617435902133778,-0.6611523318455147,-6.442558206634793,0.0,0.009636897210773895,0.0032359003711561296,0.0035303856730165947,2.0547715999147904,2.058487280258372,2.0578590130869623,2.0557727415155567,-1.3227254961660004,-0.5923964482624227,0.0,-0.2795816774959,0.17801198153198045,0.0
18.49944970318434,277.2684577413902,-82.64619138733943,1.5,0.636184692229549,0.2163342552012158,0.1924484793025995,-0.7151448176512546,32.97267409041877,-31.613756901361153,0.0,0.10753685974286138,0.051667459367729,-0.16147998373025677,-0.7605984110449444,-6.486245897417788,0.0,0.009636466639384299,0.003100882765464333,0.003580742256539518,2.0600225339722105,2.063743179127851,2.0630997409581107,2.0610317460747347,-1.3435755806244185,-0.5788484762986168,0.0,-0.27934077044380884,0.1853867318398093,0.0
18.574044258439116,279.72583027708987,-85.02249118997842,1.5,0.630621105669579,0.21911139563848578,0.19209566813923412,-0.7193097188746819,32.9121802094085,-32.09919305555054,0.0,0.1082554384255027,0.051897183284912336,-0.1612053078201245,-0.8615987716337838,-6.528903418267233,0.0,0.009630667775955374,0.003042499911572062,0.0037764316128274804,2.0653332691714876,2.0691030216191164,2.068410374091788,2.066383590080863,-1.3644029395080315,-0.564792560035652,0.0,-0.2790397555824459,0.19170515039757144,0.0
18.648638813693893,282.1784078576527,-87.43511958629337,1.5,0.6250221058038822,0.22190119725595175,0.19171581228214724,-0.7234309042568284,32.84409432846361,-32.58777165436574,0.0,0.10897404413413006,0.05211891646656559,-0.16092201474597528,-0.9641517670882067,-6.570493298918837,0.0,0.009631695416076514,0.002926070023595946,0.0037976528118088887,2.0707500613897,2.0745202621438974,2.0738198957782417,2.0718024578602785,-1.3852019139465184,-0.5502112535987274,0.0,-0.27858362095902833,0.19891114650864056,0.0
18.72323336894867,284.62561984380864,-89.88430797847481,1.5,0.6193880850684365,0.22470317242416865,0.1913085028543233,-0.7275080350851164,32.76830072257681,-33.079411584293595,0.0,0.10969233292782904,0.05233357281322605,-0.16063323147427547,-1.0682547856728404,-6.6109762628419615,0.0,0.009632391334065588,0.002822521341655447,0.003969387083524653,2.0762314717069557,2.0800385262832295,2.0792958795506946,2.077320849782214,-1.4059605340524934,-0.5351139070510817,0.0,-0.27801683582962156,0.20598527482788467,0.0
18.797827924203443,287.0668869716402,-92.3702816096139,1.5,0.6137195985241248,0.22751688551951024,0.19087329419922588,-0.7315406391667006,32.684683884342455,-33.57402882615636,0.0,0.11041065970916104,0.05254048042594975,-0.160332288808855,-1.1739046279000256,-6.6503132140600085,0.0,0.009634050958784283,0.00271881323617028,0.0040545347644758934,2.081806311133839,2.085629967794815,2.084865442098035,2.0829131091745237,-1.426671905340176,-0.5194862448547879,0.0,-0.2772729360691667,0.21304456833769742,0.0
18.87242247945822,289.50162137055287,-94.8932593460451,1.5,0.6080171055410296,0.23034186589334327,0.1904097781148532,-0.7355283411157818,32.59312857226483,-34.071536425849146,0.0,0.11112884283836512,0.05273939212834575,-0.16002890842749806,-1.2810972715194084,-6.688464758081453,0.0,0.009624411366376089,0.0026089342960055753,0.0041280453882958125,2.0874677816427827,2.091304379520118,2.0905192791389573,2.08858793297931,-1.4473219437289544,-0.5033239972476685,0.0,-0.27634144803855054,0.22034605496205362,0.0
18.947017034712996,291.9292265857782,-97.45345345739028,1.5,0.6022810639616133,0.23317762239569992,0.18991754519752835,-0.739470785381884,32.49351988395646,-34.571844457065815,0.0,0.11184718983113867,0.052931257441278634,-0.1597140471823483,-1.3898278157493167,-6.725390758796319,0.0,0.009626967394039171,0.002512141371162993,0.004286886123677275,2.093202258737464,2.0970731005128274,2.0962497207819597,2.094357441832922,-1.4679075748798418,-0.486633802001194,0.0,-0.2754014375468156,0.22746302137566896,0.0
19.02161158996777,294.34909760526654,-100.0510693943331,1.5,0.5965120230837166,0.23602369422605332,0.18939617029816275,-0.7433675488994979,32.38574329402715,-35.07486002379378,0.0,0.11256502391925692,0.05311445801668577,-0.15939485354779337,-1.500090710371033,-6.761051236097221,0.0,0.009642847434562377,0.0024148067835185055,0.004304414063430101,2.0990373152772257,2.1029095691996633,2.1020826500182284,2.100197048740463,-1.4884052363283709,-0.46939193548066527,0.0,-0.2744756801416621,0.23467274656986176,0.0
19.096206145222546,296.7606208905328,-102.68630556541942,1.5,0.5907103745229986,0.23887957866556273,0.18884526394901233,-0.7472183526998583,32.26968472569654,-35.580487202848545,0.0,0.11328342713913425,0.05329016964211401,-0.15906856744515396,-1.6118800002473361,-6.795405575371438,0.0,0.009604481581347767,0.0022886669446353335,0.004439653923741094,2.104950394580044,2.1088469856313234,2.1079819296498155,2.106134409640276,-1.5088203679788135,-0.4516087294590874,0.0,-0.27266701221147427,0.24219877586292402,0.0
19.170800700477322,299.16317441126756,-105.35935311086689,1.5,0.584876681594088,0.24174476439797493,0.1882644169431248,-0.7510227996051256,32.145230604549816,-36.088627033457115,0.0,0.11400161441958573,0.05345752688292222,-0.1587337174730793,-1.7251876827849197,-6.828412596628692,0.0,0.00964380864821759,0.0021841046412251425,0.004491012340158975,2.110952343766363,2.1148567569980927,2.113984177422262,2.112152539116772,-1.5291297917065378,-0.43327081663026096,0.0,-0.2717011199975681,0.24967216833102054,0.0
19.245395255732095,301.5561276871734,-108.07039567417054,1.5,0.5790113584207934,0.24461874673204304,0.1876532465266193,-0.7547806135791857,32.012267936520395,-36.59917747982545,0.0,0.11471890101872322,0.05361721241874713,-0.15839737874241863,-1.8400062280131133,-6.860031275330031,0.0,0.009625765165354551,0.0020820291055744363,0.004585021732123992,2.117039979866121,2.120962297144437,2.1200644370133173,2.118258283611377,-1.5493167362338365,-0.41438684553074356,0.0,-0.2699107132350544,0.25698323674786133,0.0
19.319989810986872,303.9388418323081,-110.81960917347908,1.5,0.5731149012703367,0.24750100590441343,0.18701136169333557,-0.7584914716829716,31.870684369475377,-37.112033441769,0.0,0.11543761419164043,0.053768104749312325,-0.15804979372108946,-1.9563265586695004,-6.890219984830514,0.0,0.00960483460313199,0.001977521940003329,0.0046735178191592815,2.1232158264724523,2.127154211664591,2.126232232248338,2.1244508552804384,-1.5693926063551,-0.3949303688249833,0.0,-0.26792132312659883,0.2643484900443286,0.0
19.39458436624165,306.3106696042576,-113.60716156996115,1.5,0.5671878093091497,0.25039102797773005,0.18633836795736422,-0.7621550594900812,31.720368213660027,-37.62708667791026,0.0,0.11615563013027495,0.05391115605058017,-0.1577009658126959,-2.074139064309466,-6.9189368797285775,0.0,0.009626024429214005,0.001855424997157082,0.004703523185654277,2.1294843418075016,2.133422702859862,2.1324962579242603,2.130728753726829,-1.5893245213968252,-0.3749189413463251,0.0,-0.2662037098456588,0.2721635227486229,0.0
19.46917892149642,308.6709554584808,-116.43321263463754,1.5,0.5612304850237183,0.25328825317264675,0.18563391679348148,-0.7657711488563028,31.56120857365534,-38.14422583085434,0.0,0.11687380153759515,0.05404596267431742,-0.1573445878658889,-2.193432839400484,-6.946139716888467,0.0,0.009629614077807824,0.001755006366589721,0.004845230074633988,2.13582777022168,2.139794758012283,2.138835836531151,2.1371051087750077,-1.609108914718489,-0.3543407211309948,0.0,-0.26420765379437666,0.2796346350685566,0.0
19.5437734767512,311.0190356083351,-119.29791371413957,1.5,0.5552434806799542,0.25619216566813874,0.18489761613986816,-0.7693394068670033,31.39309537484872,-38.66333638998014,0.0,0.11759174745069151,0.05417201343902394,-0.15698324089794674,-2.3141963439617124,-6.971786279934936,0.0,0.00962697733561417,0.0016373711534990794,0.0048332834383232465,2.1422791019754523,2.146236663174068,2.1452800891581174,2.1435532741618175,-1.6287266932201756,-0.33318732337389695,0.0,-0.26189311295308254,0.28737184534475146,0.0
19.618368032005975,313.35423808936935,-122.20140749500749,1.5,0.5492271752244,0.2591022035091115,0.1841291315088557,-0.7728596386547456,31.215919442590494,-39.18430066934247,0.0,0.1183101610506796,0.05429064718480642,-0.15661880583613624,-2.4364172436645277,-6.9958340096133576,0.0,0.009622515242763462,0.0015143651958364269,0.004945588766611533,2.1488055353878277,2.152781469299981,2.151798511952835,2.150105157471437,-1.6481799836637863,-0.31147245989961597,0.0,-0.25936280756441815,0.29521781038104056,0.0
19.69296258726075,315.6758828284776,-125.1438277670073,1.5,0.5431820909423538,0.262017810815988,0.18332808980382256,-0.7763315621456924,31.029572560928102,-39.70699780898367,0.0,0.1190282874296606,0.05439991929847332,-0.15624648082196027,-2.5600817823000384,-7.018239705420006,0.0,0.009626836823568255,0.0014267662821542833,0.004992231620220472,2.1554256957873132,2.1594096436343073,2.1584169778327222,2.1567371368873807,-1.6674375842089937,-0.2891700273709798,0.0,-0.25689556985203615,0.30280133851040864,0.0
19.767557142515525,317.98328171947907,-128.12529918360707,1.5,0.5371086645819222,0.26493843368478864,0.18249415340040218,-0.7797549568693652,30.833947569393885,-40.23130371763163,0.0,0.11974625536966413,0.05450125205631326,-0.15587412860661556,-2.6851758081150825,-7.038960557224738,0.0,0.009619436656049501,0.0012998836304407672,0.005027002572936357,2.1621404827540136,2.1661240697281685,2.165122964167715,2.1634595322272343,-1.686495482123764,-0.26629332196407174,0.0,-0.25400699852517755,0.31056023912864855,0.0
19.8421516977703,320.27573870323073,-131.14593702269096,1.5,0.5310073250816127,0.267863488952607,0.18162700066814283,-0.7831296218533058,30.628938418981203,-40.757091103748614,0.0,0.12046504009562921,0.05459421771350714,-0.15549364735202653,-2.8116836726423955,-7.057953248875881,0.0,0.009629555001415126,0.0011884464719829455,0.005139428637169151,2.1689339762218225,2.1729371109149556,2.1719123801149856,2.1702812894082513,-1.705349459177498,-0.2428338472788814,0.0,-0.2511805158840862,0.3183888503947879,0.0
19.916746253025078,322.55254985342225,-134.2058469460987,1.5,0.5248785872050746,0.27079242620530797,0.18072627547885592,-0.7864553032149941,30.41444022993582,-41.284229435805095,0.0,0.12118313536538584,0.0546787171817663,-0.15511170772200084,-2.9395892616048815,-7.075174366252924,0.0,0.009632840153766295,0.0010722354388034271,0.005121915193620068,2.175833598579838,2.1798255023532698,2.1788063729934604,2.177178430078635,-1.7239682673880918,-0.21879364196637743,0.0,-0.24806446763104012,0.32628903988461766,0.0
19.99134080827985,324.8130034669118,-137.30512475771337,1.5,0.5187228172859901,0.27372463968336874,0.1797916856784354,-0.7897318596954298,30.19034939238385,-41.81258493479671,0.0,0.12190161366584681,0.05475473087855761,-0.15472580149468337,-3.068875045989035,-7.090580140069825,0.0,0.009628789276763687,0.0009692892858309663,0.005228369482439434,2.1828090889017324,2.1868201080554446,2.1857771602564604,2.1841792347100415,-1.7423504500219489,-0.19416510429394698,0.0,-0.2447614315559771,0.333983292625531,0.0
20.065935363534628,327.05638016122464,-140.44385616061578,1.5,0.5125405362770853,0.276659566359883,0.17882290172317855,-0.7929590486485805,29.956563630383442,-42.342020564188445,0.0,0.12261998249395424,0.05482257133728523,-0.1543346062275745,-3.199522629846149,-7.104127125326186,0.0,0.009626110594350746,0.0008634828524010762,0.005220977017179827,2.1898887342540085,2.193892019425806,2.1928519472733656,2.191258343801817,-1.7604785414929558,-0.1689537615449219,0.0,-0.2412754999510351,0.34173957087676454,0.0
20.140529918789404,329.28195297674523,-143.62211651459467,1.5,0.5063321302922321,0.27959660069380116,0.17781963417062066,-0.7961367297252576,29.71298207818367,-42.8723960324864,0.0,0.12333878190783892,0.054881327013256334,-0.1539431089719139,-3.3315125897487667,-7.1157712455796736,0.0,0.00963309308542079,0.0007390744643885033,0.005291020659726084,2.197051186262644,2.2010619012314776,2.2000084087847513,2.198439703351187,-1.7783385425709168,-0.14314160733861092,0.0,-0.2375809105002448,0.34985745755570863,0.0
20.215124474044178,331.48898748495367,-146.8399705910594,1.5,0.500098056306852,0.2825351538416697,0.1767815849931902,-0.7992647196824517,29.45950536068633,-43.403567741700165,0.0,0.12405716670460733,0.05493283057319115,-0.1535452734596047,-3.4648244569704616,-7.125468631204807,0.0,0.009642334448148035,0.0006153122500439554,0.005360652350254944,2.204304892728209,2.2083228340126926,2.2072565490193843,2.2057127549734914,-1.7959189729699732,-0.1167585016847132,0.0,-0.2337227939749639,0.35798969651366924,0.0
20.289719029298954,333.67674190252757,-150.0974723289831,1.5,0.49383877063968196,0.2854746255421495,0.17570846205262564,-0.8023428463866044,29.19603567231976,-43.93538885031281,0.0,0.12477574820770408,0.05497534939989046,-0.1531475816049033,-3.5994365562519635,-7.133175126595294,0.0,0.009624245657302893,0.0005373385123853665,0.005334762887073296,2.2116598665353555,2.2156693922199424,2.2146086922285835,2.213061364799581,-1.8132003883330725,-0.08977481041425135,0.0,-0.2296865553390192,0.36530787320741415,0.0
20.36431358455373,335.8444672110918,-153.39466459038292,1.5,0.48755464093344114,0.28841441294828873,0.17460002665127428,-0.8053709885520658,28.922476849640752,-44.467709222788436,0.0,0.12549459729436,0.055009373250638434,-0.15274523795534345,-3.7353264545411253,-7.138847314998212,0.0,0.009643234992050054,0.000389480790960195,0.005442525761541696,2.219093585513357,2.223115497750433,2.222035008033308,2.22052503076311,-1.830172043384252,-0.062195867585590356,0.0,-0.22535274367593255,0.3738817408288857,0.0
20.438908139808508,337.99140728327666,-156.73157891581127,1.5,0.4812461777190645,0.29135390560136115,0.1734559634755598,-0.8083489635401216,28.638734466146715,-45.000375420628984,0.0,0.12621294148618978,0.055035585214776694,-0.15234074293056343,-3.8724701649005704,-7.14244010750311,0.0,0.009634296996755836,0.0002936777770084832,0.005404581923138096,2.2266343224374547,2.2306422271652333,2.2295718117475056,2.228058329445803,-1.8468154558013277,-0.034035746062654706,0.0,-0.22089638973264417,0.38153297371045014,0.0
20.51350269506328,340.11679901510416,-160.1082352768205,1.5,0.47491372567114615,0.2942924923289636,0.17227605425643097,-0.8112766749129384,28.344715904995912,-45.53323072224379,0.0,0.1269322047660661,0.05505341751321284,-0.1519348700967042,-4.010843169494702,-7.143909981227081,0.0,0.009624286732346018,0.00018378243807697352,0.005470043476789711,2.234256311240987,2.2382719911174056,2.2371878293547893,2.2356967849292095,-1.8631271102918854,-0.005276609959238724,0.0,-0.21611394482616691,0.3893930082779262,0.0
20.588097250318057,342.219872463336,-163.52464183193354,1.5,0.4685577535489001,0.2972295581809587,0.17106004474249437,-0.8141539672724417,28.04033043186423,-46.066115115658704,0.0,0.1276510077296303,0.055062951611859146,-0.15152428640768778,-4.150419179720038,-7.14321283666,0.0,0.009607251879648237,8.686059278718465e-05,0.0054701138716359,2.2419776780590737,2.2459877000682686,2.244904105358031,2.2434187512896036,-1.8790742921462753,0.02406886152427767,0.0,-0.21137543556094515,0.3973769820569304,0.0
20.662691805572834,344.29985099074156,-166.98079468153978,1.5,0.46217866125247203,0.30016448878278834,0.16980769882359897,-0.8169807281551225,27.72548930924228,-46.59886531422738,0.0,0.12836953373688292,0.05506431777663867,-0.15111539179134476,-4.291171356089613,-7.14030459274127,0.0,0.009636666783908877,-4.3442073326878385e-05,0.005507462480853076,2.2497861572292335,2.2537943445450836,2.252709445718434,2.2512431641629895,-1.8946517077884444,0.05400952438596477,0.0,-0.2062186114286696,0.4054265737269818,0.0
20.737286360827607,346.3559514166473,-170.47667762247715,1.5,0.45577684073147207,0.3030966512160906,0.1685187979389897,-0.8197568579863348,27.40010585743437,-47.13131472420033,0.0,0.12908838371882828,0.055058286114381155,-0.1507015591807379,-4.4330712866932505,-7.135141059402505,0.0,0.00963756730109191,-0.00014131852680387906,0.005574403229330894,2.2576833741261457,2.2617009751208514,2.2606041069573237,2.25915930745309,-1.9098497207632892,0.08452853385323152,0.0,-0.20103399983810913,0.41317455006774617,0.0
20.811880916082384,348.38738417413884,-174.0122619029102,1.5,0.4493527514505414,0.30602544065355586,0.16719311194295736,-0.8224822172882856,27.064095537226006,-47.66329349867082,0.0,0.12980731723874644,0.05504344926876161,-0.15028751232590398,-4.576089760513457,-7.127678600698141,0.0,0.009625824916725052,-0.0002438604890330073,0.0055277029447998735,2.265687418418766,2.2696874621374366,2.268603249620694,2.267154453415019,-1.9246396167891444,0.11564722358870771,0.0,-0.1954500463094326,0.4208978796014908,0.0
20.88647547133716,350.3933534728534,-177.58750597906726,1.5,0.4429067220310573,0.30895020950865165,0.16583047573222165,-0.8251567468927884,26.71737605168502,-48.19462851090124,0.0,0.13052591841206473,0.055021081949075776,-0.14987218487392379,-4.720195969344296,-7.1178735905599515,0.0,0.009650959437288265,-0.00035933843041807505,0.005620877020141376,2.273766185758496,2.2777790065985175,2.276680554049742,2.275261984142104,-1.9390119314879126,0.14734398287185405,0.0,-0.18993170071931603,0.42906213170422586,0.0
20.961070026591933,352.3730574701422,-181.20235527173432,1.5,0.4364392307062619,0.31187035013831743,0.16443064659641188,-0.827780312078643,26.35986742935963,-48.72514337936797,0.0,0.13124467840267434,0.05499077109662328,-0.1494536988722618,-4.865358484885628,-7.105681947370868,0.0,0.009626479815781044,-0.00045810728199454417,0.005576154297844203,2.2819557431370305,2.28595174209848,2.284864045190032,2.283441655904522,-1.952951928914695,0.1796268098264855,0.0,-0.18380642003731046,0.4366034385373237,0.0
21.03566458184671,354.3256884468783,-184.85674192261502,1.5,0.4299506180058304,0.3147852188850973,0.16299347791227103,-0.8303528516275042,25.99149210728185,-49.25465846710271,0.0,0.1319638571805944,0.054952689066031485,-0.14903627487384805,-5.0115441810546235,-7.091060554569805,0.0,0.009635160580655092,-0.0005621952475601171,0.005618822195795003,2.290225795854537,2.294224331337094,2.2931320645397433,2.2917268316091035,-1.9664472477075239,0.21249434034801087,0.0,-0.17776932202965323,0.44445694540941133,0.0
21.110259137101487,356.25043299075537,-188.55058455302654,1.5,0.42344129576790535,0.31769418748789713,0.16151878803789882,-0.8328742722557653,25.612175016776703,-49.782990902671486,0.0,0.13268212914471966,0.05490687758271756,-0.14861547633109723,-5.158718937572879,-7.073966061213366,0.0,0.009643283354483344,-0.0006666369207135501,0.00565970114977833,2.298588674084171,2.302589115943176,2.3014927973421866,2.3001045252446297,-1.9794672831621662,0.2459342804476982,0.0,-0.1714955414575187,0.4522836785762714,0.0
21.18485369235626,358.14647218624344,-192.28378802352626,1.5,0.4169116707972472,0.3205966307907065,0.1600064135821435,-0.835344483845602,25.22184369336022,-50.30995461481473,0.0,0.13340100137987343,0.054853590713209915,-0.1481957184223998,-5.306847497168524,-7.054355640314255,0.0,0.009647721940785631,-0.0007716143567129179,0.005636956580083757,2.307051689385752,2.311039226225449,2.3099531602928227,2.308567295720867,-1.9920138058663106,0.2799524940660272,0.0,-0.16493875648518488,0.4600684172262673,0.0
21.259448247611036,360.0129818117764,-196.05624319456047,1.5,0.4103620858928784,0.3234919039955124,0.15845620679019684,-0.8377634373978531,24.82042834511098,-50.8353603084954,0.0,0.1341193595024379,0.054792837794466864,-0.14777402147796403,-5.455893338181819,-7.032186067298009,0.0,0.009621110078032308,-0.0008612142602827322,0.005672659159647232,2.315601489432053,2.3195916508965446,2.3184981233613797,2.3171261122782747,-2.004057856354858,0.3145382080524017,0.0,-0.15799249743575833,0.4673460158185628,0.0
21.334042802865813,361.84913254213285,-199.86782668768507,1.5,0.4037929810217088,0.32637938271600203,0.15686802358969715,-0.840131031560307,24.407861954205146,-51.359015524287244,0.0,0.134838302084972,0.054724214997983106,-0.1473509041781672,-5.605818509602243,-7.007415306319639,0.0,0.009632652330513847,-0.0009654925923747456,0.005641195567517619,2.3242497245237046,2.328224834297209,2.3271449085966784,2.3257734275466544,-2.0155891633671867,0.3497031087876829,0.0,-0.15105282826485736,0.4751080155597159,0.0
21.40863735812059,363.6540901595661,-203.7184006501458,1.5,0.39720467012636607,0.32925842566391506,0.1552417610314764,-0.8424472296773079,23.98408036864384,-51.88072463917479,0.0,0.1355561245622804,0.054649285240032194,-0.1469295115389167,-5.756584163019307,-6.980001315056501,0.0,0.009641405594740023,-0.0010748498618707329,0.005694818519432563,2.3329809750112034,2.336959873928207,2.335873629792472,2.3345231086536806,-2.0265899748360945,0.38540855478967456,0.0,-0.143787518624711,0.4828834653277292,0.0
21.483231913375363,365.42701577027225,-207.60781252103473,1.5,0.3905975824744846,0.33212840065644506,0.15357726431786123,-0.844711949677002,23.549022387790153,-52.4002889227775,0.0,0.13627508124168805,0.05456611592229902,-0.14650399409159234,-5.9081499534400415,-6.949901656579992,0.0,0.00958448181041144,-0.0011482454258859253,0.0056386482048023726,2.341819069823656,2.3457813651797506,2.3447050449974034,2.3433452026589205,-2.0370408613181694,0.42169324032181404,0.0,-0.13636337826946693,0.4900430614488957,0.0
21.55782646863014,367.16706602870073,-211.53589479694816,1.5,0.38397206670311096,0.3349886737932075,0.15187445246722078,-0.8469251390233918,23.102629866701715,-52.917506497094195,0.0,0.13699302440366593,0.05447619520620406,-0.14608176995966524,-6.060474416013116,-6.917075448231659,0.0,0.009632884217089362,-0.001255722825811827,0.005679229120205419,2.3507329375198456,2.354696092958794,2.353622368988405,2.352280396220331,-2.046928153681861,0.45852608856049304,0.0,-0.12870098399113677,0.4975304151774076,0.0
21.632421023884916,368.8733933683769,-215.50246480195108,1.5,0.3773284791196249,0.33783860737853727,0.15013322437584292,-0.8490867500722845,22.644847796483948,-53.43217242856365,0.0,0.13771076191390774,0.05437954942967556,-0.14565693419023795,-6.213514845128669,-6.8814813358043265,0.0,0.009626730549230208,-0.00134417115561115,0.005714414946592708,2.359741744708387,2.363707065489042,2.3626296152351247,2.3613017167375228,-2.056233651181459,0.4958980495336779,0.0,-0.12080922254976445,0.504724477013089,0.0
21.70701557913969,370.545146239797,-219.50732445942705,1.5,0.370667224246929,0.34067757153961664,0.14835349497360686,-0.8511967114880451,22.175624411744792,-53.94407875068506,0.0,0.13842849671719867,0.05427569700250773,-0.1452330489132639,-6.367227045161349,-6.8430790779426225,0.0,0.009632062230138402,-0.0014380454389198484,0.005674796705070837,2.3688503573694293,2.3727997459762684,2.3717375852975984,2.370407333631572,-2.064938484245883,0.5338168843184173,0.0,-0.1127196779065751,0.5120415967446887,0.0
21.781610134394466,372.18146935547674,-223.55026006702792,1.5,0.3639886128926029,0.3435049302161413,0.14653519042497576,-0.8532549973887285,21.694911269649026,-54.45301447358988,0.0,0.1391463145907611,0.0541651710665208,-0.1448087896341545,-6.5215660756286535,-6.801828098024221,0.0,0.009604213450714685,-0.0015236571988085643,0.0056947094430345934,2.3780452536382684,2.3819935247771165,2.380928350410893,2.3796084067073027,-2.0730317235667512,0.5722716101611307,0.0,-0.10416112430146397,0.5188647297671367,0.0
21.856204689649243,373.7815039413619,-227.63104207204466,1.5,0.35729305300339753,0.34632005206273064,0.1446782527381231,-0.8552615383608821,21.20266335393266,-54.95876563345532,0.0,0.13986362808405742,0.05404803107170229,-0.14438345891873824,-6.6764850100997695,-6.757689290907722,0.0,0.009615594244845971,-0.0016120127847953072,0.005672938315270966,2.387333562281297,2.3912705909340817,2.390217700112881,2.388898950682539,-2.0804901925797377,0.6112504787563626,0.0,-0.09571460869638647,0.5260206086010497,0.0
21.930799244904016,375.34438799650945,-231.74942485242528,1.5,0.3505808645549279,0.3491223043887968,0.14278263055945364,-0.8572163054892844,20.698839171343565,-55.46111534329648,0.0,0.14058077961773133,0.053924226097659754,-0.14396044610921827,-6.831936279624129,-6.710623270952621,0.0,0.00961234678625227,-0.0017011105613321147,0.00568684189951396,2.396709740530193,2.4006436108524207,2.3995928061251477,2.3982836320642464,-2.087298040846691,0.6507519184396098,0.0,-0.08685883250745664,0.5329760725503797,0.0
22.005393800158792,376.8692565588227,-235.90514649863746,1.5,0.3438524143622162,0.35191105902708963,0.14084828230637642,-0.8591192496056937,20.183400841404133,-55.95984381020625,0.0,0.14129766974602487,0.05379427288604883,-0.14353507121743084,-6.9878707554863215,-6.660591639669903,0.0,0.009608797193219198,-0.0017889365318125019,0.005699831340949272,2.4061766229474295,2.410107165532562,2.4090587430887873,2.4077588918917963,-2.0934428710690507,0.6907618990057367,0.0,-0.07777265548151327,0.5398209097749522,0.0
22.07998835541357,378.3552419781411,-240.09792859957486,1.5,0.33710807180656016,0.3546856931783832,0.13887516679244982,-0.8609703218031399,19.6563141850673,-56.45472839917992,0.0,0.14201418476381159,0.053657788218202856,-0.14311228034067325,-7.14423818528754,-6.607556439371441,0.0,0.009583312017966347,-0.001879274610237315,0.0056402613525383645,2.4157439529153355,2.4196540260669654,2.4186217251756914,2.4173148495713983,-2.0988998166684443,0.7312777840456529,0.0,-0.06818669397380378,0.5463874250077275,0.0
22.154582910668346,379.8014741960478,-244.3274760319705,1.5,0.3303481327285038,0.357445557913294,0.1368633047769244,-0.8627695057988451,19.11754884424595,-56.945543675243094,0.0,0.14273076808983765,0.053515389474128,-0.1426882211124625,-7.300986363048812,-6.551480630872601,0.0,0.009615288927625743,-0.0019447357050752497,0.005711889756252175,2.4253803488087127,2.4293036373088954,2.4282654204041068,2.4269783887145127,-2.1036628161904605,0.7722892750945479,0.0,-0.059258421381935204,0.5531167395008214,0.0
22.22917746592312,381.2070810348089,-248.5934767533042,1.5,0.32357301146488954,0.36019006073523707,0.13481263644458402,-0.8645167317374194,18.567078342969648,-57.43206144485705,0.0,0.1434462642525343,0.05336661804670097,-0.1422653029348631,-7.458063225266741,-6.492327408598259,0.0,0.009594824764401735,-0.002031960719342851,0.005644981592785947,2.4351277220657703,2.439029093380903,2.4380096166739116,2.436713621478536,-2.107696170808577,0.8137826288627908,0.0,-0.049263773831076066,0.5594884252629165,0.0
22.303772021177895,382.57118848965905,-252.89560159796255,1.5,0.3167829898009378,0.3629185615890081,0.1327231985797075,-0.8662119876714452,18.00488020690511,-57.914050816502396,0.0,0.14416251233316113,0.053212389271474106,-0.1418429903198154,-7.615414275732344,-6.430060977576842,0.0,0.009578104744283068,-0.0021145891288943397,0.00565694600596317,2.4449547717894196,2.4488530191833813,2.447834697931023,2.44654734869367,-2.11101128209824,0.8557576505197183,0.0,-0.03912324780633522,0.5657291336909263,0.0
22.378366576432672,383.89292103070227,-257.23350407772347,1.5,0.3099784433171022,0.36563043833074044,0.13059500102597482,-0.867855225801978,17.430936035877753,-58.391278245536526,0.0,0.14487723985180043,0.053051906443327496,-0.14142032485818973,-7.772983741250043,-6.364646370749982,0.0,0.00961194187428298,-0.0021738243390678267,0.0056790195114115654,2.454864426157204,2.458765067600517,2.4577528281015053,2.456473272586547,-2.1135602521727836,0.8981926548436409,0.0,-0.02912275030953949,0.5719728758863132,0.0
22.452961131687445,385.1714019124621,-261.6068201867305,1.5,0.30315970264856623,0.36832508039010353,0.1284280580929564,-0.8694464122302932,16.84523164221126,-58.86350760347699,0.0,0.1455919578924363,0.052886274473981545,-0.14100039354904578,-7.93071525316481,-6.296049046567832,0.0,0.009567220009043302,-0.0022555447927583845,0.005620025628230059,2.464879184446058,2.468760302848732,2.467761806081837,2.466474545661433,-2.1153446129909734,0.9410788312288114,0.0,-0.018670665063568452,0.5777786049006521,0.0
22.52755568694222,386.40575348907015,-266.0151682106385,1.5,0.2963270799600548,0.3710018670905274,0.12622243105123762,-0.8709855189365696,16.247757097789037,-59.33050024813222,0.0,0.1463069811943214,0.052714636030580936,-0.14057839152766569,-8.088550673427338,-6.224235906395853,0.0,0.009572844616591665,-0.002333451636814426,0.005652455589429008,2.47496780031685,2.4788509111486454,2.4778522945495305,2.4765780093744043,-2.1163449269873738,0.9844235562547684,0.0,-0.00804502809768898,0.5838330819116115,0.0
22.602150242197,387.59509753665077,-270.4581485406313,1.5,0.28948095803923285,0.37366019694286895,0.12397812812171422,-0.8724724957846753,15.63850684454763,-59.79201503870148,0.0,0.1470206729358214,0.052538131138599065,-0.1401592201092476,-8.246430954248332,-6.1491738904070035,0.0,0.009572075984406877,-0.002414790582358041,0.0056047939833815475,2.4851541477573793,2.4890202300916733,2.4880391271292477,2.4867598727872946,-2.1165432481454367,1.028183539072748,0.0,0.0029510716828034,0.5897284215668134,0.0
22.67674479745177,388.7385555828474,-274.93534349064265,1.5,0.28262161143737335,0.3762994424993828,0.12169523488936027,-0.8739073315451814,15.017479799046722,-60.24780845130404,0.0,0.1477342806526219,0.05235596977864157,-0.13974047706199033,-8.404295182178787,-6.070831179021504,0.0,0.009557380886701036,-0.002460026895658023,0.0056219254440459734,2.4954187540682686,2.4992877885087954,2.4983073651235443,2.4970330655033575,-2.115918385638153,1.0723725639216712,0.0,0.01371358862640599,0.594873079740123,0.0
22.751339352706548,389.835249244399,-279.4463171208954,1.5,0.27574941822134225,0.3789190182976624,0.11937380672327004,-0.8752899692052472,14.384679438445163,-60.69763462130778,0.0,0.14844724148237506,0.052168751013729496,-0.13932163125570698,-8.562082095106875,-5.989177490727562,0.0,0.009552509668433897,-0.0025547712827885998,0.005581001595160536,2.505779814224652,2.5096313024718278,2.5086664241788585,2.507390782821768,-2.114456950485279,1.1169657297220723,0.0,0.0254885111980429,0.6005908139118039,0.0
22.825933907961325,390.88430056973084,-283.9906150675491,1.5,0.2688646718979813,0.38151830940830456,0.11701392743993815,-0.8766203902354205,13.740113888571697,-61.14124543050005,0.0,0.1491598813593292,0.051977255813477265,-0.13890553367054778,-8.719728440878203,-5.904182589448612,0.0,0.00954836765869843,-0.002607160660391809,0.005584621166057617,2.51621909009433,2.5200692685064046,2.519109800805516,2.517837139854711,-2.112156375937588,1.1619464277485045,0.0,0.036768200166865626,0.6056489962193335,0.0
22.900528463216098,391.8848323892805,-288.5677643762006,1.5,0.2619677118430267,0.38409672162829184,0.11461568011436754,-0.8778985546508482,13.083795996807611,-61.57839057579557,0.0,0.14987182932146131,0.051779881087964164,-0.13848838627621038,-8.877170114025352,-5.815817731694333,0.0,0.009545609907813925,-0.002656347137295016,0.00558966241303615,2.526743819478047,2.5305933494197785,2.5296392602987017,2.528369574547614,-2.108967153383396,1.2073173798046852,0.0,0.04822474256224303,0.6105210795838741,0.0
22.975123018470875,392.83596867361126,-293.1772733413084,1.5,0.25505887489717427,0.3866536549950092,0.11217916197691603,-0.8791244263659979,12.41574349976205,-62.00881762355323,0.0,0.15058315560796626,0.0515783076596886,-0.13807431413494117,-9.034341410412294,-5.724055151438289,0.0,0.009534383181026998,-0.002737175646993769,0.005541450320575356,2.537362922984087,2.541195009714039,2.5402574269762845,2.5389829327019937,-2.1049007816548992,1.2530470239446065,0.0,0.06057723151250826,0.615503688358642,0.0
23.04971757372565,393.73683489753176,-297.81863135136194,1.5,0.2481384489478464,0.3891885181387408,0.10970449019954268,-0.8802979792847344,11.735979018404766,-62.43227211957747,0.0,0.15129393430892846,0.05137224136838078,-0.13766021159527003,-9.191175889368504,-5.62886806050189,0.0,0.009523644796982233,-0.0027895868281253827,0.005559185939714718,2.548057275678756,2.5518910620972894,2.5509549001828864,2.5496868918903863,-2.099934251529025,1.2991270863484805,0.0,0.07264747846532575,0.6199782632860501,0.0
23.124312128980428,394.5865584109654,-302.49130874049314,1.5,0.24120680514215842,0.39170072934774075,0.10719176489942073,-0.8814191632358058,11.044530206655205,-62.848497658090686,0.0,0.15200415828113234,0.05116156111546796,-0.13724716321989136,-9.34760568415427,-5.530230993850775,0.0,0.00951643576800398,-0.0028523259029751024,0.00550514652547575,2.5588447497762905,2.562662140472802,2.561744519769072,2.560467965930484,-2.094047160037563,1.345545138214035,0.0,0.08512751779599621,0.6244309188101904,0.0
23.1989066842352,395.3842688161198,-307.1947566464811,1.5,0.23426421326520233,0.39418969677865373,0.10464113556039797,-0.8824879569067327,10.34142982142657,-63.25723596926292,0.0,0.1527136738327698,0.05094666804260026,-0.1368364694541292,-9.50356168388096,-5.428119479524204,0.0,0.009509234440358132,-0.002908912458673202,0.005518130309013905,2.5697078412345284,2.5735251273681747,2.572610622017723,2.5713401652574794,-2.087227289962414,1.3922809985584392,0.0,0.09773833358961224,0.6286258720170133,0.0
23.273501239489978,396.12909835214685,-311.92840687461654,1.5,0.22731102969269298,0.39665484534710027,0.1020527234588568,-0.8835043129930639,9.626715817726843,-63.65822700560459,0.0,0.1534216870578262,0.05072780123163913,-0.13642610703038638,-9.658973681570043,-5.322510308799971,0.0,0.009590135052824574,-0.0029828362213802887,0.005593775998192382,2.5806419384085335,2.5844710243531863,2.5835576827400977,2.582310339563853,-2.079458572191202,1.4393199873408669,0.0,0.1105805159949712,0.632552739795303,0.0
23.348095794744754,396.8201822858001,-316.69167176853745,1.5,0.22034755994606783,0.39909559694412833,0.09942668186164798,-0.8844681974269095,8.900431431534617,-64.05120903181054,0.0,0.1541307290618187,0.050504594073200196,-0.13601731547310852,-9.813770260198739,-5.213381495144757,0.0,0.009489482883895915,-0.0030152870889259002,0.005465108129700669,2.5916921253062637,2.5954916987846475,2.594601041616538,2.5933238257364897,-2.07072574922664,1.4866450351908018,0.0,0.12358314616514812,0.6362676238223761,0.0
23.422690349999527,397.4566593086467,-321.48394408799135,1.5,0.21337410831559822,0.40151138023344085,0.09676317307195305,-0.8853795738442399,8.162625263899999,-64.43591872286964,0.0,0.1548381882624663,0.050277616387326016,-0.13560901027047434,-9.967878965582994,-5.10071234800601,0.0,0.009479794020771386,-0.003066654459536739,0.00547451074889135,2.6028033408771623,2.6066024874249303,2.6057155594804122,2.6044431102013763,-2.0610117178787144,1.5342394043103644,0.0,0.13682187307743834,0.6397537792622964,0.0
23.497284905254304,398.03767194072617,-326.3045968937141,1.5,0.2063910276568713,0.4039016293936127,0.09406234905979237,-0.886238394544763,7.413351376330403,-64.81209125774414,0.0,0.1555448903317755,0.05004693877380856,-0.13520311505987076,-10.121226020410774,-4.984483491963913,0.0,0.009466459900453215,-0.003122052997148335,0.005413988372717046,2.6140045687601434,2.617786538581989,2.616918988354849,2.615635782397346,-2.0503038421225,1.5820837963286154,0.0,0.1504044130303141,0.6430130850989224,0.0
23.57187946050908,398.56236694030025,-331.1529834395136,1.5,0.1993985843137073,0.40626577363600397,0.0913244085478019,-0.8870446314301342,6.652669360870626,-65.17946041926979,0.0,0.15625076353794573,0.049812520412611964,-0.13479868774854256,-10.273736528163818,-4.864676860689528,0.0,0.009460850391526438,-0.003158719197374633,0.005434388437431743,2.6252753468099903,2.629061398970997,2.6281956789639365,2.626917806081756,-2.0385831751469503,1.6301611312194895,0.0,0.16377869879498272,0.6459594364397064,0.0
23.646474015763854,399.0298957206804,-336.0284370719673,1.5,0.1923971446897075,0.40860326743794617,0.08854951103688433,-0.8877982274421428,5.880644434968706,-65.53775869748787,0.0,0.1569558715885812,0.049574664840942265,-0.13439461971478545,-10.42533497330134,-4.74127587437653,0.0,0.009443866214443531,-0.0032143293922837564,0.005379880003212092,2.636637078517019,2.6404071600428747,2.639558984206125,2.6382719242202253,-2.025839709560177,1.6784516736921404,0.0,0.1778491736295136,0.648700127643587,0.0
23.72106857101863,399.43941477142687,-340.9302711380341,1.5,0.1853869872702668,0.41091354762465976,0.08573786996985025,-0.8884991496801803,5.097347509162136,-65.88671739687491,0.0,0.15766032274420766,0.04933360400056271,-0.13399366281525082,-10.575944150478179,-4.614265301464526,0.0,0.009435996421903294,-0.0032552804056327,0.005376155967600183,2.648070721514218,2.6518386013376176,2.6509975510104336,2.6497109739413243,-2.012061942505052,1.726937081094535,0.0,0.19177579175464035,0.6511856856845082,0.0
23.795663126273407,399.7900860867719,-345.8577789003552,1.5,0.1783684404054945,0.4131960678877215,0.08288968257343243,-0.8891473496965014,4.302855269107009,-66.22606673950365,0.0,0.1583636142571633,0.04908904979990182,-0.1335925564995902,-10.725486134177967,-4.48363143388754,0.0,0.009427470348313883,-0.003294780063427573,0.00537188735641653,2.6595831842738815,2.663348836830706,2.6625149845709086,2.661228664640135,-1.9972242068730155,1.7755945869619003,0.0,0.20589037474814437,0.653394675069004,0.0
23.87025768152818,400.0810775998173,-350.81023346088483,1.5,0.17134183349015703,0.4154502845665509,0.0800051536701031,-0.8897427788614114,3.497250272720709,-66.55553598182564,0.0,0.1590662406730165,0.04884151209820973,-0.1331945468717857,-10.873881874326692,-4.349362020700062,0.0,0.009411175599567476,-0.003341189692971759,0.005318203294582533,2.671180481637972,2.674931503489963,2.674115161269863,2.6728186947846138,-1.981324280037443,1.824407265551554,0.0,0.2204275363048035,0.6553017804797392,0.0
23.944852236782957,400.3115636222215,-355.78688769310594,1.5,0.16430744511612452,0.4176756539154177,0.0770845226994582,-0.8902853969182786,2.6806209989769467,-66.87485352664153,0.0,0.15976798804510578,0.04859103581370118,-0.1327970738755626,-11.02105129631452,-4.211446416713677,0.0,0.009403164372034378,-0.003375861199091739,0.005335125721826762,2.682845627555894,2.686599889048309,2.6857859581629357,2.684494062388299,-1.964345706274883,1.873352443698406,0.0,0.23486230847979883,0.6569552534042865,0.0
24.019446792037733,400.4807252896307,-360.7869741825538,1.5,0.1572656392043985,0.41987164931563,0.0741279961893238,-0.8907751439098198,1.853061935052049,-67.1837470405448,0.0,0.16046879172429043,0.04833779590341076,-0.13240119603857864,-11.166913581699394,-4.069875581126072,0.0,0.009388202867411006,-0.0034146744666627596,0.005273780756607121,2.6945973058056607,2.6983360991372005,2.697541671057753,2.6962369303831224,-1.9462768591575967,1.9224074237593667,0.0,0.24963502720488007,0.6582731750853951,0.0
24.09404134729251,400.5877510116463,-365.8097051762958,1.5,0.15021668135156424,0.42203772891940866,0.07113583906414123,-0.8912119817489614,1.0146736422727654,-67.48194357103179,0.0,0.16116831727095024,0.04808130909433257,-0.13200834838593445,-11.311386365872625,-3.9246420314102686,0.0,0.009379745365211158,-0.003443463667610365,0.005283052154429983,2.706415593057896,2.7101565986648892,2.7093663087667608,2.7080636349233633,-1.9270891862322934,1.9715507637289265,0.0,0.2643525849839122,0.6593225710815318,0.0
24.168635902547283,400.63183692945523,-370.85427254163335,1.5,0.14316092622703777,0.42417338176789604,0.0681082739652695,-0.8915958470175124,0.16556285298029272,-67.76916967441329,0.0,0.16186779252217814,0.04782327469679905,-0.1316142868554732,-11.454387303600047,-3.7757399504199496,0.0,0.00930535078794248,-0.00353799924632649,0.0051775086799445156,2.718331733852825,2.722039051602726,2.7212700792311755,2.71995238087203,-1.906800187203476,2.0207617975623124,0.0,0.27960969892831605,0.6600477543256078,0.0
24.24323045780206,400.61218737554424,-375.9198477337786,1.5,0.13609867493256517,0.4262780792448592,0.06504556844111226,-0.8919266919781502,-0.6941575172834549,-68.04515153585349,0.0,0.16256511668613996,0.04756163272759065,-0.13122540493397108,-11.595832208272743,-3.623165284664261,0.0,0.00934791160163332,-0.0035165403197454153,0.005215781103746686,2.730289252646961,2.7340124761242066,2.7332481763328675,2.7319322364419794,-1.88537694426806,2.070015192157763,0.0,0.2947982426154268,0.6604595496716544,0.0
24.317825013056837,400.5280153403235,-381.0055817731678,1.5,0.1290302325501679,0.4283513091710278,0.06194799039966895,-0.8922044617154516,-1.56436824983047,-68.30961510270858,0.0,0.16326197086211536,0.04729804867615632,-0.13083582274934108,-11.735636590741903,-3.466915683605532,0.0,0.009335170104854589,-0.0035476769730340644,0.00522018251684774,2.7423320612797206,2.7460558343942085,2.745296214482312,2.743981756375613,-1.8628122573254156,2.1192894986608994,0.0,0.31016060732365874,0.6605806502214974,0.0
24.39241956831161,400.3785429434784,-386.1106052325067,1.5,0.12195595084094904,0.4303925617324861,0.05881579744613434,-0.8924290956880572,-2.4449437788928075,-68.56228621237535,0.0,0.1639576512760128,0.04703220806042478,-0.13044909898673404,-11.87371480593827,-3.306990598211571,0.0,0.009321643197448397,-0.0035773323218292468,0.0051613644940071085,2.7544550512900434,2.758164962267692,2.7574244938339976,2.7560967510843644,-1.8390953715981517,2.1685574617630596,0.0,0.32567578544215153,0.6603717693657765,0.0
24.467014123566386,400.16300190959487,-391.2340282334639,1.5,0.1148761027752408,0.4324013328305239,0.055649288062327044,-0.8926005406203354,-3.335752137502632,-68.80289072596193,0.0,0.16465232913506986,0.04676427628854059,-0.13006402049201596,-12.009980725151303,-3.1433912066441443,0.0,0.009301886267918232,-0.003606874587149025,0.005163732705108342,2.766643597400007,2.77035372590852,2.7696174064994894,2.768290539239501,-1.814217432066984,2.2177973571415714,0.0,0.3413898356212192,0.6597488505013369,0.0
24.541608678821163,399.88063404819644,-396.37494045358784,1.5,0.10779105351796324,0.43437712401462,0.0524487311003469,-0.8927187314715865,-4.236654889580586,-69.03115466576973,0.0,0.16534591726186132,0.046494245483752986,-0.12967969240248428,-12.1443471415639,-2.976120654640934,0.0,0.009289117179991304,-0.0036367388875856504,0.005115820818087412,2.7789088569469147,2.7826074762441526,2.7818879015679805,2.780550430340642,-1.7881653686209336,2.2669838104984983,0.0,0.35725291581771473,0.6589075732680992,0.0
24.616203234075936,399.5306917385871,-401.5324111436986,1.5,0.10070108979795826,0.43631944100465825,0.04921443756303721,-0.8927836104287757,-5.1475070707699535,-69.24680435720153,0.0,0.16603843479019076,0.04622256859078129,-0.1292988451338781,-12.27672632663337,-2.8051838969018417,0.0,0.00927513617511929,-0.003656935266490484,0.0051053925199414235,2.7912397650523304,2.7949368792102116,2.7942252058087496,2.7928844266600845,-1.760937941778447,2.316090084313553,0.0,0.37303970233603145,0.6576624726129506,0.0
24.690797789330713,399.1124384179159,-406.70548915545453,1.5,0.09360654587787402,0.4382277956254312,0.04594670569926556,-0.8927951130833288,-6.068157156860464,-69.44956656662931,0.0,0.16672967211684608,0.045948704614993605,-0.12891800466438583,-12.407029733914925,-2.630587841278179,0.0,0.009260839129566554,-0.0036758600120200768,0.005094968981667953,2.8036403860450507,2.8073360782202124,2.8066322708653084,2.805288102835545,-1.7325089581568651,2.3650910751214473,0.0,0.3889442671863826,0.656064520966075,0.0
24.76539234458549,398.6251490739831,-411.8932029796695,1.5,0.08650775923358076,0.44010170531055176,0.0426458380730191,-0.8927531736544984,-6.998446972683553,-69.63916864490223,0.0,0.16741985891934777,0.04567339036377614,-0.12854058844581304,-12.535168170223317,-2.452341288045571,0.0,0.009243968060825792,-0.003702374178576809,0.005042194207798929,2.8161155433446403,2.819798954388927,2.81911239716579,2.8177561526789634,-1.7028867005171675,2.4139606454656555,0.0,0.40521298998185284,0.6541277638325276,0.0
24.839986899840266,398.06811074172094,-417.0945607957163,1.5,0.07940501814805317,0.44194069090919863,0.039312173203260185,-0.8926577293955642,-7.938211682023615,-69.81533868115748,0.0,0.1681088036478529,0.04539646085257744,-0.12816407615744052,-12.661051842609444,-2.270455133357528,0.0,0.00922789955146538,-0.0037225910027225756,0.005050166595808984,2.8286513139822462,2.832337278350726,2.83165406026628,2.830298942018956,-1.6720551904147707,2.4626709401086493,0.0,0.42145107516153646,0.6518165308117916,0.0
24.91458145509504,397.4406230025007,-422.30855053165186,1.5,0.07229869767246222,0.4437442827724236,0.03594601099870409,-0.8925087081451555,-8.887279724253148,-69.9778056440697,0.0,0.16879659890428064,0.0451180624638661,-0.12778930336494146,-12.784590377743562,-2.0849421797133485,0.0,0.009211665119097562,-0.0037417303149696463,0.004989131511690104,2.8412622615867615,2.8449349542442,2.844270962589651,2.842900946014545,-1.6400087005470774,2.511196079904941,0.0,0.4377950530941443,0.6491400685674844,0.0
24.989176010349816,396.7419984871607,-427.5341399359191,1.5,0.06518907618503021,0.44551201095476767,0.03254771181159178,-0.8923060455342723,-9.845472775193214,-70.12629954044402,0.0,0.1694830314544477,0.04483823039879319,-0.12741754869264987,-12.905692771871363,-1.8958174047816956,0.0,0.009196143244457076,-0.003758699376283021,0.004991457286213546,2.8539321083273173,2.8576064328077377,2.8569471238020956,2.8555765488384037,-1.6067373614854117,2.559505676256556,0.0,0.4542109487157373,0.6461025467767504,0.0
25.063770565604592,395.9715633821882,-432.7702766603413,1.5,0.05807651996482195,0.4472434171505352,0.029117595345002717,-0.8920496674993006,-10.81260570553341,-70.2605515674886,0.0,0.1701684785118045,0.044557523578561825,-0.12704557450419346,-13.02426767140004,-1.7030977441499335,0.0,0.009160138660422312,-0.003811207604306354,0.0049328155763844585,2.8666785491723217,2.8703353148929294,2.86969184893928,2.868311767330864,-1.5722395435935546,2.6075748180702334,0.0,0.4707496950926575,0.6426481757438232,0.0
25.138365120859365,395.1286579384503,-438.0158883546629,1.5,0.050961346452119145,0.4489380427484863,0.02565601838483324,-0.8917395043742217,-11.78848654691275,-70.38029426730057,0.0,0.17085236120280015,0.04427512602708364,-0.12667795674092505,-13.140223033584167,-1.5068023667060388,0.0,0.009162934480429166,-0.0037852437551223863,0.004926276291904195,2.879475358122752,2.8831376914678244,2.882503505612918,2.881114838248738,-1.5365097092187285,2.655373354552319,0.0,0.4871839636234805,0.6388508640384456,0.0
25.212959676114142,394.212636982417,-443.26988277294623,1.5,0.0438438781180927,0.45059544225268455,0.022163338263705614,-0.8913754810458284,-12.772916474859299,-70.48526168750413,0.0,0.17153492659928987,0.043991621482404014,-0.1263105229003329,-13.253466846115167,-1.306952486321727,0.0,0.009143687734901177,-0.0038027282507767327,0.004924708988090555,2.892340106660731,2.896002920308731,2.8953737391497154,2.893983868111617,-1.4995296396786584,2.7028706168656247,0.0,0.5039490093003245,0.6346202407792783,0.0
25.28755423136892,393.222870429617,-448.5311478919145,1.5,0.03672448177288673,0.45221516671637885,0.018639906682048034,-0.8909575238523301,-13.765689738705232,-70.57518954820473,0.0,0.17221620949972627,0.04370754988786781,-0.12594593677638352,-13.3639061082016,-1.103571700324232,0.0,0.009132154610848972,-0.00382688580134467,0.004870762054498044,2.905273767670357,2.908924005879347,2.9083129709279114,2.90691077674409,-1.4613163122025374,2.750038285685808,0.0,0.5209890277933585,0.6301469493192757,0.0
25.362148786623692,392.158743800907,-453.7985520418034,1.5,0.02960345515845965,0.45379677085689896,0.01508609952008741,-0.8904855618165868,-14.766593675566842,-70.64981539553929,0.0,0.1728963286257021,0.04342220936013955,-0.12558300268576222,-13.471447465269861,-0.8966852751366908,0.0,0.00909552441542522,-0.003814618622795681,0.004852865300316272,2.918264474770395,2.9219155575186364,2.9213107833383827,2.9198994845749175,-1.4218432163206178,2.796850996875398,0.0,0.5371109541373429,0.6247742635904492,0.0
25.43674334187847,391.0196587410647,-459.0709440480369,1.5,0.022481175528376945,0.45533983637160985,0.011502288781194156,-0.8899595089175304,-15.775408661922542,-70.70887876970328,0.0,0.17357496224203833,0.04313626466306109,-0.1252211319691251,-13.575998546777786,-0.6863216360431733,0.0,0.009090248483590897,-0.003842183934442593,0.004817631064763203,2.9313190453094427,2.934961268454743,2.9343711650863686,2.932952463970974,-1.3811231116850669,2.8432722862589186,0.0,0.5544067412510681,0.6196085310796373,0.0
25.511337897133245,389.8050335356437,-464.3471533878358,1.5,0.0153579563767053,0.45684392415003566,0.007888860528750026,-0.8893792936777231,-16.791908124422786,-70.75212138718472,0.0,0.1742521157948057,0.042849779229697814,-0.12486313789951851,-13.6774651518328,-0.4725105984770181,0.0,0.009069348720274513,-0.0038470013440942493,0.004801113514027496,2.94443119124016,2.9480720909942675,2.947490086448426,2.946065085239269,-1.3391524381707638,2.8892722907532495,0.0,0.5711348801927537,0.6137370181242046,0.0
25.58593245238802,388.5143036324463,-469.62599035737674,1.5,0.008234153837120365,0.45830861481899154,0.004246199763647665,-0.8887448351922227,-17.815858501548707,-70.77928729378625,0.0,0.17492803518527758,0.04256236531971616,-0.12450480600764637,-13.775753758729122,-0.25528470276635695,0.0,0.009048951159767279,-0.0038507084564078768,0.004785807672741487,2.9576024753224974,2.9612423896765767,2.960668264723595,2.959237184680027,-1.295915726130765,2.934825092377873,0.0,0.587874828545975,0.6074609867103994,0.0
25.660527007642795,387.14692216310647,-474.90624625223035,1.5,0.001110130601503463,0.45973348897522703,0.0005746901676492317,-0.8880560547937972,-18.847019216737756,-70.79012303423302,0.0,0.17560242187933686,0.042274610331280445,-0.1241504005564253,-13.87077036368042,-0.034678628765977056,0.0,0.009027664450054132,-0.0038540534909298632,0.004728708499201128,2.9708370414302996,2.9744663790687285,2.973909605963153,2.972462749170525,-1.251426181528955,2.9798942760708362,0.0,0.604660225076609,0.6007622974783157,0.0
25.73512156289757,385.7023604652948,-480.18669356095546,1.5,0.006013803212780313,-0.46111814280699875,0.0031252420954661735,0.8873128678245272,-19.8851427188007,-70.78437784507035,0.0,0.17627550888118654,0.04198627584314259,-0.12379669464274728,-13.962421552306445,0.18927037201335295,0.0,0.00901704712130719,-0.0038716871936293465,0.004749303914182692,2.984120499036984,2.987755095840791,2.987199231087521,2.9857566207056605,-1.2056733714022392,3.0244528744037464,0.0,0.6219040545917174,0.5938207255980514,0.0
25.80971611815235,384.18010860413574,-485.46608617180374,1.5,0.013137243833339054,-0.4624621620844198,0.006853219014740105,0.886515197192808,-20.92997443288739,-70.76180381428266,0.0,0.17694679041040254,0.04169784505952957,-0.12344541088713556,-14.050612825094195,0.4165229020568114,0.0,0.008991518260641467,-0.0038707869752339498,0.004676392048028529,2.997471076314263,3.001091936527852,3.000556408472965,2.9990938830507887,-1.1586699956992927,3.0684607625748495,0.0,0.6386156307219162,0.5862052311304892,0.0
25.88431067340712,382.5796758959893,-490.7431595918962,1.5,0.020259883676795973,-0.46376514924376544,0.01060880595004894,0.8856629588599858,-21.98125278676058,-70.72215606041301,0.0,0.17761700065290126,0.041408657098545736,-0.12309653873625445,-14.13525042321739,0.6470372030189923,0.0,0.00896695617148218,-0.0038683103976510334,0.004670891356125896,3.0108693601771983,3.0144922383866275,3.013961597728038,3.012494515529145,-1.1103938983326809,3.1118981752615174,0.0,0.6552978023075832,0.5781793207208139,0.0
25.958905228661898,380.9005914309955,-496.01663118017115,1.5,0.027381331911148173,-0.4650267150407267,0.014391594813298594,0.8847560674897529,-23.03870919143777,-70.66519291094204,0.0,0.1782857521088132,0.04111963810749707,-0.12274772887004597,-14.216240897000027,0.8807688449680803,0.0,0.00891756054481523,-0.0038732744508293893,0.004593682663711511,3.0243330145522673,3.0279402206068204,3.027427471520828,3.0259404266956946,-1.0608746603427996,3.154721211661118,0.0,0.6723215227497353,0.5698678613029378,0.0
26.033499783916675,379.1424045939393,-501.2852003937898,1.5,0.034501234507096835,-0.46624646567841205,0.018201165507396456,0.8837944419569791,-24.10206809283145,-70.59067608694916,0.0,0.17895192737088356,0.04083049388838912,-0.12240465730580151,-14.293490229727121,1.1176713914573246,0.0,0.00891357849019292,-0.0038758905081130823,0.004582288634725553,3.037839475616337,3.0414465642234667,3.040942881678611,3.039450695518294,-1.0100987961393157,3.196896227073388,0.0,0.6890241621129435,0.560739711654007,0.0
26.108094339171448,377.30468558565747,-506.5475490481395,1.5,0.04161925355072511,-0.46742402264565935,0.022037055670344693,0.8827779952881771,-25.171046947289415,-70.49837090888296,0.0,0.1796181833711675,0.040541089017881414,-0.12205932468194297,-14.366905216823868,1.357695182118686,0.0,0.008909111568619432,-0.003878460104590751,0.00460784165175879,3.0513946224255513,3.055010005713306,3.0545067843033653,3.0530180971625915,-0.9580652686290796,3.2384176914180025,0.0,0.7058548471936008,0.5517480172984764,0.0
26.182688894426224,375.3870259430411,-511.80234159082704,1.5,0.048734967586967805,-0.46855900466178335,0.025898879835620676,0.8817066462877072,-26.24535624032926,-70.38804640783674,0.0,0.18028165214165273,0.04025183359848229,-0.1217188467957155,-14.4363924738961,1.6007893035867864,0.0,0.008889801804024402,-0.0038790998955575574,0.004543863007299088,3.0650129220754794,3.0686162225288363,3.0681319658359634,3.0666258329244536,-0.9047912619207995,3.2792100545737575,0.0,0.7225888761774052,0.5420577172093731,0.0
26.257283449681,373.389039057893,-517.0482253867283,1.5,0.05584806724223132,-0.46965104308377026,0.02978615061461712,0.8805803065860588,-27.324699527646924,-70.25947558400112,0.0,0.18094395960551157,0.039962601754403165,-0.12137971242219563,-14.50185920247422,1.8468992940881501,0.0,0.008867119057625194,-0.0038745082509342053,0.004551266397291817,3.078673835672215,3.0822822164571106,3.081799938839047,3.080292142545226,-0.8502720644691386,3.3192679807333922,0.0,0.7391100077775069,0.5318797637020867,0.0
26.331878004935774,371.3103606933883,-522.2838310205763,1.5,0.06295812636931981,-0.4706997719498701,0.033698448629569194,0.87939889331882,-28.40877344841699,-70.11243555991186,0.0,0.18160442696017395,0.03967350757330006,-0.1210418127239469,-14.56321300847969,2.0959686146305088,0.0,0.008828513278751692,-0.0038743283751459493,0.00446898303172755,3.0923965829122424,3.095988659848476,3.095526769364511,3.0939972999814,-0.7945166715735686,3.3585465689877725,0.0,0.7556714756487334,0.5209466806477815,0.0
26.40647256019055,369.1506494982901,-527.5077726116675,1.5,0.07006480404169317,-0.47170483168608385,0.03763530455764946,0.878162319192446,-29.497267765223373,-69.94670777987366,0.0,0.1822642682350227,0.03938464821949805,-0.12070638795853307,-14.62036178795885,2.347938289463083,0.0,0.008824021225201694,-0.0038708646201842042,0.004482081969713683,3.106154738931731,3.109752977715039,3.1092942420507277,3.107764656484228,-0.7375287728153644,3.3970338620006597,0.0,0.772160717189473,0.510192428373943,0.0
26.481067115445327,366.9095875193811,-532.7186481414603,1.5,0.07716770749747905,-0.4726658683292888,0.041596263104547886,0.8768704994078887,-30.589865386038106,-69.76207814970087,0.0,0.18292085659080717,0.039096035351254846,-0.12037316022292135,-14.673214046407033,2.602746634013459,0.0,0.00881832360535065,-0.003866373343533999,0.004494072695719693,3.119961160417352,3.1235653894795163,3.123109850135128,3.121579808471006,-0.6793213639024943,3.434650006797459,0.0,0.7885428639093046,0.4989662349474246,0.0
26.555661670700104,364.5868807105453,-537.9150397967442,1.5,0.0842664319560056,-0.47358253284615615,0.04558087981549513,0.8755233500162454,-31.686242421988343,-69.55833731286744,0.0,0.18357685529503728,0.03880775785352172,-0.12004233472267344,-14.721678858638416,2.860329800587043,0.0,0.008761716074384557,-0.003865718035882268,0.0043840593732425446,3.1338326781821273,3.1374141907266933,3.136982756654533,3.1354246561284036,-0.619896047675633,3.471408248477237,0.0,0.8048014955808803,0.4863436088110895,0.0
26.630256225954877,362.18225943863774,-543.0955143274241,1.5,0.09136064665276002,-0.47445448483286545,0.04958863223529022,0.8741207820537177,-32.78606821624872,-69.33528077706677,0.0,0.18423122841815928,0.038519979063774266,-0.11971226925867917,-14.765665818905084,3.1206203958010272,0.0,0.008770459986710133,-0.0038526678358660853,0.004443155052896891,3.147725360071658,3.151324865054072,3.1508877136316196,3.1493388955967134,-0.5592670605881348,3.507257189759938,0.0,0.8207751738944679,0.47451278354809945,0.0
26.704850781209654,359.69547898643236,-548.258623417305,1.5,0.09844988482463293,-0.4752813837207405,0.05361911523019194,0.872662716602724,-33.889005403078926,-69.0927091021332,0.0,0.18488338074808194,0.03823231978769467,-0.1193849998310175,-14.805085354694114,3.383550133030167,0.0,0.008734764780463592,-0.0038504372667658056,0.0043536446029774425,3.1616843141875246,3.1652659622810084,3.164851058588435,3.1632787849271122,-0.4974336190263553,3.5421496044774576,0.0,0.8368316828165417,0.4613525663954443,0.0
26.77944533646443,357.12632005100386,-553.4029040674999,1.5,0.10553381754021465,-0.47606290692679154,0.0576717997203469,0.8711490604487948,-34.9947099584661,-68.83042811229008,0.0,0.18553433182052892,0.03794580302926076,-0.11906010537073719,-14.83984893265613,3.649046879803873,0.0,0.008707346356225538,-0.003850485885340736,0.004350608987119538,3.1756771512421405,3.179260557574518,3.1788490577854,3.177273624831712,-0.4344329007683019,3.5760765944370254,0.0,0.8528696856062126,0.44786418973326625,0.0
26.854039891719204,354.474589237009,-558.5268789965203,1.5,0.11261200803219494,-0.47679871942132374,0.061746219302965095,0.8695797382683964,-36.10283128351765,-68.54824907142998,0.0,0.18618332853649036,0.03765914468435396,-0.11873551214641613,-14.869867960900011,3.9170361194900916,0.0,0.008682050719870145,-0.003819778949328873,0.004310986380554333,3.1897151227251013,3.1932961089330694,3.192896730850625,3.19130543066447,-0.3702403352709437,3.6089797380723185,0.0,0.8682813330290878,0.4341976734470603,0.0
26.92863444697398,351.74011954781025,-563.6290570542332,1.5,0.11968406413752512,-0.4774885094358648,0.06584188580151551,0.8679546613863773,-37.21301221369855,-68.24598889769551,0.0,0.1868303665284696,0.037373373983729634,-0.11841577328075799,-14.895055840979422,4.187441315622213,0.0,0.008659559349109974,-0.003831801023485113,0.004275716581628797,3.203797723085544,3.2073712867454254,3.2069833556193226,3.2053831996125197,-0.3048886036966902,3.6408348680589997,0.0,0.8839283908055385,0.419757278557867,0.0
27.003229002228757,348.92277086979055,-568.7079336494352,1.5,0.12674960138206623,-0.4781319604926644,0.06995828491485644,0.8662737473089557,-38.324889131753274,-67.9234703409806,0.0,0.18747615769020637,0.03708860075435867,-0.11809512308018451,-14.91532604707616,4.46018268395857,0.0,0.008640316731380925,-0.0038173655397121887,0.0042876343109111105,3.2179140955397703,3.2214947642434417,3.2211078123642434,3.2195060518040877,-0.23840107832287252,3.6716193634452554,0.0,0.8990633239993091,0.40515418368092215,0.0
27.07782355748353,346.0224304516333,-573.7619911919627,1.5,0.1338081623413938,-0.47872876694472233,0.07409495189072028,0.8645369173694764,-39.438092054410355,-67.58052214820466,0.0,0.1881197613720671,0.03680413362760762,-0.11777834957583193,-14.930593905329266,4.73517861733457,0.0,0.008624393578444097,-0.0038074792621544114,0.00422819971001983,3.2320791541147433,3.2356498267177676,3.2352807383477615,3.233661542533996,-0.17076922176760145,3.701276406313649,0.0,0.9142060830906582,0.3900973659801383,0.0
27.152418112738307,343.03901337674614,-578.789699547994,1.5,0.1408593897637021,-0.4792786270699754,0.07825135380271087,0.8627440846377099,-40.55224467409256,-67.21697929234243,0.0,0.18876190511169924,0.03652054402295904,-0.11746301894235167,-14.940775050490599,5.012344555325599,0.0,0.008587233850603108,-0.003795469066345554,0.004221554600264937,3.246278831387969,3.2498519470484455,3.249485489175579,3.247860783330628,-0.10202085656938634,3.72978970984442,0.0,0.9289634469828665,0.37422690528780683,0.0
27.227012667993083,339.9724630318459,-583.7895165107556,1.5,0.14790281877200845,-0.47978124542387784,0.08242699572059177,0.8608951754512769,-41.666964464025476,-66.83268314354652,0.0,0.1894020241715961,0.03623778177978832,-0.11714877123105162,-14.945786960777799,5.291593056962693,0.0,0.008568805424634712,-0.003784690019710569,0.004169881845853332,3.2605208774878123,3.2640858092912537,3.263734977366691,3.2620946064152005,-0.0321728527153019,3.7571146594288485,0.0,0.9436610608377176,0.3582175735805259,0.0
27.301607223247856,336.82275156689377,-588.7598882856975,1.5,0.15493806329117735,-0.48023633333337223,0.08662135548895901,0.858990105567784,-42.781862771957385,-66.42748166831302,0.0,0.1900404947110387,0.03595584177507401,-0.11683850356355281,-14.945547910081473,5.5728348041705695,0.0,0.008546063936616347,-0.003773288645579783,0.004161740546517234,3.2747955487737435,3.278362453283923,3.2780165326715323,3.276370431490534,0.03876202219324014,3.78322339278456,0.0,0.9581117403033331,0.3416760498285647,0.0
27.376201778502633,333.5898803492601,-593.6992499887186,1.5,0.16196468411101933,-0.48064360678464707,0.09083392053855523,0.8570287995379494,-43.896544903390485,-66.00122960596848,0.0,0.19067701916809526,0.035674853005174784,-0.11652784197976807,-14.939977709398182,5.85597755232796,0.0,0.008524005779985992,-0.003761509106164765,0.004155376801741331,3.2891064007925475,3.2926756429718917,3.2923342816736607,3.2906829057105247,0.11076070964161654,3.8080781147182803,0.0,0.9723091910428349,0.32469777115634857,0.0
27.45079633375741,330.27388041009755,-598.6060261590956,1.5,0.16898223722226197,-0.4810027857571125,0.09506417598357664,0.8550111847466207,-45.01061023456056,-65.55378867260177,0.0,0.19131176045059833,0.03539476694706927,-0.11622138837720128,-14.9289974394747,6.1409265424146735,0.0,0.008497211618355129,-0.003743747244302172,0.004089924438679953,3.303459396959832,3.3070182156129397,3.306694319101612,3.3050231578817604,0.18380800484811077,3.8316470629324813,0.0,0.9860413616798906,0.30725750621416864,0.0
27.525390889012186,326.8748128830469,-603.4786312864927,1.5,0.17599033338389972,-0.48131360703352416,0.09931157166611733,0.8529371758652614,-46.123652317343286,-65.08502773535544,0.0,0.19194458360079256,0.035115576442058774,-0.11591567031635902,-14.912529979676256,6.427584694491554,0.0,0.008470029414895466,-0.0037388874502364273,0.004103583202618334,3.3178387208415336,3.321403481258867,3.3210786956323384,3.3194078966931566,0.25788520606116483,3.853893601728543,0.0,0.999943548651436,0.28917549976791057,0.0
27.59998544426696,323.39276943427024,-608.3154703513951,1.5,0.18298847258811327,-0.48157579303958964,0.10357561496950626,0.8508067150897719,-47.23525898163727,-64.59482300646229,0.0,0.1925758115977586,0.034837569836009386,-0.11561144812364993,-14.89049910559867,6.715852263761091,0.0,0.00844743478225185,-0.003721140672764503,0.004031856892346738,3.3322601346002667,3.3358129149669726,3.335507542385766,3.3338156190463173,0.33296437931494993,3.8747940668780907,0.0,1.013168987137252,0.270913140609021,0.0
27.674579999521736,319.8278726855437,-613.1149393804928,1.5,0.18997628262832958,-0.48178909583504026,0.10785572440742425,0.8486197157064672,-48.34501245885709,-64.08305823259748,0.0,0.19320468541264957,0.03456046666106319,-0.11531132031589884,-14.862830805025794,7.005626866476329,0.0,0.008427046346489803,-0.0037055579111915267,0.004049385808155561,3.3467037342598425,3.3502648450649866,3.3499585415071174,3.3482663779980664,0.40902948958024976,3.8942972409178496,0.0,1.026216446626034,0.252203992581527,0.0
27.749174554776513,316.18027662655726,-617.875426015409,1.5,0.1969532648455323,-0.4819532545358712,0.11215140032817467,0.8463761192953149,-49.452489508383984,-63.54962488149582,0.0,0.19383247519282285,0.0342847269961922,-0.11500940271950001,-14.829452460899988,7.2968041573401,0.0,0.008355342549472887,-0.003712362351590065,0.00393423363250638,3.3611994342252762,3.3647349706488874,3.3644510607171965,3.362731324431686,0.4860558811575931,3.912390035024039,0.0,1.038937723793438,0.2328431282515768,0.0
27.823769110031286,312.45016701881053,-622.595310094416,1.5,0.20391899256735632,-0.48206802532709947,0.11646208073229458,0.8440758539249005,-50.55726154160801,-62.994422300918075,0.0,0.1944574788137974,0.03400963934184592,-0.11471384554125826,-14.790293293219417,7.58927682156066,0.0,0.008371024423950747,-0.0036789291497867616,0.0039662131966066065,3.375699640647018,3.3792493227361833,3.3789661464369942,3.377247024284745,0.5640214770836515,3.9290265037432857,0.0,1.051415516260931,0.21312368595244263,0.0
27.898363665286062,308.63776178969977,-627.2729642487051,1.5,0.21087302821662104,-0.4821331677292145,0.12078721098506046,0.8417188510474242,-51.658894746946565,-62.41735793644175,0.0,0.1950809101506507,0.033736067775622436,-0.11441719132418514,-14.745284190407489,7.8829353280952,0.0,0.008345113886763423,-0.003661121303483361,0.003977044961427729,3.390235926734083,3.3937925565133393,3.393509069758343,3.3917879991920734,0.6428933664585593,3.944180940668607,0.0,1.0633915264190306,0.1930459608930122,0.0
27.97295822054084,304.7433114165829,-631.9067545121158,1.5,0.2178148678034877,-0.4821484413534168,0.12512626639434007,0.839305058558825,-52.75695024765985,-61.818347486064354,0.0,0.1957024399850109,0.03346345158622939,-0.11412386135013068,-14.69435815963524,8.177667771735974,0.0,0.008319629644610006,-0.003642397812246356,0.003898774653909415,3.404810978138456,3.4083541320878514,3.408090903075826,3.406347183582102,0.7226589892111632,3.9578153199913446,0.0,1.075010832942911,0.17255682577521064,0.0
28.047552775795612,300.7670992995813,-636.4950409437564,1.5,0.22474411472589245,-0.4821136285792374,0.12947865616329146,0.8368343979739267,-53.8509842311571,-61.197315088239506,0.0,0.19632206632624152,0.03319221460100327,-0.11383236242535692,-14.637450216512555,8.473359961272347,0.0,0.008293682344338398,-0.003632451904316664,0.003921408175914737,3.419402690370883,3.42295438128074,3.422688005610687,3.4209461953974274,0.8032792978019742,3.969904900674574,0.0,1.0865725480125703,0.1514656246318655,0.0
28.12214733105039,296.70944212384154,-641.0361782639103,1.5,0.23166024046818423,-0.4820284935240157,0.13384385457445694,0.8343068302548187,-54.94054810504647,-60.55419349626664,0.0,0.19693966302311816,0.032922190556625985,-0.11354143604659844,-14.574496982314056,8.769894966595013,0.0,0.00826665413665462,-0.0036067038147323555,0.003853877527603325,3.4340303948088597,3.437571982597787,3.437323070017466,3.4355601949336085,0.8847308204349524,3.980413276633283,0.0,1.0972052430008823,0.13025551514341688,0.0
28.196741886305166,292.5706902109723,-645.5285165035405,1.5,0.23856282331686446,-0.4818928294087741,0.1382212739187212,0.8317222852201199,-56.025188648845656,-59.88892425221807,0.0,0.19755534908111747,0.032653159273429155,-0.11325500075802263,-14.50543767510609,9.067153987358862,0.0,0.008240706038207847,-0.0035945776542801243,0.0038475446659581997,3.448677569866413,3.4522212947227144,3.451975816557876,3.450207881547423,0.9669950804604618,3.989306203196667,0.0,1.107958199456308,0.10835334667321002,0.0
28.271336441559942,288.3512278583995,-649.9704016664397,1.5,0.2454513711085057,-0.4817064227284602,0.14261035863333446,0.8290807152102722,-57.104448158666784,-59.20145786939685,0.0,0.1981690730554099,0.03238589778115287,-0.11296742738378641,-14.4302134867351,9.36501573820008,0.0,0.008215106051735841,-0.003582919961219348,0.003842512044118042,3.463349343042334,3.4668953256477373,3.4666529862156565,3.46488047070756,1.0500162831907642,3.996568447352482,0.0,1.118315804023957,0.08604902369280805,0.0
28.345930996814715,284.05147366607804,-654.360176403968,1.5,0.2523253909254727,-0.48146906518883154,0.14701054469133842,0.8263820763484988,-58.17786465879249,-58.491753979260686,0.0,0.19878074254881778,0.03211967357893261,-0.11268462926743743,-14.348767764986853,9.663356492434339,0.0,0.008186119404249688,-0.0035488549350623302,0.003770801178531154,3.4780511253586344,3.4815871988849056,3.481362846567146,3.479567142815602,1.1337879378248514,4.002152818299635,0.0,1.1274834753986296,0.06377461964596241,0.0
28.420525552069492,279.67188085065936,-658.6961807019696,1.5,0.2591844495293987,-0.4811805758840525,0.1514212333709102,0.8236263015460753,-59.244972038946976,-57.759781507121886,0.0,0.19939044377233348,0.031854682937582146,-0.11240209160234799,-14.261046969494478,9.962050998707845,0.0,0.008160622486209742,-0.003548943252810124,0.0037995637974411753,3.492766350903382,3.496310798657759,3.4960816987112584,3.494290895786492,1.2182743112159646,4.006034562149285,0.0,1.1374160079228808,0.04038521582395828,0.0
28.49512010732427,275.2129375461925,-662.9767525802,1.5,0.2660279936244143,-0.4808407393053132,0.1558418852166196,0.8208133751618686,-60.30530022167258,-57.005518852041604,0.0,0.19999798543473396,0.031591357868637544,-0.11212169767662926,-14.166998389148267,10.260970714317104,0.0,0.008132499904504237,-0.0035228616655050937,0.0037133703560050936,3.507514889233489,3.5110448615456042,3.5108371138036287,3.5090210047327686,1.3034257363294663,4.008191872507375,0.0,1.1460021765182178,0.01717693605538421,0.0
28.56971466257904,270.6751670940998,-667.2002288055834,1.5,0.27285560046710555,-0.4804493873321754,0.16027188600653444,0.8179432315642577,-61.358375368700514,-56.22895403527757,0.0,0.20060407231663105,0.031329096369607755,-0.11184377310485236,-14.066573083607466,10.559986008725618,0.0,0.008097054190113064,-0.0035011371599192468,0.0037155459587799888,3.522274875238046,3.525810147642246,3.525602274954516,3.5237818699159282,1.3892389007853085,4.008592639674306,0.0,1.1542061233245844,-0.006637995187299614,0.0
28.64430921783382,266.0591283170381,-671.3649456144324,1.5,0.2796667327432649,-0.4800063379071017,0.16471066763222866,0.8150158465538361,-62.403720041983384,-55.43008484703639,0.0,0.20120794452638277,0.031068493736430072,-0.11156521875066162,-13.959724629399956,10.858964512300123,0.0,0.008037252491737914,-0.0034892302778089536,0.003618446073662886,3.5370686579233097,3.5405848317629838,3.540396255378951,3.5385501335732976,1.475646386453777,4.007203936688978,0.0,1.1623590826590107,-0.030689893173250837,0.0
28.718903773088595,261.3654157779615,-675.4692394484175,1.5,0.2864609045799526,-0.47951141553925825,0.16915764546657283,0.8120311838193023,-63.44085344345884,-54.60891902072175,0.0,0.20180893457958804,0.030809151793997923,-0.11129354114776246,-13.846408497503699,11.157772173352772,0.0,0.00804288718553345,-0.003466970209761133,0.0036391316302017314,3.551862335276979,3.5553881592950156,3.555200881726478,3.553354656922404,1.5626308146524284,4.003999793893447,0.0,1.1697234525368276,-0.055329907774558915,0.0
28.793498328343368,256.59466002609486,-679.5114477013974,1.5,0.29323764295710747,-0.47896446419365896,0.17361220222185061,0.8089892026673288,-64.46929156746441,-53.76547438705493,0.0,0.2024089219526765,0.030551347234876253,-0.11101890359280205,-13.726583475245837,11.456272487754028,0.0,0.008023665909781317,-0.003447195062900402,0.0036734426436489903,3.5666743679050787,3.5702124883640614,3.570019818832089,3.5681771334394288,1.6501587667597355,3.9989678714942176,0.0,1.1767606882131108,-0.08000946169638933,0.0
28.868092883598145,251.74752782766546,-683.489909477621,1.5,0.2999963771227841,-0.4783653061183587,0.1780737958894018,0.8058898999447958,-65.48854740894693,-52.899778986666,0.0,0.20300631923985124,0.030294878178760035,-0.11074879682161949,-13.600210565922975,11.754327654986795,0.0,0.007991546614738549,-0.0034247074129308106,0.003577130722941539,3.581519153061643,3.5850398527181624,3.5848700505678006,3.5830003343218926,1.738182916768765,3.992059722268735,0.0,1.1830572167127293,-0.10517663708426549,0.0
28.94268743885292,246.82472238179517,-687.4029663595081,1.5,0.3067366850076771,-0.4777138151415628,0.18254176529406121,0.8027332189567851,-66.49813119381581,-52.011871253971755,0.0,0.2036016954928997,0.030040026783329597,-0.11048040956667342,-13.467254418237847,12.051797389747865,0.0,0.007976373683143355,-0.003410673959492426,0.003633104238001852,3.596361847014535,3.5998990453521023,3.5997193121950994,3.597858931198172,1.8266653307696001,3.983265536757305,0.0,1.189350308579705,-0.1306550535016819,0.0
29.017281994107694,241.82698351864394,-691.248963187982,1.5,0.31345796943932897,-0.47700981762013955,0.1870155702046367,0.7995191753735544,-67.49755057995989,-51.10180014068834,0.0,0.20419494130834231,0.029786564183170022,-0.11021219088622365,-13.327681428420519,12.348539748111188,0.0,0.007929128869355848,-0.003385592683744026,0.0035244818485835458,3.611240095482619,3.6147572976954563,3.614601039850541,3.6127105215678426,1.9155717360417135,3.9725535904062244,0.0,1.1942967435505083,-0.15662807622986835,0.0
29.09187654936247,236.75508788415482,-695.0262488519751,1.5,0.3201597743839676,-0.4762531930422616,0.19149456759407862,0.7962477287662516,-68.4863108710123,-50.16962525284435,0.0,0.2047867388431081,0.029534524069433906,-0.1099477983434005,-13.181461951627263,12.64441109491908,0.0,0.007912654634831116,-0.0033673022919756173,0.003543621308056786,3.626116039263048,3.6296418117640235,3.629483840017563,3.6275935850434062,2.0048723050465913,3.9599101671226355,0.0,1.1993863130250526,-0.18265458672312174,0.0
29.166471104617248,231.6098491070838,-698.7331770878102,1.5,0.3268415571641206,-0.4754438026619243,0.19597816563671433,0.7929188770703914,-69.46391522454603,-49.21541696990344,0.0,0.20537543111295442,0.02928420564414636,-0.10968349440715472,-13.028568934876656,12.939265960789854,0.0,0.007896680348426832,-0.0033485114939806,0.0035645047509542424,3.6410049553474715,3.644539681512894,3.6443796181895185,3.642490048063022,2.0944930361111447,3.9452966984540456,0.0,1.2039095818910313,-0.20895441802639506,0.0
29.241065659872024,226.39211794881984,-702.3681072888038,1.5,0.333502772424343,-0.47458151307509683,0.2004657689310975,0.7895326235941694,-70.42986493599743,-48.23925660724123,0.0,0.20596261967323673,0.029035239686954692,-0.10942317247440178,-12.868978343740517,13.232957121844274,0.0,0.007849419790386843,-0.0033237115982998893,0.003454183196968174,3.655923016070601,3.659437316347612,3.659300958984354,3.657380897105968,2.184426895538665,3.928703814935244,0.0,1.207224661149973,-0.23584279829766003,0.0
29.315660215126798,221.10278243581973,-705.9294053241318,1.5,0.34014295363723274,-0.4736662255662171,0.20495672566225442,0.7860889380054907,-71.38365961812447,-47.24123649886652,0.0,0.20654776521747298,0.028787867490548038,-0.10916262436417612,-12.702669803055029,13.525335960711379,0.0,0.00783534961967172,-0.00330681625994891,0.003518973159936932,3.670830480478956,3.6743635659629157,3.6742151560243013,3.6723062119987984,2.2746175145374123,3.910108497377034,0.0,1.2107086384595498,-0.2627636018971786,0.0
29.390254770381574,215.74276797527924,-709.4154443663707,1.5,0.34676148631748677,-0.4726977992718525,0.20945047545570425,0.7825878612026986,-72.32479744972865,-46.22146014352538,0.0,0.20713026126769996,0.028542013531677755,-0.10890485465206869,-12.529625305925622,13.816251951569745,0.0,0.00779848362161217,-0.003285316627387323,0.003408632792671106,3.685769794605718,3.689281899210326,3.6891585747438853,3.6872196852743806,2.3650132418471497,3.8894804244044785,0.0,1.2131181480529332,-0.2901396685528626,0.0
29.46484932563635,210.31303745337254,-712.8246057277513,1.5,0.3533579121774829,-0.4716761492844789,0.21394636021536326,0.779029364689377,-73.25277542946634,-45.18004230163821,0.0,0.20771142390397254,0.028297700805457952,-0.10864926460577139,-12.349830683577327,14.105553634545467,0.0,0.007760133461350077,-0.003264369887684024,0.0034166860833703184,3.7007050651983207,3.7042234334166926,3.704097612588156,3.702156176408287,2.455591216175465,3.866818185680941,0.0,1.2149280632535315,-0.317813467412979,0.0
29.539443880891124,204.81459131465724,-716.155279704341,1.5,0.3599316430690693,-0.4706011678975776,0.21844377932922623,0.7754134821908892,-74.16708960276992,-44.117109102061804,0.0,0.2082904879608032,0.028055404476188255,-0.1083919812035282,-12.163275335199936,14.393087490400097,0.0,0.007671374813319365,-0.0032881347226336247,0.0032615136759192066,3.7156744998643894,3.719155016992693,3.7190571965812596,3.7170819934572514,2.5462808450242185,3.8420852644825083,0.0,1.2164493240192689,-0.34543937888057924,0.0
29.6140384361459,199.24846762200303,-719.4058664290463,1.5,0.36648214746112456,-0.46947275937868727,0.22294211723578708,0.7717402258247709,-75.06723534616127,-43.03279816427777,0.0,0.20886579518597229,0.0278137895413928,-0.10814373976372746,-11.9699513458925,14.6786992754442,0.0,0.007696385106833023,-0.0032235745571973988,0.0033245891583079776,3.7306120081715606,3.734117697640566,3.734013538488014,3.7320422747844066,2.637046623662427,3.81526707597953,0.0,1.216945242018074,-0.3737303581283071,0.0
29.688632991400677,193.61574209852205,-722.5747767315931,1.5,0.37300891767972344,-0.4682908564943474,0.22744070988257747,0.7680095992520545,-75.95270761134513,-41.92725870123895,0.0,0.20944091709047594,0.027574336688284115,-0.10788996020109051,-11.769855129008745,14.962232680589045,0.0,0.007683534839832341,-0.0032008044923880507,0.003384921775439261,3.7455622546680325,3.7490863662381826,3.7489711186628725,3.747009278681411,2.727860033296649,3.7863742105871085,0.0,1.2172517147296442,-0.4016525437525121,0.0
29.76322754665545,187.91752814988038,-725.6604330063427,1.5,0.3795113264446994,-0.46705534888023814,0.23193899615059463,0.7642216669574334,-76.82300114313838,-40.8006515595877,0.0,0.2100125741222771,0.027336228814653345,-0.10764251086477214,-11.562985569007765,15.24353110807644,0.0,0.00765949310677649,-0.0031785180924818585,0.003295310229122707,3.7605363690945777,3.7640443258508967,3.763950947506383,3.76196390316353,2.8186413118834177,3.755343444838337,0.0,1.2167745115668234,-0.4299817895781757,0.0
29.837822101910227,182.15497686876535,-728.6612700837377,1.5,0.38598891127219037,-0.46576619597064883,0.23643628790928028,0.7603764152218427,-77.67761080170541,-39.653149356812804,0.0,0.21058259005983535,0.027099853457664906,-0.10739573135304775,-11.349345970930527,15.522436446135316,0.0,0.007619595396926497,-0.0031605322921393103,0.0033196897872333274,3.77550368498526,3.7790211393838624,3.7789210367114427,3.7769357468300506,2.9093635992467264,3.722196871780141,0.0,1.215493564817496,-0.45886378597355443,0.0
29.912416657165004,176.32927701702343,-731.5757361117201,1.5,0.3924410369019707,-0.4644233088680427,0.2409319967709248,0.7564739226618058,-78.51603180062347,-38.484936547116725,0.0,0.21115035780299687,0.026865005534605257,-0.1071487127577678,-11.12894298677007,15.798789137554893,0.0,0.007596213086341104,-0.003138801317090826,0.0032501096110255662,3.7904844064827676,3.793990124162195,3.793907277071605,3.791901609981907,2.999972499897905,3.686906739350324,0.0,1.213724702063982,-0.48754980194674247,0.0
29.98701121241978,170.4416549887773,-734.4022934419401,1.5,0.3988672033316425,-0.4630266469813503,0.245425459469851,0.7525142006205695,-79.33775998669448,-37.29620950514471,0.0,0.21171598517641926,0.026631851659325852,-0.10690714693106353,-10.901786854058388,16.072429293558628,0.0,0.007567505605412551,-0.0031154959234188833,0.0032546945043602387,3.805459887365117,3.808971297233099,3.8088877750595094,3.806878531885873,3.0904169503701406,3.6494673339569004,0.0,1.2111777450804129,-0.5164256814417553,0.0
30.061605767674553,164.49337475318998,-737.1394195200857,1.5,0.405266825420019,-0.4615761525960149,0.24991605381920232,0.7484973090212668,-80.14229211450358,-36.087176569053,0.0,0.21227935074586196,0.02640018004198621,-0.10666311817444796,-10.667891621686088,16.343195808204214,0.0,0.007538494384908604,-0.0030932170589533037,0.0032594175045570564,3.820437700140215,3.8239545421897985,3.8238702410127803,3.8218577455037877,3.1806501675985706,3.6098578905223278,0.0,1.2079523534145384,-0.5454563213345172,0.0
30.13620032292933,158.4857377764136,-739.7856077822538,1.5,0.41163931757040634,-0.4600717765481557,0.25440315266472396,0.7444233127517188,-80.92912612401561,-34.858058137423136,0.0,0.21284062987143795,0.026170156414258842,-0.10642451475833112,-10.427275193781917,16.61092677516342,0.0,0.00752200281079958,-0.0030753185759586524,0.003202223367983627,3.8354233420205386,3.8389308012207826,3.8388617192839307,3.8368322093304745,3.2706198837477243,3.568077383771838,0.0,1.2044200346445042,-0.5746836285216232,0.0
30.210794878184107,152.4200829223684,-742.3393685554875,1.5,0.41798416520892406,-0.4585134918579722,0.25888609595284523,0.740292242794089,-81.69776141446333,-33.6090866952473,0.0,0.21339941284743794,0.025941768080669714,-0.10618593019160957,-10.179958634446702,16.87545974877654,0.0,0.007468334716288473,-0.003050162000607346,0.0032052000809214406,3.8504045743861908,3.853917487972131,3.8538444419909026,3.8518108515192595,3.360268364366685,3.5241105350719413,0.0,1.1992918704326625,-0.6041360205271901,0.0
30.28538943343888,146.2977863337431,-744.799229961876,1.5,0.4243007214318523,-0.45690125450326163,0.26336427636420734,0.7361042041456582,-82.447699155351,-32.34050687933047,0.0,0.21395665844762335,0.025714973424713614,-0.10594766043278005,-9.925968181544993,17.136631587270927,0.0,0.00745058989760128,-0.003029767303015785,0.0031224280509966874,3.865393091182222,3.8688909463341137,3.8688387643629825,3.866782029850039,3.4495618470302447,3.4779603821091176,0.0,1.1942652386066779,-0.6334599377813439,0.0
30.359983988693656,140.12026128841208,-747.1637388266954,1.5,0.4305885040349019,-0.4552350709705553,0.2678369948141146,0.7318592177190656,-83.17844255399238,-31.052575520270885,0.0,0.21451063355475442,0.02548975858071733,-0.10571548303545296,-9.665332987206387,17.39427828335904,0.0,0.007432591187969037,-0.003006907271251105,0.0031841321787738066,3.8803633751955786,3.8838799595894957,3.883815204207516,3.881768219280752,3.5384165285800018,3.4295982176494175,0.0,1.1884905351948094,-0.6628028761825028,0.0
30.434578543948433,133.88895803615648,-749.4314615899267,1.5,0.43684685457503397,-0.4535148904517763,0.27230367195818495,0.7275574066865801,-83.88949717338221,-29.745561690629224,0.0,0.21506329112125458,0.02526626204038532,-0.10547909594173907,-9.398085960699888,17.648236131700102,0.0,0.007388481675408015,-0.002994583631710632,0.003113882978017141,3.895349352732125,3.8988525414591724,3.898801945428606,3.8967359334606706,3.626814275174811,3.379045867656607,0.0,1.1815552896815382,-0.6925425827940916,0.0
30.509173099203206,127.60536361450474,-751.6009852186627,1.5,0.44307523196644594,-0.45174072478727323,0.276763625784807,0.723198832845433,-84.58037117555878,-28.41974669979507,0.0,0.21561358868700312,0.02504432329633281,-0.1052496166373223,-9.12426480170708,17.898340229861343,0.0,0.00736557137466213,-0.0029609054396455762,0.00308633344436643,3.910324238361628,3.913827043739642,3.9137836887177944,3.911705344929514,3.7146801610136824,3.326287537454241,0.0,1.1741582794822458,-0.7219214324012952,0.0
30.583767654457983,121.27100164065729,-753.6709181224788,1.5,0.44927306895716984,-0.4499125774162483,0.28121620928087354,0.7187835737064185,-85.25057567783847,-27.075424131465816,0.0,0.21616123546706797,0.024823840463736365,-0.10501846490691653,-8.843910686289245,18.14442633622841,0.0,0.007331096885623717,-0.002942012499063188,0.003117980682116595,3.9252903178958003,3.9288041835544867,3.9287527431674127,3.9266779455158836,3.801962597274966,3.271304900942659,0.0,1.165969776971311,-0.7517196393326016,0.0
30.65836220971276,114.88743208136722,-755.6398910699857,1.5,0.4554397246718303,-0.44803043466778814,0.28566079747437967,0.7143117635798404,-85.8996250293059,-25.712899902882313,0.0,0.21670685871847645,0.024605134560631108,-0.10479096108988073,-8.557069142723725,18.38632881031132,0.0,0.007309616257378558,-0.0029222548642425057,0.0030233008634178815,3.9402651333353123,3.9437610751688617,3.943732485982321,3.9416319137780675,3.888609454679008,3.2141215806845898,0.0,1.157306350768098,-0.781378442096272,0.0
30.732956764967533,108.45625100005421,-757.5065581076678,1.5,0.4615746889309338,-0.44609433296671586,0.290096710368828,0.7097834537846576,-86.52703711021942,-24.332492204807476,0.0,0.2172504372184822,0.024387981489660093,-0.10456461796153743,-8.26378908849459,18.623883306260524,0.0,0.007255498691564861,-0.0028996936738888714,0.0030337537049978667,3.955224302521908,3.9587269487104866,3.958692292742413,3.956589840571553,3.9745717878992854,3.1547249700771833,0.0,1.1471612261115802,-0.8112025501968751,0.0
30.80755132022231,101.97909028326784,-759.2695974763095,1.5,0.4676772958508472,-0.4441042752671734,0.2945233266113814,0.7051988015565706,-87.13233363778077,-22.934531538816284,0.0,0.2177916983450481,0.024172463735248038,-0.10433751388581546,-7.964124887952649,18.85692459767897,0.0,0.007251534545769512,-0.002878936563738142,0.0029977886839556603,3.970178977982056,3.9736772691442597,3.9736543155428765,3.9715396191579098,4.059785973641174,3.0931195495891055,0.0,1.1373531617143784,-0.8405946335799604,0.0
30.882145875477086,95.45761734078464,-760.9277125294793,1.5,0.4737470142711942,-0.4420603069666945,0.29893996676212736,0.7005578832230062,-87.71504048896314,-21.519360709142408,0.0,0.21833008016287012,0.023958552740352683,-0.10411787105417304,-7.658133739280395,19.08528797206809,0.0,0.007209532972423916,-0.0028563555057272943,0.0029831833630962787,3.9851263488982767,3.988625625357158,3.98860400287498,3.9864815802760165,4.144185880652214,3.0293003763164426,0.0,1.1259758742601123,-0.8702585503996172,0.0
30.956740430731863,88.89353478478338,-762.4796326503207,1.5,0.4797832237504454,-0.4399624550505548,0.30334599364052095,0.6958608370182674,-88.27468801733397,-20.0873348077727,0.0,0.21886730982836394,0.023746290986192832,-0.10389236217822997,-7.345877612047887,19.308808975783617,0.0,0.0071687347752515205,-0.0028348298449847368,0.0029717905518710274,4.000065294986272,4.003565916889988,4.003545036539182,4.001416010274819,4.227750925172944,2.9632891387553872,0.0,1.1138581036485005,-0.8998158003290598,0.0
31.031334985986636,82.28858008595854,-763.9241141672778,1.5,0.4857853061187754,-0.43781075365026006,0.3077407635654714,0.6911078083681442,-88.8108113068033,-18.63882118148647,0.0,0.21940148422741115,0.02353549853353023,-0.1036747935341237,-7.027422626085995,19.527323147412623,0.0,0.007151363046991511,-0.002816408428383987,0.002906100983254314,4.014999984656587,4.018489150288963,4.018484793585222,4.016336905329761,4.310387591781477,2.8950670183886804,0.0,1.1015831885626202,-0.9293176367573454,0.0
31.105929541241412,75.6445252064888,-765.2599412667068,1.5,0.49175272992850205,-0.43560528044051616,0.3121235846106999,0.6862988854646148,-89.32295055046052,-17.17419940869941,0.0,0.21993355327032077,0.023326432336088995,-0.10345576900322541,-6.702838854010909,19.740666867114715,0.0,0.007115798081556042,-0.0027908868230871577,0.0029620488024611684,4.0299116497005665,4.0334183243879895,4.033399814826749,4.0312602395866435,4.3920556968520525,2.8246597401642015,0.0,1.088007950454349,-0.9584667590019154,0.0
31.18052409649619,68.96317620851346,-766.4859269055584,1.5,0.49768480083113403,-0.4333460563136771,0.31649385666679486,0.6814342765015833,-89.81065133913728,-15.693861268143756,0.0,0.2204633793295508,0.023118820378245458,-0.10323822741721186,-6.372201067151408,19.948677046078227,0.0,0.00708743556492497,-0.002771682040019079,0.0028455468108412245,4.044832547858049,4.048316022683658,4.048324135923437,4.046153990395167,4.47269930009636,2.752063665341338,0.0,1.0739401201848542,-0.987764638235383,0.0
31.255118651750962,62.24637283923677,-767.6009137182215,1.5,0.5035810142421212,-0.4310331892378947,0.3208508649356621,0.6765140607114707,-90.27346497744716,-14.198210684855024,0.0,0.22099098254642446,0.022912986046226297,-0.10302484118115435,-6.035587822873989,20.151191170554988,0.0,0.00705541733444563,-0.0027517151545107814,0.0028932254191801647,4.059723251153282,4.0632215866063675,4.063217865682276,4.061054865038072,4.552257754450732,2.6773023699175122,0.0,1.0590257693087783,-1.0169355467267165,0.0
31.32971320700574,55.49598809330756,-768.6037749208783,1.5,0.5094406946465851,-0.42866671939191264,0.3251939957882474,0.6715384482120539,-90.71094879933736,-12.687663671512682,0.0,0.22151629862444536,0.02270856562690394,-0.10280821443221871,-5.69308213422986,20.348047272700082,0.0,0.0070174680120483526,-0.00272730285713829,0.002834165106702646,4.074614184974197,4.078103211058545,4.078111426672007,4.07593047679078,4.630675544317158,2.6003707179653186,0.0,1.0433490780518528,-1.0457375930740118,0.0
31.404307762260515,48.713927751007986,-769.4934152121185,1.5,0.5152632628627623,-0.42624674052863254,0.32952257680137514,0.6665075824856898,-91.12266648745566,-11.162648292104425,0.0,0.22203918257761213,0.022505820759425022,-0.10259935379008456,-5.344771233429554,20.539084650428556,0.0,0.006994779105640539,-0.0027071372279406495,0.002807400300450963,4.089487496991355,4.092974242337058,4.092989038274589,4.0907980161445066,4.707894761689961,2.5212917272128097,0.0,1.026884360057145,-1.0744627450491597,0.0
31.47890231751529,41.902129892813434,-770.2687716677469,1.5,0.5210481395013062,-0.423773355959656,0.3338359315775881,0.6614216128073241,-91.50818839309312,-9.62360456025352,0.0,0.22255988885060193,0.02230463163767642,-0.10238683279864715,-4.990746662826184,20.724143395141677,0.0,0.006964901198318004,-0.0026868492201512694,0.0028633038348390132,4.104338014404087,4.1078413959965285,4.107842655311912,4.1056607985663485,4.783859797297979,2.4400758610172453,0.0,1.0096963467783193,-1.1030127390886688,0.0
31.553496872770065,35.06256439013458,-770.928814630144,1.5,0.5267946396547109,-0.4212466235279229,0.3381334528297931,0.6562807767067309,-91.86709185035411,-8.070984376552193,0.0,0.22307828860620063,0.022105063366506555,-0.10217875902190704,-4.631104155903261,20.903064885955317,0.0,0.0069318387048838675,-0.002670012391682729,0.00273088334138738,4.119196096073033,4.12267224212361,4.122702924422664,4.120487186068144,4.858511005433003,2.35674392179908,0.0,0.9917210164494135,-1.1315845677911567,0.0
31.62809142802484,28.197232372549788,-771.4725485914637,1.5,0.5325022620831633,-0.4186667004869184,0.342414408335765,0.6510851770266154,-92.1989614974763,-6.505251445287999,0.0,0.22359434739273565,0.021906958027240117,-0.10197222784322034,-4.265943754292305,21.07569093700059,0.0,0.0069059275434863775,-0.0026375904266537566,0.002818368686649844,4.134011721760947,4.137513568352903,4.137523899864604,4.135322838820363,4.931793276972815,2.2713003686213082,0.0,0.9729561803250588,-1.1590047296202495,0.0
31.70268598327962,21.30816567109969,-771.8990130719053,1.5,0.5381702856479406,-0.41603364549368566,0.34667821637354496,0.6458350902164621,-92.50338959375671,-4.926881180473093,0.0,0.22410813447903732,0.021710446894370655,-0.10176415542375462,-3.8953697872326263,21.241866267367683,0.0,0.00687248064025078,-0.002625488893323202,0.002711213761189793,4.148835717566565,4.152315362283792,4.152349164494907,4.15012084920595,5.003648536618958,2.1837759190360715,0.0,0.9534771691840294,-1.1873036291952026,0.0
31.77728053853439,14.397426237862126,-772.2072834865397,1.5,0.5437981802003672,-0.41334761879896187,0.35092416187912406,0.6405306533284971,-92.77997633878691,-3.336360576282884,0.0,0.2246195993901653,0.021515585374167565,-0.10156297990561597,-3.51949081338049,21.40143548942024,0.0,0.006841084465058935,-0.002602372656990284,0.0027274002402966693,4.163627515159512,4.167115134615509,4.167144177898992,4.164915358553932,5.07401877766152,2.094190861995285,0.0,0.9331765829975661,-1.2147477188428442,0.0
31.851875093789168,7.467105541789132,-772.396472007614,1.5,0.5493853020732108,-0.4106087327768879,0.3551516071191101,0.6351720982489696,-93.0283301915869,-1.7341881222902842,0.0,0.2251287813305583,0.021322174392733442,-0.10135716114645388,-3.1384196664038537,21.55424559046733,0.0,0.006810341428336555,-0.0025800652135387243,0.0027458128101978192,4.178401457806679,4.1818972416738935,4.181921086804599,4.1796926011575035,5.142849713611869,2.002557250695647,0.0,0.9121225756672422,-1.2418506090186252,0.0
31.926469649043945,0.5193239409613906,-772.4657284174519,1.5,0.5549310110301121,-0.4078171053667774,0.3593599093455555,0.6297596661604447,-93.2480681813501,-0.12087369875727325,0.0,0.2256356200988957,0.021130311765184914,-0.1011584121328351,-2.752273382087494,21.700144660497372,0.0,0.0067796909380573095,-0.002556673245634094,0.002642236614893911,4.193170801695381,4.196646914527978,4.196693671312667,4.194437052302357,5.210081914223847,1.9089050595786032,0.0,0.8903214632884747,-1.268635091008162,0.0
32.00106420429872,-6.443769968726221,-772.4142409513112,1.5,0.5604347666564813,-0.40497292655899253,0.3635483652419976,0.6242935104634769,-93.43881623097828,1.503061613039799,0.0,0.22614014380061664,0.020939959086819157,-0.1009579566368226,-2.361173303091395,21.838983698685464,0.0,0.006747868715525112,-0.002544335687838056,0.0027245043797444932,4.207900472224622,4.211398121639597,4.211424710011746,4.209184524156682,5.275660457964081,1.8132542326386958,0.0,0.8678035269976547,-1.295685865275444,0.0
32.07565875955349,-13.420000028590371,-772.2412371299498,1.5,0.5658958512144402,-0.4020762827430466,0.36771638019641734,0.6187739588646745,-93.60020946597045,3.1370856022291957,0.0,0.22664234934431968,0.020751211330569844,-0.10075892723365747,-1.9652448711619923,21.97061400495997,0.0,0.0067169464597305545,-0.002520682376094256,0.002587720235134,4.222634536426345,4.226104756344334,4.226161816172547,4.223885928670803,5.339527586983808,1.715641344154257,0.0,0.8444802016370576,-1.3216940300060327,0.0
32.15025331480827,-20.407163215344678,-771.9459845837965,1.5,0.5713137546221784,-0.3991273974944504,0.3718632299648159,0.6132011517837771,-93.73189253064932,4.780655111809601,0.0,0.227142257529397,0.02056394338885312,-0.10056448094521374,-1.5646177938494659,22.094890202889946,0.0,0.006685216205211772,-0.002499310356829522,0.0026512779005105876,4.237324973708482,4.240813760511082,4.240854899802892,4.238589779723635,5.401629341321523,1.616082834401262,0.0,0.8204089478307901,-1.3474922126175815,0.0
32.224847870063044,-27.403030362735283,-771.527791863475,1.5,0.5766877820133464,-0.39612639083278656,0.37598830791785676,0.6075754083826834,-93.83351989770001,6.433216184563062,0.0,0.22763982319833256,0.020378157159596247,-0.10036587050836658,-1.1594259494998334,22.211668538200048,0.0,0.006653022126014525,-0.002475337352883278,0.002603291946455915,4.252006790218753,4.255488576103933,4.2555394507691435,4.253259184243895,5.461907907533483,1.5146148601701124,0.0,0.7956257425124411,-1.37294742582264,0.0
32.29944242531782,-34.405346906412355,-770.9860092393319,1.5,0.5820173459640501,-0.3930734540675177,0.3800909391827011,0.6018969568419553,-93.90475618102005,8.094204232873281,0.0,0.2281350258156794,0.020193919997555397,-0.10017570779741852,-0.7498072993678974,22.320807547987712,0.0,0.006622884633342209,-0.002461209165372967,0.00255924685505544,4.2666664518035455,4.270140965058732,4.270200900006904,4.267907577607928,5.520309085237988,1.4112627159574762,0.0,0.7700794719423604,-1.3980555000976709,0.0
32.3740369805726,-41.41183365171395,-770.3200294887042,1.5,0.5873018587966508,-0.3899687873998979,0.38417044807747114,0.5961660325209809,-93.94527644052212,9.763044189002962,0.0,0.22862794915199958,0.02001125725212078,-0.09998104445206195,-0.3359039610685312,22.42216794491603,0.0,0.0065919885066506355,-0.002440924982599372,0.0026284797401075026,4.281289849316262,4.284783897219416,4.284826624657089,4.282545721249401,5.576778651583645,1.3060685998652077,0.0,0.7438165078874975,-1.4225583696993491,0.0
32.448631535827374,-48.420187564317544,-769.5292886701008,1.5,0.5925406232926996,-0.38681253071652005,0.3882262335633427,0.5903829836655196,-93.95476648660186,11.439150720517556,0.0,0.22911850953473994,0.019829943067670486,-0.09979125595722155,0.08213791656832205,22.515613382802744,0.0,0.006560779858938243,-0.002417480321562072,0.002484360328625199,4.295914041472611,4.299378933307884,4.299453601424307,4.297135337433047,5.631260859922503,1.1990539766339734,0.0,0.7168222578859639,-1.4464411262857202,0.0
32.52322609108215,-55.42808258354026,-768.6132668827053,1.5,0.597733132184213,-0.38360495487445473,0.3922575698131676,0.5845479793903027,-93.93292318557847,13.121928391070758,0.0,0.2296067372319397,0.019650246966595685,-0.09960279037603173,0.5041681066236281,22.601009958522464,0.0,0.006529572726925836,-0.0024029005592127646,0.0025793166377689166,4.310487018218671,4.313976655385826,4.314028056873919,4.3117288735396135,5.683702757266388,1.0902662714450837,0.0,0.6891082692506705,-1.470378794322905,0.0
32.59782064633692,-62.433170458165726,-767.5714890116928,1.5,0.602878660763273,-0.3803461909443882,0.3962638738486382,0.5786614188909159,-93.87945475694647,14.81077187463448,0.0,0.2300926313418339,0.019471970959879698,-0.09941222306389166,0.9300324168364712,22.67822592100398,0.0,0.006497796370213491,-0.002377205901414157,0.00246451671810398,4.3250584725742085,4.328525894448765,4.328602330334773,4.326272377714757,5.734050840233873,0.9797362002055326,0.0,0.6606861842139177,-1.493049907344983,0.0
32.6724152015917,-69.43308160446036,-766.4035254596491,1.5,0.6079766732584821,-0.3770365096972431,0.4002444416971731,0.5727235127174263,-93.79408107112245,16.50506615167093,0.0,0.2305762060447835,0.019295012130203872,-0.09922926321632308,1.359572683244248,22.7471331298267,0.0,0.006466666889452861,-0.002360071126787048,0.002490033684708888,4.3395885309392135,4.343065097122006,4.343134229217512,4.340806909350771,5.78225236610185,0.8674924679111603,0.0,0.63155500968701,-1.5158230465510611,0.0
32.747009756846474,-76.4254259861999,-765.1089928613138,1.5,0.6130265231891208,-0.37367611285714014,0.4041986425279186,0.5667345956664586,-93.67653394247621,18.20418671271372,0.0,0.23105737924657313,0.01911983356947734,-0.09904073046851218,1.7926268274162742,22.807606043343604,0.0,0.0064357485530202275,-0.0023440764346211278,0.0025168294339083597,4.35409225358308,4.357577857180297,4.35763940121669,4.355315411204387,5.828255061007737,0.7536064654141497,0.0,0.6017375223106086,-1.5380092861881371,0.0
32.82160431210125,-83.40779401643452,-763.6875547817493,1.5,0.6180275647180625,-0.37026520471726115,0.4081258483769167,0.5606950145230184,-93.52655741661466,19.907499827600116,0.0,0.2315362435424283,0.018945856224539415,-0.09885992694917906,2.229029018634499,22.859521949395088,0.0,0.006397017590631739,-0.0023174246513623627,0.0023827588802918733,4.368587161427711,4.3720463817371495,4.372136308991745,4.369776823550165,5.8720076082584995,0.6380856526897986,0.0,0.5710883290891884,-1.5590060535218857,0.0
32.89619886735603,-90.37775748064159,-762.1389223971057,1.5,0.6229792683076238,-0.3668040950104459,0.4120253511688916,0.5546049919867445,-93.34390806562777,21.61436274184442,0.0,0.23201286505643914,0.018773338814828677,-0.09867654460107737,2.66860924190976,22.902762132656388,0.0,0.006377748168308675,-0.002305978880819524,0.0025138414162666186,4.383023569962989,4.3865153053014065,4.386575156452831,4.38424365561426,5.913461937749495,0.5209851848489724,0.0,0.5401629517132707,-1.580374707810131,0.0
32.970793422610804,-97.33287048167016,-760.4628551582492,1.5,0.6278809033658745,-0.36329293162289944,0.4158965876474625,0.5484649901356413,-93.12835525406513,23.324123914087878,0.0,0.23248696907694047,0.01860238595392349,-0.09849487405218865,3.1111944297245726,22.93720996541502,0.0,0.006340884985900349,-0.0022832821844619854,0.0023461809255538083,4.397466474009928,4.40092337129381,4.4010195636629055,4.398645519113926,5.952562834212412,0.4023642965481682,0.0,0.5082179731119826,-1.600357764740448,0.0
33.04538797786558,-104.2706704040018,-758.6591614376657,1.5,0.6327319734773017,-0.3597320623841174,0.4197388315823646,0.5422752126865656,-92.87968142675639,25.0361232771653,0.0,0.23295879360869817,0.018432712910656457,-0.09831809190865243,3.556607128320421,22.96275302115586,0.0,0.0063094720279580725,-0.002261709120755789,0.0024263918084242242,4.411851362038684,4.415330568444284,4.415406632401652,4.413047299138435,5.98926441079242,0.28224459080735514,0.0,0.47574610459970024,-1.619844946327233,0.0
33.11998253312035,-111.18867890029568,-756.7276991553323,1.5,0.6375317825999542,-0.3561216853206405,0.423551497705609,0.536036099727105,-92.59768238313178,26.749692488571817,0.0,0.23342837544123615,0.018264413842317986,-0.09813582656091178,4.004666666730184,22.979282388500007,0.0,0.006265396539141436,-0.0022304809968925173,0.002348006550529885,4.426225191852828,4.429691237973238,4.429781968485301,4.427399617695939,6.023519710636888,0.16069450353945955,0.0,0.44259470944150775,-1.638939166578829,0.0
33.19457708837513,-118.08440289717512,-754.6683763852753,1.5,0.6422797528232695,-0.3524620957868729,0.4273339211684879,0.5297479683449194,-92.282167543293,28.46415521887406,0.0,0.23389558031692692,0.01809779519772323,-0.09796299429327882,4.455188571286943,22.986692380888172,0.0,0.006253323621654627,-0.0022252169646590565,0.002344947799029859,4.440559428780376,4.444026280668887,4.4441187644449105,4.441734196155984,6.055284322014012,0.03775278648491759,0.0,0.40902201526310383,-1.6572033669529258,0.0
33.2691716436299,-124.95533562078644,-752.481151942762,1.5,0.6469752972012476,-0.3487535860862678,0.43108545288248923,0.5234111513107308,-91.93296019007363,30.17882739642074,0.0,0.23436003649186132,0.017932395072296322,-0.0977856908740557,4.907985333666684,22.984881342757298,0.0,0.006215992610760788,-0.0022076631891337476,0.0024148851398562736,4.4548552856972,4.4583413175958935,4.458415123692223,4.456043654165804,6.084494704226268,-0.08652875912598677,0.0,0.37449309039646667,-1.674818018704389,0.0
33.34376619888468,-131.79895764161972,-750.1660359506558,1.5,0.6516177362755458,-0.3449963910575656,0.434805495908601,0.517026108292477,-91.54989777751094,31.893017499393537,0.0,0.23482256683828714,0.017768400613566722,-0.09761259816244643,5.36286520456494,22.97375127881621,0.0,0.006185885338743781,-0.00219033557351188,0.0022557225233489015,4.4691454131684445,4.472597813829665,4.472706794779034,4.4702954968209285,6.111129895631477,-0.2120954161607853,0.0,0.3395357416956095,-1.6918150652213708,0.0
33.41836075413946,-138.61273793995562,-747.7230903840507,1.5,0.6562065669682821,-0.3411908830760125,0.43849335279073537,0.5105930888014956,-91.13283213025886,33.60602685191271,0.0,0.2352826745516285,0.017605804822653275,-0.09744087856796943,5.819634003287129,22.95320809684428,0.0,0.0061477165418685215,-0.0021682432355046586,0.0023537573797739178,4.483373848031585,4.486852634212397,4.486936265958678,4.484543829337794,6.135132224251884,-0.3388969287448877,0.0,0.3038658698196941,-1.707715492277032,0.0
33.49295530939423,-145.3941349873166,-745.1524295939001,1.5,0.6607410787313408,-0.33733728109044275,0.44214845771492706,0.5041126134146646,-90.68162971416433,35.31714991028385,0.0,0.23574039510166728,0.017444505990281155,-0.0972664878370654,6.278093624108141,22.923162086776514,0.0,0.006120916004165769,-0.0021550472885352202,0.002238113876237829,4.497593985623145,4.501048444555884,4.5011576260561315,4.498736142758615,6.1564591690871815,-0.46687835040764486,0.0,0.26777549010184837,-1.7234567409337322,0.0
33.567549864649,-152.14059784810834,-742.4542208066125,1.5,0.6652207484748065,-0.3334359604914687,0.4457701290227986,0.4975849757787584,-90.19617187831379,37.02567458199547,0.0,0.23619572803534264,0.017284724458712313,-0.09710069460438295,6.738043151103694,22.883527316992247,0.0,0.00608848122552469,-0.0021338200592392513,0.002269156052665938,4.511763451045916,4.515228800888974,4.515328834993702,4.512910787944217,6.1750716895383,-0.5959731412197364,0.0,0.2311089575679796,-1.7379697752137366,0.0
33.64214441990378,-158.84956729791534,-739.6286846015137,1.5,0.6696449450319208,-0.329487214164446,0.44935775846192555,0.4910106192389549,-89.67635507812474,38.730882541601574,0.0,0.2366487537936209,0.017126096900840878,-0.09692786905333114,7.199278398974278,22.83422223462515,0.0,0.006056200786612147,-0.0021149171978402837,0.0023013601464414203,4.525898989827505,4.529374881668064,4.529465515789538,4.527051790170449,6.190924662490284,-0.7261454474610733,0.0,0.19389715205447866,-1.7517155386127528,0.0
33.716738975158556,-165.5184769593968,-736.6760953647356,1.5,0.6740130397585133,-0.3254913400715506,0.4529107416150672,0.4843899977328235,-89.12209111317684,40.432049519752624,0.0,0.237099400130008,0.01696892578383283,-0.09676378528457057,7.661592282517217,22.77516969593873,0.0,0.0060245233853275515,-0.0020981119064237995,0.0021705711096814202,4.540018666847046,4.543467428661368,4.543586313220172,4.541139353456506,6.203983248609094,-0.85731353271558,0.0,0.15610609580818058,-1.7649180055120985,0.0
33.79133353041333,-172.14475445492516,-733.5967817191653,1.5,0.6783245176474825,-0.3214487490512581,0.4564284001385559,0.47772342002318646,-88.53330734335442,42.12844566822144,0.0,0.23754770712936055,0.016813092413963837,-0.09659665241731144,8.124774659932317,22.706296893801348,0.0,0.005994686556372853,-0.002080743356128612,0.002297099315252089,4.5540732870816285,4.557554224123493,4.557642220194109,4.555221482836242,6.214206315314116,-0.9894297781695631,0.0,0.11788656602354058,-1.77720290678044,0.0
33.86592808566811,-178.7258225752943,-730.3911269285139,1.5,0.6825786730902369,-0.3173596765275633,0.45991019136524264,0.47101147187205317,-87.90994689992145,43.819335881182646,0.0,0.23799372276399808,0.016658613757454074,-0.09643055206225355,8.588612827272769,22.627535752958853,0.0,0.005962638971998211,-0.002062760055203914,0.0021219113141211607,4.568127018848312,4.571570573551036,4.571696967028798,4.56923275600955,6.2215609295791054,-1.1224241121201393,0.0,0.07914554374197458,-1.788583072753474,0.0
33.940522640922886,-185.25910046378127,-727.0595692767907,1.5,0.6867750292395806,-0.31322458437235406,0.46335541756670395,0.46425443020969087,-87.25196889410654,45.50398013811154,0.0,0.23843712211048146,0.016505269911194016,-0.09627059204780465,9.052890857163378,22.538822400980802,0.0,0.005934630490968362,-0.0020413102222823043,0.0022268474057372586,4.582111361066046,4.585582818173903,4.585683499213525,4.583239817831428,6.225995354811143,-1.2562518388168562,0.0,0.040092592461358684,-1.79899094250315,0.0
34.01511719617766,-191.74200481686086,-723.6026024228795,1.5,0.6909129103456689,-0.30904374448217453,0.466763528436338,0.4574528640589913,-86.55934863487717,47.18163383689184,0.0,0.23887849302658032,0.0163533909393586,-0.09610350688314298,9.517390984550222,22.44009844679995,0.0,0.005893799942134769,-0.002024322735116825,0.0021522976728992373,4.596080828199595,4.599537848498852,4.599652413221696,4.597188761079198,6.227500239629458,-1.3908234003561937,0.0,0.0002419213520024479,-1.8088798225191882,0.0
34.08971175143243,-198.1719510970511,-720.0207757266177,1.5,0.6949917637737267,-0.30481755602977106,0.4701338879097428,0.45060718287838153,-85.83207777162217,48.85154819625216,0.0,0.23931726919490617,0.016202792602091284,-0.09594746509326449,9.98189220534794,22.331309597445824,0.0,0.005865792450515325,-0.002010770346223625,0.002108600824291705,4.610008359450545,4.613457894736805,4.613580986843056,4.611104651937275,6.226023483018349,-1.5260915006617877,0.0,-0.039929538207484766,-1.8177388732633022,0.0
34.16430630668721,-204.54635476156463,-716.3146945497052,1.5,0.6990110345031852,-0.3005464235324148,0.4734658691625769,0.4437178063620918,-85.07016453801596,50.51297056426428,0.0,0.2397538695137372,0.016053509771900006,-0.09578446038299872,10.446171338411423,22.212406755786024,0.0,0.005835844500942061,-0.0019940411221628564,0.002212725586859043,4.623880756979233,4.6273570842757055,4.627454308003836,4.624999238670564,6.221544096520385,-1.6619832049135328,0.0,-0.08039716749372677,-1.8256591444066783,0.0
34.238900861941985,-210.862632504225,-712.4850205290113,1.5,0.7029700626952299,-0.29623064444059566,0.47675892336686826,0.43678533084186644,-84.27363388271172,52.16514482681428,0.0,0.24018794077005964,0.015905416403413482,-0.0956275829248529,10.910003072040436,22.083345993691022,0.0,0.00580813024935578,-0.0019751947513961627,0.0020401814675583946,4.637746060182998,4.641185786033461,4.641321267191055,4.638823163556423,6.214022402589227,-1.7984323445989825,0.0,-0.12116833391003252,-1.8326244854297937,0.0
34.31349541719676,-217.1182035094625,-708.5324718218466,1.5,0.7068683760850916,-0.2918707178697148,0.48001238123368556,0.4298100706165574,-83.44252765908455,53.807311760456294,0.0,0.2406198107458592,0.015758682979438193,-0.0954714104209858,11.373159937587268,21.944088187158876,0.0,0.005767806564982131,-0.0019602776052312226,0.002152404490760394,4.651540504600751,4.655008763830831,4.655114977176738,4.652640135403967,6.203439911276973,-1.935369799671741,0.0,-0.16273273178428843,-1.8387495046760414,0.0
34.38808997245154,-223.31049071840496,-704.4578233228207,1.5,0.7107053003906925,-0.2874669359468029,0.483225709421934,0.4227926802672924,-82.5769047735243,55.43870942849572,0.0,0.24104924535512046,0.015613126525769244,-0.09531200540527245,11.835411821100232,21.79459945039214,0.0,0.0057414817162919785,-0.0019431600024652365,0.002024200908302298,4.66532186859401,4.668763327233208,4.668897720355437,4.6663905082893375,6.189761765731187,-2.0727270595509983,0.0,-0.20420381826643777,-1.843881903241176,0.0
34.462684527706315,-229.4369221079785,-700.261906852457,1.5,0.7144803397918432,-0.2830197837130478,0.4863982678038865,0.41573353383547335,-81.67684134963555,57.05857356101626,0.0,0.24147633900091697,0.015468862942395484,-0.09516200891382658,12.296527382028868,21.63485122262277,0.0,0.005709870010016852,-0.0019253140579336015,0.002065702326813932,4.679043599793927,4.682497793974971,4.682620411963783,4.68011961885669,6.172966387533965,-2.2104318331638764,0.0,-0.2461646059817513,-1.8480672618360379,0.0
34.537279082961085,-235.4949319791902,-695.9456113162586,1.5,0.7181928985970765,-0.278529641898074,0.4895294861378232,0.40863318659954556,-80.74243085167038,58.66613795245803,0.0,0.24190111820562146,0.015325810902360926,-0.095003739906235,12.756273056201724,21.46482014198619,0.0,0.005679107680680377,-0.0019101882770945328,0.0021101572644888046,4.692724495808441,4.6961913902026495,4.696301667126946,4.693808691470229,6.153029119631347,-2.348415198610996,0.0,-0.2884289640424779,-1.85131286987017,0.0
34.61187363821586,-241.48196225629496,-691.5098828342635,1.5,0.7218423860016447,-0.2739968971959918,0.49261879842218015,0.40149220358496296,-79.77378422639435,60.26063485965909,0.0,0.24232345457931206,0.015184002842510388,-0.09485531827660094,13.214413687295364,21.284488339265856,0.0,0.005640314189701916,-0.0018906984645479798,0.001946600522254667,4.706388233801468,4.709820728566101,4.7099654871083,4.707431423353973,6.129927686410145,-2.4865978847404624,0.0,-0.3310652909388874,-1.8533133359524596,0.0
34.68646819347064,-247.39546379549233,-686.9557248411063,1.5,0.7254283218588914,-0.26942208055849903,0.4956655670677252,0.39431096608635285,-78.77103002907555,61.841295409678835,0.0,0.2427435736448019,0.015043417884508184,-0.09470285272579639,13.670712339764304,21.093843587633117,0.0,0.0056196262250398235,-0.0018780310600836792,0.0021171412196636817,4.719970938635997,4.723444982094363,4.723549669621875,4.721052768264928,6.103642831628168,-2.624916341893017,0.0,-0.3737655268464019,-1.8549243105632955,0.0
34.761062748725415,-253.23289770260416,-682.2841981541214,1.5,0.7289500427578492,-0.2648054816906642,0.4986692934902179,0.38709020623088913,-77.73431452659862,63.40735000045947,0.0,0.24316126320819872,0.014904015758440933,-0.09455166956881395,14.124931033829682,20.892878452154843,0.0,0.005583985382315838,-0.0018607891412892419,0.0019122580444942206,4.7335553802776635,4.736984976581636,4.737134090134768,4.734587074466753,6.074154958554949,-2.763286285399973,0.0,-0.41685811741647627,-1.8550161594989125,0.0
34.83565730398019,-258.991736658186,-677.4964210136443,1.5,0.7324071058694896,-0.2601476914191722,0.5016293271729388,0.37983026214505095,-76.66380180988567,64.9580287190797,0.0,0.24357650264008507,0.014765883594200032,-0.09440672629707576,14.576829989665,20.681592011732686,0.0,0.00555465735774305,-0.0018444159102794155,0.002030585144276444,4.747059295543019,4.750519073202242,4.7506388826162915,4.748116298100617,6.0414454117133864,-2.901634642322781,0.0,-0.4601018952870721,-1.854312396631752,0.0
34.91025185923497,-264.66946625089884,-672.593569089014,1.5,0.7357988865928543,-0.2554490552897683,0.5045451550741773,0.372531831031196,-75.55967388770107,66.4925617735704,0.0,0.24398939527743943,0.014628993286086342,-0.09425434308965876,15.026168572900215,20.459988345199893,0.0,0.005536588197612487,-0.0018414812977515208,0.0020102160654998347,4.760536236721081,4.763991983392706,4.764116080896506,4.761588126255148,6.005503194714107,-3.0398915035601237,0.0,-0.5035895701206741,-1.8524397330336966,0.0
34.984846414489745,-270.26358631689686,-667.5768754552843,1.5,0.7391248721839028,-0.25071007336754014,0.5074161918440236,0.3651954143820553,-74.4221307650614,68.01017989337089,0.0,0.24440026551774913,0.01449307179595344,-0.09411271043474426,15.472704888538042,20.2280775740609,0.0,0.005491590899889812,-0.0018117348151726763,0.0019191642276352912,4.773977440903404,4.777416963818358,4.777557811776364,4.775004056966508,5.966313749687597,-3.177974474526356,0.0,-0.5471443772793575,-1.8496160036470446,0.0
35.059440969744514,-275.77161228524267,-662.4476305373684,1.5,0.7423845484612772,-0.24593124396214786,0.5102418634466703,0.3578215284686564,-73.25139051511128,69.51011477589813,0.0,0.24480845666389509,0.014358465435472503,-0.09396429952988863,15.916196355518052,19.98587545597948,0.0,0.005457475485927784,-0.0017965887662234738,0.002029025356808036,4.787351658839905,4.790818970981918,4.790931734635485,4.788400895735114,5.923860685904982,-3.3158047994724384,0.0,-0.5909545926594489,-1.8456742278515423,0.0
35.13403552499929,-281.1910765284872,-657.207182022287,1.5,0.7455773142200643,-0.2411129454586226,0.5130216596152131,0.35041089140937853,-72.04768936215667,70.99159950757617,0.0,0.24521445166946243,0.014224914779300806,-0.09382169020380608,16.356399125673498,19.733403438364203,0.0,0.005429121197398442,-0.0017793471126194935,0.0018341912975146477,4.8007156874601575,4.804140925836553,4.804296702878045,4.801718014331309,5.878139263099472,-3.4533117715380346,0.0,-0.6347012468032318,-1.8407138884869834,0.0
35.20863008025407,-286.51952971808726,-651.8569347390131,1.5,0.7487027339831346,-0.23625579299604893,0.5157549706960883,0.3429638852769558,-70.81128170565925,72.45386900787325,0.0,0.24561812307105246,0.014092669435940546,-0.09368001259600577,16.79306961914862,19.47068926104465,0.0,0.0053920292351039055,-0.0017688919055514037,0.0019744826230847553,4.813997077311405,4.817456604004981,4.817576797576553,4.8150285705552065,5.829145668364285,-3.5904069677074397,0.0,-0.6790542439053932,-1.8349311859806126,0.0
35.283224635508844,-291.7545421816683,-646.3983505054088,1.5,0.7517601939119938,-0.23136014267239782,0.518441309728669,0.3354813014145968,-69.54244017839586,73.8961604623509,0.0,0.24601931994577764,0.013961490655877377,-0.09353454836924723,17.225962528435982,19.19776594450924,0.0,0.005357511934655401,-0.001748690284511462,0.0018097799679803893,4.8272672373396395,4.830691866819723,4.83084721232812,4.828257865910219,5.776865915667525,-3.7270139294617173,0.0,-0.7228494019159721,-1.8274602535465685,0.0
35.35781919076362,-296.89370526577125,-640.8329479430773,1.5,0.7547492429951116,-0.2264265905948087,0.5210800936323794,0.327963588360031,-68.2414556881072,75.3177137672954,0.0,0.24641855517910022,0.013831340503670861,-0.09339850345117787,17.654833265569426,18.91467292060839,0.0,0.005332666408061171,-0.0017351424750910826,0.0018772429861213292,4.840464245198518,4.843906899005455,4.844045150145158,4.841468916178006,5.721300187793374,-3.863069470980191,0.0,-0.7669311896771843,-1.8196114454272831,0.0
35.4324137460184,-301.9346326982725,-635.1623022592823,1.5,0.757669342560578,-0.22145560287598554,0.5236708046334589,0.3204114100234273,-66.90863741737537,76.71777194320671,0.0,0.24681487152041337,0.01370256594635864,-0.09325452473760233,18.079436530316187,18.621455458745867,0.0,0.005307568251272646,-0.001723596613993627,0.0019448512878560101,4.853615094339708,4.857075192093497,4.857196271833379,4.854633797750946,5.662448114669879,-3.998452645800584,0.0,-0.8110126564903759,-1.8106566887949993,0.0
35.50700830127317,-306.8749619527292,-629.3880449944929,1.5,0.7605199592562228,-0.21644764485594634,0.5262129324111802,0.31282544393391964,-65.54431283966818,78.09558166051175,0.0,0.24720919322046003,0.013574684031896553,-0.09312024317270592,18.499527193726223,18.31816477843928,0.0,0.005258663381630119,-0.001707737756234331,0.0017380034382244894,4.866751969669105,4.870167081898965,4.870330923881949,4.867717967085152,5.600305356176697,-4.13312465778357,0.0,-0.8554325246195879,-1.800001129719249,0.0
35.581602856527944,-311.7123556128597,-623.5118637364324,1.5,0.763300664926248,-0.21140336786551836,0.5287058963096424,0.3052061372018617,-64.14882773865442,79.45039361070604,0.0,0.24760129214008805,0.01344807160629365,-0.09298125995189425,18.914859460566813,18.004858375566897,0.0,0.005246730860783586,-0.001689326733880116,0.001953410555620522,4.879790075436158,4.883257797686325,4.883372174528947,4.8808060263814115,5.53488409505763,-4.266985101913907,0.0,-0.8988387140305172,-1.7887730902144707,0.0
35.65619741178272,-316.4445027381567,-617.5355018018059,1.5,0.7660108628920007,-0.20632311264502062,0.5311492552058843,0.2975543644683392,-62.72254615909607,80.78146298834369,0.0,0.24799072685885612,0.01332240825461868,-0.09284413954456631,19.32518933495529,17.681599377614017,0.0,0.005207286933456062,-0.0016766775607510078,0.0017161968936954145,4.892835064128739,4.896250145538482,4.8964155965413125,4.893792606005619,5.466171771981564,-4.399951534616288,0.0,-0.9430488671977983,-1.7762138105471383,0.0
35.7307919670375,-321.0691202243378,-611.4607578836695,1.5,0.7686501576462866,-0.20120758401032812,0.5335424260273355,0.28987052784981554,-61.26585040772028,82.08804994814606,0.0,0.2483782306861525,0.013197925040832958,-0.09271244601103817,19.730271778771144,17.348457323366706,0.0,0.0051730099990649845,-0.0016615420604195192,0.0018378155819025101,4.905789890469156,4.909235640328866,4.909370058274388,4.906772530990979,5.3941935333804985,-4.5319526922798925,0.0,-0.9869686492519163,-1.7625782568617974,0.0
35.805386522292274,-325.58395416510047,-605.2894856649647,1.5,0.7712180008093321,-0.1960572119985884,0.5358849446000328,0.28215543766161494,-59.7791410094016,83.36942004747155,0.0,0.2487624431146928,0.01307466655046006,-0.09257475442602568,20.12986278240019,17.005507980599834,0.0,0.005217644339181381,-0.0016671673123251605,0.0019826681179797453,4.918689520871376,4.922168096283233,4.922277269672332,4.919713771853428,5.318943348667047,-4.662892355965938,0.0,-1.0306114031736677,-1.7479551768840402,0.0
35.87998107754705,-329.98678120976007,-599.0235933977006,1.5,0.7737139345246431,-0.19087257251597012,0.538176297326307,0.27440969658464787,-58.262836671713025,84.62484471229696,0.0,0.24914548914036252,0.01295217442321135,-0.09244673348341681,20.523719235339374,16.652832724316024,0.0,0.005104223716884907,-0.0016303206353994939,0.001701746743101527,4.931597362257591,4.935016824670577,4.935176624141522,4.932542583302313,5.240438234267779,-4.792690329424311,0.0,-1.0742239450446518,-1.7318457920082013,0.0
35.95457563280183,-334.2754099166478,-592.6650434480766,1.5,0.7761375119379498,-0.18565428507062953,0.5404159673955696,0.2666338897844625,-56.71737421357938,85.85360172063235,0.0,0.2495262505481585,0.012830833043152157,-0.09230980988275497,20.9115986244837,16.29052001292108,0.0,0.005081467313324074,-0.0016189293803954593,0.0018582706011841838,4.944401012946349,4.947858353462441,4.9479806486670626,4.9453809715054025,5.158693578726943,-4.921291446415918,0.0,-1.1175570016901826,-1.7152182922577763,0.0
36.0291701880566,-338.44768210187,-586.2158518072904,1.5,0.7784882013867153,-0.18040275965416883,0.5426035149017362,0.258828882134739,-55.14320849345185,87.05497557698064,0.0,0.24990409010226933,0.01271058608349403,-0.09218121772480653,21.2932596930877,15.918662965349593,0.0,0.0050522995283299975,-0.00160581656346838,0.001639247583569443,4.957198488448204,4.960607527484317,4.960778042438516,4.9581255792102406,5.07371763246775,-5.048572027073524,0.0,-1.160788664914421,-1.6973432403535345,0.0
36.10376474331137,-342.5014741820005,-579.6780875705136,1.5,0.780765628356089,-0.17511875090723925,0.5447383938174729,0.25099509748114535,-53.54081233767774,88.22825806095986,0.0,0.2502798085182779,0.012591406089751792,-0.09205297724638609,21.66846204395567,15.53736214578363,0.0,0.0050212076131688245,-0.0015894592469516131,0.0018157031427065398,4.969900176922235,4.973352608698559,4.973479788112533,4.970865373171343,4.98552950076523,-5.174476954052001,0.0,-1.2035821983456723,-1.6781463085888089,0.0
36.17835929856615,-346.4346985112551,-573.0538723786055,1.5,0.7829692588681826,-0.16980266245138734,0.5468201840178067,0.24313346508155,-51.91067644256419,89.37274863813302,0.0,0.2506530425785593,0.012473200110102951,-0.09192035374282441,22.03696701937195,15.146723868383058,0.0,0.004977149638464569,-0.001579342597973388,0.0016081828094695618,4.982597217543107,4.9860033483815895,4.986173959145298,4.98351006652661,4.894146657067289,-5.298911899243996,0.0,-1.2466473139150338,-1.6577629240492393,0.0
36.25295385382093,-350.24530471030334,-566.3453798266448,1.5,0.7850987040163319,-0.16445519717343637,0.5488483744649701,0.23524450030060692,-50.25330927295845,90.48775493762324,0.0,0.25102470641692004,0.012356139577099546,-0.09179712808095722,22.398537159047745,14.74686029389178,0.0,0.004959097608511378,-0.0015630487216657621,0.001702534514331419,4.995206213690359,4.998636879203403,4.998784900609963,4.9961400202574175,4.799609520032478,-5.4218134136952925,0.0,-1.288690809750817,-1.636714093356864,0.0
36.3275484090757,-353.9312809862229,-559.5548348398084,1.5,0.7871535027186854,-0.159076898660924,0.5508225149197797,0.2273289698379324,-48.56923690384206,91.5725931655813,0.0,0.2513928917573587,0.012239955272281432,-0.0916663194767356,22.75293672440025,14.337889990636132,0.0,0.004940578696950695,-0.0015489050445943414,0.0017964335731012445,5.007764460060608,5.011218924064833,5.011344392230049,5.008719051413449,4.701896019155293,-5.5430640796009545,0.0,-1.330413691056753,-1.6145504825473367,0.0
36.40214296433048,-357.49065544455414,-552.6845130135588,1.5,0.7891332016202128,-0.1536683090438649,0.5527421627740149,0.21938765322628453,-46.85900297730981,92.6265886395414,0.0,0.25175953085508596,0.012124808262323133,-0.09154504132920974,23.099932042038567,13.919937537559795,0.0,0.0048906600111703735,-0.0015405685002885905,0.0015684295599119329,5.020310878925131,5.02371434052924,5.0238870661103405,5.021207495072382,4.601076770202154,-5.662618480027856,0.0,-1.3728405379602466,-1.5908680484074924,0.0
36.47673751958526,-360.9214973914606,-545.736739919833,1.5,0.7910374324299502,-0.14823017453176937,0.5546068223726642,0.21142106903194233,-45.12316849575124,93.64907616711278,0.0,0.2521237948491947,0.0120107979954961,-0.09141884468879191,23.439290374555423,13.493133554992413,0.0,0.004871049588796217,-0.001520082513081473,0.0017848355258209526,5.0327512102246805,5.036207725111088,5.0363294279021265,5.033696683258446,4.4971651304426965,-5.780376444276303,0.0,-1.4134170673077866,-1.5662492757693756,0.0
36.551332074840026,-364.221918624472,-538.7138903809982,1.5,0.792865699408758,-0.14276290144194684,0.5564161085430458,0.20343021119477683,-43.362311665016975,94.63940053515672,0.0,0.2524856098870262,0.011897533011364732,-0.09129394010953373,23.770783083332503,13.057614780563421,0.0,0.004836065677723371,-0.0015105058527886404,0.001536340190410812,5.045194960963244,5.048595702920114,5.04877147783158,5.0460798159626306,4.390174827908354,-5.896263505490973,0.0,-1.4546100710314624,-1.54062305710779,0.0
36.6259266300948,-367.39007470896894,-531.6183877086713,1.5,0.7946176637734794,-0.13726729933000933,0.5581695296984499,0.19541553947942447,-41.577027759214694,95.59691695486504,0.0,0.2528452935245314,0.011785538420997431,-0.09117560153122341,24.094182180676256,12.613524031784708,0.0,0.004803761256568063,-0.0014984192079303188,0.001679129851580441,5.057540637172825,5.0609764522255025,5.061116350332124,5.058455518287907,4.280168825281456,-6.010192277948679,0.0,-1.4952292536331346,-1.5139362955928026,0.0
36.70052118534958,-370.42416624465466,-524.4527029093344,1.5,0.7962928734670419,-0.13174385286581092,0.559866687773176,0.18737798381764706,-39.76792891592361,96.52099151277882,0.0,0.2532025541454093,0.011674138855895699,-0.09104787667042558,24.40926233410015,12.161009908899784,0.0,0.004776771499117263,-0.0014676076622087328,0.0016268271045001776,5.069854461144039,5.073282596720782,5.073432395039985,5.070755102742282,4.167147973423029,-6.122091187534762,0.0,-1.5350084120056968,-1.486084086513767,0.0
36.775115740604356,-373.3224401186037,-517.2193538569694,1.5,0.7978909486429633,-0.1261932361572066,0.5615071484257731,0.17931821850710183,-37.93564399133487,97.41100160697103,0.0,0.2535576393541157,0.011564056573347224,-0.0909338332389643,24.71580151622626,11.700227243890682,0.0,0.004745303231309717,-0.001470995306003054,0.0015608684909965973,5.082119296981031,5.085532214949368,5.0856943881411505,5.08300187101485,4.051168099170649,-6.231876344113262,0.0,-1.5745281855394082,-1.4572728511885777,0.0
36.84971029585913,-376.0831907423343,-509.92090443221497,1.5,0.7994115163605525,-0.12061613023052677,0.5630904832481705,0.17123692450425732,-36.08081831176148,98.26633639607914,0.0,0.2539103373181052,0.011454873425739661,-0.09081011612910066,25.013579910883056,11.231336537511496,0.0,0.0047137050615605625,-0.0014586822555208753,0.001709384398165313,5.094305044244596,5.097754069657199,5.09787910580229,5.095219027035032,3.932266113315323,-6.339464640949046,0.0,-1.6134378686117359,-1.4272986131216778,0.0
36.92430485111391,-378.7047612736483,-502.55996362871343,1.5,0.8008541524058004,-0.11501303163079461,0.5646163135221525,0.16313505948794507,-34.204113475998014,99.08639724500885,0.0,0.254260942078015,0.011346495336374553,-0.0906931100913935,25.302380949491848,10.754504280348195,0.0,0.00467695761754226,-0.0014444249837121145,0.0014461608765590052,5.106484725318177,5.109875318467349,5.110057481225366,5.107334346942337,3.8104768990914524,-6.444788737714766,0.0,-1.6518018323228292,-1.3961171389156275,0.0
36.99889940636868,-381.1855448222835,-495.1391846266656,1.5,0.8022185431544308,-0.10938479689066442,0.5660841934192556,0.15501310005687116,-32.3062071389053,99.8705981541964,0.0,0.25460900841320294,0.011239207380747495,-0.09057762034310703,25.58199096673573,10.26990323784656,0.0,0.004661280637811575,-0.0014340811285372703,0.0016859579086644272,5.118551172541485,5.121998872131332,5.122125039688929,5.119455474518502,3.6858465100222144,-6.5477553587937845,0.0,-1.6896599038985218,-1.3646067318433923,0.0
37.073493961623456,-383.5239856384288,-487.6612638330314,1.5,0.8035042655091704,-0.10373185188863994,0.5674937711272106,0.14687211424957122,-30.387792765184457,100.61836619807146,0.0,0.25495493600089364,0.011132739618045161,-0.0904561920889037,25.8521996019127,9.777710700439489,0.0,0.004616278018058224,-0.0014211002254666963,0.0014573338037995453,5.130619363762239,5.134016192691671,5.1341903103145805,5.131466096986942,3.5584185250372355,-6.64830026596673,0.0,-1.7268638541358856,-1.3311085530876654,0.0
37.14808851687823,-385.7185802833041,-480.12893989225205,1.5,0.8047110041723702,-0.09805501807999985,0.568844628368419,0.13871265973090496,-28.449579387942872,101.32914193832231,0.0,0.2552988895568526,0.011027243287361719,-0.09034637471193237,26.1127999519876,9.278110993275316,0.0,0.004592235849927395,-0.0014074294088582961,0.001543155173089978,5.14259500823446,5.146014010519892,5.146166443949454,5.143459667128565,3.4282425518976978,-6.746351508101848,0.0,-1.763359050413457,-1.2972467626186495,0.0
37.22268307213301,-387.767878780208,-472.54499266317225,1.5,0.8058383949654123,-0.09235489756256277,0.5701363966238222,0.13053560181261167,-26.49229133505531,102.0023798487667,0.0,0.2556400405326812,0.010922692186458837,-0.09022596684752032,26.36358868636488,8.77129343302964,0.0,0.004567991044499714,-0.0013963231153234802,0.0016291558117012897,5.154516209720107,5.157956634727235,5.158087314956251,5.155398808016104,3.2953620884152355,-6.841809736778119,0.0,-1.7991499967206857,-1.2623595675714034,0.0
37.297277627387786,-389.67048574629996,-464.9122421647642,1.5,0.8068860858935434,-0.08663209811926996,0.5713687119958903,0.12234181181839712,-24.51666797950411,102.63754876691021,0.0,0.255979231816626,0.010818947702008306,-0.09011733981021847,26.604366074669194,8.25745287895646,0.0,0.004519973760025197,-0.0013838796978945347,0.0013872718841159446,5.166421534029842,5.169808295073852,5.169989493970959,5.167243012258121,3.1598296945624127,-6.934626018219205,0.0,-1.8345774966668584,-1.2258383977970244,0.0
37.37187218264256,-391.42506150318565,-457.23354749074605,1.5,0.8078537798381443,-0.08088746656402057,0.5725411837282404,0.11413185834438476,-22.523463436340894,103.23413227831254,0.0,0.25631630664511773,0.010716220655679667,-0.09000248104350078,26.834936227107022,7.736790439049338,0.0,0.004509802787778085,-0.0013717952104246303,0.0016514219479837418,5.178210587656108,5.181660147797999,5.181780433870645,5.179093068474017,3.021702542390057,-7.024720856326696,0.0,-1.8688126329090444,-1.189379135966562,0.0
37.44646673789734,-393.0303231667809,-449.51180569323503,1.5,0.8087411073632537,-0.07512144100993241,0.5736534909586818,0.10590685847652663,-20.513446270739426,103.79162911751651,0.0,0.25665077043508566,0.010614315998392706,-0.08988942535936162,27.055107844286013,7.209511280700131,0.0,0.004470994773012416,-0.0013601954510054927,0.0013680737173340765,5.19000928542594,5.193395251656908,5.1935769042778555,5.190822356685697,2.8810331911582985,-7.112007285964248,0.0,-1.902588972412995,-1.1511520596350204,0.0
37.52106129315211,-394.48504571297707,-441.749950638539,1.5,0.8095477973199583,-0.06933493080263686,0.5747052520840454,0.09766731516741478,-18.48739919695293,104.30955358765883,0.0,0.2569833960090994,0.010513272078197593,-0.08978275464025545,27.26469289952354,6.675827011514197,0.0,0.004437129965292343,-0.0013458788317393337,0.0015217679599453487,5.201701036946681,5.205124847458829,5.205267686067806,5.202546229998751,2.7378716807192363,-7.196439669563288,0.0,-1.9354211780111399,-1.1120858911615559,0.0
37.595655848406885,-395.7880630224211,-433.95095183080974,1.5,0.8102735151445725,-0.06352847734784522,0.5756961473372707,0.0894142559223431,-16.4461187701032,104.78743594050043,0.0,0.25731362090717547,0.010413125501516855,-0.08966561661312134,27.463508495500097,6.135954430629741,0.0,0.0043974067643268765,-0.0013335338772796524,0.0014274050599848817,5.213366108042287,5.216769818661239,5.216930259698054,5.21418535141452,2.5922910194366846,-7.277922674415495,0.0,-1.967654921136335,-1.0723941156446979,0.0
37.67025040366166,-396.9382688991837,-426.1178132063251,1.5,0.8109179745995622,-0.05770282283613132,0.5766258365167076,0.08114842801615597,-14.390415030624718,105.22482279928944,0.0,0.2576414298526631,0.010313912220951233,-0.0895642062702629,27.651375684100586,5.590115020205618,0.0,0.0043811509438970815,-0.001323291482928277,0.0013991596355157952,5.224965452214912,5.228364554989956,5.22853062128657,5.2257772844971875,2.444343955044781,-7.356401975347324,0.0,-1.9988793356328838,-1.0316022875770343,0.0
37.74484495891644,-397.9346180654163,-418.25357189998766,1.5,0.8114808946426915,-0.051858725300178314,0.5774939906263101,0.07287057726295994,-12.32111118491365,105.62127750290009,0.0,0.25796720818526386,0.010215511242305754,-0.0894510865619495,27.828120513399416,5.03853569971939,0.0,0.004352622108817213,-0.0013138241246185305,0.0015717982538820726,5.236486234652989,5.239926515557786,5.240050117385246,5.237335281828435,2.294089608326057,-7.431809550237429,0.0,-2.029375720493104,-0.9899889432482051,0.0
37.819439514171215,-398.77612713013554,-410.3612969832778,1.5,0.8119619772068766,-0.04599673363681594,0.5783003068279654,0.06458175584268919,-10.239043259157862,105.97638049990638,0.0,0.25829066807354195,0.010117932116387032,-0.08934599567342114,27.993573470509386,4.4814483054446494,0.0,0.0043223117522001465,-0.0013023260338621823,0.001302828625715513,5.248001061115772,5.251381151303943,5.2515639212921625,5.248785136623594,2.141602265091271,-7.504072588766743,0.0,-2.0589715177895034,-0.9474408946830776,0.0
37.89403406942599,-399.4618755318053,-402.44408817459276,1.5,0.8123609781248307,-0.04011777126107619,0.5790444594891495,0.05628249802586091,-8.145059722790847,106.2897297122511,0.0,0.25861197313660694,0.010021275865548466,-0.08924139305757935,28.14757016380894,3.9190894521420496,0.0,0.0042919613414533755,-0.0012896310838653284,0.0015209651006950914,5.259402632945288,5.2628350918270295,5.262964599971112,5.260234124982039,1.9869420510330726,-7.573132595465979,0.0,-2.087531786076076,-0.9040095558590362,0.0
37.96862862468076,-399.9910064531331,-394.5050745220309,1.5,0.8126776141060145,-0.03422233692104257,0.5797261656835088,0.04797395135399419,-6.040021127089439,106.5609408990133,0.0,0.25893104558660623,0.009925350923900395,-0.08913055461335155,28.28995126035159,3.35170070409219,0.0,0.004263388740993441,-0.001282088289701336,0.0013208413526522543,5.270795659098912,5.274182970463366,5.274355986448092,5.271578294169519,1.8301779755265732,-7.638923329738985,0.0,-2.115452125506024,-0.859827221491342,0.0
38.04322317993554,-400.3627277078444,-386.54741305981344,1.5,0.8129116500154412,-0.028311310709543965,0.5803451233334914,0.03965673685662253,-3.9247997213968375,106.7896480062725,0.0,0.25924787820761397,0.009830401374655077,-0.08903326032998511,28.420562533847026,2.7795281690167704,0.0,0.004232896377986561,-0.0012675491144575734,0.001395053105574879,5.282099075666495,5.285505995515263,5.285658905536466,5.282895856351852,1.6713904067269534,-7.701381665928042,0.0,-2.1420610175055237,-0.8147290953432303,0.0
38.117817735190314,-400.5763125983208,-378.57428743856144,1.5,0.8130628387995356,-0.022385355114187433,0.580901054168266,0.031331793849852047,-1.800279044198636,106.97550351642518,0.0,0.25956257304490066,0.009736128909457555,-0.08892232713418527,28.53925508675054,2.2028225640757264,0.0,0.0042026825909512715,-0.00125692743230146,0.0014707437910677031,5.293345262381225,5.296771041729499,5.296903551542111,5.294156577020526,1.510630031878251,-7.760452353134048,0.0,-2.167694032739963,-0.7688348218460072,0.0
38.19241229044509,-400.6311007442235,-370.58890653043403,1.5,0.8131309463823717,-0.01644513644822188,0.5813936862883758,0.023000066663412685,0.3326464374607191,107.11817877239775,0.0,0.2598750375356996,0.009642715371848368,-0.0888251269113922,28.645885525348064,1.621839025805695,0.0,0.004174547998268643,-0.0012461279962659166,0.001267442551081996,5.3045655001021625,5.307946248161847,5.30812300208699,5.305327227512461,1.347993206790724,-7.816071582150374,0.0,-2.192610398738917,-0.722257753790185,0.0
38.26700684569987,-400.52649888084846,-362.59450300955507,1.5,0.8131157577208508,-0.010491553019051037,0.5818227497703946,0.014662186430138512,2.4730717826736686,107.21736431526759,0.0,0.26018528310759387,0.009550188402204977,-0.08872144431885026,28.74031601383015,1.0368370144001597,0.0,0.004144205726140933,-0.0012354909902650474,0.0014934220822480854,5.315678568160229,5.31911305179646,5.319234667890027,5.316489455984103,1.1835452200464112,-7.868183590407913,0.0,-2.2163278504682666,-0.6748417525467172,0.0
38.341601400954644,-400.26198162547144,-354.59433190825644,1.5,0.8130170536070146,-0.004525114460375456,0.5821879935532974,0.006319339022026917,4.620081977859587,107.27277019789355,0.0,0.2604933846870762,0.009458386507457093,-0.08861830370965056,28.822414475313714,0.44808020170864493,0.0,0.0041152452475009945,-0.0012254136222488148,0.0012142125195751554,5.326791771040109,5.330163313008164,5.330346556258479,5.327535420068731,1.0173681751425347,-7.916734766362596,0.0,-2.239029294911523,-0.6267388322474232,0.0
38.41619595620942,-399.83709221222915,-346.59166914996194,1.5,0.8128346371152951,0.0014532077109899136,0.5824891659180784,-0.0020279253084171792,6.772752376195256,107.28412629271105,0.0,0.2607992885403368,0.009367328093129347,-0.08852328041454544,28.892054356103387,-0.14416369985435648,0.0,0.004086507149376355,-0.0012114391816864065,0.0013975129400713385,5.33779286976867,5.341209017159325,5.341347163204434,5.338576021786161,0.8495239240648933,-7.961669990254853,0.0,-2.260460825425575,-0.5779296595407385,0.0
38.49079051146419,-399.2514431960244,-338.5898100597095,1.5,0.8125683128231554,0.007442840505880908,0.5827260317371558,-0.010378490102226337,8.930149109962269,107.25118258826947,0.0,0.26110306748562384,0.009277200379964748,-0.08841601381367334,28.94911583270002,-0.7396230671382442,0.0,0.004051475437188454,-0.0012099127366751862,0.00130986633173769,5.3487683930366865,5.352164372314295,5.352319059316972,5.349527633730976,0.6801227297584427,-8.002937625789807,0.0,-2.2812065193409645,-0.5284185619160526,0.0
38.56538506671897,-398.5047171205997,-330.59206785271925,1.5,0.8122179006085217,0.013442972718460513,0.5828983591077203,-0.018731560669187387,11.091329591436544,107.17370947872031,0.0,0.26140453012544357,0.009187784911363524,-0.08832559332133613,28.993484195431105,-1.3380224440366264,0.0,0.004026378151107023,-0.0011902750459306082,0.0012502767323458962,5.359679780302894,5.3630652121045195,5.3632313367919515,5.360422955789913,0.5092318353925371,-8.040487136972981,0.0,-2.300387261897276,-0.47822187779361625,0.0
38.639979621973744,-397.59666715435804,-322.6017721016773,1.5,0.8117832239108665,0.019452787561514768,0.5830059319513089,-0.027086338670117574,13.255342943818887,107.0514980463356,0.0,0.26170400365500285,0.009099060039805956,-0.08822235466299908,29.02505189717164,-1.9390826877938312,0.0,0.0039997104716802696,-0.0011836103328115824,0.0014432004727604625,5.370504602823096,5.373935417864023,5.374054491430021,5.371289768915026,0.3369175111199185,-8.074274144498474,0.0,-2.318890313485316,-0.4274851709584833,0.0
38.71457417722852,-396.52711769122527,-314.6222671836391,1.5,0.8112641300713178,0.025471704157351872,0.5830485315140603,-0.03544169079271121,15.421230434476172,106.88436032110305,0.0,0.26200115808182467,0.009011193702780432,-0.08812787466391186,29.043716750313603,-2.5425212056414375,0.0,0.00397157165452287,-0.0011749567688186266,0.0011564930359607305,5.381325673923435,5.3846917562373715,5.384874230297855,5.382041914000559,0.16330074960205937,-8.104245762251512,0.0,-2.3362378316864523,-0.3760991197222747,0.0
38.7891687324833,-395.2959649179387,-306.6569107078815,1.5,0.8106604548089896,0.031498727526712206,0.5830259645591206,-0.04379705267466468,17.58802599954611,106.67212954015135,0.0,0.26229624702385107,0.008924080377545204,-0.08803371206274556,29.049383293524254,-3.148052090796618,0.0,0.003938594320446271,-0.0011598323688912424,0.0013855002807383855,5.392028056486335,5.395449310385961,5.39557547746747,5.3927936852359215,-0.011562151938816287,-8.13036356412048,0.0,-2.351748509426278,-0.32403815051336904,0.0
38.863763287738074,-393.90317734428845,-298.7090719245872,1.5,0.8099720705829102,0.03753332736602894,0.5829380299983191,-0.05215119743732291,19.754756699807377,106.41466039501897,0.0,0.2625892167249968,0.008837666971282344,-0.08793246857170965,29.041963390269384,-3.7553860474459113,0.0,0.0039164096145971675,-0.0011548393359513255,0.001186260733982231,5.402720847691824,5.406096717033681,5.406266927452271,5.4034385630646025,-0.18756717732128098,-8.152584898868412,0.0,-2.3668842789650193,-0.27167848895550695,0.0
38.93835784299284,-392.3487962959295,-290.78213011564975,1.5,0.809198834548424,0.0435745631033217,0.5827845519857245,-0.060503467525632196,21.920443228047752,106.11182926336465,0.0,0.26287982359343914,0.008752094893272801,-0.08784635230032703,29.021374349233668,-4.364230862044103,0.0,0.003883744118304521,-0.0011417782404839346,0.0012598665474426727,5.413322764901806,5.416717879639358,5.416867655225224,5.414054017355766,-0.3646247730087395,-8.170862278317735,0.0,-2.3803383174353563,-0.2185212073474648,0.0
39.01295239824762,-390.6329363722798,-282.8794729683358,1.5,0.8083406310289453,0.04962173195730693,0.5825653534944389,-0.06885286379798097,24.084100397623054,105.76353444416903,0.0,0.2631686440952922,0.008667193498846426,-0.08774443793051401,28.98754085442278,-4.974291377787075,0.0,0.0038513733206998048,-0.0011329933689611712,0.0013349567820587773,5.423865685883219,5.427279166608125,5.427408215435094,5.4246108686096415,-0.5426568331325812,-8.185173729220034,0.0,-2.392549412021242,-0.16487583831896477,0.0
39.0875469535024,-388.7557858666461,-275.0044949331309,1.5,0.8073973593422225,0.05567412626570133,0.5822802633243926,-0.0771983855701194,26.244737627186588,105.36969633973801,0.0,0.2634551168328782,0.008582989223163678,-0.0876578261138121,28.94039417039197,-5.585269631768036,0.0,0.0038292779468891607,-0.0011233283597681875,0.0011315561612004186,5.4343801609351665,5.43774839771759,5.437922410408208,5.435076430315612,-0.721559843900223,-8.19546734394146,0.0,-2.4038558664961966,-0.1110407544804171,0.0
39.16214150875717,-386.7176071481802,-267.1605955664079,1.5,0.8063688973002145,0.061730795738284404,0.5819291427516927,-0.08553936602894763,28.40135948501207,104.93025768124959,0.0,0.26373946835216244,0.008499608336130405,-0.08756395026405848,28.879872497035265,-6.196865258817872,0.0,0.0037964512424580946,-0.001113620191860371,0.0013683589514830955,5.44478510247655,5.448209382597891,5.44832525258181,5.445532522745814,-0.9012443537771951,-8.201716052309418,0.0,-2.4136211920371116,-0.05647246684411771,0.0
39.23673606401195,-384.51873700549703,-259.3511778582307,1.5,0.805255190011794,0.06779119667165198,0.5815118231212201,-0.09387455556821461,30.55296619318008,104.44518370901662,0.0,0.2640216310652478,0.008416844050333227,-0.08747086743003549,28.805921333479596,-6.808775094014836,0.0,0.0037693520058537204,-0.001104463387840291,0.0010705608701474041,5.455191652534778,5.4585485235723885,5.458730419482469,5.455867653461894,-1.0816140474340097,-8.203886446718903,0.0,-2.42219701494521,-0.001665160170981494,0.0
39.31133061926673,-382.15958695104297,-251.57964654626488,1.5,0.8040561237356684,0.0738543152387233,0.58102819329803,-0.10220336881247163,32.6985541472968,103.91446234681167,0.0,0.2643020592584912,0.008334895511600469,-0.08738524466548543,28.718492708802394,-7.4206943462915795,0.0,0.0037354135022393785,-0.0010937981457836326,0.0012522179467583559,5.46548329855045,5.468883867307485,5.469020157374639,5.466197535362306,-1.2625780530320463,-8.20196302210457,0.0,-2.4294551793970416,0.053730640179115816,0.0
39.3859251745215,-379.6406434868252,-243.84940641915824,1.5,0.8027716600680576,0.07991953206589672,0.5804781077278041,-0.1105246426580564,34.837116450225224,103.33810434207058,0.0,0.2645800621450255,0.008253564472843904,-0.0872873621552663,28.617546201599932,-8.032315290020374,0.0,0.003705186167163797,-0.0010841195512726306,0.0011718287959722716,5.475745299834056,5.479128459110673,5.479280145081371,5.476437829864478,-1.4440355813115782,-8.195894204434703,0.0,-2.435479329258303,0.10910588204105827,0.0
39.46051972977627,-376.962468329881,-236.1638606057067,1.5,0.8014017339714086,0.08598601060738012,0.5798614554688463,-0.11883753291363174,36.96764345088583,102.71614345913682,0.0,0.26485571715204576,0.008172980654577802,-0.08720784978999119,28.503048398641972,-8.643329165350293,0.0,0.003677831296719286,-0.0010743924018745488,0.0010988256744792514,5.485945918127881,5.489314030688874,5.489479781624579,5.486618819374927,-1.625889653826371,-8.185667677782204,0.0,-2.440072579733467,0.16520064007618632,0.0
39.53511428503105,-374.1256985976455,-228.52640885473872,1.5,0.7999462839837003,0.09205287649445153,0.5791781431226303,-0.12714121754485638,39.08912329011031,102.04863659425347,0.0,0.2651299229840565,0.008093133130411701,-0.08711295625500017,28.374973429335142,-9.253424628011402,0.0,0.0036563041282085575,-0.0010669331368694278,0.0013213786092541669,5.496052390642106,5.499472740230674,5.499585181768772,5.496774699230671,-1.8080493401171294,-8.17127851879731,0.0,-2.4434942149927927,0.22116309706581042,0.0
39.609708840285826,-371.1310469527056,-220.94044580496282,1.5,0.7984053196532298,0.09811954593613519,0.5784280405781339,-0.1354344938619825,41.20054242570043,101.33566386486395,0.0,0.2654015063546205,0.008013859568917807,-0.08702850351118901,28.233302378395262,-9.862289677359968,0.0,0.003630959278990963,-0.001057342862241341,0.0010190126651133705,5.506159208213032,5.509511313320127,5.509691019645657,5.506809228076349,-1.990404756826056,-8.152674769544644,0.0,-2.4455802828577404,0.2775010030998793,0.0
39.6843033955406,-367.9793017071943,-213.40935924775022,1.5,0.7967787588323257,0.10418496075238316,0.5776111043203771,-0.1437167895287034,43.300886207932585,100.57732876944765,0.0,0.2656712083372583,0.007935392815660785,-0.08694394032442124,28.078024067975587,-10.469610273531288,0.0,0.0035986812379397897,-0.001047229830347303,0.0012676300316218309,5.516142687547508,5.519553738327082,5.519672567253923,5.5168465764889865,-2.1728634248839036,-8.129861278192507,0.0,-2.446170772543922,0.3342371633221776,0.0
39.75889795079538,-364.67132688529887,-205.93652837980412,1.5,0.7950666508667217,0.11024857747658838,0.5767272133174292,-0.15198681937285202,45.389139420560475,99.77375825998274,0.0,0.265938804746221,0.007857501600508795,-0.08685179665494883,27.909134769221914,-11.075071275276162,0.0,0.0035723935457035363,-0.001039722133307388,0.0010378950470897423,5.526120983797731,5.5294799053829635,5.529649092555481,5.526769199453562,-2.3553217880024144,-8.10281639069025,0.0,-2.445500763728466,0.3909906076225303,0.0
39.833492506050156,-361.2080622440724,-198.5253220501609,1.5,0.7932689487387932,0.11630941468162392,0.575776333374383,-0.1602439045618251,47.46428684932535,98.92510283097977,0.0,0.26620439892859843,0.007780320007384374,-0.08677491901624096,27.726638118490225,-11.678356739942622,0.0,0.003545960516508251,-0.0010290555687432466,0.0011355804788356376,5.53600066833544,5.539384009194532,5.5395279479672626,5.536668721175369,-2.5376828419049033,-8.071529521496469,0.0,-2.4435332238350367,0.44792222371380025,0.0
39.908087061304926,-357.59052325313024,-191.17909700195347,1.5,0.7913856810589998,0.12236674379802283,0.5747583942970254,-0.16848700843731942,49.5253138293245,98.03153657965187,0.0,0.2664678133986902,0.007703848419682227,-0.08668238852155723,27.53054544216513,-12.279149751040832,0.0,0.003519369602278881,-0.0010226803823672637,0.0012333517351630144,5.545820555665845,5.549227106345461,5.549345761254426,5.546508449837235,-2.719835868868245,-8.035988184996725,0.0,-2.4401797049604297,0.5049736751556695,0.0
39.9826816165597,-353.8198010317759,-183.9011961091675,1.5,0.7894168928164469,0.12841983692339756,0.573673331389518,-0.17671509180895267,51.57120682710009,97.09325727151462,0.0,0.26672925801417274,0.007627946499112832,-0.08660524424227731,27.320875435924307,-12.877132733382396,0.0,0.003489205091570734,-0.0010083998416740509,0.0009871690351821452,5.555619071220666,5.558971125087402,5.55914333916438,5.556246901775463,-2.901687456478984,-7.996188159538446,0.0,-2.4350182255395003,0.5620327867783094,0.0
40.05727617181448,-349.89706224372526,-176.6949466096908,1.5,0.7873625562831463,0.1344676966355711,0.5725211533922319,-0.18492747887542796,53.600954016018036,96.11048637028954,0.0,0.2669886588506168,0.0075527637956803225,-0.08652015978083237,27.0976553337909,-13.471987895977657,0.0,0.003464919555560351,-0.0010061197341503284,0.0012673356617332327,5.565297038417329,5.568714033064055,5.568819170516344,5.565987100021229,-3.083136350907228,-7.952121266556011,0.0,-2.429458698850617,0.619406127872832,0.0
40.131870727069256,-345.8235489483604,-169.56365833658643,1.5,0.7852228033743878,0.14050978740751272,0.5713017669920151,-0.19312286176256926,55.61354581596955,95.08346907576686,0.0,0.26724600533005816,0.007478186124938867,-0.08643561446033067,26.86091839859804,-14.0633967190284,0.0,0.003436269760886108,-0.0009957035344782157,0.0009407221110370324,5.57498414744458,5.5783271963155885,5.578504656363286,5.575595786928184,-3.26406611223859,-7.903790706194284,0.0,-2.421677768003706,0.6765394521821938,0.0
40.20646528232403,-341.6005784123934,-162.5106219466902,1.5,0.7829976009769233,0.14654503454763612,0.5700152214811762,-0.20130066317223316,57.6079754941532,94.0124743286613,0.0,0.26750124071659004,0.007404280399937767,-0.08636042970165446,26.610707115975462,-14.651040966176154,0.0,0.003410048552260969,-0.0009847481131113173,0.0011589499445251884,5.584547471890066,5.5879427060492715,5.588067079728426,5.58520674554366,-3.444388855464523,-7.851186968449774,0.0,-2.412701443516872,0.7336632012052349,0.0
40.28105983757881,-337.22954287530206,-155.539107149478,1.5,0.7806870838663285,0.15257283217631482,0.5686614602385992,-0.2094596658196762,59.58323973240299,92.89779481805532,0.0,0.26775460626828396,0.007331004823384193,-0.08627043529076665,26.347071117499848,-15.234602565200317,0.0,0.0033745766794836597,-0.0009800980639528803,0.0010550169754008816,5.594088783098856,5.597460377001322,5.597604706964058,5.594720043973359,-3.6239900426383227,-7.794324861044175,0.0,-2.402442400545011,0.7908695011933566,0.0
40.355654392833586,-332.71190927295925,-148.65236093690388,1.5,0.778291307203756,0.15859229870303346,0.5672405037837845,-0.21759902295340125,61.538339212159386,91.73974695007627,0.0,0.26800587168639356,0.007258353428402574,-0.08619947400271256,26.07006770794054,-15.813763447382241,0.0,0.003357445668373806,-0.0009680131132882639,0.0010067110626750698,5.60356089588019,5.606923427336377,5.607077441349426,5.604179545768365,-3.8027705941216126,-7.733205057726748,0.0,-2.390712344401894,0.8477940056851784,0.0
40.430248948088355,-328.04921891834215,-141.8536058146269,1.5,0.7758103350592152,0.16460256408840188,0.5657523839555516,-0.22571787691594555,63.472279181935235,90.53867082139885,0.0,0.26825497101708373,0.007186339980642429,-0.08611447402813902,25.77976211111261,-16.38820645635553,0.0,0.0033278797161533833,-0.0009618958263156844,0.001217570371815588,5.612944071047283,5.616355939448639,5.616458076625779,5.613608163780689,-3.9806267250762826,-7.667826193863605,0.0,-2.3776211240931837,0.9048214841359832,0.0
40.50484350334313,-323.2430871389346,-135.14603803623524,1.5,0.7732443454482214,0.1706030044499183,0.5641970700857692,-0.2338150192174284,65.3840700416829,89.29493019549331,0.0,0.2685022046091928,0.007114908505647791,-0.0860383643292737,25.47622735749164,-16.957614640573397,0.0,0.0033056636060375556,-0.0009550046960542961,0.0009011266663927467,5.622326733729485,5.625666672095911,5.625839639415601,5.622915605664477,-4.157448600938406,-7.598215673513583,0.0,-2.3633837011366357,0.9615673427093162,0.0
40.57943805859791,-318.2952028706329,-128.5328258404226,1.5,0.7705933484950434,0.17659256268752524,0.5625746676970823,-0.24188985370239602,67.27272791816642,88.00891241515554,0.0,0.268747530591743,0.007044138396074847,-0.08596238689445185,25.159543537633542,-17.52167240549317,0.0,0.003267227250876322,-0.0009416012116173385,0.0011468962724913428,5.631584521056145,5.634983168421109,5.635094920751247,5.632225610127476,-4.333145359503673,-7.524376481250645,0.0,-2.346856920002884,1.0181573483861386,0.0
40.654032613852685,-313.2073282103111,-122.01710769473216,1.5,0.7678575749583395,0.18257067381787945,0.5608851483415866,-0.24994108107836138,69.13727524174126,86.68102834038997,0.0,0.2689906982400662,0.0069739049972496565,-0.08587859499747118,24.829800097968764,-18.080064968756897,0.0,0.0032437091162484137,-0.0009388084227592227,0.0009075139397321459,5.640837566033769,5.644181134920917,5.644345739823494,5.641421023523958,-4.507597712039546,-7.446324731828388,0.0,-2.3299291904153923,1.07461979517023,0.0
40.72862716910746,-307.9812979211482,-115.60199054410337,1.5,0.7650370821081283,0.18853634750283285,0.5591286206480406,-0.2579680101136409,70.97674135178384,85.31171226500192,0.0,0.26923211951289455,0.006904377310456201,-0.08581049226555082,24.48709257872471,-18.632478993136786,0.0,0.0032208512846260817,-0.0009276794624343311,0.0010210515391845872,5.649988316548892,5.653359999347622,5.653496081595907,5.65059565335377,-4.680709834479173,-7.364089632251138,0.0,-2.311248280280129,1.1305231255107469,0.0
40.80322172436224,-302.61901889864026,-109.2905480677056,1.5,0.7621320498232592,0.19448884474417272,0.5573051267772351,-0.26596959143872895,72.79016303545718,83.90142178616527,0.0,0.2694712307969974,0.006835370016148253,-0.08572619317962527,24.13152511192297,-19.178602533015873,0.0,0.0031982729719618372,-0.0009211953041017183,0.001135990522085566,5.6590788996109245,5.662477712955757,5.662584996690561,5.659710486663659,-4.852376391390365,-7.277670458852572,0.0,-2.291184062041466,1.186126093879333,0.0
40.877816279617015,-297.1224695920008,-103.08581894313484,1.5,0.7591426762586261,0.20042743392211762,0.5554147126179311,-0.27394477148109136,74.57658512670066,82.45063773299498,0.0,0.2697085490265717,0.006766936876693045,-0.08565794691322079,23.763209303447884,-19.718125428776414,0.0,0.0031600841428998405,-0.0009114814672579186,0.0008460066438360913,5.668156174708711,5.671489716485458,5.671659413821893,5.66871633665004,-5.022492692408013,-7.187112776708264,0.0,-2.2694887012191525,1.2418462526847018,0.0
40.952410834871785,-291.4936993827298,-96.9908051199379,1.5,0.7560690315225206,0.20635109030906626,0.5534575405363096,-0.2818928837774318,76.33506108806372,80.95986399631674,0.0,0.26994399336300895,0.006699193627550703,-0.0855808442115892,23.382264944786392,-20.250739060601443,0.0,0.003147429028917632,-0.0009056527750085246,0.001179244941249432,5.677099607758694,5.680510783662164,5.680602683829901,5.677735774822436,-5.190961189272051,-7.092435336847872,0.0,-2.247047878639769,1.2966422555239936,0.0
41.02700539012656,-285.73482791936567,-91.00847010397808,1.5,0.7529114440479772,0.2122593037010811,0.5514335941926859,-0.2898125887701535,78.06465356248876,79.4296273865681,0.0,0.27017735907465307,0.006631882286306669,-0.08550454990749791,22.988818456128833,-20.776137581296425,0.0,0.003115902681634499,-0.0008980567540188122,0.0008196419479892151,5.686063599588434,5.689392773723501,5.689564086920639,5.686613209069304,-5.357672121832006,-6.993663830921184,0.0,-2.222681315871506,1.3513766939114038,0.0
41.10159994538134,-279.848044412193,-85.14173725409005,1.5,0.7496699624439871,0.2181509710909182,0.5493430905317339,-0.2977033256555318,79.76443495750677,77.86047748022604,0.0,0.27040868555321035,0.006565329708472953,-0.08543817081216637,22.58300512335367,-21.29401672097993,0.0,0.0030916619975800835,-0.0008892891604657507,0.0010562797368178485,5.694897505554316,5.698282787133461,5.6983969298562505,5.695499162001834,-5.522520072836017,-6.89083490020977,0.0,-2.197208915753854,1.4055787803910411,0.0
41.176194500636115,-273.8356068819607,-79.3934880900403,1.5,0.7463449039330597,0.22402549629350052,0.5471860618260299,-0.305563864236141,81.43348802783801,76.25298643972303,0.0,0.2706383864760809,0.006499181946947851,-0.0853554163164034,22.16496686459977,-21.80407500380028,0.0,0.0030474713715098033,-0.0008799128502187385,0.0009167007365228963,5.703715973934734,5.7070699790625214,5.707210958136119,5.704280045656002,-5.68541839390738,-6.783980548434191,0.0,-2.170160411367744,1.459280716824343,0.0
41.25078905589089,-267.699841368964,-73.76656061493796,1.5,0.7429364473060354,0.2298819935569244,0.54496266465433,-0.3133933605477836,83.07090640995933,74.6077488200304,0.0,0.2708658588543658,0.006433643861948331,-0.0852935118293294,21.734853836907934,-22.306013618070853,0.0,0.0030397600295939296,-0.0008748851619390188,0.0008914637207086975,5.712458150518665,5.715807417252488,5.71595397714385,5.7130161552042455,-5.846258134847388,-6.673136704662186,0.0,-2.1420426307602125,1.512557439118384,0.0
41.32538361114567,-261.4431410991233,-68.26374765229932,1.5,0.7394447843526898,0.23571959090514974,0.5426730618007475,-0.32119096088295385,84.67579519442108,72.92538137185394,0.0,0.2710914120638792,0.006368819640341043,-0.08521602607779678,21.292823072619367,-22.799536429347455,0.0,0.0030123399241838702,-0.0008676943685091632,0.0011207979358898675,5.721112033399968,5.724514990384231,5.72460560092786,5.721719935298668,-6.004926486135117,-6.558350429730967,0.0,-2.1122746324526553,1.565134377876479,0.0
41.39997816640044,-255.0679656085,-62.887795198926234,1.5,0.7358702728785138,0.24153767693848854,0.5403173167192177,-0.32895545194783554,86.24727151415975,71.20652280050504,0.0,0.2713151736658871,0.006304328722476347,-0.08514796209590636,20.839039828537757,-23.28435069020783,0.0,0.002986006397911336,-0.0008598140872572456,0.0007678952333506038,5.729772460976077,5.7330951783495205,5.733264341742586,5.730296037553812,-6.16134581726127,-6.439653307139887,0.0,-2.0813225740045023,1.6172373029666767,0.0
41.474572721655214,-248.57683982511026,-57.641400795501475,1.5,0.7322130051497263,0.24733517713469158,0.53789570345128,-0.33668625966916205,87.78446505578437,69.45183355243522,0.0,0.27153697470024146,0.006240556051748458,-0.08508040385568952,20.373676012088012,-23.760166488454768,0.0,0.0029611216061144964,-0.0008508266710759737,0.001071600272026063,5.738296594141425,5.741690744863482,5.741787130794707,5.7388875648136315,-6.315404434029765,-6.317095532155886,0.0,-2.0489988627349045,1.6685912138086116,0.0
41.54916727690999,-241.97235311168248,-52.52721191396089,1.5,0.7284734150412308,0.2531115617294491,0.5354082656565317,-0.3443820697477018,89.28651862995216,67.66199555698248,0.0,0.2717568706642837,0.00617721984268823,-0.08500388948967336,19.896911327537428,-24.226697733822572,0.0,0.002934068076767341,-0.0008454242368353138,0.0008029775495983,5.746827091080544,5.750159721174971,5.750315099933707,5.747353074862216,-6.467005834028662,-6.190725294111984,0.0,-2.0153780329816002,1.7194171108960457,0.0
41.62376183216477,-235.2571582660373,-47.54782436521423,1.5,0.7246516547072218,0.2588658271928711,0.5328552724728304,-0.35204221542272696,90.75258871708189,65.83771195909259,0.0,0.2719749377421033,0.006114466441231701,-0.08494453193906296,19.40893252503984,-24.683661677300726,0.0,0.002910093169666853,-0.000836300770134676,0.0009170041545509111,5.755252424072863,5.758612996642945,5.758739476714888,5.755802136831566,-6.616058725630498,-6.060589444491925,0.0,-1.9805954272210493,1.7695575976471962,0.0
41.698356387419544,-228.4339704819967,-42.70578072621208,1.5,0.7207480621501116,0.26459725045385546,0.530236875213588,-0.3596656532431873,92.18184598962182,63.979706852347405,0.0,0.2721910221107965,0.006052300539953881,-0.08486707197111025,18.90993359837368,-25.130779521745016,0.0,0.0028863642590198396,-0.0008323115967435357,0.001032269902778822,5.76361815966573,5.767005510278569,5.767102847884787,5.764191929534812,-6.762457161330912,-5.926744507747649,0.0,-1.9445354999850684,1.8189773509803595,0.0
41.77295094267432,-221.5055662697876,-38.003568788587216,1.5,0.7167629912187021,0.2703051073566534,0.527553232271216,-0.36725134509803936,93.57347586932228,62.088724977717845,0.0,0.2724052475144509,0.005990576607268379,-0.0848070798324729,18.400115586948168,-25.567776362075193,0.0,0.002854729149046765,-0.0008195273159637168,0.000744458262102863,5.771969922230443,5.775292922747171,5.77545299618088,5.772473591785165,-6.906113780360663,-5.789242156310357,0.0,-1.9067160332522324,1.8674131253740314,0.0
41.8475454979291,-214.47478233710038,-33.443620029537335,1.5,0.712696612350786,0.27598839400924163,0.5248046590095128,-0.3747986325986558,94.92667904545446,60.16553141611688,0.0,0.2726176802408035,0.005929468536761664,-0.08473764123900461,17.879687140479227,-25.99438188557258,0.0,0.0028380093295364275,-0.0008182110479377858,0.0010804493388669287,5.78018971945249,5.783590313205814,5.783671276827229,5.78076935199958,-7.046938971728899,-5.648137807510323,0.0,-1.868616090673738,1.915572026596438,0.0
41.92214005318387,-207.34451442990408,-29.028308106568335,1.5,0.7085494509540363,0.28164660088086496,0.5219912205955699,-0.3823062036982079,96.2406719778049,58.210911283951695,0.0,0.27282809744414244,0.005868791347290202,-0.08466904004720524,17.348862475001617,-26.410329327120955,0.0,0.00280948360926428,-0.0008098428051568746,0.0007068493272019765,5.788431719106695,5.791747155611008,5.791911084548751,5.788921886195499,-7.1848267048622585,-5.503496871457253,0.0,-1.828507813077757,1.9624879191236846,0.0
41.99673460843864,-200.11771613789443,-24.759947374726067,1.5,0.70432164282994,0.28727865627064864,0.5191132951153499,-0.38977350336721034,97.5146874291393,56.22566938968307,0.0,0.2730368601037165,0.005808752091271184,-0.08460990109800093,16.80786398200608,-26.815357370997727,0.0,0.0027821693410497333,-0.0008012575589596529,0.000944689034310827,5.796543077677277,5.799914830584658,5.800020778107528,5.79708503552372,-7.3197009929850365,-5.355381128696636,0.0,-1.7873555695686383,2.0087299885890855,0.0
42.07132916369342,-192.797397658663,-20.64079143157639,1.5,0.7000136826268998,0.29288396548762113,0.5161710136414278,-0.39719933480779257,98.74797496608339,54.210629880294434,0.0,0.27324358577346053,0.005749148873363929,-0.08453498937371734,16.25692031129966,-27.209208816400242,0.0,0.0027633319753565624,-0.0007972619398936153,0.0008782313575202529,5.804629817169311,5.807986377587297,5.808105771589538,5.805154548721221,-7.451461556531247,-5.20384854063203,0.0,-1.7451350646657546,2.0539735651680457,0.0
42.1459237189482,-185.38662452538475,-16.67303168690323,1.5,0.6956258800792643,0.29846167482725394,0.5131646595993107,-0.4045828663717523,99.93980146562883,52.166635894968984,0.0,0.27344849721427394,0.0056900008269218745,-0.08448098709946758,15.696266621948585,-27.59163179020295,0.0,0.0027326352072284906,-0.0007890547521842454,0.0007721684214678091,5.812661626012225,5.815995232420122,5.816135511878931,5.813158290896374,-7.580025930812794,-5.048966242663088,0.0,-1.70169672367817,2.0985889695632647,0.0
42.22051827420297,-177.888516297983,-12.858795959996497,1.5,0.6911585479574225,0.3040109202376711,0.5100945359323359,-0.4119232772903309,101.08945158982714,50.09454920657532,0.0,0.2736517687484984,0.0056315746678600315,-0.08440980598398677,15.126144706471711,-27.962378895489195,0.0,0.002710676592308599,-0.0007826642177813864,0.001029815056840308,5.820591694246098,5.823985335173718,5.824063807031596,5.821145465361028,-7.705304693253389,-4.890823718008334,0.0,-1.657073915166588,2.141830332237753,0.0
42.29511282945775,-170.30624521787024,-9.200147104958404,1.5,0.6866122321648662,0.30953112559049084,0.5069607895443075,-0.4192193731173169,102.19622828163473,47.995249782231745,0.0,0.27385301393743317,0.005573393292701436,-0.0843495792603814,14.546802828804054,-28.32120893318174,0.0,0.002686737180523602,-0.0007752227661484119,0.0006615928189305669,5.828534407444057,5.831844196222785,5.832004998901086,5.829000560654217,-7.827214179618775,-4.729461462299376,0.0,-1.611351060698944,2.1843045284703706,0.0
42.36970738471252,-162.64303482671653,-5.699081667203367,1.5,0.6819871048875424,0.3150212345611431,0.5037638636587982,-0.4264706088515845,103.25945323240434,45.869635442705295,0.0,0.27405251081688164,0.005515898216340936,-0.08428941284097408,13.958495411712256,-28.66788521133352,0.0,0.0026619158550215995,-0.0007673135029980447,0.0009797390096515978,5.836338565062347,5.8397229386336775,5.839807545477624,5.836875359141563,-7.9456706431239335,-4.564972478940543,0.0,-1.5644575561559255,2.2257203488525485,0.0
42.444301939967296,-154.90215855057656,-2.3575285671688246,1.5,0.6772837980270671,0.3204807399769916,0.5005038803526909,-0.4336757060128342,104.27846734862554,43.71862142568557,0.0,0.2742501704288572,0.005458767410205478,-0.08421978239171626,13.361483207092114,-29.002177160084933,0.0,0.0026357580543016072,-0.0007631854987525441,0.0006961083004472557,5.844153446526132,5.847472606206062,5.84761970179036,5.8446218228645295,-8.06059061118895,-4.3974287434643555,0.0,-1.5164795731090188,2.2662227046385577,0.0
42.51889649522207,-147.08693824924492,0.822652182923995,1.5,0.6725025620874713,0.32590866975001564,0.4971812611532799,-0.4408340237840045,105.25263121083968,41.543139964850994,0.0,0.2744461603904597,0.005402209486500933,-0.08416798459034319,12.75603286086689,-29.323859761303694,0.0,0.0026139883845547438,-0.0007539324744934204,0.0008205038749337971,5.851861080800712,5.855210579655959,5.855326603077673,5.852355798318597,-8.171899100820221,-4.226910415578411,0.0,-1.4675546384354636,2.305553869234982,0.0
42.59349105047685,-139.20074273258066,3.839670730783513,1.5,0.6676438904186724,0.33130432716405084,0.49379626728019094,-0.4479445555078727,106.18132550601327,39.344139852398,0.0,0.27464015296345456,0.005346130781621961,-0.0840973425331413,12.142417014902747,-29.632713966559663,0.0,0.002592339784374945,-0.0007500239107038478,0.0009456801827044094,5.859510314750076,5.862888818586473,5.8629736145162274,5.860031578456509,-8.27950782502103,-4.053492407509905,0.0,-1.4175876275940813,2.343792164352294,0.0
42.668085605731626,-131.24698624342588,6.691808602956484,1.5,0.6627082910889,0.3366670151659631,0.49034916778232557,-0.4550063026777233,107.06395148818065,37.12258600234184,0.0,0.27483250835388756,0.005290457155232743,-0.08404463594178413,11.520914119758324,-29.92852678816899,0.0,0.0025689432881469835,-0.0007418295441985624,0.0006667244272976552,5.867146737617472,5.870462265063787,5.8706088282039754,5.867601019724151,-8.383350637392308,-3.877262801950889,0.0,-1.3665698921998535,2.380984741200496,0.0
42.7426801609864,-123.22912690838034,9.377419889959839,1.5,0.6576960391809895,0.34199577950808696,0.48684041985495424,-0.4620186278060075,107.89993137579984,34.879458979714805,0.0,0.2750230074153335,0.005235399018760796,-0.08398241951728039,10.891808015681539,-30.211091485963475,0.0,0.0025405725733507177,-0.0007357318890747434,0.000978710778148927,5.874656850152172,5.878045081149757,5.878116335684497,5.875179817353798,-8.483346055322357,-3.6983032440956873,0.0,-1.3143727071727276,2.4170112540930524,0.0
42.81727471624118,-115.15066515802287,11.894932396508505,1.5,0.6526078463587045,0.34729011898669,0.4832701797951231,-0.4689802825770542,108.68870878704534,32.61575453755796,0.0,0.2752119489516368,0.005180598236921788,-0.08391980008996505,10.255388391984171,-30.480207596987768,0.0,0.0025195432039118583,-0.0007306858843437755,0.0006068751490414905,5.882186740530596,5.885489683758939,5.8856444692556105,5.882621622249949,-8.579432684940487,-3.516696922252398,0.0,-1.2614725390876884,2.4518639675389813,0.0
42.89186927149595,-107.01514211571613,14.24284875683755,1.5,0.6474439289247812,0.35254900461604505,0.4796389890416433,-0.47589074211817695,109.42974913036564,30.332483137145786,0.0,0.27539865416165454,0.005126578535154704,-0.0838693196789454,9.611950368333318,-30.73568155581234,0.0,0.0025017794270358403,-0.0007243040771295619,0.0008857788213736426,5.889582494877894,5.8929509527698745,5.893039541410518,5.8900799045130645,-8.671510299751846,-3.3325491702884666,0.0,-1.2078134601373478,2.4856819218690314,0.0
42.966463826750726,-98.82613795572762,16.4197475121737,1.5,0.6422049742751682,0.35777189323527536,0.47594705008839605,-0.4827488466472305,110.12254003164158,28.030669433302737,0.0,0.27558412226708867,0.00507276006680007,-0.08379982331107948,8.961793340559643,-30.97732571660013,0.0,0.002466103851796091,-0.0007175386556131963,0.000756566760218734,5.896968465131245,5.900307552936077,5.900421602649071,5.897431699502848,-8.759552597013046,-3.145923539204543,0.0,-1.1526886174185258,2.51790853267085,0.0
43.0410583820055,-90.58727023552888,18.424284153564145,1.5,0.6368914028422493,0.36295795057504665,0.47219479274693316,-0.4895538221714488,110.7665916448327,25.711351821558104,0.0,0.2757677277134573,0.005019463629009884,-0.08375273547153646,8.305222964983802,-31.204960042015426,0.0,0.00245308787820849,-0.0007104824625505349,0.0007006062496321933,5.9042856789341975,5.907613190195473,5.907738978182151,5.904734823651522,-8.843468786818246,-2.956929879459123,0.0,-1.0971483561140047,2.5491182449167034,0.0
43.11565293726028,-82.30219219782855,20.255192125132837,1.5,0.6315036586341725,0.3681063734690468,0.4683826376818537,-0.4963048777327405,111.36143707885368,23.375581877035305,0.0,0.27594930482588104,0.004966743926915315,-0.08368912395904421,7.642548790215097,-31.418410943062963,0.0,0.0024259699705345625,-0.0007055762158156005,0.000950986329489964,5.911510855888811,5.91489650924593,5.914961351278436,5.912014614688822,-8.923185681604993,-2.7656610290852313,0.0,-1.0404477286373202,2.5789821807022464,0.0
43.190247492515056,-73.97459104593068,21.91128378893102,1.5,0.6260424582976509,0.37321660111572763,0.46451082969491564,-0.5030008927988091,111.90663275927086,21.024423848878715,0.0,0.2761294689092793,0.004914290079018589,-0.08363523216118382,6.974085868299477,-31.617512133081874,0.0,0.002402724011049748,-0.0006985152376422903,0.0005628219198162334,5.918751108536143,5.922048211876175,5.922200001103632,5.919162661726639,-8.99866493998301,-2.572207012392958,0.0,-0.9830653960962265,2.607558165621568,0.0
43.26484204776983,-65.60818619195518,23.391451350485656,1.5,0.620508057523786,0.3782876425534715,0.46057996624923425,-0.5096413491164635,112.40175873762725,18.658954131265343,0.0,0.27630782581784835,0.004862472124158514,-0.08358185679693536,6.300153153893777,-31.802104463724707,0.0,0.002379083194255705,-0.0006922882432462042,0.0008976878267144107,5.925850163122608,5.929225447725118,5.929297266485239,5.92633629934126,-9.069831859722786,-2.3766699001671117,0.0,-0.924900798134951,2.634909354116282,0.0
43.3394366030246,-57.2067274817713,24.694667744393694,1.5,0.6149012813600674,0.3833190218905325,0.4565902438356711,-0.5162250389827241,112.84641904296903,16.28026071684341,0.0,0.276484460648353,0.004810965480330899,-0.08351840653401699,5.621074297235616,-31.97203602684332,0.0,0.002355943102135121,-0.000687148636798835,0.0006066254333053136,5.932963963534073,5.936272413655094,5.936408780148398,5.933380310996641,-9.136631763156576,-2.1791478116592606,0.0,-0.8659514821800476,2.660696020143496,0.0
43.41403115827938,-48.77399339421828,25.819987479147255,1.5,0.6092224725607105,0.38830982123806507,0.452542233248106,-0.5227513642104564,113.24024200135663,13.889442645091405,0.0,0.27665944002448584,0.004759927959892289,-0.0834739026887748,4.937177047867435,-32.12716248245936,0.0,0.0023339566560002445,-0.0006794422355896328,0.0007328144108146072,5.93997144019045,5.943310426188401,5.943415195572177,5.940414431610034,-9.199012936841713,-1.9797339275940207,0.0,-0.8063679760167856,2.6854124159883543,0.0
43.488625713534155,-40.31378921754721,26.766547440765397,1.5,0.6034722755219729,0.3932593888893243,0.4484362992936151,-0.5292193790882704,113.58288053349557,11.487609458089699,0.0,0.27683266053946215,0.00470942552931908,-0.08340906669798517,4.2487932034409255,-32.267347009580114,0.0,0.0023123134925130857,-0.0006775517061027969,0.0008604559116923596,5.946922131705652,5.9502903473304025,5.950363239540122,5.947392157413123,-9.256916088543859,-1.77854783042243,0.0,-0.746099939741166,2.7087491371749777,0.0
43.56322026878893,-31.829945203189595,27.533567653775794,1.5,0.5976513487596201,0.3981670746121582,0.44427281386126427,-0.5356281479575149,113.87401246363233,9.075880595164868,0.0,0.2770042492082462,0.0046592130842324124,-0.08336330134376385,3.556258419027247,-32.39246048488483,0.0,0.002290197536642827,-0.0006685121970723372,0.0005685962875857403,5.953863153913709,5.957165526900286,5.957303266114963,5.954263322184242,-9.310297678082163,-1.5756755093981414,0.0,-0.6851206946810944,2.7304441255114713,0.0
43.63781482404371,-23.326314698190785,28.1203519995074,1.5,0.5917600570819928,0.4030319814546302,0.4400523828785794,-0.5419770817017594,114.11334078067209,6.655384855942252,0.0,0.27717412825942833,0.00460959158132991,-0.08330733124081978,2.8599118714064917,-32.50238149976099,0.0,0.0022654854641743784,-0.0006632843610482713,0.0009047938763741618,5.960675278739269,5.964055783941056,5.964113065773914,5.961150157745886,-9.359105954699947,-1.3712303402909511,0.0,-0.623438855121546,2.7508272369057023,0.0
43.712409379298485,-14.806772257784012,28.52628889181581,1.5,0.5857993033297789,0.40785364911104766,0.4357752323910604,-0.5482650125255717,114.30059391659572,4.227259795753459,0.0,0.27734236405877755,0.004560209517762604,-0.08325150836263294,2.160096443282635,-32.596996566900415,0.0,0.0022441708741557254,-0.0006585308852676609,0.0005103912784495871,5.967514579964181,5.9708045339917195,5.970950435262885,5.967896046440831,-9.403297883693012,-1.165314681768366,0.0,-0.561282837636594,2.769804493956628,0.0
43.78700393455326,-6.275211737927106,28.75085190848447,1.5,0.5797693835711157,0.41263112512359373,0.4314420537574885,-0.554491452325756,114.4355259932528,1.79265114030243,0.0,0.2775089745886926,0.004511461554148375,-0.08320658391504908,1.457158046587173,-32.67620031795683,0.0,0.0022213975959481957,-0.0006515828171935495,0.0007816324362608103,5.974220091613491,5.977573820864329,5.977654509992985,5.974661534174314,-9.442830776741145,-0.9580457221285615,0.0,-0.4985266035952198,2.787411673374138,0.0
43.86159848980803,2.2644556296606497,28.793600377680526,1.5,0.5736711484137293,0.41736389363847565,0.42705314469421934,-0.5606553356308869,114.51791705718361,-0.6472878253582438,0.0,0.2776739040146375,0.0044629876207456405,-0.08314354763737956,0.7514458402686623,-32.73989507420002,0.0,0.002198708955431415,-0.0006480354198084615,0.0006873032997243174,5.980911775703356,5.984243703752364,5.984343562672957,5.98132885153156,-9.477662584045058,-0.7495175623457667,0.0,-0.43528167736649553,2.8033522470107015,0.0
43.93619304506281,10.808303180110912,28.654179920836235,1.5,0.567505142858123,0.4220511959344562,0.42260904645369063,-0.5667559392678467,114.54757330917938,-3.0913968328850943,0.0,0.27783719767523324,0.004414969547097224,-0.0831034675001935,0.043311807310685305,-32.78799170904805,0.0,0.0021786972799590653,-0.0006389355631073542,0.0006007136247186748,5.987545148372017,5.990858726320599,5.990976327030105,5.9879400015237465,-9.5077579667756,-0.5398519222720563,0.0,-0.3715570209156091,2.817851173789894,0.0
44.010787600317585,19.352390773895127,28.33232294905593,1.5,0.5612719195332818,0.42669228211357735,0.41811031111122504,-0.5727925422616876,114.52432730436318,-5.53850928078335,0.0,0.27799884018620635,0.004367411887867028,-0.08304508096953742,-0.6668894044132386,-32.82040925114302,0.0,0.002156312095468447,-0.0006359751732373324,0.0008751895758556536,5.99408161042949,5.997458551900251,5.997510241251054,5.994537233430733,-9.5330802723215,-0.3291509055809992,0.0,-0.3073407664908374,2.830978855592168,0.0
44.08538215557236,27.89276677020208,27.82784911368759,1.5,0.5549723727632916,0.4312866486486535,0.4135572536080225,-0.5787641057936167,114.44803815198335,-7.9874528203815816,0.0,0.2781588995988501,0.004320167634273467,-0.08299773174564491,-1.378800582305157,-32.837074919195004,0.0,0.002134433162402585,-0.0006309133741257366,0.00047023837009737494,6.000640032876632,6.003924257103829,6.004066886366118,6.000999695232861,-9.553599901858187,-0.11753754886772758,0.0,-0.24272485342502703,2.8426935745089055,0.0
44.15997671082714,36.42547001444782,27.14066571121982,1.5,0.5486068250286086,0.43583337547630746,0.40895063071187243,-0.5846701651301521,114.31859169089505,-10.437049994880223,0.0,0.2783173213399796,0.004273455234152797,-0.08295062390425845,-2.0920622422191646,-32.83792412254362,0.0,0.00211326430876468,-0.000621771308830203,0.0008248415112946828,6.007054573361891,6.010421927300466,6.010480308104523,6.007493650248132,-9.56928506437574,0.09488772133216429,0.0,-0.17777676627744202,2.8523806577781055,0.0
44.234571266081915,44.946531838372366,26.270768041740748,1.5,0.5421762870878304,0.440332036179597,0.4042907031954675,-0.5905096095266352,114.13590065391413,-12.88611886055782,0.0,0.2784741424088059,0.004227038475116586,-0.08289285721574294,-2.8063128801821535,-32.8229015435667,0.0,0.00209082074209228,-0.0006194308244852817,0.0005194109781851132,6.013490427822597,6.016787193474057,6.01691346329473,6.013856425787096,-9.5801106633401,0.30799986763781023,0.0,-0.11242081725717458,2.860973152892079,0.0
44.30916582133669,53.45197807167833,25.218239718333134,1.5,0.5356811867732988,0.4447817891581009,0.39957818180324556,-0.5962818987670861,113.89990481418795,-15.333473639168464,0.0,0.2786294161531262,0.004181052901037062,-0.08285480070909207,-3.5211890375182175,-32.79195943250838,0.0,0.0020703526808467077,-0.0006120103671778379,0.0006524523455292173,6.019819307389854,6.02314814496836,6.02324137989711,6.020213674170435,-9.586053425428947,0.521696766288738,0.0,-0.04682105101463062,2.8680629841880925,0.0
44.38376037659146,61.93783106416987,23.98325293168127,1.5,0.529122309893389,0.44918204363186365,0.3948135271260058,-0.6019861723080603,113.61057111720328,-17.777925315227098,0.0,0.27878301846143155,0.0041355510597402894,-0.08279549860408722,-4.236325606548713,-32.74505914177297,0.0,0.0020502420813308052,-0.0006106676110671371,0.0007869462460335904,6.026093546937343,6.029453073252534,6.0295129949072255,6.026516674551791,-9.587089543852139,0.7358450320065523,0.0,0.019035823182655995,2.8736006297891428,0.0
44.45835493184624,70.40011171736244,22.566068665465128,1.5,0.522500454266083,0.45353220907228486,0.3899972073877188,-0.6076215835991433,113.26789380633637,-20.218282324399443,0.0,0.2789351203067247,0.004090314173747125,-0.08275594350549605,-4.951355911262452,-32.68217039652797,0.0,0.002032989961697991,-0.0005991766398518034,0.000494973109708745,6.03236056715678,6.035654560747876,6.03577997356248,6.032714429098989,-9.583204619822181,0.9503445902265795,0.0,0.08494130469088323,2.877007213160418,0.0
44.532949487101014,78.83484152421713,20.967036863784944,1.5,0.5158160720105862,0.45783148029499954,0.3851299597643735,-0.6131875973944281,112.87189450322387,-22.653351179296976,0.0,0.27908555403269064,0.004045576014371623,-0.08270588738874526,-5.665912550196141,-32.60327232906192,0.0,0.0020038265325145583,-0.0005996769421674332,0.0008269678491451287,6.038502668471812,6.0418729904271435,6.041918216969207,6.03892957248276,-9.574377252960826,1.1650777330048643,0.0,0.15161818067125302,2.8798586652670024,0.0
44.60754404235579,87.2380446147979,19.18659654969957,1.5,0.5090702398721053,0.4620794364571523,0.38021207932056866,-0.6186831661025919,112.42262231955725,-25.081937102534607,0.0,0.2792346405600474,0.00400114231274756,-0.08265527304168249,-6.379626113573057,-32.508351352755575,0.0,0.001986561536137837,-0.0005932970657521373,0.00042553278036934136,6.044673303488936,6.047951633858023,6.048087605976286,6.045005675352033,-9.560607843179273,1.3799135626189274,0.0,0.21788835117023403,2.880332688473999,0.0
44.68213859761057,95.6057498099189,17.22527589799835,1.5,0.5022633182454758,0.46627521785479875,0.37524440659907315,-0.6241078558034767,111.92015390924497,-27.502844698955702,0.0,0.27938181773755083,0.003957160333459659,-0.08261727162051238,-7.09212702872072,-32.39740393854511,0.0,0.001970329552992624,-0.0005848382237333893,0.0007264648508378788,6.050707937041775,6.0540571284634535,6.054121894551918,6.0511079945999064,-9.541863549376862,1.5947528253130898,0.0,0.2842652751621065,2.879391289404803,0.0
44.756733152865344,103.93399267815852,15.08369225631102,1.5,0.4953963282430917,0.47041837597243,0.37022729977112184,-0.629460702518361,111.36459354123137,-29.914878600484194,0.0,0.2795277319280166,0.003913532061046508,-0.08255927373211841,-7.803045341950388,-32.27043495349993,0.0,0.0019497750920265786,-0.000584041227856246,0.0006315736520501558,6.056735208350063,6.0600620266284455,6.060146325691496,6.057111002944878,-9.518164684819652,1.8094626064619421,0.0,0.351078976859791,2.8770301339052424,0.0
44.831327708120114,112.218817595126,12.762552118230005,1.5,0.4884699151809459,0.47450822501505185,0.3651614202247102,-0.6347410681023068,110.7560730930033,-32.31684413211667,0.0,0.2796720120991649,0.003870301592296732,-0.08252547006132901,-8.512010066592806,-32.12745778644963,0.0,0.0019208150281472209,-0.0005743894866731052,0.0005070280891067703,6.062711289184836,6.0660110787166674,6.066120546737759,6.06305477017018,-9.489488311791346,2.023928198468021,0.0,0.4178144210581573,2.8728113279960015,0.0
44.90592226337489,120.4562798066355,10.262651047526168,1.5,0.4814847316419401,0.47854409337520937,0.36004743852040716,-0.639948315027301,110.09475213250248,-34.707547975188184,0.0,0.2798149500519781,0.003827444273182673,-0.08247185455837903,-9.218650256910847,-31.968495235131172,0.0,0.0019037953259303613,-0.0005728676178681097,0.0008070017341781134,6.068584655843768,6.071953431834585,6.071991797422046,6.068995483770131,-9.455844429443088,2.2380467881323183,0.0,0.48439351690388577,2.8673563541021143,0.0
44.98051681862967,128.6424474927702,7.5848735529041935,1.5,0.47444183659960737,0.4825255423703146,0.3548857302320943,-0.6450815166487553,109.38081787700182,-37.085798789745446,0.0,0.27995610579143787,0.0037849085124115225,-0.08243069737798787,-9.922595223373385,-31.79357828352596,0.0,0.0018876065410508736,-0.0005684379093719509,0.00040105085507297425,6.074485290347537,6.077761028675054,6.077891303931333,6.074800665998512,-9.417224875014439,2.451671178156411,0.0,0.550916501421023,2.8603699964630476,0.0
45.05511137388444,136.773403830784,4.730192914795089,1.5,0.4673416184855359,0.4864517594711743,0.34967718834251793,-0.650140262783032,108.6144852048286,-39.45040791407343,0.0,0.28009595235313894,0.0037428460395364745,-0.08238897278679787,-10.623474428926968,-31.60274682248417,0.0,0.001858082568955693,-0.0005593085784453397,0.0007374023041328077,6.080247394014797,6.0836020204699786,6.0836510132681445,6.080636726337996,-9.373643679422472,2.6647088531030483,0.0,0.617619644801895,2.8510532570850757,0.0
45.12970592913922,144.8452490570062,1.6996709622796535,1.5,0.46018524573013975,0.4903223602035085,0.344422146504072,-0.6551235820013498,107.79599661922222,-41.80019000425472,0.0,0.2802342412307854,0.0037010383559831182,-0.08233631689182162,-11.320917498556591,-31.396050597221357,0.0,0.0018471376483790167,-0.0005586402029294985,0.00045506560751744867,6.086027202601822,6.089316293427092,6.089429407687191,6.0863503471423614,-9.32510419828933,2.8770252299230266,0.0,0.6837841069868217,2.8409701453119323,0.0
45.204300484394,152.85410252674666,-1.5055422012661233,1.5,0.4529732294438966,0.4941366112557352,0.3391214319982374,-0.6600309971382633,106.92562221131557,-44.133963717718274,0.0,0.280370870491086,0.0036596679345896996,-0.0823048355851211,-12.014555157732842,-31.17354691787002,0.0,0.0018236930056669434,-0.0005506460495033549,0.0005790849917036181,6.091707036643941,6.09502622055044,6.095107897394681,6.092055983484402,-9.271611237411747,3.0885069298528594,0.0,0.7501472336999655,2.828965501671548,0.0
45.27889503964877,160.79610476992823,-4.884208519025883,1.5,0.4457064819527349,0.49789399498354137,0.33377559248858873,-0.6648617567310797,106.00365960846835,-46.45055234506982,0.0,0.280506326857656,0.003618680806261253,-0.08224987552324588,-12.7040188362305,-30.93530262720007,0.0,0.0018007249467306545,-0.0005493814077894216,0.0007049042253255159,6.097334762926292,6.10068255731129,6.100732455976319,6.097710002003057,-9.213195710098326,3.299036597295534,0.0,0.8162981086332992,2.8153733144300177,0.0
45.35348959490354,168.66741954139485,-8.435002351992232,1.5,0.43838592893650125,0.5015939987620769,0.3283851785454539,-0.669615122460672,105.03043386642592,-48.7487844844316,0.0,0.28064013001877003,0.0035779437492474515,-0.08221625439374045,-13.38894112279935,-30.6813932984857,0.0,0.00178669772048103,-0.0005422612203679646,0.0004082982653853236,6.102957195012117,6.106237770825512,6.106354624131533,6.1032624936714415,-9.149856577126135,3.508493927685131,0.0,0.8819140116905998,2.8003124500573455,0.0
45.42808415015832,176.46423586499424,-12.156510899340333,1.5,0.4310120919389293,0.505235915567843,0.3229510551316675,-0.6742906363075897,104.00629741258034,-51.02749469561149,0.0,0.280772463345423,0.0035377312918595037,-0.0821713518609335,-14.068956015528086,-30.411903137206036,0.0,0.001763088631555252,-0.0005375553056692152,0.0007684850037211582,6.108452548450525,6.111816665499782,6.111847549980747,6.1088381183178715,-9.081620257181836,3.7167601552297955,0.0,0.9475200367976793,2.7834314942553067,0.0
45.502678705413096,184.18277007061826,-16.047234667520648,1.5,0.42358621142696845,0.5088193892148539,0.31747356758876244,-0.6788873872229724,102.93162992417679,-53.28552416218232,0.0,0.2809034044050208,0.003497643419707695,-0.08212634660171952,-14.743698825804158,-30.126925442560932,0.0,0.0017453277247894338,-0.0005342141259093442,0.0003458482189979329,6.113985784393964,6.117252576162216,6.117378968551337,6.114271799038054,-9.00850812854061,3.923724940543154,0.0,1.0126873987087222,2.765193347838907,0.0
45.57727326066787,191.81926782279558,-20.10558798876864,1.5,0.41610870786048687,0.51234367879627,0.3119536836033809,-0.683405002415451,101.80683820487096,-55.52172133829732,0.0,0.28103288121797554,0.0034581895454356536,-0.0820931819473705,-15.412807054640028,-29.826562248425127,0.0,0.0017263928335962701,-0.0005287029871201349,0.0006442213747278113,6.119383664493208,6.1227202766980895,6.122775610398993,6.119736331136341,-8.930552193449731,4.1292514915308045,0.0,1.077590027382744,2.7454829119937343,0.0
45.65186781592265,199.37000613816684,-24.329899588805507,1.5,0.408580739823246,0.5158083910514388,0.30639183308335327,-0.687842661795732,100.63235603304135,-57.73494262252805,0.0,0.28116077937419987,0.003418848721516261,-0.08204069240315019,-16.07591972290045,-29.510923773499783,0.0,0.0017204873626946683,-0.0005230316867057185,0.0005918286431533929,6.124769754167917,6.128094475551841,6.128161546838316,6.125109977135895,-8.84776733515115,4.333250103969889,0.0,1.141948145521882,2.7238511702622574,0.0
45.726462371177426,206.83129539345546,-28.718413201316675,1.5,0.40100304618141575,0.5192129429809945,0.300788775785232,-0.6921998188065794,99.40864403630216,-59.924052965386124,0.0,0.28128770431681854,0.0033799233458376363,-0.082011320585857,-16.732678362477927,-29.18012973648477,0.0,0.0016946186791313481,-0.0005186247530556574,0.00046994868850389125,6.130113494720685,6.133411017404288,6.133503022113482,6.13042239882462,-8.760198476311363,4.535591377615208,0.0,1.2057864754764398,2.701050194634878,0.0
45.801056926432196,214.19948132007409,-33.269288232019896,1.5,0.3933763863210268,0.5225567727391919,0.29514526036302813,-0.6964759243754598,98.1361894692568,-62.087926539294514,0.0,0.2814125817714094,0.0033414553793112245,-0.0819641638437871,-17.38272709568823,-28.834307676201615,0.0,0.0016696243814691416,-0.0005153970814396341,0.0007489385448861544,6.135360139541037,6.138722072576427,6.138746628724994,6.135730359633445,-8.667860936311882,4.7361457573100125,0.0,1.2694591951456196,2.676332451855106,0.0
45.87565148168697,221.47094698512524,-37.98060047037478,1.5,0.38570194139617153,0.5258394958445103,0.2894617449926095,-0.7006702043037432,96.81550608307641,-64.22544740618052,0.0,0.2815366108390212,0.0033031162856502383,-0.08192699622177042,-18.02571214874312,-28.47359448956721,0.0,0.0016430566141672543,-0.0005099298382723001,0.00028830394595638837,6.140640925546575,6.1438972893160795,6.144024850276141,6.1409015498663555,-8.570816885918678,4.934827842061738,0.0,1.3326971142000075,2.650091634579466,0.0
45.95024603694175,228.64211475903716,-42.850342850293046,1.5,0.3779801418906543,0.5290604187475714,0.2837392606862951,-0.7047823192987747,95.44713387742091,-66.33551011563918,0.0,0.2816588632856555,0.0032653375151466785,-0.0818911778081153,-18.661282664111468,-28.09813534600179,0.0,0.0016413329510191997,-0.0005048498629560944,0.0007286679435779391,6.145765276144379,6.14912397049669,6.149150119486918,6.146127733416308,-8.469082512085729,5.13149904856658,0.0,1.3946871081557506,2.622868528891063,0.0
46.024840592196526,235.7094482669431,-47.87642625718202,1.5,0.3702123412714749,0.5322192432312703,0.2779781407387955,-0.7088114366854059,94.03163890306514,-68.41702036070068,0.0,0.2817799148806515,0.003227715123665203,-0.08184312520492175,-19.28909174727671,-27.708083257384114,0.0,0.0016139845163375766,-0.0005024645263233985,0.00037508809796805656,6.1509329850627354,6.154209908439951,6.154314242771901,6.151210436978411,-8.362715412840723,5.326059284041645,0.0,1.4567921866021463,2.5935411063743596,0.0
46.0994351474513,242.66945432093775,-53.056680381090146,1.5,0.3623990877440934,0.5353153372353108,0.2721793587714657,-0.7127571729429655,92.56961300044222,-70.46889558943728,0.0,0.2818994806116089,0.0031905124796375553,-0.081816688026217,-19.908794561940972,-27.303600552951806,0.0,0.0015944325453293494,-0.0004949307216045497,0.0005128571398600528,6.155992417181059,6.159302528791869,6.159372747727379,6.1562993394119365,-8.251751154353084,5.518392298624449,0.0,1.5181032980977591,2.562950353250626,0.0
46.17402970270608,249.51868483712622,-58.388854618513754,1.5,0.3545414117824707,0.5383482748574457,0.26634352513613063,-0.7166189007466689,91.06167358633589,-72.49006564988036,0.0,0.2820177785977105,0.003153668759917769,-0.08176663127699409,-20.520050420740002,-26.884857390566765,0.0,0.0015747723134856395,-0.0004942414562639352,0.000650377123175228,6.161002835607257,6.164344152427355,6.164380304235502,6.161339161472301,-8.136247000217482,5.708386633657512,0.0,1.5787640611830263,2.530874719168617,0.0
46.248624257960856,256.2537387319088,-63.87061901973706,1.5,0.3466403436623563,0.5413176280050187,0.26047126766647777,-0.7203960136458849,89.50846335529233,-74.47947340108864,0.0,0.2821346846637103,0.0031170353485468214,-0.08173804227204688,-21.122522048964303,-26.452032417018792,0.0,0.0015674538528780999,-0.0004879360441399995,0.00036218465644998913,6.16601093351957,6.169286847257065,6.169388906247126,6.166280154658811,-8.016245851698704,5.89593488804961,0.0,1.6384076333210935,2.497629861486518,0.0
46.323218813215625,262.87126379775265,-69.49956528215392,1.5,0.33869648041182426,0.54422282307238,0.2545635379195448,-0.7240881287285799,87.91065000456169,-76.43607530669007,0.0,0.28225007364677135,0.0030809010021117414,-0.08169827391551616,-21.715876539834813,-26.005311734137194,0.0,0.0015326716765370258,-0.00048275566179124097,0.000691899593289252,6.170900441999636,6.174252922854474,6.174274409862067,6.171241267281103,-7.891800997264766,6.080920740880754,0.0,1.6979064137628777,2.462100049076497,0.0
46.3978133684704,269.36795855712586,-75.27320778769221,1.5,0.33071118176784314,0.5470635556776728,0.24862075109305581,-0.727694511748538,86.26892595125854,-78.35884207358114,0.0,0.28236434521314685,0.0030448727813519533,-0.0816577725287088,-22.299784162199117,-25.54489089680981,0.0,0.0015217269572498436,-0.0004801392748120624,0.000274378872029078,6.175825437416675,6.1790816403133775,6.17919836414567,6.176068797651489,-7.762974619973462,6.263250715325398,0.0,1.7561645449508614,2.425891972499947,0.0
46.47240792372518,275.740574095444,-81.18898468839377,1.5,0.3226849281006126,0.5498392295827906,0.24264396923138148,-0.7312148541872945,84.584008008237,-80.24675922885606,0.0,0.28247721445680507,0.003009390795294091,-0.08162960855755297,-22.873920455878224,-25.070972179074197,0.0,0.0015034171547846668,-0.0004741810411109789,0.0005803842772416859,6.180617989904388,6.183945830382768,6.183989769923757,6.180929799111844,-7.629825544903365,6.442802803943981,0.0,1.8138198836666843,2.3880959889644378,0.0
46.547002478979955,281.9859158675064,-87.24425903332059,1.5,0.3146189967106029,0.5525495231131834,0.2366336791510277,-0.7346484964305418,82.85663704765176,-82.09882771777731,0.0,0.28258868424575423,0.0029740683897024316,-0.08158117769642556,-23.437964735100305,-24.58376617699973,0.0,0.0014905202456304057,-0.0004715564939843195,0.000496738406238251,6.185406974252202,6.18871523433591,6.188777081009541,6.185698084805683,-7.492406222739008,6.619483500015846,0.0,1.8704914017760892,2.348786227686054,0.0
46.62159703423473,288.1008454810008,-93.43631994033095,1.5,0.30651420824147857,0.5551939685112971,0.23059071810827805,-0.7379949987615669,81.08757768146455,-83.91406448036183,0.0,0.2826989067371418,0.002939076556402638,-0.08155791715443536,-23.991601430928988,-24.08349140155973,0.0,0.0014679589175076587,-0.0004656727832386607,0.000378569421799571,6.190151403701543,6.193433567825582,6.193519906991439,6.190412467215971,-7.350786292399951,6.793184669608516,0.0,1.9264451034512704,2.3082111810445882,0.0
46.69619158948951,294.0822824532651,-99.76238381130088,1.5,0.2983713863109518,0.5577721089551959,0.22451593261135439,-0.7412539283580274,79.27761789432451,-85.69150303474258,0.0,0.2828078434311445,0.0029045450286277,-0.08151394017355752,-24.53451951183289,-23.5703737898268,0.0,0.001451423082932103,-0.0004631650166274384,0.0006918721585264897,6.194797998585108,6.198152315609317,6.198164431975381,6.19512944056285,-7.2050390274267535,6.963800919359762,0.0,1.9813127742049272,2.2661820421360317,0.0
46.77078614474428,299.92720594114866,-106.21959558987966,1.5,0.2901918417078512,0.5602836440563508,0.21840981212004015,-0.7444246685722007,77.42756866349656,-87.43019405035464,0.0,0.28291541829453504,0.0028700869461146202,-0.08148241241061158,-25.066413284393853,-23.044647042495402,0.0,0.0014327363210378961,-0.00045746161799775675,0.00024030198381980392,6.199484533997486,6.202735427770312,6.202849519954172,6.199709534789311,-7.055219322972145,7.131239494438315,0.0,2.035309622118317,2.2227738249454836,0.0
46.845380699999055,305.63265644195843,-112.8050300615338,1.5,0.2819760511534142,0.5627280298128274,0.2122734851626098,-0.7475069488210929,75.53826358789438,-89.12920589715168,0.0,0.2830216946093889,0.0028361737405802234,-0.08145091534839045,-25.586982204148082,-22.506552312995254,0.0,0.0014176347616655452,-0.00045391956155694727,0.0006423481181073809,6.204024752912997,6.207368891465176,6.2073884715160625,6.204340801326136,-6.901409708474894,7.2953939023688426,0.0,2.088440972933932,2.1783212683839164,0.0
46.91997525525383,311.19573746619,-119.51569319497874,1.5,0.2737254741171946,0.5651050182392986,0.20610734669657943,-0.7505001297919776,73.6105584850275,-90.7876252019414,0.0,0.2831267685444435,0.002802390510917519,-0.0814071473796287,-26.09593104586839,-21.95633768706288,0.0,0.0014031160639113305,-0.0004509409436019877,0.00031872090480195367,6.208601436195902,6.211870770644257,6.211963387135923,6.20884115464368,-6.743682326413056,7.456172711724953,0.0,2.140257569932581,2.1323319496349664,0.0
46.99456981050861,316.61361717962234,-126.34852352340893,1.5,0.26544072308901195,0.5674141256151283,0.19991244365426733,-0.7534039072440368,71.64533097705467,-92.4045573801426,0.0,0.2832303452042461,0.0027689763683029895,-0.08138601629447365,-26.592970328480042,-21.394258934108972,0.0,0.0013823148263776906,-0.00044398722232964223,0.0004520503450766436,6.213077890225953,6.2163793224575326,6.216438621839682,6.213345828228956,-6.58210331180133,7.613475042301212,0.0,2.1914123270217685,2.0850886788533827,0.0
47.069164365763385,321.883530014583,-133.3003935670071,1.5,0.2571229160453238,0.5696550195212072,0.19368944861583565,-0.756217800817685,69.64348008504595,-93.97912718503885,0.0,0.2833329870483098,0.002735928406881404,-0.08133972523282058,-27.07781632720845,-20.820578602686936,0.0,0.001361543496696739,-0.0004442997813888781,0.0005855482774936884,6.21750836856014,6.220839890331266,6.220865843272315,6.217804574552391,-6.416774077813969,7.76721416046044,0.0,2.241497061855367,2.0365970338943953,0.0
47.14375892101816,327.002778248359,-140.368111293963,1.5,0.24877317419493683,0.5718273703336385,0.18743904312571696,-0.7589413491505173,67.60592574820629,-95.51047920845963,0.0,0.2834342083389888,0.002703044725434116,-0.08131596965246053,-27.550191154073914,-20.23556624906143,0.0,0.0013563258049108914,-0.0004354304519691282,0.00029093357745524497,6.221939330726285,6.225204330958077,6.2252979213615,6.222167198165506,-6.247754583060514,7.917292622466826,0.0,2.2898341290765,1.9871017437907885,0.0
47.21835347627294,331.96873354845513,-147.5484216200768,1.5,0.2403921373135743,0.573930741559276,0.18116227116352332,-0.7615742614597116,65.53360840213922,-96.99777840218455,0.0,0.28353406552999366,0.002670606038062424,-0.08128048749784679,-28.00982373102381,-19.63949800731608,0.0,0.0013263195522067164,-0.0004347436209614314,0.0006437716857116122,6.22625175548511,6.229598002612151,6.229606311751612,6.226557190018028,-6.075131691722468,8.06361999412398,0.0,2.33806811903037,1.936053014056762,0.0
47.29294803152771,336.7788384832912,-154.8380079458632,1.5,0.23198128661717077,0.5759649017967895,0.17485956911684492,-0.764115989654665,63.42748852270123,-98.44021058117025,0.0,0.28363305476767814,0.0026383054122405152,-0.08124372228703403,-28.45644794725887,-19.032657016767086,0.0,0.0013160402946180534,-0.0004309054373325029,0.00021152599975562147,6.230606951288905,6.233853655356071,6.233960644800133,6.230811568117519,-5.899006104967958,8.206118661519733,0.0,2.3843442977597906,1.8841413256741038,0.0
47.367542586782484,341.43060800014337,-162.23349373124194,1.5,0.223541121661399,0.5779294012964225,0.16853211031268747,-0.7665663062234569,61.28854612984677,-99.83698290339456,0.0,0.28373020920122377,0.002606451055304672,-0.08122148864126892,-28.88980524948636,-18.415332826391182,0.0,0.0013066357564017461,-0.00042408529072597627,0.0005530725667110229,6.234826402572031,6.238153113721036,6.238180328913253,6.235108882025856,-5.719439490985716,8.344678810994155,0.0,2.429526655350972,1.8311924507963464,0.0
47.44213714203726,345.921630864968,-169.7314441065236,1.5,0.2150730401298075,0.5798240076140383,0.1621803909535425,-0.7689247221892883,59.11778031880584,-101.18732437129896,0.0,0.28382682518541524,0.0025748440256705093,-0.08117572286589769,-29.309643690400225,-17.787820700799656,0.0,0.001266776041759999,-0.00042986552468598425,0.00036802494260249573,6.239064481004889,6.24234694418202,6.242411605374922,6.239298999863657,-5.536549291961274,8.47924776571203,0.0,2.4738033951598863,1.7767111964214286,0.0
47.51673169729204,350.2495710651169,-177.3283675165603,1.5,0.20657790607674842,0.5816483696059938,0.15580533555439802,-0.7711909233571261,56.91620872894355,-102.49048624461592,0.0,0.28392183696221607,0.0025434705284135273,-0.08115742338813148,-29.715717418981786,-17.150422924110543,0.0,0.0012688326700905077,-0.0004149986125459426,0.00032853147059061163,6.243235396728132,6.246511204487543,6.246585637159257,6.243461459309399,-5.350416379079952,8.609722265193136,0.0,2.5164305314297475,1.7213304529972606,0.0
47.591326252546814,354.41216917510553,-185.02071740123245,1.5,0.198056610665502,0.5834021611024728,0.1494078425438328,-0.7733645931765014,54.684867042736514,-103.74574255889787,0.0,0.28401561762889116,0.002512405452213245,-0.08111796724663325,-30.10778841655854,-16.50344737795612,0.0,0.0012510586191106178,-0.00041505490285658776,0.0006417617214279637,6.247323426434671,6.2506710017046245,6.250671007407062,6.247619629854742,-5.1611165272466115,8.736032332563928,0.0,2.5582279447606666,1.664978254881509,0.0
47.66592080780159,358.4072436833575,-192.8048939091548,1.5,0.18951054820051572,0.5850851568470985,0.14298844744420422,-0.7754453012659516,52.42480850455005,-104.95239052705055,0.0,0.28410830701978584,0.0024815762453364973,-0.08109068437518921,-30.48562469801205,-15.847207832090968,0.0,0.001237251156521587,-0.00041100727365958085,0.00019046380111567294,6.251453976617634,6.25469794575223,6.254800507700262,6.251644444935461,-4.96877830779608,8.858092815367556,0.0,2.5985697439536954,1.6076831730268593,0.0
47.74051536305636,362.2326922813422,-200.67724564322552,1.5,0.18094023882722549,0.5866969789557908,0.13654834145647193,-0.7774328493849367,50.1371033291941,-106.10975098096928,0.0,0.2841998618507152,0.002451173435513601,-0.08106319052643524,-30.849002393266606,-15.182023479011862,0.0,0.0012149645553689388,-0.00040514494406749786,0.0005737172792559072,6.255444124901401,6.258777311120738,6.258788636345806,6.2557202427169445,-4.773478376018849,8.975838530129723,0.0,2.6374959946579755,1.5489986116687369,0.0
47.81510991831114,365.88649310971425,-208.63407143756936,1.5,0.17234722220792806,0.5882374434904933,0.13008796681627824,-0.7793268030567067,47.82283818531995,-107.21716878565115,0.0,0.2842902319142145,0.002420907939149893,-0.0810233665135558,-31.19770467456485,-14.508219705360268,0.0,0.0012081041866621727,-0.0004035842957127681,0.00026359802423904966,6.259469455069304,6.262730730911229,6.262813012515707,6.259673397300403,-4.57532486020733,9.089190064574161,0.0,2.6749026074401896,1.4899002568919497,0.0
47.889704473565914,369.3667059646602,-216.6716221665005,1.5,0.1637321585795304,0.5897062202576198,0.12360842535672165,-0.7811269494884882,45.48311562807972,-108.27401325117945,0.0,0.28437917871767693,0.00239094771433698,-0.08100684584083176,-31.5315221412524,-13.826126489862196,0.0,0.001187477114886439,-0.00039737809156546283,0.00039689486830063074,6.263399758408033,6.266693027524371,6.266741980093637,6.263631893224254,-4.37440336592384,9.198074794262721,0.0,2.7113828169208176,1.4295166640008574,0.0
47.96429902882069,372.6714734634217,-224.7861025818866,1.5,0.15509623144118526,0.5911030796254177,0.11711043538128268,-0.7828329669698997,43.1190535721749,-109.27967852121365,0.0,0.2844674016117404,0.0023613896910696245,-0.0809641087531924,-31.850253188645535,-13.136079345529076,0.0,0.0011675956736789317,-0.0003986406006576847,0.0005328237096305322,6.267286998024881,6.270610748176722,6.270625873783157,6.267548042266579,-4.170851339344206,9.30243684419228,0.0,2.74644301512509,1.3682547049936948,0.0
48.03889358407547,375.799022166024,-232.97367317949764,1.5,0.14644062547036585,0.5924277955528972,0.11059472260524156,-0.7844445535536928,40.731784649488375,-110.23358393674424,0.0,0.28455423181301837,0.0023319200205862917,-0.08094472300045365,-32.15370371556087,-12.438418775217082,0.0,0.001167016483414628,-0.000389886630444548,0.00024165175687964732,6.271177473020161,6.274435481730942,6.274518062777479,6.271371585646846,-3.964738538077147,9.402199597598516,0.0,2.7793900954657516,1.3066040945936401,0.0
48.113488139330244,378.74766365358363,-241.23045209279832,1.5,0.1377660219248129,0.593680084375939,0.10406238392255637,-0.7859615136065788,38.32245567402785,-111.13517440473122,0.0,0.28463981900841345,0.0023028908457701407,-0.08091320672893158,-32.441688273143875,-11.73348941352784,0.0,0.0011345300680391944,-0.0003889385820497426,0.0005912342919850514,6.274953891247213,6.278292418007674,6.2782900744587655,6.275224425063884,-3.7561847870617227,9.497300178243217,0.0,2.8118423253162117,1.2432464889216894,0.0
48.18808269458502,381.51579556330654,-249.55251701271612,1.5,0.1290739747040074,0.5948597851002159,0.09751389141129353,-0.78738350637187,35.89222705050432,-111.98392076547522,0.0,0.2847246098056274,0.0022739801306506913,-0.08088047646101444,-32.714028092510596,-11.021641764669978,0.0,0.0011269172850603992,-0.0003857006744756043,0.00015249412072191104,6.278776395196986,6.282013784462167,6.2821119533818335,6.278944946018572,-3.5453079682140918,9.58769140276251,0.0,2.8421819666156303,1.179816955836246,0.0
48.26267724983979,384.1019025801435,-257.93590713534036,1.5,0.12036501637643295,0.5959666176013274,0.0909504710449429,-0.78871038116297,33.442272150783715,-112.77932010859321,0.0,0.284807822221584,0.0022454463308905744,-0.08086204212203979,-32.97055354558506,-10.303229677010815,0.0,0.0011167034220214162,-0.000378418468048638,0.000494936647484863,6.282465700637111,6.285783354266144,6.2858013857589325,6.282712164428789,-3.332194008304941,9.673293815284875,0.0,2.871068753768912,1.1155363706870511,0.0
48.337271805094566,386.5045573819732,-266.37662513200837,1.5,0.11164060778783445,0.5970004282145139,0.08437265487255043,-0.7899418450203833,30.97377672983471,-113.52089611065337,0.0,0.28489023137493824,0.0022171296385814316,-0.08082079052560566,-33.211103248900166,-9.578611319509504,0.0,0.001104186494111228,-0.00037885866303731855,0.00039853044546582576,6.286164439766216,6.289459063948141,6.2894979096184285,6.286387222565231,-3.116981208548336,9.75407504868468,0.0,2.8988145983076743,1.0502681552786213,0.0
48.41186636034934,388.72242153817734,-274.8706391425005,1.5,0.10290166162439666,0.5979610027217015,0.07778140317589764,-0.7910777083061966,28.487938265829868,-114.20819930519659,0.0,0.28497148026730235,0.0021890953065100823,-0.08080643322875461,-33.43552352618205,-8.84814923130675,0.0,0.001079292316929043,-0.00037157591956247463,0.00025755395036039167,6.289825978899042,6.293089450022347,6.29315763303288,6.290013032963638,-2.8997666428785824,9.829965908320677,0.0,2.9247753184408714,0.9843443055284873,0.0
48.48646091560412,390.7542463631816,-283.4138847917559,1.5,0.09414909911978885,0.598848144878039,0.07117767125637067,-0.7921177851971155,25.98596537330965,-114.84080742941684,0.0,0.2850517563294375,0.0021613599122999347,-0.08076982060291943,-33.64366968796439,-8.11220971030421,0.0,0.0010669303278764929,-0.000371510825736431,0.0005931502968383792,6.293390779650835,6.296731146722686,6.296720464317639,6.293653858921302,-2.6806604746535827,9.900932029208972,0.0,2.949368094658218,0.9179885670941131,0.0
48.561055470858896,392.59887372280434,-292.00226722772146,1.5,0.08538438972532678,0.5996617166321767,0.06456200148415753,-0.793061838422039,23.469077168649445,-115.41832564859004,0.0,0.28513070577271055,0.0021337487855911273,-0.08074684496280396,-33.83540506757952,-7.371162355432308,0.0,0.001056556008991114,-0.00036618674020298187,0.00013848672027567526,6.297004384775881,6.3002405577695875,6.30033365290143,6.297161396855591,-2.459787316684967,9.966907675889386,0.0,2.9722060108377844,0.8510464001951439,0.0
48.63565002611367,394.2552367937197,-300.63166317811806,1.5,0.07660806721393619,0.6004015105209063,0.05793564609056065,-0.793909749980455,20.93850260996586,-115.94038684922626,0.0,0.2852087570307865,0.0021066071795653937,-0.08072315632507031,-34.01060233818154,-6.625380221835125,0.0,0.0010328363225964449,-0.0003637415730269719,0.0005217146061627995,6.300481224059564,6.3038061158775625,6.303807736330961,6.300723635869702,-2.2372618075015827,10.027864908073594,0.0,2.99391879068468,0.7831208143884656,0.0
48.71024458136845,395.72236077312164,-309.29792302683984,1.5,0.0678217332040702,0.6010674125169154,0.051299066492308164,-0.7946613013683466,18.395479862173282,-116.40665187229096,0.0,0.2852856609998411,0.0020795543182931383,-0.08068704463390369,-34.16914191540971,-5.875240100719665,0.0,0.0010247371675739102,-0.00035988306986403824,0.00019493296600543177,6.3039979915686,6.307247438903959,6.307323644566686,6.304164166292608,-2.0131986380753153,10.083753146879804,0.0,3.013272304169158,0.7150851475732748,0.0
48.78483913662322,396.999363542272,-317.9968729090807,1.5,0.05902607429537067,0.6016592530564479,0.04465340484942343,-0.7953163767961704,15.841255647251081,-116.81680975602603,0.0,0.2853614812184975,0.002052749732910683,-0.08067390178972685,-34.31091378030263,-5.121121044660242,0.0,0.0010099950129583747,-0.0003548745609830113,0.00034796489885262756,6.307418599411207,6.310704404897518,6.310743520322393,6.307618314020216,-1.7877011363808786,10.134538137573037,0.0,3.031791125003277,0.6464261751757859,0.0
48.859433691877996,398.08545628052724,-326.72431682145174,1.5,0.05022231711518439,0.6021769102563254,0.0379994061675076,-0.7958748222859195,13.277084611915893,-117.17057793172587,0.0,0.2854363082245622,0.002026389293084483,-0.08063524483677363,-34.435816453336564,-4.363405272538908,0.0,0.0009949924415618564,-0.00035715596152626893,0.000500053145548111,6.31079991373391,6.314119787114321,6.3141219953922,6.311032915771322,-1.5609285378864544,10.180180942675426,0.0,3.048695659928366,0.577291189643698,0.0
48.93402824713277,398.97994402937985,-335.4760387483185,1.5,0.04141169300326631,0.6026202675800312,0.03133781372297741,-0.7963365031288212,10.704228592385238,-117.46770243834905,0.0,0.28551005979914473,0.0020000463109238705,-0.08061967134511686,-34.543757293889634,-3.6024774797171317,0.0,0.0009814408386372986,-0.0003481221785452825,0.00015104685624711962,6.314197493511571,6.317438316764059,6.317519453277139,6.3143483439583505,-1.3329586872509778,10.2206513490363,0.0,3.0633261368049216,0.50769444336453,0.0
49.00862280238755,399.68222620653614,-344.2478048024404,1.5,0.032594880391791405,0.6029891976796883,0.0246697925873145,-0.7967013258351899,8.123956017901264,-117.70795810030847,0.0,0.285582791890889,0.0019741492195890597,-0.08059122918379283,-34.63465298762196,-2.838724767778848,0.0,0.000968601477594288,-0.0003472820620521494,0.0005745592843510858,6.317466858445051,6.3208052146807985,6.320787104999077,6.31771392997154,-1.1039309617963053,10.25591849535036,0.0,3.0769256608654616,0.4378012476092092,0.0
49.083217357642326,400.1917970716024,-353.0353653786281,1.5,0.02377351462520473,0.6032836169004532,0.017995785674595987,-0.7969691645727747,5.537541215381537,-117.89114869460312,0.0,0.28565447725298765,0.0019482830928786474,-0.08056278265699071,-34.708428641423914,-2.0725362714078064,0.0,0.000954350890495373,-0.00034443706107790945,9.767309417913449e-05,6.320800422397775,6.324028798166575,6.324119026449156,6.3209357305700244,-0.8739643045323352,10.285953974830909,0.0,3.0886133732637227,0.36748129979554,0.0
49.1578119128971,400.5082461413962,-361.83445731906664,1.5,0.014948127146432769,0.6035034202994831,0.011317074712988292,-0.7971399494452529,2.9462637334556936,-118.01710710243924,0.0,0.2857251416279527,0.001922932504847333,-0.08054728221206525,-34.765019280095025,-1.3043031502444975,0.0,0.0009402949655082293,-0.00033979027957159507,0.0004293043269871988,6.324001002942939,6.3273067449143054,6.32731874814647,6.324211146633761,-0.6431927398892988,10.310733871006589,0.0,3.0988978880803915,0.29687783743810936,0.0
49.23240646815187,400.63125855237297,-370.6408060896576,1.5,0.006120213344923268,0.6036485347728956,0.004634213275655304,-0.7972135934129978,0.35140764028157206,-118.0856954457382,0.0,0.2857951911671391,0.0018976178981375004,-0.08050814457241628,-34.80436813430001,-0.5344181656505795,0.0,0.0008875057479883661,-0.00033854523216780884,0.00018323728796107883,6.327232596968448,6.330480946409257,6.330542567684486,6.327378789299708,-0.41171486171717264,10.330238834163008,0.0,3.1071815850071385,0.22601867566106218,0.0
49.30700102340665,400.5606153751713,-379.4501279655697,1.5,0.0027092851527008833,-0.6037188878941105,0.00205182303679831,0.7971900364380412,-2.245739111065203,-118.09680520294086,0.0,0.28586347009073015,0.001872567619294406,-0.08049897894951101,-34.8264284486974,0.23672435785469695,0.0,0.0009131836995670271,-0.0003327321724944464,0.00021482164401158792,6.330386931780679,6.333643798863885,6.33370205049128,6.330544331859203,-0.1796688753548538,10.344447571354067,0.0,3.1141051698536066,0.1548998922262187,0.0
49.381595578661425,400.29619387649933,-388.25813222517206,1.5,0.01153942543441866,-0.603714420698511,0.008740057605478562,0.7970692261619174,-4.843885404501156,-118.05035731703471,0.0,0.28593119207374673,0.001847915007422803,-0.08046594542699333,-34.831162037706285,1.0087288383675033,0.0,0.0009007127795871756,-0.0003315441893906098,0.000552592710958967,6.33347091719627,6.336805334651435,6.3367841647400285,6.333704790074586,0.052816055055385634,10.353348569756445,0.0,3.1191719457103972,0.08365117206294592,0.0
49.4561901339162,399.8379677299328,-397.0605233510096,1.5,0.020368706517898853,-0.6036350806349141,0.015429936078793635,0.7968511293173104,-7.4417376566548565,-117.94630227254166,0.0,0.2859978616312845,0.0018232676292349692,-0.08044618164209191,-34.81854056883241,1.7811987221686023,0.0,0.0008879034874058258,-0.00032692956874489287,7.506771851744909e-05,6.336610300912356,6.3398351322012525,6.339922634431003,6.336732449781472,0.2856291500518041,10.35692420640713,0.0,3.1226079777489226,0.012237770359482146,0.0
49.53078468917098,399.1860071748833,-405.8530032363301,1.5,0.029196594780091283,-0.6034808371987473,0.02212016949786396,0.7965357092362728,-10.03800047825838,-117.78462017269491,0.0,0.2860635862578167,0.0017990880613645188,-0.08042619822759767,-34.78854447416972,2.553736592427471,0.0,0.0008742995191374083,-0.00032313072618838094,0.0004982289340029955,6.339607938819404,6.342930899231389,6.342919105151984,6.339826096555742,0.5186376264947631,10.355168784851038,0.0,3.1244603851025046,-0.05932001315613768,0.0
49.605379244425755,398.34047912477354,-414.6312733964975,1.5,0.038021442785630806,-0.6032516494295859,0.028810310276398497,0.7961229700057402,-12.631377385872074,-117.5653207908512,0.0,0.28612833263522697,0.0017749520895275137,-0.08039326136797839,-34.74116366079991,3.3259443570892033,0.0,0.0008616809352214876,-0.00032309471053788976,0.00014392881557165823,6.342658077964658,6.345898685549644,6.345967151288572,6.3427929723877465,0.7517200698158671,10.348073976057666,0.0,3.124637025515771,-0.13091628946439574,0.0
49.67997379968053,397.30164722328516,-423.39103718369466,1.5,0.046842565595208704,-0.6029475112599089,0.03549918308868979,0.7956128962717839,-15.220571487393336,-117.28844360520934,0.0,0.28619211974778036,0.0017511857965913887,-0.08038364889531047,-34.67639741018625,4.0974236838968405,0.0,0.0008488292945608566,-0.0003157700512802192,0.0003023844624847514,6.345610715348077,6.348889261648291,6.348919615790281,6.345780631549727,0.9847470697372779,10.33563714124065,0.0,3.123040065487607,-0.20253988222804437,0.0
49.7545683549353,396.0698718483471,-432.12800200353354,1.5,0.05565871582981614,-0.6025684108690851,0.04218603691016272,0.7950055068140696,-17.804286189338804,-116.95405781882974,0.0,0.28625497135222794,0.0017276166651246723,-0.08034813700687767,-34.594254257645936,4.867776008295661,0.0,0.0008360561389536385,-0.0003159345971653911,0.00046106098721383553,6.348527281020793,6.351841698592699,6.35183390528753,6.34873228509439,1.2176018879726598,10.317857307466257,0.0,3.119764802594175,-0.27415389967349424,0.0
49.82916291019008,394.64561006482097,-440.8378815325934,1.5,0.06446864588279044,-0.6021143416728152,0.04887012106706167,0.7943008400579987,-20.381225870490915,-116.56226236286273,0.0,0.28631687761303537,0.001704181828105436,-0.08033603299003594,-34.49475205364299,5.636602856263814,0.0,0.0008237058679122296,-0.00031131230097249834,0.00010498893466877591,6.351465589124196,6.354698703243482,6.354771603025767,6.351586945337917,1.4501529310379293,10.294736941394087,0.0,3.1150623539739413,-0.34573884684831613,0.0
49.903757465444855,393.0294155250423,-449.5163979357066,1.5,0.07327167242500118,-0.6015853414675203,0.05555025688194726,0.7934989022751071,-22.95009659532988,-116.11318588545541,0.0,0.2863778612834945,0.0016811785737592378,-0.08031079379374219,-34.377917844272524,6.403506008496105,0.0,0.0008115581369520691,-0.0003076546186491786,0.0005347728038277518,6.354276986604087,6.357609469554126,6.357581737840953,6.354496073108115,1.6822750746976238,10.266282148471362,0.0,3.1082988136577043,-0.41716437668592204,0.0
49.97835202069963,391.2219383180018,-458.1592840816174,1.5,0.08206614422884687,-0.600981397575053,0.06222599874528591,0.792599793603492,-25.509606804346014,-115.60698672102555,0.0,0.28643790579580747,0.0016581390819916482,-0.08028549422719304,-34.24378834202406,7.168087765921721,0.0,0.0007988569255077394,-0.0003064601931284397,4.981689701387539e-05,6.357157906033616,6.360378302118697,6.360460954691948,6.357263551020922,1.9138519487455408,10.232498726212054,0.0,3.100172847268688,-0.48854131971079223,0.0
50.05294657595441,389.22392476570946,-466.76228575552835,1.5,0.09085152887922274,-0.600302585497832,0.06889605470481712,0.7916035239885157,-28.058468004459332,-115.04385283968064,0.0,0.2864970003833134,0.0016356003895936526,-0.08027346585680555,-34.09240937145509,7.929951225394781,0.0,0.000787220221853473,-0.0003017512067864778,0.0003920150419440887,6.35990684374581,6.363207058198673,6.363209354979299,6.360090070545843,2.144741271311364,10.193401066554609,0.0,3.0904113083979468,-0.5597159059721915,0.0
50.127541131209185,387.036217168112,-475.32116386788306,1.5,0.09962631901914742,-0.5995489160118356,0.07555987319303512,0.7905102146277304,-30.59539547739412,-114.42400178855019,0.0,0.2865554169269245,0.0016131274071397562,-0.08023792476207363,-33.92383570329988,8.688700389290517,0.0,0.0007549617646469671,-0.0003041696949466318,0.00021197357335558194,6.3626827517643765,6.365940299022251,6.365979845029225,6.362820131728333,2.3748406770435238,10.14900201481572,0.0,3.0786983757627504,-0.630664152196192,0.0
50.202135686463954,384.6597534973873,-483.8316966577328,1.5,0.10838957523923641,-0.5987204575074798,0.08221646938352221,0.7893199388737119,-33.119108941376666,-113.7476806158957,0.0,0.2866127008774018,0.0015908244155300852,-0.08023093222513986,-33.738132013770596,9.443940369515309,0.0,0.0007675541523485228,-0.0002959627580635321,0.0001913223224565579,6.365400382369633,6.368654691182159,6.36870103834811,6.365535032145999,2.6040170046607596,10.099322552268537,0.0,3.0656772021013152,-0.7012351663398266,0.0
50.27673024171873,382.0955670398817,-492.28968188937387,1.5,0.11714034372656745,-0.5978172894047155,0.08886487833115919,0.7880327796225286,-35.62833325240477,-113.01516575401297,0.0,0.28666886876628794,0.00156895608833423,-0.08020197505264906,-33.53537147701194,10.19527796535638,0.0,0.0007502793880653742,-0.0002943085319791841,0.0005137130535945491,6.368046288102476,6.3713746920647925,6.37134445290032,6.368253147270482,2.8321304725614724,10.044368707612257,0.0,3.0506054044741084,-0.771796750514156,0.0
50.35132479697351,379.34478598705425,-500.69093904098855,1.5,0.1258771296815102,-0.596839444120074,0.0955045373527691,0.786648911211742,-38.12179912608513,-112.2267629419729,0.0,0.28672463000080595,0.0015470555854514058,-0.08018454555609626,-33.31563736215694,10.942321260641176,0.0,0.0007335378082276552,-0.00029183750949964324,9.051640962508435e-06,6.370752483996594,6.37396470279895,6.374048808558347,6.370840767436486,3.0590860722168136,9.984188632189028,0.0,3.034200260742995,-0.8421134771352725,0.0
50.425919352228284,376.4086329734479,-509.03131148527376,1.5,0.13459941328782143,-0.5957870740547672,0.10213414542165532,0.7851683747266072,-40.59824377311062,-111.38280707041116,0.0,0.2867791970882529,0.001525580136887724,-0.08016811274807693,-33.079021043850695,11.68467983404304,0.0,0.0007341273026891386,-0.00028454491610613227,0.00048621493899286106,6.37330916764252,6.376632484700297,6.37660680629238,6.373507896129572,3.2847472933182584,9.918781956085944,0.0,3.0157578622070207,-0.911257135383789,0.0
50.50051390748306,373.28842456719053,-517.3066686599451,1.5,0.14330552483339573,-0.5946602034720716,0.10875329268026196,0.7835914051914945,-43.05641160163347,-110.48366204958802,0.0,0.28683306673802134,0.0015041356757894773,-0.08013781602352663,-32.8256240568461,12.421966688626332,0.0,0.0007175109554097961,-0.00028869870662573416,0.00010695729568710247,6.3759327399471255,6.379167330355788,6.379227072606956,6.376041847104047,3.5089934140263046,9.848196177778444,0.0,2.9964380365018983,-0.9809353533607224,0.0
50.57510846273784,369.9855707067323,-525.5129082241159,1.5,0.15199480410001048,-0.5934589953420112,0.1153607845150304,0.7819180837979942,-45.49505489528597,-109.52972062513751,0.0,0.2868859378871557,0.001483133226026883,-0.0801317210460549,-32.55555624267018,13.153795552332161,0.0,0.0007044326545693427,-0.0002797062160555134,0.0002630228681613604,6.3784588476638095,6.38173107684983,6.381753193721184,6.378602359705133,3.731687272793373,9.772457563670914,0.0,2.9747217497629603,-1.0497363789384597,0.0
50.649703017992614,366.50157408775897,-533.6459582050553,1.5,0.16066600380481036,-0.5921835456088052,0.12195588685361539,0.7801486045576991,-47.912934518308525,-108.52140422598467,0.0,0.28693818653874004,0.0014621717428697232,-0.08009848081131758,-32.26893680073462,13.879783544751138,0.0,0.0006916585572694931,-0.00027835296257415964,0.00042008703216208276,6.380952182605935,6.3842600919848005,6.384244401165757,6.38113037810948,3.9527488414531153,9.691599223350524,0.0,2.9513698381295717,-1.1180341491660608,0.0
50.724297573247384,362.8380295012204,-541.7017791304974,1.5,0.16931789904115918,-0.5908339589428375,0.1285378407077831,0.7782831782393872,-50.30882049612973,-107.45916278261443,0.0,0.2869893999303011,0.001441399753723165,-0.08008969661330953,-31.96589366315002,14.599549717170866,0.0,0.0006911796201531514,-0.0002749228426282724,9.611582543623333e-05,6.383466015556466,6.386699871048786,6.386759112172116,6.383569617830047,4.172021111385667,9.60565720216123,0.0,2.9272280731471336,-1.1856540962045374,0.0
50.79889212850216,358.99662312106665,-549.6763661448242,1.5,0.1779497902412287,-0.5894104338585122,0.1351055127916509,0.7763219132712462,-52.6814927782783,-106.34347445762354,0.0,0.28703967047750073,0.001421003718051997,-0.08006795214542306,-31.64656375778047,15.312717467957928,0.0,0.0006629410665668292,-0.0002732743271404762,0.0004711269959514467,6.385868392253995,6.389188708620046,6.38915765055278,6.386054777415681,4.389397678124417,9.514670404571413,0.0,2.900807905666773,-1.253538782793358,0.0
50.87348668375694,354.9791317420734,-557.5657511091224,1.5,0.18656006850828985,-0.5879130311103208,0.14165843297070782,0.7742651335667524,-55.02974185039364,-105.17484549107915,0.0,0.2870894399366021,0.0014006256361179133,-0.08004489728648524,-31.31109310273243,16.018911477886206,0.0,0.0006596963422333118,-0.0002714558523598976,7.686437669769806e-06,6.388332854346194,6.3915461075771045,6.391621773771844,6.388412068127599,4.604764401777488,9.418697839110953,0.0,2.873135603054652,-1.3199579103849255,0.0
50.948081239011714,350.7874219680555,-565.3660046862959,1.5,0.1951482012881244,-0.5863420041846085,0.1481953401981703,0.7721129287910771,-57.352369398782265,-103.95380992384013,0.0,0.2871381227447048,0.0013806131450424712,-0.08003614555017022,-30.95963596609439,16.71776102301065,0.0,0.0006504212837989825,-0.00026532141574748164,0.0003596444251118071,6.390670431180231,6.393965968731914,6.393959330412603,6.390829782595637,4.8180015056211225,9.317762891198383,0.0,2.8437727127537786,-1.3859265019492222,0.0
51.02267579426649,346.42344935304675,-573.0732384047874,1.5,0.20371270139951872,-0.5846974459710708,0.15471569563994642,0.7698656282014834,-59.648188952403,-102.68092934985438,0.0,0.28718629482952945,0.0013606053407027544,-0.08000322675665761,-30.592355588899743,17.408898658600467,0.0,0.0006217583618529749,-0.000254678393726341,0.00018608319977644753,6.393037845348682,6.396294043738739,6.396323637259525,6.393153323423262,5.028992758044851,9.211932327507261,0.0,2.812950752321054,-1.4514113039596737,0.0
51.09727034952127,341.889257493101,-580.6836067035011,1.5,0.21225264828018275,-0.5829795635828181,0.16121853005855089,0.7675234376281913,-61.91602653844774,-101.35679263196594,0.0,0.2872334149049722,0.0013410366644219663,-0.07999934029934021,-30.209423705347866,18.09196036732938,0.0,0.0006306153057742806,-0.0002604922309221333,0.00014642702689997565,6.395355658215037,6.3986022582325965,6.398642477879215,6.395463459566429,5.237626448853055,9.101250960285107,0.0,2.780620598849978,-1.5159696144324473,0.0
51.17186490477604,337.18697707090547,-588.193308956139,1.5,0.22076710911996242,-0.5811885750786274,0.16770289474382788,0.7650865721102613,-64.15472130144863,-99.98201562367512,0.0,0.28727960795889046,0.0013216505701088394,-0.07997277201373765,-29.81102043976074,18.766586511704002,0.0,0.0006159086695217276,-0.0002604991578467532,0.00047906698729503625,6.397600433687633,6.400923239001525,6.400884840040595,6.397783142567042,5.4437833947487695,8.985763644360878,0.0,2.7466689318680095,-1.5800460122295439,0.0
51.24645946003081,332.318824853262,-595.5985914732372,1.5,0.22925461163820754,-0.5793245911648429,0.17416825001521,0.7625554155606932,-66.36312615054996,-98.55724087942359,0.0,0.2873254067073933,0.0013022837499599884,-0.07995820516892671,-29.397334435843568,19.432421319080234,0.0,0.0005986321325969679,-0.00025705657979183696,-3.94991366891903e-05,6.399911600277589,6.403115149408915,6.4031941980010085,6.399972418498951,5.647362259304897,8.865549360505957,0.0,2.7111609813811905,-1.6434178972236788,0.0
51.32105401528559,327.28710264136544,-602.8957494819576,1.5,0.23771466109895192,-0.5773879516595608,0.18061330968934292,0.75993007937576,-68.54010837149899,-97.08313732653593,0.0,0.2873700636410122,0.00128333648997941,-0.07994477009687884,-28.9685628161586,20.08911286170976,0.0,0.0006053276449800248,-0.00025271485536954393,0.00046224586678157394,6.402071998545332,6.405391907964409,6.405356332826581,6.402249767653762,5.848241324131464,8.74064205173213,0.0,2.6745972003930265,-1.7051898486857258,0.0
51.39564857054037,322.0941961749161,-610.081129081974,1.5,0.246145612971852,-0.5753787354321863,0.18703769333394413,0.7572110335299446,-70.68455024531224,-95.56039993698367,0.0,0.28741418353431486,0.0012643988843746177,-0.07991700535280882,-28.52491022029305,20.73631530472763,0.0,0.0005861660908575726,-0.0002532750771714151,6.398913478759938e-05,6.404307752838819,6.407535047906111,6.407588887386335,6.404391125765917,6.046319560079261,8.611124793576275,0.0,2.6361234890374163,-1.7669598268273972,0.0
51.47024312579514,316.7425739920959,-617.1511291732811,1.5,0.25454683464640787,-0.5732972764772263,0.19344022648750853,0.7543984494494607,-72.79534964260407,-93.98974936344106,0.0,0.2874574389241955,0.0012457680336228768,-0.07991363910770692,-28.06659010050714,21.373685818685647,0.0,0.0005753360683969737,-0.00024677677661500064,0.00022630996768561697,6.40644653880342,6.4097125635474255,6.4097276239358365,6.4065660499462,6.241485775519738,8.47704988180874,0.0,2.596375642941683,-1.8275856504044177,0.0
51.54483768104992,311.2347862428961,-624.1022033610147,1.5,0.26291711153521174,-0.5711437748041344,0.1998201985281824,0.7514926940593788,-74.87142064129695,-92.37193161360895,0.0,0.2875000275673604,0.0012273468456156329,-0.07988320563662207,-27.593823498777745,22.00088744379431,0.0,0.0005649812203830722,-0.0002480310898417635,0.0003902228982088044,6.408555783636846,6.411858700986748,6.411834684387019,6.4087118699132635,6.4336354106177485,8.338492166606624,0.0,2.555214602210436,-1.8872743293710676,0.0
51.6194322363047,305.57346345888345,-630.9308618315738,1.5,0.27125524477176993,-0.5689184393373158,0.2061768870796746,0.7484941501440978,-76.91169410484216,-90.70771765127712,0.0,0.28754178994077173,0.0012089829412914403,-0.07987714525618096,-27.106839453263937,22.617588032482153,0.0,0.0005567139734222709,-0.00024426636147250057,2.8853272411239968e-05,6.410694499341005,6.4139147814682085,6.413973197190492,6.410766231958295,6.6226646023810805,8.195513109936101,0.0,2.5129142986823148,-1.946122936543796,0.0
51.694026791559466,299.76131527919637,-637.6336731998583,1.5,0.27956057948863167,-0.5666216344972926,0.2125091667400351,0.7454030183511823,-78.9151182555518,-88.99790301769241,0.0,0.2875828386054858,0.0011910489880816418,-0.07985742167012946,-26.60587425894744,23.22346072076242,0.0,0.0005449944079029282,-0.00023934611526149388,0.00046517863889217897,6.4127116861265145,6.416033016084987,6.415989289851397,6.4128826577263105,6.8084654098996324,8.048194157061602,0.0,2.4686209593613437,-2.003627464256386,0.0
51.76862134681424,293.80112913453314,-644.2072663285319,1.5,0.28783153452006777,-0.5642534806564937,0.2188166156873589,0.7422198501805146,-80.88065926537638,-87.24330742912471,0.0,0.28762316467421933,0.0011730201814045592,-0.07983749056605478,-26.091172743300678,23.818184351489805,0.0,0.0005357111158446197,-0.00023945086286482724,-3.110286034115418e-05,6.41480710067931,6.418013534029932,6.418083228355921,6.414862439839038,6.990948249922337,7.89659933816422,0.0,2.4235521795760184,-2.060494939594749,0.0
51.84321590206902,287.69576888654785,-650.6483321148271,1.5,0.2960676090661215,-0.5618144105375619,0.22509800252573187,0.7389448072983041,-82.80730180401537,-85.44477435718403,0.0,0.2876627228514069,0.0011554323282169153,-0.07983122165854115,-25.5629863620947,24.401443177361717,0.0,0.0005264791707571033,-0.000234562303834816,0.00032173283959128737,6.416774569041804,6.420063308973169,6.420050473685893,6.416910225834392,7.170000338146604,7.740815015460996,0.0,2.377047265136228,-2.116212488564803,0.0
51.917810457323796,281.4481734278737,-656.9536252475505,1.5,0.304267367473425,-0.559304593698252,0.2313528114625368,0.7355784235465345,-84.6940495955492,-83.60317060732649,0.0,0.2877017945794421,0.00113792851678235,-0.07980068130191263,-25.021574120799624,24.97292731950038,0.0,0.0004976316166623158,-0.00023959955523160663,0.00014148031443940762,6.418777047182866,6.422022676515348,6.422047560834427,6.418867230108658,7.345535361296993,7.580915493846181,0.0,2.3291343928989763,-2.170791638312363,0.0
51.99240501257857,275.06135524079957,-663.1199659311291,1.5,0.3124299223910597,-0.5567243713436603,0.23758011502030574,0.7321210329540198,-86.53992595168401,-81.71938587876362,0.0,0.2877398311272921,0.0011205445046222513,-0.07979981633928974,-24.46720240964671,25.532332939313715,0.0,0.0005083083035830378,-0.00022937153025672337,0.00010306278167949146,6.420729894839195,6.4239684991130614,6.424003955252863,6.420812918416746,7.51745342702013,7.416983822120231,0.0,2.280077180162736,-2.224291631094336,0.0
52.06699956783335,268.5383989157225,-669.1442415762529,1.5,0.32055438286921323,-0.5540740956474116,0.2437789981805846,0.7285729779520453,-88.34397430887184,-79.79433230471118,0.0,0.28777726039010054,0.0011035161717323609,-0.07977511236924704,-23.90014439306834,26.079362350284583,0.0,0.0004983503166805187,-0.0002292152075605739,0.0004533379347292808,6.422612011479836,6.425930887594356,6.425884298761355,6.422774655539839,7.685656929184341,7.249103665907509,0.0,2.229667878711776,-2.276638058482019,0.0
52.141594123088126,261.882459630538,-675.0234084563014,1.5,0.32863933639469656,-0.5513539540759043,0.24994894623382247,0.7249348440898126,-90.10525875508749,-77.82894399399078,0.0,0.28781407506953427,0.0010864260991838269,-0.0797636872677144,-23.320680296981493,26.613724028589562,0.0,0.00048710329305809213,-0.00022369019789715238,-5.4327648209532955e-05,6.424564277580959,6.427766731756919,6.427835900514612,6.424608372039529,7.85006530334606,7.077357170342142,0.0,2.1778568838487087,-2.3276831394656003,0.0
52.216188678342895,255.09676159154995,-680.7544933288425,1.5,0.33668429752847356,-0.5485644569916336,0.256088748467027,0.7212068172388724,-91.82286453038456,-75.824176544285,0.0,0.28785013304513013,0.0010698239072758546,-0.07975231619413878,-22.72909753262412,27.135133568962168,0.0,0.000481304286640062,-0.00022517036933489783,0.00040427853510156315,6.426377256714094,6.429685277607289,6.429647983063398,6.426526552263377,8.010573657256586,6.901841870658617,0.0,2.1256445545572134,-2.3781329797872752,0.0
52.29078323359767,248.18459643570216,-686.3345950196211,1.5,0.34468771794571185,-0.5457057493624623,0.26219801267300025,0.7173895833927756,-93.49589853240037,-73.78100655516582,0.0,0.28788552329998757,0.0010531686335122248,-0.07972721267901815,-22.125688806788425,27.64331203253875,0.0,0.0004664352882522319,-0.00022173314707105764,1.249713385340901e-05,6.42826110895931,6.431478581968474,6.431529787311707,6.4283180822105255,8.167106882524468,6.722637870130307,0.0,2.071205700830863,-2.426629449845764,0.0
52.36537778885245,241.14932159906604,-691.7608859723797,1.5,0.35264897932129025,-0.5427783186597475,0.2682756432058512,0.7134834079633784,-95.12348978549828,-71.70043114196979,0.0,0.287920450977864,0.0010367649609311982,-0.07972567515678797,-21.51075465881483,28.137988435146823,0.0,0.00046161452698318127,-0.00021656628436326483,0.00019454196804912093,6.430050006375567,6.433310551644959,6.433319250062224,6.4301484933935225,8.319586176359138,6.539840685792528,0.0,2.0163739258261004,-2.4741855363416385,0.0
52.439972344107225,233.99435864726883,-697.0306137583389,1.5,0.36056692932789836,-0.5397824658332466,0.27432096126007016,0.7094888225105321,-96.70478991490903,-69.58346740003049,0.0,0.2879544123462113,0.001020640196749253,-0.07969811393007233,-20.884601199861553,28.618898216941616,0.0,0.0004580791694715232,-0.00021882893682688436,0.0003810958835781585,6.431812158615265,6.435114695339161,6.4350800286613,6.431953382345261,8.467901356561757,6.35354893404278,0.0,1.9604710447205864,-2.5204291623496,0.0
52.514566899362,226.72319157098082,-702.1411025481451,1.5,0.3684404305155336,-0.5367185007724694,0.2803332815347442,0.705406373202031,-98.23897365737095,-67.43115189564578,0.0,0.28798782623256364,0.0010045023824758852,-0.07969452685019919,-20.24754089502969,29.0857838352244,0.0,0.0004413303314124388,-0.00021352480943664655,-1.9560418477115644e-05,6.433615044531931,6.436826102741255,6.436881708965757,6.433661622871031,8.611998452425254,6.163848102925586,0.0,1.9030258700482643,-2.5655843888318075,0.0
52.58916145461678,219.33936504765975,-707.0897545436244,1.5,0.3762688684621398,-0.5335869460590325,0.28631153265095755,0.7012363480971845,-99.72523924259013,-65.24454012705753,0.0,0.2880206676324976,0.0009887898666064271,-0.07967690018068593,-19.59989193509446,29.538395051861922,0.0,0.0004378007492173068,-0.00021012031099279074,0.00044776588126133645,6.435290575729354,6.438609612103114,6.438557054191484,6.43544467899374,8.751787630007406,5.970849679117666,0.0,1.8447781494547708,-2.608878794703258,0.0
52.66375600987155,211.84648267104532,-711.8740513711043,1.5,0.38405073455801264,-0.5303879733580418,0.2922553331277013,0.6969795199724427,-101.16280886921086,-63.02470598265997,0.0,0.2880527576488352,0.0009729698725485043,-0.07965946836159912,-18.941978413818344,29.976489274228154,0.0,0.00042659981377271604,-0.00020995393611886344,-6.554275856623369e-05,6.437053631484204,6.440253887021029,6.440318381556409,6.43708787551568,8.887195161686545,5.774637503229973,0.0,1.78553201804591,-2.651359711736622,0.0
52.738350565126325,204.24820514778077,-716.491555431031,1.5,0.39178556606460585,-0.527122189146221,0.29816351130961116,0.6926361154723708,-102.55092912001369,-60.77274118065894,0.0,0.2880842792259813,0.0009575651363029829,-0.07965544267820247,-18.27413004202233,30.399831081636215,0.0,0.00041788620088392654,-0.00020529039391421264,0.0002893781548999402,6.438689601225301,6.441972612209227,6.441954143715455,6.438804691879995,9.01814549440492,5.575327495786076,0.0,1.7253328842747542,-2.692338884910974,0.0
52.8129451203811,196.54824846304848,-720.9399112080106,1.5,0.3994720076033121,-0.5237898344860098,0.3040355855228596,0.6882068636436792,-103.88887137294786,-58.48975471034939,0.0,0.28811527990792035,0.0009423175840235193,-0.07962728625597104,-17.596681859699533,30.808192731200275,0.0,0.0003978367836165886,-0.0002187854117712569,0.00013535457224277215,6.440360978775802,6.4436057393425665,6.4436201548523195,6.440437865626641,9.144568942266545,5.373014598555403,0.0,1.6641457885262976,-2.731805853329973,0.0
52.88753967563588,188.75038201629476,-725.2168465377025,1.5,0.4071092225065662,-0.5203913747713702,0.3098706894995559,0.6836922215461664,-105.17593219286204,-56.17687225943114,0.0,0.2881453291221298,0.000927009727787611,-0.07962914050742986,-16.90997417614765,31.20135438441097,0.0,0.00039769972412415875,-0.00020056328317590027,5.2813993347494996e-05,6.441994231160204,6.445222934843941,6.445256550935116,6.442052222940664,9.266393122243821,5.167803140060983,0.0,1.6019757596637358,-2.77004875869967,0.0
52.962134230890655,180.8584267274584,-729.3201738306436,1.5,0.41469638483513954,-0.5169272946211726,0.31566795367651823,0.6790926472153715,-106.41143373347987,-53.835235638720995,0.0,0.28817517545618687,0.0009121282503394248,-0.07960571489447368,-16.214352507384245,31.579103720007442,0.0,0.00039338288116192306,-0.00020105164196076384,0.00042359768068462743,6.443551923031547,6.4468655045342524,6.446813115271306,6.443695040390505,9.383562027973332,4.959809987556686,0.0,1.5391411260273127,-2.806636687853802,0.0
53.03672878614543,172.87625311495628,-733.2477912523611,1.5,0.4222321610782181,-0.5133978466389965,0.32142691104819726,0.6744089219988666,-107.59472408133423,-51.466002160257766,0.0,0.28820404484669554,0.000897193868146895,-0.07959732942611052,-15.510167035242192,31.94123692758064,0.0,0.000392566041777548,-0.00019639585921676705,-5.599139997555348e-05,6.445181726687263,6.448385275447297,6.448443614263516,6.445214223318927,9.49599313268891,4.749125824001825,0.0,1.475528153506665,-2.8416056372989478,0.0
53.11132334140021,164.80777934744765,-736.9976838586068,1.5,0.42971608954594964,-0.509803694426113,0.32714644446403235,0.6696413065286265,-108.72517762760701,-49.07034407192795,0.0,0.2882326299364565,0.0008826737917905526,-0.07958758157059441,-14.797772301172195,32.28755826632529,0.0,0.00036754952186178144,-0.00019516861960475857,0.0003341385379232858,6.446688334510401,6.449982011245036,6.449946946871272,6.44680748792342,9.603644409252183,4.53587777078089,0.0,1.410473426975402,-2.875865238781609,0.0
53.18591789665498,156.65696926955738,-740.5679246849329,1.5,0.43714675114179075,-0.5061450626126408,0.33282615564760715,0.6647906765861403,-109.80219540423103,-46.64944792576148,0.0,0.2882605234230415,0.0008681134514831281,-0.07956432746922484,-14.077528399448022,32.61787920894638,0.0,0.00037501123295666976,-0.0001949717067800998,1.5138268960120678e-05,6.448250182024055,6.451469637130369,6.451509410185709,6.448296941972814,9.706446352070834,4.3201629615650825,0.0,1.3455703866173983,-2.907755608688306,0.0
53.260512451909754,148.42783040071012,-743.9566757933715,1.5,0.44452355381396574,-0.5024225700795079,0.33846505018858886,0.6598573944271143,-110.82520542266128,-44.204513986962866,0.0,0.2882875696895865,0.000853843858888913,-0.07956659079422974,-13.34979858603257,32.932020839508375,0.0,0.00036195114869237715,-0.00018843504174962492,0.00016530266014811465,6.449734057319502,6.45298948677386,6.452992919822841,6.449813783903987,9.804335080997681,4.102095909724977,0.0,1.2792783985863927,-2.9385679139737797,0.0
53.33510700716453,140.12441191184277,-747.1621892701153,1.5,0.4518454312640944,-0.49863661469047943,0.3440624939184119,0.6548421435845632,-111.79366298901627,-41.73675558918145,0.0,0.28831452456105305,0.0008397427477545433,-0.07953966027812696,-12.614950755133368,33.229811977728794,0.0,0.0003490754874963897,-0.0001901469975976484,0.0003159773119497623,6.451194954965613,6.454484118633437,6.4544511215852145,6.451307793599881,9.89728298871549,3.8817993473030543,0.0,1.2122757087920182,-2.967819322869002,0.0
53.40970156241931,131.75080257927732,-750.1828081773681,1.5,0.45911132440300706,-0.49478759529617106,0.34961786006325857,0.6497456265883882,-112.70705095988502,-39.247398502282884,0.0,0.288340588425315,0.0008256675345604828,-0.07953849773638803,-11.873356593862674,33.511090052454996,0.0,0.00034575395725235537,-0.00018657313409152366,-4.393166140130693e-05,6.452689368300952,6.455896227249061,6.455945974844739,6.452718839745262,9.98521263049785,3.6593735898469366,0.0,1.14504155474436,-2.9956698896222433,0.0
53.484296117674084,123.31112871687259,-753.0169674576027,1.5,0.46632067141629213,-0.49087618254205106,0.35513015268535103,0.6445682116552761,-113.56488008089464,-36.73768031792483,0.0,0.2883661774278953,0.0008119888483477213,-0.07952308472361629,-11.1253914843577,33.775700777321354,0.0,0.00033964977724914333,-0.00018294368812405334,0.0004149618410411559,6.45406616736482,6.457379097370914,6.45732223883844,6.454200829682107,10.0680872352316,3.4349467958051823,0.0,1.0768821735957737,-3.0214459687280586,0.0
53.55889067292886,114.80955208676197,-755.6631947916451,1.5,0.4734720770444046,-0.4869026005936192,0.3605990244219371,0.6393108738167803,-114.3666892276388,-34.20884978319017,0.0,0.2883911811714805,0.0007981880308862663,-0.07950754974694096,-10.371434396829542,34.02349928926683,0.0,0.00033177693744716367,-0.00018298230904529442,-9.535075337022383e-05,6.455531893096584,6.458726700805727,6.4587866502916516,6.455547834542542,10.145861086608031,3.2086227640492098,0.0,1.008221558783645,-3.0461489715675723,0.0
53.63348522818363,106.25026779111751,-758.1201114059469,1.5,0.48056511741320046,-0.4828676122953574,0.36602339751473695,0.6339739027701268,-115.11204566312912,-31.66216616409404,0.0,0.2884156807388025,0.000784821345854416,-0.07950561365793314,-9.611867483425033,34.25434882075775,0.0,0.0003237474667000324,-0.00017894267473470013,0.00026184457806168577,6.456873898857634,6.460151904054486,6.460128438820669,6.456971284967589,10.218488821975225,2.9805365917733355,0.0,0.9389873870141384,-3.0692401453240943,0.0
53.70807978343841,97.63750214568044,-760.3864328328322,1.5,0.4875985458861163,-0.47877152411809437,0.37140283216271625,0.6285582089233226,-115.80054527732877,-29.098898577073122,0.0,0.28843964781406095,0.0007715188692459183,-0.07947963211994265,-8.847076016619477,34.468121421800134,0.0,0.0003112155534624341,-0.00018869409606264346,0.00013003542059449128,6.458251260346524,6.461496678640484,6.46150201102948,6.458316609083537,10.285932698721334,2.750788816545051,0.0,0.8692119975904907,-3.0904684541198586,0.0
53.782674338693184,88.97551053595225,-762.460969622295,1.5,0.4945715996178616,-0.4746149208074181,0.37673653184017064,0.6230643589352853,-116.43181281112544,-26.520325365585276,0.0,0.2884631264510805,0.0007582735650847063,-0.07948255528827393,-8.077448242572457,34.664698287570744,0.0,0.0003148895191442259,-0.00017267856276623458,5.6530600815379106e-05,6.459595753263176,6.462826856997696,6.462849820179925,6.459644807491984,10.34815755095417,2.5195145340334446,0.0,0.7991064587880907,-3.1100338090529247,0.0
53.85726889394796,80.26857525753321,-764.3426280029303,1.5,0.5014835103127488,-0.47039839087695096,0.38202372074172825,0.6174929307574497,-117.00550204745052,-23.927733370233952,0.0,0.2884857835279773,0.0007452958720210823,-0.07946248808749198,-7.303374766232773,34.84396977975286,0.0,0.00030364960064225617,-0.00017403367073843854,0.0004019380813093986,6.460872367564777,6.46418242505156,6.4641242372419505,6.460999689638899,10.40511606020962,2.286813867128151,0.0,0.7282911452825066,-3.128329514274981,0.0
53.93186344920274,71.52100334176596,-766.0304104932634,1.5,0.5083330746852244,-0.4661222629971657,0.3872639563501764,0.6118448735026518,-117.52129603899019,-21.322417335680907,0.0,0.28850823322861907,0.0007323545323029717,-0.0794550840400118,-6.525249230671155,35.00583448636022,0.0,0.0002962715855722762,-0.00017226543244202834,-0.00011002016146298074,6.462225040314536,6.465417153846734,6.465476213035739,6.462233320967531,10.456795385006858,2.0528333928608586,0.0,0.657220854040884,-3.1450329018368355,0.0
54.006458004457514,62.737124366297905,-767.5234164642811,1.5,0.5151198797209794,-0.4617873550627161,0.3924562160273989,0.6061205051158396,-117.97890724929736,-18.705679175804022,0.0,0.28853007570781336,0.000719749298480214,-0.07944776496799691,-5.743466935759514,35.1502005596747,0.0,0.000289127392252458,-0.00016645597929702076,0.0003453796162931312,6.463443919744379,6.466741893900209,6.46669499287684,6.463556424697812,10.503155556276164,1.817674728506301,0.0,0.5856837286858614,-3.159533832466058,0.0
54.08105255971229,53.92128825513521,-768.8208426509321,1.5,0.5218426122657034,-0.4573939233164694,0.3976001708739009,0.600320906730658,-118.37807772763821,-16.078827331888515,0.0,0.28855140835940957,0.0007071250356317079,-0.07942642785713253,-4.95842564724688,35.27698564205049,0.0,0.0002827612713998186,-0.00016852779604098383,-3.0909168817702525e-05,6.464737996204784,6.467948210462804,6.4679873889825465,6.464762908954354,10.544172075200798,1.5814711042592804,0.0,0.5139352371258595,-3.1729075722219506,0.0
54.15564711496706,45.077863065792684,-769.9219836112736,1.5,0.5285007542634591,-0.45294273425277376,0.4026948996121128,0.5944465073132874,-118.71857925537518,-13.443176061656237,0.0,0.2885722346647592,0.0006947349616184251,-0.07942987720342175,-4.170524722585881,35.386115741768506,0.0,0.00027593469168453097,-0.00016309791468691162,0.00013971063301504612,6.465946592741295,6.469197323403115,6.469196301532033,6.466010052700885,10.579822893843552,1.3443367421622343,0.0,0.4418604650049807,-3.1845812004645695,0.0
54.23024167022184,36.21123276696292,-770.8262321374094,1.5,0.5350933380745114,-0.44843426684466836,0.40773983610917575,0.5884981341664763,-119.00021346874345,-10.80004479689326,0.0,0.28859256854441034,0.0006825418552730917,-0.07940560968093825,-3.38016524887746,35.47752647334628,0.0,0.00026911756938643273,-0.00016604448424061732,0.0003101989620730038,6.467135239440412,6.470424134832943,6.470382944723227,6.467237218082471,10.61008660091783,1.1064064030373475,0.0,0.36953354136283945,-3.1946423386314464,0.0
54.30483622547661,27.32579500697955,-771.533079613642,1.5,0.5416194083545084,-0.4438690024400284,0.412734418365667,0.5824766304865466,-119.22281197556137,-8.150757410734839,0.0,0.2886124302625423,0.0006703712113075436,-0.07940608709402176,-2.5877496701620717,35.551162675026454,0.0,0.0002634093962986943,-0.00015893206002177656,-6.536777333943535e-05,6.468364727835938,6.471568202356711,6.471613010862849,6.468379366600582,10.63494728851012,0.8677964265686078,0.0,0.2969940643642983,-3.2026189347837937,0.0
54.37943078073139,18.425958874402493,-772.0421163238731,1.5,0.5480784599016486,-0.43924774268830713,0.4176777542242673,0.5763824389771399,-119.38623645080945,-5.496641562211962,0.0,0.2886317941417213,0.0006585205344785183,-0.079392545790417,-1.7936816395935598,35.606978474788775,0.0,0.00025617237244971336,-0.00015996837863346366,0.00038978786698056536,6.469478721105707,6.472786749698362,6.4727256331586,6.469597506658449,10.654389373270693,0.6286280959381781,0.0,0.2242579980991061,-3.209502901068779,0.0
54.45402533598617,9.516142652185897,-772.3530317067932,1.5,0.5544692421423258,-0.4345707579944987,0.42256953213328863,0.5702167187367057,-119.49037871676556,-2.839027992910712,0.0,0.2886507027527895,0.0006466219159753755,-0.07937867873641409,-0.998365795232892,35.64493688224698,0.0,0.0002501670852110321,-0.0001581542234016447,-0.00012179148621526424,6.4706835544982875,6.473873429107358,6.473929654928962,6.470683568864764,10.668401926817522,0.38903489502686217,0.0,0.15140651618940854,-3.214293226302131,0.0
54.52861989124094,0.6007715662194806,-772.4656145613459,1.5,0.5607913782188375,-0.4298389543299271,0.427408788944796,0.5639798139904605,-119.53516080863356,-0.17924983958967264,0.0,0.2886691146605322,0.0006350652991355889,-0.07937877245483596,-0.2022075319593909,35.66501068734791,0.0,0.00024437991825890546,-0.00015352333676052994,0.00024302195007380959,6.471766616696909,6.475041544443413,6.475012893844268,6.471850130074773,10.676974907585793,0.14913518527696634,0.0,0.07846884910969192,-3.2175746511024323,0.0
54.60321444649571,-8.315724470312022,-772.3797531982962,1.5,0.567043751951486,-0.4250526930434534,0.43219513879828025,0.5576728014780931,-119.52053502343388,2.481358069977711,0.0,0.2886870952316769,0.0006235819599062639,-0.07935451706217786,0.5943872636475435,35.6671817076,0.0,0.00023727724836719697,-0.00016085623875296238,0.00012636775641313534,6.472886740218898,6.4761329223218915,6.476130318501391,6.472942459978329,10.680104389676584,-0.09094596793011796,0.0,0.005438353578525293,-3.219129147168332,0.0
54.67780900175049,-17.228913115432647,-772.0954355412898,1.5,0.573225685758804,-0.42021266296782467,0.43692787461883176,0.5512963481186038,-119.44648394942334,5.141459902906031,0.0,0.2887046019857589,0.0006121155089147158,-0.07935962352880432,1.391012305361923,35.65144122712427,0.0,0.0002317232511438853,-0.00015061393486083188,1.4885883194702901e-05,6.473984638734952,6.47720694769244,6.477229413243569,6.474013974693758,10.677785888256704,-0.33108666264892844,0.0,-0.06760511797127594,-3.219203746703069,0.0
54.752403557005266,-26.134361858888173,-771.6127491759884,1.5,0.5793365055462755,-0.4153195619786048,0.44160630073682583,0.5448511263903806,-119.31302048769531,7.799719500849971,0.0,0.28872166487939965,0.0006010505482907004,-0.07934043535578941,2.1872612173290524,35.61778948807335,0.0,0.0002256895899638701,-0.00015021087146303041,0.0003786006560590467,6.475009444127113,6.478315152283919,6.478252956182831,6.475121986790411,10.670020497175315,-0.5711453436892375,0.0,-0.1406104253659755,-3.2172542606153813,0.0
54.82699811226004,-35.027640283264,-770.9318813476377,1.5,0.5853751348062032,-0.4103737630412316,0.446230042956052,0.5383382532585239,-119.12018784766583,10.454801113407092,0.0,0.28873830175288945,0.0005898032100369482,-0.07933507906337117,2.9827277619663315,35.566236478385484,0.0,0.00021932792175100572,-0.0001453513220954926,-0.0001373147864960872,6.4761159421362375,6.479303248082621,6.479359336362373,6.4761086543607345,10.65681000756028,-0.8110269295688212,0.0,-0.2135687156552808,-3.2135571377024865,0.0
54.90159266751482,-43.90432232439237,-770.0531189057247,1.5,0.5913412186961774,-0.40537622978724447,0.450798190391022,0.5317580906150641,-118.86805953407766,13.105370059441096,0.0,0.28875446553259054,0.0005790225762127917,-0.07932958201666562,3.777005971068679,35.49680179850185,0.0,0.0002151591484303402,-0.0001474347984977745,0.0003290216698504653,6.477090527870318,6.480385112148637,6.480333116174838,6.477190388051885,10.63816031992674,-1.0505772202075718,0.0,-0.286436257391763,-3.209161815207632,0.0
54.976187222769596,-52.75998853014565,-768.9768481966626,1.5,0.5972335978379861,-0.400327251519942,0.4553104605377572,0.525111898388219,-118.55673931493232,15.750093440470321,0.0,0.288770212668259,0.000568171528574932,-0.07930987823542726,4.569690438735366,35.40951292270199,0.0,0.0002068404027919199,-0.0001433785420342728,-6.082756939544667e-05,6.478145207852489,6.481349772560097,6.481386688667079,6.478154049696724,10.61408065636532,-1.2896856765084561,0.0,-0.3591734211677485,-3.2016310480473904,0.0
55.05078177802437,-61.59022831622501,-767.7035549078408,1.5,0.6030518207937563,-0.3952277193965216,0.45976604532426674,0.5184001686196138,-118.18636117343706,18.387640808252417,0.0,0.288785612933722,0.0005574568134596109,-0.0793148332437273,5.3603764957312094,35.304408121493694,0.0,0.00020303367752765828,-0.00013984708133336454,0.00011863953046928838,6.479114895299633,6.482361750011648,6.482356832068592,6.479164734062996,10.584582500202012,-1.528244353371466,0.0,-0.4317102797507887,-3.193534514169374,0.0
55.12537633327914,-70.39064221768737,-766.2338238575221,1.5,0.6087950399250461,-0.39007818282266193,0.4641644538494922,0.5116238563935757,-117.75708924231638,21.0166848494879,0.0,0.2888004671970658,0.0005470604662235037,-0.07929231218067778,6.148660449819859,35.18153413042194,0.0,0.00019909213414147738,-0.00014466111988386822,0.00029744484372855133,6.480067497114404,6.4833541805829,6.4833075608130635,6.480158159580186,10.549678760530389,-1.766086234177918,0.0,-0.5040537232515835,-3.1838296780339297,0.0
55.19997088853392,-79.1568441351314,-764.5683387328121,1.5,0.6144624224768709,-0.3848791956184309,0.468505198913208,0.5047839287608714,-117.26911772529664,23.635902160442818,0.0,0.2888149620174896,0.0005365994152513292,-0.07929456933702235,6.934139835844088,35.04094737171459,0.0,0.00018727077602915818,-0.00013619545127425332,-0.00010665114667772577,6.48106841673351,6.484263299239636,6.4843083777331945,6.481064271620961,10.509387837961867,-2.003125107012404,0.0,-0.57629430363968,-3.1715470094390033,0.0
55.274565443788696,-87.8844635744802,-762.7078817773025,1.5,0.6200535366649218,-0.379631682576986,0.472787499347459,0.49788088707427364,-116.72267080947772,26.24397381808344,0.0,0.2888291299620837,0.0005264636454915398,-0.07928233701955684,7.716413240298244,34.88271305842597,0.0,0.0001899107497469074,-0.0001370937774624205,0.00038442843552534184,6.481948122827527,6.485255863578466,6.485188103935961,6.482057791693777,10.463731795501316,-2.239229572416283,0.0,-0.6478565870033345,-3.1584426332864686,0.0
55.34915999904347,-96.56914787942921,-760.6533334272426,1.5,0.6255672884939953,-0.37433593835461015,0.47701110134517427,0.49091606412492533,-116.11800253808914,28.839586132502397,0.0,0.28884280164344794,0.0005162597338867266,-0.07927017991642672,8.49508151807397,34.70690554308163,0.0,0.0001810687644680095,-0.00013552981221076868,-0.00014459521590451176,6.482928520877012,6.4861140571148574,6.486167244703952,6.482914972212664,10.41272873900501,-2.4742682224881354,0.0,-0.7194406283510051,-3.143266492145465,0.0
55.42375455429825,-105.20656445356848,-758.4056718980584,1.5,0.6310033623267887,-0.3689930043919657,0.48117516487782785,0.4838898429879196,-115.455396693404,31.42143130636154,0.0,0.28885604620333966,0.0005063857828771768,-0.07927208312217839,9.269746620726714,34.5136086149974,0.0,0.00017698056821106165,-0.00013077087485057823,0.00022563269120114994,6.483786902101763,6.487058774789148,6.487026057566246,6.483858323044083,10.356405214847262,-2.708126366827787,0.0,-0.7905170181860303,-3.1266125245864806,0.0
55.498349109553025,-113.79240297433216,-755.9659727181256,1.5,0.6363607935372321,-0.36360328523878005,0.4852793656498607,0.4768034486942179,-114.73516665883028,33.988208125109345,0.0,0.2888690834230073,0.0004964609683940973,-0.07924889939455913,10.040013003400524,34.30291488869985,0.0,0.00016043679821796386,-0.00012697329941473528,7.041821419570763e-05,6.4846901757334106,6.4879259658032025,6.487926840555876,6.484723551200381,10.294794364521207,-2.940683119252216,0.0,-0.8612832203099156,-3.1083275680583196,0.0
55.5729436648078,-122.32237759442908,-753.3354082133701,1.5,0.6416390050316044,-0.35816756348774614,0.4893230960345169,0.4696576320837329,-113.95765524991573,36.53862262045666,0.0,0.28888161106938176,0.000486797255409129,-0.07925566231036794,10.805487034778674,34.074926106512486,0.0,0.0001685565006812491,-0.00012722498444139003,4.648682511189439e-06,6.485564087791188,6.488785081378901,6.488802389855496,6.48558354181361,10.227926011594253,-3.171815912951783,0.0,-0.9314518044445467,-3.0884536365809536,0.0
55.64753822006257,-130.79222913125054,-750.5152469413797,1.5,0.6468374170538471,-0.35268661853900574,0.49330576990772057,0.4624531569557943,-113.123234537271,39.07138874470939,0.0,0.28889365634109193,0.0004772879755465651,-0.07923835263409713,11.565777871035342,33.82975284536118,0.0,0.00016165339503166148,-0.00012879699575248785,0.0003643574565056261,6.486373795046979,6.489677003845032,6.489610434110594,6.486475390292517,10.155824300568916,-3.4014070121648188,0.0,-1.0013576811881677,-3.0670213364556824,0.0
55.72213277531735,-139.19772724260613,-747.5068530755435,1.5,0.651955118903605,-0.34716087950675706,0.49722706407130596,0.45519127125913855,-112.2323056834756,41.58522904203069,0.0,0.28890551083497995,0.00046773569381310044,-0.07923435729348205,12.320496805780918,33.567514766018185,0.0,0.00015385924314527136,-0.000124353250990524,-0.00016353503135075917,6.487268742003422,6.49045072750067,6.49050498415716,6.4872475209531855,10.07854149063735,-3.629334281178504,0.0,-1.0706798221241585,-3.043693908396141,0.0
55.796727330572125,-147.5346725886964,-744.3116857403108,1.5,0.6569918097806983,-0.34159142185767044,0.5010862100797128,0.44787238412553165,-111.28529870908353,44.07887529915017,0.0,0.2889169049913905,0.0004585675831371701,-0.07923041865168173,13.069258421732512,33.288340504618205,0.0,0.00015359860538004459,-0.00012447379413394437,0.00031683530201461905,6.488030864713532,6.491323654603099,6.49126712269558,6.488120564483915,9.99610717163834,-3.8554779092222113,0.0,-1.1394172522020622,-3.0194899612222934,0.0
55.8713218858269,-155.79889897695105,-740.9312982953971,1.5,0.6619465069302741,-0.3359785654262019,0.5048829760157347,0.4404979069944089,-110.28267228768948,46.5510692166615,0.0,0.2889280109607591,0.00044931148892622116,-0.07921195483692058,13.81168015383735,32.99236660234981,0.0,0.000148452846737392,-0.0001226168669603737,-6.71872274340636e-05,6.4888770651415815,6.492080867055182,6.4921123328978085,6.488877521494674,9.908567705438019,-4.079726683730283,0.0,-1.207421072594794,-2.9928370721384674,0.0
55.94591644108168,-163.9862754904813,-737.3673375742675,1.5,0.6668188354468915,-0.3303233082781499,0.5086166797177022,0.4330683846858025,-109.2249135034782,49.000563040641175,0.0,0.28893862510561724,0.0004402206769461204,-0.07921908127372865,14.547382656381242,32.679739339911414,0.0,0.00014133900035334868,-0.00011835900271790325,9.810041913614986e-05,6.489643451453674,6.4928864089268155,6.492878826810575,6.489681146454007,9.815956503982848,-4.301971183413522,0.0,-1.275154490478975,-2.965256712830809,0.0
56.020510996336455,-172.0927085992209,-733.6215430722845,1.5,0.6716080845853212,-0.3246262605525869,0.5122869132745259,0.42558488009671863,-108.11253763048873,51.42612020777826,0.0,0.2889490917646184,0.0004313922959083231,-0.07919734216088935,15.275990062933477,32.350613054211955,0.0,0.00013458481893019374,-0.00012271843890579743,0.00026452718937162404,6.490395192148616,6.493675168205121,6.4936283249586335,6.4904704383741985,9.718344899696552,-4.522073382012404,0.0,-1.342238070518408,-2.936176542026062,0.0
56.095105551591224,-180.11414425092013,-729.6957460870224,1.5,0.6763135602436187,-0.31888803506962266,0.5158932726352361,0.41804846677118973,-106.94608781283803,53.82651602414517,0.0,0.2889590925196626,0.00042249160271191195,-0.07920116425652625,15.99713020520092,32.00515076184362,0.0,0.00013126456029388482,-0.00011567649128703588,-0.00011415097410917976,6.491192793823914,6.494386646694006,6.494426820621672,6.491180282686658,9.615759792124905,-4.7399418613410855,0.0,-1.408271160316344,-2.9051035607485933,0.0
56.169700106846,-188.04656994187334,-725.59186881114,1.5,0.6809349026750062,-0.31310965032841215,0.5194351139488116,0.41045970275678023,-105.7261348423017,56.20053824799988,0.0,0.2889687839085788,0.0004139373528371293,-0.07919058259059367,16.7104345983171,31.643523928158327,0.0,0.00012781214596045573,-0.00011524810827647088,0.0003544040516563117,6.491878156567522,6.495179874219536,6.495111528252557,6.491973381701358,9.508264388637087,-4.955454542448487,0.0,-1.473738797580242,-2.8728417033931337,0.0
56.24429466210078,-195.88601676741808,-721.3119233791219,1.5,0.6854712109733879,-0.30729143892219296,0.5229122249077138,0.4028200535398776,-104.4532768370605,58.54698773496642,0.0,0.2889782018855573,0.0004052340886050037,-0.07917949699182306,17.41553889047628,31.265912019137357,0.0,0.00012357739394118435,-0.000115001643962395,-0.00016408162211594004,6.492662399803336,6.495844154201942,6.495894957995934,6.49263747361794,9.39591136880652,-5.168507128231158,0.0,-1.5384822249435526,-2.8390800794308846,0.0
56.318889217355554,-203.62856144912402,-716.8580108673696,1.5,0.6899222255242927,-0.30143454468602715,0.5263239179483076,0.395129942415249,-103.12813894062299,60.86467906047995,0.0,0.2889871308208334,0.0003969328056164259,-0.07918301583508285,18.112082878847296,30.872503471785503,0.0,0.00012118897520334304,-0.00011116860615954528,0.00021138434246281931,6.49332799918994,6.496597185448501,6.496561098234763,6.493389473980468,9.278758438625278,-5.378973083954123,0.0,-1.6024162018351464,-2.8039618093344383,0.0
56.39348377261033,-211.2703283390331,-712.2323202472019,1.5,0.6942871552129986,-0.2955394081520354,0.5296699310751843,0.3873907180743956,-101.75137300301736,63.152441139894826,0.0,0.28899595502381725,0.0003885328926358864,-0.07916116187586104,18.79971080000047,30.463493990399716,0.0,0.00010893328818169934,-0.00010912283441831896,6.797208755039516e-05,6.494040135273053,6.497275721350918,6.497271091321504,6.494066876976406,9.156866944996372,-5.586766714630017,0.0,-1.6655473795447042,-2.7671193097156683,0.0
56.46807832786511,-218.80749139920925,-707.4371272944524,1.5,0.6985655313736525,-0.2896068881824533,0.5329497705091216,0.3796032017886537,-100.32365724257912,65.40911779871298,0.0,0.28900434958926463,0.00038033533569432063,-0.07916936459417477,19.478071430864194,30.03908806201614,0.0,0.00011177616334249911,-0.0001075691703301142,-2.0710960374397842e-05,6.49472988481,6.497945654524692,6.497961983188384,6.494736654568954,9.030298728363176,-5.791767452419625,0.0,-1.727805999541845,-2.7290669410778197,0.0
56.542672883119884,-226.23627615588273,-702.4747934531739,1.5,0.702756886527179,-0.28363784057923724,0.5361629605491068,0.37176822559948514,-98.84569589951992,67.63356839874552,0.0,0.2890123932625832,0.0003723701802964428,-0.079153106175988,20.14681834045956,29.599497615983363,0.0,0.00010677397103645317,-0.00010830745226401146,0.00034492501937528344,6.495354181123584,6.498653649499522,6.4985849832485725,6.495444711035473,8.89911851429736,-5.99386663379894,0.0,-1.7891723899440384,-2.6894648597970687,0.0
56.617267438374654,-233.55296162722647,-697.3477646553968,1.5,0.7068604841387719,-0.27763272752036344,0.5393092460243399,0.36388715520798864,-97.31821887747687,69.82466842349945,0.0,0.28902018162605425,0.00036429120361901855,-0.07915070245785136,20.805609949244957,29.14494276953777,0.0,0.00010439969073986286,-0.00010617155450270658,-0.00016911027473740265,6.496065276688735,6.499246412530614,6.49929612459455,6.4960369378566885,8.763393249263803,-6.192969931518763,0.0,-1.8496294998938392,-2.6486601694125866,0.0
56.69186199362943,-240.75388222352422,-692.058570096882,1.5,0.7108760829344613,-0.2715927119619904,0.5423880142722622,0.35596044091258316,-95.74198136126937,71.98131004213947,0.0,0.2890277272528103,0.00035655764018028484,-0.07914778668849154,21.454109969738166,28.675650831792147,0.0,9.596706066221394e-05,-0.00010255979535831409,0.0002809490384015698,6.496651604545684,6.499937076290482,6.499881822672382,6.49672601971459,8.623194667740568,-6.388972225484289,0.0,-1.909184155430828,-2.606166483255932,0.0
56.76645654888421,-247.83542961880326,-686.6098209716528,1.5,0.7148029042196252,-0.2655181591847654,0.5453990760228172,0.34798960205124,-94.11776343337445,74.10240268576904,0.0,0.2890348886049942,0.000348765146014424,-0.07913084346504969,22.091987209491553,28.19185741982052,0.0,9.245402208292435e-05,-0.00010383603102397918,-0.0001021712301456921,6.497320737008006,6.500517003488298,6.500549753479718,6.497306331047102,8.47859286369312,-6.581766454029116,0.0,-1.9676719489981493,-2.5625302863510666,0.0
56.841051104138984,-254.79405459328711,-681.0042091621154,1.5,0.7186406482447109,-0.25941013526736667,0.548341897582062,0.3399752399323987,-92.44636967444471,76.18687362075465,0.0,0.2890419129962343,0.00034115411648443015,-0.07913855198943401,22.718916058599003,27.69380487650061,0.0,9.089856296621974e-05,-9.927396857333163e-05,8.134282080927842e-05,6.497909977299265,6.501149632056519,6.501139897477959,6.497937785561129,8.329662483212095,-6.771267609552973,0.0,-2.025209654952163,-2.517765851925908,0.0
56.91564565939376,-261.62626884533114,-675.244505889983,1.5,0.7223887558449287,-0.25326930153898186,0.5512161589950361,0.3319185026320945,-90.72862874869453,78.23366846063739,0.0,0.28904848701233254,0.00033370910458305805,-0.07911857507917883,23.334576433863198,27.181743174215303,0.0,9.097705964359346e-05,-0.00010311058759001909,0.0002706560838695792,6.498486326266497,6.5017683830868584,6.501715056199788,6.498557917572032,8.176480093103782,-6.957359401150738,0.0,-2.0816980711548956,-2.471785070246764,0.0
56.99024021464854,-268.32864677209227,-669.3335603247497,1.5,0.7260466862203834,-0.24709632358450118,0.5540215438483709,0.323820544825821,-88.965392975292,80.24175177233376,0.0,0.2890548184895628,0.00032626268727809675,-0.0791236929045926,23.938654168093635,26.655929709098718,0.0,8.087477913347867e-05,-9.560882262975167e-05,-0.00013768230595527983,6.499118004362119,6.502307170208547,6.502346729661622,6.499094018135572,8.01912614715717,-7.1399564775826265,0.0,-2.1370221158796716,-2.423839928750378,0.0
57.06483476990331,-274.8978272180715,-663.2742981531284,1.5,0.7296141595931862,-0.24089229494531064,0.5567575547159135,0.3156819691142758,-87.15753789416922,82.21010754483393,0.0,0.2890609444730442,0.00031909412486281775,-0.07911417404312163,24.53084099477481,26.116628727824246,0.0,8.168130360361015e-05,-9.764316294352526e-05,0.00034584586973121907,6.499634139233581,6.502934280229151,6.502862450961041,6.499721931136167,7.857677972048135,-7.318970773215411,0.0,-2.1914469429233163,-2.375480674554795,0.0
57.13942932515808,-281.3305151900715,-657.0697201079688,1.5,0.7330904810241331,-0.2346575720779493,0.5594240292788517,0.3075043511297063,-85.30596181475447,84.137739740334,0.0,0.28906660721204136,0.00031182894143537605,-0.0791050597242755,25.11083456135584,25.56411098394337,0.0,7.576025116810765e-05,-9.609391774293478e-05,-0.0001842564213812386,6.500254732226036,6.503432451782094,6.503482198136628,6.5002194371553665,7.692218044926116,-7.494296354338547,0.0,-2.2445923674303634,-2.325364694373159,0.0
57.21402388041286,-287.6234835394182,-650.7229004610965,1.5,0.7364754487612448,-0.22839336746704705,0.5620204476975303,0.2992881545247878,-83.41158536078204,86.0236727995983,0.0,0.2890724599170478,0.0003048843107797225,-0.07910835356476502,25.678339308970013,24.998654526334978,0.0,6.665512497770907e-05,-9.237474039322142e-05,0.0001655867870374785,6.500761148546843,6.504020327252718,6.503988130448427,6.500805376413543,7.522846581696625,-7.665862769096276,0.0,-2.29680597014769,-2.274114147764854,0.0
57.28861843566764,-293.773574607019,-644.2369854766737,1.5,0.7397684691065848,-0.22210017868803475,0.5645466023225958,0.2910348029848936,-81.4753509698288,87.86695213293437,0.0,0.2890775535135496,0.0002978944224913565,-0.07908876008390509,26.23306523270045,24.42054409949952,0.0,7.770101500027754e-05,-9.281958063612873e-05,0.00010388594118074778,6.501302083101467,6.5045462162102865,6.504529899213074,6.501333713461774,7.3496230551164405,-7.833562126452053,0.0,-2.3474587851717765,-2.221942681792024,0.0
57.36321299092241,-299.77770183563575,-637.6151918276121,1.5,0.742969182771877,-0.21577889782713178,0.5670021313564727,0.2827451922509295,-79.49822246268563,89.66664462981299,0.0,0.2890825293756044,0.0002910628855622699,-0.07909843675947636,26.774729769206413,23.830070390209073,0.0,6.0843410736776764e-05,-8.835110814438568e-05,-6.0130718693908316e-05,6.5018437422753355,6.505051108583522,6.505070333570814,6.5018352146232825,7.172654045993587,-7.997316324481124,0.0,-2.397189353126756,-2.1683205918981625,0.0
57.43780754617719,-305.632851343902,-630.8608049765324,1.5,0.7460772457442814,-0.20943045654155643,0.5693866738231459,0.2744201940966388,-77.48118450394078,91.42183912934948,0.0,0.28908761138014927,0.00028440761676606815,-0.07908207743292243,27.303056438503845,23.22753105814682,0.0,6.335598758411441e-05,-9.068225897063172e-05,0.0003318719152004447,6.502308973892655,6.505605860699975,6.505535053978226,6.502391338824128,6.992033194455631,-8.157058036285108,0.0,-2.4455301036360164,-2.11399635553466,0.0
57.51240210143197,-311.3360834633327,-623.9771775211119,1.5,0.7490921071693677,-0.20305532476660582,0.5717000492524008,0.26606127817720343,-75.42524210375763,93.13164685567361,0.0,0.2890920171812988,0.0002776827574251357,-0.07908138373827024,27.817775977363265,22.61322923281853,0.0,6.066872626148249e-05,-8.727728377943887e-05,-0.0001884540455820869,6.502867368617618,6.506044682652583,6.506093646353772,6.502829353528591,6.807840418669223,-8.312675322565557,0.0,-2.4926075618457566,-2.058331971155444,0.0
57.586996656686736,-316.8845342370251,-616.9677275069932,1.5,0.7520135944110007,-0.19665475233977392,0.57394180445123,0.2576689102443196,-73.33142011546641,94.79520190805093,0.0,0.2890963704693896,0.0002713009752512015,-0.07907968897014574,28.318626045226175,21.987474578891373,0.0,5.517353633741847e-05,-8.609811140454793e-05,0.00027162927392422815,6.503301481850849,6.506585115116411,6.506527200044234,6.50336893413592,6.620181573019396,-8.464109542595175,0.0,-2.5386867099983776,-2.001703283144657,0.0
57.66159121194151,-322.2754168797719,-609.8359367044095,1.5,0.7548411394583155,-0.19022911582256882,0.5761118056968147,0.2492447090940775,-71.20076270055107,96.41166169154859,0.0,0.2891004757165577,0.000264809158523011,-0.07906361111728381,28.805351041032914,21.350582343803477,0.0,5.509810618690291e-05,-8.714903419135049e-05,-0.00010334498323587815,6.503820617047067,6.507016957737369,6.507045637722353,6.50380159934753,6.429146478922211,-8.611278889220547,0.0,-2.5831213868591414,-1.944041069319966,0.0
57.73618576719629,-327.5060231992721,-602.5853488543913,1.5,0.7575745287934599,-0.18377954838821256,0.578209668859682,0.24078930573173074,-69.03433280165129,97.9802073392366,0.0,0.2891042689730838,0.0002585436983889317,-0.07907313769956675,29.277703094892335,20.702873550981124,0.0,5.0346117188110746e-05,-8.160159122854173e-05,6.651847015911013e-05,6.504265041315052,6.507501797703461,6.507490676104797,6.50428462054882,6.234833169780438,-8.754105116766375,0.0,-2.6264262847058397,-1.8853113334581095,0.0
57.810780322451066,-332.57372497616257,-595.2195678824196,1.5,0.7602133637225157,-0.17730674635142998,0.5802351685831854,0.23230391399029499,-66.83321159250181,99.50004414285698,0.0,0.28910798045819974,0.00025237603672814696,-0.07905371384330591,29.73544141481959,20.044674676610924,0.0,4.537686098539203e-05,-8.460330184763275e-05,0.00023542316849929355,6.504699764649899,6.507974321879184,6.507923589178203,6.50475768879597,6.037345233237924,-8.892522920191988,0.0,-2.6684078614787357,-1.8256236998228341,0.0
57.88537487770584,-337.47597530316494,-587.7422560817866,1.5,0.7627572636556517,-0.1708114068516817,0.5821880847860654,0.22378975392771064,-64.59849791037097,100.97040194510572,0.0,0.28911140698100596,0.0002461879794742705,-0.0790598459064689,30.17833304795163,19.37631774678342,0.0,4.716720192374275e-05,-8.345581719362895e-05,-0.00013372846827691025,6.50518448928072,6.508374308976476,6.50840908727546,6.50515754674824,5.836779815921038,-9.026455360925201,0.0,-2.709267464768119,-1.7654656026523912,0.0
57.95996943296062,-342.2103098827383,-580.157132267325,1.5,0.765206035595903,-0.16429467405441148,0.5840680718877437,0.21524746355367322,-62.331307735156976,102.3905355223569,0.0,0.2891145627275456,0.00024036104203678502,-0.07905171994581056,30.606151565061104,18.69813909077438,0.0,3.8861070701786974e-05,-7.693024138495319e-05,0.0003157392662770049,6.5055645968670435,6.508858765779617,6.508788711516652,6.505640268419334,5.6332469345439975,-9.155829995360651,0.0,-2.7477952232373575,-1.7033655455861252,0.0
58.03456398821539,-346.7743482839027,-572.4679699015121,1.5,0.7675592022649453,-0.1577569346441645,0.5858750210457742,0.20667868855954027,-60.03277356467751,103.75972499332921,0.0,0.2891175873748442,0.00023430600492258216,-0.07904298032345777,31.018680105649118,18.010481603222498,0.0,3.8759997796194565e-05,-7.934119889343637e-05,-0.00019781493415313875,6.506045503014906,6.509220494932712,6.509269006866169,6.506002715748036,5.426835394813953,-9.280596952913735,0.0,-2.785815917582204,-1.6413134740828386,0.0
58.109158543470166,-351.16579515231996,-564.6785951891028,1.5,0.7698166303932927,-0.15119945809513247,0.5876085789406579,0.1980839150385401,-57.70404386792271,105.07727616704148,0.0,0.28912046830433197,0.0002286120985206349,-0.07904812003321282,31.415707997514204,17.313691477103834,0.0,3.496980391061721e-05,-7.544490207535566e-05,0.0001702932469518464,6.50641386632639,6.509674599661122,6.509637691020822,6.50645555456935,5.217668214974464,-9.400681408709932,0.0,-2.822198816508338,-1.5781382622487732,0.0
58.18375309872494,-355.3824413806202,-556.7928851495847,1.5,0.7719779202358776,-0.14462274902740288,0.5892686138318237,0.18946464547447037,-55.34628248963575,106.34252088291994,0.0,0.28912284633663266,0.00022284140525803057,-0.07902953451011224,31.797033083600255,16.608120320299516,0.0,5.476079080535485e-05,-7.403124563417847e-05,0.00013759214609460136,6.506817313097894,6.510069966602625,6.51004346833525,6.5068543188979975,5.00583955005773,-9.516022182502327,0.0,-2.8570337170722793,-1.5142045586066284,0.0
58.25834765397972,-359.42216523327795,-548.814765661413,1.5,0.7740428399806353,-0.1380277505002696,0.5908548859947228,0.18082180638051154,-52.96066806246304,107.55481736245848,0.0,0.28912529303721624,0.00021725995116242638,-0.07903984321517273,32.162461360455566,15.894123841312528,0.0,2.521781080473107e-05,-7.18567512030457e-05,-7.587376719475603e-05,6.507234480739261,6.510438629252193,6.510457276405309,6.507218109230644,4.791463751137248,-9.626558725535585,0.0,-2.89049140520863,-1.4492558165636829,0.0
58.332942209234496,-363.2829334266777,-540.7482094817016,1.5,0.7760111671407998,-0.1314154325627806,0.5923671651133677,0.17215630761799988,-50.548393394438385,108.713550555072,0.0,0.28912776811487345,0.0002118183906027453,-0.07902449811817681,32.51180671568924,15.172062553936527,0.0,2.793882726895488e-05,-7.440365913088488e-05,0.00031573160401013756,6.5075706100790445,6.510864169098074,6.510792891875761,6.507645055135555,4.57464996752246,-9.73225603898374,0.0,-2.9224452504456297,-1.3840183164798305,0.0
58.40753676448927,-366.9628021639879,-532.5972342419726,1.5,0.7778825535526165,-0.12478628076908087,0.5938053385107824,0.1634696821015322,-48.11066485889325,109.81813239283805,0.0,0.2891295980022884,0.00020630956698038956,-0.07902494774649514,32.84489143958676,14.442300253633249,0.0,3.215776431959432e-05,-7.15088321957037e-05,-0.00018376533967771354,6.507999099075966,6.511177837795145,6.511222487298223,6.507958933806936,4.355507144577589,-9.833026186169226,0.0,-2.9527701543102207,-1.3180825571021682,0.0
58.48213131974405,-370.4599181246518,-524.365900423031,1.5,0.7796568909658487,-0.11814158112084899,0.5951691286797665,0.15476242259120984,-45.6487017874447,110.86800213749909,0.0,0.2891315766652625,0.0002011099278262591,-0.0790238460097095,33.16154618505728,13.705204813418092,0.0,1.5214386003369171e-05,-6.962412962066217e-05,0.0002336121653160918,6.508313921813985,6.511589222019964,6.511535215623276,6.508367736416725,4.134151469541451,-9.92884887931957,0.0,-2.9819759195273496,-1.2507801192872936,0.0
58.55672587499882,-373.7725194067206,-516.0583093069868,1.5,0.7813338381391236,-0.11148174835992351,0.5964584513124931,0.14603619078606084,-43.16373583738292,111.86262663875642,0.0,0.2891332943366053,0.00019580905665637859,-0.0790085426928956,33.461609460051825,12.96114870704687,0.0,2.8983948651019972e-05,-7.108560193585266e-05,-9.454781288668838e-05,6.508703800808448,6.511902558554551,6.51192628835833,6.508683893160176,3.910691028297666,-10.019661108670006,0.0,-3.0091127350557905,-1.1838759690737137,0.0
58.631320430253595,-376.8989364241448,-507.6786009074337,1.5,0.7829132673716114,-0.1048079380538006,0.5976730827977154,0.1372916530364972,-40.6570103721543,112.80150061740699,0.0,0.2891344559202766,0.000190700689368597,-0.07902001092211877,33.744928897949755,12.21050670852755,0.0,1.8935695204122776e-05,-6.571220550594813e-05,5.4080614062062806e-05,6.509030173392286,6.512264471831555,6.512252538498977,6.50904320034317,3.685233980674366,-10.10540748433921,0.0,-3.035164030925943,-1.115576032188749,0.0
58.70591498550837,-379.83759275604535,-499.23095188160585,1.5,0.7843949479121145,-0.09812087171580787,0.5988128948378029,0.12853006340795126,-38.12977983537745,113.68414692967227,0.0,0.28913613819658107,0.00018571996525026734,-0.07900040862882239,34.01136034720751,11.453657499012095,0.0,9.67025352901076e-06,-6.942818200361713e-05,0.0002054163869711357,6.509348463517702,6.512616377339814,6.51256826621103,6.509395159952186,3.4579161747984952,-10.186079850787708,0.0,-3.059664303799901,-1.0467444932342018,0.0
58.78050954076315,-382.58700594826723,-490.71957342427095,1.5,0.7857786685635669,-0.09142127154445455,0.5998777633478045,0.11975267922054456,-35.58330907407079,114.51011675025869,0.0,0.28913721576749907,0.00018068286833224467,-0.07900779915544136,34.26076829755349,10.690982884121455,0.0,2.0317964054835425e-05,-6.512488984035077e-05,-0.00013501933317719731,6.509712146097871,6.512902420647069,6.512934433508552,6.509681842344092,3.2288307193746975,-10.261601267108423,0.0,-3.082329388597406,-0.9780914325438234,0.0
58.855104096017925,-385.14578826686534,-482.14870914456384,1.5,0.7870643220979338,-0.08471030600547277,0.6008675050600993,0.1109601653740232,-33.01887273694652,115.27898985249028,0.0,0.2891381474988253,0.00017594695421567478,-0.07900060669290958,34.4930258989899,9.922867025957535,0.0,8.31976877319424e-06,-6.391985058577016e-05,0.00030006369267348415,6.509979771578235,6.513270336629497,6.513200302009917,6.510048227893785,2.998105729042785,-10.331947955643027,0.0,-3.103526784210233,-0.9080854450295562,0.0
58.9296986512727,-387.5126474044509,-473.522632925897,1.5,0.788251661314833,-0.07798838563794626,0.6017820604946376,0.10215420601630323,-30.437754603217044,115.9903748090378,0.0,0.2891389993831066,0.0001710428002105933,-0.0789927894086966,34.70801508573712,9.149697907976844,0.0,1.0169800383190206e-05,-6.43332823858981e-05,-0.00021040236343545133,6.510347143775244,6.513519540364779,6.513567622218412,6.510298116845803,2.7658535448797466,-10.397088754052037,0.0,-3.123190050238907,-0.8381797568460031,0.0
59.00429320652747,-389.68638713717985,-464.8456467696091,1.5,0.7893406179601692,-0.07125680388427114,0.6026212551269606,0.09333530740112966,-27.841246937029386,116.64390917699605,0.0,0.28913978361148096,0.0001664966397978198,-0.07899879462729127,34.90562671143351,8.37186489050471,0.0,5.886210334017179e-06,-6.111743886865221e-05,0.00015471891903320488,6.51060503878496,6.513862403238399,6.513825671188398,6.510639715466873,2.53220503147864,-10.456988274901201,0.0,-3.141371540463548,-0.7676467503261283,0.0
59.07888776178225,-391.6659079321173,-456.1220786271394,1.5,0.7903309994423134,-0.06451607957942174,0.603385026405788,0.08450500994321253,-25.230649811352855,117.23925967277775,0.0,0.2891405017815952,0.0001618078924176001,-0.07897957313621391,35.085759987300115,7.589760318239464,0.0,-1.62835947771693e-05,-5.8277388770801106e-05,-3.4218254684767216e-05,6.510920432753305,6.514133820008609,6.514137606384025,6.510908426088147,2.2972587623703813,-10.511613407342326,0.0,-3.1576887055472667,-0.6968445242957864,0.0
59.153482317037025,-393.45020750712393,-447.3562802175893,1.5,0.7912227010439448,-0.05776717793602556,0.6040732653922136,0.07566426200274702,-22.60727048180263,117.77612235083198,0.0,0.2891405720481491,0.0001573048785924236,-0.07899213350520529,35.24832364558254,6.80377832982971,0.0,-2.3344480739026484e-07,-5.8324940469093166e-05,-8.351375126344719e-05,6.511208530706888,6.51441104974005,6.514428531849802,6.511187468008414,2.061145714211985,-10.560936729404053,0.0,-3.1726493996021152,-0.6254823367595369,0.0
59.2280768722918,-395.0383813401613,-438.5526248338972,1.5,0.7920156258892554,-0.05101108661939618,0.6046858748704583,0.0668139964476597,-19.97242269779648,118.25422276053015,0.0,0.2891410532509219,0.00015300374307559847,-0.07897773542771519,35.393234792749304,6.014315392538701,0.0,2.394391670630113e-06,-5.987637242183516e-05,0.0003065942698015246,6.5114396103329435,6.5147313515162795,6.514659228690573,6.511508992554888,1.8239924261168161,-10.604948189430324,0.0,-3.1857960246142754,-0.5541260797524601,0.0
59.30267142754658,-396.4296231291597,-429.71550513801327,1.5,0.7927096350638632,-0.04424829932136168,0.6052228102884832,0.057955779613380116,-17.32742602704387,118.67331604724183,0.0,0.28914106984792987,0.0001485132161532029,-0.07897868345184417,35.52041987538954,5.221769038318902,0.0,7.685828849074043e-07,-5.5435529504808036e-05,-0.0002180912512061976,6.511768042095399,6.51493936898545,6.514988147645145,6.5117161632545875,1.5859013111656395,-10.6436043080564,0.0,-3.1971279404046093,-0.4823049076185084,0.0
59.377265982801354,-397.6232252017096,-420.84933094818416,1.5,0.7933046886416572,-0.03748014563427243,0.6056839703532285,0.04909009797858085,-14.673605203292226,119.03318710794949,0.0,0.2891410769412782,0.00014442049865857383,-0.07897882660381288,35.62981472511014,4.426538948922819,0.0,-1.7940502280684739e-07,-5.793831416045371e-05,0.0002569182815313631,6.511974059104532,6.515254655564676,6.515193728283912,6.512031709492218,1.3470148549039889,-10.67690005007792,0.0,-3.207780251028471,-0.4104092842558842,0.0
59.45186053805613,-398.6185788736901,-411.9585270153703,1.5,0.7938006722068354,-0.030707010780080608,0.6060693283761127,0.0402186709707811,-12.012289439826269,119.33365068299331,0.0,0.28914093180455197,0.00014017953808672312,-0.0789644954297476,35.721362716302444,3.6290256663093787,0.0,-2.0492483110700253e-06,-5.5258226121171096e-05,-0.00013178158662992249,6.512272178904186,6.5154628667835865,6.51549142268926,6.512239912539157,1.1074395541210347,-10.704815750688896,0.0,-3.215472915099447,-0.3381130468914861,0.0
59.5264550933109,-399.4151747608927,-403.04753079440394,1.5,0.7941975495263781,-0.023930091421367098,0.6063788190875018,0.03134215711957283,-9.34481177391207,119.5745514406836,0.0,0.2891406457289788,0.0001360420287706269,-0.07897565271032728,35.79501794168748,2.829631074192307,0.0,-4.3991697113582315e-06,-5.1931794591481996e-05,4.3309559391244326e-05,6.512497423368044,6.515729440358895,6.515717304276425,6.5125052763130356,0.8672863815038244,-10.727339120656225,0.0,-3.2224978512728732,-0.26573378754677573,0.0
59.60104964856568,-400.0126030377074,-394.12079020798296,1.5,0.7944952607588718,-0.01715011400407822,0.606612413569192,0.02246183263002337,-6.672508394653583,119.75576406061212,0.0,0.28914027009603943,0.00013219437265099296,-0.07895805720671585,35.85074286552862,2.0287578905295187,0.0,-6.226300744445394e-06,-5.6330113548156376e-05,0.00022016869310240733,6.512716410060951,6.515987894995563,6.515934730174323,6.512764861559655,0.6267207319166556,-10.744457894124578,0.0,-3.2278000668505995,-0.19324787164122287,0.0
59.675644203820454,-400.41055364567165,-385.18276140606974,1.5,0.7946937669086543,-0.010367801496150153,0.6067700857090692,0.013578977033592668,-3.9967179157001826,119.87719328612832,0.0,0.2891397713350663,0.00012813606485049338,-0.07896592217841997,35.8885086148696,1.2268094237103169,0.0,-7.5881937256556285e-06,-4.913458310691254e-05,-0.00016740835329929208,6.512992061991386,6.516175439704398,6.516211568313254,6.512950925206463,0.38581143397972095,-10.756166486962721,0.0,-3.230845195352368,-0.1206475947320012,0.0
59.75023875907523,-400.6088164503635,-376.23790652127417,1.5,0.7947930500654825,-0.0035843546612530906,0.606851813883272,0.004694247101783656,-1.318780736410964,119.93877397387685,0.0,0.28913915017527636,0.0001243887292333677,-0.07895924040991441,35.90829665641106,0.4241896368529804,0.0,-9.195633359198132e-06,-5.204339867326485e-05,0.0003047983608274674,6.513162724642968,6.516454381610212,6.516381354078382,6.513230373277724,0.14470766127173454,-10.762458003585575,0.0,-3.2330991843054804,-0.04801733020382059,0.0
59.82483331433001,-400.607281349689,-367.2906914218606,1.5,0.7947930935828453,0.0031998429613415993,0.6068575928464724,-0.0041906327229294235,1.3599616245961874,119.9404711140283,0.0,0.2891384363727301,0.00012050738351991943,-0.07895213786233057,35.91009597804654,-0.3786974065080274,0.0,-1.033333863210564e-05,-5.101648261653956e-05,-0.00022005968469146066,6.513441318924107,6.516611701635439,6.516659677757392,6.513387729037793,-0.09646804374976405,-10.763331076668976,0.0,-3.2331328396245307,0.02462074700871269,0.0
59.899427869584784,-400.40593833181407,-358.34558346294324,1.5,0.7946938975968314,0.009983464533112557,0.6067874252690236,-0.013075170884627386,4.03816723125554,119.88227985114783,0.0,0.2891375916219429,0.00011693583276931801,-0.0789592824814491,35.893906018024396,-1.181447421743397,0.0,-1.190006370049644e-05,-4.760158990030468e-05,0.00015385168392732145,6.513609200473109,6.516866636075152,6.516828143149873,6.513641716017384,-0.33759443104821524,-10.758784948088252,0.0,-3.2317738403455603,0.09725145872446862,0.0
59.97402242483956,-400.0048774797585,-349.40704923732227,1.5,0.7944954784334776,0.016766001573479357,0.6066413196389303,-0.021957806054683875,6.714494416639446,119.76422547886835,0.0,0.2891367022233012,0.0001133025407766346,-0.07894121510356378,35.859734477699966,-1.983656330900656,0.0,-1.746133755399494e-05,-5.240311858557388e-05,2.3331409097563562e-05,6.513830169478193,6.5170560572696505,6.517046938785664,6.513831819336919,-0.5785583896621178,-10.748823962248906,0.0,-3.2286172776183992,0.16981233551043623,0.0
60.04861698009433,-399.4042889277368,-340.4795523270484,1.5,0.7941978602951212,0.023546476507761364,0.606419298083197,-0.030837591653748584,9.38760243440176,119.58636342193952,0.0,0.2891356308919419,0.00010971741830507921,-0.07895345048952651,35.8075985878136,-2.784920385806556,0.0,-1.4209830973266482e-05,-4.5032486040858574e-05,-7.511112973681398e-05,6.514038999264706,6.517243700256094,6.517257798947902,6.514018431281303,-0.8192305908038435,-10.73345358731704,0.0,-3.2239229911569236,0.24226648648946295,0.0
60.12321153534911,-398.6044627659112,-331.56755105695356,1.5,0.793801072975965,0.030323912824963068,0.6061213973644215,-0.0397135809288423,12.056152160297863,119.34877920299175,0.0,0.289134469316573,0.00010635350776094936,-0.0789406546770044,35.737524475893125,-3.584836385223829,0.0,-1.6242040839015273e-05,-4.681849084521755e-05,0.0002967942561377683,6.51418888287353,6.517478619417634,6.517406644144639,6.514253889564956,-1.0594900525935338,-10.712681212348212,0.0,-3.2175740804159894,0.31462524876551273,0.0
60.19780609060388,-397.6057888947711,-322.6754962512545,1.5,0.7933051887766615,0.037097803476311766,0.6057476410173331,-0.048584213888819436,14.718806759122216,119.05158839483165,0.0,0.28913326839179654,0.00010285912250083509,-0.07894183137846189,35.64954744829756,-4.383001898444241,0.0,-1.707273053131124e-05,-4.5895478015346144e-05,-0.00022820508637037183,6.514435628291881,6.517604376383163,6.5176534763211595,6.514379402805449,-1.299215975848923,-10.686521539107531,0.0,-3.20979003940953,0.38679205406047323,0.0
60.27240064585866,-396.40875682868585,-313.8078289940131,1.5,0.7927102362300472,0.0438668247017559,0.6052981046093713,-0.057449000191395636,17.374232360022294,118.69493656032485,0.0,0.28913195088827054,9.964181539491424e-05,-0.07894274347164468,35.543711400603456,-5.1790153189072194,0.0,-1.8361821733511584e-05,-4.1180039594559506e-05,0.0002446456886861997,6.514561009813075,6.517839566763966,6.5177794008926675,6.5146137573366065,-1.5382928989882898,-10.654984769326344,0.0,-3.199830813158822,0.4587005414993329,0.0
60.34699520111344,-395.0139554508443,-304.9689783951009,1.5,0.792016329294917,0.05063059346852449,0.6047728187137552,-0.06630622052454906,20.021098726450838,118.27899917014098,0.0,0.2891305298202127,9.632413138210988e-05,-0.07892911722024402,35.42007025738054,-5.972476378636635,0.0,-2.1193780496904244e-05,-4.504136327394591e-05,-0.00015040625453038403,6.514781785042757,6.517968057054943,6.517998693742121,6.514743003458663,-1.7765904296023165,-10.618089541004112,0.0,-3.1888627578755417,0.5305095059167408,0.0
60.42158975636821,-393.42207271516344,-296.163359362578,1.5,0.7912235233466425,0.05738791645214513,0.6041718763692648,-0.0751552190646044,22.658079944229176,117.80398151136052,0.0,0.2891291270431634,9.319814274664049e-05,-0.07894059807625038,35.278685833949304,-6.76298602770748,0.0,-2.0199975867302034e-05,-3.987869492873088e-05,3.537712212958019e-05,6.514928408889493,6.518158737883097,6.51814667677034,6.514932675679308,-2.013994127231498,-10.575858952583557,0.0,-3.1760582768815757,0.6018584899834343,0.0
60.49618431162298,-391.6338953006469,-287.3953703827574,1.5,0.7903319304694845,0.06413807449481604,0.6034953469679295,-0.08399472167067351,25.283855068082442,117.2701185694452,0.0,0.2891275059020379,9.01283258860551e-05,-0.07892388002337988,35.119629455055986,-7.550146860571626,0.0,-1.942915301886459e-05,-4.299086947418762e-05,0.00022021316796949736,6.5150707551376525,6.518342596796005,6.518288024706119,6.515117819894572,-2.250384230194204,-10.528306091625785,0.0,-3.1616658926436854,0.6729053099734967,0.0
60.57077886687776,-389.65030821502927,-278.6693913085383,1.5,0.7893416823552736,0.07088034363318181,0.6027433040726567,-0.09282346028114467,27.897108801542405,116.67767492871104,0.0,0.2891258690620219,8.701806122420726e-05,-0.07893242503439053,34.94298130919546,-8.333563092803482,0.0,-2.2601546706442093e-05,-3.935320693873488e-05,-0.00017670707228141256,6.515274078500387,6.5184551687470655,6.518491779601613,6.5152291322447,-2.4856396939203367,-10.475463802251289,0.0,-3.145723839001239,0.743766238729268,0.0
60.645373422132536,-387.4722943489396,-269.9897811577639,1.5,0.7882528520904739,0.07761353763386122,0.6019158844467125,-0.10164077920757385,30.49653215224031,116.02694460606388,0.0,0.28912414450853047,8.41915637168101e-05,-0.07892640715264976,34.74883025317102,-9.112841039013627,0.0,-2.3569045111284402e-05,-3.851852856762475e-05,0.00029693465737479165,6.515371964095443,6.518662209009229,6.5185894127243085,6.515436214575515,-2.7196417124068937,-10.41735688435899,0.0,-3.1280159125244165,0.8141099071659331,0.0
60.71996797738731,-385.1009339809547,-261.36087592230956,1.5,0.7870656525677322,0.08433727682035543,0.6010131373604036,-0.11044496822789752,33.080823097401534,115.31825091549604,0.0,0.28912240814398,8.115397727652132e-05,-0.07891981063090599,34.537274166527325,-9.88758914310047,0.0,-2.4150293360381608e-05,-3.939884943361701e-05,-0.0002287965519713245,6.515580072343089,6.518748581073712,6.5187970591555295,6.515522952016355,-2.9522796386593617,-10.354016395584623,0.0,-3.1089471638481627,0.8840760406223912,0.0
60.79456253264209,-382.5374042332009,-252.78698638946676,1.5,0.7857801508255895,0.09105024553213509,0.6000352426719728,-0.11923554381407586,35.64868723543194,114.55194629238886,0.0,0.28912047664902557,7.846186312202217e-05,-0.07892786245186212,34.3084197502721,-10.657418102993976,0.0,-2.3552336806292963e-05,-3.633950003365492e-05,0.00015194958694954305,6.515677874211874,6.518934987757448,6.518895715866692,6.51570873289976,-3.1834202498708115,-10.285472554866864,0.0,-3.08836349544359,0.9535534793156907,0.0
60.869157087896866,-379.78297847798973,-244.27239597597074,1.5,0.7843965731665211,0.09775194933762339,0.5989822763999471,-0.1280109564219052,38.198838449870316,113.72841211643787,0.0,0.28911863305652663,7.573194107395056e-05,-0.07891030365280226,34.062381969999784,-11.421941302300624,0.0,-2.9241421011801204e-05,-4.647643320143173e-05,1.8907696600134106e-05,6.515831879377118,6.519056118854562,6.519046775040179,6.515831262191985,-3.412966806274358,-10.211764930328439,0.0,-3.0659505386508474,1.0225808115762105,0.0
60.94375164315164,-376.8390256972155,-235.82135857660953,1.5,0.7829150698577417,0.10444141914402709,0.5978543927526078,-0.1367702760955016,40.729999527973284,112.84805850631862,0.0,0.28911665467251313,7.291228845454334e-05,-0.07892306667133805,33.79928501872979,-12.180774749858049,0.0,-2.6104548430718868e-05,-3.479006830657487e-05,-8.19451540921793e-05,6.515974565249454,6.519177683460695,6.51919208833646,6.515951149284919,-3.640795381859548,-10.13292783499823,0.0,-3.0422940236621026,1.0910871480305098,0.0
61.01834619840641,-373.7070097928019,-227.4380964277864,1.5,0.7813357983154223,0.1111176960505159,0.5966517581115021,-0.1455125679715692,43.24090281843951,111.91132411930919,0.0,0.28911458382230165,7.043796104884797e-05,-0.07891089287070825,33.51926108839519,-12.933537397211913,0.0,-2.781308009010334e-05,-3.558988826424768e-05,0.0002900686749558091,6.516059677265364,6.5193480108466435,6.519276352492623,6.516121896761374,-3.866778429471729,-10.049005613983988,0.0,-3.0167825390478575,1.1589741606808792,0.0
61.09294075366119,-370.38848884987345,-219.12679798732552,1.5,0.7796590383807497,0.11778027786231078,0.5953744652081961,-0.15423629986464257,45.73029088733647,110.91867591626725,0.0,0.28911248079877566,6.771938862837973e-05,-0.07891282217905794,33.22245139976159,-13.679851309719574,0.0,-2.537122534884417e-05,-3.313087385291878e-05,-0.0002256428621045413,6.516241805503165,6.519411531900821,6.519459259551853,6.516185390294813,-4.090828431388174,-9.96003485746491,0.0,-2.9899176989474596,1.2261657648885094,0.0
61.167535308915966,-366.8851143511442,-210.89161583189696,1.5,0.7778848851288901,0.12442787740977294,0.5940227651029338,-0.16294098118882397,48.19691712349741,109.87060892376415,0.0,0.28911039770911073,6.535495352099706e-05,-0.07891411600715355,32.90900534562066,-14.41934221385611,0.0,-3.327184898092882e-05,-3.249744604029661e-05,0.00022209779510541677,6.516309171554546,6.519582341952232,6.519525653894345,6.516354990171374,-4.312812936597234,-9.866070956911067,0.0,-2.9616163887887432,1.2931755163324843,0.0
61.24212986417074,-363.1986303465289,-202.73666457340573,1.5,0.7760136817084695,0.13106010554117062,0.5925967398038327,-0.1716249355736864,50.6395463707907,108.76764597855275,0.0,0.2891082453702218,6.281629591553856e-05,-0.07890084796984027,32.57908051856909,-15.151638522269165,0.0,-2.5813873247563e-05,-3.521475640645883e-05,-0.00013763721188208295,6.516464738503367,6.519653942346047,6.519681353225692,6.516428624516038,-4.532631221690763,-9.767153795944466,0.0,-2.9319453538166678,1.3589502863936957,0.0
61.31672441942552,-359.33087257543673,-194.6660187931358,1.5,0.7740455706489313,0.1376758020425059,0.5910966417386471,-0.1802875154191681,53.056955545466344,107.61033747083792,0.0,0.28910584204128514,6.0522152917462195e-05,-0.07891384394297529,32.232843118782164,-15.876373153877747,0.0,-3.0398768882222094e-05,-2.9085600351418342e-05,2.6327066143234953e-05,6.516555311610001,6.519783724689558,6.519772674744151,6.516556412618249,-4.750157591609685,-9.663333640532471,0.0,-2.900444272018288,1.4243621096532013,0.0
61.391318974680296,-355.2837675422158,-186.68371099786452,1.5,0.771980833454756,0.14427426116896694,0.5895226363866471,-0.18892747690684478,55.447934279207864,106.39926105468547,0.0,0.28910370921857853,5.821051407525683e-05,-0.07889692651509762,31.870467320487748,-16.59318247035381,0.0,-3.545758317991855e-05,-3.158754167534554e-05,0.00018843887544312717,6.516643189415907,6.519907943606079,6.519858793756158,6.516681011354701,-4.965309359508539,-9.554672227894411,0.0,-2.8674726093404783,1.489059632473546,0.0
61.465913529935065,-351.05933154733134,-178.79372959726533,1.5,0.7698197717980353,0.1508547829839881,0.587874891884174,-0.19754357719714805,57.811285464077784,105.13502134023061,0.0,0.28910140425451464,5.587871085588977e-05,-0.07890601041960578,31.492135369429885,-17.301707002782216,0.0,-2.595326443805492e-05,-2.904437200797207e-05,-0.0001643124199745723,6.516784495872285,6.519968551254204,6.520002175608825,6.51674228372543,-5.177955923171152,-9.441217762826245,0.0,-2.8336376080709282,1.5526714841568248,0.0
61.54050808518984,-346.65966967321225,-171.0000169035268,1.5,0.7675625467866496,0.15741621629594707,0.5861537013699881,-0.20613517406721965,60.14582591067022,103.81824960387932,0.0,0.28909896313928163,5.380712196368771e-05,-0.07890080734542622,31.098037419227847,-18.00159164499063,0.0,-3.604432690129143e-05,-2.848375934884111e-05,0.00027503175885194777,6.516832264481031,6.520117546296871,6.520048379598003,6.516890035517068,-5.3879965110118935,-9.323026661074415,0.0,-2.797750948866321,1.6159928891054698,0.0
61.61510264044462,-342.08697472562125,-163.3064671551347,1.5,0.7652095945353816,0.16395817454888664,0.584359169518837,-0.2147006158091982,62.450386918081065,102.44960346211985,0.0,0.28909659994502673,5.155002767700496e-05,-0.07889481609536225,30.688372011613293,-18.69248518304611,0.0,-3.2413760511777824e-05,-2.9198381286031923e-05,-0.00023768469998562087,6.516985185810078,6.520151776062307,6.520201467214792,6.51692517633185,-5.59533126836399,-9.200165158493526,0.0,-2.760846226726861,1.6781170598927477,0.0
61.689697195699395,-337.34352612995815,-155.71692456348387,1.5,0.7627610508400962,0.1704793996617713,0.5824916444121846,-0.22323941811934436,64.72381486005338,101.02976653521657,0.0,0.2890942740434051,4.956798396334484e-05,-0.07890276222901793,30.263344835350587,-19.374041664103338,0.0,-3.464045523357064e-05,-2.5663274157575593e-05,0.00013170344565418158,6.5170324099804855,6.5202850425101,6.520249197400949,6.517057351077071,-5.799852985757296,-9.072695943439536,0.0,-2.7224174802793044,1.7395603477806247,0.0
61.76429175095417,-332.4316887860814,-148.23518138729247,1.5,0.7602173436192294,0.17697939854362957,0.580551272358867,-0.23175008762492005,66.96497175699493,99.55944808778997,0.0,0.2890918147087676,4.7491332562368055e-05,-0.07888598781055788,29.823169669399636,-20.045919338800548,0.0,-3.662204189397213e-05,-2.6394659568429582e-05,1.0527730389799087e-05,6.517133380875216,6.520357233100902,6.520349094664728,6.5171301013915794,-6.001457671432204,-8.94067561654414,0.0,-2.682687251234029,1.7999879887187638,0.0
61.83888630620895,-327.3539118791165,-140.86497603163053,1.5,0.7575787489418084,0.18345724277066183,0.5785383320882946,-0.24023171633080626,69.17273585603746,98.0393826906889,0.0,0.28908927609121887,4.55210667629258e-05,-0.07889949170856966,29.368067705595024,-20.707781722273076,0.0,-3.4242102360714396e-05,-2.4107768183022175e-05,-9.481515067783605e-05,6.517227844152148,6.520428233661481,6.52044476358889,6.517200613240832,-6.200046572055281,-8.804177252890131,0.0,-2.641576928073952,1.8596066986005841,0.0
61.913480861463725,-322.1127276485341,-133.60999117504988,1.5,0.7548455461092934,0.18991200060256042,0.5764531188402031,-0.24868340379988868,71.34600218375357,96.47032983175606,0.0,0.28908684148249963,4.3702837328574454e-05,-0.07888741667412137,28.898267644904035,-21.359297204454588,0.0,-3.326299429314239e-05,-2.646332731828338e-05,0.00028606591102574395,6.517263705383116,6.520551136565889,6.52047992969303,6.517324528930782,-6.3955217769849515,-8.663272256669948,0.0,-2.599194145616509,1.9182155080914571,0.0
61.988075416718495,-316.7107501156115,-126.47385192498203,1.5,0.7520182200130462,0.19634319789231622,0.5742957881027332,-0.2571036623179243,73.48368310220334,94.85307352779814,0.0,0.28908433546930656,4.1742143086650724e-05,-0.07888972043656739,28.4140055842836,-22.000139703975243,0.0,-3.77386278729028e-05,-2.5303406234447978e-05,-0.0002572187418428139,6.517402719139287,6.52056500720427,6.5206185626232935,6.517337558215973,-6.587781168958955,-8.518029072816017,0.0,-2.5554596227322066,1.9760699682394547,0.0
62.06266997197327,-311.15067377020256,-119.46012400278737,1.5,0.7490969246618898,0.20274956794555002,0.5720667680307184,-0.2654920395697019,75.58470884853904,93.18842194083265,0.0,0.28908171092956975,4.00489144386359e-05,-0.07889200656093134,27.91552469315095,-22.629987822595197,0.0,-2.920879757366962e-05,-2.1194437545325245e-05,0.00024988985548882235,6.517416111384807,6.52069606978754,6.52063382532369,6.517469200700464,-6.776733046364435,-8.368515521410432,0.0,-2.5104152924156944,2.032276007087727,0.0
62.13726452722805,-305.43527221716477,-112.57231195690767,1.5,0.7460822323358203,0.20913077472328873,0.5697661812056034,-0.27384689227891484,77.64802807256528,91.47720696528381,0.0,0.2890791727739278,3.819263406841761e-05,-0.07887925004526238,27.403075382767412,-23.24852699620978,0.0,-3.5223125253312176e-05,-2.7113628831630914e-05,-0.00016117517405449358,6.517534371754592,6.52071808206689,6.5207498689887755,6.517491770134656,-6.962284122309668,-8.214816121852532,0.0,-2.4644056042898232,2.0883981577262793,0.0
62.211859082482825,-299.5673967834686,-105.81385741014624,1.5,0.7429743657415484,0.21548568012218566,0.5673944391541371,-0.28216761672839996,79.67260835512828,89.72028379244354,0.0,0.28907663430447783,3.662191014439363e-05,-0.07889198010885935,26.87691499216537,-23.85544720169976,0.0,-3.455741763782287e-05,-2.0250423287660254e-05,2.0825973402232402e-05,6.517579233956692,6.520806407245953,6.520796305504141,6.517578744202654,-7.144328238175745,-8.057016213003841,0.0,-2.416728527878945,2.1427559399458054,0.0
62.2864536377376,-293.54997508581374,-99.1881373369556,1.5,0.739773772091561,0.22181361615780507,0.5649517972875714,-0.29045301264397955,81.65743675118519,87.91853047371053,0.0,0.28907404167285977,3.491855238641864e-05,-0.0788760555883255,26.337307635581396,-24.450444861212492,0.0,-3.3713177873151044e-05,-2.181119518537701e-05,0.0002033824027162128,6.517622225670923,6.5208906267002575,6.520838535028233,6.5176640028002035,-7.322804121854526,-7.895166795512946,0.0,-2.367862496943183,2.196039875832511,0.0
62.36104819299238,-287.3860095611297,-92.69846237329293,1.5,0.7364809151808077,0.22811390904975307,0.5624385170889206,-0.2987018924735781,83.60152023730382,86.07284752676915,0.0,0.2890714304971905,3.326587091015344e-05,-0.0788857061952002,25.784524238086036,-25.03322227090588,0.0,-3.547775914607075e-05,-1.9812736471840312e-05,-0.0001925361462097093,6.517728492898697,6.520906176131995,6.52094521911934,6.517678673049379,-7.4975914778350905,-7.72937944306939,0.0,-2.318163355163257,2.2486579597708602,0.0
62.43564274824715,-281.07857596017277,-86.3480751599471,1.5,0.7330960380116474,0.23438545170914635,0.5598550455778486,-0.3069136474967345,85.5038862614559,84.18415741781367,0.0,0.28906883264397804,3.184231647313315e-05,-0.07888060707938518,25.21884221131144,-25.603487971104983,0.0,-3.461276409252185e-05,-2.0209357641279285e-05,0.0002861652519383638,6.517731335639694,6.521019194899301,6.52094790656631,6.51779212357688,-7.6686197118083745,-7.559724420048352,0.0,-2.2671741217772605,2.2998837934184553,0.0
62.510237303501924,-274.63082180284056,-80.14014872135616,1.5,0.7296198003986588,0.2406278971030798,0.5572015287772273,-0.31508668383524546,87.36358320350287,82.25340412677475,0.0,0.28906623124536807,3.024623593260031e-05,-0.07887511885020951,24.640545392698158,-26.160956860664218,0.0,-3.498263653606166e-05,-2.066476274438568e-05,-0.00024318068761130886,6.517847890617059,6.52101327533816,6.521064109280985,6.517786487319498,-7.835798328266086,-7.386291657464525,0.0,-2.215016643384773,2.3499737572606647,0.0
62.5848318587567,-268.0459647991252,-74.07778487894156,1.5,0.7260523955012604,0.24684002711902017,0.5544784870389757,-0.3232205553638744,89.17968085337897,80.28155266389918,0.0,0.28906361014912546,2.8840358895714978e-05,-0.07888389348920788,24.049923827911112,-26.705350036801445,0.0,-3.4726936290017996e-05,-1.6174773021511732e-05,0.00013439946696156726,6.517856468873165,6.521109951924383,6.521073703793102,6.517882251265149,-7.999052193914986,-7.209158915059945,0.0,-2.1616893183875883,2.3987767627574548,0.0
62.65942641401148,-261.32729123521113,-68.16401269963816,1.5,0.7223944498552637,0.25302138522695633,0.5516861269231905,-0.331313831278793,90.95127086393133,78.26958859555752,0.0,0.28906100450326294,2.7441111786279225e-05,-0.07886747229874831,23.4472739826995,-27.23639566290043,0.0,-3.54791076039035e-05,-2.1957598519487877e-05,1.6288058630866496e-05,6.517921049567278,6.521145757967984,6.521136675616004,6.51791948478087,-8.158287490172421,-7.028431228460974,0.0,-2.1074593764130105,2.4465840360949187,0.0
62.734020969266254,-254.47815432444455,-62.4017869824977,1.5,0.7186463565247235,0.2591710826267828,0.5488248503970982,-0.3393656549658554,92.67746722543565,76.21851752237887,0.0,0.2890584537497323,2.6077841333418147e-05,-0.07888096763329465,22.83289793162733,-27.75382809014673,0.0,-3.277164028332937e-05,-1.497079526682923e-05,-8.926363663839447e-05,6.5179799469313995,6.521181808558131,6.521197482338904,6.517954422110695,-8.313433210870222,-6.8441928865293935,0.0,-2.0520636399205103,2.492879247469539,0.0
62.80861552452103,-247.50197252578567,-56.793986782029066,1.5,0.7148085144043398,0.26528824463098394,0.5458950714008749,-0.3473751660897852,94.35740668512695,74.12936457973399,0.0,0.2890557350727937,2.4811440368489815e-05,-0.07886994858324789,22.207103846471302,-28.25738913279684,0.0,-3.4851972329536794e-05,-1.805519213095765e-05,0.0002795466503694648,6.517983324843827,6.5212693795651955,6.521199663242296,6.518042630051919,-8.464412024291173,-6.6565236514157,0.0,-1.995691421288565,2.538235172920261,0.0
62.88321007977581,-240.40222782973765,-51.34341396998037,1.5,0.7108815996704927,0.27137241169533155,0.5428970108126793,-0.3553409645273656,95.99024918123412,72.00317395157933,0.0,0.28905318052350426,2.3451926854940863e-05,-0.07887255390791863,21.57020540236783,-28.74682686756245,0.0,-3.4225819258520295e-05,-1.6876809577387078e-05,-0.0002468468755114491,6.518086906427402,6.521251730376229,6.521303593189027,6.51802483991309,-8.611145973374253,-6.465541163084182,0.0,-1.9383782008607802,2.5822122175317324,0.0
62.95780463503058,-233.1824640126345,-46.0527918347561,1.5,0.7068658311024975,0.2774224061150995,0.5398312536504958,-0.3632626088482252,97.57517826501247,69.84100830425504,0.0,0.2890505979574239,2.2343268242919887e-05,-0.07887490193802785,20.922521802892195,-29.221897048819375,0.0,-3.5738044589692245e-05,-1.4320371938682014e-05,0.00022272565997506858,6.518073410560051,6.521347026112542,6.52129032453043,6.518119505436439,-8.753565516593216,-6.271325726613814,0.0,-1.8799098555807805,2.624770216792935,0.0
63.03239919028535,-225.84628486050795,-40.92476372212895,1.5,0.7027619870722918,0.2834378888851315,0.5366979764525625,-0.37113856542034085,99.11140150038577,67.6439482718689,0.0,0.28904797618541217,2.109913869865946e-05,-0.07886274314769812,20.26437783620601,-29.68236254197693,0.0,-3.780167628163784e-05,-1.588322836236028e-05,-0.00017546086171264406,6.5181585521797585,6.5213395312472136,6.521374440934863,6.518112479931282,-8.89159461006515,-6.073981594007104,0.0,-1.8204838815133433,2.665999731325319,0.0
63.10699374554013,-218.39735236221543,-35.96189171562967,1.5,0.6985703745036801,0.2894178039776378,0.5334977307291986,-0.3789682544928342,100.59815087146382,65.41309190324597,0.0,0.289045549530116,1.9929915586508982e-05,-0.07887546939616143,19.596103130697877,-30.127993391595986,0.0,-3.427012003534118e-05,-1.2882147703300457e-05,1.6035452915355273e-05,6.51817235656958,6.521398444660545,6.5213896753327765,6.518170988220131,-9.02518120549334,-5.873599051578323,0.0,-1.7605421161075259,2.7060912668593007,0.0
63.18158830079491,-210.83938487546666,-31.166655357030006,1.5,0.6942915946172492,0.29536151948442596,0.5302308609290507,-0.386750550833643,102.03468311926775,63.149554132728575,0.0,0.289042838858663,1.8941488325950386e-05,-0.0788604430422587,18.918032566869837,-30.558567239583862,0.0,-3.0946114772735855e-05,-1.7863837834394844e-05,0.00020668616936631427,6.518185424064995,6.5214541594913875,6.521401874995605,6.518228533185895,-9.154226353537888,-5.6702960819648105,0.0,-1.6997186282809376,2.744821965078194,0.0
63.25618285604968,-203.1761552633568,-26.54145040923312,1.5,0.6899262676144962,0.3012684088242579,0.5268977126847895,-0.3944843361498241,103.42028018463768,60.85446617740892,0.0,0.28904032171352284,1.777864653691987e-05,-0.07887032453789025,18.230505779893225,-30.97386933200705,0.0,-3.835748413279031e-05,-1.2995417292270966e-05,-0.00021143174278266463,6.518266383400331,6.521439694424514,6.521482863495593,6.518211968590175,-9.278698631635233,-5.4641571473446096,0.0,-1.6374911875994802,2.7820610350115174,0.0
63.33077741130446,-195.41148900386338,-22.088587661277565,1.5,0.6854747103709506,0.3071374237294669,0.5234988825598266,-0.4021690494621638,104.75424949974443,58.52897501554407,0.0,0.2890378513288423,1.6895766325881133e-05,-0.07886540542081777,17.5338673102631,-31.373692248293327,0.0,-3.085152107675511e-05,-1.288994005714426e-05,0.00029090498364369203,6.518238869540246,6.521527890712121,6.521456207286085,6.518301449952865,-9.398523003175693,-5.2552966145941316,0.0,-1.57498177926168,2.8176747253606593,0.0
63.40537196655924,-187.54926227423306,-17.810291774761392,1.5,0.6809377966980062,0.31296825716963955,0.520034551498727,-0.40980318724941744,106.035924351191,56.17424277845397,0.0,0.2890353948731743,1.5769743272283427e-05,-0.07886011587511085,16.828465626608995,-31.757836933793733,0.0,-3.305846730838931e-05,-1.3998254729681368e-05,-0.00024673969037108565,6.518330366234201,6.521494915207098,6.5215470040902,6.518268575260258,-9.513643291776742,-5.043811294229121,0.0,-1.5114493491495837,2.8521936531853442,0.0
63.479966521814006,-179.5934000106548,-13.708700175325129,1.5,0.676315769056307,0.3187597565025765,0.5165054077512042,-0.4173863461158696,107.26466421135767,53.79144618064165,0.0,0.28903271515559825,1.4976647557333051e-05,-0.0788699292652326,16.114654452835417,-32.12611173436055,0.0,-2.9274297172600324e-05,-1.1292816005688699e-05,0.00014301490885465816,6.518312182416378,6.521567428605811,6.521530118106551,6.518340878798178,-9.623987348128187,-4.829817168085601,0.0,-1.4474048108664526,2.885241249268924,0.0
63.55456107706878,-171.54787394136298,-9.785861986777144,1.5,0.6716094471931476,0.32451151121227373,0.5129117058289033,-0.4249171819958868,108.43985507611485,51.38177592224201,0.0,0.2890304635740744,1.4011856061740294e-05,-0.07885309265387787,15.392790597199406,-32.478332997500274,0.0,-4.612243960547786e-05,-1.295834008404625e-05,-3.524874354846002e-05,6.518360185687677,6.521573345258761,6.52157480063283,6.518345372410929,-9.72952853816871,-4.613411540589029,0.0,-1.3822666507169126,2.9167208072769513,0.0
63.62915563232356,-163.41670059962897,-6.0437370094861915,1.5,0.666819328795607,0.3302226859652784,0.5092539697316166,-0.43239490599571495,109.56090972008361,48.946436103961474,0.0,0.2890280395477337,1.310592685468301e-05,-0.07886710926281756,14.663235836205255,-32.8143253450092,0.0,-2.7787583944773998e-05,-1.0528577624200178e-05,-8.466072931042524e-05,6.518388371597842,6.521591017916934,6.5216064790736015,6.518364758571802,-9.83020035976138,-4.394707433139092,0.0,-1.3168654409317713,2.946863248785484,0.0
63.703750187578336,-155.2039393131323,-2.4841947438903635,1.5,0.6619459284905749,0.3358924766018838,0.5055327194287748,-0.43981871436303305,110.62726801163714,46.48664361549924,0.0,0.2890253924226932,1.241525112543885e-05,-0.07885687093094117,13.926354843628367,-33.13392127041886,0.0,-3.1968696333442495e-05,-1.1803967647313463e-05,0.0002757203702693376,6.518370095810522,6.521655278621375,6.5215869913317475,6.518429064076454,-9.925936348943333,-4.173818784618408,0.0,-1.2503867586545456,2.975412461364981,0.0
63.77834474283311,-146.91369017259447,0.8909865408786837,1.5,0.656990100432824,0.3415204550147873,0.5017482378977578,-0.4471873125506307,111.63839721957669,44.003627519780764,0.0,0.28902317361670404,1.145394917126353e-05,-0.07885937507490803,13.182516712174174,-33.43696163252381,0.0,-3.5601645251908945e-05,-8.268031028892186e-06,-0.0002676886799422812,6.518454020705615,6.521614379095188,6.521670990833937,6.518387083822902,-10.016724800549547,-3.9508449133601897,0.0,-1.1832460598289645,3.002308847198392,0.0
63.85293929808789,-138.55009197901532,4.080120692505002,1.5,0.6519521140663614,0.3471055240820893,0.49790126897744147,-0.4545002997433045,112.59379223091058,41.49862844521127,0.0,0.2890207380298619,1.0861891306588595e-05,-0.07886238768819953,12.432093902209283,-33.723295996270714,0.0,-2.5714401075967903e-05,-1.1454295014517505e-05,0.00024303419997888959,6.518414534050235,6.5216923969342,6.52163255441253,6.518466861159377,-10.102488909069509,-3.725912617690202,0.0,-1.1163548254692741,3.0284300769306665,0.0
63.92753385334266,-130.1173201726363,7.081614513910796,1.5,0.6468329584777351,0.35264739113362087,0.49399201485939914,-0.46175624587951486,113.49297582467197,38.972897957287934,0.0,0.289018401876226,1.0055304368644083e-05,-0.07885044698697112,11.675460992333123,-33.99278108563554,0.0,-3.39445203242666e-05,-1.0023298943289362e-05,-0.00017899529424254048,6.518482526758845,6.521662686483005,6.5216990804811585,6.518436307544323,-10.18320338437984,-3.4991229452016968,0.0,-1.0478234548027512,3.0520695313097903,0.0
64.00212840859744,-121.61958474578756,9.8939685578833,1.5,0.6416330052639465,0.35814507042961274,0.4900211747255314,-0.4689546282995131,114.33549888584373,36.42769794908151,0.0,0.2890162415071688,9.340352885268785e-06,-0.07886355135791928,10.912997039943548,-34.245283352060255,0.0,-3.0443999484617696e-05,-6.955833999868666e-06,1.1567527847271261e-05,6.518477150431154,6.521702231521516,6.521695152487418,6.518475410256113,-10.258832600562958,-3.2705854547176076,0.0,-0.9794620354179608,3.0747956135920473,0.0
64.07672296385222,-113.06112813637901,12.515777872445067,1.5,0.6363530026457402,0.36359798593789494,0.48598917018595345,-0.4760944098680694,115.12094063427487,33.864300002684764,0.0,0.2890138434608791,8.77989554277706e-06,-0.07884878333690887,10.145083243823072,-34.480677101959095,0.0,-2.6959104081026265e-05,-1.1927749179066895e-05,0.0002020071548590914,6.518471732343477,6.521739427550368,6.521688900017781,6.518514438882416,-10.329316467113216,-3.0404352628234528,0.0,-0.9106186288385483,3.0959810493673983,0.0
64.15131751910698,-104.44622310589469,14.94573269927508,1.5,0.6309937154471791,0.36900556556848985,0.48189642496717955,-0.4831745639512649,115.84890885989572,31.28398472134368,0.0,0.2890116237704287,8.046057835614533e-06,-0.07885906378655157,9.372103501300348,-34.69884540407231,0.0,-3.756776507212474e-05,-7.22206909617179e-06,-0.0002289909520691974,6.51853668443668,6.521705979460891,6.521753420909936,6.51847843775405,-10.394643640225508,-2.808765112037039,0.0,-0.8407049895342881,3.1154224468595606,0.0
64.22591207436176,-95.77917060250536,17.18261912444995,1.5,0.6255555274728454,0.37436684301711326,0.47774367543023366,-0.49019458328706755,116.51904008392597,28.688041141194304,0.0,0.2890095491193727,7.582788472777312e-06,-0.07885424053027508,8.594444789491812,-34.89967961069619,0.0,-2.3342886416811874e-05,-7.4757686267103514e-06,0.0002973958322287716,6.518488975664067,6.52177948840908,6.521707472858174,6.5185542197280855,-10.454776838694379,-2.5757036071361528,0.0,-0.771313778838981,3.133146838151987,0.0
64.30050662961654,-87.06429761009613,19.225319682558936,1.5,0.6200395094938641,0.37968154597647563,0.4735311353423174,-0.4971530892722459,117.13099973468181,26.07776605058559,0.0,0.2890071991135224,6.866493880565232e-06,-0.07885017190208597,7.81249521119142,-35.083080244199515,0.0,-2.8957078489035445e-05,-8.391642242091878e-06,-0.0002539341710054592,6.518566021893356,6.521728982614919,6.521783411089935,6.518503249981804,-10.509673231914038,-2.341356166400747,0.0,-0.7008472059574168,3.149607468395753,0.0
64.37510118487131,-78.30595498646073,21.072813911003056,1.5,0.6144459611384913,0.38494863440207494,0.46925963188181263,-0.5040497074681416,117.68448232753714,23.454463357810525,0.0,0.2890053411841843,6.471830606375786e-06,-0.07885865706286217,7.026645889818658,-35.24895638882609,0.0,-3.370787217059254e-05,-6.42952490218729e-06,0.00010392952648418039,6.518536688890339,6.521782837110914,6.521754014185218,6.518555833438455,-10.559330304613773,-2.1058625555976835,0.0,-0.6300942812055617,3.1645844101398017,0.0
64.44969574012609,-69.50851528801448,22.72417885576397,1.5,0.6087758582613658,0.3901677104461964,0.46492949170098813,-0.5108832350645022,118.17921159620366,20.819443415271117,0.0,0.2890031756505059,5.904812123599923e-06,-0.07884323535144934,6.237289899339353,-35.397225333400115,0.0,-3.0840548098491184e-05,-8.483179125735556e-06,-2.9738711656687972e-06,6.518560253300286,6.521780786620601,6.521777045547042,6.518555139670856,-10.60369811585812,-1.8693099761155183,0.0,-0.5593671692226168,3.1775769118946258,0.0
64.52429029538087,-60.676370583360885,24.178589530363233,1.5,0.6030298123849345,0.3953380383597367,0.4605413271317901,-0.5176529404963865,118.61494066530211,18.174022413425728,0.0,0.2890011092294514,5.370690891457039e-06,-0.07885774999594179,5.444821462444725,-35.52781403004446,0.0,-2.6522243232931647e-05,-5.3764061405855875e-06,-0.00010462111059185959,6.518581277344939,6.5217793631602134,6.52179969578693,6.518553323305279,-10.642771610302331,-1.6318332741343344,0.0,-0.48823022749869716,3.1893371119093072,0.0
64.59888485063564,-51.81393025873008,25.435319324346096,1.5,0.5972084319578892,0.4004588779958019,0.456095770933918,-0.5243581062298338,118.99145212123233,15.519521686214697,0.0,0.28899911826943137,5.0538477665741414e-06,-0.07884696062588134,4.649636594983667,-35.64065750394299,0.0,-2.6410942042610416e-05,-7.0265596436392626e-06,0.00027091761185184607,6.518547532028137,6.521831584086506,6.521765273212685,6.518606260052144,-10.6765252057444,-1.3935595966965357,0.0,-0.4167881672240645,3.199233485332056,0.0
64.67347940589042,-42.925618814871626,26.493740362984934,1.5,0.5913127412206115,0.40552985205351993,0.4515931529053802,-0.5309975568800618,119.3085581501482,12.857267041430648,0.0,0.2889971804754738,4.484066117500319e-06,-0.07885035399437268,3.8521327088193216,-35.73570032031455,0.0,-2.5672537705299774e-05,-5.45559791325208e-06,-0.000257518364483679,6.5186167732971505,6.521779217839874,6.521834964507245,6.518553665334811,-10.704946167693421,-1.1545880752265414,0.0,-0.34518164000708673,3.207652073141908,0.0
64.7480739611452,-34.01587365594465,27.353323816808427,1.5,0.5853430642178739,0.4105499756551983,0.44703435043715367,-0.5375709294509687,119.56610061674341,10.18858813104673,0.0,0.2889952809698512,4.200504998195821e-06,-0.07885337720655164,3.05270819032981,-35.8128953578595,0.0,-2.52191688881757e-05,-3.975148569518035e-06,0.00021813079901864584,6.518569445805708,6.521841967284539,6.521788016036595,6.518616170311209,-10.72801846805186,-0.9150503882905264,0.0,-0.27340024989348616,3.2144660632129542,0.0
64.82266851639997,-25.089142872718117,28.01364016337837,1.5,0.5793005595168402,0.41551897288079187,0.44241961809924213,-0.5440769490067452,119.76395114333161,7.514817770572813,0.0,0.28899343712257786,3.722419289058473e-06,-0.07884165469982457,2.2517624150789843,-35.872204689880896,0.0,-2.420716194470996e-05,-8.003351631424136e-06,-0.0001709454219733187,6.518621850597713,6.521803515923597,6.521839499952845,6.518578936739947,-10.745732206646268,-0.6750616218167041,0.0,-0.20152079230633502,3.2198535087767692,0.0
64.89726307165475,-16.14988302044947,28.47435939856348,1.5,0.5731856732472403,0.42043597014400685,0.4377497681932349,-0.5505151400642355,119.9020111697057,4.837291280308642,0.0,0.2889916183093205,3.451182379435759e-06,-0.07885559582810778,1.4496954639456352,-35.91359926990255,0.0,-2.3784142042857268e-05,-2.4196572155398774e-06,7.719069271960206e-06,6.518606937388639,6.521831172123946,6.521825988727489,6.51860531663959,-10.758077355671015,-0.434751542463378,0.0,-0.12950881487847674,3.2233142835365443,0.0
64.97185762690953,-7.202556892743201,28.73525119773887,1.5,0.566999283343688,0.4253004513788492,0.4330252966512956,-0.5568845761957759,119.98021200233286,2.157345796239695,0.0,0.28898988495625755,3.1076410576727397e-06,-0.07884051821805904,0.6469079220624379,-35.93705895414524,0.0,-2.3771219386537677e-05,-5.233651484108841e-06,0.0001848344879692131,6.518592808351791,6.521856882375029,6.521810831854936,6.518632066056965,-10.76505141292894,-0.19421821007964332,0.0,-0.057421868696530425,3.2251672016770563,0.0
65.0464521821643,1.7483687073177336,28.796185028134474,1.5,0.5607422821362592,0.4301119031638313,0.4282467018379554,-0.5631843447276571,119.99851483839521,-0.5236803488089627,0.0,0.2889881705465859,2.7212594572841523e-06,-0.07885113572641266,-0.1561993042361248,-35.94257254421671,0.0,-2.398719759888974e-05,-2.941094824873506e-06,-0.00020892124755005022,6.518643106864804,6.521817053209107,6.521861843157245,6.518591471621814,-10.766648047955918,0.04639673866921909,0.0,0.0146854383569478,3.2257455638882826,0.0
65.12104673741908,10.698425197977455,28.657130211400553,1.5,0.5544151261228907,0.4348694785172336,0.42341482987490914,-0.5694139850954579,119.95691079451922,-3.2044483402119988,0.0,0.28898653822407344,2.55629635714944e-06,-0.07884692248450838,-0.959225052862344,-35.93013780424684,0.0,-2.0774811676842256e-05,-3.485009539339463e-06,0.00027667527892551635,6.518591670082285,6.52187740984947,6.521810595201767,6.518652551717214,-10.762869537632959,0.2869830544723722,0.0,0.08665426327090382,3.2245055016835917,0.0
65.19564129267384,19.64314445055067,28.318155935592024,1.5,0.5480190481113915,0.43957292044314616,0.4185299438585549,-0.5755722861760482,119.85542089719507,-5.883619526616021,0.0,0.2889849410638842,2.169669964179152e-06,-0.07884237279821318,-1.7617685190394825,-35.89976149718207,0.0,-2.1040894097345174e-05,-4.472655038696109e-06,-0.00025590639007018614,6.518657510875473,6.521820003757559,6.521876059254724,6.518595455731115,-10.753716421753348,0.5274192625027557,0.0,0.1587062341428914,3.2217031381084658,0.0
65.27023584792862,28.578061020066354,27.779431217810597,1.5,0.5415543961102426,0.4442213103781818,0.4135929993380548,-0.5816589158244835,119.69409607512773,-8.559856091296547,0.0,0.28898335737682934,2.0016203432433596e-06,-0.0788521832034269,-2.5634288520819095,-35.851459202116686,0.0,-1.96460716200595e-05,-1.0442506823171242e-06,0.00012402539774055847,6.518616874607613,6.521867912183351,6.521836490242759,6.518642695158336,-10.739192691438053,0.7675874994952007,0.0,0.23061017143342438,3.2172572306778933,0.0
65.3448304031834,37.49871437524032,27.041224817361375,1.5,0.535022307374334,0.4488143116246252,0.4086043592184918,-0.5876728017531552,119.47301713462588,-11.231821715357281,0.0,0.28898189982808753,1.7491651482252954e-06,-0.07883653163653799,-3.3638059189106544,-35.78525558589995,0.0,-2.1665330398163794e-05,-5.673258614700218e-06,-1.4198717234940118e-06,6.518635464873327,6.521856242994907,6.5218534872154335,6.518632053768493,-10.719309806200314,1.0073641594308878,0.0,0.30245027409343206,3.2112642828551863,0.0
65.41942495843817,46.40065112515616,26.10390509876615,1.5,0.5284234769536869,0.4533512651371088,0.40356473837224477,-0.593613309609295,119.1922947080411,-13.898182249702026,0.0,0.28898044716735655,1.5206721412120091e-06,-0.07885121659553154,-4.162500109390913,-35.7011840742753,0.0,-1.90696003931632e-05,-2.833765221056948e-07,-0.0001099956699672022,6.518650056351146,6.521847124712765,6.521869794522741,6.518621958928879,-10.694075416785612,1.246630800284263,0.0,0.37410039505550724,3.2035686377624426,0.0
65.49401951369295,55.2794272425031,24.96793984528806,1.5,0.521758603665599,0.45783152441659697,0.39847486113795766,-0.599479807660262,118.85206920423838,-16.557606382001836,0.0,0.28897905712496835,1.392940148869536e-06,-0.07884067656655921,-4.959112737873091,-35.59928721554425,0.0,-1.7944720174994163e-05,-3.436515428510872e-06,0.0002688552615802729,6.518609287304563,6.521892890634442,6.5218282938149,6.518668777528877,-10.663501930998807,1.4852745385155668,0.0,0.4455587045687426,3.1944168010520926,0.0
65.56861406894772,64.13061028204403,23.633896022801817,1.5,0.5150288601213785,0.4622547593417806,0.3933351025247328,-0.6052712679698286,118.45251073575452,-19.20876628638958,0.0,0.2889777038563183,1.1331466281910042e-06,-0.07884442459858186,-5.7532461560084185,-35.47961629084812,0.0,-1.5906551690349654e-05,-3.9787534591187495e-06,-0.0002555369201215427,6.518671882123656,6.521834533273634,6.52189124117107,6.518610649904163,-10.627606467822213,1.7231626437255043,0.0,0.5167890128076158,3.1838928202077437,0.0
65.6432086242025,72.94978159311358,22.102439494495822,1.5,0.5082346188546549,0.4666201137021145,0.3881464581119508,-0.6109873719983394,117.9938190280533,-21.85033829504388,0.0,0.28897647247779096,1.0542482466197246e-06,-0.07884753489366596,-6.544504053691293,-35.34223086718871,0.0,-1.9119575418081494e-05,1.7938222916790813e-06,0.0002063248842745952,6.518620237070824,6.521890401459206,6.521840072352424,6.518665134833756,-10.586407336010463,1.9601958053366075,0.0,0.5878010481837525,3.1708297700463257,0.0
65.71780317945728,81.73253852483838,20.374334687612222,1.5,0.5013771916046773,0.47092734431798233,0.38290922441094627,-0.6166270136583596,117.47622331929367,-24.481003548968598,0.0,0.28897527544178736,8.112891439755874e-07,-0.07883600990344847,-7.332491467238212,-35.18720091994831,0.0,-1.327723200287577e-05,-5.709642766456299e-06,-0.00016566121922680972,6.518665216598048,6.521847992546495,6.521884335329296,6.5186251003566404,-10.539924560375827,2.1962418539003843,0.0,0.6584133074144397,3.1575264084113024,0.0
65.79239773471205,90.47449662358443,18.450444207535558,1.5,0.494457087434827,0.4751756957490262,0.37762431703166444,-0.6221897797627873,116.8999822465642,-27.099448674706192,0.0,0.2889740003121611,7.955695840235318e-07,-0.07885057039883904,-8.116815155393663,-35.01460353342974,0.0,-1.5207470260699153e-05,5.942187884672816e-07,3.960442390540965e-06,6.518646475849204,6.521869867587281,6.521866794106417,6.518645230264878,-10.48817965193831,2.4311732749308663,0.0,0.7287997263856908,3.141701049914868,0.0
65.86699228996683,99.17129182119393,16.331728405712816,1.5,0.4874752985673451,0.47936472201745534,0.3722922969725619,-0.6276748698065738,116.26538371793511,-29.70436644043776,0.0,0.2889730238245496,6.347874328463174e-07,-0.07883535677629136,-8.897083714083275,-34.82452535393832,0.0,-1.7236043738759046e-05,-1.75628683942145e-06,0.00017319352432979424,6.518628785631086,6.521890266122189,6.521847853763844,6.51866630874556,-10.431204488727884,2.6649106087682712,0.0,0.798825226395997,3.1243132804394254,0.0
65.94158684522161,107.81858261272595,14.019244898857178,1.5,0.4804328292221067,0.48349397900979485,0.36691372788034055,-0.6330814996190219,115.57274475724762,-32.29445634493367,0.0,0.2889719740478333,4.6645741664785464e-07,-0.07884621644479788,-9.672907718501646,-34.617061547568206,0.0,-9.502800023516979e-06,8.517109906543577e-08,-0.00019196737088053237,6.518671033553893,6.5218489386636085,6.521891889725969,6.5186253842912825,-10.369022649357222,2.8972984974217315,0.0,0.8682014426576391,3.105936710569088,0.0
66.01618140047638,116.41205222292348,11.514148039792284,1.5,0.47333020131510484,0.4875627489539024,0.36148954941425554,-0.6384092668655388,114.82241134924323,-34.86842534559904,0.0,0.28897093783997624,4.865903212476586e-07,-0.07884252409625409,-10.44390029748661,-34.392316006724215,0.0,-1.544715000485426e-05,-1.1390648955832951e-06,0.00025978268848443907,6.51862034185673,6.521902161398794,6.52184002156518,6.518678101725544,-10.301664264965297,3.1282393483307582,0.0,0.9376023766023571,3.0857085266638635,0.0
66.09077595573116,124.94741075983099,8.817688338665063,1.5,0.46616878321958616,0.49157079726893294,0.35602007512426215,-0.6436571470375132,114.01475827512917,-37.42498846097284,0.0,0.2889700012962748,3.2835812006874913e-07,-0.0788382886476486,-11.209676324804514,-34.150401288793816,0.0,-1.2211579471465233e-05,-1.8111162491043357e-06,-0.00026048853914052966,6.518680982112019,6.5218424604901175,6.521900842590755,6.518619138733104,-10.229169045519187,3.357609599433936,0.0,1.0061680770741332,3.0639435679978857,0.0
66.16537051098592,133.42039735637158,5.93121183704828,1.5,0.45894897802016027,0.4955173540922844,0.35050635506945527,-0.6488248472612289,113.15018891412252,-39.962869421760026,0.0,0.28896927638489067,2.6275204836988104e-07,-0.07884771919262876,-11.969854015038614,-33.89143798226858,0.0,-1.3896715039824184e-05,2.71597153688795e-06,0.00010786467092883726,6.518638611609268,6.521886112111537,6.521859252042197,6.518661535234255,-10.151569619521279,3.5853190751958786,0.0,1.074353796988042,3.0404245372625884,0.0
66.2399650662407,141.82678229549984,2.8561594362745173,1.5,0.45167204482733353,0.4994021254059529,0.344948807172192,-0.6539114630376149,112.22913504010674,-42.48080127456661,0.0,0.2889684535746721,2.2102478077145133e-07,-0.07883253052433138,-12.724053971500616,-33.61555621889976,0.0,-1.3423839721277555e-05,-3.984819461673246e-06,-8.827314883926407e-06,6.518653290857301,6.521872284925028,6.5218724211159245,6.5186493529029175,-10.06890401332043,3.8112166351575634,0.0,1.1419618560488674,3.0159114260002062,0.0
66.31455962149548,150.1623691207943,-0.4059338248334889,1.5,0.4443387647246972,0.5032245592990466,0.3393482166786575,-0.6589164536708924,111.25205660934141,-44.97752708025631,0.0,0.28896755138936425,1.4750831859524546e-07,-0.0788480195116502,-13.471899989579331,-33.32289338888903,0.0,-1.435938453869494e-05,1.9104824178896898e-06,-0.00013070524622876847,6.518667028765685,6.521859353796217,6.521887484176845,6.518634833648102,-9.981211431466193,4.03521269288908,0.0,1.2091644622441031,2.989489109306527,0.0
66.38915417675025,158.42299673036587,-3.853439536869397,1.5,0.4369499050895381,0.5069841037139342,0.333705398948732,-0.6638392921001965,110.21944154478993,-47.451800483243865,0.0,0.2889671142310108,1.7579268469077407e-07,-0.07883682759153061,-14.21301870449182,-33.013596102921035,0.0,-9.13290374564844e-06,-1.620401563657214e-06,0.0002629415796018518,6.51862198993856,6.521904194956857,6.52184222258318,6.5186813752170565,-9.888549568493398,4.257202074784306,0.0,1.2754917077985677,2.961838853814999,0.0
66.46374873200503,166.60454145320193,-7.484636733625932,1.5,0.4295067747940632,0.5106804894498014,0.3280207560842532,-0.6686791096476905,109.13180545447564,-49.902386334431064,0.0,0.2889663441566992,3.873313039747356e-08,-0.07884130422720691,-14.94704064870073,-32.68781866381804,0.0,-3.6663111801073697e-06,-8.519823808133429e-07,-0.00024928195859778813,6.518680763024381,6.521845045638195,6.521902053317427,6.5186227174920015,-9.790942941516265,4.47705345888379,0.0,1.3411868557867983,2.9327494449359643,0.0
66.5383432872598,174.7029191057071,-11.297712751421143,1.5,0.4220097830850754,0.5143130000895386,0.32229539103731564,-0.6734356404553369,107.98969141056858,-52.32806132924782,0.0,0.2889658797660283,1.1271688749726085e-07,-0.07884449107302399,-15.673599642042294,-32.3457236497175,0.0,-1.269816690923138e-05,1.6853092213209241e-06,0.00019105505352584303,6.518630471833694,6.5218968545638845,6.521850967887303,6.518672764412638,-9.688458003134023,4.694676198365867,0.0,1.4065799915342316,2.9016910433981207,0.0
66.61293784251458,182.71408702949526,-15.290764134433713,1.5,0.41446037078865894,0.5178814260853098,0.3165296380095465,-0.6781079691488063,106.79366965925826,-54.72761460077567,0.0,0.28896541158026684,-8.748573293961617e-09,-0.07883319996361869,-16.39233287058896,-31.98748241184587,0.0,-2.8704294804384533e-06,-3.802642972440562e-06,-0.0001666479181669119,6.518671773959274,6.521854367094664,6.521892418464021,6.518632910904913,-9.581137015761048,4.90995363211599,0.0,1.470872863036706,2.8699927951353406,0.0
66.68753239776936,190.63404610901705,-19.461797586262115,1.5,0.406859103144085,0.5213851471046943,0.3107244968057707,-0.6826957489630411,105.54433734907286,-57.09984833095821,0.0,0.28896485335369476,7.489401062460283e-08,-0.07884806095182804,-17.102882022994763,-31.613273513083488,0.0,-5.578510690013212e-06,2.033082108429874e-06,-8.722412793637765e-08,6.51865209928322,6.5218745558807,6.5218737862536384,6.5186512893989175,-9.469036187397249,5.12276676526063,0.0,1.53460351998436,2.8361645952660064,0.0
66.76212695302414,198.45884276620174,-23.808730965371208,1.5,0.39920706681045476,0.5248237925301351,0.3048805865373478,-0.6871983211239108,104.24231822037878,-59.443578363912025,0.0,0.28896459923040435,2.8672936526354788e-08,-0.07883314021739533,-17.8048924659081,-31.22328386151365,0.0,-8.50760748506373e-06,-8.297581759442484e-07,0.0001656550411983372,6.518633726257279,6.521893413622164,6.521853982058646,6.518670750866671,-9.352209920043304,5.333043474350791,0.0,1.5975814129015475,2.800926590544054,0.0
66.83672150827891,206.18457093281626,-28.329394324255944,1.5,0.3915053683289722,0.5281970029995943,0.29899851541348194,-0.6916150376997138,102.88826229190508,-61.75763473390788,0.0,0.28896430101360904,-5.6360488689894737e-08,-0.07884420498954327,-18.49801425343089,-30.817708211596003,0.0,-5.841276534054901e-06,-1.0139423287288286e-06,-0.00021833164716245535,6.518677678778747,6.521849176628552,6.521898735401973,6.518626469099682,-9.230720076547966,5.54064548189726,0.0,1.659920393688239,2.765004020907865,0.0
66.91131606353369,213.80737399943823,-33.02153099231382,1.5,0.38375456355426896,0.5315041789469087,0.2930793292359241,-0.6959455794010518,101.48284556394798,-64.04086230869325,0.0,0.28896412091915974,9.075798765074577e-08,-0.0788403473127472,-19.18190098574658,-30.396748672005483,0.0,-8.867236673126121e-07,1.6037406014113806e-06,0.00027323463764563456,6.518620468446288,6.521905615211027,6.521842434650257,6.518683396179867,-9.104627837463315,5.745480977897521,0.0,1.7208341122880064,2.7268764099354184,0.0
66.98591061878847,221.32344674011298,-37.88279870231172,1.5,0.37595616430063816,0.534745145746261,0.287123344401358,-0.700189100689907,100.02676964215895,-66.29212134764607,0.0,0.28896397006718766,-8.166241849902709e-08,-0.07883621732769142,-19.856212124563346,-29.960615854953886,0.0,-1.5021861136622823e-06,-1.1999353681826657e-06,-0.00026136285945730227,6.518682495456264,6.521843706611579,6.521903809586844,6.518621969419521,-8.973986176105774,5.947457559347881,0.0,1.781475631966398,2.687926196362337,0.0
67.06050517404324,228.72903720946928,-42.91077076033315,1.5,0.36811059045854033,0.5379192670245142,0.2811317278500182,-0.7043453747644955,98.5207614128373,-68.51028805939337,0.0,0.2889637801346646,5.98540124935967e-08,-0.07884668507728215,-20.520610872436414,-29.509527293102316,0.0,1.051129374267407e-06,8.340282945394032e-07,0.0001224105803233169,6.518637699332406,6.521888186888915,6.5218600862781555,6.518666095912615,-8.838871619347893,6.146452326615771,0.0,1.8410800181778368,2.647626561977606,0.0
67.135099729298,236.0204486156271,-48.10293725687429,1.5,0.360219225514122,0.5410263145351019,0.2751049126821907,-0.7084136669832785,96.9655726759648,-70.69425518118273,0.0,0.288963798500136,-1.526592594596434e-09,-0.07883141925733231,-21.17476576690053,-29.043707774999614,0.0,6.442533063624214e-08,-2.0568696700286586e-06,2.3578553200607943e-07,6.518652370259498,6.52187363115498,6.521873585871038,6.5186524337997,-8.699344912276466,6.342392378739409,0.0,1.899711266166348,2.605679773699723,0.0
67.20969428455278,243.1940411645263,-53.456706318343464,1.5,0.3522829056564464,0.544065841221396,0.26904376317259293,-0.7123935487469238,95.3619797695293,-72.84293248824572,0.0,0.2889637576560853,-4.077207608872177e-08,-0.07884676772165268,-21.81835051587556,-28.563390015119815,0.0,-2.1475883763599117e-06,1.6194610669707789e-06,-0.00012643136496133915,6.518666572750045,6.521859749445892,6.52188862265447,6.518637093020999,-8.555475307439613,6.535162711430541,0.0,1.9575468844473025,2.562578552445848,0.0
67.28428883980756,250.24623387607573,-58.96940540080403,1.5,0.3443024673090509,0.5470374108729891,0.26294915302506877,-0.7162845977917407,93.71078319362437,-74.95524738753024,0.0,0.2889639942710273,6.83327500189453e-08,-0.07883612870157683,-22.451043772111653,-28.068813646300704,0.0,1.5689650011617442e-06,-1.0584034020174582e-06,0.00026161288193184395,6.518621935954782,6.521903850483377,6.521843699403132,6.518682529281633,-8.407345307726054,6.724674260550202,0.0,2.014165595475305,2.518250969714151,0.0
67.35888339506234,257.1735063712863,-64.63828262373374,1.5,0.33627931646055326,0.5499408062837107,0.256821525325881,-0.7200861302886851,92.01280718547021,-77.03014542082981,0.0,0.28896400030618963,-4.620133155645428e-08,-0.07884078942742308,-23.07253004005882,-27.560225510200176,0.0,9.048062444581605e-06,-1.1080452362032155e-06,-0.00024332326302064136,6.518679592200965,6.5218451665144075,6.521902598141009,6.518624720783145,-8.255010418284884,6.910825377549103,0.0,2.069835582376186,2.4729580208666713,0.0
67.43347795031711,263.97240062813364,-70.46050814313773,1.5,0.3282139043720911,0.5527754694522339,0.2506620547451299,-0.7237979328926272,90.26889933355608,-79.06659079544961,0.0,0.28896435905635803,3.559332566897503e-08,-0.07884399231405492,-23.682499220855163,-27.037878667267655,0.0,-5.616538231028632e-06,2.8594675698860027e-06,0.00017633754894912166,6.518631811177624,6.521894926273158,6.5218534382972715,6.518671709762841,-8.09856140891468,7.093538863698723,0.0,2.124701092522523,2.4254078692622767,0.0
67.50807250557189,270.6395227074855,-76.43317556152861,1.5,0.3201077693114752,0.5555412307324835,0.24447111540525018,-0.7274192949841114,88.47993014631894,-81.06356689497852,0.0,0.28896462609446827,-4.325533967716909e-08,-0.07883304174675729,-24.280646665192048,-26.50203481935921,0.0,6.151196845714844e-06,-1.5674015950740334e-06,-0.00017428950384028118,6.518671970596798,6.52185310117741,6.52189419222495,6.518632620334925,-7.9380697160538105,7.272706092714264,0.0,2.178152242405502,2.3777683458055394,0.0
67.58266706082667,277.1715444471241,-82.55330338065154,1.5,0.3119615251528997,0.55823761185939,0.23824977068709932,-0.7309499451380691,86.64679262130305,-83.02007681695038,0.0,0.28896489821784843,-4.759285833127305e-08,-0.07884789638775208,-24.86667402616669,-25.952960493520848,0.0,5.125671329169682e-06,2.0137949235903536e-06,-1.5728965687417756e-06,6.518651517122051,6.521873621919652,6.5218747103058385,6.518651879556026,-7.773610713059527,7.448247989162068,0.0,2.2308357342740397,2.3285589659684516,0.0
67.65726161608144,283.56520512282145,-88.81783648715881,1.5,0.3037763356634455,0.5608643272376697,0.23199868456641914,-0.734389375387864,84.7704018104447,-84.93514382247587,0.0,0.28896537509303766,-3.3423406659863982e-09,-0.07883333368591904,-25.44028875112956,-25.390929796798016,0.0,3.7305952272804633e-06,-2.9628870081633964e-06,0.00016979896385672832,6.5186324238154585,6.521892782356329,6.521854125603121,6.518672135814851,-7.605280629028672,7.620072731354072,0.0,2.282422053160064,2.278182880313516,0.0
67.73185617133622,289.81731307550245,-95.22364767675155,1.5,0.2955533806255255,0.5634210987996705,0.22571851170107687,-0.7377370928072182,82.85169433325883,-86.80781185208401,0.0,0.28896585320860385,-1.1552936556674197e-07,-0.07884458849939875,-26.001204576632826,-24.816222994611262,0.0,5.656247480843977e-06,1.9283080471231606e-06,-0.00021686610047631026,6.518676219139111,6.521848504268899,6.521899351494431,6.5186269743183205,-7.433150056439119,7.788097452717108,0.0,2.332533493884102,2.2265142028154936,0.0
67.806450726591,295.9247473043012,-101.7675392142193,1.5,0.28729325722781557,0.5659074758708181,0.21941036331186858,-0.7409928512315793,80.89162794625979,-88.63714600138576,0.0,0.2889664090836833,-3.6268442080137476e-08,-0.07884106631791946,-26.549141549569445,-24.22912704068081,0.0,8.563488128974768e-06,-1.025373639977402e-06,0.00026723291168118335,6.518620319114607,6.5219037639480115,6.521843306279005,6.518683199712583,-7.257307885172326,7.952239042999245,0.0,2.3818322118899617,2.174115532265254,0.0
67.88104528184577,301.88445902445363,-108.44624442894762,1.5,0.27899757494593375,0.5683233222953218,0.21307457812215555,-0.7441560176922319,78.8911810511188,-90.42223297284099,0.0,0.28896710312080354,-2.024774026147414e-07,-0.07883686825213247,-27.08382594771877,-23.629934324241724,0.0,8.984750634812355e-06,-1.7047677730972322e-06,-0.00026348110862309943,6.518681443114117,6.52184215558018,6.521904231805993,6.518621912674461,-7.077844836845131,8.112415501724561,0.0,2.4297503636796898,2.1203230784016656,0.0
67.95563983710055,307.6934731897527,-115.25642934317908,1.5,0.27066677723848503,0.5706681634362765,0.20671240111876923,-0.7472264222866538,76.85135220805775,-92.16218153849962,0.0,0.2889675678422097,-1.1516526357222416e-07,-0.07884795901366569,-27.604990929257298,-23.018944265042784,0.0,1.398510393799081e-05,6.775770332891953e-07,0.00012933237269139466,6.518635121459173,6.521887278522985,6.521859411667342,6.5186669464679,-6.894845597861198,8.268533183761594,0.0,2.476488973875279,2.0657318361386876,0.0
68.03023439235533,313.34888997770065,-122.19469433673846,1.5,0.2623023391442133,0.5729418326897037,0.20032428405855948,-0.7502035193532908,74.77315964252848,-93.8561230066331,0.0,0.2889682841742131,-2.6180639337061496e-07,-0.07883315134590421,-28.11237627640048,-22.3964610924994,0.0,2.174597444228865e-05,1.8193597699188046e-06,3.9337379494001964e-05,6.518644821656723,6.521875774970914,6.521869775378073,6.518656977777545,-6.708404814813237,8.4205406661451,0.0,2.5220597428434637,2.009729649397357,0.0
68.10482894761009,318.8478862374113,-129.2575758414029,1.5,0.2539051379693275,0.5751439974991831,0.1939111542361468,-0.7530869985043174,72.65764073550311,-95.50321160596964,0.0,0.288969331746271,-3.130951317548975e-07,-0.07884751642329056,-28.605728541035486,-21.76279572317217,0.0,1.6167289284711287e-05,6.200263520239697e-07,-9.954361633895274e-05,6.518660588406683,6.521859921377493,6.521885182872447,6.518639906694146,-6.51861543410046,8.56834736895445,0.0,2.566260767700784,1.9531013045058367,0.0
68.17942350286486,324.1877168994117,-136.44154806876426,1.5,0.2454760751361678,0.5772743486567476,0.18747391451182077,-0.7558765469944712,70.5058515028856,-97.10262493811592,0.0,0.2889699399056103,-2.8883044940800917e-07,-0.0788385136992997,-29.08480145812417,-21.118263840235883,0.0,1.2050473365920837e-05,-2.0316766831689566e-06,0.0002599001023999404,6.518619210772934,6.521900756158193,6.521842486626039,6.518680895134247,-6.325563634575201,8.711867558585183,0.0,2.6093601071202057,1.8951576869576963,0.0
68.25401805811964,329.36571634641416,-143.74302476873123,1.5,0.2370166185808966,0.5793327216601689,0.18101305483747449,-0.7585716802706944,68.3188660880271,-98.65356440850672,0.0,0.28897095421498986,-4.91775071505875e-07,-0.07884246399394718,-29.54935555597535,-20.46318738475666,0.0,1.4483391891919506e-05,-8.494464984412131e-07,-0.00026331241135132516,6.5186785530499,6.521839697022783,6.521902515169591,6.5186198423915185,-6.129358257312308,8.851053517663981,0.0,2.6510054945847017,1.8364592159282853,0.0
68.32861261337442,334.37929974554885,-151.15836101957373,1.5,0.22852724204070848,0.5813187204301588,0.17452981640876808,-0.7611722460173074,66.0977762095486,-100.15525558458025,0.0,0.28897196255701435,-4.6435105359856044e-07,-0.07884625844316673,-29.99915895433477,-19.79789276417442,0.0,1.0934882600444807e-05,-3.597095635094406e-07,0.00019721458066615941,6.518624712836792,6.521892367838679,6.521848408385265,6.518671775497583,-5.930089797707023,8.985821900157243,0.0,2.691532116219902,1.7767081757836114,0.0
68.4032071686292,339.22596433872354,-158.68385504477368,1.5,0.22000958338031829,0.5832322311303925,0.16802456841286129,-0.7636777410669733,63.84369062321814,-101.60694860192025,0.0,0.2889729809606743,-6.640569500184118e-07,-0.07883551390704618,-30.433986694892987,-19.12271206977219,0.0,1.333323447561928e-05,-4.229941214270096e-06,-0.00018750263451020987,6.5186684035668,6.521846302598795,6.5218914654451865,6.518627026735777,-5.727855816607398,9.116107108775536,0.0,2.7306155528102463,1.7162633742240905,0.0
68.47780172388397,343.90329069393005,-166.31575006025568,1.5,0.21146427328249065,0.5850729170700478,0.16149844688927906,-0.7660879809059816,61.5577345806072,-103.00791854021715,0.0,0.2889741202136669,-7.136292581092328e-07,-0.07885013131692163,-30.85362164368779,-18.437981998469475,0.0,1.4939245993214082e-05,4.7044880885049906e-07,-4.943895738976605e-06,6.518645379837431,6.521866682617561,6.521869944202721,6.518646359624609,-5.5227654695832396,9.241843628508573,0.0,2.768200099939938,1.6548439160627246,0.0
68.55239627913875,348.4089439136104,-174.05023614827735,1.5,0.20289253646632338,0.5868405840026854,0.15495214345809594,-0.7684026163746389,59.241049243693695,-104.35746578270533,0.0,0.2889752285256035,-8.44373331471973e-07,-0.07883618189492558,-31.257854000210116,-17.74404417323093,0.0,1.6823153375021984e-05,-3.181038792917649e-06,0.0001786623151706191,6.518623168720131,6.521885768050098,6.521846926852212,6.518666787052375,-5.314904591989154,9.362971728201527,0.0,2.8044131764145996,1.5926113084230884,0.0
68.62699083439352,352.74067480180014,-181.88345215803255,1.5,0.19429560854545647,0.5885350435690037,0.14838634344770812,-0.7706213156079972,56.89479115033445,-105.65491636126175,0.0,0.28897643558960345,-1.0741251361887826e-06,-0.07884767011120472,-31.64648186245697,-17.04124473916368,0.0,1.152501771630164e-05,-2.3544605652521986e-06,-0.00023416072668766688,6.518669222608687,6.521837154930339,6.5218928338820135,6.518616827378864,-5.104392433158093,9.479427086459207,0.0,2.839721693709379,1.5295463781229457,0.0
68.7015853896483,356.8963209888075,-189.81148763182568,1.5,0.18567410864645642,0.5901559930152277,0.14180221586639746,-0.7727439167421082,54.52013162680413,-106.89962230446643,0.0,0.28897778435089977,-1.0915416129054609e-06,-0.07884412958138466,-32.01931035421114,-16.329934446312116,0.0,2.10133476321899e-05,-1.1354831586190797e-06,0.0002742542385849188,6.518607889486971,6.521893191075138,6.52183288554251,6.518674162833739,-4.891330803313381,9.591155024841276,0.0,2.8727544767690856,1.4658866991989747,0.0
68.77617994490308,360.87380801293494,-197.83038475629658,1.5,0.17702972533343314,0.591703347816998,0.13520010305768174,-0.7747700024289262,52.11825618604019,-108.0909619506954,0.0,0.28897908018209173,-1.3957684118870867e-06,-0.07884059195415988,-32.37615384002433,-15.610468007875784,0.0,1.8205328467055773e-05,-3.478745039986779e-06,-0.0002678951340976192,6.518668651704349,6.521828380385292,6.521892792523985,6.518609419935048,-4.6758180707321,9.698095571700069,0.0,2.905022292471665,1.4013153534491145,0.0
68.85077450015785,364.6711503561263,-205.93614033655686,1.5,0.1683629194292913,0.5931767998133674,0.12858130439823595,-0.7766994654843445,49.69036395718341,-109.22834026559876,0.0,0.2889804151772062,-1.5179695288990333e-06,-0.07885133352786705,-32.71683320364201,-14.883204526766908,0.0,1.9908869518053553e-05,-3.9899485465162216e-07,0.00011306928147018316,6.518621551842212,6.521870084802243,6.521846824357709,6.5186504772199445,-4.457963853926623,9.8001974477834,0.0,2.9356005679940584,1.336109114698522,0.0
68.92536905541263,368.2864524388313,-214.1247077939754,1.5,0.159675218689734,0.5945762430374351,0.12194629927447447,-0.7785319619932985,47.2376670953782,-110.31118914091324,0.0,0.28898199148834786,-1.722179996867552e-06,-0.07883619571104254,-33.041178284500305,-14.148506817899294,0.0,7.743463033198948e-06,-8.750705951717676e-06,-4.961052139766627e-05,6.518639150418267,6.521848359697172,6.521860922570838,6.5186288161282615,-4.237883949989496,9.897410009562883,0.0,2.9648376747243175,1.2702094414436709,0.0
68.99996361066741,371.7179095678494,-222.39199918501012,1.5,0.15096754380046404,0.5959014724163454,0.115296038732887,-0.7802672999321394,44.76139016148726,-111.33896767161924,0.0,0.288983347633956,-1.9662232361070606e-06,-0.07885221898597294,-33.349026537327966,-13.406741463207739,0.0,1.8994534060216167e-05,3.967670498305846e-07,-0.00012641405420824161,6.518642898610026,6.521836347610495,6.521868228243398,6.518616434294882,-4.015685914889443,9.989680099126193,0.0,2.9923359642291576,1.2035493511370015,0.0
69.07455816592217,374.96380883942516,-230.73388724127562,1.5,0.14224081635675515,0.597152299394955,0.10863147706000209,-0.781905290736189,42.26276950426422,-112.31116244955611,0.0,0.2889849734605999,-2.204129555872508e-06,-0.07884225408129872,-33.64022421066562,-12.658278827942226,0.0,2.1718299761323922e-05,-4.486190236748197e-06,0.0002583905627181717,6.518595133508307,6.521876303897832,6.521819771313808,6.518657858107126,-3.7914626301543484,10.076975012870852,0.0,3.018733764288589,1.1365680125203914,0.0
69.14915272117695,378.0225299963931,-239.14620742958203,1.5,0.13349657344870894,0.598328628368561,0.10195309926329052,-0.783445647701651,39.74305268858373,-113.22728778585748,0.0,0.28898654980068283,-2.5347982718691126e-06,-0.07884687992512657,-33.91462514880786,-11.903492188601595,0.0,1.979577766228454e-05,-5.096578383784788e-06,-0.00028025987440499875,6.51865317276452,6.521810159514265,6.521877662680195,6.518591325219235,-3.5653572827641553,10.159230163729195,0.0,3.0436795610942196,1.0688493722062669,0.0
69.22374727643172,380.89254624064495,-247.62476002918717,1.5,0.12473528716518334,0.5994302272215871,0.09526221224387173,-0.7848882861575266,37.20349783151442,-114.08688598352732,0.0,0.2889881700687706,-2.7270090815091283e-06,-0.07885113729406543,-34.172091607306314,-11.142758373467341,0.0,2.5200338291047897e-05,-5.827355682828057e-07,0.0002133647741614206,6.518590682037628,6.521862412583429,6.521816768834127,6.518643514337989,-3.3374539046161162,10.236418467175918,0.0,3.0663113828288346,1.0006048517559432,0.0
69.2983418316865,383.5724249983378,-256.1653122287263,1.5,0.11595866438017607,0.6004570374022292,0.08855917608978493,-0.786232921416804,34.645372998796276,-114.88952755894249,0.0,0.2889897808112615,-3.121700194537708e-06,-0.07884089993397804,-34.41249531003932,-10.376457086565775,0.0,1.4714302778066462e-05,-6.426749800060549e-06,-0.0002180304862900714,6.518636611501947,6.521807562394671,6.521859992845193,6.518588412497308,-3.1078808247472156,10.30849386186766,0.0,3.0884327522236883,0.9315588681516446,0.0
69.37293638694128,386.06082863618695,-264.76360023903715,1.5,0.10716734631377871,0.6014088726644449,0.08184517349681415,-0.7874794570906727,32.069955550719996,-115.63481146695214,0.0,0.2889919049487482,-3.4072039797317817e-06,-0.07885454530634403,-34.635715176237625,-9.60497078025414,0.0,2.3557431146250495e-05,-2.6808293214944205e-06,-8.550748427000566e-06,6.5186054672194045,6.521825870708214,6.521831213477854,6.518606863489821,-2.8767548463038253,10.375439693155595,0.0,3.1084355317885497,0.8626342005953156,0.0
69.44753094219605,388.35651513300877,-273.4153314204634,1.5,0.09836259409234367,0.6022856327731364,0.07512091560834254,-0.7886277098077723,29.47853152185711,-116.32236525783128,0.0,0.2889933043604627,-3.734670965883474e-06,-0.07884214129753749,-34.8416393472641,-8.828684673894776,0.0,3.242816048172721e-05,-6.399396191986263e-06,0.00020107757802299294,6.518574761093432,6.521842523121287,6.521800748279127,6.518625791287334,-2.6441747481666455,10.437178849984306,0.0,3.1268835845432705,0.7932734723993958,0.0
69.52212549745083,390.45833870306865,-282.116186426315,1.5,0.08954567728062096,0.6030872210418464,0.06838710666915014,-0.7896775159125403,26.872395002147506,-116.95184535194785,0.0,0.2889952734463899,-4.194492848257041e-06,-0.0788534048156168,-35.030164299971155,-8.047986150064986,0.0,2.2330860333251995e-05,-2.077999930392302e-06,-0.00022871805202951794,6.51861743978013,6.521787111635153,6.521843097559725,6.518567863526892,-2.410274164853716,10.493725225294426,0.0,3.143786846706285,0.7227725446873612,0.0
69.5967200527056,392.3652503714971,-290.861821360205,1.5,0.08071723476681164,0.6038134962058875,0.061644941787312155,-0.7906287946712167,24.25284744072959,-117.52293714158344,0.0,0.2889971986145433,-4.500382401542171e-06,-0.07885028754057835,-35.201195831772736,-7.263265384488116,0.0,2.7646778774618526e-05,-6.7979813369734924e-06,0.0002647549967785748,6.518552806184985,6.521835582994133,6.521778445716381,6.5186178635211816,-2.1751567507882155,10.545029845071676,0.0,3.159666156193778,0.6526231460507108,0.0
69.67131460796038,394.07629849992685,-299.6478699441394,1.5,0.0718789897579241,0.6044644145837734,0.05489478018787244,-0.7914813613986128,21.621197044838603,-118.03535516745501,0.0,0.2889991144063112,-5.033805763836535e-06,-0.07884697481807271,-35.354647266709016,-6.474913730021374,0.0,2.630471500634339e-05,-6.927421025819503e-06,-0.00027130888213205696,6.518606313495516,6.52176525092025,6.521831636840908,6.518547479932162,-1.9389507177010767,10.591065390791535,0.0,3.1733697830777357,0.5817588202605879,0.0
69.74590916321516,395.5906292667377,-308.4699456982287,1.5,0.0630314197440703,0.6050398472384657,0.048137943393713634,-0.7922351682325928,18.978758106461157,-118.48884327406242,0.0,0.28900111449568516,-5.396835619183926e-06,-0.07885773080051446,-35.490441821995304,-5.68332516589212,0.0,2.662573362667527e-05,-4.527921280164654e-06,0.0001050015828969262,6.5185532009166085,6.521799780467685,6.521779374966913,6.518581257684915,-1.7017664382725326,10.631813683444886,0.0,3.1856924380151055,0.5107010881853842,0.0
69.82050371846994,396.90748709554117,-317.32364413182853,1.5,0.05417607988282171,0.6055397508539512,0.04137492796417413,-0.792890079292347,16.32685034487668,-118.88317473659578,0.0,0.2890031514402764,-5.820974331473158e-06,-0.07884332420915974,-35.60851095520011,-4.88889498232924,0.0,2.6015155411859394e-05,-1.8088179466761358e-05,-1.4726773914455391e-05,6.518558201229235,6.521774667350822,6.521781809840261,6.518558546746147,-1.463723749010839,10.6672511128962,0.0,3.196375994194313,0.43939408820588594,0.0
69.89509827372471,398.0262150361804,-326.2045449431903,1.5,0.045313910536267994,0.605964049568464,0.03460670197840783,-0.7934460260916788,13.666798254950708,-119.21815237764474,0.0,0.28900522735154655,-6.4675739028852664e-06,-0.07885907404739675,-35.708795140356926,-4.092019980166352,0.0,2.8948979814130612e-05,-6.068795829471213e-06,-0.00012136998097155783,6.518558146423666,6.5217523692383,6.5217845438280975,6.5185343040992185,-1.2249382634727146,10.69736174992202,0.0,3.20562503182958,0.367901484253035,0.0
69.96969282897949,398.946255096418,-335.1082142272291,1.5,0.03644585353466844,0.606312681708844,0.027834233218582603,-0.7939029457183624,10.999930459181002,-119.49360866109848,0.0,0.2890072828994178,-6.8694521080302005e-06,-0.07884986474820425,-35.79124343132064,-3.2930981551651004,0.0,2.8353990582869445e-05,-8.491456158027598e-06,0.00025171934329905137,6.518503563322074,6.521783187580722,6.521729184962906,6.518565738862756,-0.9855418254728232,10.722124545856742,0.0,3.2130272674131093,0.29611709907649475,0.0
70.04428738423425,399.6671485244752,-344.03020669018304,1.5,0.02757346583636732,0.6065856181069534,0.021058022322458552,-0.7942607579274219,8.32757901208546,-119.70940579125337,0.0,0.2890094611881304,-7.586861183187219e-06,-0.07885456292390666,-35.8558142472705,-2.4925287030696035,0.0,2.935216965568478e-05,-6.825964250760082e-06,-0.00027537484752215423,6.518551193638654,6.5217096326270365,6.521777416298926,6.518491881227123,-0.745633977287321,10.74153466423679,0.0,3.2188090124492854,0.22423555732205167,0.0
70.11888193948903,400.1885360409686,-352.96606787088643,1.5,0.018697234107396016,0.6067828038859552,0.014279387068993971,-0.7945194405739646,5.651078766060842,-119.86543577687131,0.0,0.2890116630542601,-8.048540871280404e-06,-0.0788589199623465,-35.90247476635468,-1.6907115821145031,0.0,2.9372055774927756e-05,-8.155316401459322e-06,0.00019895526081598183,6.518482560058646,6.52175047447978,6.521708805323242,6.518532716407151,-0.5053511662935766,10.75557668746343,0.0,3.223397885045887,0.15222690934715802,0.0
70.1934764947438,400.51015802204074,-361.91133636590916,1.5,0.009818879788226051,0.6069042250584421,0.007498704003477309,-0.7946789418653198,2.971766690058788,-119.96162048773861,0.0,0.2890138857489698,-8.766913387407222e-06,-0.07884862834959476,-35.931200647585094,-0.8880474579565577,0.0,3.0415921204653953e-05,-1.0841542774551678e-05,-0.00018933734516271198,6.518512660696727,6.521690193383959,6.521738285837052,6.518473366682874,-0.2648042665876653,10.764243493612609,0.0,3.2259633909248535,0.08014916400155164,0.0
70.26807104999858,400.6318546336571,-370.86154605896604,1.5,0.0009390557501324854,0.606949856930362,0.000717165653431456,-0.794739249703912,0.29098121791343495,-119.99791170011976,0.0,0.2890161263882736,-9.377353529851278e-06,-0.07886397328898671,-35.941977156604906,-0.08493745761846375,0.0,3.0104339101203397e-05,-6.818673945247522e-06,-1.2812307031690301e-05,6.518475560112011,6.5216950504456825,6.521702369114445,6.518476965408347,-0.024118393856773154,10.767529962539378,0.0,3.2270153562759023,0.007979899913834146,0.0
70.34266560525336,400.5535659143846,-379.81222835298155,1.5,0.007940964814607755,-0.6069196940217616,0.006064506983869943,0.794700350976006,-2.3899384439258027,-119.97429112760051,0.0,0.2890183644429842,-1.0035919341283595e-05,-0.0788505841862922,-35.934798178680495,0.7182169319998312,0.0,2.889595438309597e-05,-1.1122807960485206e-05,0.00016049224952297168,6.518438875661382,6.521697228361192,6.521664390105357,6.518480110751534,0.2165911576210386,10.765433147008347,0.0,3.2264541616183275,-0.06423431165301681,0.0
70.41726016050814,400.2753318092828,-388.7589144031964,1.5,0.016819897447001148,-0.6068137345659288,0.012845607420892764,0.7945622524145047,-5.069652962672994,-119.89077041798113,0.0,0.28902076593415027,-1.0851835052071881e-05,-0.0788622854020054,-35.909666635260336,1.5210145123043437,0.0,3.216069549552551e-05,-9.712154885484788e-06,-0.00021940766551316928,6.518463537701145,6.5216349257377475,6.521690227513555,6.518417574400611,0.4572011952028122,10.75795964505495,0.0,3.2245054533924296,-0.13626462765822675,0.0
70.49185471576291,399.79729215362664,-397.6971373515096,1.5,0.025697096110660355,-0.6066319953530174,0.019624933502659567,0.7943249608633186,-7.7468235574753805,-119.74739117711394,0.0,0.28902312274669306,-1.1474037080079457e-05,-0.07885956149922747,-35.86659419823029,2.3230537205382986,0.0,3.147161023553687e-05,-9.464850635121228e-06,0.00025255167887969427,6.518389221952537,6.521669473606272,6.52161577117073,6.518452081830375,0.697589185757052,10.745104952105482,0.0,3.220507492067523,-0.20836184644098327,0.0
70.56644927101769,399.11968660737523,-406.62243455895486,1.5,0.03457083891517515,-0.6063744842801119,0.026402108208240727,0.7939885204415047,-10.420112673364683,-119.5442249296423,0.0,0.2890255040000965,-1.2381785481289355e-05,-0.07885646200620491,-35.805602110571215,3.1239335493689016,0.0,3.2101103792752716e-05,-1.1788722341122746e-05,-0.00027523645419337566,6.518429018255442,6.521587043869511,6.52165523783745,6.518370180013803,0.9376394354394373,10.726877360708398,0.0,3.2152517193137915,-0.2803335852963314,0.0
70.64104382627247,398.2428545381088,-415.53034983731186,1.5,0.043440636814534875,-0.6060412469022027,0.033175815227891536,0.793552949342598,-13.088184643475367,-119.28137309504599,0.0,0.2890279164011479,-1.3144821038088054e-05,-0.07886756063584702,-35.726719790516455,3.9232535794895633,0.0,3.237586329605035e-05,-8.831578088213118e-06,0.00010147804695905328,6.518362347545917,6.521608206035433,6.521589513274575,6.518390490806784,1.1772344615457329,10.703285110218456,0.0,3.2082169643443605,-0.35217520247729445,0.0
70.71563838152724,397.1672348563503,-424.4164356773582,1.5,0.05230493125105813,-0.6056323072563897,0.03994555410679425,0.7930183196378412,-15.749706347500961,-118.95896694144973,0.0,0.28903052900908877,-1.3992313715770186e-05,-0.07885285287628876,-35.6299862394999,4.7206140743507605,0.0,1.4325356671102291e-05,-1.777383626435213e-05,-8.129060025368218e-05,6.518361412803773,6.521563257245768,6.521584198561365,6.518344835380841,1.4162442348510027,10.674340442627093,0.0,3.199729469559525,-0.4238545539367232,0.0
70.79023293678202,395.89336579942756,-433.27625547308577,1.5,0.06116278119041819,-0.6051477183054642,0.04671035351869759,0.7923846894664875,-18.40334789732972,-118.57716752290388,0.0,0.2890328211491514,-1.4914921064468914e-05,-0.07886954078255835,-35.51544890500437,5.515616168107214,0.0,3.303216413671752e-05,-9.057076091821945e-06,-0.00012924255211269826,6.5183388485114016,6.521531567540219,6.521566230556577,6.518313861119144,1.6545526696637367,10.640056669917456,0.0,3.189375162640558,-0.4953037974799674,0.0
70.8648274920368,394.4218846661671,-442.1053857407899,1.5,0.07001324543356281,-0.6045875496640303,0.05346924357793564,0.7916521207236844,-21.047783305088384,-118.13616560028666,0.0,0.2890353083878171,-1.5817096891879314e-05,-0.07886043283868656,-35.38316472845824,6.30786221753496,0.0,3.342538986553888e-05,-1.3585759073625351e-05,0.0002480847006558939,6.518268381939886,6.521547191484162,6.521494844633515,6.518330535720361,1.8920556490735863,10.600448005767351,0.0,3.1777649757873805,-0.5665647869327106,0.0
70.93942204729157,392.75352750185164,-450.8994183318918,1.5,0.07885477176124017,-0.6039518374533825,0.060221720663970475,0.7908207428788376,-23.681691106675533,-117.63618155824618,0.0,0.2890377455650553,-1.6865160856210332e-05,-0.07886579312039081,-35.23319881385863,7.096955697313967,0.0,3.8851914466728955e-05,-1.4603601122885083e-05,-0.00026158683344522024,6.518297640476367,6.521458935856375,6.521524984641435,6.518242956876811,2.12860728485664,10.555535238883149,0.0,3.1646931646190977,-0.6373825858712615,0.0
71.01401660254633,390.88912873470343,-459.65396263873396,1.5,0.08768686031712171,-0.6032407003936606,0.06696648859343274,0.789890600856699,-26.30375506797363,-117.07746528652768,0.0,0.2890403832405703,-1.7795875665435512e-05,-0.07887009915229967,-35.06562518461316,7.882502174109615,0.0,2.6969825247488715e-05,-1.0664694472537965e-05,0.00016969818692877902,6.5182173997599,6.5214789849320685,6.521443836414947,6.5182605734829515,2.364115180821901,10.505344801113962,0.0,3.1491635256391186,-0.708380016646039,0.0
71.08861115780111,388.82962076314897,-468.3646477905394,1.5,0.09650782034862382,-0.6024541808642364,0.07370314168062019,0.7888618684390609,-28.912664816702147,-116.46029606483035,0.0,0.28904295626329385,-1.89154726240581e-05,-0.07886001274041826,-34.880527848272855,8.664107931167418,0.0,4.03921755826883e-05,-1.582549166155705e-05,-0.00017206465885578345,6.518223737617543,6.521405340992312,6.521450971492118,6.5181899536594665,2.59844276330563,10.44989508864771,0.0,3.1329543217985214,-0.7782414626728807,0.0
71.16320571305589,386.5760334911529,-477.0271248418962,1.5,0.10531698759930995,-0.6015924089378721,0.0804305132230511,0.7877346242066624,-31.50711652873252,-115.784982430224,0.0,0.28904523847838093,-2.000253376053863e-05,-0.07887660910983094,-34.67799802968998,9.44138211773625,0.0,3.43107161611141e-05,-1.2566868331810116e-05,-1.588587134079528e-05,6.518170923659804,6.52138973299715,6.521398474360446,6.518172333082531,2.8314831342619255,10.389201862487488,0.0,3.114898904752165,-0.8484302663852407,0.0
71.23780026831066,384.1294938183081,-485.63706894968647,1.5,0.11411309999369748,-0.6006554761187998,0.08714788422490212,0.7865090245467304,-34.08581354078557,-115.05186204816265,0.0,0.2890480347614738,-2.106979151577835e-05,-0.07886252845000213,-34.45813655817559,10.213935513566234,0.0,2.696407953609426e-05,-1.826233619558556e-05,0.00013573918863867942,6.518117998642439,6.521370448526445,6.521343172383096,6.518153371355435,3.0631127406265373,10.323327679970477,0.0,3.095273703637728,-0.9182496080168167,0.0
71.31239482356544,381.49122507975295,-494.19018153745634,1.5,0.12289488916543853,-0.599643475515827,0.09385454761967185,0.7851852471738254,-36.647467029495814,-114.26130147610199,0.0,0.28905060627511925,-2.2342082552050344e-05,-0.07887487140457522,-34.22105269396492,10.981381440756136,0.0,3.762066868623366e-05,-1.4420520116535186e-05,-0.00021582504475956715,6.518118584005319,6.521290980230572,6.521346355592888,6.518074347808565,3.293221538713407,10.252274586734135,0.0,3.0740241676953057,-0.9868838087294088,0.0
71.38698937882022,378.6625464376223,-502.68219244738754,1.5,0.13166170830888196,-0.5985565837970839,0.1005493219396454,0.7837633854779317,-39.1907966490234,-113.41369606566919,0.0,0.28905316017361665,-2.3452840467649153e-05,-0.07887262844628806,-33.96686449541538,11.743335632844035,0.0,3.266029446950096e-05,-1.6845817421321202e-05,0.00024110906829867803,6.518025607607785,6.5213030439773805,6.5212522838856755,6.518086128624575,3.521691060022653,10.176086340155607,0.0,3.0513351730918776,-1.0556861254035625,0.0
71.461583934075,375.6448722248258,-511.108862078669,1.5,0.140411863459962,-0.5973948586547299,0.10723182423032707,0.7822437135093083,-41.714531169954235,-112.509469728981,0.0,0.2890557535475786,-2.4862890452055038e-05,-0.07886988092220412,-33.69569835261011,12.499416186809778,0.0,3.483843488426502e-05,-1.8367331440626665e-05,-0.0002795985013386741,6.518042638049586,6.521199612571415,6.521269339519007,6.517983319535072,3.7484098677687894,10.094801414320832,0.0,3.0270553987062816,-1.1236676052414765,0.0
71.53617848932977,372.43971124137204,-519.4659835117008,1.5,0.14914486558929377,-0.59615852192928,0.11390076272017897,0.7806263139628392,-44.21740911756127,-111.54907474063099,0.0,0.2890584295172342,-2.6016260533653827e-05,-0.0788810565978559,-33.40768962036925,13.249244774674654,0.0,3.303639294852077e-05,-1.754322745472444e-05,9.023415284545795e-05,6.517954498406594,6.521197422169742,6.521181561178674,6.517980283947658,3.9732499302777398,10.008467137559464,0.0,3.0014287592702797,-1.1913152173403294,0.0
71.61077304458455,369.0486660017285,-527.7493846139246,1.5,0.15785918495075826,-0.5948476633995725,0.12055563599332032,0.7789114671803192,-46.698179425899085,-110.53299149591925,0.0,0.289061149403362,-2.736748042612742e-05,-0.07886694134394279,-33.1029814003997,13.992445402100705,0.0,2.0685965911871855e-05,-2.8085765882423833e-05,-7.05126309745593e-05,6.5179272312786924,6.521131022008315,6.521150524833613,6.517914189812822,4.196121904196379,9.917109521968786,0.0,2.9739466008335156,-1.2580938296963777,0.0
71.68536759983932,365.4734319375989,-535.9549301308724,1.5,0.1665538885754084,-0.5934624650475834,0.12719549704375074,0.7770993567825479,-49.15560201622571,-109.46172830660991,0.0,0.2890634401452339,-2.8877750246656726e-05,-0.07888451649180937,-32.781725847558434,14.728646025297666,0.0,2.7976157776162606e-05,-1.7350316458963745e-05,-0.0001591382235317305,6.517885669641544,6.521071270550423,6.521112273340889,6.517853224021199,4.41689582555786,9.820779180463383,0.0,2.945088233369226,-1.3246604535942512,0.0
71.7599621550941,361.71579655225526,-544.0785237580934,1.5,0.17522806551428838,-0.5920031279529643,0.13381937411827208,0.7751901680624055,-51.588448479085194,-108.33582114783783,0.0,0.28906638470107004,-3.0208546237496525e-05,-0.0788745564797472,-32.444083220025625,15.457477225152154,0.0,3.445765391963057e-05,-2.078403509014187e-05,0.00024125657682864325,6.517786758782857,6.52106389857312,6.521013433989225,6.517847643388319,4.635470583284339,9.719546039766401,0.0,2.9148551186288563,-1.3900604476688736,0.0
71.83455671034888,357.77763852876626,-552.1161101944899,1.5,0.1838801745066691,-0.5904697509361475,0.140426797583381,0.7731842401221568,-53.995502647878816,-107.15583334502868,0.0,0.2890688135511424,-3.1829875265046275e-05,-0.07888067708533357,-32.09022184546502,16.178574265867027,0.0,3.603579934638921e-05,-2.1003082133900994e-05,-0.0002809508547714496,6.51779148697101,6.520948363682211,6.521018649801818,6.517732103465388,4.851727492062994,9.613422230571905,0.0,2.883259331631345,-1.4550294836740403,0.0
71.90915126560365,353.66092679303125,-560.063677172936,1.5,0.19250974671876325,-0.5888626312221826,0.14701646946271116,0.7710816796391191,-56.375561232282166,-105.92235535281914,0.0,0.2890714240562804,-3.3271917145007896e-05,-0.07888572985535874,-31.72031817365357,16.891575321616,0.0,3.262683416672153e-05,-1.8768302447028946e-05,0.00018208910798266832,6.517679992660439,6.520944276476144,6.520907241229598,6.517726998540705,5.0655671333643095,9.50248433496891,0.0,2.8497750794758088,-1.5192653038786783,0.0
71.98374582085842,349.3677195316383,-567.917257473283,1.5,0.20111510848108852,-0.5871818575794423,0.15358801942570133,0.7688828906661184,-58.72743441190528,-104.63600443912127,0.0,0.2890740300457255,-3.49482329154762e-05,-0.07887609818259268,-31.33455728753862,17.596123073258198,0.0,3.50029361954443e-05,-2.376577353159439e-05,-0.0001986540622743745,6.517663503760842,6.520838852336897,6.520890035584032,6.517623000517748,5.27687485028479,9.386783340707552,0.0,2.8153355673311222,-1.5827520044745818,0.0
72.0583403761132,344.90016316321794,-575.6729309108567,1.5,0.20969562381407644,-0.5854277198880414,0.1601402907856034,0.7665880363056918,-61.04994645040694,-103.2974243824475,0.0,0.289076600942228,-3.655475570253711e-05,-0.0788921022276818,-30.933131545043057,18.291864148927246,0.0,3.438966669586155e-05,-2.0242292154346024e-05,-2.1440851671873767e-05,6.517578825761617,6.520796250938274,6.520806470102831,6.517579149148529,5.485546628809714,9.266374026166691,0.0,2.7792820195826358,-1.6454767814032594,0.0
72.13293493136797,340.2604912671285,-583.3268263022366,1.5,0.21825005935159886,-0.583600403814323,0.16667258575898997,0.7641974413835699,-63.34193626982228,-101.90728515432454,0.0,0.28907915196391404,-3.822233672329936e-05,-0.0788793262909328,-30.516241559244147,18.97844959145279,0.0,3.3228957514342616e-05,-2.5174643069262923e-05,0.00015386639422725594,6.517492615444387,6.520749304755986,6.52071892278938,6.517533248736706,5.691478710032497,9.14131596439503,0.0,2.741831018407872,-1.7074111423028828,0.0
72.20752948662275,335.451023467627,-590.8751234067738,1.5,0.22677718350109008,-0.5817000971234193,0.1731842118313108,0.7617114511560694,-65.6022580403057,-100.46628258563122,0.0,0.2890817545096949,-4.004182468497745e-05,-0.07889184694261406,-30.084095584017184,19.655535025349298,0.0,3.7315482135597625e-05,-2.0660741433460602e-05,-0.00022018482127972826,6.517465157058416,6.52063670612627,6.520693241960483,6.5174200691290105,5.894564656925438,9.011676036462244,0.0,2.702849436584714,-1.7681633101299656,0.0
72.28212404187752,330.4741642746958,-598.314054843068,1.5,0.2352763625864187,-0.5797271324023965,0.17967402609893512,0.7591302454190568,-67.82978176981476,-98.97513801589831,0.0,0.28908428091673205,-4.175470567918202e-05,-0.07888992040243493,-29.636909932303034,20.322781115244346,0.0,3.2813423522589394e-05,-2.581011622827157e-05,0.00023917262131703908,6.517340025999387,6.520616801824307,6.52056671450683,6.517400326045646,6.09470760612819,8.87750954032154,0.0,2.662977797295916,-1.8287410558410524,0.0
72.3567185971323,325.3324018814028,-605.6399079779187,1.5,0.24374595823560977,-0.5776816185634164,0.18614164996158045,0.7564543221948938,-70.02339385530273,-97.43459795388038,0.0,0.28908679897771633,-4.370543180022447e-05,-0.07888757246653885,-29.174907816459637,20.979852373065242,0.0,3.360123456888787e-05,-2.623553840678155e-05,-0.0002848287654404688,6.517324347306954,6.520480071673675,6.520551040915641,6.517263857118767,6.291796914849194,8.738892528356608,0.0,2.621299128146264,-1.8878511348605038,0.0
72.43131315238708,320.02830692093676,-612.8490267908759,1.5,0.25218549519646577,-0.5755639483791531,0.1925858325598759,0.7536838292254467,-72.1819976525708,-95.84543369061879,0.0,0.2890892984609603,-4.552571188775437e-05,-0.07889940984239913,-28.698320538233087,21.626419536675957,0.0,3.307456861144043e-05,-2.4027539892823907e-05,9.053736597797131e-05,6.517201183062607,6.5204443544782595,6.520428646668972,6.517227261729974,6.485741641612659,8.59588784429359,0.0,2.5784392694047056,-1.9461815148051167,0.0
72.50590770764185,314.5645311800342,-619.9378137079094,1.5,0.26059349099461215,-0.5733742779548343,0.19900609218356177,0.7508192492902943,-74.30451403371538,-94.20844091785737,0.0,0.2890919814548372,-4.748494969218144e-05,-0.07888537688030645,-28.207386501399526,22.2621579823006,0.0,8.894993046274904e-06,-3.269747837499117e-05,-0.00011213150917717974,6.5171442427773805,6.5203388745546285,6.520366538744449,6.517120153963016,6.676440726692722,8.448568747745732,0.0,2.5342910650695534,-2.0035309942604207,0.0
72.58050226289663,308.9438062722364,-626.9027314074376,1.5,0.26896905613720157,-0.5711129188513814,0.20540149854930964,0.747860886231802,-76.38988193591327,-92.5244393429386,0.0,0.2890944363591725,-4.958385174841279e-05,-0.07890216742108762,-27.70235151300183,22.886748462353676,0.0,4.116726740537535e-05,-2.6622077524898997e-05,-0.00010778711928269703,6.517054217180212,6.52025142455411,6.520282673714478,6.5170357184394225,6.863805805571537,8.297011916904669,0.0,2.489155594885383,-2.059725215378329,0.0
72.6550968181514,303.168942271265,-633.7403045959016,1.5,0.2773112817968496,-0.5687801863872987,0.21177115359608073,0.7448090567830141,-78.43705885459211,-90.79427225391478,0.0,0.28909648307752583,-5.153419086273837e-05,-0.07889524430249738,-27.183467874463467,23.499877694876304,0.0,3.341558780064195e-05,-2.9102586386628707e-05,0.00024135426151538006,6.516924663332975,6.520201830788364,6.52015143432012,6.516985661139326,7.047713417497521,8.141278313187058,0.0,2.442196141684843,-2.115193787039933,0.0
72.72969137340618,297.2428263050263,-640.4471217523347,1.5,0.28561872395803495,-0.5663762606674565,0.21811455331893814,0.7416642889524973,-80.44502145476939,-89.0188061471291,0.0,0.2890990656624652,-5.3800178377668e-05,-0.0789004316832781,-26.650996111088304,24.101237402049918,0.0,2.9159631655797637e-05,-2.937096014193523e-05,-0.00030025823538043793,6.51689351457952,6.520045897481898,6.52011991195201,6.51682894832566,7.228111722800924,7.981467038517049,0.0,2.3942203680751515,-2.1696271226025154,0.0
72.80428592866096,291.1684211079735,-647.0198368422599,1.5,0.2938909157327238,-0.563901602934626,0.22443047023814658,0.7384267572929795,-82.41276600892922,-87.19893025086526,0.0,0.28910135491331246,-5.58813452599082e-05,-0.07890619119927922,-26.105202482331016,24.690525561621236,0.0,3.449166159040537e-05,-2.7918797223708892e-05,0.00019559704785199813,6.516737972650458,6.520005250084322,6.519965613742659,6.516788611869393,7.404882859901766,7.817639678112027,0.0,2.3451091984799417,-2.222556107021816,0.0
72.87888048391574,284.9487635388747,-653.4551709982125,1.5,0.3021262435234071,-0.5613563463866474,0.230718559164691,0.7350970900519456,-84.33930894043218,-85.3355561063412,0.0,0.28910369521814816,-5.8211681452514265e-05,-0.07889697782964689,-25.54636046869291,25.267446584721384,0.0,3.066713643350364e-05,-3.2218796122811456e-05,-0.0002059915452979597,6.516683415268689,6.519857059723019,6.519909582730971,6.516640865255784,7.57794386716454,7.649889788084966,0.0,2.294724837337135,-2.2747619005397146,0.0
72.95347503917051,278.58696305906454,-659.7499141658101,1.5,0.3103241076706878,-0.5587409388197186,0.23697769859750267,0.7316755304454851,-86.22368731713405,-83.42961709672934,0.0,0.2891059755628876,-6.050258556305162e-05,-0.0789133548583517,-24.974750131345413,25.83171027981586,0.0,3.0299136453764153e-05,-2.9209212434564576e-05,-2.6692314066920326e-05,6.516556480058855,6.519772621908956,6.5197837418295705,6.51655528044995,7.747209188528744,7.478293324358586,0.0,2.2432735312860554,-2.325747523149811,0.0
73.02806959442528,272.0862001743774,-665.9009267171148,1.5,0.31848332500126514,-0.5560556562704597,0.2432072254475803,0.7281625672305991,-88.06495933375304,-81.48206800148745,0.0,0.2891082030574208,-6.282083984108518e-05,-0.07890100301322238,-24.390657970040902,26.383033241524092,0.0,2.9597556756628906e-05,-3.4550252755284096e-05,0.00015150139559287398,6.516426711749059,6.519682739727757,6.519652664566772,6.516466560309168,7.91258743573203,7.302942238046303,0.0,2.190679531493777,-2.3755810574643186,0.0
73.10266414968005,265.44972484102453,-671.9051410281687,1.5,0.3266027200233052,-0.5533007774684647,0.24940647796126877,0.7245587082335884,-89.86220479548133,-79.49388450305402,0.0,0.28911036201288703,-6.534724412643559e-05,-0.07891424665385204,-23.794376652004896,26.921138368603142,0.0,2.2223219756878785e-05,-3.0529657500849846e-05,-0.000262575040371474,6.516360273522902,6.519521879573788,6.519586345937406,6.5163035514063985,8.073999688926444,7.123918230555496,0.0,2.13659434340168,-2.424181438036148,0.0
73.17725870493483,258.6808548362918,-677.759563020193,1.5,0.33468170353206084,-0.5504767948256573,0.255574346281252,0.7208642099606969,-91.61452559355061,-77.46606270618543,0.0,0.2891125968254233,-6.773144479656052e-05,-0.07891239699239372,-23.18620577931957,27.445755223097656,0.0,3.362021626659087e-05,-3.458689633921224e-05,0.00025586183383040974,6.516181453083029,6.519462073946678,6.519408539400679,6.5162460086142335,8.231367278297087,6.94131531064908,0.0,2.082307347780631,-2.4715030416788686,0.0
73.2518532601896,251.78297409373346,-683.4612736649062,1.5,0.3427186894395513,-0.5475838510528408,0.26171050607710955,0.7170797981981085,-93.32104613379016,-75.39961864028537,0.0,0.2891146461598185,-7.039938953747046e-05,-0.07891066444596868,-22.566449546717045,27.956620151733308,0.0,2.7682965948451824e-05,-3.576217180780046e-05,-0.0002905433051193505,6.516121981995652,6.519276295188409,6.5193480442387655,6.516059634136003,8.384599166949307,6.75522287713492,0.0,2.02620148039053,-2.517698399848744,0.0
73.32644781544438,244.75953100794467,-689.0074304513173,1.5,0.3507132480711598,-0.544622516556613,0.267813739553899,0.7132056736966382,-94.98091380041811,-73.29558774753424,0.0,0.28911658729939416,-7.294819312563199e-05,-0.0789233133423217,-21.93541946768691,28.45347618594085,0.0,2.8583462431605965e-05,-3.344897409355377e-05,9.102594203579803e-05,6.51594981007779,6.5191930436889125,6.5191768942213075,6.5159756725834805,8.533625215614776,6.565729486463079,0.0,1.9693233686584142,-2.562539886736888,0.0
73.40104237069916,237.61403670291898,-694.3952688153458,1.5,0.3586639650673482,-0.5415930058718726,0.2738836012458653,0.7092425178466345,-96.59329939342639,-71.15502437513507,0.0,0.2891187582610012,-7.558392032626597e-05,-0.07890984499351547,-21.29343199999938,28.93607371860045,0.0,8.290766291608787e-06,-4.6968858172110585e-05,-9.568597422269431e-05,6.515841646993446,6.519039354781985,6.519063452133611,6.515821581587788,8.67837025640105,6.372940852213023,0.0,1.9113763249503402,-2.606216561626794,0.0
73.47563692595394,230.35006327046133,-699.6221035292856,1.5,0.36657000062908185,-0.5384957540103734,0.27991920736202847,0.7051907507202629,-98.15739754336109,-68.97900122746091,0.0,0.2891206480271775,-7.846733738859225e-05,-0.07892723454067237,-20.6408095455131,29.404169930837213,0.0,3.021770892094916e-05,-3.670296992589594e-05,-0.00012753127498838776,6.515705485480527,6.518898028279181,6.518932607854905,6.515681204467845,8.818764321155198,6.176944521261676,0.0,1.8527336650901751,-2.648548644478769,0.0
73.55023148120871,222.97124197745754,-704.685330052223,1.5,0.37443050148138207,-0.5353311983321006,0.28591970140248263,0.7010508055787633,-99.6724270963142,-66.76860885108503,0.0,0.2891222711325506,-8.114749963125125e-05,-0.07892031252274265,-19.977879330640004,29.857529430858147,0.0,2.4938552550800217e-05,-3.91892141422464e-05,0.00023168272786011136,6.515522539788052,6.518797361606984,6.5187483288946595,6.5155804375655615,8.954712854340286,5.9778439574220785,0.0,1.7926811351732965,-2.6894922619246695,0.0
73.62482603646349,215.48126144332602,-709.5824258401041,1.5,0.3822440950326395,-0.5320995774312677,0.29188462225811224,0.6968234057488195,-101.13763157262701,-64.52495507322203,0.0,0.2891242480824672,-8.41954735295245e-05,-0.07892602779133714,-19.304974664064776,30.295924240984533,0.0,1.640666347795147e-05,-3.848844568861169e-05,-0.0003231729447329673,6.51543974563818,6.51858687869662,6.518664717096266,6.5153684272941526,9.086184487592053,5.775734562530835,0.0,1.731643815086287,-2.7292026363232758,0.0
73.69942059171827,207.8838657864569,-714.3109516140111,1.5,0.3900103576730551,-0.5288015266134112,0.29781279221687545,0.6925087776707597,-102.55227949704552,-62.24916445181015,0.0,0.28912581472835147,-8.701509755436929e-05,-0.07893262414772863,-18.62243384962701,30.719133694294758,0.0,3.206210780266313e-05,-3.984254510484371e-05,0.0002113643014799733,6.515224497135768,6.518495080646932,6.518451809864948,6.515278779108364,9.21307770726256,5.570718286346183,0.0,1.6706704592164905,-2.7673312251726916,0.0
73.77401514697304,200.18285274326738,-718.8685525877778,1.5,0.39772775683825856,-0.5254372107201517,0.3037039084643425,0.6881077713661692,-103.91566479987186,-59.94237771178135,0.0,0.2891274387242282,-9.013357166848958e-05,-0.07892412610379264,-17.930598842614476,31.126945178055816,0.0,1.5820248170430218e-05,-4.3054786486602364e-05,-0.0002334327115760897,6.5151196009425,6.518286755363082,6.518343867802283,6.5150689752071775,9.335346525108308,5.362901243009085,0.0,1.6076267575756182,-2.8043886648315435,0.0
73.84860970222782,192.38207176222792,-723.2529596520294,1.5,0.4053957401976925,-0.522007233405821,0.30955690498390204,0.6836207023476931,-105.22710715322003,-57.60575117105494,0.0,0.2891292505562027,-9.319078851405389e-05,-0.07894014564529808,-17.229817969348087,31.519153334826232,0.0,2.040733091953516e-05,-4.004842388934853e-05,-3.4617968184150586e-05,6.514932594074648,6.5181467292312165,6.518158644390906,6.51492853171061,9.452932146255007,5.152391462009617,0.0,1.544509082093216,-2.8397386797625006,0.0
73.9232042574826,184.48542206867026,-727.4619905156184,1.5,0.41301319878972215,-0.5185119565677362,0.31537116225216366,0.6790482151817343,-106.48595232929164,-55.24045614892782,0.0,0.2891304727646489,-9.633940815069544e-05,-0.07892932621347352,-16.520443277707052,31.895560843860597,0.0,2.454494504010736e-05,-4.5031130843381746e-05,0.00016268092450365991,6.514741337209858,6.5179998694653,6.517966874261516,6.5147834255097425,9.565750791169657,4.939277765689901,0.0,1.4806017217529903,-2.8736973739567215,0.0
73.99779881273736,176.49685070470994,-731.493550803633,1.5,0.4205790348608367,-0.5149517469883526,0.32114606110257476,0.6743909705411782,-107.69157256723587,-52.847678402185515,0.0,0.2891319275957014,-9.965665612151923e-05,-0.07894282897957856,-15.802831379942878,32.25597853798632,0.0,1.2668420170691512e-05,-4.326897103896246e-05,-0.00026550200566352795,6.514616738896862,6.5177772772735585,6.517841451139337,6.514558373375461,9.673768561637353,4.723688136054437,0.0,1.415413075173823,-2.9065242854254527,0.0
74.07239336799213,168.42035054482685,-735.3456351115543,1.5,0.42809269746591877,-0.5113272393921653,0.32688056725423953,0.669649304773392,-108.84336684867986,-50.42861751623115,0.0,0.2891332987576592,-0.00010284808790357716,-0.07894172029735773,-15.07734330828024,32.60022460741513,0.0,2.0199979837209583e-05,-4.475166431032019e-05,0.0002396626188786006,6.514377749865769,6.517654624984122,6.517603323135129,6.514437061533232,9.77692269277645,4.505719768096969,0.0,1.3500948710501006,-2.9374327448196054,0.0
74.14698792324691,160.25995828807285,-739.0163280140534,1.5,0.43555271412901575,-0.507638625079872,0.33257437421156477,0.6648241460413808,-109.94076122228347,-47.984486284906566,0.0,0.2891344124764281,-0.00010633833389161595,-0.0789408628219304,-14.344343605694382,32.92812649671497,0.0,1.5448766837764344e-05,-4.6772262374210925e-05,-0.0002996972690077502,6.514254274643906,6.5174063737117285,6.517478906558552,6.514188485674316,9.875152257177117,4.285484830288926,0.0,1.2837051544945433,-2.967133573699139,0.0
74.22158247850169,152.0197524285188,-742.5038050280815,1.5,0.4429586776345786,-0.5038866249472831,0.3382263601845481,0.6599157585508728,-110.9832091035603,-45.516510125790106,0.0,0.2891357168440184,-0.00010973138003560944,-0.07895313557230556,-13.604201046672504,33.239518792455286,0.0,1.0799508333273877e-05,-4.471551961745179e-05,6.262051292149273e-05,6.514020091225749,6.517256609350948,6.517244910967662,6.514037294617709,9.968425450626903,4.063093335457731,0.0,1.2166409976759607,-2.995294375544311,0.0
74.29617703375646,143.70385120374996,-745.8063335312171,1.5,0.45030929044893747,-0.5000715246764866,0.3438360942509797,0.6549249983267854,-111.97019153835284,-43.02592644934129,0.0,0.2891367241048146,-0.00011323366087721463,-0.07894113504381822,-12.857288314599284,33.53424498100028,0.0,7.000736523289959e-06,-5.57479351692699e-05,-6.165312661122196e-05,6.513837219164278,6.517043019081937,6.51705950091649,6.513825245709678,10.056671864358083,3.8386582804690557,0.0,1.1492366492660948,-3.0219299923424567,0.0
74.37077158901124,135.31641052193984,-748.92227363329,1.5,0.4576037647257316,-0.49619386465144644,0.3494027725943242,0.6498524030074048,-112.90121750570697,-40.513984040713744,0.0,0.2891376088280697,-0.00011691243135753592,-0.07895921953694296,-12.103981033541919,33.81215677636623,0.0,1.2183487411427495e-05,-4.664255586874907e-05,-0.000152814523015088,6.5136414992084575,6.516828298932031,6.516866592332233,6.513609262828855,10.139860496658926,3.6122937272531406,0.0,1.0810840402498614,-3.0469947328797633,0.0
74.44536614426602,126.86162187075313,-751.8500790011346,1.5,0.4648413223178226,-0.49225420463424663,0.35492559095466086,0.6446985093601568,-113.77582413068187,-37.981942421217084,0.0,0.2891384128194054,-0.00012053084326967083,-0.07895222414633304,-11.344658463286796,34.07311449548866,0.0,1.0375451799358489e-05,-5.095008905126764e-05,0.00022021482120157792,6.513387706855508,6.516659704030556,6.516611698326918,6.513441338761705,10.21794476738489,3.384108168771744,0.0,1.0123829978382521,-3.070634200068802,0.0
74.5199606995208,118.34371020776355,-754.5882976361124,1.5,0.4720206927590822,-0.48825283633862515,0.360404132435831,0.6394642247520184,-114.59357694236546,-35.43107122881565,0.0,0.28913916334536355,-0.00012442326068818656,-0.07895919219502659,-10.579702808429706,34.316986733699984,0.0,8.960843486405492e-06,-4.953634270153511e-05,-0.0003056573567590917,6.5132302757286755,6.516381411026346,6.516454603968388,6.513162396044572,10.290885542112843,3.154223639383671,0.0,0.9431011395756995,-3.0924851799911637,0.0
74.59455525477557,109.76693183343387,-757.1355726049625,1.5,0.4791414768550873,-0.4841905410728013,0.3658373258253702,0.6341498372827163,-115.35407009709253,-32.86264956187818,0.0,0.289139763594126,-0.00012812236914286736,-0.07896595053534135,-9.809499433245279,34.54365136922041,0.0,7.559341172823123e-06,-5.2736989776994385e-05,0.00016730349178967424,6.512951233781961,6.516211344305839,6.51617523566293,6.512992342135313,10.358641339178996,2.922757725202905,0.0,0.8735206354901088,-3.113392198583217,0.0
74.66914981003035,101.1355722474907,-759.490642720297,1.5,0.4862022933628098,-0.48006754605346724,0.3712248611788,0.6287563785741875,-116.05692658791604,-30.277965334556086,0.0,0.28914031647287075,-0.00013213685497565674,-0.0789578873681085,-9.034435995433249,34.752993841281246,0.0,9.350540811801551e-06,-5.496237820410961e-05,-0.00020872569639851846,6.5127632085459375,6.515935904852247,6.515986870170707,6.5127178389276486,10.421183143437434,2.6898201485155755,0.0,0.8033956022328982,-3.1319700720594996,0.0
74.74374436528512,92.45394399125097,-761.6523431761078,1.5,0.49320262041807117,-0.4758845789127281,0.3765657832044606,0.6232842479041281,-116.70179843010698,-27.678314644547232,0.0,0.28914054818790746,-0.00013611135229349894,-0.07897600957783002,-8.254903105705024,34.944909450025996,0.0,4.6018267932535905e-06,-5.189005403581618e-05,-4.256607734918861e-05,6.5125051667925655,6.515717385734913,6.5157293796857125,6.512497514861563,10.478467742005382,2.4555297396644282,0.0,0.7326978272337149,-3.1493347805596428,0.0
74.8183389205399,83.7263844745629,-763.6196061319744,1.5,0.5001414476415731,-0.4716420853595588,0.38185952235163356,0.6177342315737899,-117.28836686895059,-25.065001097192297,0.0,0.2891409760467583,-0.00014013896520534717,-0.07896433342421644,-7.471293429151052,35.11930181472323,0.0,-7.663528000076e-07,-5.726812234408019e-05,0.00012146858594780615,6.512241456087133,6.515490295941346,6.515463721316415,6.512270943886538,10.530483202388046,2.22001389823385,0.0,0.6615925404747416,-3.165081955304342,0.0
74.89293347579468,74.95725379088798,-765.3914612493566,1.5,0.5070177801636521,-0.46734051698263906,0.38710550720419756,0.6121071295749653,-117.8163425027388,-22.43933515570701,0.0,0.28914106578130255,-0.00014440744958193333,-0.07897886765666336,-6.684001850500782,35.276083231425496,0.0,1.7110885279039396e-06,-5.4853926200716164e-05,-0.00025131390766437473,6.51203069922552,6.515194449086672,6.515254299518175,6.511974558622768,10.577185088025825,1.9833781790386267,0.0,0.5904268030805855,-3.1791268125929917,0.0
74.96752803104944,66.15093252041956,-766.9670361776016,1.5,0.5138311045210445,-0.46298063213950197,0.3923028127720164,0.6064033586496327,-118.28546547361401,-19.802633466962693,0.0,0.2891410580620386,-0.00014854935009101333,-0.07897872674191828,-5.8934251581007375,35.41517544315549,0.0,-1.3805234824954304e-06,-5.780395135184987e-05,0.000215855021553555,6.511716658629372,6.514987793660076,6.514939444916344,6.511767935280255,10.618556572505836,1.745750183869208,0.0,0.5187732972973904,-3.1917579689654376,0.0
75.04212258630422,57.31181952189794,-768.3455569915982,1.5,0.5205801028310952,-0.4585626795078996,0.3974511381394859,0.6006240240704073,-118.69550558497701,-17.15621821283629,0.0,0.28914093342712804,-0.00015300672135745724,-0.07897817409654825,-5.099961908079323,35.536508659264975,0.0,-2.530757819351268e-06,-5.971233657845428e-05,-0.00030709332067523976,6.51150904084362,6.5146592016110905,6.514731420359989,6.511439524213796,10.65457530161332,1.5072503701572317,0.0,0.4468915248334471,-3.2025923427548872,0.0
75.116717141559,48.444329715236414,-769.5263485793424,1.5,0.527264397905585,-0.4540875181563017,0.4025494785801337,0.5947694493253449,-119.04626242514898,-14.501416433897438,0.0,0.2891407008468991,-0.00015730473233419685,-0.07899166203887038,-4.304012091136661,35.640022449365965,0.0,-5.266622434357061e-06,-5.863430201919319e-05,6.337893241170042e-05,6.511190213056412,6.514426568811119,6.514412955358871,6.511205851419172,10.685222312236743,1.2680037899509808,0.0,0.3747388230838826,-3.2119583970793317,0.0
75.19131169681377,39.55289185579809,-770.5088349782177,1.5,0.5338828169627258,-0.44955548697037256,0.4075974469373281,0.5888406602273214,-119.33756547288479,-11.83955934166867,0.0,0.2891403217588685,-0.00016180170829805374,-0.07898023219903592,-3.5059771161892366,35.72566500480007,0.0,-1.009362305856747e-05,-6.857741944342311e-05,-6.233945710463538e-05,6.510922148392569,6.514127614434055,6.5141423802515375,6.510908142152978,10.710480120817563,1.0281195593314623,0.0,0.30242256179027455,-3.2194923274185827,0.0
75.26590625206855,30.64194630104714,-771.2925396627359,1.5,0.5404346545442376,-0.4449672361141825,0.4125943138358379,0.5828382924473048,-119.5692741910365,-9.171981673551985,0.0,0.289139735278744,-0.00016647240506643783,-0.07899897138798215,-2.7062594264318864,35.79339399182173,0.0,-8.304265473560175e-06,-6.019350039441065e-05,-0.0001635689711622601,6.510640828893516,6.513824879647863,6.513863311786291,6.51060376766069,10.730335974649991,0.7877288499114595,0.0,0.22992488992300933,-3.22549613514813,0.0
75.34050080732332,21.71594277118814,-771.8770857808288,1.5,0.5469192103798967,-0.440323428344055,0.4175393578092497,0.5767629846384107,-119.74127809864162,-6.500020987390677,0.0,0.2891390506982175,-0.00017105575261824435,-0.07899260153586571,-1.905262407200569,35.843175964464,0.0,-1.0378379330833181e-05,-6.417408350469831e-05,0.00020963630850328276,6.510298224114248,6.513567568110175,6.5135196336810175,6.510347044904451,10.744779465190996,0.5469517792339756,0.0,0.15729851148973084,-3.229849331555194,0.0
75.4150953625781,12.779338104745047,-772.2621963397482,1.5,0.5533353475875218,-0.4356244120847695,0.4224322038218496,0.5706158058450632,-119.85349683169738,-3.8250169977557134,0.0,0.28913820368178955,-0.00017592400210955493,-0.07900040109783385,-1.103390145274396,35.874986683098854,0.0,-1.256912454835665e-05,-6.603648596525906e-05,-0.0003156176236065054,6.510050508824999,6.513198686455907,6.513271709232897,6.509977861929603,10.753801676865988,0.3059116856422799,0.0,0.08459042093213955,-3.232839762769511,0.0
75.48968991783288,3.8365940101622966,-772.4476943408249,1.5,0.5596827094803201,-0.4308711038178114,0.42727189357250367,0.5643970991833281,-119.9058801898874,-1.148310892439909,0.0,0.28913719181354547,-0.00018069203619734732,-0.07900788685764797,-0.3010472344544693,35.888810443670984,0.0,-1.4568967035506954e-05,-6.206655932731615e-05,0.00015605991054046448,6.509678755133191,6.512936637647314,6.512900582403548,6.509714727540493,10.757397411810919,0.06472225922788527,0.0,0.011816346344570412,-3.2333376499504283,0.0
75.56428447308765,-5.107825185399365,-772.4335028657308,1.5,0.565960065072248,-0.4260637776219483,0.4320581509928791,0.5581080686592396,-119.89840816552727,1.52875534156967,0.0,0.2891360316927438,-0.0001857257762901876,-0.07900079837508923,0.5013614413830644,35.88464209713058,0.0,-1.6651150995463393e-05,-6.993825346759589e-05,-0.0002309618508958237,6.509398627344302,6.51256578110797,6.512618800170921,6.509345048629968,10.755564862250356,-0.1764826753099538,0.0,-0.06096032787530346,-3.2332784434233095,0.0
75.63887902834243,-14.049454788877261,-772.2196451079179,1.5,0.5721669505369913,-0.42120328019655545,0.4367901264167748,0.5517491848020079,-119.83109095635083,4.204839621930729,0.0,0.2891346958348826,-0.00019067968566403395,-0.0790191328396378,1.3034309298388773,35.862484134419,0.0,-1.891853673681777e-05,-6.59985659627654e-05,-5.4018244127743245e-05,6.509043229096255,6.512252507924128,6.512264429031756,6.509030218706644,10.748303613188094,-0.41757780821145307,0.0,-0.1337149987663686,-3.2309282679715876,0.0
75.7134735835972,-22.98383199449549,-771.8062443561275,1.5,0.5783024713548021,-0.4162901338302925,0.4414673132625988,0.5453213616035852,-119.70396896462196,6.878600440728105,0.0,0.2891332105008387,-0.00019583298377740706,-0.07900884945314873,2.10475639825828,35.822348899771704,0.0,-2.142865679778915e-05,-7.079636049173608e-05,0.0001221920245693577,6.50868013511752,6.511928962260676,6.511899921778835,6.508707490954761,10.73561702403919,-0.658462542707424,0.0,-0.20642306214844458,-3.226994321020571,0.0
75.78806813885198,-31.906498136319243,-771.193523926302,1.5,0.5843657478023454,-0.4113248650805532,0.44608920713728745,0.5388255259706027,-119.51711277994816,9.5486975297672,0.0,0.2891315313247329,-0.0002011197494204671,-0.07902401201409863,2.904933331290586,35.764258077433404,0.0,-2.319930317262596e-05,-7.153378309249366e-05,-0.0002628299459223471,6.508371825623513,6.511532298480681,6.51159191831873,6.508310139332724,10.71751062977056,-0.8989876902699123,0.0,-0.27903217990719675,-3.221891437913781,0.0
75.86266269410676,-40.8130009390478,-770.3818070428046,1.5,0.5903563287077015,-0.4063083502175675,0.4506549902504572,0.5322621623416446,-119.27062314904086,12.213792556915324,0.0,0.2891296719674537,-0.0002062713293215187,-0.07902467719916435,3.7035577359284586,35.688241562405445,0.0,-2.6703583716147254e-05,-6.972610991063925e-05,0.00020372338606561286,6.507956113803321,6.511224514876856,6.511176030573088,6.508001655677789,10.693993431728138,-1.1390388350900635,0.0,-0.35148564092638157,-3.2141772900661962,0.0
75.93725724936152,-49.698896765766634,-769.3715166691277,1.5,0.5962730552894397,-0.4012408796101582,0.45516439951553256,0.5256325422565918,-118.96463092479006,14.872549819440586,0.0,0.28912765410541574,-0.000211859631400741,-0.07902491523225022,4.500226413007378,35.59433967445385,0.0,-2.831627431296815e-05,-7.425488685528269e-05,-0.00031711267251723194,6.507645214462066,6.510792769314944,6.510864312339633,6.507570397791796,10.665075908835345,-1.3785117488530567,0.0,-0.42378824114581704,-3.205708198695839,0.0
76.0118518046163,-58.559752861536005,-768.1631752853173,1.5,0.6021155981782697,-0.3961234416927326,0.45961655267831975,0.5189370384507412,-118.59929700546361,17.52363691396394,0.0,0.289125434050481,-0.00021722441483726306,-0.079039327379833,5.294537094402931,35.48260105441021,0.0,-3.104358953312294e-05,-7.383325368085094e-05,5.456116273861061e-05,6.507221146950186,6.5104550967964,6.510440543633959,6.5072317758629055,10.630774191394014,-1.617254133446738,0.0,-0.49590781868021666,-3.195474659057245,0.0
76.08644635987108,-67.39114959161891,-766.7574046172856,1.5,0.6078829328133106,-0.3909564256266527,0.4640111119840182,0.5121768261166008,-118.17481225370548,20.165725422208244,0.0,0.28912292826474234,-0.0002227442239705395,-0.07902923505573042,6.086088597160755,35.35308330369987,0.0,-2.3087570173247837e-05,-9.231189020916419e-05,-2.174336337103681e-05,6.50684001093926,6.510053298109018,6.510057540216096,6.50683421764791,10.591102432129833,-1.8551703563555222,0.0,-0.5677257418486102,-3.1832600565813407,0.0
76.16104091512585,-76.18868267356603,-765.1549253154582,1.5,0.6135744461578568,-0.3857405769821593,0.46834744092875635,0.5053526302167973,-117.69139740745386,22.797491558284992,0.0,0.28912043945721116,-0.00022861431405578206,-0.07904822580423716,6.874481216293385,35.20585362097134,0.0,-3.55201915679109e-05,-7.553480786877105e-05,-0.0001723082053226359,6.506455829442522,6.509637492191312,6.50967478801356,6.506413598400824,10.546082507662954,-2.0921264796161037,0.0,-0.6392741108981794,-3.1696630767163376,0.0
76.23563547038063,-84.94796540136845,-763.3565565819948,1.5,0.6191895294009122,-0.38047664954603044,0.47262491439307447,0.4984651804544058,-117.14930296253664,25.417616879615352,0.0,0.289117614031241,-0.0002343121199717367,-0.07904288290967591,7.659316777560803,35.040987803509076,0.0,-3.880558142170125e-05,-7.953896769635023e-05,0.0001976524691388634,6.506002745670802,6.509268967643306,6.509220486820341,6.506045489064414,10.495735147134747,-2.3280006492420187,0.0,-0.7105337841596906,-3.1543586681376437,0.0
76.3102300256354,-93.66463086091322,-761.3632157477809,1.5,0.6247272002324264,-0.3751650426948546,0.47684320711575284,0.4915156883122705,-116.54880905328503,28.024788956647175,0.0,0.28911466272510683,-0.00024031831063177475,-0.07905135408061988,8.440198934375315,34.85857111441472,0.0,-4.5451620287018725e-05,-8.027409786951761e-05,-0.000339840062886857,6.505643803885659,6.508786198526821,6.508860881977402,6.505561638076494,10.440089385895158,-2.5626760727586477,0.0,-0.7815803356079237,-3.1375103693337754,0.0
76.38482458089018,-102.33433413556686,-759.1759177996109,1.5,0.6301871556355582,-0.369806802872878,0.4810014867013686,0.4845045378652076,-115.89022531410637,30.61770201871037,0.0,0.2891113839459651,-0.0002462069538385617,-0.0790599299522357,9.216732881403367,34.658697127024595,0.0,-3.9178898281457013e-05,-7.903229395010786e-05,0.00016293853741886413,6.505153241872732,6.508412151944633,6.508371762792209,6.505188055122244,10.379164888175351,-2.7960348851800103,0.0,-0.8516931502281805,-3.1189018377729445,0.0
76.45941913614496,-110.95275450173402,-756.7957748577888,1.5,0.6355683303823909,-0.36440222631085467,0.48509952657241123,0.4774330991812939,-115.17389072354774,33.195057641901926,0.0,0.28910789327132286,-0.0002523981994967408,-0.07905403269937396,9.988526968504786,34.4414690344785,0.0,-5.402157793152948e-05,-8.568046983724423e-05,-0.00026703756164972236,6.5047620207817305,6.507920485262287,6.507977291303957,6.504695578718073,10.31299803893763,-3.0279536620576226,0.0,-0.9222820644018218,-3.0990015263588564,0.0
76.53401369139974,-119.51559761020887,-754.2239956034671,1.5,0.6408703330716178,-0.35895227794544987,0.4891365920983787,0.47030189518736865,-114.40017342901076,35.75556540512595,0.0,0.2891045396437193,-0.00025849863623361393,-0.07907214827344784,10.755190977967775,34.20699839032965,0.0,-5.052168133875797e-05,-8.183810273880128e-05,-6.716161853482666e-05,6.504284743039679,6.507490579302647,6.507501823951499,6.504264990018487,10.241637267935188,-3.258309832569212,0.0,-0.9915849927735695,-3.077214272626526,0.0
76.60860824665451,-128.0185976551926,-751.461884656809,1.5,0.6460924001399659,-0.3534575449291814,0.49311225211531395,0.46311195323353166,-113.56947053690469,38.29794356278633,0.0,0.28910038482131584,-0.0002648234495013586,-0.0790639434783668,11.516337710005487,33.95540579229997,0.0,-4.672835851314457e-05,-8.545950886843662e-05,0.0001339505615273278,6.503797354393297,6.50704870710114,6.507014148123639,6.5038246187519375,10.165077471782853,-3.4870010243626965,0.0,-1.0603674570787862,-3.0538368638494413,0.0
76.68320280190929,-136.45751952968553,-748.5108419064669,1.5,0.6512337834009212,-0.34791861516161693,0.49702607965229456,0.4558643139431029,-112.68220798877766,40.82091966762681,0.0,0.2890963269332633,-0.00027130820204398294,-0.07907984818231234,12.271582789995758,33.686820534206,0.0,-6.448089273699395e-05,-8.652677887654321e-05,-0.0003056569978359399,6.503373551515719,6.506523910272081,6.506588361723831,6.503296930506979,10.083397484689067,-3.7138948586276816,0.0,-1.129585936561812,-3.0292296236960152,0.0
76.75779735716407,-144.8281609651334,-745.3723617903773,1.5,0.6562941090120697,-0.3423364855733739,0.5008773719199109,0.4485595071112953,-111.73884027238012,43.32323125466785,0.0,0.2890921259367065,-0.00027768074801329853,-0.07908098620110769,13.020544196078783,33.4013805378313,0.0,-5.335014338753748e-05,-8.726543602500127e-05,0.00021520894047288264,6.502825746987739,6.506096200658478,6.506042097716543,6.502870971249149,9.996627411908248,-3.938881714194351,0.0,-1.1969810887526227,-3.002820901000728,0.0
76.83239191241884,-153.126354654441,-742.0480325276161,1.5,0.6612723890522939,-0.33671145953815945,0.5046659223954221,0.441198965621557,-110.73985020762215,45.803626476297104,0.0,0.2890873588353775,-0.0002844554803619135,-0.07908300048741149,13.762844417057995,33.099232595402796,0.0,-6.318852662598988e-05,-9.042174783577903e-05,-0.00033125280313404243,6.5023912074018835,6.505535137182807,6.505605825287467,6.502309009597455,9.904794208319343,-4.161847440422402,0.0,-1.264637736290885,-2.9749419275616606,0.0
76.9069864676736,-161.34797035524832,-738.5395353026154,1.5,0.6661683509058436,-0.3310446436228013,0.5083909854757725,0.4337831002552016,-109.68574871625238,48.2608647363507,0.0,0.28908277956277406,-0.000291014602219039,-0.07909752206207758,14.498108337660106,32.78053192932341,0.0,-7.112519721012953e-05,-9.066581486355634e-05,2.2546554244013708e-05,6.501840482918729,6.50506656665218,6.5050545602916,6.50183888266016,9.80797976185321,-4.38266670334544,0.0,-1.3316146095244832,-2.9456504422191228,0.0
76.98158102292838,-169.48891697611134,-734.8486434010414,1.5,0.6709811439187081,-0.3253364824051005,0.5120522715345336,0.4263132052120154,-108.57707453392972,50.6937173464791,0.0,0.2890777184247441,-0.00029793709035469835,-0.07908815739152113,15.225964150400593,32.44544191889972,0.0,-7.993948255980789e-05,-9.124982068259012e-05,-0.00011205670280124065,6.501334714705783,6.50452921409972,6.50454710054196,6.501300882669859,9.706193566278747,-4.601245602569719,0.0,-1.397410271693779,-2.9145902905552306,0.0
77.05617557818316,-177.54514464393634,-730.9772212998997,1.5,0.6757102527248687,-0.31958779206900856,0.5156492582234455,0.4187900906379719,-107.414393990843,53.10096812565108,0.0,0.28907226584978224,-0.00030493491833555997,-0.07910906265320992,15.946044820061733,32.094134994229385,0.0,-7.412977818453987e-05,-9.406511249520433e-05,-0.00019289980314159615,6.500809182616202,6.503985421409793,6.5040228647389,6.500757595266983,9.5995078400928,-4.81746492456549,0.0,-1.4629480845375384,-2.882436199871862,0.0
77.13077013343793,-185.51264674875154,-726.9272237101246,1.5,0.6803551773463882,-0.3137994130368622,0.5191814219033304,0.4112145573616306,-106.19830068040126,55.481414024990315,0.0,0.28906674285264533,-0.0003117743261503502,-0.07910456405122772,16.65798630804187,31.726791057768235,0.0,-7.719616816373879e-05,-9.60912434575167e-05,0.00017900657669275963,6.500220144273035,6.503481675384139,6.50343293682999,6.500254024138949,9.487988678213817,-5.031190160919961,0.0,-1.527375165636055,-2.8482491713032005,0.0
77.20536468869271,-193.38746196689632,-722.7006945734354,1.5,0.6849151058913465,-0.3079717845037594,0.52264849757935,0.40358794041629154,-104.92941514158906,57.83386579387081,0.0,0.28906088891508935,-0.00031911787967132856,-0.07911437714824077,17.361429570062107,31.34359919373086,0.0,-7.772637382014454e-05,-9.582058564382345e-05,-0.0003313984254613108,6.499719830686269,6.5028639499693535,6.502933004798276,6.499635932395798,9.371665454284573,-5.2423542577869355,0.0,-1.5910596330254496,-2.8128707742059857,0.0
77.27995924394749,-201.16567626004917,-718.2997660110639,1.5,0.689389784082036,-0.30210604495078575,0.5260498097644548,0.39591067282191134,-103.6083845821432,60.15714853455154,0.0,0.2890548324041967,-0.0003262536130265837,-0.07912364221866747,18.056019503379826,30.94475599654131,0.0,-8.666465043207252e-05,-9.787684153980469e-05,0.00011653260405630902,6.499097057439622,6.50234456560271,6.502309067934682,6.499115344050439,9.250619590077074,-5.450817536542853,0.0,-1.6543470441189105,-2.776163697784284,0.0
77.35455379920226,-208.84342485129153,-713.726657230522,1.5,0.6937783550624443,-0.2962025471221001,0.5293851569713026,0.3881842355167173,-102.2358825232377,62.4501023258735,0.0,0.2890484789537841,-0.00033374638114588693,-0.07911860450496543,18.74140517685407,30.530466057438474,0.0,-8.627843442884376e-05,-0.00010351262129855254,-0.00025349113893930267,6.498555647382631,6.501716691408111,6.501766722058408,6.498488682122699,9.124901239524391,-5.656487295201638,0.0,-1.7164514673609825,-2.7381333128595244,0.0
77.42914835445704,-216.41689417664148,-708.9836733864536,1.5,0.6980804931972223,-0.29026233139793056,0.5326539532348491,0.3804092139949399,-100.81260847480722,64.71158280893236,0.0,0.289041803476093,-0.0003411228082042195,-0.07913895195834676,19.417241049654727,30.10094226889912,0.0,-9.109195443074306e-05,-9.904893796927994e-05,-8.204916572828515e-05,6.49793785752469,6.501139853386698,6.50114972328708,6.497909858579403,8.994585686853528,-5.85923908799399,0.0,-1.7776187854002647,-2.698255715041613,0.0
77.50374290971182,-223.88232380839642,-704.0732043961159,1.5,0.7022955832575678,-0.2842860444600144,0.5358558481764069,0.3725867263300384,-99.33928754140678,66.94046181648157,0.0,0.28903491646054064,-0.0003487699674081185,-0.07913074172342047,20.083186069484356,29.65640509854139,0.0,-9.581176606077327e-05,-0.0001027061417165268,8.990811273510537e-05,6.497307911172075,6.500548659598012,6.50051826474893,6.497319012375074,8.859723175168316,-6.059002754141227,0.0,-1.8378552442457223,-2.65697428910569,0.0
77.5783374649666,-231.23600835256627,-698.9977237130602,1.5,0.7064230249215904,-0.27827432854669276,0.5389904985738527,0.3647179052084324,-97.8166700951229,69.13562786939244,0.0,0.2890276885422546,-0.00035656714094264933,-0.07914792810033837,20.738904410080433,29.197082638531878,0.0,-0.00010275062680723553,-0.00010345931311863776,-0.00030572311214543675,6.496729431795247,6.499879395794997,6.499939407279323,6.496648340304786,8.72039787638566,-6.25564408710216,0.0,-1.8975622539352757,-2.6148085062849056,0.0
77.65293202022137,-238.47429931800028,-693.7597870577017,1.5,0.7104625170808213,-0.27222826268173694,0.5420573466626883,0.35680333203246983,-96.2455313612273,71.29598683374309,0.0,0.2890202514557809,-0.00036427281008081456,-0.07915044750652217,21.384065190386348,28.723210943571267,0.0,-9.962003967629555e-05,-0.00010532714337287171,0.00018656365131131228,6.496034523183153,6.499297847401978,6.499244783361403,6.4960675654432345,8.576678488949895,-6.449075829806895,0.0,-1.9557280929785597,-2.5711492489170054,0.0
77.72752657547615,-245.59360695623548,-688.3620311043351,1.5,0.7144132804769457,-0.26614819111048654,0.5450562222891674,0.34884454932053416,-94.62667102181646,73.42046243284685,0.0,0.28901226338862934,-0.00037232690961226146,-0.07915358032173817,22.018343569073185,28.235033191202966,0.0,-0.00010714863275522772,-0.00010815473773246517,-0.00034628981587454236,6.495444886013677,6.4985848827966075,6.49865381055596,6.495353987704214,8.428629925297924,-6.639189815866958,0.0,-2.0132981667360212,-2.5260572064672098,0.0
77.80212113073092,-252.5904020701723,-682.8071721273827,1.5,0.7182750970036684,-0.26003529968346,0.5479865419210873,0.34084201298588807,-92.96091281383978,75.50799682243114,0.0,0.28900449409435974,-0.00038038062990148334,-0.07916883689195288,22.64141980759629,27.73279971156262,0.0,-0.0001181095338023203,-0.00010610800743853295,-2.4116291267917284e-06,6.4947396590906,6.497959838417508,6.4979479505408415,6.494726658154388,8.276342963096518,-6.825915880828366,0.0,-2.0698092057900284,-2.4794269005132072,0.0
77.87671568598569,-259.46121779268185,-677.0980046084193,1.5,0.7220473012235102,-0.2538900821592746,0.5508480769114309,0.3327971110751728,-91.24910409533618,77.55755109354054,0.0,0.2889960867947048,-0.00038853276970253475,-0.07916068095008844,23.252979891700665,27.21676906649943,0.0,-0.00013165863333453138,-0.000117166465634783,-0.00015092937315441647,6.4940786337612355,6.497262548395806,6.497283108537209,6.494029534192001,8.119881835773036,-7.009115032961821,0.0,-2.125038719536657,-2.4321200192892567,0.0
77.95131024124046,-266.2026513333911,-671.2373997993683,1.5,0.7257294916361173,-0.24771341108161488,0.5536404219715055,0.32471072372052484,-89.49211542915006,79.56810588304442,0.0,0.2889870773808199,-0.00039688248898542424,-0.07918321107617368,23.852716082177785,26.687205598438574,0.0,-0.00012356629799997038,-0.00010914657521203447,-0.00022006280255425405,6.493390474237346,6.496560389109359,6.496598142287884,6.493326659968588,7.959334839715885,-7.188717156350094,0.0,-2.1793030182301503,-2.383019175440358,0.0
78.02590479649524,-272.81136569169917,-665.2283042486322,1.5,0.729321282610115,-0.2415062010035538,0.556363171511859,0.3165837061410991,-87.69084011159816,81.5386618436109,0.0,0.28897824705744046,-0.000405272836601728,-0.07917933220601969,24.440326484442185,26.144381762833003,0.0,-0.00012406764318853426,-0.00011478626968409212,0.0001622949905243602,6.492637719067415,6.495894815375788,6.495844354974061,6.49266216404598,7.794785029482897,-7.364643910425475,0.0,-2.232407449143173,-2.3331147530045,0.0
78.10049935175002,-279.2840913360648,-659.0737382879731,1.5,0.7328220492602037,-0.23526891439409586,0.5590161254020138,0.30841749882005604,-85.84619371986092,83.46824013756019,0.0,0.2889688131697913,-0.000413929941283502,-0.07919047574846895,25.015515595395378,25.58857570381209,0.0,-0.0001294361062972925,-0.00011538327686599266,-0.00036032762211779973,6.491974182202053,6.495110938621235,6.495180421814018,6.491877360338524,7.626314319436189,-7.536774783110724,0.0,-2.2844170384364997,-2.281811245346589,0.0
78.1750939070048,-285.61762784844456,-652.7767944830122,1.5,0.7362316037086367,-0.22900278893014878,0.5615987628274808,0.3002125546233299,-83.95911364432027,85.35588299392856,0.0,0.2889590759199543,-0.0004224881376151663,-0.0792012247207278,25.57799411612469,25.020073318900756,0.0,-0.00013017587072135776,-0.00011597454322432456,0.00011812182940524326,6.491179771718486,6.494427186138803,6.494386249788609,6.491193353135759,7.454009798990428,-7.705037965561185,0.0,-2.3351076644032998,-2.229441807461445,0.0
78.24968846225957,-291.8088455336423,-646.3406360435404,1.5,0.7395492911024721,-0.22270818534939504,0.5641109419648394,0.2919704700200901,-82.0305586013417,87.20065417226326,0.0,0.2889490786981044,-0.00043137943849810487,-0.07919738983773111,26.127479640771075,24.439166257629118,0.0,-0.00013585437760282485,-0.00012081510514504212,-0.0002691593192796104,6.490470932774366,6.493628021379736,6.49367575389541,6.49039443791196,7.277963312950015,-7.869346532981454,0.0,-2.384720067918379,-2.1757970522879715,0.0
78.32428301751435,-297.854686991205,-639.7684951999104,1.5,0.7427748736331411,-0.21638622794420184,0.5665522175689853,0.28369186139721464,-80.06150813388473,89.00163944458691,0.0,0.2889386725428967,-0.0004402737746637032,-0.07921890826908237,26.663696156201386,23.84615299604617,0.0,-0.00014115146403115305,-0.00011841409429301913,-9.741620503309572e-05,6.489681060988878,6.492878884912053,6.492886336238405,6.489643550989879,7.098262365001249,-8.029611956891188,0.0,-2.433091268094426,-2.1210470880403856,0.0
78.39887757276912,-303.7521686507526,-633.0636715428907,1.5,0.7459078918950905,-0.21003760168591754,0.568922333588574,0.2753779240076834,-78.05296211452122,90.75794707308974,0.0,0.28892804495505897,-0.00044929943024549744,-0.07921183085098543,27.186374696478087,23.24133797982836,0.0,-0.00014530576588880526,-0.00012444649313219036,7.866512627846016e-05,6.488876100559744,6.492113297275278,6.492079627608178,6.488878737874055,6.9150042675910495,-8.18575752896796,0.0,-2.4801878929295924,-2.065252446101488,0.0
78.4734721280239,-309.4983822687736,-626.2295303290196,1.5,0.7489479081213761,-0.20366300531692616,0.5712210341774476,0.2670298509514239,-76.00594021658256,92.46870826855319,0.0,0.2889169223666237,-0.00045856874403561027,-0.07923035519422128,27.69525329003056,22.625032125103743,0.0,-0.0001478505778258326,-0.000125338108038056,-0.00029587319293436124,6.488117811590358,6.491269082581294,6.491321589981707,6.4880337621325435,6.728277702222143,-8.337695238383644,0.0,-2.5262021844338425,-2.008644058861598,0.0
78.54806668327868,-315.09049638625464,-619.2695007525209,1.5,0.7518946978704935,-0.19726355665679696,0.5734479213676784,0.2586482824386028,-73.92148140349958,94.1330776134445,0.0,0.2889054596641303,-0.00046773137720653666,-0.07923454380780674,28.190076723386863,21.997551211412404,0.0,-0.00015777880994878935,-0.0001237335592829428,0.00014924170919599383,6.4872493902454496,6.490503649675256,6.490452137131176,6.487266758490279,6.538187428818015,-8.485347955352756,0.0,-2.5703406370437314,-1.9501967745964879,0.0
78.62266123853345,-320.52575774779433,-612.1870741850446,1.5,0.7547477044074309,-0.19083965242828266,0.5756028670337887,0.2502348281419843,-71.80064336925834,95.75023353691147,0.0,0.2888937291807417,-0.00047733882925556786,-0.07923808718465888,28.670597931566803,21.359218353369112,0.0,-0.00016032168998056384,-0.00012855696636424337,-0.00035950724938522705,6.486474722082029,6.489610909095111,6.489676548434402,6.4863744349985755,6.344820256380437,-8.628652936464569,0.0,-2.6136657242775674,-1.8915087331398708,0.0
78.69725579378823,-325.8014926779669,-604.9858023808805,1.5,0.7575067740115574,-0.1843925457346077,0.5776854552879553,0.2417899732264796,-69.64450200665398,97.31937870778782,0.0,0.2888814833649807,-0.0004867580048588724,-0.07925612813461172,29.13657651023459,20.710361060656595,0.0,-0.00016429285548531244,-0.00012856259535137888,1.0896635419903565e-05,6.485581548622222,6.488803812477891,6.4887835191827845,6.485566284543513,6.148292966510243,-8.767512689037982,0.0,-2.655589907096416,-1.8317506942809294,0.0
78.771850349043,-330.9151084179942,-597.6692956533566,1.5,0.7601714315201873,-0.1779227347264341,0.5796955340776898,0.2333152008301178,-67.45415083513767,98.83974046319824,0.0,0.28886929125688915,-0.0004965039670151885,-0.0792481419801241,29.587779655100544,20.051312327499186,0.0,-0.0002033566627445396,-0.00013532918506592957,-0.000226840335760208,6.484745239750931,6.487911221380312,6.487940374683516,6.484669697514603,5.948690283529878,-8.901881381271036,0.0,-2.6958998890236625,-1.7707718216271289,0.0
78.84644490429777,-335.8640944209091,-590.241221021408,1.5,0.762741404572337,-0.17143116794064872,0.5816328146080215,0.22481141737170457,-65.23070046555091,100.31057117172884,0.0,0.28885615283670596,-0.0005063577967520483,-0.07927169444440332,30.02398249608094,19.38241090918045,0.0,-0.000172907719883612,-0.00012999532227698054,-0.00021079183825725305,6.483856264774419,6.487027519106336,6.487057387163111,6.483788844290509,5.7461304012700785,-9.031674624639399,0.0,-2.7347659773205293,-1.7090526314373538,0.0
78.92103945955255,-340.64602360286153,-582.7053003259449,1.5,0.765216422996511,-0.16491878361051276,0.5834970269770706,0.21627954202321878,-62.97527796852166,101.73114865491242,0.0,0.28884271527520095,-0.0005162856087394202,-0.07927049457972098,30.444968072261908,18.704000216957876,0.0,-0.00018065148648525268,-0.00013544128221415857,0.0001461144503091339,6.4829147613375255,6.486167408826754,6.486113929970103,6.4829287199195305,5.540699287240333,-9.156828415692646,0.0,-2.772542859523919,-1.646425937478068,0.0
78.99563401480732,-345.25855355103465,-575.0653083182866,1.5,0.7675960699282335,-0.15838610104832848,0.5852880291253943,0.2077210614934147,-60.689026352015205,103.1007765424746,0.0,0.288829046812841,-0.0005264723179276732,-0.07928264000257786,30.85052672950501,18.016428778610422,0.0,-0.00018387688450312653,-0.00013658017294989914,-0.0003624476784552674,6.482054790972613,6.485190259775434,6.485253800372676,6.481951048026002,5.33252819165234,-9.277279219379501,0.0,-2.8087296483820285,-1.5830675260108302,0.0
79.0702285700621,-349.69942768941513,-567.3250707214623,1.5,0.7698802157443788,-0.15183438493059595,0.5870054823033396,0.19913647758248612,-58.373103921991984,104.41878462443503,0.0,0.2888149829366846,-0.0005365985137094538,-0.07929449323256339,31.240457401342994,17.32004938893459,0.0,-0.0001954160657491851,-0.0001362252069063185,7.698353359436211e-05,6.4810682778818745,6.484305530539956,6.484266146484779,6.481064424688406,5.121709198821577,-9.392968349380434,0.0,-2.8434101221372226,-1.5185142622427892,0.0
79.14482312531688,-353.9664763977636,-559.4884622663371,1.5,0.772068434035216,-0.14526404511625557,0.588649289996563,0.1905274356868694,-56.02868369871269,105.68452919804066,0.0,0.28880048507858663,-0.0005470336502458751,-0.07929224701084198,31.614566918380614,16.615220062291975,0.0,-0.00019641922490283925,-0.0001400106484212559,-0.0002877059636023657,6.480156543168685,6.483308847050284,6.483353597086886,6.480068505837519,4.908358289466512,-9.503831642236229,0.0,-2.876410197167282,-1.453538654330421,0.0
79.21941768057165,-358.05761808617603,-551.5594047006316,1.5,0.7741605711120343,-0.13867623874458482,0.5902191689909733,0.18189459447369216,-53.65695279512721,106.89739341032252,0.0,0.2887855437157302,-0.0005575939628040468,-0.07931508481446099,31.97267030932813,15.90230243638477,0.0,-0.00020249131632887071,-0.00013970523100323028,-0.00011666192574175428,6.479164453155564,6.482357037090053,6.482361576922397,6.47911514902223,4.692570255416358,-9.609820503616794,0.0,-2.9084063184891575,-1.3878544947966063,0.0
79.29401223582643,-361.97086022496615,-543.5418647761919,1.5,0.7761563359258238,-0.1320716881589397,0.5917149590812831,0.17323919472360497,-51.25911184169652,108.056787539493,0.0,0.2887702499001881,-0.0005681260608271617,-0.07930974263541321,32.31459101314447,15.181662631078176,0.0,-0.00020870728254370082,-0.00014767033490010152,5.402458737819166e-05,6.478155264598565,6.4813857215788016,6.481350110853151,6.478144588297908,4.474493108957017,-9.710866949744533,0.0,-2.9388989525368396,-1.3214665973336819,0.0
79.3686067910812,-365.70430032672346,-535.439852211777,1.5,0.778055457249866,-0.12545111725116503,0.5931365039930631,0.1645624813103636,-48.83637428300955,109.16214934092461,0.0,0.28875447151344946,-0.000579011477505705,-0.0793295605023983,32.640160790716344,14.453670674713015,0.0,-0.00021471422785926796,-0.00014269983356123738,-0.0003274066386213059,6.47718978954353,6.480333559179752,6.480385245248969,6.47709036485651,4.254205443577787,-9.806931547799758,0.0,-2.9671155394722306,-1.2540650276743748,0.0
79.44320134633598,-369.25612688143804,-527.2574176343477,1.5,0.779857800890716,-0.1188157012624433,0.5944835630265012,0.15586511096049174,-46.38996581197956,110.21294429917907,0.0,0.2887382934552774,-0.0005898468934524153,-0.07933510944813472,32.9492203266432,13.71870043304252,0.0,-0.00021940964760833306,-0.00014852515988339406,0.00013702351258990033,6.4761089636099225,6.479359130693739,6.479303098565844,6.476116173103272,4.031833987233197,-9.897963173694539,0.0,-2.9946255226997627,-1.1864562629025899,0.0
79.51779590159076,-372.6246202450174,-518.9986504992282,1.5,0.7815630351534144,-0.11216583776942654,0.5957560644120089,0.1471487636223282,-43.921123715763954,111.20866591022624,0.0,0.2887217484696216,-0.0006010337704126989,-0.07934013118733801,33.24161799981103,12.977128846537214,0.0,-0.0002254337114778083,-0.00015049181032738133,-0.0003776713224383272,6.475121888823907,6.478253021465516,6.478315039077508,6.475009596594823,3.807499762370131,-9.983914850089402,0.0,-3.0200656204283143,-1.1179790568805734,0.0
79.59239045684554,-375.80815348090715,-510.66767699183333,1.5,0.7831710755348855,-0.10550283866416564,0.5969537675826182,0.13841393299899887,-41.431096223483955,112.14883593890896,0.0,0.28870451339035036,-0.0006121300416863328,-0.0793599458915177,33.51721184992543,12.22933701047377,0.0,-0.00022768050381341147,-0.000150022905615691,-1.7599878532376797e-07,6.474011936713474,6.477230865603625,6.477205577385543,6.473986567265234,3.581315455348358,-10.064732463536243,0.0,-3.0441123237307606,-1.0491648766395154,0.0
79.66698501210031,-378.80519315111843,-502.2686579082302,1.5,0.7846816521715293,-0.09882721328413673,0.5980765935721318,0.1296621567035116,-38.9211418518377,113.033004680318,0.0,0.28868691113538847,-0.0006234785694810799,-0.07935518673165474,33.77586810890031,11.475708286299072,0.0,-0.00021977000876856472,-0.00016103192433283354,-6.270035832757767e-05,6.472933876127439,6.476136427555591,6.47612681369587,6.47289532364085,3.353396975710211,-10.140395932448634,0.0,-3.066501968405998,-0.9794833942297929,0.0
79.74157956735509,-381.6143000601241,-493.8057865208598,1.5,0.7860946206975227,-0.09213994740345857,0.5991243857960332,0.12089436606985444,-36.39252876321965,113.86075114626033,0.0,0.28866924570678504,-0.0006350678781797403,-0.07937829597964492,34.0174620262348,10.716629752739145,0.0,-0.00023926766609636983,-0.0001537116090067291,-0.00022443163544486617,6.471847647629552,6.475014656865473,6.4750397403597395,6.471769147292126,3.123866287491194,-10.210856850042914,0.0,-3.08731142529251,-0.9096620306994715,0.0
79.81617412260985,-384.2341299490911,-485.28328642650956,1.5,0.7874098397001476,-0.08544200393111183,0.6000970064102219,0.11211151236654625,-33.8465340908775,114.63168329978072,0.0,0.28865055690974195,-0.0006466225094584374,-0.0793792091042171,34.241877728098906,9.95249055067057,0.0,-0.0002505233848085599,-0.00015803944262050246,0.00012049910484080407,6.470683722442901,6.473929546510867,6.4738735685978455,6.470683359501396,2.8928402680850973,-10.276064797576517,0.0,-3.106553504852187,-0.8390208987835294,0.0
79.89076867786463,-386.66343414046594,-476.70540937946896,1.5,0.7886270980719247,-0.0787339233105672,0.6009943889270395,0.10331511982761951,-31.28444327782833,115.34543827644875,0.0,0.2886317724281526,-0.0006585135995753347,-0.07939262451853529,34.44900843738352,9.183683098897976,0.0,-0.0002549430686614692,-0.00016063188385985355,-0.0003853126705842693,6.4695969669394975,6.472726035313304,6.472786292894649,6.4694793879037,2.6604465432088142,-10.336014402867235,0.0,-3.1243511313433396,-0.7682771166319246,0.0
79.9653632331194,-388.90106013288255,-468.0764331088591,1.5,0.7897463393275075,-0.0720170049439859,0.6018163691462897,0.09450570535833464,-28.707549412318166,116.00168252569722,0.0,0.2886124387382098,-0.0006703754794338242,-0.07940605599826885,34.638755705966844,8.41060127116717,0.0,-0.0002654113188913878,-0.00015757584792760868,5.808498066221177e-05,6.4683802405979325,6.471612394839115,6.471568983907753,6.468363638119236,2.4267934636561774,-10.39066187933278,0.0,-3.1397946539193193,-0.6967334011165423,0.0
80.03995778837418,-390.9459521469958,-459.40065912651625,1.5,0.7907673631279025,-0.06529166854654962,0.6025629127269989,0.08568495571631433,-26.117152549736442,116.60011198927222,0.0,0.2885926262548565,-0.0006825549434902057,-0.07940539996740412,34.811031511756894,7.633641977884704,0.0,-0.00026515950754733256,-0.00016591833283122472,-0.0002958163992295738,6.467235280710897,6.470384336334167,6.470422767272063,6.4671371810030465,2.192014648819867,-10.439980398793617,0.0,-3.154501450015125,-0.625490196557813,0.0
80.11455234362896,-392.7971516178145,-450.6824105197446,1.5,0.7916901099251319,-0.05855910261133455,0.6032338967595056,0.07685354349950257,-23.51455901553221,117.140452262306,0.0,0.28857209889489654,-0.0006947304227388997,-0.07943037052253649,34.965755647064945,6.853203341124352,0.0,-0.00027616193187171605,-0.0001629204907574682,-0.00014053486217594204,6.466010142624621,6.469196244947988,6.469197424886603,6.465946460319206,1.9562321268612224,-10.483937355729585,0.0,-3.167097172176687,-0.5534021265643841,0.0
80.18914689888373,-394.4537976390268,-441.926029734753,1.5,0.7925144609292808,-0.051820047447903604,0.6038292637170354,0.06801273542074077,-20.90108074400491,117.6224587346936,0.0,0.2885514454732844,-0.0007071215423061558,-0.07942629304652375,35.10285772349792,6.069685496785688,0.0,-0.0002868131512421513,-0.00016835432682993723,1.618906634082289e-05,6.464764887787306,6.4679859903166985,6.467949635668553,6.464736005015985,1.7195595734765072,-10.522535807017665,0.0,-3.178030830705013,-0.4810633127941214,0.0
80.26374145413851,-395.91512735554915,-433.1358763510968,1.5,0.7932403177298466,-0.045075239552674395,0.6043489600423498,0.059163803147289334,-18.278034601880425,118.04591666160712,0.0,0.28853007970211786,-0.0007197442029971181,-0.07944775063805992,35.222276258291814,5.283489905901706,0.0,-0.0002876042319622542,-0.00016656193555274155,-0.000339849745314755,6.463555683345032,6.46669551212386,6.466741352371779,6.463444669864394,1.4821310076741663,-10.555733448674438,0.0,-3.1872528444155463,-0.4088785431194362,0.0
80.33833600939329,-397.1804763048334,-424.3163248475758,1.5,0.793867638728571,-0.03832587487359014,0.6047929093377534,0.050307418036241947,-15.646741662708044,118.41064132588507,0.0,0.2885082196959207,-0.0007323627832383552,-0.07945513330411616,35.323959634848364,4.495019431523394,0.0,-0.0002973542388879705,-0.0001725358898059033,0.00010609317718611433,6.462233864909794,6.4654758143604365,6.4654175083860235,6.462224525017209,1.2440610447709182,-10.58352475332093,0.0,-3.1953674052429553,-0.33624020575250024,0.0
80.41293056464806,-398.2492787055219,-415.4717623606744,1.5,0.794396324245512,-0.03157237163217065,0.6051610978845207,0.041445276955776524,-13.008526553665297,118.71647809144739,0.0,0.2884859077608496,-0.0007453122137899408,-0.07946203704428378,35.40786448936761,3.7046779903534293,0.0,-0.0003030383632005277,-0.0001744212638100579,-0.0003997178441616678,6.460999411199982,6.4641243993459625,6.46418216137122,6.460872688066446,1.0054871521768747,-10.605896997963162,0.0,-3.2011939390152935,-0.263528322487366,0.0
80.48752511990284,-399.1210676972708,-406.60658643733166,1.5,0.7948263604027231,-0.024816047867625403,0.6054534676063745,0.032577893434182006,-10.364716747983893,118.9633024812651,0.0,0.28846297122531955,-0.0007582457998849595,-0.07948311857503047,35.47395760350425,2.912870298001242,0.0,-0.0003090610761544194,-0.0001735751981690355,-3.537502038079758e-05,6.4596420165989805,6.462851805774963,6.462824784550267,6.459598668441851,0.7665217548796385,-10.62283578472508,0.0,-3.205529580672346,-0.19071595065041042,0.0
80.56211967515762,-399.7954755261844,-397.72520278297526,1.5,0.7951576893106371,-0.018057433453586774,0.6056700134082249,0.02370681516607253,-7.716641867634515,119.1510202362081,0.0,0.2884398031433101,-0.0007714176334667345,-0.07947906841953477,35.52221476280004,2.1200015889891346,0.0,-0.0003383762423276277,-0.0001827919932847576,-0.00022861471883483595,6.4583294980508255,6.461492964363082,6.461506538741992,6.458237557944172,0.5272961043209513,-10.634341042785177,0.0,-3.2082173309042523,-0.11775534080623402,0.0
80.6367142304124,-400.27223367948227,-388.83202300649117,1.5,0.7953902964483074,-0.011297517492033622,0.6058107169516816,0.014832991636232699,-5.06563298592503,119.2795673422747,0.0,0.28841567853126154,-0.0007848361515437302,-0.07950562173738293,35.5526211344236,1.3264776875712059,0.0,-0.0003242272816590804,-0.0001792895217874887,-0.00026358657520502056,6.4569715511333845,6.460128254240319,6.4601520537847,6.456873695335415,0.2879283618116239,-10.64040452171351,0.0,-3.2093989273821903,-0.04481377949638832,0.0
80.71130878566717,-400.55117296852353,-379.9314623625874,1.5,0.7955241736663534,-0.004537284456207923,0.6058755745489799,0.005957375862979683,-2.4130219606942123,119.34891006307085,0.0,0.2883912053857165,-0.0007981809131955266,-0.07950746194127223,35.56517087491516,0.5327044726284081,0.0,-0.00033097526196955906,-0.00018307012313908272,9.82598263579094e-05,6.455547445554664,6.458786916900713,6.458726409374278,6.455532288717371,0.048562052227430555,-10.641025212762273,0.0,-3.208550613953394,0.028117667155031348,0.0
80.78590334092195,-400.6322235600606,-371.02793749304516,1.5,0.7955593193058086,0.0022227278089716794,0.6058645982092613,-0.0029184899342717444,0.23985931538669733,119.35904494630255,0.0,0.28836616022020073,-0.0008119897287726982,-0.07952314708492844,35.55986814554603,-0.26091205906305903,0.0,-0.00033845799717093585,-0.00018277336334951376,-0.00041063918710144195,6.454200230929182,6.457322664058292,6.457378693615395,6.454066734707672,-0.19070504178112258,-10.636205061653866,0.0,-3.2060035991515625,0.1010292610604224,0.0
80.86049789617671,-400.51541495404484,-362.12586416823115,1.5,0.7954957491384759,0.008981205317151537,0.6057778062516244,-0.011794087783110132,2.8916795657762644,119.30999880467054,0.0,0.28834059570383497,-0.0008256655430370815,-0.0795384713064056,35.53672620555945,-1.05396639620308,0.0,-0.0003474754750439144,-0.00018672356723460927,3.769000628457347e-05,6.452719695813939,6.45594536826118,6.45589681756252,6.452688540502848,-0.429724129299682,-10.625950745472817,0.0,-3.2023508971803083,0.17391518584640386,0.0
80.93509245143149,-400.2008759105036,-353.22965503020487,1.5,0.7953334974346672,0.015737727450008676,0.6056152219579305,-0.020667721836140875,5.541108848597846,119.20182869566662,0.0,0.28831445177832726,-0.0008397282022012714,-0.07953992408091556,35.49576696031204,-1.8460532242591408,0.0,-0.0003542979696866283,-0.00018989265670311202,-0.0003349043540051381,6.451310319088564,6.454449325201789,6.454485951326079,6.451192373972592,-0.6683831686463975,-10.610267806862451,0.0,-3.1963445634523358,0.24657709420078264,0.0
81.00968700668626,-399.6888343256728,-344.34371733795496,1.5,0.7950725973620246,0.022491099581428885,0.6053768904978294,-0.029538717216581058,8.18681923617559,119.03462188026265,0.0,0.2882877487026913,-0.0008538585741826312,-0.07956594211748545,35.437022625575054,-2.6367680944945917,0.0,-0.00036183462988957296,-0.00018865278532957788,-0.00016488176111157328,6.449813753928759,6.452992931752369,6.452989418138277,6.449734141040358,-0.9065564566483644,-10.589167736536542,0.0,-3.1890339896643507,0.31911725777372363,0.0
81.08428156194104,-398.97961705452116,-335.47245071675934,1.5,0.794713105450151,0.029240579480030712,0.6050628584618801,-0.03840580486577542,10.827485520546363,118.8084957596025,0.0,0.2882604646945946,-0.0008681142462049994,-0.07956454023117429,35.36053416708036,-3.4257073809639818,0.0,-0.0003694088732519446,-0.00019542109357488147,5.156967893670322e-06,6.448294226394322,6.451511322583251,6.45146765834002,6.448252942290168,-1.1441110072274687,-10.562664085408885,0.0,-3.18006138027997,0.3914546500762781,0.0
81.15887611719582,-398.073649681899,-326.62024491241846,1.5,0.7942550976760778,0.03598542421344076,0.6046731777913943,-0.047267717518406464,13.46178591903047,118.52359780330694,0.0,0.28823259794167205,-0.0008826720962667419,-0.0795876974562842,35.2663520486554,-4.2124685577251775,0.0,-0.00037661153759176093,-0.00019406722339715128,-0.00036695873265875736,6.446811822031781,6.449943867213183,6.449985223910804,6.446683813160533,-1.380930803786706,-10.530772881309261,0.0,-3.1692711883036333,0.4635228956196472,0.0
81.2334706724506,-396.97145624240864,-317.7914775517269,1.5,0.7936986285680975,0.04272444343094898,0.6042079362520077,-0.05612378027830034,16.088402736845723,118.18010545445007,0.0,0.28820413521831967,-0.0008972005541818197,-0.07959700220560355,35.154535778043176,-4.996650535772934,0.0,-0.0003859981050407244,-0.00019722763888357827,7.977143117988679e-05,6.445211090507271,6.448445839200375,6.448382941564851,6.4451850104554165,-1.6168891108456782,-10.493513363000641,0.0,-3.156878823751296,0.5353952380768824,0.0
81.30806522770537,-395.67365888864924,-308.99051191041445,1.5,0.7930438287218314,0.049457216206496235,0.6036671840070839,-0.06497230520983485,18.70602307837933,117.77822602740714,0.0,0.2881750834960006,-0.000912106490008077,-0.07960604776486337,35.025154311672985,-5.777853594823774,0.0,-0.00039363401388297655,-0.00020058572825151956,-0.000424504699910689,6.443695142054449,6.446813086043875,6.446865648901317,6.443551779665829,-1.8518602863756517,-10.450908714002574,0.0,-3.142853151192794,0.6068817625219137,0.0
81.38265978296015,-394.18097750797745,-300.22169468948385,1.5,0.7922907591946673,0.056182433864827644,0.6030510434037538,-0.07381277714194129,21.313339526399005,117.31819658014523,0.0,0.2881454300086791,-0.0009270493178771239,-0.07962877537231489,34.87828545669534,-6.55567991168851,0.0,-0.00040168355647672777,-0.00019932248825647593,-6.72319938155034e-05,6.442054071608905,6.445255234104313,6.445224382242944,6.4419921895965935,-2.085733035912426,-10.402981693539994,0.0,-3.127079973460794,0.6780108356978707,0.0
81.45725433821492,-392.49422928906426,-291.48935380149226,1.5,0.791439572466624,0.06289956297293159,0.6023595877489043,-0.08264366375368273,23.9090508134722,116.80028377750429,0.0,0.28811528848309265,-0.0009421325757419349,-0.07962725521006563,34.714016711699806,-7.329733663390844,0.0,-0.0004233072016847078,-0.00021489398468350993,-0.00022753599210201212,6.440450029442482,6.4436115951953346,6.443614848172289,6.440348265807746,-2.3183663661535245,-10.349763495290814,0.0,-3.1098980162339553,0.7487848518781737,0.0
81.5318488934697,-390.61432823601416,-282.79779616801306,1.5,0.7904903865333085,0.06960762490919281,0.601592935709668,-0.09146402056079135,26.49186253446123,116.22478373077305,0.0,0.2880842563785324,-0.0009575632945283513,-0.07965552522829211,34.53244410528585,-8.099621113459058,0.0,-0.00041904438446404093,-0.0002049053668967254,-0.0002935656634104665,6.438805226943501,6.441953769987756,6.44197304102812,6.438689006139264,-2.5496522182177945,-10.291281769309254,0.0,-3.090979624262972,0.8191415265304688,0.0
81.60644344872448,-388.5422846330282,-274.15130552898535,1.5,0.789443324329953,0.076305640997274,0.6007512223962372,-0.1002729056739386,29.060487787257767,115.59202183615706,0.0,0.2880527791370244,-0.0009729744264011509,-0.07965939063554907,34.33367299129605,-8.864950933747794,0.0,-0.00042678301415910723,-0.00021000782300857891,6.48786108175648e-05,6.437087972004026,6.440318314234947,6.440253947096528,6.437053548839882,-2.7794656241958666,-10.227573709439758,0.0,-3.070439588188442,0.8889679256983648,0.0
81.68103800397925,-386.27920445869455,-265.5541402654523,1.5,0.7882985955605005,0.08299308257983518,0.5998345363501514,-0.1090687924332087,31.613647864546227,114.90235257575414,0.0,0.28802062056355976,-0.000988769126540675,-0.0796770703015065,34.1178176568345,-9.625334532764082,0.0,-0.0004352165278631643,-0.0002110435578989927,-0.00043842301990155747,6.435443481440086,6.438557888515013,6.438608655635827,6.435291899474843,-3.0076876671837844,-10.15867167000537,0.0,-3.048270128851101,0.9583031358962598,0.0
81.75563255923403,-383.82628874996755,-257.01053123719623,1.5,0.7870562899072299,0.08966864690593938,0.5988430774736444,-0.11785117242276015,34.15007291719262,114.15615932330103,0.0,0.28798782228448516,-0.0010045024819188158,-0.0796945410861854,33.88500135894786,-10.380386016130414,0.0,-0.00044420658571269194,-0.00021265470998972644,9.164897356855751e-06,6.433662957598424,6.436880768312732,6.4368271542939395,6.433613573532308,-3.2341972526927343,-10.084617275005046,0.0,-3.0245651115334415,1.0271257419820154,0.0
81.83022711448879,-381.1848329166218,-248.52467963570314,1.5,0.7857166711800495,0.09633192159796171,0.5977769324494406,-0.12661837363638492,36.66850261587515,113.35385412196453,0.0,0.2879543584401948,-0.0010206229027115584,-0.07969830869901298,33.63535603293786,-11.129722572004718,0.0,-0.00045646028052538336,-0.0002181348943178857,-0.00037524927682233044,6.4319525348091835,6.43508063581863,6.435114182058144,6.4318128890748305,-3.4588790216316885,-10.005451037260654,0.0,-2.999223675240705,1.095475953917151,0.0
81.90482166974357,-378.3562260065645,-240.10075485392434,1.5,0.784279868218673,0.10298173017594114,0.5966363106530016,-0.1353697320941634,39.16768681091215,112.49587745705513,0.0,0.2879204462050479,-0.0010367925361506527,-0.07972569265499405,33.36902260403481,-11.872964647431996,0.0,-0.00046127688567430705,-0.00021664192980580906,-0.00019332251918899716,6.4301483334367715,6.4333193614776,6.433310429712161,6.430050175893295,-3.681614930080545,-9.921226698553037,0.0,-2.9723779030170165,1.1629253937462811,0.0
81.97941622499835,-375.3419499223,-231.74289237487784,1.5,0.7827461109589493,0.10961734353144773,0.5954213638632431,-0.14410400143987825,41.646386178801855,111.58269798100957,0.0,0.2878855568383695,-0.0010531723549480683,-0.07972709160437255,33.08615052751276,-12.609736109265281,0.0,-0.00046550114559405596,-0.00022300783545369716,-9.121924468467845e-06,6.428317709988627,6.431530009164991,6.4314781570588675,6.42826164776357,-3.9022881258147355,-9.831971724923617,0.0,-2.9440343571317134,1.229711744635379,0.0
82.05401078025312,-372.14357858880703,-223.4551916784997,1.5,0.781115649533531,0.11623803903561192,0.5941322477443602,-0.15281993497315718,44.103372875825684,110.6148122923489,0.0,0.2878500852499394,-0.0010698127940473136,-0.07975248870770106,32.7868979197853,-13.339664624131146,0.0,-0.0004953900402712589,-0.0002206299507770185,-0.00045511971579633245,6.426533040369291,6.4296433871849965,6.42969042218336,6.426370020114262,-4.120779335653321,-9.737753827447387,0.0,-2.9135638389650107,1.296592435349155,0.0
82.1286053355079,-368.76277707395855,-215.24171416908212,1.5,0.7793886266125128,0.12284261188440898,0.5927692232385279,-0.16151690126321164,46.53743118457511,109.59274463375787,0.0,0.2878142267762273,-0.0010864621304262924,-0.07976313985947295,32.47143207835864,-14.062380788450454,0.0,-0.0004763723368621651,-0.00022695331555442036,9.304586797790137e-05,6.424603430647031,6.427839412051528,6.427762826228692,6.424569789071004,-4.33698881872688,-9.638628470136345,0.0,-2.882832811810569,1.361296064445373,0.0
82.20319989076268,-365.20130065925684,-207.10648112271696,1.5,0.7775654111758457,0.12943071024170003,0.59133238960545,-0.17019320665871324,48.94735811954454,108.51704657765991,0.0,0.28777717978335243,-0.0011034676624357683,-0.07977540310819807,32.13992713499401,-14.777521206107343,0.0,-0.0004980941553447453,-0.0002290373607499645,-0.00045241148578468055,6.422774528553031,6.425884421644895,6.425930832406699,6.422612134013754,-4.550777805268767,-9.534630762910316,0.0,-2.849519510050563,1.4264100665003636,0.0
82.27779444601745,-361.46099386797823,-199.05347166178078,1.5,0.7756461330923174,0.13600102614133575,0.5898220554853472,-0.17884837145045154,51.33196407912363,107.38829673993443,0.0,0.2877399118221639,-0.0011205996249445418,-0.07979952526006338,31.79256685658358,-15.484724815914818,0.0,-0.0005116017560878731,-0.0002274015356859503,-0.00011494031540079528,6.420814365908084,6.424002929440148,6.423969749081009,6.420728136172657,-4.7620764189876965,-9.425839340507817,0.0,-2.814797924846006,1.490421652607528,0.0
82.35238900127223,-357.543789444071,-191.08662074795004,1.5,0.7736311500563913,0.1425530318122466,0.5882383743215548,-0.18748091038582188,53.690073432064,106.20710045600532,0.0,0.2877016479200453,-0.001137865766298112,-0.07980120996013167,31.429543469399597,-16.183635799400758,0.0,-0.0005186433491821204,-0.00023928432046372452,-0.00021723741317819807,6.418877425147659,6.422040337901477,6.422029963858927,6.4187667876836905,-4.97072905062481,-9.312304879792416,0.0,-2.779178275272776,1.5535029679556223,0.0
82.426983556527,-353.45170728405265,-183.2098172019785,1.5,0.7715207125249296,0.1490857854894027,0.5865815975948997,-0.19608989793726786,56.020525190267975,104.97408944712096,0.0,0.287662814934724,-0.0011553676636072868,-0.07983088994114691,31.051056207126656,-16.873902871169065,0.0,-0.0005233095189311728,-0.00023206185434479024,-0.00031031261627347017,6.41690848707014,6.420051711519589,6.420062358842858,6.416775913185948,-5.176651035170621,-9.19409993523551,0.0,-2.7416142065451035,1.615535450928657,0.0
82.50157811178178,-349.1868533255658,-175.42690174969653,1.5,0.7693150732238535,0.15559834416613483,0.5848519961459627,-0.20467441463802236,58.32217356157385,103.68992142687243,0.0,0.28762309879122283,-0.0011730803608082235,-0.0798377279387637,30.6573133997432,-17.555179960812914,0.0,-0.0005352132727654172,-0.0002392989402253867,3.290123736436706e-05,6.414862199292753,6.418083433216393,6.418013395004751,6.414807346267638,-5.379748651981021,-9.071267565186487,0.0,-2.7030441657195943,1.6771143554026433,0.0
82.57617266703656,-344.7514183907035,-167.74166509498542,1.5,0.7670146454130919,0.16209017846259155,0.5830497383291681,-0.21323299557545636,60.593888532088705,102.3552798030293,0.0,0.2875828055425682,-0.0011910041673929247,-0.07985754074497818,30.24853047813874,-18.22712513587262,0.0,-0.0005435135241593842,-0.00024228756317312393,-0.00045984620337485876,6.412882176854121,6.415989628027168,6.416032332641112,6.412712644758866,-5.579883426036253,-8.943908819253341,0.0,-2.6630748130253417,1.7375987625359726,0.0
82.65076722229134,-340.1476769864877,-160.15784601845624,1.5,0.7646195957421518,0.1685600455883102,0.5811751969592422,-0.2217651353972519,62.83455648842821,100.97087323877231,0.0,0.2875417841576632,-0.0012089965020883112,-0.07987716608696363,29.82493075049899,-18.889402376330864,0.0,-0.0005584291414077255,-0.00024042169425638634,-3.502774074958914e-05,6.41076675240343,6.413972837258164,6.413915604008495,6.410693352504233,-5.776981106692295,-8.812071582189787,0.0,-2.621008969689542,1.7969659428347768,0.0
82.72536177754611,-335.377986061153,-152.67912950769622,1.5,0.7621304070877382,0.17500753244581385,0.5792285271936103,-0.23026923256185858,65.04308077174076,99.53743528282682,0.0,0.28749998880551897,-0.0012273383139330602,-0.07988334511991749,29.386746126194254,-19.541680928513486,0.0,-0.0005657174168048518,-0.00024800891775174263,-0.0003928697263311257,6.4087122179717415,6.411834430007966,6.4118589532280525,6.408555416702801,-5.970923967965902,-8.675837288547962,0.0,-2.5783885052435105,1.8554928482227633,0.0
82.79995633280087,-330.4447837160266,-145.30914491637046,1.5,0.7595473046975861,0.18143151357824921,0.5772100954736493,-0.2387446407579413,67.21838226907319,98.05572395525002,0.0,0.28745747969089197,-0.0012457725165572417,-0.07991349229454674,28.934214830016252,-20.183635387143372,0.0,-0.0005752751157025336,-0.0002468417657188492,-0.00022609163164535268,6.406566027600936,6.409727637277403,6.409712535148499,6.406446575488246,-6.161618265073004,-8.535280391714243,0.0,-2.5341691423385497,1.912915207302665,0.0
82.87455088805565,-325.3505878783779,-138.05146415411082,1.5,0.7568706855443031,0.1878312838291381,0.5751201585365524,-0.24719016449625467,69.35939993540043,96.52652132983577,0.0,0.28741415252956687,-0.0012643943284666652,-0.07991711682964203,28.467583146331947,-20.814946211685907,0.0,-0.0005853245994685301,-0.0002533082474935359,-6.096405110781941e-05,6.404390718671608,6.407589177878045,6.407534759274823,6.404308162814077,-6.348961637290412,-8.390477489897318,0.0,-2.4886298043351047,1.9692806609405813,0.0
82.94914544331043,-320.0979949317908,-130.90959990843135,1.5,0.7541009673779062,0.19420614572766196,0.5729589751080645,-0.2556046102957237,71.46509136172595,94.95063310023501,0.0,0.2873701153016968,-0.0012833335167854688,-0.07994458447837137,27.987104326811043,-21.43529974927874,0.0,-0.0005983631291976695,-0.0002516428517006363,-0.00043721240654100293,6.4022463066201025,6.405358793390031,6.405389576439398,6.402075299328038,-6.532861437056775,-8.24151145449226,0.0,-2.4415960109039085,2.024526944947538,0.0
83.0237399985652,-314.68967830617726,-123.88700389949274,1.5,0.7512383893115497,0.20055497446887474,0.5707269606865595,-0.26398735004893703,73.53443331700464,93.32888812851354,0.0,0.2873253338978842,-0.0013022976972790381,-0.07995846687711815,27.493039319066384,-22.044388473920655,0.0,-0.0006040058868165675,-0.00025770084410768753,2.01924513210522e-05,6.399975076133627,6.4031923189449875,6.4031169659840685,6.399909042765672,-6.713224717242607,-8.088462443046947,0.0,-2.3938867380943196,2.0787488696116747,0.0
83.09833455381998,-309.12838702752134,-116.98706516889983,1.5,0.748283532766499,0.20687738453347934,0.5684242857201516,-0.27233680207164485,75.56642225257376,91.6621379907396,0.0,0.287279662762804,-0.00132164091298219,-0.0799725752172079,26.985655071477733,-22.64191095572926,0.0,-0.000616786538996376,-0.0002603782144686843,-0.0004822245268563817,6.397783569932185,6.400884548471266,6.4009235517996155,6.397600008094342,-6.889948390308979,-7.931417209496147,0.0,-2.344423079110413,2.1317303405110435,0.0
83.17292910907476,-303.41694423078116,-110.21310840275707,1.5,0.745236604270913,0.21317215641606574,0.5660514266427442,-0.2806524857887367,77.56007483305122,89.95125650314888,0.0,0.2872333815307557,-0.0013410492134503383,-0.07999946032470105,26.465226091650123,-23.22757232659808,0.0,-0.0006292960112882187,-0.0002598618513249475,-0.00014168766863311474,6.395462767082484,6.39864297274048,6.3986018461368905,6.395356246170344,-7.062959623475608,-7.770461767926893,0.0,-2.2938107722814514,2.1835553112543233,0.0
83.24752366432953,-297.55824563327224,-103.56839229083793,1.5,0.7420981601504258,0.21943878682451612,0.5636086129924577,-0.2889329868655634,79.514428426354,88.19713923674085,0.0,0.28718629312170885,-0.0013607503712919557,-0.0800032330187571,25.932033537399484,-23.801084210500548,0.0,-0.0006521907020455612,-0.00026465690834982233,-0.0002952836428021428,6.39316878000767,6.396312482801686,6.396303787242355,6.393023799690174,-7.232152004760075,-7.6056848966466735,0.0,-2.2422661732777796,2.2341730274138487,0.0
83.32211821958431,-291.55525797067054,-97.05610792210263,1.5,0.7388685752240218,0.22567637670732424,0.5610962287294203,-0.29717742789165535,81.42854162221869,86.40070302263946,0.0,0.2871381437979784,-0.0013806332015709288,-0.08003606980084325,25.386364717357186,-24.36216498180966,0.0,-0.000649900152374883,-0.00026636497991849655,-0.0003577732131046465,6.390829613057379,6.3939594422726005,6.393965722685033,6.390670767371505,-7.397450319198333,-7.437176213297296,0.0,-2.1894612625305916,2.2836324537589925,0.0
83.39671277483909,-285.4110173976808,-90.67937721745051,1.5,0.7355482267082818,0.23188402373586472,0.558514675890247,-0.3053849415697823,83.30149467908493,84.56288545438383,0.0,0.28708943202148235,-0.0014006053088765767,-0.08004492560263068,24.8285135107135,-24.910539746169594,0.0,-0.0006592790830324544,-0.0002715095334264764,-6.1944340623748015e-06,6.388411863550566,6.391621906971788,6.391545955253328,6.388333052862588,-7.558767333896687,-7.265036353184255,0.0,-2.1355404269516565,2.331676115302096,0.0
83.47130733009386,-279.12862785324404,-84.44125140061111,1.5,0.7321377257429343,0.23806124125994013,0.5558641954437119,-0.31355412958125034,85.13239000780267,82.684644352024,0.0,0.28703982296084773,-0.001421046005847107,-0.08006740560282978,24.258779785268015,-25.445940779562875,0.0,-0.0006727529241183568,-0.00027070789243374216,-0.000506307917265684,6.386059322921233,6.389154419873418,6.389192209377572,6.385863431848237,-7.716025664920751,-7.089346243885257,0.0,-2.080229583436907,2.378326141325316,0.0
83.54590188534864,-272.7112593914836,-78.3447095086076,1.5,0.7286373035224464,0.2442068357156501,0.5531453387574512,-0.32168452794032926,86.92035263042439,80.76695724517745,0.0,0.2869893375610804,-0.001441377202990742,-0.08008992027368433,23.677470316283735,-25.968107867032334,0.0,-0.0006783191247749671,-0.0002785033331856821,-5.002611440272528e-05,6.383563680628989,6.3867633130715955,6.386695254399914,6.383472532981479,-7.869131701433898,-6.910219216752647,0.0,-2.0248891915161997,2.4243110236872383,0.0
83.62049644060342,-266.16214647696347,-72.3926569425019,1.5,0.725047665200837,0.25032043830272155,0.55035830859997,-0.3297746101653803,88.66453062228479,78.81082082720016,0.0,0.2869380896715635,-0.001462162080737288,-0.08009882776296327,23.084895835918932,-26.4767870180472,0.0,-0.0006938072654256995,-0.0002793983371361199,-0.00042777759633469306,6.381131468203547,6.384243581657744,6.384260743311375,6.380951194043534,-8.018024500120855,-6.727743072689695,0.0,-1.9672490664583977,2.468102147155016,0.0
83.6950909958582,-259.48458625191694,-66.58792405649255,1.5,0.7213691187125347,0.2564009759422351,0.5475036340426688,-0.33782377775082933,90.36409551880807,76.81725042055807,0.0,0.2868860308611018,-0.0014831079156262415,-0.08013138782295975,22.48137468164683,-26.971732834244815,0.0,-0.0007039873713138272,-0.00027990472685773067,-0.0002614304153512609,6.378602164817401,6.381753325783094,6.381730904038412,6.3784590828810686,-8.162629393275374,-6.54201556474366,0.0,-1.9093490245026048,2.5110539140197226,0.0
83.76968555111296,-252.68193676830955,-60.93326479052279,1.5,0.717602222569697,0.2624477910037455,0.5445816681445905,-0.3458309035947204,92.01824274959148,74.78727940825947,0.0,0.28683303650401426,-0.001504144998234999,-0.08013792420129404,21.867229694747543,-27.45270691570676,0.0,-0.0007144352749013359,-0.0002879148293875963,-9.595334205629844e-05,6.376040303349244,6.379228183128608,6.379166336599035,6.3759341706618455,-8.302854565207706,-6.353155615444049,0.0,-1.8504885858057132,2.552620319635965,0.0
83.84428010636773,-245.75761519023146,-55.43135534460196,1.5,0.7137475527168975,0.26846022943434855,0.5415927685767633,-0.3537948688548964,93.62619206144896,72.72195864088764,0.0,0.2867792064185968,-0.0015255901012398558,-0.08016807941797792,21.242789177351398,-27.91947875027932,0.0,-0.0007340151590231155,-0.00028655550002094926,-0.0004858159526220819,6.373508008148864,6.376606724800021,6.376632327099386,6.373309387700914,-8.43865043258547,-6.1612488682308015,0.0,-1.7902039335686992,2.5926967797467615,0.0
83.91887466162251,-238.71509596676103,-50.08479289601882,1.5,0.7098054345998754,0.2744372320860873,0.5385375046479008,-0.36171509056855927,95.18718787657356,70.62235590285171,0.0,0.286724627230702,-0.0015470376791696901,-0.08018455549536811,20.60838691462206,-28.37182523968326,0.0,-0.0007338606225926542,-0.00029042851387920944,-1.0205179752525594e-05,6.37084080258594,6.374048777140279,6.373964891728353,6.3707522070911,-8.569944333039212,-5.966412699802529,0.0,-1.729725277460172,2.631039487472651,0.0
83.99346921687729,-231.5579089762068,-44.89609435872252,1.5,0.7057766589069628,0.2803784508985185,0.5354161022402788,-0.36959008303213337,96.70049967303255,68.48955528916214,0.0,0.2866688923040252,-0.0015689289521936237,-0.08020189089343646,19.96436087155507,-28.809531945507132,0.0,-0.00075104591959953,-0.00029429222645109516,-0.0005164522257877409,6.3682535254144605,6.371344198088702,6.3713749606393835,6.368045925399441,-8.696661002070845,-5.768744210816687,0.0,-1.6678941832443137,2.668326620299779,0.0
84.06806377213206,-224.28963764411318,-39.867695188931926,1.5,0.7016615018260942,0.2862827482388276,0.5322292005100728,-0.3774193993959278,98.16542235460875,66.32465662586866,0.0,0.2866127031816611,-0.001590852856771886,-0.08023092389715515,19.311054289563476,-29.232391940769432,0.0,-0.0007679036598777588,-0.0002947910502547968,-0.000192571882731068,6.365535105848395,6.368700989083586,6.368654881170637,6.365400118605004,-8.818759341394625,-5.568366656118306,0.0,-1.6052482741270375,2.704123634562801,0.0
84.14265832738684,-216.9139170339257,-35.001948234382795,1.5,0.697460700728104,0.29214964739374144,0.5289771078748399,-0.3852017313200251,99.58127658120218,64.12877485282817,0.0,0.2865552891939843,-0.0016131118501525625,-0.08023838081954625,18.648815180999183,-29.640206403200494,0.0,-0.0007774720598651448,-0.00030047845560689934,-0.0002923613518944032,6.36283072946964,6.365972430797153,6.365948252306963,6.36267161497093,-8.936155567207681,-5.3653735952601656,0.0,-1.5421432463629678,2.7382321248331483,0.0
84.21725288264162,-209.43443191150445,-30.301122628516133,1.5,0.6931747524102945,0.29797832421532705,0.5256603261587062,-0.39293625745338767,100.94740913400821,61.90303943580409,0.0,0.2864969394366642,-0.0016355657176638538,-0.08027368335969222,17.977995260727127,-30.032785144296728,0.0,-0.0007900317103923549,-0.00030023073964659394,-0.0004020473692269898,6.360091300910892,6.363208493339101,6.363208113763043,6.359905361010622,-9.048804577488578,-5.159886372265699,0.0,-1.4779900213936321,2.770966099392343,0.0
84.2918474378964,-201.85491478650457,-25.767402731405983,1.5,0.688804147888716,0.30376793774400457,0.5222793844137082,-0.40062217919942034,102.26319320817812,59.648593720622955,0.0,0.2864379628582536,-0.0016581687499742823,-0.08028529064255928,17.298951046353924,-30.409946062128448,0.0,-0.000799032733070971,-0.00030640008745824504,-5.0445833854315805e-05,6.357263646438581,6.360460905871607,6.360378373863732,6.357157831738206,-9.15666055682214,-4.952016993330796,0.0,-1.413385401478525,2.8021403598120553,0.0
84.36644199315117,-194.17914393027107,-21.402887117110225,1.5,0.6843496812011983,0.30951804319350107,0.5188345936498269,-0.40825820164413523,103.52802870347544,57.36659431400812,0.0,0.2863778263053211,-0.001681149819291747,-0.08031091871244712,16.612042452348852,-30.771515729111158,0.0,-0.0008098672916654166,-0.00030961468683349535,-0.0005287483226461791,6.354495419398834,6.357582201863038,6.357608782136011,6.354277961984477,-9.259652278917699,-4.741878416673267,0.0,-1.3481157974673148,2.8319270379273926,0.0
84.44103654840595,-186.41094137243576,-17.209587608205087,1.5,0.6798116569962407,0.315227547909614,0.515326655249327,-0.41584389191192767,104.741342537962,55.05821045623026,0.0,0.2863168779031598,-0.0017041927556062,-0.08033603222290567,15.917633287823351,-31.117328767425544,0.0,-0.0008257800125246274,-0.0003086310342687659,-0.00011237689137105619,6.351587726141859,6.354771058077281,6.354699570003641,6.351464371810711,-9.357747823370053,-4.529581409897191,0.0,-1.281762967301594,2.8597164234411276,0.0
84.51563110366072,-178.5541708761862,-13.189428356647124,1.5,0.6751909640096707,0.32089609751428305,0.5117558460898429,-0.423377858080302,105.90258890377596,52.72462337755784,0.0,0.28625493052525375,-0.0017276155997349226,-0.080348282427064,15.216091440094086,-31.447229299709917,0.0,-0.0008395968691472701,-0.00031622668928357186,-0.0004736715565494696,6.348734004677559,6.351832678854367,6.351842881579416,6.348525589761169,-9.450890362403976,-4.315249026641003,0.0,-1.2151822384418005,2.8864775339041895,0.0
84.5902256589155,-170.61273589251192,-9.344244974855599,1.5,0.6704880031290538,0.32652272127891074,0.508122825535317,-0.4308595412876853,107.01124954359963,50.36702564003435,0.0,0.28619223393057325,-0.0017511752307138755,-0.08038324208106583,14.507787372337939,-31.76106931272591,0.0,-0.0008486252161994701,-0.00031592393708158194,-0.0003016601494201176,6.345780552443851,6.348919666903638,6.348889174252593,6.345610832031584,-9.539047782880973,-4.09899678550038,0.0,-1.1481118953685558,2.911404702582158,0.0
84.66482021417028,-162.59057749819144,-5.675783713443723,1.5,0.6657034776416952,0.332106815578888,0.5044280419995263,-0.4382879114763805,108.06683395227387,47.986620499242385,0.0,0.28612829990400845,-0.0017749575650953784,-0.08039337782592056,13.793095071018945,-32.0587099954635,0.0,-0.0008582583496382801,-0.00032275334386776435,-0.00013175011178943538,6.342791298395245,6.34596834038306,6.345897548292148,6.342659698560476,-9.622162361150487,-3.880938705850076,0.0,-1.0804995625770564,2.934741068532122,0.0
84.73941476942504,-154.49167231502352,-2.185700688334663,1.5,0.6608381086323591,0.3376477823786102,0.5006719456194836,-0.44566194823387584,109.06887964829876,45.58462124902488,0.0,0.2860635568661087,-0.0017990798091874693,-0.08042630303871781,13.072391270361676,-32.34002118609663,0.0,-0.0008807325358980387,-0.00032016327498047225,-0.0005211151564938369,6.339828948113791,6.342917098840984,6.342933264523139,6.339604599108382,-9.700211124162601,-3.661200042911543,0.0,-1.011814196232608,2.956281707157899,0.0
84.81400932467982,-146.32003041287285,1.1244388429469696,1.5,0.6558923031328966,0.34314466218372863,0.4968552454333129,-0.45298111725682527,110.01695236396337,43.16225053427173,0.0,0.28599792310816924,-0.0018232928885055296,-0.08044596327204971,12.34605610524923,-32.60488224927609,0.0,-0.0008828864628683172,-0.000329061982202126,-5.7226417996980484e-05,6.336730219203337,6.339924211374481,6.339833301666947,6.336612897302929,-9.773159691625525,-3.439892670988592,0.0,-0.9437556434132522,2.9768850810827034,0.0
84.88860387993459,-138.0796931968982,4.253161154057138,1.5,0.650867041577145,0.34859713767762435,0.4929782207996624,-0.4602440696074006,110.91064622260164,40.72073971588555,0.0,0.2859311280695695,-0.001847903335178009,-0.08046617277046764,11.614470696001481,-32.8531803232174,0.0,-0.0009007727614948505,-0.00033127118108836984,-0.0005528000667514029,6.333704804729097,6.336784178617149,6.336805387823696,6.3334708754433455,-9.840961746229143,-3.217147758042575,0.0,-0.8744336155535858,2.9952328396690904,0.0
84.96319843518937,-129.77473128407811,7.199084675679674,1.5,0.645762661815305,0.35400417575190846,0.4890416638304074,-0.467450402923573,111.74958393555966,38.261328180766014,0.0,0.28586354044131007,-0.0018725885208417676,-0.08049872885169303,10.878019856027274,-33.08481279555898,0.0,-0.0009158154845492294,-0.00033201960234595954,-0.00022417199175103864,6.330545543263771,6.33370119558611,6.3336447297123275,6.330385613393842,-9.903605293091339,-2.993080748457296,0.0,-0.8049353630491296,3.0121595378684036,0.0
85.03779299044415,-121.40924236366872,9.960920567883797,1.5,0.6405800725540167,0.3593653558455466,0.4850459467765209,-0.4745989266531928,112.53341695858475,35.78526266237417,0.0,0.2857947844633961,-0.001897617635951622,-0.08050958815687155,10.13708995479919,-33.299685452800226,0.0,-0.0009223172773416577,-0.0003390394082888995,-0.0003067947247362112,6.327395515375821,6.33053076433445,6.330492733604529,6.327215887080683,-9.961052130062809,-2.767812125203296,0.0,-0.7352330286270135,3.0273906648345075,0.0
85.11238754569892,-112.98734904738797,12.537473243623799,1.5,0.6353198751104907,0.36467992910263747,0.4809916879775055,-0.48168890551458204,113.26182564513329,33.293796567896834,0.0,0.28572511501815023,-0.0019229443627896547,-0.08054737666725562,9.392069069981407,-33.49771354546476,0.0,-0.0009421467438190058,-0.0003402271985838259,-0.00043587322427173034,6.324212069268938,6.32731809660624,6.327307347553151,6.324000147958541,-10.013285531494164,-2.5414609567140825,0.0,-0.66518734716537,3.0412564431582423,0.0
85.1869821009537,-104.51319670968455,14.92764084146976,1.5,0.6299826706320935,0.3699471458860494,0.47687952347158824,-0.48871961700706495,113.93451935865423,30.788189322430988,0.0,0.28565449753105454,-0.00194827160456053,-0.08056271078379934,8.643347029360402,-33.678820884914536,0.0,-0.0009547188256905077,-0.0003444863640854964,-9.897710674570552e-05,6.320935908835302,6.324118894143531,6.3240289146022794,6.320800247552522,-10.060282144598634,-2.3141737691092277,0.0,-0.5948598620899688,3.0529898794465966,0.0
85.26157665620848,-95.99095131896294,17.13041564762832,1.5,0.6245694128486469,0.37516660638571486,0.4727098352338694,-0.49568990070415053,114.55123659615992,28.26970561932484,0.0,0.28558278385957386,-0.001974166847650999,-0.0805912575284365,7.89131502048671,-33.84294146728185,0.0,-0.0009680891164262472,-0.00034608043313185863,-0.0005727401031444398,6.317713583770432,6.320787349598293,6.320805112136544,6.317467004722665,-10.102027881148533,-2.0860381583413368,0.0,-0.5243267416430232,3.063204053822344,0.0
85.33617121146325,-87.42479726071385,19.14488446466113,1.5,0.6190804688725252,0.3803373339045523,0.4684834663908889,-0.5025993704903822,115.11174508262843,25.739614796572212,0.0,0.28551005996946927,-0.0020000402317803404,-0.08061967057763456,7.136365488829239,-33.990017752144624,0.0,-0.0009815317323338003,-0.0003497595946673226,-0.000151372181569466,6.314348521237579,6.317519323886687,6.317438249524784,6.314197582791922,-10.138505269145055,-1.8572032857466352,0.0,-0.45368570093903116,3.0720112590935535,0.0
85.41076576671803,-78.81893515428926,20.970228931533264,1.5,0.6135169050514184,0.38545901921061615,0.4642007438046073,-0.5094467795330225,115.61584184877393,23.19919011922114,0.0,0.2854362702961738,-0.0020263703139532163,-0.08063537909963485,6.37889169122662,-34.12000146144606,0.0,-0.0009985715835301723,-0.00035621881065725963,-0.00051272093657602,6.3110345583516,6.314120852156524,6.314121060869912,6.310798126632769,-10.16970389079492,-1.6277822471377692,0.0,-0.3827553215997795,3.079056922317068,0.0
85.4853603219728,-70.1775796644157,22.60572579166237,1.5,0.6078791963605814,0.3905307976643604,0.45986245706866685,-0.5162316333647338,116.06335329539286,20.64970810432256,0.0,0.28536159141437284,-0.0020527823262002677,-0.08067351205288804,5.619287726196469,-34.23285396370541,0.0,-0.0010097942040911993,-0.0003550048768115909,-0.0003472572854258664,6.307618234146339,6.31074357084345,6.310704320780484,6.307418711490148,-10.195619917091912,-1.3979117330314137,0.0,-0.31192040151795153,3.084209805678005,0.0
85.55995487722758,-61.504957308757554,24.050747108098435,1.5,0.6021681772954385,0.3955521368815105,0.4554691379130634,-0.5229530166945124,116.45413523053232,18.092447795671866,0.0,0.2852856198050182,-0.0020795424393145246,-0.08068719028507368,4.8579481579590285,-34.328545623131355,0.0,-0.0010213755211193902,-0.000360855091116194,-0.00018304669233718733,6.304162621782276,6.307324710984367,6.307246237651236,6.303999665360422,-10.216237441946753,-1.1676931713900194,0.0,-0.24102623941175794,3.0876959688926107,0.0
85.63454943248236,-52.80530426233773,25.30476042846734,1.5,0.5963846965774019,0.4005225090280593,0.45102132151245466,-0.5296100272760209,116.78807292044124,15.528690128271414,0.0,0.2852087328458476,-0.0021066061354055275,-0.08072324191886256,4.0952678461058,-34.407056128641614,0.0,-0.0010390767049065924,-0.0003627494725530679,-0.0005437662022001913,6.300726539304457,6.3038056944164005,6.303808280283047,6.30047815615475,-10.231564654640017,-0.9372732687064658,0.0,-0.16994735141430228,3.0898600195644006,0.0
85.70914398773712,-44.082864160329734,26.36732889828814,1.5,0.5905292436191676,0.4054410792887648,0.4465198291732663,-0.5362021874356842,117.06508108205271,12.959717186211423,0.0,0.2851307620118519,-0.0021337551783996243,-0.08074664647008502,3.3316417526500297,-34.4683744525313,0.0,-0.0010521246363690393,-0.00036690598797946717,-0.00012283696245482347,6.29715934108011,6.300335099529852,6.300239019619206,6.29700656718684,-10.241597832398979,-0.706766320643969,0.0,-0.09904501533382573,3.0901399397020843,0.0
85.7837385429919,-35.341885900851175,27.23811132183631,1.5,0.5846029513919528,0.4103075593977348,0.44196500785261306,-0.5427283185524153,117.28510388653675,10.386811533417514,0.0,0.28505169835131167,-0.002161364643238114,-0.08077002522705264,2.5674645565692242,-34.512498915136554,0.0,-0.001067164210623922,-0.0003714414368812165,-0.0005939753773966025,6.293653959858666,6.296720392251543,6.296731232100304,6.293390657225598,-10.246340437478064,-0.47629909803947734,0.0,-0.028148020920795706,3.088798148797111,0.0
85.85833309824667,-26.586621448568916,27.916862171835152,1.5,0.5786062230740344,0.41512105110725933,0.437357771665175,-0.549188065339805,117.44811494052368,7.811255518673222,0.0,0.28497154132573904,-0.0021890896847147423,-0.08080621794494058,1.8031307046149538,-34.53943686489208,0.0,-0.0010815509549339645,-0.00037188469506935456,-0.00026552062548471,6.290014140209229,6.293156850169174,6.293090186071527,6.2898249281306375,-10.245799633098569,-0.2459894003938229,0.0,0.04262030237757423,3.0857200011430743,0.0
85.93292765350145,-17.821323640193924,28.403431548262464,1.5,0.5725401147267802,0.4198811951105985,0.43269855346525166,-0.5555803819882588,117.55411724834889,5.234330594240491,0.0,0.28489031591542147,-0.0022171387860561594,-0.08082049253155775,1.0390339472191665,-34.5492052336,0.0,-0.0010980321266488894,-0.0003799385437960072,-0.0003768384941265214,6.2863843663357,6.289499895465898,6.289456914330736,6.286167459741758,-10.239985196398534,-0.0159714576635272,0.0,0.11324563575283923,3.0811304255713123,0.0
86.00752220875623,-9.050243993525251,28.697765084647635,1.5,0.5664053201049288,0.4245873369520891,0.42798807344377543,-0.5619046321633696,117.60314315748364,2.6573166065279277,0.0,0.28480794340747334,-0.0022454709197143974,-0.08086161532229004,0.2755672341690742,-34.54182985823049,0.0,-0.0011118342327193546,-0.00037963867069305867,-0.0004777897661303019,6.282709946413469,6.285802936348797,6.28578163663634,6.28246812834746,-10.228909030253675,0.21363899989143348,0.0,0.18369679209910045,3.074824128514758,0.0
86.082116764011,-0.2776305210233387,28.799903803814626,1.5,0.5602025356114447,0.4292388330285024,0.42322706315765896,-0.5681601854457776,117.59525429183051,0.08149113258279113,0.0,0.28472449861718424,-0.0022739597639518574,-0.08088086788235466,-0.48687750009529546,-34.517345902506754,0.0,-0.0011263991737427244,-0.00038570073910863063,-0.00015066623265816355,6.278944683061619,6.282112126725334,6.282013609150207,6.278776627225313,-10.21258801434893,0.4427160534755894,0.0,0.25388763694750405,3.066852311224008,0.0
86.15671131926578,8.492274450823418,28.7099839224072,1.5,0.5539328530628059,0.4338353379628109,0.41841596752082544,-0.5743460385133731,117.53054146089873,-2.4918712200532784,0.0,0.28463990168621667,-0.0023028885158068104,-0.0809129158886491,-1.2479096592553494,-34.47579779336431,0.0,-0.0011411858691969083,-0.00038936871349451674,-0.0006146513526112025,6.275227633957732,6.278287807824361,6.27829461391647,6.27495075481022,-10.19103873831896,0.6711365774295707,0.0,0.3238204198343757,3.057392532523906,0.0
86.23130587452056,17.255236454952907,28.428236604041313,1.5,0.5475966997139493,0.4383760148798087,0.4135557460586878,-0.5804618583010694,117.4091245608173,-5.061499484909092,0.0,0.2845541952964599,-0.0023319160844556476,-0.08094485139103119,-2.007140080856326,-34.417238576453116,0.0,-0.0011572681601057678,-0.0003894875394140765,-0.00020737991804872116,6.271366907093827,6.274521354299071,6.274432242984975,6.271182081971448,-10.164283971173282,0.8987844725388748,0.0,0.39346974129944073,3.0458096323394312,0.0
86.30590042977533,26.00703104901636,27.954987663029677,1.5,0.5411952867050316,0.44286060328296983,0.40864678001310517,-0.5865065702044808,117.23115245350448,-7.626127017235953,0.0,0.2844673477330398,-0.0023613681618952203,-0.0809642980308925,-2.7641813040411396,-34.34173130896849,0.0,-0.001171159009785292,-0.0003976398891571552,-0.0005453391618434314,6.2675496612874255,6.270624753142433,6.270612011602091,6.267285224749356,-10.13234778696768,1.1255306516160912,0.0,0.46271773164926794,3.033187894490237,0.0
86.38049498503011,34.74344597117789,27.290657215278557,1.5,0.5347291583397494,0.44728836486331475,0.40368996481784336,-0.5924797533962946,116.99680283173285,-10.184492182113138,0.0,0.2843793024806181,-0.002390985003619218,-0.08100641121028893,-3.51864780860654,-34.24934714689545,0.0,-0.001187441192913543,-0.0003975274257889876,-0.00039677232582022284,6.263631895316671,6.266741973284258,6.266692997796258,6.263399794139877,-10.095255458775073,1.351256902531765,0.0,0.5316502342476899,3.0186902550861254,0.0
86.45508954028489,43.46028328530123,26.435759280983984,1.5,0.5281992605715742,0.4516588512585085,0.39868590529290054,-0.5983806247968487,116.70628207131321,-12.735339008713716,0.0,0.2842901814470712,-0.002420894839673347,-0.08102354357736384,-4.270156214134679,-34.14016668425724,0.0,-0.001204174221343179,-0.00040466348711905834,-0.0002498101914068508,6.259671599980591,6.262814250923332,6.262729343202765,6.259471395248651,-10.053041490431765,1.575846594976917,0.0,0.6001702610902618,3.0025925535805573,0.0
86.52968409553966,52.15336151402505,25.390901336805413,1.5,0.5216065527684317,0.45597161959448773,0.3936352072553935,-0.6042084158983689,116.35982505359267,-15.27741785641076,0.0,0.284199843823207,-0.0024511687997285925,-0.08106325374608629,-5.018325501132726,-34.01427916647457,0.0,-0.001220344530136993,-0.0004033937946225947,-0.0005925792738712783,6.255722656124772,6.258786946969876,6.258779213638178,6.255441424666719,-10.005734691074846,1.7991753931817094,0.0,0.6681622834952212,2.9846330503470138,0.0
86.60427865079444,60.81851775883925,24.156783818520147,1.5,0.514951586763524,0.4602259653339154,0.3885387986493033,-0.6099627251450295,115.95769499412557,-17.809486104561792,0.0,0.28410835442045373,-0.0024815907467399985,-0.081090518309298,-5.762777156206328,-33.87178346960826,0.0,-0.0012333240732175547,-0.0004122762341472015,-0.00017670656206742572,6.251642688931069,6.254801740856509,6.254696559642411,6.251455950842218,-9.953372274802202,2.0211340629927057,0.0,0.7356707175547302,2.965959934263813,0.0
86.6788732060492,69.45160980608779,22.73419957297236,1.5,0.5082356357494697,0.464421654084909,0.383397068661283,-0.6156425533646168,115.50018323645483,-20.3303087709318,0.0,0.2840157205867736,-0.00251240000634897,-0.0811176067700553,-6.503135570512536,-33.712785814040174,0.0,-0.001250373621881037,-0.00041518122940243464,-0.000639366627251632,6.247619322939951,6.2506712220433425,6.250670760309487,6.247323768916639,-9.895996584068959,2.2415865726365976,0.0,0.8026471681605997,2.9449030484941234,0.0
86.75346776130398,78.04851821704308,21.124033264395422,1.5,0.5014591505647362,0.46855792980481714,0.37821104530961547,-0.6212476092008125,114.98760903565142,-22.838659190939,0.0,0.2839217050730864,-0.0025434766164527897,-0.08115788479304294,-7.239027788845578,-33.537402157535375,0.0,-0.0012635255313710628,-0.00041453317615559984,-0.0003099594041728127,6.243458896146594,6.246587442693488,6.246509474938832,6.2432378702054425,-9.833634511607722,2.4604492383686978,0.0,0.8689114569386969,2.9223329823510222,0.0
86.82806231655876,86.60514840259574,19.32726073035307,1.5,0.4946233137501733,0.4726345070004627,0.37298120838421034,-0.6267770085760018,114.42031934687263,-25.33331963583031,0.0,0.2838267230922581,-0.002574796195942547,-0.08117607971115758,-7.970084676850795,-33.34575728309978,0.0,-0.001286662854518339,-0.0004248670016353855,-0.0004375584811683423,6.239308069353164,6.242405348712623,6.242353920881691,6.239054691454047,-9.766352386870134,2.6775701279448403,0.0,0.9348723774003577,2.8986927314468334,0.0
86.90265687181353,95.11743267827934,17.344948288617122,1.5,0.48772889444574025,0.4766508389356937,0.3677083661740107,-0.6322302276151269,113.79868854123825,-27.81308200410067,0.0,0.2837304463862935,-0.002606416210395369,-0.08122065978564998,-8.69593978834657,-33.1379835920586,0.0,-0.0012974355681307707,-0.00042297983848480603,-0.0005209375624146585,6.2351044484942815,6.238183436952637,6.238150106387478,6.2348306852080535,-9.694184494275401,2.8928545420533975,0.0,0.9999196555765331,2.8731204449385643,0.0
86.97725142706831,103.58133230163757,15.178251998134485,1.5,0.48077667151942294,0.48060640296020124,0.3623933259085113,-0.6376067399999229,113.12311817353367,-30.276748414207944,0.0,0.28363286140619715,-0.0026383363716319884,-0.08124439723103817,-9.416230856856531,-32.914222812026395,0.0,-0.0013151465252141871,-0.0004306166221219631,-0.00020840242519325775,6.230811121124871,6.233960984328608,6.233853401065212,6.2306073521268175,-9.617174177549451,3.106200408675355,0.0,1.0644837852427254,2.846375880636627,0.0
87.05184598232309,111.99283948932423,12.828416872584231,1.5,0.4737678443296545,0.4845009136756491,0.35703659314581376,-0.6429057205232538,112.39403671548318,-32.723131818184584,0.0,0.2835340773773703,-0.002670623494241506,-0.08128044643842997,-10.130598781955827,-32.674624226574906,0.0,-0.001326785573624247,-0.0004333984182394461,-0.000645405332066975,6.226557298830802,6.229606232299307,6.229598234434865,6.226251421582372,-9.535385636223705,3.317472338351449,0.0,1.12806008845179,2.8180276320911215,0.0
87.12644053757786,120.34797941394285,10.296776048556064,1.5,0.46670290206843434,0.4883337017730981,0.3516392078681194,-0.6481268891223121,111.61189923450755,-35.15105665782644,0.0,0.28343420588316814,-0.002703037001004421,-0.08131597859541558,-10.838689481581651,-32.419345961437045,0.0,-0.001355806206000096,-0.00043733014921951965,-0.000289116478977595,6.222167106140839,6.225297980339765,6.225204044002835,6.2219397314290426,-9.448873743109106,3.526576669797604,0.0,1.191511605248435,2.7881360295325095,0.0
87.20103509283264,128.64281217592557,7.5847499059985175,1.5,0.45958315921135007,0.4921045470398644,0.34620161550290096,-0.6532693747415276,110.77718710122657,-37.55935945611474,0.0,0.28333305240315587,-0.0027359174273866266,-0.08133949760272056,-11.5401516844242,-32.14855408767209,0.0,-0.0013564626842205191,-0.00044343539545194165,-0.0005678539578346527,6.217802117853794,6.220867583751736,6.220838265827109,6.217510713487135,-9.357690221250172,3.7334012552230034,0.0,1.2531421388736061,2.7569619365726683,0.0
87.27562964808742,136.87343475547715,4.6938451444305,1.5,0.4524092258666674,0.495812863079891,0.34072478612066115,-0.6583328316879493,109.89040767773618,-39.94688942198456,0.0,0.28323017763767255,-0.0027690075230758695,-0.08138659951820665,-12.234639670746235,-31.86242266846951,0.0,-0.001382295705324425,-0.00044383828538141734,-0.0004519775828560608,6.21334579680731,6.216438649704497,6.216379336822103,6.213077878886721,-9.261880634204037,3.9378339841160233,0.0,1.3148482497859675,2.7241620360373155,0.0
87.3502242033422,145.03598293869004,1.6256538140733576,1.5,0.44518213581309957,0.49945829339264275,0.3352093869831803,-0.6633166257471286,108.95209400345828,-42.31250905637799,0.0,0.28312682139959955,-0.002802378752460765,-0.08140696358040996,-12.921811781163566,-31.561133714112607,0.0,-0.0014083639123056032,-0.000451996699862428,-0.00033697297180496847,6.2088437080108525,6.211961572430353,6.211872425588041,6.2085990351815985,-9.161550450039444,4.139781734887243,0.0,1.3757000099790422,2.689961203582469,0.0
87.42481875859697,153.12663321744822,-1.618147696720128,1.5,0.43790293213700654,0.5030404873281423,0.3296560878299573,-0.6682201387949371,107.96280436773098,-44.65509471631439,0.0,0.28302174536390945,-0.002836170937205126,-0.0814507387878672,-13.601331156226776,-31.244877145409745,0.0,-0.001406671365968634,-0.00045427264488862,-0.0006042495287534454,6.204335662610035,6.20739206836639,6.2073652466884655,6.204029956534269,-9.05672225650043,4.339129708655724,0.0,1.4347633744040136,2.6548374483763397,0.0
87.49941331385175,161.14160466294638,-5.035799717459948,1.5,0.4305722393385912,0.5065588988218505,0.3240658726114585,-0.673043043901294,106.92312202845335,-46.973537201388325,0.0,0.2829153068618477,-0.0028700893131345193,-0.08148279917663905,-14.272866318369044,-30.913849941736213,0.0,-0.0014408131030277775,-0.00045717423626209184,-0.00026834659511717823,6.199713311608211,6.202846879772196,6.202738117376453,6.1994806969378455,-8.947477659499832,4.535775619540112,0.0,1.4939337896794866,2.6175131208391496,0.0
87.57400786910652,169.07716077225302,-8.625460393509742,1.5,0.42319140629207985,0.5100133316970369,0.31843921094544586,-0.6777845557876498,105.83365481280849,-49.26674233662488,0.0,0.2828078053998568,-0.002904528513297269,-0.08151407203769644,-14.936089861345003,-30.568257864273072,0.0,-0.0014510940557143762,-0.00046316253627555986,-0.0006907254864541083,6.195129284772501,6.198164545987984,6.198152211400484,6.1947981538066825,-8.833894059671927,4.729629783799797,0.0,1.551515618062354,2.5795344915484693,0.0
87.64860242436129,176.92961128773507,-12.385206828567126,1.5,0.41576095079578634,0.5134032096235687,0.3127771829272978,-0.6824444372853117,104.69503472066295,-51.53363151348973,0.0,0.2826989351198462,-0.0029390918538140303,-0.08155781852998706,-15.590680834297828,-30.20831286173357,0.0,-0.0014687247192773545,-0.0004650597505018688,-0.0003812267498510925,6.1904127802390185,6.193519689865302,6.193433855763659,6.190150995329798,-8.71603651408156,4.920583894726745,0.0,1.6083104059333664,2.5400568970958646,0.0
87.72319697961606,184.69531398421717,-16.31303626537639,1.5,0.4082821377868337,0.5167283100084649,0.3070803270104805,-0.687021995545372,103.50791752021924,-53.77314223806428,0.0,0.28258859582587453,-0.0029740966664967223,-0.08158148394075951,-16.236323121400613,-29.834234728999633,0.0,-0.0014723115891901483,-0.0004701943300192531,-0.0004336622054705979,6.185689417075651,6.188783173183605,6.1887093460115175,6.185415438116469,-8.593979138977215,5.1085453283998445,0.0,1.6640681680795553,2.4992822888776334,0.0
87.79779153487084,192.37067642733177,-20.406867308372536,1.5,0.4007558043682908,0.5199882191488917,0.30134950815645806,-0.6915168191341042,102.27298234166528,-55.98422867277121,0.0,0.28247717301903863,-0.0030093826984443246,-0.08162975223456562,-16.872706477467133,-29.446250318882036,0.0,-0.0015049923327566316,-0.00047382423922736483,-0.0005858360808490961,6.180930508462026,6.183989276886159,6.183946372657507,6.18061721834995,-8.467799473185162,5.293419283664693,0.0,1.7188562067228457,2.457287792217658,0.0
87.87238609012562,199.95215770018493,-24.664541185755713,1.5,0.39318278601665096,0.5231825339153352,0.29558560195773304,-0.6959285055962273,100.99093125212988,-58.16586215930275,0.0,0.28236437942019565,-0.003044879261843471,-0.08165765433537836,-17.499526287975616,-29.044593391473153,0.0,-0.001521827340431378,-0.0004801306754493737,-0.000274722737468849,6.176068848370782,6.179198332402872,6.179081673751701,6.175825394610056,-8.337581868780147,5.475110766183135,0.0,1.7724492931712237,2.4140135224728483,0.0
87.94698064538039,207.4362700977341,-29.083823050355782,1.5,0.38556437660476056,0.5263110562606341,0.2897891439758174,-0.7002564070288546,99.66248880133683,-60.317031738924335,0.0,0.2822501872473456,-0.0030809102588954503,-0.08169788147904712,-18.116484160478574,-28.629504579514588,0.0,-0.00154061203155952,-0.00048253164564999274,-0.0007193377245929045,6.171244982388884,6.174271810422061,6.174255532291053,6.170896702231186,-8.203398501462058,5.653534575465248,0.0,1.824958413015213,2.3694422929700627,0.0
88.02157520063517,214.8195807874233,-33.66240331859534,1.5,0.37790108755773494,0.5293732645483411,0.28396126943001665,-0.7045003280821143,98.28840158467648,-62.43674465351483,0.0,0.28213463951620515,-0.0031170286958805003,-0.08173819816084052,-18.72328769950002,-28.20123146175073,0.0,-0.0015563440868049153,-0.00048825416922419003,-0.00032383284967221277,6.166274967338578,6.169392530052266,6.1692831917952,6.166016167766323,-8.065339572788739,5.82859431208188,0.0,1.8764628748463845,2.324107232788235,0.0
88.09616975588995,222.09871343620162,-38.3978990472091,1.5,0.3701943424601031,0.5323690232308198,0.2781024299776349,-0.7086595870764252,96.8694377734285,-64.52402684077808,0.0,0.28201779717941877,-0.0031536469221372307,-0.08176656718232686,-19.319650696311182,-27.76002744433755,0.0,-0.0015731095311142872,-0.0004924800392126003,-0.0006446406379855773,6.161338260138118,6.164380973466191,6.164343732725541,6.161003492949211,-7.923489448847684,6.0002099117348395,0.0,1.926479168112296,2.2770794975176702,0.0
88.17076431114472,229.27034980244238,-43.28785534467987,1.5,0.36244478222268217,0.5352978870645275,0.2722136766088439,-0.7127339378834858,95.40638663719638,-66.57792340551714,0.0,0.2818994254663699,-0.003190570585364962,-0.0818168778600484,-19.905293552270557,-27.306153020989754,0.0,-0.0015943872994555598,-0.0004949305885503612,-0.0005126988745192928,6.1562993144535465,6.1593727662405895,6.159302517938958,6.155992435902182,-7.777923575850709,6.168299842683359,0.0,1.9757607929430347,2.22929531666667,0.0
88.2453588663995,236.33123129249563,-48.32974681933699,1.5,0.3546535088879157,0.5381596044251696,0.2662957183922513,-0.7167229026369877,93.9000580852217,-68.59749909100277,0.0,0.2817799123832952,-0.003227697615176958,-0.0818431337957552,-20.47994315154026,-26.839874525122035,0.0,-0.0016159428786379495,-0.00050434615301021,-0.0003818321666187864,6.151211481089521,6.154313464770763,6.15421040960931,6.150932195697367,-7.628757582157463,6.332769591522195,0.0,2.0238368698673344,2.180428792291766,0.0
88.31995342165428,243.27816047963051,-53.52097906170707,1.5,0.34682163578784947,0.5409539326438063,0.26034925990634566,-0.7206260185233798,92.35128210800183,-70.58183875026747,0.0,0.281658883576103,-0.003265328709451029,-0.0818911081495436,-21.043333265202598,-26.361464285084896,0.0,-0.0016355997295204618,-0.0005033271854653623,-0.0007089504745158054,6.1461249305787335,6.149152079633981,6.149122191124339,6.14576783415782,-7.476057667657647,6.493551862183299,0.0,2.0702705048085495,2.1300928611527974,0.0
88.39454797690905,250.10800258580147,-58.85889016041267,1.5,0.3389498035684086,0.5436804632409925,0.25437537509224883,-0.7244430640827993,90.76090833853449,-72.5300477769323,0.0,0.28153656386345377,-0.003303130768423427,-0.08192715774034301,-21.59520426959535,-25.87120098705485,0.0,-0.0016467990127939126,-0.0005109373906922987,-0.00030116017029723126,6.140903381872066,6.144023578858106,6.143898455707151,6.140639261719482,-7.319927851141079,6.650567896734226,0.0,2.11562002522504,2.0794435440091594,0.0
88.46914253216383,256.81768692597996,-64.34075225105484,1.5,0.3310394691855807,0.5463390924038654,0.24837451891271065,-0.7281734438356903,89.12980549704214,-74.44125252567234,0.0,0.2814126078722892,-0.00334144002565723,-0.08196407418096463,-22.135303668638567,-25.369368013687446,0.0,-0.0016693837559751312,-0.0005154022116970427,-0.0007481113530274576,6.135730252941652,6.138746708932319,6.138721995702507,6.13536025754895,-7.160456345497104,6.803732157742692,0.0,2.15974917805025,2.0272509720630025,0.0
88.5437370874186,263.4042083130059,-69.96377309498587,1.5,0.3230911675055494,0.5489294010698215,0.24234784972367024,-0.731817005716143,87.45886087581725,-76.31460074516049,0.0,0.28128766511422726,-0.003379941154297918,-0.08201145489463547,-22.663386305685112,-24.856255042699374,0.0,-0.0016934624102363553,-0.0005179395073770317,-0.0004659820294330998,6.130421800767296,6.133503441235581,6.133410684935325,6.1301139758381185,-6.997753844889644,6.952990884635077,0.0,2.2026822039761136,1.9741518885313447,0.0
88.61833164267338,269.86462842213655,-75.72509769015441,1.5,0.3151062210746314,0.5514512464993846,0.2362959466296938,-0.7353732506562348,85.74897978718202,-78.14926196567981,0.0,0.2811610411944946,-0.003418829149501041,-0.08203979525322233,-23.179213737900625,-24.33215706419935,0.0,-0.001717953794586593,-0.0005302950066668569,-0.0005831591316852883,6.125109327903704,6.128161838439193,6.128093124135957,6.124771463232044,-6.831898616620004,7.098253628385509,0.0,2.244001928591557,1.9203817613404743,0.0
88.69292619792814,276.19607711678685,-81.62180991183584,1.5,0.30708552163662495,0.5539043541588476,0.2302197037384835,-0.7388418889421449,84.0010850502929,-79.94442791394857,0.0,0.2810327126787178,-0.0034581477123409206,-0.082093759126487,-23.6825555187924,-23.79737368898475,0.0,-0.00173263580388528,-0.0005268570970610832,-0.0006655881664015895,6.119739080882371,6.122773711377995,6.1227224253823875,6.119380600348469,-6.662999316748226,7.239461254775295,0.0,2.284286031277856,1.8654203047701872,0.0
88.76752075318292,282.39575373228485,-87.65093418125525,1.5,0.29902993587140875,0.5562884493796393,0.2241200533939284,-0.7422226486750727,82.21611641965096,-81.69931287863663,0.0,0.28090355583456245,-0.0034976774635702966,-0.0821258287247828,-24.17318806269363,-23.252210122612517,0.0,-0.0017457978451092238,-0.0005341515145147668,-0.00034745966786923994,6.114272035679472,6.117378823360284,6.117252736498104,6.11398558281678,-6.4911692458559065,7.376561947254096,0.0,2.322896097863033,1.8099309234752807,0.0
88.8421153084377,288.46092831834017,-93.80943716209401,1.5,0.2909408228110229,0.5586034225902025,0.21799754820523437,-0.745515072194428,80.39503000026134,-83.41315404593304,0.0,0.28077243647314887,-0.0035377129040759484,-0.08217144375259125,-24.65089605606955,-22.696975695496633,0.0,-0.001761065637085213,-0.000538798784591286,-0.0007615742756617911,6.108837279999797,6.111848133928129,6.111815940590623,6.108453590842799,-6.316488054376104,7.50946678648303,0.0,2.360266068594799,1.7536583042536003,0.0
88.91670986369247,294.388942838025,-100.09422948236674,1.5,0.2828187272945796,0.5608489257628329,0.21185336239801433,-0.7487190412984074,78.53879771328891,-85.08521188198942,0.0,0.28064013925223225,-0.003577950919322205,-0.08221622297394694,-25.11547131377331,-22.13198438901603,0.0,-0.0017897014704052533,-0.0005404734913965692,-0.0004185497718427827,6.103263745957214,6.106353762368506,6.106238850067766,6.102955656838747,-6.139074576935444,7.638139483391177,0.0,2.3962385578218606,1.695970171105899,0.0
88.99130441894725,300.17721232591424,-106.50216748237825,1.5,0.27466511021116335,0.5630248883789607,0.20568799533118487,-0.7518340913228043,76.64840670135112,-86.71477044709651,0.0,0.28050634274470637,-0.003618689654888102,-0.0822498213088583,-25.56671370619827,-21.5575553594073,0.0,-0.0017990811829381509,-0.0005501819311872012,-0.0006992947498403234,6.097709295022729,6.100732928313412,6.100681967692469,6.097335582978828,-5.959030310129076,7.762511655920882,0.0,2.4307858051679174,1.638443667026952,0.0
89.06589897420203,305.8232260015944,-113.03005498834762,1.5,0.26648065450235964,0.5651310295623736,0.19950252042048772,-0.7548600695146345,74.72485874394383,-88.3011377280422,0.0,0.2803708210798533,-0.0036596433361136137,-0.08230500354472714,-26.004430951275054,-20.974010919636097,0.0,-0.0018236570817393566,-0.0005506286311355137,-0.0005789602338595135,6.092055962570322,6.095107913818789,6.09502621306524,6.0917070494011885,-5.776460975331509,7.882519410844921,0.0,2.463922272625346,1.5795161468182546,0.0
89.1404935294568,311.3245483396037,-119.67464510783589,1.5,0.2582665014616286,0.5671672063434187,0.1932976770886136,-0.7577966629007538,72.76916966832849,-89.84364594818034,0.0,0.28023428603840095,-0.003701047371144009,-0.0823361643555506,-26.42843875997939,-20.381677822096083,0.0,-0.0018479739541083214,-0.0005578230212202081,-0.00045791714321959635,6.086350680320686,6.089429192862371,6.08931661840256,6.086026759487125,-5.591476613448539,7.998141229355539,0.0,2.4955830734683992,1.519910137698084,0.0
89.21508808471158,316.67882009484606,-126.43264204719888,1.5,0.2500237930400836,0.5691332806385632,0.18707420990286716,-0.7606435773558164,70.78236874681122,-91.34165181161916,0.0,0.2800959571614442,-0.0037428596232431067,-0.08238895667615993,-26.838560874291044,-19.78088672396809,0.0,-0.0018566827251327558,-0.0005628132645202799,-0.0007326477733597772,6.080636361338313,6.083651249248319,6.083601357368242,6.080248324332115,-5.40418217413886,8.109296521896106,0.0,2.5258099352208445,1.4603894567474465,0.0
89.28968263996636,321.8837592831985,-133.3007029498978,1.5,0.24175322099538027,0.5710290154708492,0.18083319199184467,-0.7634006813612314,68.76549809617914,-92.79453681682601,0.0,0.27995609043419184,-0.0037848751172584036,-0.08243074970443048,-27.23462922070317,-19.171971073546207,0.0,-0.001888872864541559,-0.000565942023856453,-0.0004053459546347561,6.074801042617435,6.077891044237667,6.077761580711672,6.0744844963431905,-5.21469015719771,8.215948346789821,0.0,2.554532944259254,1.399223749166308,0.0
89.36427719522113,326.93716211679555,-140.27543975483584,1.5,0.23345625333380268,0.572854369044235,0.17457513767710234,-0.7660676020765371,66.71961206511726,-94.20170751882685,0.0,0.2798149819376319,-0.0038275073099587513,-0.08247174639025681,-27.616483912644405,-18.5552690254592,0.0,-0.0019035271767210182,-0.0005731619430700857,-0.0008060935741853254,6.0689953626374304,6.071991840332392,6.071953303768179,6.068584782885175,-5.023108622491128,8.31806799465745,0.0,2.5817848674737105,1.3382609609219591,0.0
89.43887175047591,331.83690389363875,-147.35342107501253,1.5,0.22513345246224298,0.5746090985379727,0.1683012267465738,-0.7686442672234066,64.64577662012665,-95.56259575022897,0.0,0.27967197746508116,-0.0038702278458574726,-0.08252558747823757,-27.983973475996095,-17.93112094109371,0.0,-0.0019200255253150464,-0.0005771657581957684,-0.0005043506901847341,6.063054626557184,6.066120632601833,6.066010657575535,6.062711874289307,-4.8295562687629445,8.41558251381916,0.0,2.6075940570529608,1.2767338782094553,0.0
89.51346630573069,336.58093984060326,-154.53117409236748,1.5,0.2167861920914829,0.5762931571276652,0.1620120334918774,-0.7711303683360745,62.54506871625393,-96.87665887827525,0.0,0.279527814140692,-0.00391356582674229,-0.08255899537942005,-28.336954496000377,-17.299869900899306,0.0,-0.0019501329891532045,-0.0005805842568829957,-0.0006327811594492058,6.057110928036381,6.060146450973288,6.0600623801916145,6.05673480441193,-4.6341343870226614,8.508490604952142,0.0,2.631748684317908,1.2142724990665705,0.0
89.58806086098546,341.16730591093136,-161.80518646783364,1.5,0.2084153665009149,0.5779063988981249,0.1557085027669252,-0.7735257534723541,60.418575693003966,-98.14337996340986,0.0,0.2793820200278064,-0.00395718427900017,-0.08261658724821118,-28.675292271882803,-16.661862594581756,0.0,-0.0019619189487141723,-0.0005861323698514897,-0.0006980282088880547,6.051104233382041,6.054124487939772,6.054054348885105,6.050711927461778,-4.436965070838679,8.596736376113041,0.0,2.654406052850941,1.1517046583049817,0.0
89.66265541624023,345.594119534132,-169.17190826822866,1.5,0.20002188676903965,0.5794486976194247,0.14939155793495892,-0.7758302740021633,58.267394616410556,-99.3622680036357,0.0,0.2792344701076084,-0.0040011170161589876,-0.08265584877622367,-28.998860511930122,-16.017447496540527,0.0,-0.0019857357124567765,-0.0005930885799893703,-0.0004227400046329092,6.045005265207832,6.048087890546322,6.047951390760475,6.044673654650661,-4.2381558964310475,8.680282325740512,0.0,2.6756119299025585,1.0884992801237783,0.0
89.737249971495,349.8595803188693,-176.62775390688128,1.5,0.19160711357939855,0.5809200216588496,0.14306179893922344,-0.7780436775309767,56.09263167189987,-100.53285811310965,0.0,0.27908557407933426,-0.004045594683783209,-0.08270581981002041,-29.307541240666076,-15.366976009853015,0.0,-0.002005291122954803,-0.0005983800568323633,-0.0008319128734414562,6.0389301400024396,6.041917824303997,6.041873531976663,6.038501887887409,-4.037827021498387,8.7591137576238,0.0,2.695333434540781,1.0251154156903113,0.0
89.81184452674978,353.9619707088854,-184.16910409791103,1.5,0.1831716186064544,0.5823202023133258,0.13672040395500848,-0.7801659254653706,53.89540151056905,-101.65471166294527,0.0,0.27893511371805296,-0.004090303780000221,-0.08275596581181534,-29.601225155734483,-14.710800926004337,0.0,-0.002030643877636536,-0.0006009222228868755,-0.0004870633300660941,6.03271349244757,6.035780616184967,6.035653709714192,6.032361787516809,-3.8360885232822417,8.833197923362123,0.0,2.7132881711522034,0.9610528913325376,0.0
89.88643908200456,357.8996565913015,-191.79230782004302,1.5,0.1747168862186573,0.5836492481225676,0.13036788213656075,-0.7821967656179909,51.67682661976054,-102.72741644101389,0.0,0.27878302108127834,-0.004135547225569332,-0.08279548979859642,-29.87981171201604,-14.049277738065777,0.0,-0.00204999436635188,-0.0006103743598778481,-0.0007861142401579369,6.026516540644694,6.029513094157027,6.029453015483064,6.026093640013779,-3.6330576324762074,8.902507924410397,0.0,2.730011107527372,0.8970874664999631,0.0
89.96103363725933,361.67108785653403,-199.4936842934478,1.5,0.16624361057805737,0.5849070377363983,0.12400532467998657,-0.7841361479994492,49.43803667477733,-103.75058679474598,0.0,0.2786294078116368,-0.004181062774216934,-0.08285482890395626,-30.143208713995453,-13.382762948300078,0.0,-0.002070289359547262,-0.0006120261164528594,-0.0006522383317828514,6.020213645653471,6.023241399553953,6.023148124324701,6.019819337348057,-3.42885474708981,8.967025070988267,0.0,2.7449220822331712,0.8327031911243195,0.0
90.03562819251411,365.27479891069504,-207.2695249642395,1.5,0.1577529472986807,0.5860935407703703,0.117633482520189,-0.7859839266015574,47.18016789128696,-104.72386373307168,0.0,0.27847415053065416,-0.004227035349555553,-0.0828928299427878,-30.39133274152848,-12.711614820879177,0.0,-0.0020908945636166102,-0.0006196859680809983,-0.0005196578534608719,6.013856476625653,6.016913420100506,6.016787196758107,6.013490411197086,-3.223584108446149,9.026732224058339,0.0,2.758265366780036,0.7680860247977279,0.0
90.11022274776889,368.7094091399687,-215.11609549758668,1.5,0.1492460579330866,0.5872087343497271,0.11125310000702707,-0.787739972474199,44.90436239837828,-105.64691503103755,0.0,0.27831729553190315,-0.004273466106635903,-0.08295071044567837,-30.62410907380713,-12.036192730993934,0.0,-0.002120694447463639,-0.000623568444396858,-0.0008497703009641987,6.007497195105058,6.010477849114047,6.010424170507105,6.007051314820791,-3.0173733543733654,9.081611249338753,0.0,2.7703460926019803,0.7030651822472325,0.0
90.18481730302366,371.9736233268672,-223.02963777769423,1.5,0.1407236172837514,0.5882525350196611,0.10486529436666635,-0.7894042618449125,42.6117675750992,-106.51943532995996,0.0,0.278158971711309,-0.004320147872502137,-0.08299749003117499,-30.841471419264096,-11.356857597650608,0.0,-0.00212921063247721,-0.0006296994988553977,-0.0004527402925440447,6.000997209048945,6.0040686012059945,6.00392267212338,6.000642322908278,-2.8103356556344363,9.131656160401254,0.0,2.780481083121847,0.6385441166486466,0.0
90.25941185827844,375.06623201805473,-231.00637191464577,1.5,0.13218713685629657,0.5892249900678909,0.09847053894701736,-0.7909766272708143,40.30353540232751,-107.3411461820028,0.0,0.27799876593135736,-0.0043673987222033524,-0.08304532951754455,-31.04336269381734,-10.67397016096507,0.0,-0.0021568062238155566,-0.0006358681302446014,-0.0008768390084843905,5.994537450366999,5.997510101586813,5.997458722992843,5.99408137684608,-2.602586037224464,9.176843457985214,0.0,2.7893010896041863,0.573307149640613,0.0
90.33400641353322,377.9861118430206,-239.0424982533432,1.5,0.12363717484030093,0.5901260263964389,0.09207003284283247,-0.7924570846546696,37.9808218189166,-108.11179611966837,0.0,0.27783728121517665,-0.004414988480827757,-0.08310318812193868,-31.229733864472653,-9.98789249180179,0.0,-0.0021821021762504036,-0.0006386569369726909,-0.0006121032029823403,5.987941535215954,5.990975261766279,5.990859807943964,5.987543572223076,-2.3942365453813577,9.217189888453523,0.0,2.796440382656183,0.5080442995326937,0.0
90.408600968788,380.7322257861016,-247.13419938738983,1.5,0.11507509280750293,0.5909556861554078,0.08566437478332871,-0.7938455233286368,35.64478608235505,-108.83116067516136,0.0,0.27767402902672356,-0.004462835442896239,-0.08314313034726421,-31.400545182100224,-9.298987180849059,0.0,-0.0022141466724924044,-0.0006656987713208635,-0.0007388872909268715,5.981337152619924,5.984337446871614,5.984247306673333,5.980905987518182,-2.185415677042669,9.25266572139192,0.0,2.8021326269460705,0.44306511993236053,0.0
90.48319552404277,383.30362340873614,-255.27764217570154,1.5,0.10650180546417333,0.5917139652569922,0.07925448714783961,-0.7951419213069145,33.29659010699795,-109.49904243502554,0.0,0.2775089011189831,-0.004511375721878436,-0.08320682892294312,-31.555765008519433,-8.607616348808426,0.0,-0.002224698152196274,-0.0006480447207756909,-0.0007926377825805278,5.97466275172951,5.977653696966288,5.977575079910053,5.974218301850588,-1.9762371738844673,9.283282376975032,0.0,2.8059277919149803,0.37776180425530903,0.0
90.55779007929755,385.6994410236529,-263.4689797591665,1.5,0.09791821071146302,0.5924008745055985,0.07284131199428778,-0.7963462633572275,30.937397798065618,-110.11527102364755,0.0,0.27734241473380505,-0.004560280344214983,-0.08325133954170093,-31.6953711940496,-7.914142798661029,0.0,-0.0022448057101001843,-0.0006582476330106315,-0.0005125093064922283,5.967896342812171,5.970950276891593,5.9708047753417155,5.967514298505494,-1.766792999461888,9.309052294709078,0.0,2.8087017113493173,0.3128063763117435,0.0
90.63238463455231,387.9189018205086,-271.7043535773921,1.5,0.08932567811620554,0.5930164757993641,0.06642543145730656,-0.7974584909042557,28.568374470226193,-110.67970307203042,0.0,0.27717408326224335,-0.00460955438152749,-0.08330748091357204,-31.819349212173204,-7.218928387529037,0.0,-0.0022624166350665173,-0.0006658408100550941,-0.0008945801513212175,5.961148972055842,5.9641138808976955,5.964054675708586,5.96067688372001,-1.5572410420583032,9.329957377899742,0.0,2.8099577677763166,0.24803423901797098,0.0
90.70697918980709,389.96131594534415,-279.9798953832346,1.5,0.0807247786089135,0.5935607712686805,0.06000801963036038,-0.7984786525070745,26.190686139047358,-111.1922222247203,0.0,0.27700427176908754,-0.0046592296510285375,-0.08336322631284696,-31.927693436997284,-6.522334598917436,0.0,-0.0022948733387777084,-0.0006648627821168812,-0.0005841359009449825,5.954265154650836,5.957302025948887,5.957167211686367,5.953860739203307,-1.3476601261896963,9.346027160094579,0.0,2.8087426979692247,0.18265365643299852,0.0
90.78157374506186,391.82608053075,-288.2917292548496,1.5,0.07211697632930417,0.5940338513747299,0.053589596926330724,-0.799406705155328,23.80549891162957,-111.65273907528352,0.0,0.2768327010911288,-0.004709426011725454,-0.08340893213775406,-32.02040797395666,-5.824723166703509,0.0,-0.002308583834812068,-0.0006775842402953714,-0.000848083172122474,5.947390470967588,5.950364398951498,5.95028917886345,5.946923827877065,-1.1381848281047076,9.357258634475897,0.0,2.807112769365662,0.1183354850526302,0.0
90.85616830031664,393.51267967610323,-296.63597360607116,1.5,0.06350297052276382,0.5944357533218676,0.047171233925814175,-0.8002427023080966,21.413978319616028,-112.06119112889603,0.0,0.2766593236570251,-0.0047599294567645615,-0.08347428862071712,-32.09750393006509,-5.126453720144575,0.0,-0.0023338503386354337,-0.0006793811925621219,-0.0007324545259921818,5.940414371014355,5.943415240385755,5.943310403264588,5.939971477958158,-0.9289291202264337,9.363663924244976,0.0,2.803356340092936,0.053693714961430404,0.0
90.93076285557142,395.0206843831226,-305.0087431895627,1.5,0.054883904203464146,0.5947665600864429,0.04075367646092071,-0.8009866627586525,19.01728870345523,-112.41754271528882,0.0,0.2764845275037589,-0.004810977456077884,-0.08351818524540695,-32.15900173013107,-4.42788538961764,0.0,-0.0023589995837479797,-0.0006876062941671935,-0.00061674438227251,5.93338172414082,5.9364077855651125,5.936273321952935,5.93296260927533,-0.7199917411648865,9.365275271364123,0.0,2.7981077209163483,-0.010699163259882476,0.0
91.00535741082619,396.3497524429487,-313.40615109447265,1.5,0.0462609198102355,0.5950263612548412,0.03433766789782934,-0.8016386226183669,16.616592583236223,-112.72178488431703,0.0,0.2763078241473902,-0.004862476181570135,-0.08358186220918347,-32.20493030740659,-3.7293759859740923,0.0,-0.002379982860701738,-0.0006931770697363716,-0.0009006606663954519,5.926336777141335,5.92929693273813,5.929225672837511,5.925849827702423,-0.5115047253234631,9.362092306922916,0.0,2.7916349353107437,-0.0746285901769042,0.0
91.07995196608097,397.4996282763574,-321.824310736482,1.5,0.03763470235866357,0.5952152352856178,0.027924286562247387,-0.8021986581154639,14.213050016196718,-112.97393532551298,0.0,0.2761294726006881,-0.0049142788122217215,-0.08363521989541695,-32.235326524407455,-3.031281673392387,0.0,-0.0024021851473444733,-0.0006978312558249199,-0.0005610449592317496,5.919162364136124,5.922200209875305,5.922048086645014,5.918751297078539,-0.303572879575224,9.35414687727905,0.0,2.7831953792712336,-0.13834133283898054,0.0
91.15454652133575,398.47014272675096,-330.2593378405083,1.5,0.029006716874340057,0.5953333049700947,0.021514028578805692,-0.8026668131571569,11.807817964546615,-113.17403823850798,0.0,0.27594937431281136,-0.004966749529360161,-0.08368889486649159,-32.25023631528273,-2.333956985010822,0.0,-0.0024255943833619733,-0.0007056513906341193,-0.0009497537321459598,5.912014453779915,5.914961456065836,5.91489638260917,5.911511032446916,-0.09630187143232236,9.34146101880952,0.0,2.7736246516065495,-0.20171300816797286,0.0
91.22914107659052,399.2612128059625,-338.7073524130576,1.5,0.0203775266546443,0.5953806705996014,0.015108054902303658,-0.8030431869836624,9.402049683509917,-113.32216419631051,0.0,0.2757676464674623,-0.005019456115481189,-0.08375300307339505,-32.249713503560194,-1.6377544557425219,0.0,-0.00245007787726248,-0.0007106073369829844,-0.0006906897593688458,5.904733473229846,5.907739907995452,5.907612257367269,5.904287042712767,0.11018228454390086,9.324064700965257,0.0,2.7625517135897977,-0.2647393222548049,0.0
91.3037356318453,399.8728413944958,-347.1644807037896,1.5,0.011748467026692919,0.5953574649357173,0.008706952528765662,-0.8033278604937717,6.99689409299132,-113.41840999117593,0.0,0.2755841549550235,-0.005072784303919576,-0.08379971581966134,-32.23382001789997,-0.9430246471960533,0.0,-0.0024785792310001477,-0.0007165152212904446,-0.0007975866609999828,5.897437244139912,5.900417822088778,5.900311474431752,5.896962779562468,0.31578631993067396,9.301982348645675,0.0,2.749809102238105,-0.3272679771442325,0.0
91.37833018710008,400.30511689629003,-355.6268571558564,1.5,0.003120430269523447,0.5952638209135034,0.0023116296418241207,-0.803520941105326,4.59349518547771,-113.46289847998754,0.0,0.2753988136311597,-0.005126534979954541,-0.0838687960596957,-32.20262640508381,-0.25011564815336473,0.0,-0.002495449620425827,-0.0007228214564287695,-0.0008650027025881197,5.890076950611146,5.89304157316974,5.892949084313695,5.889585229738564,0.5203925698604887,9.275249860980063,0.0,2.7357990004419057,-0.3893919967799613,0.0
91.45292474235485,400.55821284735765,-364.09062634299846,1.5,0.005505698120348795,-0.595099883942603,0.004077003144353055,0.8036225441493468,2.192991402971746,-113.45577839366644,0.0,0.27521179078269525,-0.0051806241412866065,-0.08392031880264655,-32.156210914158365,0.4406268738232994,0.0,-0.0025198299186979774,-0.0007300701550835121,-0.0006078047876207644,5.882621712814725,5.885644450677291,5.8854898398524185,5.882186576703301,0.7238862929913797,9.243901584176276,0.0,2.7201481149729587,-0.45104952400124476,0.0
91.52751929760963,400.632387479626,-372.55194489254603,1.5,0.014128588780961224,-0.5948658080979857,0.010458370419518638,0.8036327991210644,-0.20348496793826076,-113.39722414347601,0.0,0.2750230361856223,-0.005235421665539235,-0.083982325312278,-32.09465997112115,1.1288600501265322,0.0,-0.0025420801917515235,-0.0007341776335610668,-0.0009836494199608379,5.875180367351888,5.8781159624786685,5.878045634620229,5.8746560474535094,0.9261788881042512,9.207975898850792,0.0,2.703017823422748,-0.512111087693679,0.0
91.60211385286439,400.5279832396435,-381.00698339360633,1.5,0.022747686935950306,-0.5945617649802268,0.01683132609766719,0.8035518382932465,-2.5948083845544745,-113.28743561786519,0.0,0.27483249890590916,-0.0052904513914272975,-0.08404466685187394,-32.01806840556133,1.8142438251272388,0.0,-0.0025662427737260644,-0.0007441538859821623,-0.0006578926773460783,5.867599992381541,5.870609511335082,5.870461291963727,5.867148130236069,1.127144346158029,9.167511896815965,0.0,2.6851443971109434,-0.5727037823519517,0.0
91.67670840811917,400.24542626281465,-389.45192828890504,1.5,0.03136156002181564,-0.5941879207929565,0.023195379337778568,0.8033798240646314,-4.979860640319697,-113.12663795422517,0.0,0.27464016862018187,-0.00534610986425756,-0.08409729139641602,-31.92653771185457,2.496441199432461,0.0,-0.0025912131697884075,-0.0007482432485339311,-0.0009420012735356741,5.860030951893581,5.862974086956103,5.862888601087183,5.859510696206147,1.3266888652053312,9.122551943954882,0.0,2.66485742171764,-0.6326723368836831,0.0
91.75130296337394,399.7852258061329,-397.8829837497219,1.5,0.039969534838941556,-0.5937444698069456,0.02954948434659973,0.8031169085713971,-7.357531434069276,-112.91508130334621,0.0,0.27444612239680133,-0.0054022685935273505,-0.08416810840704915,-31.820178306735322,3.175118587195008,0.0,-0.0026138270529413843,-0.0007539144335859168,-0.0008199753322124776,5.852355721725759,5.855326655361049,5.855210533581772,5.851861149793197,1.5247191674044291,9.073142951738776,0.0,2.643944219674615,-0.6919956486236112,0.0
91.82589751862872,399.14797363600786,-406.29637353222154,1.5,0.04857050410678526,-0.5932316048905956,0.03589292089691905,0.8027632697870702,-9.726718940139355,-112.65304057424979,0.0,0.27425017957746606,-0.005458750442449799,-0.08421975259810961,-31.69910770183685,3.8499457668887147,0.0,-0.0026368570056852832,-0.0007651424249672789,-0.000699688624270742,5.844622447412246,5.847619222311818,5.847472797315749,5.84415308920502,1.7211030425761968,9.019329684466934,0.0,2.6216841987358035,-0.7506718878364386,0.0
91.9004920738835,398.33434337344806,-414.6883428147064,1.5,0.05716336227077255,-0.5926495251941153,0.04222497413360934,0.802319102265742,-12.086330424857946,-112.34081517462167,0.0,0.2740524973926247,-0.005515892786983514,-0.08428945636662022,-31.56345102379871,4.520596207160359,0.0,-0.002664498045426207,-0.0007655808557066044,-0.000988131829478226,5.836876371000485,5.839806867092247,5.839723831845183,5.83633727490909,1.915769085834189,8.96116482103549,0.0,2.597368714121882,-0.8087328381859696,0.0
91.97508662913827,397.34508979740025,-423.0551600147653,1.5,0.065747449328821,-0.5919984642525546,0.04854460294306468,0.8017845800178944,-14.435282750817978,-111.97872873234778,0.0,0.27385304037050157,-0.005573411343273863,-0.08434949335257315,-31.413341232283404,5.186747076922657,0.0,-0.00268490152286037,-0.0007765293589651422,-0.0006556372064214771,5.828999849673938,5.832005474501065,5.831843557199396,5.8285353305847325,2.1086105533210016,8.898700368040679,0.0,2.572644271893414,-0.8659531814038303,0.0
92.04968118439305,396.18104810661646,-431.39311858502094,1.5,0.07432135328858587,-0.5912786202698381,0.054851334604038564,0.8011599470450989,-16.77250294268836,-111.56712879763123,0.0,0.27365169953057417,-0.005631509234215246,-0.08441003041096298,-31.248917701468866,5.8480797649106915,0.0,-0.0027108955168065425,-0.0007823290377355515,-0.001030522909843945,5.8211455543189885,5.82406378789962,5.82398544782941,5.820591588290432,2.299518392194165,8.831989671702885,0.0,2.5460049390411172,-0.9225101798326193,0.0
92.12427573964783,394.84313314236675,-439.6985387864146,1.5,0.08288453268572687,-0.590490256684741,0.061144053962622714,0.8004453858114701,-19.096928736628715,-111.10638654499694,0.0,0.2734485917444683,-0.0056900760365546045,-0.08448068120722002,-31.07032777993224,6.504279588872685,0.0,-0.0027356268049372754,-0.0007860943814878208,-0.0007818569618917416,5.813159391303695,5.816134784429009,5.815996318363768,5.812660068179165,2.4884175943520175,8.761090004847523,0.0,2.5181571175159863,-0.9782551377636368,0.0
92.1988702949026,393.3323385693224,-447.96776943889466,1.5,0.09143570786824114,-0.5896335977596027,0.06742219928524325,0.7996411562465014,-21.407509101153334,-110.5968964574604,0.0,0.2732433217087093,-0.005749215248775564,-0.08453584273748926,-30.877725917099728,7.155036310960884,0.0,-0.00272868750889308,-0.0007891779913730099,-0.0007662394499684321,5.805138589570312,5.808116829787148,5.807976492453286,5.804644603259583,2.675192783207995,8.686061393694605,0.0,2.48932661021062,-1.0332264166236962,0.0
92.27346485015738,391.6497360167875,-456.19718964756174,1.5,0.09997402388548896,-0.58870890458534,0.07368490403842866,0.7987474914683115,-23.70320478946771,-110.03907599117896,0.0,0.2730368054993052,-0.005808741345908007,-0.08461007736250267,-30.671273072815943,7.800044184848918,0.0,-0.0027844357350901234,-0.0008007669778027051,-0.0009519995365379209,5.797085997885338,5.800020128961636,5.799915547977389,5.796542032499653,2.8597634825756426,8.606965083966791,0.0,2.4590984834451826,-1.0873225910865445,0.0
92.34805940541216,389.79647418208384,-464.38321050393796,1.5,0.1084986330142396,-0.5877164529577564,0.07993130225138627,0.7977646297481433,-25.9829888224956,-109.43336523784727,0.0,0.2728280945617871,-0.005868805920793003,-0.08466904935294284,-30.451137378789145,8.439002105557183,0.0,-0.002811011261661153,-0.000809957719294967,-0.0007117697445842352,5.788922569448669,5.791910616394257,5.791747607076945,5.788431051018515,3.042038673743938,8.52386144731594,0.0,2.427726320859328,-1.140639702964357,0.0
92.42265396066693,387.7737778957216,-472.52227676109425,1.5,0.11700827060938569,-0.5866564856793133,0.08616084454005954,0.7966928776432874,-28.24584700673945,-108.78022656881346,0.0,0.2726176251463728,-0.005929484690784162,-0.08473781852334525,-30.21749356634644,9.071613868480062,0.0,-0.0028335352758221076,-0.0008167496464174683,-0.0010660522295132576,5.780767251300209,5.783672711385917,5.783589058423591,5.780191574231995,3.2219236208990805,8.436823289568885,0.0,2.395218229315824,-1.192934733604617,0.0
92.49724851592171,385.5829471492095,-480.61086848265256,1.5,0.12550240402752583,-0.5855293291368329,0.09237244782706139,0.795532452000746,-30.49077842867746,-108.08014427774718,0.0,0.2724052571638585,-0.0059905731680904165,-0.08480704887422438,-29.970522755234963,9.69758805802905,0.0,-0.0028613633932820233,-0.0008216835529603998,-0.0007657681514426414,5.772476690412531,5.77545087112666,5.775294777068376,5.7719671648997775,3.3993383171817944,8.345911373700162,0.0,2.3612932524450323,-1.2444118053996762,0.0
92.57184307117647,383.2253560866423,-488.64550266322794,1.5,0.13397967770821978,-0.5843352315695378,0.09856564275761964,0.7942837006860669,-32.71679593775578,-107.33362419359858,0.0,0.27219100637422966,-0.006052323527440834,-0.08486712243777683,-29.710412957779237,10.316638501351452,0.0,-0.0028858645759762998,-0.0008338441888712542,-0.0010306656381986541,5.76419181649205,5.7671028900694905,5.767005253233261,5.763618487822846,3.5741943801680818,8.251197240212704,0.0,2.326757302421934,-1.2949933684518828,0.0
92.64643762643125,380.70245195979106,-496.6227348213556,1.5,0.1424394499761145,-0.5830745291566083,0.10473944493025503,0.792946874144166,-34.92292662064953,-106.54119330594735,0.0,0.271974927042834,-0.006114413909062034,-0.08494456619993625,-29.437358010845507,10.928484281305515,0.0,-0.0029099045030144418,-0.00083622295305351,-0.0009164003980693007,5.755802047456794,5.758739538862828,5.758612945542463,5.755252500106592,3.7463965716617316,8.152758802656017,0.0,2.290561131865814,-1.3443867040369908,0.0
92.72103218168603,378.01575404830487,-504.5391605620472,1.5,0.15088067330443403,-0.5817475201526333,0.11089317619195113,0.7915222982920462,-37.10821228807226,-105.7033993423562,0.0,0.27175691304198185,-0.0061772353954424,-0.08500375401639164,-29.151558078844623,11.532849895119613,0.0,-0.0029332045368937734,-0.000843786357022827,-0.0008002203308297455,5.747352586596064,5.750315474882939,5.750159582034491,5.746827361287274,3.9158946956816085,8.050654636156567,0.0,2.2533005087934215,-1.3927556694556447,0.0
92.7956267369408,375.16685254663673,-512.3914171101263,1.5,0.15930230521193445,-0.5803545083009376,0.11702616340254011,0.7900103146973605,-39.271709864148015,-104.82081039784855,0.0,0.27153694626985186,-0.006240568950314785,-0.08508049458986805,-28.853219292308353,12.129465392737519,0.0,-0.002968564486592412,-0.0008533860936965097,-0.0010953532201229577,5.738891033633401,5.7417847593501605,5.741692802521466,5.7382935291646895,4.082578245314526,7.944971333213794,0.0,2.2155285537764775,-1.440745011082973,0.0
92.87022129219558,372.15740741754496,-520.1761848125896,1.5,0.16770372851206516,-0.5788958687822076,0.12313742182687389,0.7884111921427013,-41.412491890967495,-103.89401449510876,0.0,0.27131525067919576,-0.006304304481119856,-0.0851477166973915,-28.542553455988745,12.718065966898946,0.0,-0.0029805357651140263,-0.0008580960489004951,-0.0007504700057968682,5.730293500921816,5.733266060795801,5.733093649349936,5.7297747187040855,4.246383261380734,7.835788864801249,0.0,2.176249649592624,-1.486642019647575,0.0
92.94481584745036,368.9891472124946,-527.8901886102111,1.5,0.1760836066559093,-0.5773718762056324,0.12922652344548424,0.7867253559356205,-43.529646932524216,-102.92361914534288,0.0,0.27109139852057257,-0.0063687896477367814,-0.08521606911274271,-28.21977849719834,13.298393925274445,0.0,-0.0030121989081660803,-0.0008675371976277016,-0.0011203463420093797,5.721719871231909,5.724605664789103,5.724514969651433,5.721112093167198,4.407234567200027,7.723171226113578,0.0,2.1362053801364667,-1.5322819238372938,0.0
93.01941040270513,365.6638678603127,-535.5301994739709,1.5,0.18444143418069978,-0.5757829428255993,0.13529242115847778,0.7849530692248654,-45.62227999079527,-101.91025092804661,0.0,0.27086586738362317,-0.006433685056158453,-0.08529348458424893,-27.885117298263797,13.870196214690399,0.0,-0.0030400009514131112,-0.0008736063845570212,-0.0008922305615193393,5.713016156947177,5.715953981829222,5.71580756530169,5.712457941698983,4.5650596487172646,7.6072155786128866,0.0,2.095134063892098,-1.576664019451964,0.0
93.09400495795991,362.1834314262013,-543.0930358115187,1.5,0.19277601672413033,-0.5741293787270862,0.14133458787157419,0.7830947568012444,-47.68951291119104,-100.85455503654052,0.0,0.2706382049050233,-0.006499053023718408,-0.08535599218392952,-27.538798485899616,14.433226279500609,0.0,-0.003059015369692452,-0.0009007083774007018,-0.0009533189212552881,5.704286548175529,5.707206089222719,5.707071926904552,5.7037123925091295,4.7197840660647925,7.487991236979703,0.0,2.053142925572629,-1.619784105581904,0.0
93.16859951321469,358.54976484027407,-550.5755648391755,1.5,0.2010865521364693,-0.5724115647715499,0.14735222217087687,0.7811507675775257,-49.73048477745815,-99.75719483630955,0.0,0.27040871668594,-0.0065652785397109234,-0.0854380722609043,-27.181055616856344,14.98724383862956,0.0,-0.0030906683361935964,-0.0008873429819721264,-0.0010531369645748673,5.695498576908569,5.698397341856784,5.698282613693986,5.694897785531394,4.871339679181501,7.365588431247269,0.0,2.0101178324237696,-1.661827740052482,0.0
93.24319406846946,354.7648585972386,-557.9747039191536,1.5,0.20937225009918722,-0.5706298970465372,0.1533445202147297,0.7791214536933097,-51.7443523051457,-98.61885137795588,0.0,0.27017735738308507,-0.006631913378329867,-0.08550455524639654,-26.812127632984424,15.532014846695338,0.0,-0.0031155017574502402,-0.0008975525135043354,-0.0008183742898269725,5.686613016282516,5.689564258164313,5.689392709510842,5.686063756418396,5.019670600631561,7.240089474730982,0.0,1.9664340949115995,-1.7027560093213405,0.0
93.31778862372424,350.8307654280988,-565.2874218620329,1.5,0.21763193553068352,-0.568784700490057,0.15931097325079868,0.777007283702983,-53.73029017530876,-97.44022294443641,0.0,0.26994397836899076,-0.006699193364551964,-0.0855808916933519,-26.432257717302416,16.06731151347862,0.0,-0.003145987820583939,-0.0009056708696434985,-0.001174703698245645,5.677735151676108,5.680603107734991,5.680510363447486,5.677100236450992,5.164698267433222,7.111582139280139,0.0,1.9218452659777177,-1.7426952244225424,0.0
93.39238317897902,346.74959894582946,-572.5107401936377,1.5,0.22586511939801848,-0.5668764482944885,0.16525057208490157,0.7748085496649851,-55.68749142709605,-96.22202456095197,0.0,0.26970855098169744,-0.006766940599496949,-0.08565794102308961,-26.04169436971958,16.592912354553025,0.0,-0.003162428654981098,-0.0009113959622605065,-0.0008533840784789957,5.668717345622291,5.671658732200526,5.671490405824335,5.668155149671458,5.306369193681824,6.980148307932813,0.0,1.8764629746655523,-1.7809198446825738,0.0
93.4669777342338,342.5235322635511,-579.6417343870874,1.5,0.23407053214716791,-0.5649054565946982,0.17116290538117623,0.7725257736227005,-57.615167780928864,-94.96498751688593,0.0,0.26947124068815564,-0.006835387335230098,-0.08572616205819307,-25.640690200409995,17.10860325942203,0.0,-0.003197292974744119,-0.0009223521638521118,-0.0011329064110028977,5.659710144010659,5.662585201084785,5.662477344404405,5.659079407448318,5.444622770600261,6.845884538668971,0.0,1.8302215942123916,-1.8186030798185189,0.0
93.54157228948856,338.1547965886446,-586.6775350558497,1.5,0.24224759047826624,-0.5628721963048613,0.1770470541923296,0.7701592927026423,-59.51254997078183,-93.66985885710767,0.0,0.269232093904411,-0.006904336945125024,-0.08581057230338711,-25.229502286384246,17.61417585239126,0.0,-0.003220703293877618,-0.0009275982563445883,-0.0010205852195638442,5.650595582690353,5.653496132765716,5.653359963422509,5.649988374015079,5.579403256227254,6.708882118351206,0.0,1.7832971135002849,-1.8546601359346502,0.0
93.61616684474333,333.6456797925184,-593.6153291114073,1.5,0.25039532574166196,-0.5607770612842674,0.18290240109927997,0.7677095675164055,-61.378888059493704,-92.33740088504864,0.0,0.26899075866900857,-0.006973909950407632,-0.08587840570922928,-24.808391817676608,18.109429053276468,0.0,-0.0032437408543832705,-0.0009373969152624322,-0.0009076213479367129,5.641420949887483,5.6443458345510535,5.64418124981995,5.640837462995833,5.710653552528262,6.569220632993429,0.0,1.7356590303187092,-1.8894631086876932,0.0
93.69076139999811,328.99852495720165,-600.4523608833576,1.5,0.25851278825933866,-0.5586204551464258,0.18872831833117334,0.7651770692187984,-63.213451750687135,-90.96839068459344,0.0,0.26874752866229185,-0.007044157755299765,-0.08596239307232108,-24.37762410974608,18.594168248921722,0.0,-0.003267491744324708,-0.0009464646964042616,-0.0011477255196773962,5.632226109499604,5.635094541169415,5.634982943040442,5.631584791900051,5.838325657067971,6.427001379248521,0.0,1.687616839693368,-1.923264248666439,0.0
93.76535595525289,324.21572889983224,-607.1859332006751,1.5,0.2665993822108884,-0.5564028686787973,0.1945239464885416,0.7625621623010813,-65.01553065166142,-89.56361955571462,0.0,0.2685022034372383,-0.007114860589989856,-0.08603836808945599,-23.93746752511168,19.068206254418495,0.0,-0.0033057721283481565,-0.0009514861484155678,-0.0009014637038068451,5.622915367188945,5.625839820888551,5.625666915420061,5.6223264015495085,5.962361939285258,6.282315752057367,0.0,1.6380938617666359,-1.9557532770151027,0.0
93.83995051050766,319.2997406774801,-613.813408434916,1.5,0.27465392055320814,-0.5541246621348055,0.20028884745436276,0.7598654225085799,-66.78443458467567,-88.12389253631312,0.0,0.2682550773514907,-0.0071864016624201285,-0.0861141427891221,-23.48819538234415,19.531362392573687,0.0,-0.0033275631299224282,-0.0009622196707732916,-0.0012165916552388466,5.613608040067685,5.6164581217007425,5.6163558038524775,5.61294421837858,6.082733075099649,6.1352566273631695,0.0,1.5887402311339744,-1.9869092070480436,0.0
93.91454506576244,314.2530600688806,-620.3322095046573,1.5,0.28267592191689533,-0.5517863742806244,0.20602209621741344,0.7570871919381934,-68.5194938239728,-86.65002786312648,0.0,0.26800574857461573,-0.007258278783710175,-0.08619985678018932,-23.03008341244506,19.983463441966116,0.0,-0.0033528414950675218,-0.0009706169637947074,-0.0009923867903900193,5.604177768375176,5.607078614324655,5.606921945321649,5.603563074699723,6.199365311684378,5.98592647297444,0.0,1.5387422832275124,-2.016877075071433,0.0
93.98913962101722,309.0782360392284,-626.7398208397759,1.5,0.29066429562655305,-0.5493883906861532,0.21172321945908668,0.7542280436108683,-70.22005936588432,-85.14285643400689,0.0,0.267754574190978,-0.007331094255160396,-0.08627053472708929,-22.563410437299485,20.424342859100477,0.0,-0.0033849074026571255,-0.000968992176040311,-0.0010870631313485118,5.5947236845045465,5.597602526212183,5.597464131725474,5.594083568572637,6.312249045949829,5.834407926313875,0.0,1.4878181734053118,-2.0453853276892295,0.0
94.06373417627199,303.77786518778873,-633.0337893073715,1.5,0.2986183171810688,-0.5469312038722608,0.217391486785368,0.7512884268694902,-71.88550311828303,-83.60322129617025,0.0,0.2675012182444113,-0.007404330949269348,-0.0863604989969854,-22.088459079368526,20.853841750234043,0.0,-0.003411047187391922,-0.0009867072628846599,-0.0011620390905192608,5.585207325072667,5.5880666716590275,5.587942870321259,5.584547198000852,6.4213251763924175,5.680803689238472,0.0,1.4366181592881526,-2.0728181736054485,0.0
94.13832873152677,298.35459017708536,-639.2117250970953,1.5,0.30653726979091805,-0.5444153146941676,0.22302617384698487,0.7482687973814991,-73.51521816912012,-82.03197710149867,0.0,0.26724602320919205,-0.0074781347225691954,-0.08643555908004513,-21.605514280123366,21.27180796579582,0.0,-0.0034364934518102412,-0.0009956574123637818,-0.0009414210654822295,5.57559587303655,5.578504585822664,5.578327254750519,5.57498403993422,6.526557721479701,5.525222229532518,0.0,1.384844668607385,-2.0986691729726794,0.0
94.21292328678155,292.81109814644316,-645.2713025665166,1.5,0.31442008925415665,-0.5418411267954547,0.22862682604954151,0.7451697626695227,-75.1086189744215,-80.4299895414489,0.0,0.26698863089671265,-0.007552769167850564,-0.0865202462213666,-21.114863940172153,21.678097242328487,0.0,-0.003462937335748811,-0.0010054887230870834,-0.0012612217838967779,5.565986199452386,5.568819773002645,5.568713505141697,5.565297829229677,6.627917482090279,5.367742349004109,0.0,1.3328374355644572,-2.123463517765803,0.0
94.28751784203632,287.15011911051596,-651.210261044628,1.5,0.32226632564160396,-0.5392092315633428,0.23419255001569403,0.7419916909719918,-76.6651415440127,-78.7981348354407,0.0,0.26672926127841157,-0.007627944835524333,-0.08660523443851731,-20.61679793732504,22.07257184251058,0.0,-0.0034919820482999147,-0.0010095043115976483,-0.0009957183314832448,5.5562481708978755,5.559142478846842,5.558971844932406,5.55561797467664,6.725373626322807,5.208470632630338,0.0,1.2799268227263179,-2.1465402780787364,0.0
94.3621123972911,281.3744243455579,-657.0264055973689,1.5,0.330074850765814,-0.5365200224751522,0.23972295924406042,0.738735244310476,-78.18424362132338,-77.13729917069861,0.0,0.26646778395094495,-0.007703857851256468,-0.08668247904372776,-20.111609322512685,22.455102318801394,0.0,-0.0035230652487946495,-0.001024111634549589,-0.0012447083088486487,5.546510117620646,5.549344608930752,5.549228052340408,5.545819080272411,6.818890549619846,5.047507371550623,0.0,1.227179924990287,-2.1689576207163417,0.0
94.43670695254588,275.48682476038056,-662.7176077495202,1.5,0.3378451294927252,-0.5337740779609503,0.24521725004144918,0.7354008447486925,-79.66540486167204,-75.44837814892558,0.0,0.2662045039122282,-0.007780277061066865,-0.0867745969161213,-19.599592367314976,22.825565854477947,0.0,-0.003546194862907345,-0.001029124190011858,-0.0011363077497733595,5.536668832492626,5.539527870910536,5.539384065946488,5.536000577797951,6.908444730361842,4.884962995517028,0.0,1.1738727085671041,-2.1894098040211847,0.0
94.51130150780064,269.49016925776465,-668.2818061663316,1.5,0.34557629891294006,-0.5309718807663335,0.2506748677877533,0.7319890669434136,-81.10812696212656,-73.73227621434282,0.0,0.2659387152264353,-0.007857513575079082,-0.08685207075111638,-19.081043730736727,23.183847364096607,0.0,-0.0035705318363450605,-0.0010382912143348216,-0.0010321868117761093,5.526768306306378,5.5296497282649675,5.529479487544453,5.526121671672773,6.994011289083623,4.720904042075113,0.0,1.1202321562674733,-2.2085446130132427,0.0
94.58589606305542,263.3873430847123,-673.7170072944002,1.5,0.3532674943998105,-0.5281139101768686,0.2560952790517232,0.7285005033118359,-82.51193379677498,-71.98990615610577,0.0,0.26567115608196945,-0.007935400791011724,-0.08694410000451461,-18.556261388389295,23.529839366298646,0.0,-0.003614709010526984,-0.0010482228858701224,-0.0013166028039390677,5.5168534348038305,5.519667989077473,5.519558195167502,5.5161359780613095,7.07557011132935,4.5554648875866715,0.0,1.0661118991730103,-2.2270906368043093,0.0
94.66049061831019,257.18126617276044,-679.0212859613569,1.5,0.36091822327712597,-0.5252007903590435,0.2614776721020599,0.7249355784514968,-83.87637156809303,-70.22218850757065,0.0,0.2654016694471807,-0.008013844629725736,-0.08702800614374957,-18.02554577629896,23.863441024668152,0.0,-0.0036194202798655296,-0.0010567486438391705,-0.0009838365858539963,5.506804312272554,5.5096942887732006,5.509508096004225,5.506164041079377,7.1531049311382855,4.388734532084342,0.0,1.012499673930135,-2.243203967938956,0.0
94.73508517356497,250.87489146919248,-684.192785933778,1.5,0.36852738595752793,-0.5222329185794947,0.26682172329373127,0.7212950246118558,-85.20100887067774,-68.43005098713668,0.0,0.2651295744788073,-0.008093148355689861,-0.08711401684795818,-17.489197256422877,24.184560371090516,0.0,-0.003657972505898188,-0.0010669543660079734,-0.0013264246530709507,5.496775372907267,5.499584723444968,5.499473211835701,5.496051665304312,7.226584324838933,4.22079786008206,0.0,0.9579466757060895,-2.258783947042641,0.0
94.80967972881975,244.47120326326,-689.2297204317802,1.5,0.376094571114071,-0.5192109548961907,0.27212659943016415,0.7175792442489427,-86.48543681017509,-66.6144279606772,0.0,0.2648561219247732,-0.008172957299968907,-0.08720662023631442,-16.94751832032089,24.49311194835609,0.0,-0.0036938118422166423,-0.0010761518424485337,-0.0011473974725493242,5.48662570813435,5.489475171622636,5.48931836786375,5.48593933631125,7.296019002593228,4.051787939172309,0.0,0.9033171294589034,-2.2729997787335208,0.0
94.88427428407452,237.97321550399263,-694.1303726035675,1.5,0.3836188276532883,-0.516135366126118,0.27739186900618285,0.7137889253224874,-87.7292690651826,-64.77625985620527,0.0,0.2645800125213699,-0.008253446868610542,-0.08728751271585651,-16.400812444699405,24.789017541500318,0.0,-0.0037175991603889463,-0.0011008124950884705,-0.0012094717180008271,5.476444229506633,5.479275502177655,5.4791307462967245,5.47574125590974,7.361371764069652,3.8817684528516394,0.0,0.8488362897176343,-2.2853753761737794,0.0
94.9588688393293,231.38397011229716,-698.8930959595618,1.5,0.3910995035568931,-0.5130067267026769,0.2826169136619127,0.7099246134538313,-88.9321419883559,-62.916492661324526,0.0,0.2643019709546488,-0.008334925864516288,-0.08738551183149687,-15.849383380339763,25.072207272936165,0.0,-0.0037392106618729824,-0.0010949370652028985,-0.001263696423146163,5.466199212522665,5.469019033483194,5.4688848559857135,5.465481790522232,7.422652811451255,3.7108604709298554,0.0,0.794234462718045,-2.296744578357157,0.0
95.03346339458407,224.7065352901764,-703.516314763126,1.5,0.3985359664497876,-0.5098256265310638,0.28780110694235184,0.7059868531501838,-90.09371459666805,-61.0360773095132,0.0,0.2640217063246169,-0.008416812614261932,-0.08747064029863144,-15.293535534305953,25.34261807995059,0.0,-0.0037695609362031726,-0.0011044640431226598,-0.0010711965993029536,5.455867740502713,5.458730352174211,5.458548572764364,5.455191562662458,7.479838193892627,3.539165982193375,0.0,0.7393047865775534,-2.3066107020139377,0.0
95.10805794983885,217.94400382671674,-707.9985243800859,1.5,0.40592728727479627,-0.5065925402562806,0.29294405050735584,0.7019763663220846,-91.21366866478772,-59.135969137469786,0.0,0.2637395752500075,-0.008499623380473297,-0.08756362830425286,-14.733574027568642,25.60019480130561,0.0,-0.003804827396574379,-0.0011134656821693914,-0.001393597498590405,5.445536030148663,5.448322946870744,5.448211716399094,5.444781600831547,7.532945955840133,3.366774341258127,0.0,0.6842675051976449,-2.3153241665042104,0.0
95.18265250509363,211.09949140060027,-712.3382915863732,1.5,0.41327308233821475,-0.5033081712454597,0.29804495969714084,0.6978935779697015,-92.2917087139716,-57.21712734394076,0.0,0.26345505975761596,-0.008582993285352922,-0.08765799767485472,-14.169804280516507,25.84488917415463,0.0,-0.0038177066832266703,-0.0011230820000060029,-0.0010967729292201466,5.435071573121797,5.437925620639163,5.437745217731207,5.434384967323471,7.581953724807472,3.193788289979688,0.0,0.6298763973219418,-2.32241296358673,0.0
95.2572470603484,204.17613488192393,-716.5342548357598,1.5,0.4205723461370827,-0.49997295441906014,0.3031035334818465,0.6937392842452023,-93.32756203314084,-55.280514425976214,0.0,0.2631685180912228,-0.008667197891955863,-0.08774481583889843,-13.602530775638792,26.07666108581356,0.0,-0.0038615939398913726,-0.0011345752033145695,-0.0013656005381561128,5.4246152251072015,5.427405289092801,5.427281867005702,5.4238615258486815,7.626873870553703,3.0203107780976763,0.0,0.5746428661033126,-2.32860788644875,0.0
95.33184161560318,197.17709063566753,-720.5851244845516,1.5,0.42782462931028764,-0.4965875758644361,0.3081190614877345,0.6895139665014158,-94.32097866045919,-53.32709562571901,0.0,0.2628801569990447,-0.008752048613690477,-0.0878453546006628,-13.032058966935194,26.29547715637391,0.0,-0.003883992448489134,-0.0011421009530790923,-0.001260639378485613,5.414054163335314,5.416867544271406,5.416717910102094,5.413322695606741,7.667714956079482,2.8464449824921063,0.0,0.5200447438399398,-2.3331018773664556,0.0
95.40643617085796,190.10553282422478,-724.4896829758779,1.5,0.4350291796770758,-0.49315258780930277,0.31309107675930736,0.685218297785586,-95.27173136602129,-51.35783837010837,0.0,0.26258906098869417,-0.008837708746928904,-0.08793293363230964,-12.4586933930091,26.50131162030265,0.0,-0.003907063384834087,-0.001153990255902237,-0.001158337149763939,5.403434602713425,5.40626954641693,5.40609421495148,5.402724654101968,7.70446177516197,2.6722685997940636,0.0,0.46555631349408994,-2.3363458325551716,0.0
95.48103072611272,182.9646517122154,-728.2467849830573,1.5,0.4421852491691927,-0.48966854135463206,0.3180191280256917,0.6808529644751388,-96.17961564522915,-49.37371174729391,0.0,0.2622961790746124,-0.008924108181010075,-0.0880339144654436,-11.882737969344722,26.694146398701186,0.0,-0.003957779405433199,-0.0011638265803988871,-0.0014426564997811941,5.39280194936972,5.395569993499826,5.395454303735822,5.392020418144314,7.73714316417811,2.4979054197757313,0.0,0.4104554125980377,-2.338751629665011,0.0
95.5556252813675,175.7576519743053,-731.8553575127639,1.5,0.4492924199226271,-0.48613615455397774,0.32290251808424514,0.6764184536589718,-97.04444965308096,-47.37568595855182,0.0,0.26200132175921925,-0.009011142853220947,-0.08812738801188197,-11.30449683110899,26.873969522490697,0.0,-0.0039588847714621565,-0.0011718508057887399,-0.0011187902858995952,5.3820364264152705,5.384877866604969,5.384688484852092,5.381330679915094,7.7657678839484,2.323443283741004,0.0,0.35677560057155233,-2.3388607167246436,0.0
95.63021983662227,168.48775100614787,-735.31439996746,1.5,0.4563497354962705,-0.48255587094276775,0.32774099280729224,0.6719156137230636,-97.8660741245642,-45.36473174463484,0.0,0.2617038101136495,-0.009099149210026209,-0.08822292879295802,-10.724271375768016,27.040777996566533,0.0,-0.003999526354752263,-0.0011838892615765196,-0.001442637523182307,5.371289677223814,5.37405450903793,5.37393533344984,5.370504668932753,7.790333067537262,2.1489639994146184,0.0,0.3023171023197519,-2.338541878292686,0.0
95.70481439187705,161.15817724357473,-738.6229841656465,1.5,0.463356855378427,-0.47892844910983734,0.33253383599074393,0.6673448981810999,-98.6443523300326,-43.34181988038335,0.0,0.261404720919767,-0.00918768315983009,-0.08832502869752613,-10.142363614419379,27.194574835427048,0.0,-0.004034614695856579,-0.0011948204896155192,-0.0012746718491408757,5.360426714144149,5.3632288041911895,5.363067142318088,5.359676742186865,7.810876988124832,1.97459562222266,0.0,0.24825249270738192,-2.3368966248100587,0.0
95.77940894713183,153.77216848428466,-741.780254323761,1.5,0.4703129618566176,-0.475254412054545,0.3372806958034213,0.6627070951564534,-99.37916997264938,-41.307920610116746,0.0,0.2611030736518871,-0.009277030268931329,-0.08841599569569934,-9.559073845109204,27.335370072500186,0.0,-0.004063071885437414,-0.0012191745928794519,-0.0013441403652607138,5.349533064704111,5.352315270481619,5.352166850734983,5.348764272481238,7.827396959658854,1.8003984019515207,0.0,0.19467928185830982,-2.333501518680097,0.0
95.8540035023866,146.33297021707617,-744.7854269994729,1.5,0.4772175026696828,-0.47153440901247734,0.3419810551160216,0.6580028223379424,-100.07043511455721,-39.26400317073269,0.0,0.26079929444625966,-0.00936741207114048,-0.08852326286510281,-8.974700636908192,27.46318162315838,0.0,-0.004085913134854139,-0.0012147248548001022,-0.0013957613841285934,5.338576033589821,5.341347113975675,5.341208648759718,5.337793370811995,7.839926060939253,1.6264860793610294,0.0,0.14130644930927058,-2.3291883137244658,0.0
95.92859805764138,138.84383395983772,-747.6377909938896,1.5,0.48406994474476067,-0.4677691045138074,0.3466343909309766,0.6532326939774725,-100.71807802786502,-37.21103521479223,0.0,0.2604933835619826,-0.009458302907167407,-0.08861830697204036,-8.389541177473594,27.578033767026835,0.0,-0.004115250665244048,-0.0012254308771567001,-0.0012142314229296946,5.327535411590134,5.330346541083484,5.33016330038589,5.326791756389686,7.848479378463895,1.4529569079120699,0.0,0.08817489552170892,-2.3234215728116463,0.0
96.00319261289616,131.3080156062193,-750.3367072152016,1.5,0.4908694998015276,-0.4639590283512737,0.35124038052453266,0.6483975241045586,-101.3220510981706,-35.149982300417875,0.0,0.2601853447514662,-0.00955017549322935,-0.08872126364914525,-7.803890924096526,27.679958142175245,0.0,-0.004148410953040935,-0.0012362208852051504,-0.0015057634253345387,5.316491234218044,5.319233489024599,5.319114125818362,5.315676903277073,7.853088937911365,1.2798881317122948,0.0,0.03532306039201429,-2.316617996436251,0.0
96.07778716815093,123.72877378156085,-752.8816085028817,1.5,0.49761584565904327,-0.46010496081411034,0.3557983781615091,0.6434977927552828,-101.88232867658762,-33.08180738803581,0.0,0.2598750199649297,-0.009642715095092442,-0.08882517846644547,-7.21804357219374,27.76899287338595,0.0,-0.0041688594594188905,-0.0012454726205046525,-0.0012507952780524227,5.305324853916772,5.3081245645278905,5.307944773472015,5.304567772732601,7.8537737454506376,1.107379982782862,0.0,-0.016815730263951268,-2.30833996372265,0.0
96.15238172340571,116.10936820943067,-755.2719994156223,1.5,0.5043081428281287,-0.45620739481025585,0.36030813445966137,0.6385343829739177,-102.3989069329906,-31.007470328347583,0.0,0.2595625820607809,-0.009736167139339695,-0.08892230082303296,-6.632290189647545,27.84518333158211,0.0,-0.0042021246748569505,-0.0012597027817135772,-0.001469115941616045,5.294156545537424,5.296903502370499,5.296770696246055,5.293345685901501,7.850568923478882,0.9355224001923081,0.0,-0.06885810702067569,-2.2992229860522477,0.0
96.22697627866049,108.45305809101924,-757.5074559793602,1.5,0.5109460151694669,-0.4522670850250375,0.364769072551712,0.6335078350700665,-102.87180368507366,-28.927927348480345,0.0,0.2592478532732058,-0.009830308881083811,-0.08903333293870636,-6.046920235457462,27.90858124674697,0.0,-0.004233150389585149,-0.0012674874314360794,-0.0013957910455163534,5.282895954333312,5.285658844295548,5.2855060675817995,5.282098966367824,7.843498880887291,0.7644103915210481,0.0,-0.12047402080037009,-2.2885988528200696,0.0
96.30157083391526,100.76310049526211,-759.5876253988181,1.5,0.5175288359058626,-0.44828464223531905,0.36918081646350737,0.6284188955602886,-103.30105824942116,-26.844130551158567,0.0,0.258931053878296,-0.009925374289133138,-0.08913053053217632,-5.462220425983804,27.959245161818956,0.0,-0.004264145625300008,-0.0012788346163838753,-0.0013230409227480333,5.2715783777095355,5.27435602175665,5.274183406586086,5.270795128266971,7.832606999924451,0.5941184221975051,0.0,-0.1716295257906739,-2.276762914301751,0.0
96.37616538917004,93.04274876332194,-761.5122257322312,1.5,0.5240559941600981,-0.4442606840345233,0.3735429911743395,0.6232683156960381,-103.68673122852884,-24.75702745088447,0.0,0.2586120043317879,-0.010021270890619913,-0.08924130258278734,-4.878475089307825,27.997240025476298,0.0,-0.004282239619162445,-0.0012900117493938436,-0.0014927947394272297,5.260230215540194,5.2629671346324205,5.262832500303832,5.259406599024213,7.817920491565319,0.4247464038467866,0.0,-0.2218541090593213,-2.2639766918793636,0.0
96.45075994442482,85.2952509271783,-763.281045529655,1.5,0.530527115474127,-0.44019596012856504,0.37785507914696165,0.6180566605061679,-104.02890432204615,-22.667560449855383,0.0,0.25829056166414827,-0.010117949362832392,-0.08934630324147196,-4.295965244856679,28.02263753868657,0.0,-0.004329512933295781,-0.0013026804691089308,-0.0013236385117346727,5.248788059304225,5.251562001456992,5.251383016007329,5.2479981637722615,7.7994737911588565,0.25637290224624903,0.0,-0.27244717147606673,-2.2501592028691237,0.0
96.52535449967958,77.52384814416075,-764.8939434343209,1.5,0.5369414547033649,-0.43609101172799436,0.3821168226757735,0.61278482156403,-104.32768013733073,-20.57666638214499,0.0,0.2579672194721347,-0.010215500428329267,-0.08945105401699281,-3.714970306491381,28.035515508549732,0.0,-0.004351591919032375,-0.0013137841843568517,-0.0015688283407541686,5.237334866729369,5.2400503922546715,5.2399262505696145,5.236486650425538,7.777319970457361,0.08909341257863114,0.0,-0.32176725985378346,-2.234916698992335,0.0
96.59994905493436,69.73177314459201,-766.350847749917,1.5,0.5432987174631999,-0.43194663708079095,0.38632767656986344,0.6074533172463285,-104.58318195204762,-18.48527603934023,0.0,0.2576413767050459,-0.010313927342388429,-0.08956435918012381,-3.1357655006293044,28.035957919193176,0.0,-0.004379217244711362,-0.001322775786845991,-0.001393592219401441,5.225776462027231,5.2285311614336685,5.228364084229601,5.224966188414245,7.751484522378997,-0.07702760305344522,0.0,-0.3706925895147387,-2.2185684085258432,0.0
96.67454361018913,61.92224869911004,-767.6517559725577,1.5,0.5495982264760294,-0.42776340187403483,0.39048737945098866,0.6020630099591369,-104.79555349067569,-16.394313712506943,0.0,0.25731355668359623,-0.010413097537036908,-0.08966580104120675,-2.558623318489214,28.024055423399975,0.0,-0.004420357004874387,-0.0013455681774882868,-0.0014932610379117623,5.214195421062315,5.21692343580234,5.216774946561687,5.213357734419585,7.722021871470583,-0.2418871653843428,0.0,-0.4191324622567617,-2.201368439639578,0.0
96.74913816544391,54.09848610250265,-768.796734287556,1.5,0.5558395464854913,-0.42354202029735316,0.39459551004292953,0.5966145649070262,-104.96495867618825,-14.304696710902935,0.0,0.25698329220412736,-0.01051328654202003,-0.08978305174076405,-1.9838130761565766,27.999904141926724,0.0,-0.004441321215294878,-0.0013464020728095201,-0.001533754325029496,5.2025479445470175,5.205266570013873,5.205125905382217,5.201699393303844,7.688971236485335,-0.4054155209663776,0.0,-0.4669035994481839,-2.1828828299901644,0.0
96.82373272069869,46.26368367558963,-769.7859170332727,1.5,0.5620222459537616,-0.4192832091015427,0.3986516638725363,0.5911086503429466,-105.09158139355627,-12.217334934912007,0.0,0.2566508615971211,-0.01061429745380162,-0.0898891650721341,-1.4116005411496342,27.96360664861401,0.0,-0.004471513464439653,-0.001360190712354331,-0.001369564450265449,5.190822568058365,5.193576764016936,5.193395381430729,5.190009078802841,7.652381219787005,-0.5675383014960347,0.0,-0.514032952100052,-2.1635066995173347,0.0
96.89832727595346,38.421025286263294,-770.619506131621,1.5,0.5681456886854639,-0.4149875427349487,0.40265559609178936,0.5855461439877261,-105.17562522035105,-10.133130442335078,0.0,0.25631618238377785,-0.010716214647551382,-0.09000283494901445,-0.8422479517995647,27.915270928074207,0.0,-0.004500912568324868,-0.0013723095581143847,-0.0016260923879147695,5.1790895595092294,5.181782708696186,5.181657835067163,5.178214181701205,7.612299756026594,-0.7281660995569748,0.0,-0.560476016277624,-2.1430927673528655,0.0
96.97292183120824,30.573678890426073,-771.2977704865216,1.5,0.5742096189092665,-0.4106558504955822,0.4066068095689326,0.5799275717001209,-105.21731315862044,-8.052976996805222,0.0,0.25597928069785053,-0.010818964072491317,-0.09011720098651595,-0.2760138080792839,27.85501095147363,0.0,-0.0045326731924161335,-0.0013829222851959443,-0.0014233495068216224,5.16724799701885,5.169986284122515,5.169811614855874,5.166416397210636,7.568778276109946,-0.8872320722471237,0.0,-0.6063080990220684,-2.1215192402118284,0.0
97.04751638646302,22.724795093523223,-771.8210453497352,1.5,0.5802133707118954,-0.40628867853161316,0.41050511234635323,0.5742538697141572,-105.21688735426963,-5.9777596545829,0.0,0.2556401110959621,-0.01092267530331819,-0.09022576693993735,0.28684708571668677,27.78294643480066,0.0,-0.0045618185269524535,-0.0013971449921005136,-0.00161167606824916,5.155396407105457,5.158088825274796,5.1579549836603595,5.154518714998018,7.521867650646247,-1.0446564009787938,0.0,-0.651347537350846,-2.099117600248226,0.0
97.12211094171779,14.877505733012736,-772.1897316555371,1.5,0.5861566464498373,-0.40188682244817403,0.4143500690405288,0.5685256265563579,-105.17460881022964,-3.9083543481115077,0.0,0.25529868383820453,-0.011027236122022048,-0.09034695618554002,0.8460839881439532,27.69920227342062,0.0,-0.004592147387364176,-0.0014073660888392287,-0.001542885033403122,5.143459614929506,5.146166481410643,5.1460139989668505,5.142595031701101,7.471621781837656,-1.200367281251912,0.0,-0.6956947728573201,-2.0756478283857223,0.0
97.19670549697257,7.034922483033462,-772.4042953250387,1.5,0.5920389524687754,-0.3974509378863375,0.41814139860669164,0.5627436374621981,-105.09075708550333,-1.8456274789845448,0.0,0.2549550100385755,-0.011132751251481129,-0.09045598343123407,1.4014501501090735,27.603908910777488,0.0,-0.004622616585834487,-0.0014214091864017575,-0.0014752050970648243,5.1314686291441145,5.134188668057264,5.134017777990363,5.130616875186294,7.41809618660742,-1.3542977055674787,0.0,-0.7392926538065734,-2.051266056530204,0.0
97.27130005222735,-0.7998645184618236,-772.4652665405134,1.5,0.5978598062172398,-0.3929816815646248,0.4218788286220735,0.5569087034918663,-104.96562998866837,0.20956447635089295,0.0,0.2546090643042271,-0.011239210359281967,-0.09057746299399756,1.952703017990457,27.49720218249825,0.0,-0.004652335534284278,-0.0014350473424131803,-0.0016608151579192763,5.119452019610093,5.1221272453607805,5.121996540446615,5.118554784623076,7.361347247372038,-1.5063721587232652,0.0,-0.7821143691889062,-2.0261796270467998,0.0
97.34589460748212,-8.623788019380116,-772.3732389905734,1.5,0.6036189333813615,-0.388479859130387,0.4255619551131082,0.5510214194329391,-104.79954326422835,2.256375343539674,0.0,0.25426085045559893,-0.011346503248856188,-0.09069336679068726,2.4996042985569895,27.37922239259642,0.0,-0.00468364145651387,-0.0014441082188235061,-0.0014648955256341945,5.1073369439064855,5.110055807661548,5.109877023559864,5.10648205417762,7.301433131645398,-1.656523828114128,0.0,-0.8241469305256481,-1.999632492529463,0.0
97.4204891627369,-16.433804979287814,-772.1288690873832,1.5,0.6093157347774538,-0.3839460306578383,0.429190620535511,0.5450827388012255,-104.59283026720718,4.293969653561607,0.0,0.25391036093656044,-0.011454881808882461,-0.09081005012519541,3.0419201101484936,27.250116010631885,0.0,-0.00471378809927637,-0.0014586762686863404,-0.0017096206667041435,5.095219061296302,5.097879084319989,5.097754090955791,5.094305012239814,7.238413121533851,-1.8046927195363294,0.0,-0.8653763939206146,-1.9726841240112856,0.0
97.49508371799166,-24.226897870839608,-771.7328751543271,1.5,0.6149500008463484,-0.37938104512876475,0.43276440847060355,0.5390932069848134,-104.345841632926,6.321522986168524,0.0,0.25355761867571364,-0.011564050369756468,-0.09093389099365934,3.5794210822389774,27.110033335142536,0.0,-0.004744516839685457,-0.001471200552540806,-0.0015586727079996325,5.083001577364143,5.085694573988463,5.085532005304727,5.082119621276749,7.172349839921368,-1.9508033422704678,0.0,-0.9057924269390177,-1.9448318793797472,0.0
97.56967827324644,-32.0000759560209,-771.1860365881798,1.5,0.6205212091953213,-0.37478550373975433,0.43628313860682705,0.533053729086188,-104.05894493502808,8.338222344036707,0.0,0.25320256808918895,-0.011674284512194088,-0.09104783806809888,4.111882381020578,26.959129677799833,0.0,-0.004774095023251569,-0.0014854383184834496,-0.0016193610945344408,5.07075531253894,5.07343180492373,5.073280664001705,5.069856774188705,7.103302840025173,-2.0948058391858893,0.0,-0.9453316466181362,-1.9159970811531988,0.0
97.64427282850122,-39.75037653705283,-770.4891929950596,1.5,0.6260290296493226,-0.37016015357231175,0.4397465125121033,0.5269650078298299,-103.73252434392471,10.343266476877412,0.0,0.2528452175015805,-0.011785442902309956,-0.09117581248074715,4.639083938172197,26.797565111132485,0.0,-0.004806823855358976,-0.0014948360829232343,-0.0016876173753758896,5.058456434405415,5.061115821083555,5.060977447639308,5.057539160634107,7.031336974141381,-2.236628623685173,0.0,-0.9840486724744169,-1.8863305225255296,0.0
97.71886738375599,-47.47486618107692,-769.6432432999306,1.5,0.6314731421765029,-0.36550574896703814,0.44315423984889724,0.5208277430069608,-103.36698027088299,12.335866258156287,0.0,0.25248566145467244,-0.011897583595078802,-0.09129379753980592,5.160810398239131,26.625504267103427,0.0,-0.004836801237092568,-0.00150957798963235,-0.0015383759274630174,5.046080067455803,5.048771386334054,5.048595977597409,5.0451946390603615,6.956518615974495,-2.3762235237617113,0.0,-1.0218561253226304,-1.856049272443703,0.0
97.79346193901077,-55.170641918204204,-768.6491448315803,1.5,0.636853060723795,-0.3608228905272656,0.4465061648246973,0.5146428523663995,-102.9627290037203,14.31524496337239,0.0,0.2521237473966653,-0.012010730607225325,-0.09141897554601576,5.676851383547521,26.443115535879976,0.0,-0.004866455520807743,-0.0015249213324812281,-0.001772161297132022,5.033695280492914,5.036330269698552,5.036206291135822,5.032753381331543,6.8789111416930195,-2.5135229463493594,0.0,-1.0588005291429898,-1.8251905201708218,0.0
97.86805649426555,-62.83483241232565,-767.5079123838422,1.5,0.6421686100969187,-0.3561124430630836,0.449801927548429,0.5084108870545078,-102.5202023470326,16.280638630729996,0.0,0.25175956080960055,-0.01212483962751434,-0.0915449589338412,6.187001312699225,26.250571820518577,0.0,-0.004898453062097513,-0.001533484616991824,-0.0015898651741336927,5.0212099732020254,5.023885596826388,5.023716716086396,5.0203073085355445,6.7985818808103815,-2.648481873396263,0.0,-1.0947797665511876,-1.7930140221509367,0.0
97.94265104952032,-70.46459910475063,-766.2206172543034,1.5,0.6474192860699279,-0.3513749809112832,0.45304141679929694,0.5021328165722551,-102.03984724699339,18.23129633630615,0.0,0.25139309950517236,-0.012240010108382274,-0.09166574974822245,6.691059816978833,26.0480505352712,0.0,-0.0049261625603798315,-0.0015535377788528776,-0.0017569191230046776,5.0087138067185535,5.011347593524852,5.011215045114595,5.007770372559251,6.715600440586759,-2.7810413978546933,0.0,-1.1299081445645232,-1.7609841394220476,0.0
98.0172456047751,-78.05713732932774,-764.7883862585295,1.5,0.6526048817977173,-0.3466113272932611,0.45622432843661703,0.4958092558518338,-101.52212540931205,20.16648050789512,0.0,0.2510242040407224,-0.012355993978263076,-0.0917985018713513,7.188831517247252,25.835732177434434,0.0,-0.004959540354287519,-0.0015626034251267833,-0.0017036938067193134,4.996140133488025,4.998784851533966,4.998637035553053,4.995205997288662,6.630034457423361,-2.911138063705214,0.0,-1.1640883324858071,-1.7275479245528138,0.0
98.09184016002988,-85.60967739943251,-763.2124007238166,1.5,0.6577250362044958,-0.34182216487386136,0.45935048265216444,0.48944102651694915,-100.96751292017082,22.08546722595415,0.0,0.25065320765822907,-0.012473231900470689,-0.09191990360264223,7.680126264726885,25.61380144580762,0.0,-0.004993132642916311,-0.00157482791928511,-0.0016517814379105034,4.983515929266374,4.98617038532465,4.986007575063897,4.9825907583420035,6.54195468279062,-3.038756472509289,0.0,-1.1973230313326442,-1.6934584572470002,0.0
98.16643471528465,-93.11948566600664,-761.4938954628717,1.5,0.6627793997804751,-0.33700817456592536,0.46241970775553465,0.483028955013736,-100.37649985355674,23.98754642771642,0.0,0.2502798096300736,-0.012591429042072626,-0.09205297421506978,8.164759156774718,25.382446477544768,0.0,-0.005016623212752597,-0.0015946501336825552,-0.0018032381818684888,4.970864013032355,4.973480570307952,4.973351162990037,4.969902341938227,6.451431551678047,-3.1638192776450587,0.0,-1.229572425003176,-1.659654192596212,0.0
98.24102927053943,-100.5838655463962,-759.6341577266194,1.5,0.6677677858903057,-0.33217017967958107,0.4654317358562111,0.4765736617949714,-99.74958987830449,25.872022243064023,0.0,0.24990405148330663,-0.012710536352093923,-0.09218132241163438,8.642550643078485,25.141858472830993,0.0,-0.005055523999647321,-0.0016020761868949327,-0.00164798597117432,4.95812651914168,4.960777497984504,4.960608543112,4.9571969553594375,6.358536800839718,-3.2862859053773814,0.0,-1.2609164100497707,-1.624012592773206,0.0
98.3156238257942,-108.000158523483,-757.6345261390999,1.5,0.6726897611707621,-0.3273087725666694,0.4683864840864265,0.47007611526441023,-99.08729985839567,27.73821322360276,0.0,0.24952614760121533,-0.012830835769690836,-0.0923100881697065,9.113326508278602,24.892233255514615,0.0,-0.005082847660470143,-0.0016192800403712572,-0.0018619918892499672,4.945381510017113,4.9479802873055725,4.947858656189686,4.944400498029297,6.263345807500711,-3.4061250452539515,0.0,-1.291221229024006,-1.5886588664970422,0.0
98.39021838104898,-115.36574511495418,-755.4963896103746,1.5,0.6775451960722401,-0.3224248182894293,0.47128367538992916,0.46353688218028366,-98.39015944920915,29.58545257872364,0.0,0.24914564940676254,-0.012952153142800312,-0.09244630159035513,9.576917819642622,24.63376820252046,0.0,-0.0051107891807379395,-0.001631325722330791,-0.0017194572309693556,4.9325451747741305,4.935174973314735,4.935018331313283,4.931594937127651,6.1659201336094585,-3.5232885237151166,0.0,-1.3204585200244954,-1.552473180833168,0.0
98.46481293630374,-122.67804581306773,-753.2211862365151,1.5,0.682333714552867,-0.3175189330558805,0.4741232238319187,0.45695688829338194,-97.6587107040299,31.413088394509018,0.0,0.24876309144321296,-0.013074500354302023,-0.0925730121476917,10.033161565800494,24.36666465299971,0.0,-0.005148081212264499,-0.0016482452173765649,-0.0017958025828673013,4.919685982699373,4.922295226516321,4.922152762625791,4.918714686847553,6.066351382833516,-3.6377334110137647,0.0,-1.3489354314674074,-1.5158761052607264,0.0
98.53940749155852,-129.9345219926109,-750.8104021802167,1.5,0.6870551013377129,-0.3125918879298623,0.47690494145229795,0.45033684742051694,-96.89350763733074,33.22048386913008,0.0,0.2483782397526684,-0.013197847441067409,-0.09271242168523604,10.481899674178822,24.09112636032504,0.0,-0.005171542276307652,-0.0016580842505994424,-0.0018338850190233774,4.90677171174042,4.909370634349407,4.909235515855359,4.90579018477609,5.964707647637465,-3.749422854215443,0.0,-1.3760548564425208,-1.4785595488429164,0.0
98.6140020468133,-137.1326767886833,-748.2655705360731,1.5,0.6917091392473372,-0.30764444058447615,0.47962866534817045,0.44367748222724285,-96.0951158120276,35.00701752794838,0.0,0.24799072286889395,-0.013322495769648912,-0.09284415019216925,10.922980387906444,23.807360243483764,0.0,-0.005206572378403846,-0.001676783563650751,-0.0017142879306682665,4.893792351147752,4.8964157675433775,4.896249978233064,4.89283535202332,5.8610440961252195,-3.8583393907907477,0.0,-1.4026110346110456,-1.441167664817929,0.0
98.68859660206807,-144.2700559431781,-745.5882701805074,1.5,0.6962954991407756,-0.3026772221040128,0.48229431777719334,0.4369797113545753,-95.26411196767498,36.77208338005402,0.0,0.24760126307191568,-0.013448017628356299,-0.09298133729591035,11.356256711368912,23.515575177429092,0.0,-0.005244234873451108,-0.0016930043351589144,-0.0019467600898689767,4.880805369555228,4.883372534660364,4.883256975518057,4.879791305756092,5.755472357079848,-3.964419526577535,0.0,-1.4281673830632058,-1.4032037921261258,0.0
98.76319115732285,-151.34424862167253,-742.7801246093061,1.5,0.7008140864225194,-0.2976911085757586,0.48490167656145056,0.4302440984076363,-94.40108354899735,38.51509113873111,0.0,0.24720920584759526,-0.013574703695075248,-0.0931202095687063,11.781587524176425,23.215982697502398,0.0,-0.005262749444667019,-0.001702496225570133,-0.0017488539219666405,4.867719106184934,4.870330299279832,4.8701683835924525,4.8667500271489885,5.648037180596023,-4.067655694028186,0.0,-1.4519837482795133,-1.3645874956816229,0.0
98.83778571257763,-158.35288819759396,-739.8428007597802,1.5,0.7052645477716247,-0.29268667150150396,0.4874507234772063,0.4234716308838227,-93.50662831046282,40.23546638121963,0.0,0.24681485947537873,-0.013702573804061115,-0.09325455662888486,12.198838246410155,22.90879683761321,0.0,-0.00530965799986713,-0.00172559897025438,-0.0019503811452688817,4.854634719729071,4.857195635468975,4.857075536480338,4.853614444827267,5.5388277993747685,-4.1680121749559635,0.0,-1.475930748328201,-1.3260960387583478,0.0
98.9123802678324,-165.29365300374107,-736.7780078210527,1.5,0.7096467728894972,-0.2876647543644124,0.4899412760974909,0.41666292467646665,-92.58135387982692,41.932650711006154,0.0,0.2464186039649715,-0.01383128392393268,-0.09339837483479206,12.607878853321058,22.594233342050682,0.0,-0.0053329086492132916,-0.0017350572707663854,-0.0018778873510060562,4.841469004576526,4.844045098056098,4.843906960358954,4.840464149640489,5.427938933871778,-4.265450667222627,0.0,-1.4978113084011138,-1.2867426563359763,0.0
98.98697482308718,-172.16426705303033,-733.5874960325659,1.5,0.7139605294338514,-0.28262604777984995,0.4923732577055493,0.4098188070639284,-91.62587730395765,43.60610192926462,0.0,0.24601925579395828,-0.013961476997398454,-0.09353471710869889,13.008585597788588,22.272510133250805,0.0,-0.005356990224619013,-0.0017461823408368032,-0.0018083994482003957,4.82825750438858,4.830847529087066,4.830691938930574,4.827267268332952,5.315396432903805,-4.359971044642214,0.0,-1.5186547806500215,-1.2470230036055527,0.0
99.06156937834196,-178.96250072822738,-730.273055472772,1.5,0.7182055945748571,-0.27757123263615185,0.49474660206176524,0.4029401127742938,-90.64082471436896,45.25529410920537,0.0,0.24561805877682777,-0.01409267495449823,-0.09368018130218692,13.400840493714238,21.943846538139056,0.0,-0.005406419861295917,-0.0017683973700808053,-0.002012207793762366,4.815033901106573,4.817573497265544,4.817459974770017,4.81399166732165,5.2013276461218005,-4.451531009815928,0.0,-1.5395992274808281,-1.2075338236594282,0.0
99.13616393359673,-185.68617143973958,-726.836514837089,1.5,0.7223818828023912,-0.27250116358590754,0.4970611546846069,0.3960274482239888,-89.62683080925731,46.87971780513928,0.0,0.24521461575078676,-0.01422492214193346,-0.09382126144824239,13.78453060127858,21.608464066203098,0.0,-0.005418053738050556,-0.0017799356410755144,-0.0018052802394396762,4.801713942851543,4.804299207258918,4.804138322845022,4.800719852173323,5.085794284248449,-4.5401147929303365,0.0,-1.5581106158228204,-1.1675117154168273,0.0
99.21075848885151,-192.3331442508532,-723.279740206783,1.5,0.7264891009796264,-0.26741640240228143,0.4993169369540398,0.3890818041940162,-88.58453844202737,48.47888011830825,0.0,0.24480851276245677,-0.01435842574293845,-0.09396415339089421,14.159550331729607,21.266585461080812,0.0,-0.00545807108101645,-0.0017972658043795059,-0.0020305844215907924,4.7884011637115,4.790931542766044,4.7908190538425455,4.787351481978068,4.9688627432412655,-4.625700347287345,0.0,-1.5764920504333166,-1.1272150379065973,0.0
99.28535304410629,-198.90133246859037,-719.6046338095691,1.5,0.7305272072949193,-0.26231783203006265,0.5015137958958731,0.3821037384363656,-87.51459820549253,50.052304815295095,0.0,0.24440020831668838,-0.014493088693334414,-0.09411285902510715,14.525798155963432,20.91843458596631,0.0,-0.005489673018964444,-0.001810919081126133,-0.0019141762433894879,4.7750032814660575,4.777558307085925,4.777416579813362,4.77397808823504,4.8506189751478805,-4.708279845850794,0.0,-1.5935282915433637,-1.0866573597915048,0.0
99.35994759936106,-205.38869820666062,-715.8131327733875,1.5,0.7344959715603518,-0.257206076688544,0.5036517323231485,0.3750941673819966,-86.41766800698447,51.59953241520017,0.0,0.2439897131346606,-0.014628913277407583,-0.09425352015535472,14.883179318600481,20.564236879599513,0.0,-0.00554048140585564,-0.0018252796125637456,-0.002020320394105446,4.7615884352718645,4.764116325250676,4.763994006163182,4.760533660617893,4.73114346589517,-4.7878273235584805,0.0,-1.6096165488416243,-1.0460736041753191,0.0
99.43454215461583,-211.79325291370367,-711.9072078725135,1.5,0.7383952831919116,-0.2520819035817835,0.505730676395199,0.36805380394634646,-85.29441262376612,53.120120296558916,0.0,0.2435768316947345,-0.014765870895630907,-0.09440587704598084,15.231604366594523,20.204218582643016,0.0,-0.005541485855801763,-0.0018440121207622597,-0.001996636015058191,4.748111432533778,4.750641883707516,4.750516100667702,4.747064125179355,4.610514631079345,-4.8643414381180685,0.0,-1.6243870053471983,-1.005425374597285,0.0
99.5091367098706,-218.11305786975544,-707.8888622689337,1.5,0.742225030985631,-0.2469460580737616,0.5077505806192277,0.3609833731088551,-84.14550325511922,54.61364272168521,0.0,0.24316092385894536,-0.01490401057545885,-0.09455254219410418,15.570990216154279,19.83860662828693,0.0,-0.005584364279537016,-0.0018600842338279244,-0.0019131991902496526,4.734587154590565,4.737134078230424,4.73698513005054,4.733555191399829,4.488787923757326,-4.937790057431497,0.0,-1.638581799891363,-0.9642508330584342,0.0
99.58373126512538,-224.34622465037643,-703.760130249061,1.5,0.7459850299179981,-0.24179918482181614,0.5097114528545863,0.35388377214364536,-82.97161715042229,56.07969095157888,0.0,0.24274359299137746,-0.015043475495965667,-0.09470280317753285,15.901258597323743,19.46762905047162,0.0,-0.00562051444240296,-0.0018742227019594383,-0.002119421016062349,4.721052801383007,4.723549713774464,4.723445427407046,4.719970320700516,4.366074231710985,-5.008198611174986,0.0,-1.6515308387312333,-0.922992668338609,0.0
99.65832582038016,-230.4909155608429,-699.5230759544407,1.5,0.7496752601557307,-0.23664214521365742,0.5116132098656577,0.3467555665163495,-81.77343712123758,57.51787326414928,0.0,0.24232346077973496,-0.01518398201234713,-0.09485530249918786,16.222337839366393,19.091514797668502,0.0,-0.005638537311620516,-0.0018958699714930589,-0.0019420608729725478,4.707431170155739,4.70996554970244,4.70981999452403,4.7063892791898345,4.242428692227603,-5.075527619153233,0.0,-1.6634321603745246,-0.8824110147423451,0.0
99.73292037563493,-236.5453440353963,-695.1797921102491,1.5,0.753295524481926,-0.2314755106175601,0.5134559060898081,0.33959972509019254,-80.55165113986388,58.9278150016425,0.0,0.24190110335215836,-0.015325823205947114,-0.09500377772620196,16.53416158466681,18.710491951471212,0.0,-0.0056767385824844,-0.0019091389139324817,-0.002104123736514518,4.693807760605253,4.696302278111236,4.6961909441226455,4.692725292584459,4.117933234621378,-5.139790275448658,0.0,-1.6742568768049735,-0.8408650598472818,0.0
99.80751493088971,-242.50777500629206,-690.7323987532038,1.5,0.7568457971140521,-0.22630011484700405,0.5152394889004641,0.3324168565049262,-79.30695190712892,60.309158579797696,0.0,0.24147628682134578,-0.015468885131986963,-0.09516214130892761,16.83666927142781,18.32479033926182,0.0,-0.005709915303170841,-0.0019252826041381017,-0.002065811329767372,4.68011963037682,4.682620406596714,4.682497807945226,4.679043580342396,3.9926604263350427,-5.20097791401674,0.0,-1.6841953408544426,-0.7996476629677021,0.0
99.88210948614449,-248.3765252411081,-686.1830419548885,1.5,0.760325969130336,-0.22111664053363767,0.5169639798725701,0.32520777275373697,-78.04003644014051,61.66156353592942,0.0,0.24104923264811703,-0.01561314006982191,-0.09531203754318772,17.129805968921783,17.93463920198661,0.0,-0.0057433331012430614,-0.0019443979967186827,-0.002028881989932742,4.666391258600476,4.66889721626247,4.66876364181796,4.665321277083723,3.866694244364286,-5.2590894320368005,0.0,-1.6931444387304342,-0.7584503670257774,0.0
99.95670404139926,-254.1499636478971,-681.533892545451,1.5,0.7637359419509253,-0.2159257692621684,0.5186294085098044,0.3179732846791446,-76.75160562363894,62.98470651820665,0.0,0.24061980749134623,-0.015758666027772896,-0.0954714186987443,17.413522511222453,17.540267965401966,0.0,-0.005769234955960782,-0.001956470260777598,-0.0021560056445503795,4.652640360363331,4.655114909778207,4.655009325252331,4.651539696309232,3.7401060412174556,-5.314125085766037,0.0,-1.7006746640443196,-0.717143008430816,0.0
100.03129859665404,-259.8265115493798,-676.7871448371782,1.5,0.7670757060086978,-0.2107283118245319,0.5202357591388521,0.3107140079881548,-75.44236381215978,64.27828128562058,0.0,0.24018793798441762,-0.015905452608881536,-0.09562758997636568,17.687775478043463,17.14190601544123,0.0,-0.005807618805237872,-0.001977875751362573,-0.002038894146206666,4.638823187532993,4.641321209293021,4.641185503895846,4.6377464540683695,3.6129661161308553,-5.3660893209551475,0.0,-1.7078560103989964,-0.6760649097800809,0.0
100.10589315190882,-265.4046429247842,-671.9450153484345,1.5,0.7703451301767332,-0.20552486449488738,0.5217831090631614,0.30343087776910815,-74.11301840733314,65.54199869086072,0.0,0.23975379520938564,-0.016053443187355645,-0.09578464639393482,17.952526426580356,16.739782285529216,0.0,-0.005836267798283994,-0.001993223963596079,-0.0022137779977640685,4.62499935151904,4.627454298852389,4.627357257645337,4.623880566620744,3.485361660007716,-5.414980882231234,0.0,-1.7135306720964165,-0.6349287161252369,0.0
100.18048770716359,-270.882884622685,-667.0097415293848,1.5,0.7735442386292436,-0.20031626114794243,0.5232714493788071,0.296124461448587,-72.76427943764263,66.77558666199265,0.0,0.23931736437521398,-0.016202894882416,-0.09594722775016352,18.20774301163686,16.334125281536878,0.0,-0.005868864319887731,-0.0020070618626099406,-0.0021162728371602545,4.611105475029399,4.613580557188219,4.613458801962488,4.610006978494242,3.357347511204966,-5.460823115340007,0.0,-1.7182585060370976,-0.5937786036003103,0.0
100.25508226241837,-276.25981654155146,-661.9835804905025,1.5,0.776672937732945,-0.19510312920691203,0.5247008637843648,0.2887956376244099,-71.39685915849797,67.97879014743282,0.0,0.23887818159508437,-0.016353310645640263,-0.09610428115426083,18.45339849600033,15.925163528399441,0.0,-0.0058701394174362,-0.0020426996960440356,-0.002093481383712817,4.597181589680076,4.599656237841791,4.599531446931969,4.596090576593188,3.229018098972671,-5.503598012397224,0.0,-1.722255451799818,-0.5530663880595558,0.0
100.32967681767315,-281.5340717792408,-656.868807732269,1.5,0.7797312157044864,-0.18988620679484355,0.5260713941284724,0.2814451065568471,-70.01147161697858,69.1513711113182,0.0,0.23843716429662862,-0.016505271149133027,-0.0962704874636641,18.689471081033936,15.513124084506119,0.0,-0.005933008558906011,-0.0020414547052199357,-0.002222834019087691,4.5832392520518,4.585683836214876,4.5855824581576305,4.582111950601161,3.1004367638149573,-5.543328674595505,0.0,-1.7250093150447852,-0.5121394002217675,0.0
100.40427137292791,-286.704336752858,-651.6677158797363,1.5,0.7827190665290433,-0.18466624188103994,0.5273830936478003,0.2740735567980095,-68.6088322622284,70.29310845758982,0.0,0.23799369726489578,-0.01665861586317903,-0.09643061495841859,18.915944961200392,15.098234015950878,0.0,-0.005962169631046385,-0.00206287437630054,-0.0021207516969271585,4.569232594882133,4.571697059107123,4.571570464577079,4.568127191876616,2.9716657948839815,-5.580040380837921,0.0,-1.727065632443985,-0.47175128558631574,0.0
100.47886592818269,-291.76935128819616,-646.3826134210558,1.5,0.7856364289825786,-0.17944384676052064,0.5286360661300129,0.2666818645912642,-67.1896575596687,71.40379794289538,0.0,0.23754766442980407,-0.016813020142996828,-0.09659675734350147,19.13280924969167,14.680718828386865,0.0,-0.0059917645183492655,-0.0020863475409243506,-0.0022899083131336117,4.555220886024247,4.557642493234377,4.557553250202477,4.554074762232471,2.8427999223661096,-5.613714957967323,0.0,-1.7283466723486367,-0.4316743352269628,0.0
100.55346048343746,-296.7279086799377,-641.0158234522265,1.5,0.7884833618466811,-0.17421984324514656,0.5298303469728796,0.2592705878752744,-65.7546645699255,72.48325213606923,0.0,0.23709944335186256,-0.01696897116310618,-0.09676367926449961,19.340057985014713,14.260802712804246,0.0,-0.006028137393305603,-0.0020899043154418585,-0.0021794334001612988,4.5411400049550545,4.543586077339964,4.543468727193735,4.54001676247032,2.7138838817462476,-5.6443997823513925,0.0,-1.727673215201223,-0.3908086198340346,0.0
100.62805503869224,-301.5788557230057,-635.5696824276224,1.5,0.7912598042513612,-0.1689948265868752,0.5309660704501564,0.2518406297516136,-64.30457057014593,73.53130031743676,0.0,0.23664878632865352,-0.017126179662269342,-0.09692778962407672,19.537692061796797,13.838710322377832,0.0,-0.006054313088968299,-0.0021205362172141058,-0.0022967557870200456,4.527051523249394,4.529465514551368,4.52937408578822,4.5259000533538085,2.5850059092141127,-5.672089859048555,0.0,-1.7273596404080378,-0.3514742453757644,0.0
100.70264959394702,-306.32109271127337,-630.0465389140271,1.5,0.7939658122907471,-0.16376957462537534,0.5320433009545142,0.24439259655305026,-62.840092640208354,74.547788408672,0.0,0.2361956499673413,-0.017284533412807106,-0.09710088455374696,19.725715744629674,13.414663105554613,0.0,-0.006088890608258304,-0.0021337431406125316,-0.002270144110170716,4.512910923562777,4.515328758749824,4.515228892603714,4.51176329859662,2.4562373096809846,-5.696800654216342,0.0,-1.7253632860595505,-0.311570823489863,0.0
100.77724414920179,-310.95357341067205,-624.4487523549153,1.5,0.7966013892065086,-0.15854475551957603,0.5330621542394889,0.2369272608398074,-61.361947293515406,75.5325788639787,0.0,0.2357404140157858,-0.017444597552329105,-0.0972664419991506,19.90413931242882,12.988882062411218,0.0,-0.0061235313448959085,-0.0021498225410461285,-0.0022444537995532144,4.498736687760395,4.501157445621598,4.5010493584619065,4.497592698847097,2.327622264872037,-5.718580238477075,0.0,-1.7224921889874625,-0.27196595114182487,0.0
100.85183870445657,-315.47530500297614,-618.7786918420509,1.5,0.7991665484573857,-0.15332103534004796,0.5340227521659435,0.22944539245335943,-59.87085012236291,76.48555052378077,0.0,0.2352827180802658,-0.01760579904408266,-0.09744077344572032,20.07297802889042,12.561586637616186,0.0,-0.006140223533580308,-0.0021722559923668667,-0.002335669686818812,4.484541511254262,4.486937551570653,4.486850805071369,4.483376763361096,2.199257181390448,-5.7374192395126835,0.0,-1.7189373837642148,-0.23335868644985944,0.0
100.92643325971135,-319.8853480018293,-613.0387348956076,1.5,0.801661359684181,-0.14809917094715508,0.53492519483809,0.22194759715191126,-58.367515379691525,77.40659853591157,0.0,0.23482249924859172,-0.017768364149311294,-0.09761276075101398,20.23225211999297,12.132993902812133,0.0,-0.006191558045679618,-0.0021877120860250387,-0.0022693622316209048,4.470297269912582,4.472705795729244,4.4725991600681,4.469143236298413,2.0711919121265825,-5.75334946631664,0.0,-1.7145096439698677,-0.19401289751008427,0.0
101.00102781496612,-324.1828161393787,-607.2312662535976,1.5,0.8040858227720026,-0.14287976865097154,0.5357696357656345,0.2144347423317309,-56.85265563391467,78.29563423040945,0.0,0.23436029097749608,-0.017932444896887875,-0.09778508098308901,20.38198652224303,11.703320544314876,0.0,-0.006214440246352721,-0.0022082267656431936,-0.002411195491466232,4.456043153481919,4.458415378069268,4.458340939195379,4.454855855150461,1.9434956517057327,-5.766408957460518,0.0,-1.7091006145717182,-0.15579392516882826,0.0
101.0756223702209,-328.3668762272993,-601.3586766690914,1.5,0.8064400329394573,-0.13766361477398867,0.5365561842362397,0.206907379273462,-55.32698139824861,79.1525849640793,0.0,0.23389526195320698,-0.018097726394906526,-0.0979637544900295,20.522211385132337,11.272780278181786,0.0,-0.0062412657213026124,-0.002227777232601999,-0.0023161195000258013,4.441730199489019,4.4441210791208,4.444023648897425,4.440563791034895,1.8162354036128858,-5.776597304766826,0.0,-1.7028936859228812,-0.11784401280450436,0.0
101.15021692547568,-332.43674798964065,-595.4233617198005,1.5,0.8087240159191453,-0.13245130195797214,0.5372850068387873,0.19936634648679394,-53.79120076871622,79.97739399853644,0.0,0.23342840310876736,-0.01826451299666564,-0.09813576093089756,20.65296133400017,10.841584862799412,0.0,-0.006292460808013768,-0.002250260697582566,-0.002412367160565555,4.427410356573342,4.429775055859597,4.429695351536947,4.42621725202277,1.6894702083758193,-5.783969471125884,0.0,-1.695765963093169,-0.07993414157745862,0.0
101.22481148073045,-336.3917038697704,-589.4277206291946,1.5,0.8109378503849385,-0.12724354755308717,0.5379562470869328,0.19181230054223156,-52.246019076337426,80.77002030732905,0.0,0.2329586656058104,-0.01843280177153617,-0.09831839513077446,20.774275922551823,10.409944535716242,0.0,-0.0063145447276866055,-0.0022654818107923523,-0.002438394554537102,4.4130493209558,4.415405359025592,4.41533134957058,4.411849898629495,1.5632614597269527,-5.788535197748907,0.0,-1.6880094723518764,-0.04252537140728014,0.0
101.29940603598523,-340.23106881110533,-583.374155097755,1.5,0.8130816227011064,-0.12204106429183423,0.5385700547839178,0.18424589423458004,-50.69213855197899,81.53043847276608,0.0,0.2324870976347813,-0.01860229982330418,-0.09849457058403482,20.8861989232844,9.978067100927515,0.0,-0.006341010534665186,-0.002283581059403792,-0.0023464942856489678,4.398645579084705,4.401019500865649,4.400923361057016,4.397466441913496,1.4376856937030225,-5.790335530104223,0.0,-1.6791220054233724,-0.0056612861809403605,0.0
101.37400059123999,-343.9542200124721,-577.2650681464611,1.5,0.8151553846775048,-0.11684443563568706,0.5391266186710953,0.17666795332634203,-49.13025794908966,82.25863847638406,0.0,0.23201277297670542,-0.018773426525177977,-0.09867676111411046,20.98877917359529,9.546157909104677,0.0,-0.006371001013288991,-0.0023004734731931617,-0.0024979653377947436,4.3842409306273975,4.386576879577795,4.386514320706557,4.383025464677211,1.3127775646063056,-5.7893919641014255,0.0,-1.6694599463976139,0.03086470850627995,0.0
101.44859514649477,-347.5605866568009,-571.1028629740382,1.5,0.8171592613862297,-0.11165444337870038,0.5396260897095561,0.1690790055248676,-47.5610722415975,82.95462554624982,0.0,0.23153629323398991,-0.018945833765533878,-0.09885981058314039,21.08206982564612,9.114420190777135,0.0,-0.006405159175797461,-0.0023242366392465514,-0.0024018327480111942,4.369780116658392,4.372134233962086,4.372047556349434,4.368584900854384,1.1886178057415242,-5.785743292087197,0.0,-1.6594494712407493,0.06686547329084366,0.0
101.52318970174954,-351.0496496163579,-564.8899418262156,1.5,0.8190933176711827,-0.10647165412393701,0.5400686683899967,0.16147989731847082,-45.98527228188268,83.61841997118327,0.0,0.231057266792181,-0.01911975833501634,-0.09904099282672633,21.166127811068286,8.68305455416366,0.0,-0.006446760567056166,-0.002340660999178838,-0.0025425077545505026,4.355318902767473,4.357637457026864,4.3575802810784054,4.354088261701561,1.0652522351574563,-5.779418112229308,0.0,-1.6482547793168896,0.10279556827971284,0.0
101.59778425700432,-354.4209411344119,-558.6287048793153,1.5,0.8209576789686897,-0.10129680184188747,0.5404545315271728,0.15387120143383418,-44.403544492364524,84.25005691756262,0.0,0.23057656991605827,-0.019295145278527975,-0.099228417823203,21.24101513704278,8.252259035576714,0.0,-0.006466364686583928,-0.002360467743773364,-0.002489375099192379,4.340806850551931,4.343134243849166,4.3430650020719135,4.339588666421238,0.9427456816640151,-5.770471355164421,0.0,-1.636360819225145,0.1376200454355181,0.0
101.6723788122591,-357.6740444813194,-552.3215491390125,1.5,0.8227524479566931,-0.09613051969916024,0.5407838803184337,0.14625364047221656,-42.81657052385777,84.84958619341224,0.0,0.2300925639508057,-0.019471962410843178,-0.09941237905297498,21.30679750806229,7.822229039189693,0.0,-0.006485280328764508,-0.0023821463193128833,-0.0024355396997675026,4.326268482056122,4.32860442712824,4.3285230745828835,4.32506303426475,0.8211424610922697,-5.758899750040231,0.0,-1.6237667689445354,0.17192061589611862,0.0
101.74697336751387,-360.8085935882702,-545.97086735201,1.5,0.8244777345626607,-0.09097344138994332,0.5410569239953552,0.13862793069500084,-41.225026971038936,85.41707214427421,0.0,0.22960671459986823,-0.019650240450962274,-0.09960284261691342,21.36354504021698,7.3931574624349325,0.0,-0.006535743908974765,-0.0024008558536452117,-0.002593541476092112,4.311730796437807,4.3140269876597195,4.313977996143049,4.310484785778355,0.7005099023740021,-5.744774650074779,0.0,-1.6106176162212755,0.20650965723866813,0.0
101.82156792276865,-363.8242726585728,-539.5790469338873,1.5,0.8261336845096194,-0.08582629700661261,0.5412738581447283,0.13099462794257682,-39.62958506672495,85.95259334052396,0.0,0.22911857504487196,-0.019829959129796907,-0.09979110559948147,21.411331321835195,6.965234111017817,0.0,-0.006556253011126575,-0.0024188922709487007,-0.002473973011365278,4.297133929809328,4.299454387246629,4.2993779620549315,4.295915670920106,0.5808946796275958,-5.728124610361942,0.0,-1.5964215634870798,0.23989773772561615,0.0
101.89616247802343,-366.7208157563401,-533.1484689125073,1.5,0.827720401782295,-0.08068962121214238,0.5414349208869075,0.12335456191882659,-38.03091037437361,86.45624242005579,0.0,0.22862795205509714,-0.020011281509401405,-0.09998103773778808,21.45023450432369,6.538645712716993,0.0,-0.006592037336708971,-0.002440095760023384,-0.002628588118283223,4.282545682881108,4.284826678372222,4.28478396936323,4.281289779356015,0.4623434031990905,-5.7089857581935854,0.0,-1.5818451592793599,0.2730530996930239,0.0
101.9707570332782,-369.4980063729643,-526.681506888562,1.5,0.8292380490979688,-0.07556417128887971,0.541540320146959,0.11570823480093687,-36.42966251266623,86.92812585576483,0.0,0.22813501713748915,-0.02019391967620101,-0.10017572733253323,21.48033617700013,6.113576549059474,0.0,-0.0066229933950220626,-0.002461288272063447,-0.002559495212546935,4.267907618974174,4.2702008733798635,4.2701409804149355,4.266666420526562,0.34491971739263055,-5.6873986014533875,0.0,-1.5666036910422996,0.30553666233378635,0.0
102.04535158853298,-372.15567697285735,-520.1805260108681,1.5,0.8306867553260039,-0.07045051198966308,0.5415902977028768,0.10805641730346034,-34.82649486349845,87.36836373882228,0.0,0.22764000086511618,-0.020378152707167745,-0.1003654676218148,21.501721501200024,5.690207401329425,0.0,-0.006674511595882794,-0.0024851207284404342,-0.002652042348174932,4.253267026458143,4.255534648864072,4.255491983997279,4.2520003420460695,0.2286575772764543,-5.6634099160624665,0.0,-1.5505074839149249,0.3375374031867488,0.0
102.11994614378776,-374.6937085189496,-513.6478819700726,1.5,0.8320666757818634,-0.06534930397729381,0.5415850909400507,0.10039972507163429,-33.22205431414942,87.77708953041717,0.0,0.22714202982624912,-0.020564069987831196,-0.10056499541950191,21.5144797348443,5.268716126312025,0.0,-0.006694190192445406,-0.0025041824482952397,-0.0026715204433965627,4.23859310771177,4.240852880705162,4.2408151469526,4.237322364523823,0.11360644477891021,-5.637053735433701,0.0,-1.534195878249889,0.3690640859389075,0.0
102.19454069904253,-377.11202997789803,-507.08592000889644,1.5,0.8333779756861325,-0.060261220733749864,0.5415249374125539,0.09273875714765555,-31.616981008051706,88.15444985947109,0.0,0.22664252261019346,-0.020751106272329792,-0.10075853755577381,21.518702776645927,4.849277587341509,0.0,-0.006718055831794113,-0.0025212866915925044,-0.0025902351916300983,4.223886328784884,4.226161540427923,4.2261049014447565,4.2226341966363785,-0.0001603946344245923,-5.608387506651594,0.0,-1.5166918621507044,0.3997442420942694,0.0
102.26913525429731,-379.41061780614854,-500.4969739500784,1.5,0.834620802782376,-0.05518680039365771,0.5414101032254311,0.08507427784378094,-30.011908017637197,88.50060423596248,0.0,0.22614013624988907,-0.020940066832372227,-0.10095797349396944,21.5144870878915,4.43206279551078,0.0,-0.006747047308753667,-0.002536230703699728,-0.0027226602414798674,4.209183631590593,4.2114253896652105,4.211398493475388,4.2079001229816555,-0.11264349279971657,-5.577437463263625,0.0,-1.4985480262714537,0.42996940309999443,0.0
102.34372980955207,-381.58949541496855,-493.8833652436408,1.5,0.8357953416821373,-0.050126773820871974,0.5412408381331363,0.07740677299623465,-28.4074611664822,88.81572484820671,0.0,0.22563562978609494,-0.021130268759463333,-0.10115839044459342,21.501932060860447,4.017240150676318,0.0,-0.006779919804950081,-0.0025682208474197645,-0.002642749916530173,4.19443799495719,4.196692861882323,4.196646190505109,4.193171592849298,-0.2237601016641509,-5.54425833665931,0.0,-1.4808331335256255,0.4594801320196255,0.0
102.41832436480685,-383.6487326184429,-487.2474020307138,1.5,0.8369017585551146,-0.0450816697409543,0.541017410064339,0.0697370173437265,-26.80425874729659,89.0999962945535,0.0,0.225128791355374,-0.02132210509888343,-0.10135713887140244,21.48113914760408,3.6049741936711572,0.0,-0.006808269225098746,-0.002578495517367362,-0.0027412112913859452,4.179691802658475,4.181921571617624,4.181896956591287,4.178402013189991,-0.33348694533769685,-5.508894403212369,0.0,-1.461225134683497,0.48851417462347985,0.0
102.49291892006163,-385.588445065776,-480.5913782275985,1.5,0.8379402411139866,-0.04005216872149932,0.5407400901811419,0.06206553772770704,-25.202911313750306,89.35361532841628,0.0,0.22461954910855864,-0.021515662506934152,-0.10156309104898098,21.452214511255235,3.1954262794247503,0.0,-0.006840922993753151,-0.0026024445472086675,-0.002727036221108238,4.164915307909507,4.167144203900595,4.167115100894195,4.163627572801088,-0.4417911089851345,-5.471391120800843,0.0,-1.4419681002003264,0.5168828021170186,0.0
102.5675134753164,-387.40879365366567,-473.91757262811336,1.5,0.8389109738211509,-0.03503885804645492,0.5404091584802582,0.0543929945848532,-23.60402144811079,89.57679060864675,0.0,0.22410817979000652,-0.02171039699320498,-0.10176405563540028,21.415266511755064,2.7887541844174164,0.0,-0.006873389269607989,-0.0026276572130677863,-0.0027132213841068536,4.150121305251942,4.152348848086056,4.152315379648366,4.148835580790848,-0.5485995491822206,-5.431797011782317,0.0,-1.4221748936429057,0.544612108531507,0.0
102.64210803057118,-389.10998392251486,-467.22824802538594,1.5,0.8398141482577575,-0.03004233098150128,0.540024900232002,0.046720037079520244,-22.00818349745309,89.76974243971543,0.0,0.22359441204514305,-0.021906968561056325,-0.10197208610950655,21.370406425218235,2.3851124262548766,0.0,-0.006887266497456653,-0.0026451090252531026,-0.0027774592141644556,4.135317360212748,4.137526795064701,4.137509661688707,4.134018322584094,-0.653911651832242,-5.390158487657514,0.0,-1.4014391238078072,0.5713188143057222,0.0
102.71670258582596,-390.69226543595215,-460.52565035346373,1.5,0.8406499675120866,-0.025063221586197622,0.5395876048489266,0.03904719886301124,-20.41598341904693,89.9327024802258,0.0,0.22307812218559184,-0.022105000978538177,-0.10217912237546496,21.317748488666375,1.9846509485534276,0.0,-0.006944845792011523,-0.0026650621513256405,-0.002759260012174623,4.120490998174423,4.122700897194457,4.122674924112317,4.11919152047131,-0.7576713215440934,-5.346517959764262,0.0,-1.3804449654671416,0.5983945010748378,0.0
102.79129714108073,-392.15593114690796,-453.81200784997435,1.5,0.8414186301145452,-0.020102086679717003,0.5390975721854674,0.03137519196783143,-18.827998552922804,90.06591352000939,0.0,0.2225599481398939,-0.022304670524594762,-0.10238670393574378,21.257409475213716,1.5875178801036833,0.0,-0.006964438392822265,-0.002686883938111161,-0.0028623056574095767,4.105660650546039,4.107842729532979,4.107841305476093,4.10433816233961,-0.8598488224999131,-5.300939977641833,0.0,-1.3589897596801264,0.6239048817457855,0.0
102.86589169633551,-393.50131674724514,-447.0895302353317,1.5,0.8421203499586403,-0.015159580541730581,0.5385551038859374,0.02370450129707772,-17.244797427429113,90.16962917768468,0.0,0.222039101384889,-0.022505777438897267,-0.10259952955319697,21.189508898372882,1.1938561023522734,0.0,-0.006992681027057805,-0.0027086604475448665,-0.0028028497436303037,4.090797455527404,4.092989316711298,4.092973767289203,4.089488283146739,-0.9604037934958364,-5.25345448547794,0.0,-1.337150863566745,0.6489562315938585,0.0
102.94048625159029,-394.7288000030195,-440.36040791587624,1.5,0.842755338932105,-0.010236229865473002,0.5379605104548894,0.01603581899027779,-15.666939564406523,90.24411363689792,0.0,0.22151658827004586,-0.02270865266915371,-0.10280759027545708,21.114168441999894,0.8038053252564703,0.0,-0.0070665141312927305,-0.002721729054653703,-0.0029398431225563263,4.075945752401347,4.078103087961054,4.078112322674344,4.074598136442718,-1.0593145187914754,-5.204126883344388,0.0,-1.3147537359904837,0.6734738494940534,0.0
103.01508080684506,-395.83880007689834,-433.6268112064647,1.5,0.843323817147485,-0.00533264597303936,0.5373141078205275,0.00836969866555713,-14.094975317036921,90.28964135609279,0.0,0.22099093799968966,-0.02291296092321101,-0.10302493676112612,21.03151248406567,0.41750171516275053,0.0,-0.007057191611848632,-0.002750599642351658,-0.0028970260750337557,4.061055345584067,4.06321762924922,4.063221976270664,4.05972260364783,-1.1565437962742235,-5.152998245605287,0.0,-1.29206749585889,0.6972512423611132,0.0
103.08967536209984,-396.83177683687416,-426.8908895734077,1.5,0.8438260094890863,-0.00044942698764263586,0.5366162169650669,0.0007066931494126981,-12.529445683905355,90.30649680988425,0.0,0.22046349083543662,-0.023118816635605624,-0.1032379893097487,20.94166741787429,0.03507746683056123,0.0,-0.007085953719665055,-0.00277075299978889,-0.002842396008023972,4.0461534685371845,4.048324466764181,4.0483158351474575,4.044832961839864,-1.2520581683702539,-5.100124471445498,0.0,-1.2688636359242533,0.7202973083120627,0.0
103.16426991735462,-397.70823015267183,-420.15477089831904,1.5,0.8442621457363781,0.004412907336579388,0.535867164396871,-0.00695252807992839,-10.970882148288275,90.29497419682998,0.0,0.21993358341995625,-0.02332646027984865,-0.1034557048913615,20.844761729832545,-0.34333883737589105,0.0,-0.007117852892489962,-0.0027885575177527084,-0.0029664200076168702,4.0312607102961655,4.033399604657195,4.033418832561249,4.029910821273655,-1.3458435878266648,-5.045549671968681,0.0,-1.2451965740037425,0.7427328994802538,0.0
103.2388644726094,-398.46869918002267,-413.42056076359484,1.5,0.8446324562971241,0.009253713206466497,0.5350672884291432,-0.014607512261274037,-9.419806517925712,90.25537715312188,0.0,0.2194014612895279,-0.023535475739796124,-0.1036748420499749,20.74092668317265,-0.7176226421511307,0.0,-0.007148623001312738,-0.002819570350929217,-0.0029002999285153027,4.016336280041324,4.018485061007424,4.01848846633445,4.015001085401373,-1.4378541023482998,-4.989330788597098,0.0,-1.2219008242897949,0.7644690530492303,0.0
103.31345902786417,-399.11376163266834,-406.6903417584102,1.5,0.8449371855553249,0.0140725019792238,0.5342169200996987,-0.0222575702421342,-7.876730780303536,90.1880184758761,0.0,0.21886707092574018,-0.023746170625767376,-0.10389286546114306,20.630293974379615,-1.0876530570296645,0.0,-0.007181496971293424,-0.002830279861374673,-0.0029986456468203337,4.001419670960176,4.003543155427574,4.003568428182603,4.0000609534167015,-1.5280775798354422,-4.931517825175097,0.0,-1.1971317419963718,0.78552303582956,0.0
103.38805358311893,-399.6440330462744,-399.96617280634365,1.5,0.8451765721694727,0.018868659185154343,0.533316409267595,-0.029902226711965907,-6.342156970801169,90.09321983311607,0.0,0.21833055234674728,-0.023958728295876898,-0.10411688089724343,20.51299856628982,-1.453313118906162,0.0,-0.007208958008703181,-0.0028568402336486684,-0.0029820364432737844,3.986481453203154,3.9886040483050587,3.9886254866555886,3.9851265670414326,-1.6165024281899028,-4.872164597185382,0.0,-1.1729744974815237,0.8058081309387243,0.0
103.46264813837371,-400.0601660304718,-393.2500885146932,1.5,0.8453508647337761,0.023641651302022157,0.5323661045059528,-0.037540892247356246,-4.816577057330563,89.97131146844113,0.0,0.2177915463473152,-0.024172416029706476,-0.1043378311627812,20.389176443653554,-1.814489710533488,0.0,-0.007236179733050419,-0.002884889548036033,-0.002965719163269203,3.971535244075214,3.973656506769158,3.973674231591015,3.9701841754371303,-1.7030659952668292,-4.811317511385714,0.0,-1.148552279756446,0.8253912839520504,0.0
103.53724269362849,-400.3628495109581,-386.5440985448152,1.5,0.8454603171358415,0.02839094782611968,0.5313663592614839,-0.04517298390955376,-3.3004727453084324,89.8226319298896,0.0,0.2172503931922465,-0.02438796842537659,-0.10456470938922306,20.258965217729585,-2.1710735299508097,0.0,-0.0072713007336584,-0.002890884102371921,-0.003066578339789171,3.956594092158534,3.9586902174332206,3.9587302136928995,3.9552187445691085,-1.7877857546209528,-4.749033618116035,0.0,-1.1227150868631641,0.8443585388720826,0.0
103.61183724888326,-400.5528079627257,-379.85018700435967,1.5,0.8455051765903362,0.033115951466077986,0.5303175435334176,-0.052798041044364995,-1.794315425389288,89.64752775953711,0.0,0.2167069757537601,-0.024605208581742515,-0.10479071903059269,20.122504896513846,-2.5229593081468225,0.0,-0.00729949546717598,-0.0029280560767744276,-0.003002385811806688,3.9416292270915925,3.9437337997469384,3.9437589939336255,3.9402687047497813,-1.8706348146940437,-4.685362608486861,0.0,-1.0982494188261385,0.8626408593073935,0.0
103.68643180413804,-400.6308006345318,-373.17031186116697,1.5,0.8454857156842114,0.03781620005599657,0.5292200092654982,-0.0604154068124,-0.29856606471122665,89.44635321522614,0.0,0.2161613103168311,-0.024823805745884414,-0.10501831083350233,19.979934919578184,-2.870045586228909,0.0,-0.007330222999935916,-0.0029430329078467834,-0.003116190590780352,3.926677742919629,3.928752805763256,3.928803955581879,3.9252906509271517,-1.9515748459152458,-4.62035956259724,0.0,-1.0723886287850806,0.8801381756598837,0.0
103.76102635939282,-400.59762076891855,-366.50640437860693,1.5,0.8454021874341887,0.042491086528080715,0.5280741373038731,-0.06802466139513132,1.1863249196039802,89.21946997881642,0.0,0.2156134912458908,-0.025044325924346043,-0.10524981622471627,19.831397795056212,-3.212234790939095,0.0,-0.007360331286946956,-0.0029612140886252263,-0.003075585955179199,3.9117037522733344,3.9137845372374227,3.9138261538757524,3.910325867701611,-2.0306213910571094,-4.554074404268905,0.0,-1.046505494331263,0.8969479262972008,0.0
103.83562091464759,-400.4540948113733,-359.8603685729558,1.5,0.8452548633869774,0.047140132510612505,0.5268803028492325,-0.07562519617855674,2.6599177315894424,88.96724686060308,0.0,0.21506271382624614,-0.025265984856314982,-0.10548027318757779,19.677036909799785,-3.5494332979104564,0.0,-0.0073253651396317605,-0.003010120323259839,-0.0029852017811085397,3.896717707598327,3.898811245200917,3.898841071668437,3.8953697486284415,-2.107727475356754,-4.4865596677187405,0.0,-1.0207613730254694,0.9130905491222611,0.0
103.91021546990237,-400.20108161311373,-353.2340806923519,1.5,0.8450440140470101,0.05176280004661695,0.5256388859603587,-0.08321651531399152,4.121783320880164,88.69005950996072,0.0,0.21451096399742522,-0.025489789263095513,-0.10571481262073312,19.51699615378043,-3.8815513763004423,0.0,-0.007419376004593716,-0.003008165730240765,-0.0031573596681946764,3.881764298091987,3.883817267919745,3.883877711981178,3.8803674992296675,-2.182898892997715,-4.417868490742134,0.0,-0.994682759387857,0.9285122646451891,0.0
103.98481002515715,-399.8394716291172,-346.62938871746275,1.5,0.8447699101016235,0.0563585544767371,0.5243502758670853,-0.09079813061015844,5.571503409371178,88.38829012446153,0.0,0.21395638551253202,-0.02571493260356989,-0.1059482116412812,19.3514208098293,-4.208503212010448,0.0,-0.007448948403880498,-0.0030293135333998556,-0.00311907669633227,3.866781488583734,3.86883907324797,3.8688907153647123,3.865393556840659,-2.2561153525533526,-4.348053168807748,0.0,-0.9683890567161515,0.943222704018469,0.0
104.05940458041192,-399.37018611055294,-340.0481118839188,1.5,0.8444328380344525,0.06092693238920962,0.5230148579635946,-0.09836945312464661,7.0086705892388705,88.06232715937124,0.0,0.21339960337901287,-0.02594181915497888,-0.10618554730379208,19.18045684785331,-4.5302068358861405,0.0,-0.007480558182105181,-0.0030477416344592625,-0.003229790480875627,3.8518143840859485,3.853842633447336,3.8539196248393695,3.8504007029483756,-2.3273731497438557,-4.277164750775475,0.0,-0.9418337085129755,0.9572560914202777,0.0
104.1339991356667,-398.7941762917868,-333.4920402264218,1.5,0.8440330640786291,0.06546736122816772,0.5216330403858145,-0.1059300832328233,8.43288838490756,87.7125650347996,0.0,0.21284057440920626,-0.02617014052134652,-0.10642462571152224,19.00425161972102,-4.846584263253154,0.0,-0.007506058926672634,-0.0030773759198911054,-0.0031703294128446274,3.836827555370848,3.8388641370204257,3.838928113790909,3.835428303181585,-2.3966500065704572,-4.205257014201965,0.0,-0.9157323375948268,0.9705928213600796,0.0
104.20859369092148,-398.1124225722476,-326.9629341445335,1.5,0.8435708883471674,0.06997940852773074,0.5202052102581449,-0.11347941635186075,9.843771304469803,87.33940384828072,0.0,0.2122793731944073,-0.02640018438459283,-0.10666307349616984,18.822951989628006,-5.157561284677933,0.0,-0.007537766882612637,-0.003094032062478936,-0.0032579715716268133,3.8218575819260248,3.8238702948503165,3.8239543651335315,3.820437973022363,-2.463948996073679,-4.132380654818986,0.0,-0.8888426695059508,0.9832076616519277,0.0
104.28318824617625,-397.3259336969229,-320.4625239899796,1.5,0.8430465855767336,0.07446253104671885,0.5187317836893346,-0.12101703437123668,11.240944873652982,86.9432490846639,0.0,0.2117159527512483,-0.02663182227731734,-0.10690721109340644,18.636706573209135,-5.463067634586263,0.0,-0.007567393933311714,-0.003115586863039332,-0.0032544694808504613,3.8068785033113532,3.8088877869835764,3.8089712728188827,3.805459926309372,-2.529258455473464,-4.058587223929754,0.0,-0.8621523130780089,0.9951620526775722,0.0
104.35778280143101,-396.4357459312222,-313.992509675489,1.5,0.8424604496402417,0.07891625862338435,0.5172131677368036,-0.12854242115546957,12.624045696817278,86.52451132964974,0.0,0.21115042144947405,-0.02686502711304381,-0.10714858733189919,18.445663867984322,-5.763036884746776,0.0,-0.00759600375314377,-0.00313821711927403,-0.0032497062190749372,3.791901506569606,3.793907346586908,3.793990130041652,3.7904844256155736,-2.592571321643929,-3.98393090117782,0.0,-0.8354056173607387,1.0064087459395423,0.0
104.43237735668579,-395.4429222338227,-307.5545603050092,1.5,0.8418127757250333,0.08334011923696749,0.5156497773871189,-0.13605507058649993,13.992721488686474,86.0836059823163,0.0,0.21058260274751972,-0.02709986968967933,-0.10739570644164677,18.249973123042263,-6.057406348001989,0.0,-0.0076218177835316045,-0.003164164209020106,-0.003324048729831047,3.7769366779900273,3.778920447781825,3.7790212422221754,3.7755032960935613,-2.6538847594609973,-3.9084583181271744,0.0,-0.8088134769883885,1.0169804205552846,0.0
104.50697191194057,-394.3485514275204,-301.1503138255543,1.5,0.8411038515272112,0.0877336033473453,0.5140420324264164,-0.143554570420801,15.346631071709119,85.62095296675237,0.0,0.21001260728153884,-0.02733618534970328,-0.10764244614543335,18.04978305825027,-6.346117320675627,0.0,-0.0076579999082512324,-0.0031756471451844796,-0.003292402448447834,3.7619632503970597,3.7639513703621104,3.7640442879385794,3.7605365976127345,-2.713190070205859,-3.8322244086765407,0.0,-0.7814395666465409,1.0268566002144734,0.0
104.58156646719534,-393.15374736936286,-294.78137669972153,1.5,0.8403339850213424,0.09209628417920884,0.5123903558008012,-0.15104036328366402,16.6854444345985,85.13697645590089,0.0,0.20944046876603953,-0.02757428791547827,-0.10789083050038031,17.845243981171663,-6.62911470351757,0.0,-0.0076844448715105255,-0.0032014196042925436,-0.0033866308150605207,3.7470095645682795,3.748970942103244,3.7490864580240078,3.745562020112889,-2.7704978532542364,-3.755276257757491,0.0,-0.7547590579174905,1.0360827134952693,0.0
104.65616102245012,-391.85964811676894,-288.44932359969516,1.5,0.8395034626589181,0.0964276492265436,0.5106951809145112,-0.15851207158770014,18.008842721460592,84.63210458342967,0.0,0.2088662573593696,-0.027813795320660115,-0.10814284712612637,17.636505128153704,-6.906347380796937,0.0,-0.007715099564933111,-0.0032234706500235163,-0.0033607938917726513,3.732047778092433,3.7340106822538104,3.734120546298006,3.7306065064942997,-2.8257928392903566,-3.6776705515962678,0.0,-0.727896921107583,1.0446735427769474,0.0
104.7307555777049,-390.46741509597155,-282.1556971223586,1.5,0.8386125982019395,0.10072727409950502,0.5089569335477147,-0.16596917238807626,19.316518240092545,84.10676916127198,0.0,0.20828995968515962,-0.028055042241905238,-0.10839299585630047,17.423716168399707,-7.177767707840367,0.0,-0.00776158665541363,-0.003238089213961782,-0.003434882288673799,3.7171048275786256,3.7190471218553296,3.71917219100013,3.7156445664363726,-2.879085218739959,-3.5994490723611223,0.0,-0.7009679083454794,1.052483403127698,0.0
104.80535013295967,-388.97823226924015,-275.90200752456803,1.5,0.8376616911487272,0.10499469266196591,0.5071760536812556,-0.17341123454661728,20.608174455343022,83.56140541626624,0.0,0.20771120982212937,-0.028297705380208506,-0.10864967395169077,17.207026782674877,-7.443331968177655,0.0,-0.007770164996236306,-0.003263570819670795,-0.003435836924126219,3.702159034717736,3.704096173213142,3.704224996501622,3.7007020871181853,-2.9303710121319,-3.520667180691956,0.0,-0.6740849342620162,1.0596680819557664,0.0
104.87994468821445,-387.39330530233076,-269.68973247961003,1.5,0.8366510420584576,0.10922944217168293,0.5053529859042688,-0.1808378346005062,21.883525994555693,82.99645169529599,0.0,0.20713041373969412,-0.028541994564051477,-0.10890456468249483,16.986586459630132,-7.703000056431707,0.0,-0.007800391027566366,-0.003284705687055929,-0.003412278996521746,3.687220206134614,3.6891583344268093,3.689282229114364,3.6857692028238027,-2.9796551749923412,-3.4413698942735835,0.0,-0.6472562999985956,1.0662513643247573,0.0
104.95453924346923,-385.7138607329486,-263.52031685417944,1.5,0.8355809735943398,0.11343112124445583,0.5034881654133105,-0.18824846503783174,23.142298616617683,82.41234920518168,0.0,0.20654760483018197,-0.028787840224494054,-0.10916292780541363,16.76254428110431,-7.956735493744453,0.0,-0.007826739036098356,-0.00330716289492297,-0.003502659310334327,3.6723037313319784,3.6742163974579882,3.6743622611968982,3.6708329830815307,-3.026941471336234,-3.361610659495707,0.0,-0.6205928507389744,1.072148776764385,0.0
105.029133798724,-383.9411451404538,-257.3951725051089,1.5,0.8344517762494078,0.11759924175317678,0.5015820526816658,-0.19564277620431836,24.384229204850307,81.8095417382492,0.0,0.2059626732813731,-0.02903524285055884,-0.10942307153115169,16.535049116008494,-8.204505418078893,0.0,-0.007857053298354823,-0.003325302377017041,-0.0034685593322112867,3.6573832119962204,3.6592997292242253,3.6594383242505364,3.655920933484615,-3.0722359527072216,-3.2814342309358557,0.0,-0.5937941266176523,1.0774002101386426,0.0
105.10372835397878,-382.0764243179242,-251.31567809679333,1.5,0.8332637790425906,0.12173342120656501,0.4996350915637273,-0.20302025508582064,25.609065728977136,81.18847540308296,0.0,0.20537557718286498,-0.02928417208532221,-0.10968322090117345,16.3042496259677,-8.446280542042668,0.0,-0.007882696314630455,-0.0033488873061616035,-0.0035383398601415953,3.6424860652685074,3.644381614620822,3.6445376158802163,3.6410089865924777,-3.1155418557001453,-3.200888649132315,0.0,-0.5673398020681953,1.0820327194546049,0.0
105.17832290923356,-380.12098244563595,-245.28317893819357,1.5,0.8320172816590378,0.12583320273055573,0.4976477452683134,-0.21038053555555022,26.8165672165806,80.5495983597077,0.0,0.20478629639194873,-0.02953454433722709,-0.10994862243612276,16.070293615881436,-8.682035138307699,0.0,-0.007912843792493917,-0.0033674110136734854,-0.0035439163142108815,3.627593629452659,3.629483817959947,3.6296418347910144,3.6261159926002713,-3.156864291152987,-3.120021434094271,0.0,-0.5407729250420702,1.0860385182563914,0.0
105.25291746448833,-378.07612126774455,-239.29898683951353,1.5,0.8307126031546651,0.12989818046603363,0.49562047160221856,-0.21772317699410895,28.006503718748046,79.89336055984263,0.0,0.20419506972905263,-0.02978658232479107,-0.1102119529519722,15.833328499299975,-8.91174692204269,0.0,-0.007943154719084432,-0.0033868812583603323,-0.003550485166724312,3.612714600862183,3.614598931277867,3.6147592056142597,3.611236189737038,-3.1962224013526455,-3.038878725244655,0.0,-0.5143319039087357,1.089433044622707,0.0
105.3275120197431,-375.9431592722685,-233.36437998859182,1.5,0.8293500647261715,0.1339279588563696,0.4935537316211429,-0.2250477415530016,29.17865624617457,79.22021348039499,0.0,0.20360171286764434,-0.030039990263708585,-0.11048037757732959,15.593501086190395,-9.135397193762444,0.0,-0.007965553295390402,-0.003406976985532371,-0.003613166508016701,3.597855588340274,3.5997210925332905,3.5998977542030692,3.5963646346986877,-3.233612301867058,-2.95750924757627,0.0,-0.488163832918691,1.0921052573177954,0.0
105.40210657499787,-373.72343087485046,-227.48060284592657,1.5,0.8279299674122489,0.13792209867034172,0.49144800200680067,-0.23235387899203383,30.332816735629955,78.53060987775147,0.0,0.2030061941702636,-0.030294894652292837,-0.11074902610153758,15.350957345166847,-9.352970570368258,0.0,-0.007999535633884485,-0.0034270007719780443,-0.0035917576099243143,3.5830027626128444,3.584868783716994,3.585040832725188,3.5815170773395626,-3.269050197617635,-2.875954111576515,0.0,-0.46200706238798567,1.0943767194189653,0.0
105.47670113025265,-371.41828560602096,-221.6488660596991,1.5,0.8264526508909101,0.14188024596431287,0.4893037404306265,-0.23964110924691495,31.468787983909166,77.82500352750873,0.0,0.2024089666997915,-0.030551359800534635,-0.11101882202654065,15.105842391817454,-9.564454945951582,0.0,-0.00802301118884181,-0.003447330311595185,-0.0036722548329301266,3.56817695867062,3.5700198974141375,3.5702123852723076,3.5666745596828484,-3.302553590629665,-2.794264954839027,0.0,-0.4361313690380322,1.095877870723977,0.0
105.55129568550743,-369.02908730343074,-215.87034639854136,1.5,0.8249184086328162,0.1458019525891173,0.48712144002797486,-0.24690911766270435,32.58638358763769,77.10384897465988,0.0,0.20180888198169947,-0.03080914298770593,-0.11129363656346994,14.858300876464988,-9.76984152515271,0.0,-0.008040319051441328,-0.0034679507782915606,-0.0036344677744476425,3.5533540063458897,3.555201170646382,3.555387735406619,3.551863124441024,-3.334115410448499,-2.712470124332236,0.0,-0.41053495051034894,1.096714232491168,0.0
105.6258902407622,-366.5572133079306,-210.1461867025583,1.5,0.8233275805925978,0.1496868860625643,0.48490156176698584,-0.2541574444559324,33.6854278899142,76.36760130510139,0.0,0.2012072876530327,-0.031068172058462167,-0.11156640360931117,14.608475768599657,-9.969125223780269,0.0,-0.008055962419202593,-0.003516239596122479,-0.003652196202665048,3.5385572489217068,3.540391785892858,3.54058550491543,3.5370653389276914,-3.36377349493533,-2.6306355739339176,0.0,-0.38475912961119163,1.0972606430394989,0.0
105.70048479601698,-364.0040536667444,-204.47749585418904,1.5,0.8216804769748438,0.15353463859455285,0.48264459766574336,-0.26138573192526426,34.76575586989841,75.61671586209908,0.0,0.20060395933505348,-0.031329308740643505,-0.11184397567201365,14.356509808396249,-10.162303602696007,0.0,-0.00810223086341506,-0.0035095026899658534,-0.0037248143485606885,3.5237839170225804,3.525601004097132,3.5258102878084485,3.5222740556499725,-3.391531657381466,-2.5487874103174795,0.0,-0.35958795931629506,1.0971453128399424,0.0
105.77507935127176,-361.37101034119553,-198.86534876552642,1.5,0.8199774157175383,0.15734483378890599,0.48035102992618145,-0.2685936131816724,35.827213081983935,74.85164805885981,0.0,0.19999807795193006,-0.031591158583440866,-0.11212153262485544,14.102543844829437,-10.349377607831942,0.0,-0.008133328043209945,-0.003523122796042909,-0.0037148624109213857,3.5090212417857987,3.5108369664055483,3.5110449374540194,3.5075146609523324,-3.4173871132831253,-2.4669778386664483,0.0,-0.33418495092751055,1.0963472229068234,0.0
105.84967390652653,-358.65949642093125,-193.3107863833524,1.5,0.8182187311184922,0.16111713068944084,0.47802134339806734,-0.2757806619419737,36.86965560592542,74.07285310524819,0.0,0.19939048218339672,-0.03185478867960093,-0.11240202349942484,13.846718467251343,-10.530351467570636,0.0,-0.008161876994489559,-0.003541325202324991,-0.0038017940783629787,3.494290674970306,3.496082039260129,3.4963114778466315,3.4927654393668224,-3.4413885054258575,-2.3852394694018115,0.0,-0.3091940401123189,1.0950841539355,0.0
105.92426846178131,-355.8709353427858,-187.8148157124395,1.5,0.8164047223513744,0.16485112753079012,0.47565604077109236,-0.28294657791210587,37.89294991032849,73.28078579730376,0.0,0.19878073098673965,-0.032119618794594115,-0.1126846497148944,13.589172379144225,-10.70523221495375,0.0,-0.008185066347065097,-0.003559315786652272,-0.003768941098256142,3.4795676272923735,3.481362281295978,3.4815863525090283,3.4780521872293324,-3.4635296599210297,-2.303618332890613,0.0,-0.284503648107842,1.0931981077985264,0.0
105.99886301703609,-353.00676011908274,-182.37840985484752,1.5,0.8145357354805757,0.16854651538369558,0.47325560118100285,-0.29009092320846425,38.896972780062214,72.47590028459358,0.0,0.1981690460201007,-0.032385895657219305,-0.11296747480549461,13.33004313384554,-10.874030094539407,0.0,-0.008212674413010896,-0.003583289471032645,-0.0038382422366035917,3.464879829020909,3.4666532785097393,3.466894976670506,3.4633500307648086,-3.4838382558662513,-2.222152120059518,0.0,-0.2601866899804835,1.0910079431907207,0.0
106.07345757229086,-350.06841257185494,-177.00250806661262,1.5,0.8126120734093153,0.17220291404228064,0.47082053474600677,-0.2972133890090499,39.88161121150751,71.65864984956669,0.0,0.1975552950890743,-0.032653149792052735,-0.11325509491035098,13.06946715382663,-11.036758206845446,0.0,-0.008240410491304171,-0.003594815351802978,-0.0038470222723069065,3.450207815377318,3.4519758390903745,3.452221238782369,3.4486776663282748,-3.50231790311307,-2.1408884818201215,0.0,-0.23575161655332094,1.0879992805664283,0.0
106.14805212754564,-347.0573425737752,-171.6880158310555,1.5,0.8106340649387154,0.1758199945650468,0.4683513369655191,-0.3043136004760424,40.84676233978889,70.82948667334908,0.0,0.19693969990471574,-0.03292223958435063,-0.11354137207028402,12.807579237423443,-11.193432542458549,0.0,-0.008267821902751639,-0.00360740420989307,-0.0038559082948256555,3.435560552756645,3.4373228589614824,3.437572075522678,3.4340301193356417,-3.5190169308992845,-2.059846788798177,0.0,-0.21160212931523673,1.0844951369122116,0.0
106.22264668280042,-343.9750072978208,-166.43580494771922,1.5,0.8086020373360087,0.17939743231899583,0.46584850970253405,-0.3113911888627156,41.79233327812684,69.98886165638635,0.0,0.19632203301832538,-0.03319220099386254,-0.11383241984940393,12.544512973936637,-11.344072039953286,0.0,-0.008291974720493976,-0.003630094164125783,-0.003918458560650034,3.4209455595490503,3.4226883849357215,3.4229543214702836,3.4194029767479543,-3.533923694220291,-1.9790854964947477,0.0,-0.18810675767059648,1.080736890282656,0.0
106.29724123805518,-340.8228704756386,-161.2467136368177,1.5,0.8065162955806056,0.18293487414150983,0.4633125665769081,-0.31844585479746074,42.71824105012318,69.13722417741108,0.0,0.19570242827710546,-0.03346347292302693,-0.11412388141411331,12.280400077355493,-11.488698242396893,0.0,-0.008320127435449848,-0.0036440348397830677,-0.003899626978608111,3.406347439024628,3.4080907306837456,3.4083540864271216,3.4048109669317497,-3.547074846050697,-1.8986307227180792,0.0,-0.16457586490973913,1.0763187387919835,0.0
106.37183579330996,-337.60240166257984,-156.1215466602059,1.5,0.8043771837616527,0.1864320346789357,0.4607440058408248,-0.3254771939336066,43.62441246633473,68.27502189781376,0.0,0.19508093797896636,-0.033735931067372146,-0.11441714387961668,12.015371125968558,-11.627335638877454,0.0,-0.008344948878941254,-0.0036609637491123864,-0.0039767677437531615,3.3917879555752535,3.3935091115377687,3.3937925552166206,3.3902359679877847,-3.558488675814858,-1.8185225169650814,0.0,-0.14147449329431847,1.0714649554834694,0.0
106.44643034856473,-334.31507551224973,-151.0610754570406,1.5,0.8021849993621484,0.18988856295036574,0.4581433506516122,-0.3324849330611976,44.51078400147914,67.40270056069629,0.0,0.19445746002706202,-0.034009791072714554,-0.11471387738287597,11.74955465657343,-11.760011063354266,0.0,-0.008369656851582686,-0.003673264531551697,-0.00396389191172861,3.377246241570546,3.3789667010728177,3.379249537709469,3.3756995896325797,-3.5681929429161485,-1.7387871157419363,0.0,-0.11855898280055609,1.0660399839281425,0.0
106.52102490381951,-330.9623710607704,-146.0660382934573,1.5,0.7999400789202816,0.19330418001960156,0.45551110869011874,-0.3394686936727187,45.37730166396957,66.52070380607734,0.0,0.19383186022163607,-0.034284388867896004,-0.11501043912119699,11.483078008399636,-11.886754420500171,0.0,-0.00836995275911987,-0.00370973093125233,-0.003958867414541892,3.3627350048512072,3.3644494469642727,3.3647369749446603,3.361195363255679,-3.5761980171748426,-1.6594739671642043,0.0,-0.09610517500504766,1.0603637638240326,0.0
106.59561945907429,-327.5457710189886,-141.1371404281886,1.5,0.7976427371788803,0.19667857446982256,0.4528477982818422,-0.34642816536995097,46.22392089232066,65.6294729519858,0.0,0.19320483202540364,-0.03456044945562518,-0.11531107466912366,11.2160663833939,-12.007597676497982,0.0,-0.008422067797998105,-0.0037045448045479492,-0.004041062842721224,3.3482649957224617,3.349959218869788,3.3502643043351825,3.346704975260472,-3.5825347174402595,-1.5806075681691818,0.0,-0.07382485340300167,1.0540799210887606,0.0
106.67021401432906,-324.06676107488164,-136.27505429140177,1.5,0.7952932843557534,0.20001144349442543,0.45015394622853144,-0.35336304139623237,47.050606410736115,64.72944682947936,0.0,0.19257563553896637,-0.034837568459324626,-0.11561174138840957,10.948643590806356,-12.122575626663707,0.0,-0.00844847348588246,-0.0037204394371472722,-0.004033563923717682,3.3338158414779326,3.335507475165093,3.335813096204054,3.332259817629051,-3.587228815912271,-1.5022180444413462,0.0,-0.05194685674562082,1.0474696288410674,0.0
106.74480856958384,-320.5268292056917,-131.48041967750802,1.5,0.7928920588482303,0.20330252356563094,0.447430062246543,-0.36027296085789606,47.8573320909033,63.82106159975874,0.0,0.19194452030731482,-0.03511561378897661,-0.11591577511339081,10.68093134855037,-12.231725194223749,0.0,-0.008462263262480767,-0.003737231804916448,-0.004090714814953803,3.3194057455706933,3.3210797500885803,3.3214026655196256,3.3178406387794785,-3.5902977475169893,-1.4243446879507793,0.0,-0.030617457993697344,1.0403253721939292,0.0
106.81940312483862,-316.9274649998071,-126.75384395100701,1.5,0.790439355812456,0.20655151653212364,0.44467667894262025,-0.3671576596036523,48.64408083237128,62.904750564631314,0.0,0.1913118086167444,-0.03539476435378683,-0.11622130907317639,10.413049373024176,-12.335086013871916,0.0,-0.008511075212811976,-0.003745120191842825,-0.0041127513020725055,3.3050268740524578,3.3066925720165727,3.3070197752176638,3.3034558843449258,-3.591776599961338,-1.3470158302895419,0.0,-0.008907920939191705,1.032973340314281,0.0
106.89399768009339,-313.270158990207,-122.09590226657747,1.5,0.7879355091532968,0.20975815655734614,0.44189432388889677,-0.3740167853021754,49.41084440768664,61.98094399813843,0.0,0.19067716405729893,-0.03567488439431707,-0.11652760490240427,10.145116458912353,-12.432699574806241,0.0,-0.008509099211275694,-0.003765045051267887,-0.004131003801663724,3.2906792900446495,3.2923357864828535,3.29267363067092,3.2891105170935133,-3.5916830853146684,-1.2702605629786736,0.0,0.011422222375024651,1.0249436074733893,0.0
106.96859223534817,-309.5564019955665,-117.50713780055408,1.5,0.7853808207928601,0.21292217133751248,0.43908352738733114,-0.38085006401568466,50.15762333886366,61.05006898293584,0.0,0.19004003344671241,-0.03595574264623264,-0.11683925387195152,9.877248377168453,-12.524609956218539,0.0,-0.008546129885527252,-0.003773227052621163,-0.00416178868225129,3.2763704298641247,3.2780165411908517,3.2783624657621777,3.2747955288898223,-3.5900306593777898,-1.1941067844601858,0.0,0.03223278018702706,1.0167023618219173,0.0
107.04318679060295,-305.7876844737604,-112.98806199557653,1.5,0.7827756108379778,0.2160433073656237,0.436244819289255,-0.38765718110598535,50.884426764485895,60.112549244254204,0.0,0.1894021992649004,-0.03623782535458388,-0.11714848815523853,9.609559482892053,-12.610863226508243,0.0,-0.00858303482606103,-0.0037818435983958663,-0.004192908839729682,3.262098070113352,3.2637335250064594,3.264087657782622,3.260517014194281,-3.5868832406663897,-1.1185889897328891,0.0,0.052685280271263124,1.0080850698594672,0.0
107.11778134585772,-301.96549588642586,-108.5391548172349,1.5,0.7801201983729334,0.21912132008382057,0.43337873218489414,-0.39443782484076345,51.59127223173839,59.16880497983612,0.0,0.18876186796764027,-0.036520578476229,-0.11746307863764537,9.342162198231168,-12.69150766906627,0.0,-0.008586159398970554,-0.0038036701733904096,-0.004219822865814595,3.2478611072666923,3.2494850539075437,3.2498512649804088,3.24627970778613,-3.5822295766571166,-1.0437285292030252,0.0,0.07195256811734563,0.9991295658361516,0.0
107.1923759011125,-298.09132407469724,-104.16086502229624,1.5,0.7774148813273166,0.22215595077230774,0.43048580259493485,-0.40119173669391683,52.27818560725925,58.21925272863688,0.0,0.1881197561532154,-0.03680404931245433,-0.11777835791495639,9.07516630333797,-12.766593265928053,0.0,-0.008624500885187064,-0.003801450027394276,-0.004228371025359805,3.2336611259263175,3.235281135003278,3.235650246371122,3.232078681436329,-3.5761095262052374,-0.9695573451193089,0.0,0.09188819631808967,0.9895389508403988,0.0
107.26697045636726,-294.16665464563323,-99.85361043764375,1.5,0.7746599878705802,0.22514697691417604,0.42756657024939726,-0.40791858254304536,52.94520091665597,57.264305200557025,0.0,0.18747592166265944,-0.037088612795644904,-0.1180954977759704,8.808680777658305,-12.836172461394717,0.0,-0.008642691690914707,-0.0038173890959204205,-0.004291374951779094,3.2195066481600763,3.2211075481564944,3.221495029556913,3.2179134949673927,-3.5685595146163025,-0.8960904157141052,0.0,0.11076654740509294,0.9799262557059645,0.0
107.34156501162204,-290.19297036841834,-95.61777825113738,1.5,0.771855805885443,0.22809415729814633,0.42462157992498784,-0.41461811850109614,53.59236017873184,56.304371146207906,0.0,0.1868306844173184,-0.037373356236293724,-0.11841527173634604,8.542811351406243,-12.900299527493523,0.0,-0.00867204777061628,-0.0038325270974314614,-0.004295461659906869,3.2053864196794364,3.2069819085191718,3.2073726271242027,3.203794617518382,-3.5595953863128527,-0.8233799017863354,0.0,0.12944401365741875,0.9701038585608792,0.0
107.41615956687681,-286.1717505847479,-91.45372531353766,1.5,0.7690026611730043,0.23099727354757588,0.42165136553089244,-0.42129003390580905,54.219713252487,55.339855188319554,0.0,0.186183152519325,-0.0376592938162875,-0.11873578819447059,8.277662150529638,-12.959029842500078,0.0,-0.008676847481004044,-0.0038284338862518076,-0.004302805668633181,3.191304726669907,3.1928966950325472,3.1932949250818354,3.189717046410621,-3.549252223122314,-0.751412877398373,0.0,0.14779863666511955,0.9594767615280715,0.0
107.49075412213159,-282.10447062970275,-87.361778448198,1.5,0.7661008534006827,0.2338561167308812,0.4186564739316068,-0.42793405557568337,54.827317675632294,54.37115774740166,0.0,0.18553398323031145,-0.03794563466377775,-0.11906064862234418,8.013335131833777,-13.01242161453635,0.0,-0.00872141052664071,-0.0038439297440257705,-0.004372481996035541,3.1772766595688715,3.178847980468185,3.1792625389810505,3.175673149468208,-3.53755279173737,-0.680234223322617,0.0,0.1658565141654019,0.9489312866610434,0.0
107.56534867738637,-277.99260126417727,-83.3422347725588,1.5,0.7631506767764498,0.23667045801829045,0.4156374601484338,-0.43454992872904535,55.41523852858721,53.39867486107482,0.0,0.1848837297642324,-0.038232472867429514,-0.1193844593452163,7.749930285555533,-13.06053391838338,0.0,-0.00873482287798435,-0.0038502569516843587,-0.004353777497398601,3.1632788046284723,3.164851064883102,3.165265990689554,3.161684294666919,-3.524538911194235,-0.6098728088832699,0.0,0.18327971511029648,0.9378343000644437,0.0
107.63994323264114,-273.83760811904006,-79.39536202877173,1.5,0.76015245690398,0.23944013115374677,0.41259485607651025,-0.4411373375663447,55.98354824033843,52.42279805808373,0.0,0.18423105006255783,-0.03851988481050023,-0.11971254370664926,7.487545091335665,-13.10342816652086,0.0,-0.00875802738310266,-0.0038583459384125677,-0.0044239988070357075,3.149336217685962,3.150888657519031,3.15132314640437,3.1477288609680794,-3.510220019688352,-0.5403324216032805,0.0,0.20041974046537703,0.9266320626900865,0.0
107.71453778789592,-269.6409511526937,-75.521398924243,1.5,0.7571064665098853,0.24216490783044003,0.4095292273264598,-0.4476960662657013,56.53232645072819,51.44391426801792,0.0,0.18357692445487875,-0.03880778545285166,-0.12004222891032758,7.226275051751495,-13.141166636564092,0.0,-0.008780039184165388,-0.0038586064361165093,-0.004412090119071485,3.135428667987573,3.1369813040391796,3.1374166153537497,3.1338276300164436,-3.494640116551334,-0.4716427650994159,0.0,0.21726696126763853,0.9149431540476399,0.0
107.7891323431507,-265.4040841190992,-71.72055547893291,1.5,0.7540130308091112,0.2448446322516327,0.40644111275806194,-0.45422579989209055,57.06165984088171,50.46240569052216,0.0,0.18292110096976605,-0.03909609933690861,-0.12037278886614108,6.966213560889289,-13.173813755810938,0.0,-0.008805947330230065,-0.003871751117703094,-0.004475296572500648,3.121577149135698,3.1231107577727695,3.1235637134712433,3.1199645833391965,-3.4778239471624572,-0.40382243092650627,0.0,0.23356892113822425,0.9034224551632546,0.0
107.86372689840547,-261.1284540486452,-67.99301338288383,1.5,0.7508724275994286,0.24747910719087265,0.40333107479802494,-0.46072631038092415,57.57164197009565,49.478649685556924,0.0,0.18226381273138995,-0.039384478434802264,-0.12070707577585564,6.707451634512051,-13.201434983069708,0.0,-0.008824611833288228,-0.0038707796818994666,-0.004482916437843876,3.107764783178718,3.1092941981412743,3.1097530437832392,3.106154590464781,-3.4598005691218714,-0.3368999243859366,0.0,0.24955897860980714,0.8912126374524656,0.0
107.93832145366025,-256.81550074142507,-64.33892636141857,1.5,0.7476849592339216,0.2500681691899052,0.40019966462509937,-0.4671973254710861,58.06237310940514,48.49301865153438,0.0,0.18160458412778346,-0.039673575022657254,-0.12104157692175031,6.450078155439749,-13.224097302844692,0.0,-0.00884314529799121,-0.0038693711486052617,-0.004490955767080237,3.094000521781522,3.0955256182254423,3.095990509892191,3.0923926646327202,-3.4406024319994866,-0.2708690672507263,0.0,0.2651471095549594,0.8787683775419441,0.0
108.01291600891503,-252.46665627274783,-60.75842054743304,1.5,0.74445092527531,0.25261165899842764,0.39704743713508117,-0.4736385776721115,58.53396007550796,47.505879972172586,0.0,0.1809440045498659,-0.039962602079875044,-0.12137964542132434,6.1941798611800785,-13.241868992814325,0.0,-0.008853473419045561,-0.0038783983038809954,-0.004530930064885778,3.0802891130660632,3.0818010512801157,3.0822805653100107,3.078677428604498,-3.4202580937036173,-0.20577253589636307,0.0,0.2800374176589289,0.866384740739754,0.0
108.0875105641698,-248.08334451099395,-57.251594860915056,1.5,0.7411706027677791,0.25510942148421595,0.3938749487350542,-0.4800498363938832,58.98651605438505,46.517595867144614,0.0,0.18028153795813162,-0.04025180543320171,-0.12171901591559894,5.939840679587784,-13.254819701419242,0.0,-0.008898892891373975,-0.003876794204278219,-0.0045573139648850845,3.066627856161866,3.0681312134265544,3.0686172889905174,3.065010556049754,-3.398793375747343,-0.14161332401875898,0.0,0.29522964361588344,0.8537590029567143,0.0
108.16210511942458,-243.6669806489774,-53.818521396783055,1.5,0.7378442998680136,0.2575613107931907,0.39068276071454416,-0.48643081811829797,59.42016045647809,45.528523330124244,0.0,0.17961807400723348,-0.0405411451636736,-0.12205948562506916,5.687143387496027,-13.263020050926436,0.0,-0.008909010446443228,-0.0038787378920557007,-0.004607678975892415,3.0530180841463204,3.0545067717430467,3.055009971805142,3.051394663142643,-3.376252662535672,-0.07841281589526822,0.0,0.3093930535654241,0.8407989759025843,0.0
108.23669967467934,-239.21897074555514,-50.4592458180063,1.5,0.7344722774572991,0.2599671698103495,0.3874714445105323,-0.492781314536587,59.83501872710184,44.539014033897075,0.0,0.17895203746359703,-0.040830424017186145,-0.12240449638359076,5.4361677136216375,-13.266541899057902,0.0,-0.0089177852563509,-0.0038787016747017394,-0.004588453056355313,3.039451910651469,3.040942274527186,3.041446782565553,3.0378386711253893,-3.3526392345532128,-0.016177801680743665,0.0,0.32314100778513266,0.8276262436780345,0.0
108.31129422993412,-234.74071128101258,-47.17378775531492,1.5,0.731054846898409,0.26232690021801924,0.3842415400807746,-0.499101038993813,60.231222204809086,43.54941425628489,0.0,0.1782852701522058,-0.04111966830808471,-0.12274842891318054,5.186990882679662,-13.265458325299994,0.0,-0.008944213461457113,-0.0038780011815883184,-0.00463236785151658,3.02594710229494,3.027424560592454,3.027942472332985,3.0243269981040273,-3.3280159080369027,0.045067550902664136,0.0,0.3369060589502897,0.8144077091615175,0.0
108.3858887851889,-230.2335887262119,-43.96214121354211,1.5,0.7275922761547213,0.26464035607583763,0.38099362832559447,-0.5053897672008649,60.608907908513174,42.56006478195974,0.0,0.17761722740205693,-0.041408986447901766,-0.12309621148322711,4.939688755695951,-13.259843204609332,0.0,-0.008958464525810655,-0.003881627296074043,-0.0046586653063776275,3.0124934724054264,3.0139614884337282,3.014490512413287,3.010872343166682,-3.302399377825235,0.10532000134675477,0.0,0.34975086953471285,0.8010696155061985,0.0
108.46048334044367,-225.6989791231019,-40.824274982700935,1.5,0.7240848468470887,0.26690743207486617,0.37772826059618897,-0.5116472597567647,60.968218385818375,41.571300866398694,0.0,0.17694657437431713,-0.04169756180626359,-0.12344572052803443,4.694333844672548,-13.249771247231076,0.0,-0.00899136078993436,-0.0038718642464418687,-0.00467614330968488,2.999093899869577,3.000556334320712,3.001091824125088,2.997471169684892,-3.275796958483429,0.16455401463157449,0.0,0.36275265026245573,0.7873460667826694,0.0
108.53507789569845,-221.13824767840651,-37.760133054300084,1.5,0.7205328487308487,0.26912802485602316,0.3744460098851736,-0.5178732526574201,61.30930159233491,40.58345212276687,0.0,0.1762754627725198,-0.04198629593588793,-0.12379676032573199,4.450997606278783,-13.235318575868268,0.0,-0.009016957292674573,-0.0038697431985984096,-0.004749170284282084,2.985756453599513,2.9871993705716426,2.9877552179326914,2.984120376213993,-3.2482814241623608,0.22277317774534788,0.0,0.37515033010754195,0.7736776657692485,0.0
108.60967245095323,-216.55274836768035,-34.76963504393055,1.5,0.7169365333008775,0.27130201413069416,0.37114744897542673,-0.5240675485719197,61.63231065621252,39.59684249602254,0.0,0.17560241344408611,-0.04227459820838401,-0.12415041252887449,4.209748343908324,-13.21656132155121,0.0,-0.009023853428163196,-0.003857232525079865,-0.004723316313337288,2.9724620884643236,2.973909740173451,2.974465807747034,2.9708381638933146,-3.219853609342604,0.279961514025728,0.0,0.38692479490601045,0.759509589571383,0.0
108.684267006208,-211.94382355513065,-31.85267661599234,1.5,0.7132962043994845,0.27342934359000776,0.3678331281776368,-0.5302298639913454,61.937403741332375,38.61179018932594,0.0,0.1749280172676639,-0.042562437990357777,-0.12450483118420666,3.970652244563205,-13.19357728782021,0.0,-0.009051052660912886,-0.003859346586780654,-0.004788757447778102,2.9592382783829434,2.960667456400442,2.9612419663046783,2.9576025925420755,-3.1905534895195844,0.3361067907613019,0.0,0.3984892096575943,0.745765870757213,0.0
108.75886156146278,-207.31280362479524,-29.009129915150133,1.5,0.7096121103963065,0.27550990683587206,0.36450363012352893,-0.536359998173763,62.22474386839981,37.62860760404199,0.0,0.17425219667155945,-0.04284951246253117,-0.12486302499111064,3.733773497925256,-13.166444268733764,0.0,-0.00906970914140704,-0.0038470560952483623,-0.004801627721725452,2.946065177147753,2.947490050596374,2.9480721174393976,2.944431108119235,-3.160408054624498,0.3911948860328359,0.0,0.40962585836500587,0.73149342408911,0.0
108.83345611671756,-202.66100662371548,-26.238844000481283,1.5,0.7058845289333777,0.27754363849479285,0.36115951895983145,-0.5424577056400604,62.49449876003174,36.64760128657429,0.0,0.17357493027623833,-0.04313636504313646,-0.1252211762742952,3.499173866139789,-13.135241014593323,0.0,-0.009088415655129262,-0.003833978317921855,-0.00481508660734011,2.9329514609754157,2.9343719102442125,2.934961687679073,2.9313188907453753,-3.1294517271109914,0.44523503799397257,0.0,0.42036296736632883,0.717116510961487,0.0
108.90805067197233,-197.98973791814223,-23.54164528313071,1.5,0.7021137343875185,0.2795304773813668,0.35780136194810935,-0.5485227448223423,62.74684065979405,35.66907191206435,0.0,0.17289633809071756,-0.04342226581961579,-0.12558298964260453,3.2669129560179013,-13.100046803630304,0.0,-0.009099120573998412,-0.003828955013530623,-0.0048578172301328324,2.919901350999694,2.9213094793874967,2.9219148886697712,2.9182646907911636,-3.097711113048655,0.49820131878450574,0.0,0.4304986088176223,0.7028858259233876,0.0
108.98264522722711,-193.3002898622048,-20.917337967167892,1.5,0.6982999728464526,0.28147036100736,0.3544297341870235,-0.5545549092029984,62.98194616748447,34.693314205332136,0.0,0.17221622775398698,-0.043707409177769364,-0.1259459118071018,3.0370478576097923,-13.060941487875759,0.0,-0.009130633804270915,-0.0038165577201830034,-0.004868685854954933,2.9069096759105353,2.908313809545595,2.9089245777879755,2.9052733583737305,-3.065214858452832,0.5500960183854081,0.0,0.44062549621156066,0.6884746491643938,0.0
109.05723978248189,-188.59394147935967,-18.36570449422845,1.5,0.6944435319777579,0.28336325020560216,0.35104520086008056,-0.5605539369947193,63.199996081488464,33.72061692309453,0.0,0.17153506322209774,-0.04399174027355215,-0.12631033736773062,2.809633976252559,-13.01800531351499,0.0,-0.009142447296858787,-0.003804818219474733,-0.004923039977616415,2.893983721233895,2.895373679801773,2.8960026521966347,2.8923405213314193,-3.032000039882495,0.6009120341859657,0.0,0.4500252854288842,0.673963452676736,0.0
109.13183433773666,-183.87195815509682,-15.886505989961385,1.5,0.690544642707326,0.28520909130965,0.3476483468856279,-0.5665196356440131,63.40117522439426,32.75126281741784,0.0,0.1708521783353305,-0.044274932809345156,-0.1266782034012982,2.584724098165316,-12.971319074876575,0.0,-0.009155897759236024,-0.0037928351954949436,-0.004916763698354902,2.881113792563189,2.8825035842332642,2.883136568099863,2.8794775008767246,-2.9980838155064378,0.6506406876538359,0.0,0.45905385516258024,0.659430282890312,0.0
109.20642889299143,-179.13559134282497,-13.479482713424417,1.5,0.6866035878495033,0.28700787139892897,0.3442397279498788,-0.572451748716203,63.58567228745713,31.78552860113244,0.0,0.1701683643204141,-0.04455720203430607,-0.12704572718549453,2.3623687473096986,-12.920963749099927,0.0,-0.00918029161003979,-0.003776421186155155,-0.004959844182978954,2.8683138528775087,2.8696926182802907,2.8703394667321294,2.8666715424756886,-2.9635091821599233,0.6992831626396155,0.0,0.46785446949992077,0.6447589848830715,0.0
109.2810234482462,-174.38607828248325,-11.144354507936411,1.5,0.6826206137137871,0.28875956370642136,0.3408199231764375,-0.5783500601427279,63.75367964130617,30.82368493311379,0.0,0.16948276694813744,-0.04483825837126633,-0.1274179005504027,2.1426164697798655,-12.867020812990809,0.0,-0.00920702378956956,-0.00375910596053097,-0.005005898123782361,2.8555790120688846,2.856946200699126,2.857607306199491,2.853929703050604,-2.928291952111765,0.7468322526557256,0.0,0.4763769479941526,0.6301106216781283,0.0
109.35561800350098,-169.62464173027325,-8.880821254016757,1.5,0.6785959610145423,0.29046414038238466,0.33738951854860394,-0.5842143593067646,63.90539322518062,29.86599638890708,0.0,0.16879682880699948,-0.04511804476070881,-0.12778899969933424,1.925513877071718,-12.809571855034687,0.0,-0.009212759671498717,-0.0037418125864109417,-0.004990604765551145,2.842901200713811,2.8442708625782185,2.844935037163802,2.8412620192537794,-2.892482537342017,0.7932833293278794,0.0,0.48413291887343607,0.6153739741805863,0.0
109.43021255875576,-164.8524897003676,-6.688563323690265,1.5,0.6745299091836064,0.292121622210116,0.3339490651354983,-0.5900443893040698,64.04101231948884,28.912721443292025,0.0,0.16810863131440476,-0.04539651343171002,-0.1281643021827974,1.711104781501846,-12.748698718550491,0.0,-0.009214081248128949,-0.0037185468017557808,-0.005032019703103571,2.830295573638651,2.831655453816837,2.8323364407640854,2.8286540899537216,-2.856079288527375,0.838639444550272,0.0,0.49145335210786517,0.6004894265253997,0.0
109.50480711401053,-160.07081522034187,-4.567242035920583,1.5,0.6704226778600733,0.29373200893559515,0.3304991475829879,-0.5958399561832911,64.16073943382996,27.964112458231796,0.0,0.16741993292724855,-0.045673368364262217,-0.12854049202851825,1.499430972035559,-12.684483729726518,0.0,-0.009263726705181389,-0.00370821698739918,-0.005067938906944394,2.817760944717352,2.8191104208843223,2.819800123874881,2.8161115989816525,-2.819138027459736,0.8828900629962055,0.0,0.4991308183081437,0.5860674811129872,0.0
109.57940166926531,-155.2807960975965,-2.5165001137416607,1.5,0.6662745362100525,0.2952953014763957,0.32704034251398306,-0.6016008159006939,64.26478012505112,27.020415669707646,0.0,0.1667296956710644,-0.04594864028720277,-0.12891797420121678,1.2905330681076967,-12.617008510240245,0.0,-0.009261325750534708,-0.0036707554477383,-0.005095601510898671,2.805287850867126,2.80663259453416,2.807336477667968,2.8036399179190035,-2.7816706272717098,0.926039729124243,0.0,0.5056715681362034,0.5708420985143394,0.0
109.65399622452009,-150.48359469565153,-0.5359621402337442,1.5,0.6620857126500588,0.2968115334713857,0.3235732205538021,-0.6073267601904833,64.35334286485828,26.08187118822852,0.0,0.16603844826526273,-0.04622273721025427,-0.12929882782633895,1.0844483074770739,-12.546355560857881,0.0,-0.009275090677059629,-0.003657015871148209,-0.005105335089721346,2.792884421092035,2.7942252019346134,2.794936871487498,2.7912397821419943,-2.7437144099120307,0.968100517816764,0.0,0.5120371441768896,0.5563258130788693,0.0
109.72859077977486,-145.6803577251819,1.3747649843081615,1.5,0.6578564567846312,0.29828073762261326,0.3200983546791087,-0.6130175586080777,64.42663884463381,25.148713014858394,0.0,0.16534592720208524,-0.04649418497792959,-0.12967967972845318,0.8812125276173642,-12.472607019832333,0.0,-0.009288490171985167,-0.0036419891835147477,-0.005115022881846975,2.7805506644318663,2.7818875771803127,2.782607055196674,2.778909362656628,-2.7052894939522747,1.0090375689856514,0.0,0.5180302917654933,0.5418139469529685,0.0
109.80318533502964,-140.87221604509327,3.2160915845448304,1.5,0.6535870174488212,0.29970295833701927,0.3166163153324572,-0.6186729800562581,64.48488185676591,24.221168977582433,0.0,0.16465236945532039,-0.046764243507093614,-0.13006396947445883,0.680859424416834,-12.395845000562096,0.0,-0.009301118525865399,-0.003598864786567121,-0.005162766004906943,2.768289794103036,2.7696180167582414,2.7703542207173326,2.7666431829829623,-2.666429801246012,1.048886731447435,0.0,0.5237024565057137,0.526623176986381,0.0
109.87777989028442,-136.06028447518935,4.988444752454206,1.5,0.649277609817484,0.30107824363341845,0.3131276860875401,-0.6242928229651322,64.52828811640664,23.29946080093613,0.0,0.16395762877070758,-0.04703228523121927,-0.1304491272894339,0.4834204530570895,-12.316151872347936,0.0,-0.00932301240615857,-0.0035830798601635457,-0.005163081770026372,2.7560974635780724,2.7574239974496577,2.758164670154366,2.7544551754658686,-2.6271587128209712,1.0876365383671989,0.0,0.5291201572418638,0.512207188292567,0.0
109.95237444553919,-131.24566162069178,6.692267890797776,1.5,0.6449285045889769,0.30240666059530436,0.3096330218368264,-0.6298768350911294,64.55707612502975,22.38380409368448,0.0,0.1632620998393313,-0.04729812551638797,-0.1308356618129539,0.2889253080504518,-12.23360908082156,0.0,-0.009333373092406725,-0.0035491028874271658,-0.005217954438634996,2.7439814647737704,2.7452962340682716,2.7460555942894658,2.7423325383310013,-2.587508930773473,1.125286560558285,0.0,0.5340197124264096,0.49738651622788593,0.0
110.02696900079397,-126.42942970744048,8.328020258193328,1.5,0.6405398989398019,0.3036882664442377,0.3061329196756437,-0.6354248265382366,64.57146651280911,21.474408356341627,0.0,0.16256491077973526,-0.0475615054458603,-0.13122566002197364,0.09740166467380443,-12.14829887446262,0.0,-0.009339865715753562,-0.0035215257495227765,-0.005205789596825087,2.731930874009396,2.7332484166297077,2.734011547902426,2.730291333160525,-2.5474930588473605,1.1618367028946384,0.0,0.5385028330191073,0.4828140097620292,0.0
110.10156355604875,-121.61265442793702,9.896176512654314,1.5,0.6361120570899811,0.30492315900667416,0.3026279264765639,-0.6409365460345031,64.57168190554272,20.57147698408331,0.0,0.16186731417440467,-0.047822812075338936,-0.13161487473101022,-0.09112515604730617,-12.060302520199853,0.0,-0.009362889868333044,-0.003484164550898139,-0.005248306572375224,2.719960811832589,2.7212697901460383,2.722046958603055,2.7183156849485313,-2.5071564795678842,1.1973017929386531,0.0,0.5428856361293114,0.468102347580185,0.0
110.17615811130351,-116.79638479981027,11.397226258575783,1.5,0.6316451981548104,0.30611142115280304,0.2991186243589127,-0.6464117805620604,64.55794674011723,19.675207314199483,0.0,0.16116819226663198,-0.04808150255949285,-0.13200850102018447,-0.2766313509625727,-11.969701489864498,0.0,-0.009385924436764224,-0.0034501446854894907,-0.005290580888115182,2.7080654217643403,2.709365414514312,2.7101565726094594,2.706414773295763,-2.466508024456588,1.2316756115524228,0.0,0.5469636847205304,0.45351634212474184,0.0
110.25075266655828,-111.98165303364077,12.831673594034461,1.5,0.6271395393275883,0.3072531410153344,0.2956055955035751,-0.6518503182903023,64.53048718127184,18.785790614983902,0.0,0.1604689181141862,-0.0483376406661188,-0.1324010428611249,-0.4590949530960291,-11.876576803799583,0.0,-0.0093887043053814,-0.0034153231406804617,-0.005274403793185612,2.6962370779827256,2.697541582033738,2.6983360790229636,2.6945972347597333,-2.4255932969670413,1.2649671428225613,0.0,0.5503720870716244,0.43903784936821105,0.0
110.32534722181306,-107.16947441143229,14.200036659751698,1.5,0.6225953387458139,0.30834845154358353,0.2920893883211463,-0.6572519043965094,64.48953091380821,17.90341212708626,0.0,0.15976780453265682,-0.048590860397928384,-0.13279729462837586,-0.6384964457807363,-11.781009254195322,0.0,-0.009392015043120198,-0.0033883481421867617,-0.005321690691506136,2.6844926306319494,2.6857858624191713,2.686598267888726,2.6828488711669847,-2.384411704389881,1.2971741718284322,0.0,0.5534710423147743,0.4248672949425985,0.0
110.39994177706784,-102.36084717730094,15.502847190004537,1.5,0.6180127927014527,0.3093974502607045,0.28857057740761083,-0.6626163502994507,64.43530704725596,17.028251089051906,0.0,0.159066292551771,-0.048841583829404164,-0.13319448487162183,-0.8148178971004006,-11.683078539723345,0.0,-0.009424983994347555,-0.0033238672505308013,-0.00533470079760064,2.6728203230680467,2.6741154317830285,2.674933629240191,2.6711763509263386,-2.343009024675318,1.328316250313836,0.0,0.5566538511506258,0.40987430657913726,0.0
110.47453633232261,-97.55675243718369,16.740650067296176,1.5,0.6133921495298836,0.3104002810631239,0.2850497409614317,-0.6679433969947328,64.36804595847819,16.160480768849464,0.0,0.15836369624749783,-0.049089188223153946,-0.13359245931587996,-0.9880427829969884,-11.582865540100503,0.0,-0.009421946745635965,-0.0033083891786084485,-0.005365349220687705,2.661228475629171,2.6625143791134844,2.6633475056686255,2.6595852871593992,-2.301399652969004,1.3583864882798011,0.0,0.5590433102063452,0.396217102869023,0.0
110.54913088757739,-92.75815406823924,17.914002875607306,1.5,0.6087336157015956,0.31135707372780846,0.2815274384152644,-0.6732328417225781,64.2879791682933,15.300268477464437,0.0,0.1576601231956181,-0.049333163712406064,-0.13399389767569375,-1.1581570790336722,-11.48044908040375,0.0,-0.009436232993064972,-0.0032553242222436492,-0.005376412890482001,2.6497110258127923,2.6509975388506204,2.6518386083067624,2.648070673934886,-2.2596098718789084,1.387382421550214,0.0,0.5613152595582571,0.38177113957317843,0.0
110.62372544283217,-87.96599863968517,19.023475458825146,1.5,0.6040374223057823,0.3122679809758636,0.27800423457455714,-0.6784844479205535,64.19533919355355,14.447775603505146,0.0,0.15695595143869115,-0.04957482562883207,-0.1343945264653033,-1.3251481685250146,-11.375908271384302,0.0,-0.009450255706035748,-0.0032009248958439953,-0.005387350295607446,2.638272291798918,2.6395595230010644,2.640408521543069,2.63663482097374,-2.217665394638719,1.4153448506045516,0.0,0.5632709637002746,0.36741749983449207,0.0
110.69831999808694,-83.18121534296304,20.06964948175028,1.5,0.5993038008245125,0.3131331649174961,0.27448068948087956,-0.6836979789703537,64.09035942098339,13.603157704917189,0.0,0.15625080355401358,-0.04981254809753089,-0.13479864134948008,-1.4890052310148831,-11.269321568961756,0.0,-0.009453403452604394,-0.0031670784922066507,-0.005425760684698319,2.6269168867358617,2.628195568192654,2.6290603505369448,2.6252774718410805,-2.1755870836591584,1.4422454373800249,0.0,0.5648163295054798,0.3537207066516742,0.0
110.77291455334172,-78.40471593167601,21.05311799403267,1.5,0.5945329470437449,0.3139527871920107,0.27095737270367354,-0.6888732281569449,63.97327397648772,12.766564478892418,0.0,0.15554482775642628,-0.050046859526325635,-0.13520318703878947,-1.6497193273372528,-11.160766827047578,0.0,-0.00947174606576212,-0.0031161998055561674,-0.005420064019529669,2.6156364330459403,2.616919065084271,2.617787268801251,2.614003068753926,-2.133397971515635,1.4681074580807485,0.0,0.5662474178416343,0.3397345443130005,0.0
110.8475091085965,-73.63739467129702,21.974484995997678,1.5,0.5897251150354064,0.31472703746856096,0.2674348362769804,-0.6940099343152405,63.844317602531,11.93813983698449,0.0,0.15483814401085283,-0.0502775481925893,-0.13560906079371732,-1.807282890377127,-11.050321516170234,0.0,-0.009479025747845865,-0.003067864211400813,-0.00547362831851087,2.6044430371643323,2.6057155192540793,2.6066023512623935,2.602803579179507,-2.091122297614741,1.492936978615685,0.0,0.5672326543416994,0.32597997523696015,0.0
110.92210366385127,-68.88012829774388,22.834365008264264,1.5,0.5848804888217208,0.3154560925189663,0.2639136488498654,-0.6991078982811453,63.703725527690096,11.118021945605049,0.0,0.15413072860198532,-0.05050461920146611,-0.1360173159802833,-1.9616903434448456,-10.938062170784942,0.0,-0.009489627166786944,-0.003014330340013173,-0.005465271575417301,2.5933237852575353,2.594601098726289,2.5954917736949232,2.5916920271913804,-2.048780698750728,1.5167456836580777,0.0,0.5679688380498458,0.31225834235176514,0.0
110.99669821910605,-64.13377598587225,23.63338264548097,1.5,0.579999314436224,0.31614016357625857,0.26039435799591093,-0.7041668627189043,63.55173334496715,10.306343279077394,0.0,0.15342263883142435,-0.050727617760066734,-0.1364250367269849,-2.1129375706102045,-10.824065012299844,0.0,-0.00950835300778132,-0.0029657502806949743,-0.00550184973504417,2.5822927496993744,2.5835637180860447,2.584467400455662,2.580657116806683,-2.0063951943898424,1.5395350932598182,0.0,0.5684107632689794,0.29876449477862116,0.0
111.07129277436083,-59.399179326693925,24.372172192664102,1.5,0.5750818005851676,0.3167794554764675,0.25687752085745613,-0.709186603442198,63.38857689212539,9.503230653886188,0.0,0.15271364745243962,-0.050946640059167964,-0.13683649886272248,-2.2610220975017064,-10.708405325989233,0.0,-0.009508506267711872,-0.002907428794833217,-0.005517314599484964,2.571339913575305,2.5726107685226043,2.573525188281903,2.569707880442552,-1.9639867802178923,1.5613189716783948,0.0,0.5685828612603615,0.2853068609756946,0.0
111.1458873296156,-54.67716231355994,25.051377185766487,1.5,0.5701281541085055,0.3173741850795538,0.25336369637927164,-0.714166893586471,63.214492134045415,8.708805291048625,0.0,0.15200416959074764,-0.051161590494296916,-0.13724715068538615,-2.40594299935275,-10.591157885960664,0.0,-0.009516234035804871,-0.002852190928185088,-0.005504924592062235,2.5604679175531686,2.5617445416455515,2.5626621401426437,2.558844781623174,-1.921577259082686,1.5821087955949977,0.0,0.5684603719462985,0.2720447036543378,0.0
111.22048188487037,-49.9685313370425,25.671649996067327,1.5,0.5651386239788996,0.3179245930076835,0.24985341890261203,-0.7191074731295807,63.029715044969564,7.923182870893262,0.0,0.1512939593917234,-0.051372173028371354,-0.13766018403855723,-2.5477009118415173,-10.472396568094275,0.0,-0.00952519043657131,-0.002792800151589941,-0.005560887670502756,2.5496874252318293,2.550954586283375,2.5518909207877645,2.5480571961960057,-1.87918541010043,1.6019099706772704,0.0,0.5680801904552547,0.25886629053257404,0.0
111.29507644012514,-45.274075188449146,26.233651418838974,1.5,0.5601133854463801,0.3184309061249375,0.24634725677627364,-0.7240081370724026,62.83448149708218,7.146473580430877,0.0,0.15058314682761426,-0.051578314040013284,-0.13807432372659417,-2.686297952501065,-10.352194690060113,0.0,-0.009532382292800116,-0.002734858870822305,-0.0055392667133344585,2.5389823722767964,2.540257698134897,2.541195060126147,2.537363149631142,-1.8368322203505743,1.620734795318341,0.0,0.567432756179155,0.24590157373073301,0.0
111.36967099537992,-40.59456507157494,26.738050265625187,1.5,0.5550527000392146,0.3188933891866322,0.24284573370680324,-0.7288686137656397,62.62902714913028,6.378782174364569,0.0,0.14987177003321878,-0.05177997122746237,-0.13848845044284924,-2.821737720300255,-10.230624581736635,0.0,-0.009539238143105158,-0.002675195992706575,-0.005582759844400154,2.5283696468687022,2.5296382600883986,2.53059165964789,2.5267463880384886,-1.7945370008616701,1.638595464508037,0.0,0.5665278520380597,0.23307977584468625,0.0
111.4442655506347,-35.93075462270689,27.185522961558686,1.5,0.5499567536904169,0.3193122934286224,0.23934940743139194,-0.7336886870450526,62.4135873377008,5.6202080381618,0.0,0.14915973375957578,-0.05197671355356111,-0.13890569219816912,-2.954025245136989,-10.107757956881295,0.0,-0.009548274980304737,-0.002607466901918586,-0.005584507453986396,2.517837145940524,2.5191097902680517,2.520069235347387,2.5162191260411144,-1.7523186744627073,1.6554966218330371,0.0,0.5653718599170582,0.22027074107788833,0.0
111.51886010588947,-31.283379938607673,27.57675314636653,1.5,0.5448257779294534,0.31968789437455897,0.23585881105330106,-0.7384681057042681,62.18839697164,4.870845232499107,0.0,0.14844728848001748,-0.05216894374871718,-0.13932158118239202,-3.0831669595438553,-9.98366559940239,0.0,-0.009557061033645958,-0.0025381956168983697,-0.00558585543875966,2.5073904939280363,2.508667359195308,2.509632717373808,2.505777764980974,-1.710195845796638,1.6714611933615575,0.0,0.5639681853837549,0.20761173143436198,0.0
111.59345466114425,-26.653159612330516,27.912431280513182,1.5,0.5396600035318043,0.32002047888279633,0.23237447702701275,-0.743206617375075,61.95369042782657,4.13078258034407,0.0,0.1477342601148204,-0.052356043335330595,-0.1397404987896527,-3.209170682953168,-9.858417561372272,0.0,-0.009557802269996347,-0.0024837624555932125,-0.005622368862708544,2.497034852031731,2.498305692657542,2.4992861603920864,2.4954203802911983,-1.668186831667935,1.6864899818622303,0.0,0.5623268734906995,0.19548600931984034,0.0
111.66804921639903,-22.040794776601857,28.193254256022037,1.5,0.5344596217856215,0.32031032535694004,0.22889694368677616,-0.7479040027445731,61.70970145166185,3.400103717824598,0.0,0.14702068203894553,-0.05253790836008418,-0.14015921057186104,-3.3320455423209623,-9.732082573702515,0.0,-0.009571736995767837,-0.002398268177524294,-0.0056044406200381775,2.4867586155101185,2.488040288000503,2.4890213528710876,2.4851530154791663,-1.6263092193250681,1.700595631340152,0.0,0.5604432782391633,0.1828716125071838,0.0
111.7426437716538,-17.44696915471128,28.419925012487663,1.5,0.5292248939011099,0.3205577556757452,0.22542673442858413,-0.7525599805705542,61.45666305696404,2.6788871500027933,0.0,0.1463066936356673,-0.052714710495471495,-0.140578690798564,-3.4518019940549207,-9.604729429648591,0.0,-0.009574856603777625,-0.0023336769476901683,-0.005654518826468882,2.476578402359765,2.4778521800147932,2.47885099191904,2.474967436344121,-1.5845800121932774,1.7137964353161506,0.0,0.5583399175194588,0.1709166603302198,0.0
111.81723832690858,-12.872349118630632,28.593152156144715,1.5,0.5239560004652175,0.32076306490550766,0.22196438379472047,-0.757174337980064,61.19480743092107,1.9672063293113764,0.0,0.1455923305616723,-0.052886197434341725,-0.14100000872973265,-3.5684517578557915,-9.476424994803718,0.0,-0.009582072847164884,-0.0022585554794613974,-0.005635402771136867,2.4664775893086204,2.4677608748900144,2.468760815305459,2.464876574598943,-1.5430166246585661,1.726102572230632,0.0,0.5560164105887071,0.15893752611665676,0.0
111.89183288216336,-8.317583754198298,28.713649586582548,1.5,0.5186531983078955,0.3209265881038968,0.21851040427124543,-0.7617468005565888,60.92436583999642,1.2651297294510233,0.0,0.14487745426380758,-0.05305204887642194,-0.14142010528481264,-3.6820077761501526,-9.347235869639823,0.0,-0.009587965487949891,-0.0021837267050192617,-0.005654451363849891,2.4564694421206372,2.457753266591514,2.4587632284923164,2.454869657238141,-1.5016346806847933,1.7375213007480648,0.0,0.5534666196530849,0.14722705683286177,0.0
111.96642743741813,-3.783304933159172,28.782136126786643,1.5,0.5133167011203191,0.32104865431905955,0.21506531658816314,-0.766277127096788,60.64556853996109,0.5727208971883339,0.0,0.14416215954533,-0.05321224444782272,-0.14184334887310768,-3.7924842159393384,-9.217227412913997,0.0,-0.009591813119575153,-0.002109084095132173,-0.005670841635480345,2.446549525472212,2.4478344467884283,2.4488540358606086,2.4449518030203414,-1.4604504236370859,1.7480698672646366,0.0,0.5507170608600198,0.1356209897256597,0.0
112.04102199267291,0.729872608072297,28.79933515903224,1.5,0.5079467232100253,0.32112960366021315,0.21162964130479073,-0.7707650737769829,60.3586446868202,-0.10996146327090871,0.0,0.14344656495645342,-0.05336673937483449,-0.14226499973531118,-3.8998963896159067,-9.086464169015594,0.0,-0.009596018021047913,-0.0020315577047623963,-0.005646215472298961,2.436713824050144,2.438009591398106,2.439029184247269,2.4351274712967244,-1.4194795744110695,1.7577613338698066,0.0,0.547754180765918,0.12421769767014129,0.0
112.11561654792769,5.221351183166673,28.76597426604683,1.5,0.5025435321772072,0.3211697993875753,0.20820386851234254,-0.7752103632980509,60.06382225014009,-0.7828634204910572,0.0,0.1427306446012139,-0.053515401831843674,-0.1426883446336788,-4.004260775614409,-8.955009536131934,0.0,-0.009605692226254252,-0.0019438404783619551,-0.005702277561154074,2.4269765360030466,2.42826591249709,2.4293032695657195,2.4253820726588518,-1.3787366843065028,1.7666088645504818,0.0,0.5446017655605242,0.11280683739308857,0.0
112.19021110318245,9.690550064271932,28.682784877826226,1.5,0.49710730357798527,0.3211695940610258,0.20478853720594836,-0.7796127728617256,59.76132793106684,-1.4459357501794765,0.0,0.1420142394270648,-0.05365778532608545,-0.14311222609144983,-4.10559491234859,-8.822926498808924,0.0,-0.009597035205127374,-0.0018806854199856294,-0.005653884986557459,2.4173174934117023,2.418621025598634,2.419654529183497,2.41574151161817,-1.338236335769141,1.7746193855213548,0.0,0.541241660494753,0.10215373932141339,0.0
112.26480565843723,14.136905384357037,28.550501922403928,1.5,0.49163833092157716,0.3211293711432284,0.2013841079572815,-0.7839720145643279,59.451387080598614,-2.099133860134181,0.0,0.14129756512247094,-0.05379409401390028,-0.14353517420634726,-4.203917450664841,-8.690275979451439,0.0,-0.009617084521515303,-0.0017763391418397776,-0.005707978491925379,2.4077595276526145,2.4090592802120536,2.410108407914956,2.4061742037438756,-1.297992680141023,1.7818129163503469,0.0,0.5377325136529839,0.09079857160401311,0.0
112.339400213692,18.559870033545685,28.36986348470895,1.5,0.48613680725210423,0.3210495067509837,0.1979911037837449,-0.7882878545760901,59.134223621496744,-2.742417705849436,0.0,0.14058105485696473,-0.05392463894088362,-0.14396017729107802,-4.299248044662981,-8.557118920106156,0.0,-0.009612058354274257,-0.0017013647644323548,-0.005686587358770651,2.398283596640337,2.39959279375087,2.400643586883471,2.396709810991983,-1.2580203940298027,1.7882132818548735,0.0,0.5339992806817209,0.08033351658106967,0.0
112.41399476894678,22.958913549670335,28.141610469547103,1.5,0.4806029884874698,0.3209303979106073,0.19461000660110075,-0.7925600245309953,58.81005997011788,-3.3757517043942613,0.0,0.13986352634823973,-0.054047879705251226,-0.14438355746613524,-4.391607361810501,-8.423514771572481,0.0,-0.009606745379066882,-0.0016248882771125834,-0.005664356720127738,2.3888982444358238,2.390217153236597,2.391269312770783,2.387336085483811,-1.2183301380920044,1.7938023923372257,0.0,0.5300914660978621,0.07005317987126787,0.0
112.48858932420156,27.333522003327765,27.86648626998483,1.5,0.47503713352197485,0.3207724507333135,0.19124129187256234,-0.796788256005749,58.479116968049055,-3.999104710943124,0.0,0.13914618893641728,-0.05416510673055348,-0.14480891039396573,-4.4810170426752025,-8.28952191078283,0.0,-0.009631761426119628,-0.0015113889572066915,-0.0057211673304593865,2.3796125254272686,2.38092809825896,2.3819954820269436,2.3780393704273624,-1.1789371049431094,1.798625457076869,0.0,0.5260780465948428,0.059155216721504436,0.0
112.56318387945633,31.683197877557358,27.545236441454676,1.5,0.4694394405542806,0.3205760713565705,0.1878854746006948,-0.8009723107322392,58.14161380687293,-4.6124498938545075,0.0,0.13842877043327095,-0.05427581663321841,-0.14523278803566395,-4.567499617935568,-8.155198381995959,0.0,-0.00961171773131378,-0.0014470356379293065,-0.005655431365559428,2.3704043080731623,2.3717377577722845,2.3727983271277173,2.368854678336814,-1.1398529873822092,1.8026883135761493,0.0,0.521818618675063,0.04958938179963332,0.0
112.63777843471111,36.00745994230132,27.178608381499032,1.5,0.4638102269813264,0.3203416915734749,0.18454297851291246,-0.8051118947506352,57.79776796013658,-5.215764658102827,0.0,0.1377107671256449,-0.05437933390729256,-0.1456569292732083,-4.651078619648846,-8.020599750805543,0.0,-0.009624258976815767,-0.0013445964712035766,-0.005712079777534082,2.361301308616489,2.3626296858621507,2.363706942286647,2.3597422205282914,-1.1010889022588606,1.8059920022811753,0.0,0.5174606841756617,0.03938988719918732,0.0
112.71237298996589,40.30584312367053,26.7673510176447,1.5,0.4581496821303608,0.3200697317302781,0.18121431074261254,-0.8092067777620484,57.44779511810943,-5.8090305846333035,0.0,0.13699294171772616,-0.054476401237255966,-0.14608184752678738,-4.731778344331117,-7.8857818458991,0.0,-0.00962941649613044,-0.0012475485192923526,-0.005675968222776629,2.352279186074362,2.353623067173293,2.354696533892674,2.3507329751524746,-1.062656820992989,1.808569882712513,0.0,0.5129328343853833,0.029543767955853204,0.0
112.78696754522066,44.57789836866137,26.312214498260815,1.5,0.4524581064817244,0.31976064411291555,0.17789991881518044,-0.8132566699640514,57.091909124813505,-6.392233341495021,0.0,0.13627471745440314,-0.054566196423866876,-0.14650433240856148,-4.809623984170104,-7.750799058119815,0.0,-0.009629113932082276,-0.0011535612497636674,-0.005680147320832619,2.3433535212407417,2.344703034071986,2.3457826233168504,2.34181150402985,-1.0245679507556273,1.8104201650229854,0.0,0.5082662040187369,0.020065863045443586,0.0
112.86156210047544,48.823192505036864,25.81394988987145,1.5,0.4467357460261014,0.3194148747355109,0.17460026461857106,-0.8172613159909904,56.73032191562793,-6.9653626278027625,0.0,0.13555668105954882,-0.054649180151013596,-0.14692899808314575,-4.884641510779316,-7.615704582195995,0.0,-0.009620317152772204,-0.0010708653030469114,-0.005675417709690696,2.3345190953720394,2.3358746588426698,2.3369594020725937,2.3329844150436583,-0.9868329356761157,1.8115712906076384,0.0,0.5034422565582274,0.010900072695656004,0.0
112.93615665573022,53.04130809675116,25.273308881335122,1.5,0.4409828561404516,0.3190328786873902,0.17131579335730196,-0.8212204587399202,56.36324345746183,-7.528412040373117,0.0,0.1348378424103779,-0.05472431400417764,-0.1473513248072459,-4.956857706063739,-7.480550283968691,0.0,-0.009630579577076716,-0.0009652657479988035,-0.005639254471148391,2.325773041926848,2.327145001444828,2.3282247776501017,2.3242500852992967,-0.9494605812652298,1.812014937256649,0.0,0.49851445354615864,0.0015235496278071924,0.0
113.01075121098499,57.23184329506902,24.691043494063848,1.5,0.43519974755328633,0.31861513537321773,0.1680469463668506,-0.8251338067595091,55.99088169606566,-8.081379065033545,0.0,0.13411962406897973,-0.05479287320303956,-0.14777378137966118,-5.02630002488232,-7.345387692497986,0.0,-0.009638946758773791,-0.0008582575527867482,-0.00568887395337653,2.3171290307739523,2.318497719098152,2.3195924649006825,2.315598142444168,-0.9124625512987782,1.8117968705757186,0.0,0.4934400008887918,-0.007648390012180502,0.0
113.08534576623977,61.39441168568841,24.067905796318236,1.5,0.4293866325743623,0.3181621105322296,0.16479418721276692,-0.8290011260842838,55.613442497882936,-8.624264942073188,0.0,0.13340090832542933,-0.05485357317735598,-0.14819580222112408,-5.092996710103303,-7.2102669148550085,0.0,-0.009624912075252273,-0.0007759320242170635,-0.00561641418718272,2.3085636219664782,2.3099536161109375,2.3110381675760068,2.307055982268244,-0.8758471148148377,1.8109056761214053,0.0,0.4882649692461866,-0.016069720815435028,0.0
113.15994032149453,65.52864213168448,23.40464762496321,1.5,0.4235438641090433,0.31767429890436694,0.16155790483077043,-0.8328221168880489,55.2311295999437,-9.157074611183402,0.0,0.13268220984358867,-0.05490688112740162,-0.1486154042854804,-5.15697662071598,-7.075236399330689,0.0,-0.009640791008777027,-0.0006575906631311023,-0.005657484238772146,2.3001034606770494,2.3014935240476833,2.3025896830397827,2.2985884730974186,-0.8396233218609055,1.8093675494564898,0.0,0.4829391811156567,-0.025043978576571382,0.0
113.23453487674931,69.63417861288286,22.702020314024587,1.5,0.4176716756042661,0.3171521877210918,0.15833855423798412,-0.8365965356511316,54.84414456077483,-9.679816616542174,0.0,0.13196375759560963,-0.05495292850307034,-0.14903636305825557,-5.218269299910246,-6.940344403521521,0.0,-0.009635241277102791,-0.0005619095318647108,-0.005618883164358159,2.2917268218992755,2.293132080713349,2.2942243559000692,2.290225766394765,-0.8037992101429635,1.8072019809498618,0.0,0.47752839282516873,-0.033305284858120225,0.0
113.30912943200408,73.71068006153493,21.960774427933345,1.5,0.4117703805994452,0.31659628253847305,0.15513654158059084,-0.8403241047418675,54.45268671317767,-10.192503026032567,0.0,0.131244725180441,-0.05499068913385888,-0.14945365779594555,-5.276904895706117,-6.805637639325071,0.0,-0.009629377787882743,-0.00046530498784194045,-0.005578703780721766,2.2834426637374756,2.2848634469977465,2.285951320361429,2.281955750740836,-0.7683839918204517,1.8044036228599833,0.0,0.47200936499916396,-0.04137096548182742,0.0
113.38372398725886,77.75782019458424,21.18165950092151,1.5,0.4058402976431007,0.3160070951425778,0.15195226606800297,-0.8440045482491834,54.05695311879714,-10.695149378964521,0.0,0.1305259443287969,-0.05502100361260012,-0.14987216227043132,-5.3329141099564445,-6.6711617115586375,0.0,-0.0096471433815997,-0.0003378838288663493,-0.00561755550637231,2.2752597949585662,2.2766821656403007,2.2777803895214195,2.2737653009136785,-0.7333842656918123,1.8010062591083686,0.0,0.46632072537385316,-0.049847914741015485,0.0
113.45831854251364,81.77528734264739,20.3654237824754,1.5,0.3998816757825197,0.3153851413847162,0.14878616419570864,-0.8476376202782849,53.65713852310291,-11.18777458067058,0.0,0.12980728346930845,-0.05504365501460205,-0.15028754147179318,-5.386328353228725,-6.536961779965855,0.0,-0.009628317504546118,-0.00025913986974475205,-0.005529852355042317,2.2671559741861618,2.268602113360665,2.269686473989764,2.2656880952667917,-0.6988068554761507,1.7970214665747997,0.0,0.4607023910102388,-0.057156314950033434,0.0
113.53291309776841,85.76278427571393,19.512813988286926,1.5,0.39389490758855555,0.31473094963090387,0.14563857868568725,-0.8512230233720454,53.25343532074708,-11.67040081384849,0.0,0.12908833823469062,-0.055057982317842084,-0.15070159814029704,-5.437179289597102,-6.403080605374203,0.0,-0.0096364812588117,-0.00014112111967269257,-0.005573469791318905,2.259159118279519,2.260604160851976,2.261700961025001,2.257683547779638,-0.6646612318056465,1.792452193225747,0.0,0.4548497479960898,-0.06500961417585002,0.0
113.60750765302319,89.72002802643495,18.624575059701638,1.5,0.38788023338581235,0.3140450452974631,0.14250993844755858,-0.8547605229047228,52.84603351256697,-12.143053474851516,0.0,0.1283695382812363,-0.05506463185644042,-0.15111538792617443,-5.48549930850942,-6.269561148320276,0.0,-0.00963666790133615,-3.103880943898158e-05,-0.0055074629226886055,2.2512422728222785,2.252710308389114,2.253795213841763,2.2497852723106195,-0.6309498921677673,1.7873260377939164,0.0,0.4489337976290981,-0.07248442960188481,0.0
113.68210220827797,93.64674971018079,17.701449926157462,1.5,0.38183803571968816,0.31332797861616213,0.1394005989233652,-0.858249826865026,52.435120672489724,-12.605761089471246,0.0,0.12765070245924443,-0.05506305703513113,-0.15152454354727588,-5.531321232660073,-6.136444770259782,0.0,-0.009634641503069759,7.467325167333459e-05,-0.00549317549078693,2.2434242095794734,2.244902516285935,2.245987563692037,2.2419739452206047,-0.5976829224383416,1.7816494126849525,0.0,0.4429860914414461,-0.07969544163158047,0.0
113.75669676353274,97.54269434251276,16.744179274862653,1.5,0.3757686281944246,0.3125802905164441,0.13631093665584623,-0.8616906803450655,52.02088190952152,-13.058555235191687,0.0,0.1269319683881404,-0.05505333740312582,-0.15193506757835504,-5.574678231321115,-6.003771730577883,0.0,-0.009634318795686872,0.00018667311832484303,-0.0054784031493590275,2.2356982527732483,2.2371877753135023,2.2382724472995292,2.234254430998041,-0.5648647647905164,1.7754396639179526,0.0,0.43689557069504037,-0.08677220590014542,0.0
113.83129131878752,101.4076206542978,15.753501326456604,1.5,0.36967233318555864,0.311802534293312,0.13324132026204807,-0.8650828262428053,51.603499836051945,-13.501470456287683,0.0,0.12621313967940134,-0.05503565871628466,-0.15234057873055104,-5.615604029425685,-5.871581342049714,0.0,-0.009635375117498792,0.00029382460509383857,-0.005405492542683583,2.228058500951062,2.2295717952134986,2.2306422686104126,2.2266341316359752,-0.5324969371343745,1.7687122768491563,0.0,0.4308223031181801,-0.09361815931599075,0.0
113.9058858740423,105.24130090442475,14.730151616559544,1.5,0.3635495579393463,0.3109952735734301,0.13019208158984186,-0.8684259787848342,51.18315454686942,-13.934544182545741,0.0,0.12549446067202066,-0.05500966723661256,-0.15274535019432198,-5.65413252169044,-5.739911697255073,0.0,-0.009634707477672444,0.00041188800876750827,-0.0054355053966221685,2.2205220036724564,2.2220367689267344,2.223116851755965,2.2190933917032543,-0.5005900486366391,1.7614797054099478,0.0,0.42455301006839313,-0.10037982544585353,0.0
113.98048042929707,109.04352069091004,13.674862783471797,1.5,0.3574005792168779,0.3101590718514226,0.12716359761532822,-0.8717199066014445,50.760023579489065,-14.357816657576231,0.0,0.12477578494329283,-0.05497521588709999,-0.15314755166310773,-5.690298362230113,-5.608800187231689,0.0,-0.009633852953792807,0.0005046788128350633,-0.005342594169269348,2.2130652868056924,2.2146061885040047,2.215667333912962,2.2116606195211497,-0.46914819666283963,1.7537539118754963,0.0,0.4185245537890923,-0.10664696681621703,0.0
114.05507498455185,112.81407875867525,12.588364360827827,1.5,0.35122584769736115,0.30929449985860163,0.12415616932854442,-0.8749643203492068,50.334281891806405,-14.771330857038986,0.0,0.12405714759698885,-0.054932634598176086,-0.15354528890248434,-5.72413593098167,-5.478282544532975,0.0,-0.00963410081238222,0.0006293008864108439,-0.005353999376284107,2.2057104185420937,2.207257726037623,2.20832363600562,2.204305251874891,-0.43817206164034833,1.7455533022051426,0.0,0.41207968498737374,-0.11310358938512206,0.0
114.12966953980661,116.5527868072329,11.471382577673538,1.5,0.3450256758688285,0.3084021341254781,0.12117014916621346,-0.8781589842443943,49.90610184631734,-15.175132402656894,0.0,0.12333859700749916,-0.0548818069472376,-0.15394325717167323,-5.755680485703063,-5.348394027561963,0.0,-0.00963266291927407,0.0007389385572469476,-0.005290658242500525,2.198439635455808,2.2000084038635164,2.201061885108974,2.1970512744355037,-0.407666634439866,1.736891436489938,0.0,0.4057579923355597,-0.11917711821182594,0.0
114.20426409506139,120.25946929538853,10.324640163173783,1.5,0.3388004733143082,0.3074825581393248,0.1182058453585309,-0.8813036331737051,49.47565317883917,-15.569269492322512,0.0,0.12262003809160252,-0.05482240741348003,-0.15433456206350218,-5.784967279123847,-5.219168566805734,0.0,-0.00963177197656791,0.0008480291896755699,-0.005225479652715854,2.1912603558795514,2.192850735251056,2.193891041912623,2.1898889027014117,-0.37763831472024634,1.7277780245079155,0.0,0.39939881000368693,-0.1250635230908574,0.0
114.27885865031617,123.9339632447525,9.148856157439342,1.5,0.33255065676414386,0.3065363623793645,0.1152635597100787,-0.8843980048755904,49.04310297838164,-15.953792826022255,0.0,0.12190159185524414,-0.05475475463458321,-0.15472581867855115,-5.812031889605565,-5.090639146256061,0.0,-0.00962827848197893,0.0009620958474012606,-0.005227965014941031,2.1841796661743134,2.1857766675725623,2.1868195949230467,2.1828096865948314,-0.34808746887695696,1.7182316897867727,0.0,0.3929255873885518,-0.13079129663152353,0.0
114.35345320557094,127.57611804180495,7.9447457281227365,1.5,0.3262765675050604,0.3055641294890181,0.11234360981596564,-0.8874418728008344,48.6086156749542,-16.328755516461257,0.0,0.1211831505902522,-0.05467863786619093,-0.15511169582684695,-5.836910117158701,-4.962837591773435,0.0,-0.009632308579532385,0.0010776830016204757,-0.005121501574545122,2.1771779557625544,2.178806764659777,2.1798258719131045,2.1758332930584054,-0.3190181948787213,1.7082631610390353,0.0,0.3864570969302622,-0.13642116395675796,0.0
114.42804776082572,131.18579523880413,6.713019993051427,1.5,0.31997870597874817,0.30456646663490505,0.10944626386499762,-0.8904349557647029,48.17235302037371,-16.694213023998135,0.0,0.12046446584318961,-0.054594002939465286,-0.15549409222638863,-5.85963793160015,-4.835795009415626,0.0,-0.009631351163283754,0.0011896269963252069,-0.005140772406539097,2.170281497678463,2.1719124401870396,2.1729372257838278,2.168933619087623,-0.2904321113329715,1.6978831560937644,0.0,0.37995856568303404,-0.14178193377075535,0.0
114.5026423160805,134.76286835344945,5.454385847581463,1.5,0.3136574103645212,0.3035439613258698,0.10657181515776895,-0.8933770428436135,47.73447407310053,-17.05022307951138,0.0,0.11974689825820921,-0.054501512117951484,-0.15587363468548576,-5.880251578094828,-4.709540861438401,0.0,-0.009644854514885799,0.0013101409968761812,-0.00504658346421257,2.1634628519235806,2.1651232216148695,2.1661252531402497,2.162135691080869,-0.2623337788703552,1.687124927341343,0.0,0.3734436724123551,-0.14718875968932196,0.0
114.57723687133527,138.30722266742555,4.169545799857155,1.5,0.3073131763567801,0.30249722662736656,0.10372053595429122,-0.896267867292816,47.29513518455591,-17.396845581642683,0.0,0.11902822572503574,-0.05440002299916654,-0.15624652785556553,-5.8987873514800295,-4.584104610149795,0.0,-0.009620842806807313,0.0014163986451681688,-0.0049876551284311135,2.1567369170513717,2.158416347333184,2.1594088073565185,2.155427382400051,-0.2347223255664593,1.6759692216208355,0.0,0.3668670055826228,-0.15196244479414642,0.0
114.65183142659005,141.81875502407408,2.8591978084193284,1.5,0.3009464298689333,0.3014268686204441,0.10089267611123127,-0.8991072000211826,46.85448998422098,-17.73414258517784,0.0,0.11830964809998937,-0.05429069887159653,-0.15661919334145266,-5.9152818982502025,-4.459513735361392,0.0,-0.009642876555725693,0.001511987441826948,-0.004960927036322523,2.1501085370859956,2.1517980108235766,2.152781632366951,2.148802499997225,-0.20759393370880022,1.6644518890798556,0.0,0.3605826301474259,-0.1568108716732157,0.0
114.72642598184483,145.2973736257218,1.5240351275340613,1.5,0.29455759750795724,0.300333477864864,0.09808851060531121,-0.9018948208694666,46.412689406939336,-18.06217816268921,0.0,0.11759217287556079,-0.05417197710866406,-0.15698292223102014,-5.9297713085382355,-4.335795268026635,0.0,-0.009629248779288158,0.0016367537605070784,-0.004835019099384739,2.1435536762987195,2.1452800075906207,2.1462366576651837,2.1422787790966478,-0.18097745404705717,1.6525815282122158,0.0,0.3537303962145907,-0.16145687782883317,0.0
114.8010205370996,148.7429978306746,0.16474615780263743,1.5,0.2881472255508687,0.29921769209626226,0.09530823687224041,-0.904630471036781,45.9698816079025,-18.38101835883979,0.0,0.11687384341635537,-0.054046170657467585,-0.1573445567415817,-5.94229286797472,-4.212974939718427,0.0,-0.00963506334104624,0.0017704610546549816,-0.0048492789491471604,2.137104850185123,2.138836829626004,2.1397959192107034,2.135825811024066,-0.15483148069113467,1.6403727205594347,0.0,0.3468922756920849,-0.16620427152600006,0.0
114.87561509235438,152.1555579473723,-1.2179856977915176,1.5,0.28171568254910273,0.2980801189061213,0.09255214857649373,-0.9073139570802823,45.526212028520284,-18.690731122781227,0.0,0.116155582863484,-0.05391105809211942,-0.1577010006027789,-5.952883374110532,-4.091078380725127,0.0,-0.009614366607454204,0.0018330361397775289,-0.004694932957509508,2.130728539640065,2.1324948594525996,2.133420968773356,2.129487756826589,-0.12919110859628335,1.627827485572396,0.0,0.3407454934216899,-0.1698834365617728,0.0
114.95020964760916,155.5349950302331,-2.6234821745498835,1.5,0.275263572596942,0.2969213585282769,0.0898204021029635,-0.909945035602125,45.08182335676568,-18.991386234543114,0.0,0.11543746449612464,-0.05376795417702452,-0.15804990305718375,-5.961579007905531,-3.9701286012748893,0.0,-0.009633409702144675,0.0019933621519423496,-0.004694377666032595,2.124454167137276,2.1262329688776274,2.127155718441275,2.1232102808550652,-0.10404206442018538,1.614970478115681,0.0,0.3336229131028227,-0.17465301396885477,0.0
115.02480420286393,158.88126067595798,-4.051070277400016,1.5,0.2687913142717497,0.29574203846266806,0.08711325313949307,-0.9125235104836839,44.63685554088319,-19.283055216005316,0.0,0.11471971422131531,-0.05361769003442736,-0.15839678979351166,-5.968417081058361,-3.8501492913280386,0.0,-0.009626016632680468,0.00208201308429278,-0.004585267332703961,2.118258323426708,2.12006442654721,2.120962314025664,2.117039933674688,-0.07937582067780648,1.601823053043754,0.0,0.3272288657263286,-0.17837290185282886,0.0
115.0993987581187,162.19431681828462,-5.500082409718695,1.5,0.2622994543230308,0.2945427753233573,0.0844308888490754,-0.9150491652227271,44.19144579558687,-19.565811260570197,0.0,0.11400131816069765,-0.053457358673293404,-0.15873393024750782,-5.973434339334156,-3.7311624326831607,0.0,-0.009618666497393586,0.0021696440995409997,-0.00447293238859925,2.1121496987261357,2.1139834610786026,2.114855421827521,2.110957229141857,-0.05522309231947568,1.5883633365438967,0.0,0.3208347508400871,-0.18192616326588573,0.0
115.17399331337347,165.4741355226031,-6.969856496885222,1.5,0.255788547373674,0.2933241861391251,0.08177349481526729,-0.9175217906970837,43.74572855253711,-19.83972921995691,0.0,0.11328339021898742,-0.053290042398987054,-0.15906859373883714,-5.976667505092456,-3.613189258748266,0.0,-0.009612312060379727,0.002318008367055728,-0.004445227715218143,2.106133511572249,2.107983894416672,2.1088491265965055,2.104947100191214,-0.0315530573833712,1.5746394841994567,0.0,0.3136674426873601,-0.18582266275622328,0.0
115.24858786862825,168.72069878064312,-8.459736104742586,1.5,0.24925905638141885,0.292086900061607,0.07914126611260859,-0.9199412076988066,43.29983550899419,-20.10488546118844,0.0,0.11256509916462237,-0.05311475406367076,-0.15939480041033124,-5.978153935003338,-3.4962499978929764,0.0,-0.00963684531806658,0.002393325352022062,-0.004300179839939376,2.100197669839587,2.1020812111629446,2.1029080083176175,2.099039768606597,-0.008372946141404207,1.5606467018476484,0.0,0.307620235259739,-0.18931593668490174,0.0
115.32318242388303,171.9339983051793,-9.969070551586784,1.5,0.24271164243204127,0.2908315181029415,0.07653434877681355,-0.9223072048743783,42.85389562822496,-20.361357838273474,0.0,0.11184762628956732,-0.052931066636613205,-0.1597137415330211,-5.977929590008559,-3.3803639842659017,0.0,-0.00962523293345748,0.0025132226243341667,-0.004285705262496395,2.0943571118943973,2.0962498212857787,2.0970731672023066,2.0932024399974667,0.014303998341167962,1.5464055689480172,0.0,0.300776416081562,-0.19261431362951797,0.0
115.3977769791378,175.11403532720308,-11.497215015988044,1.5,0.23614675185055284,0.28955866178987494,0.07395295057210378,-0.9246196266976872,42.40803512739278,-20.60922561407753,0.0,0.11112832383883206,-0.052739637267987236,-0.1600292688332656,-5.976031526151742,-3.26555008484561,0.0,-0.009604177979382109,0.0026178728735796078,-0.004113954321666198,2.088584236783528,2.0905200927519165,2.0913048110174524,2.087470206900604,0.03650205009504002,1.53190485108912,0.0,0.29407905019317426,-0.1955476144536879,0.0
115.47237153439258,178.26082039097938,-13.04353064119506,1.5,0.22956505920509837,0.28826895869634095,0.07139716442007052,-0.9268782746170396,41.962377497106836,-20.848569424113293,0.0,0.11041091202705229,-0.05254011559131973,-0.1603321151250135,-5.972496551879994,-3.1518253216798455,0.0,-0.009661892558303008,0.002687769735005305,-0.004073734834630979,2.082919491650207,2.0848630065834453,2.0856280161059315,2.0818043158644035,0.0581999407937026,1.5171919624712795,0.0,0.287645205799479,-0.1988177677045035,0.0
115.54696608964736,181.3743731498621,-14.607384631624582,1.5,0.22296711389761403,0.2869630133172447,0.06886717041048619,-0.9290829930354491,41.517043486194325,-21.07947115148667,0.0,0.1096930019970328,-0.052333419678610285,-0.16063277457467495,-5.967360865713962,-3.0392070008703795,0.0,-0.009605846627048274,0.0028288198931830703,-0.003951310670182488,2.0773164370745136,2.079296537184071,2.0800387595647565,2.0762349776074243,0.07940817621440013,1.5022595159386543,0.0,0.2809268097735914,-0.20144249824655713,0.0
115.62156064490213,184.45472216321048,-16.188150346436537,1.5,0.21635349880266444,0.28564144696483945,0.06636307951805771,-0.9312336275116778,41.07215111891747,-21.302013900618125,0.0,0.10897346570887377,-0.05211906669321374,-0.16092240644411995,-5.960661226133796,-2.9277105259749714,0.0,-0.00962934713139489,0.0029264129280104994,-0.003796019756765104,2.071802082172374,2.0738199383160434,2.074520266226367,2.070750400964192,0.10014202578902343,1.4871025015335309,0.0,0.27457239056857424,-0.20436632047963074,0.0
115.69615520015691,187.50190469362232,-17.785207387892445,1.5,0.20972491245361505,0.2843048646188,0.06388501371727331,-0.9333300113425868,40.62781573433892,-21.516281962077365,0.0,0.1082555434259926,-0.051897059558776965,-0.1612052373160206,-5.952433453963022,-2.817351477001352,0.0,-0.00963733437331239,0.0030333324501385164,-0.003780916903543722,2.06638523626714,2.0684096900505473,2.069102426507559,2.0653329341532856,0.12037934605562793,1.4717660883763606,0.0,0.26802262250288844,-0.2070421137949815,0.0
115.77074975541169,190.51596650640818,-19.397941686578672,1.5,0.2030818646399478,0.2829538802728551,0.061433110263385576,-0.935372028048874,40.18414995367488,-21.72236069907729,0.0,0.10753682430727489,-0.05166751458958035,-0.161480007340712,-5.942714086105305,-2.7081439955180957,0.0,-0.009628467525895346,0.0031140508008098643,-0.003575412034634859,2.0610296250874556,2.0631007118132985,2.0637440526108946,2.0600227757152196,0.14013521153260436,1.456235932335905,0.0,0.2617345328874952,-0.20923807611143821,0.0
115.84534431066646,193.49696166710575,-21.025745579989422,1.5,0.19642513052092744,0.2815890970649301,0.059007422159852385,-0.9373595215519193,39.741263710860224,-21.920336513843964,0.0,0.10681815960742948,-0.051430637777627276,-0.16174336445918286,-5.931538775761515,-2.600101260077171,0.0,-0.009629987264813353,0.003243264230560758,-0.0035258475537751455,2.055771209157529,2.0578595738030776,2.0584877677293716,2.054772088828233,0.15940805070597702,1.4405325660994668,0.0,0.2548664179284956,-0.21169586537656004,0.0
115.91993886592124,196.44495234199638,-22.66801788692558,1.5,0.18975527014303023,0.2802111166062308,0.05660807758234836,-0.939292389586792,39.29926426022811,-22.110296777158236,0.0,0.10609894023913574,-0.0511878560189797,-0.1620025116393295,-5.918943421512199,-2.4932361525803515,0.0,-0.009638584196537214,0.003315567775455803,-0.0033740729377722436,2.0505867009768357,2.0527077528140962,2.0532960286385316,2.0496177123684522,0.1782202412614314,1.4246673481539285,0.0,0.2488019276713029,-0.2137729538122949,0.0
115.99453342117602,199.3600085997804,-24.324163978204417,1.5,0.1830729944726858,0.2788205411914981,0.05423514254228672,-0.94117051261602,38.85825623019122,-22.292329773685662,0.0,0.10538015081222052,-0.05093600354526317,-0.16224666980744182,-5.9049636379574295,-2.3875604872383693,0.0,-0.009646794253106343,0.0033866002725751717,-0.0032179053055615358,2.04548240513088,2.047636711946935,2.0481837766930373,2.0445442828128764,0.19652705542455182,1.4086434475626413,0.0,0.24275542157044794,-0.21571023175664178,0.0
116.06912797643078,202.24220821300347,-25.993595842802353,1.5,0.17637902414894852,0.27741796189425616,0.05188868052257897,-0.9429937852882847,38.41834154803549,-22.466524654014783,0.0,0.10466077487721835,-0.05067867455962589,-0.16248613200863593,-5.889634633624357,-2.2830853946664216,0.0,-0.009633540248130856,0.0035139641854104657,-0.0031477448728215174,2.040462350750429,2.0426378985727727,2.043166458635311,2.039538105487048,0.2143803199699657,1.392478916573983,0.0,0.23588520030950835,-0.2175857994458432,0.0
116.14372253168555,205.0916364603068,-27.675732149742682,1.5,0.16967396347477037,0.2760039806242011,0.04956877152166381,-0.9447621318025988,37.97961953375427,-22.632971359542804,0.0,0.1039411136753668,-0.05041455656223444,-0.162712866701006,-5.872992060587955,-2.179821131663886,0.0,-0.0096547509590464,0.0035768292954451134,-0.002933976565886647,2.0355119884086736,2.037732553631628,2.03820433027822,2.0346296220248554,0.2317629838830342,1.3761793530291553,0.0,0.23002065354930928,-0.2193841524248274,0.0
116.21831708694033,207.90838593123732,-29.369998305311213,1.5,0.1629586601940755,0.27457916604880367,0.0472754375386872,-0.9464754564410115,37.54218690057779,-22.791760579065507,0.0,0.10322162698479995,-0.050143783606217046,-0.16292898023963978,-5.855070144142341,-2.0777773699586035,0.0,-0.009649778388095649,0.003673157859233394,-0.0028889073424113935,2.0306553392069513,2.032886526544173,2.0333439075998108,2.029779378412243,0.24867559295521352,1.3597597572516693,0.0,0.2236244112172366,-0.22093637256859777,0.0
116.29291164219511,210.69255633315746,-31.07582650665594,1.5,0.15623370117123775,0.2731441122158682,0.04500876083034063,-0.948133712104289,37.10613776221404,-22.9429836883326,0.0,0.10250126507139046,-0.04986608069277057,-0.16313752221488984,-5.8359041483229985,-1.9769631120634519,0.0,-0.009646054473981416,0.0037490708705849645,-0.0026661374530473915,2.025857498233102,2.028137254406309,2.0285388256019607,2.0250285444504232,0.2651203309190879,1.34321667955723,0.0,0.21752241940122213,-0.22228479405100154,0.0
116.36750619744988,213.44425429657733,-32.79265579174693,1.5,0.1494999358749156,0.2716993862545702,0.042768732869975165,-0.9497368310068757,36.671563641210845,-23.086732710755633,0.0,0.10178105462211637,-0.04958317735071113,-0.16332994049923918,-5.815528161269971,-1.8773862322798647,0.0,-0.009643130756978154,0.003872670191950571,-0.0025349941960792657,2.0211439803347773,2.023457633523155,2.0238241767267544,2.0203405262171064,0.2811124766709094,1.3265781267973982,0.0,0.21128691456635307,-0.22375723215920412,0.0
116.44210075270466,216.16359318443747,-34.51993208387757,1.5,0.14275807790138811,0.27024556334674776,0.04055539380740719,-0.9512847768772642,36.238553517018445,-23.223100228107445,0.0,0.10106031877953835,-0.049293488645772314,-0.1635171040925783,-5.793976556354696,-1.7790543615377135,0.0,-0.009673509449004488,0.003918079165954468,-0.0024201293619922734,2.0165164754322147,2.018849084844342,2.019179437999878,2.0157298458052897,0.2966476188182238,1.3098378069791228,0.0,0.20526630517103336,-0.22509801168017507,0.0
116.51669530795944,218.85069290187852,-36.257108233663736,1.5,0.13600885576357996,0.2687831999668772,0.038368776558012394,-0.9527775288885065,35.80719382739676,-23.352179382395654,0.0,0.10034001467403857,-0.04899800824410512,-0.1636871288635118,-5.771283068394246,-1.6819744295215946,0.0,-0.009666629041134625,0.003998316948047887,-0.0021796653066682103,2.0119449661972264,2.014330170443428,2.014600350165827,2.0112091465473148,0.31172479702390254,1.2930198078899269,0.0,0.1991481534008347,-0.22608349823766877,0.0
116.59128986321421,221.50567970770524,-38.00364405723476,1.5,0.12925316339923587,0.26731286508169444,0.03620883952622336,-0.9542150553482535,35.37756848296188,-23.47406377288078,0.0,0.09961861236697021,-0.04869691540873003,-0.16384852507678682,-5.747481553475658,-1.5861522600650868,0.0,-0.009676177786203744,0.0040579418141470135,-0.0021265700823846477,2.007472449031091,2.009863912394848,2.010114630522917,2.0067416732749797,0.32635654122824787,1.276116068985667,0.0,0.1933769323113893,-0.22706549928537054,0.0
116.66588441846899,224.12868602666222,-39.75900636929094,1.5,0.1224916412515885,0.2658350822856796,0.03407563532949486,-0.9555973827541333,34.94975890861152,-23.588847442151327,0.0,0.09889696095488437,-0.048390721910126895,-0.16399741141167126,-5.722604739298613,-1.491593508697351,0.0,-0.009667893388666833,0.0041643463065006055,-0.001853383135353759,2.003043918071051,2.0054988329134718,2.0056816033735743,2.002371280930217,0.3405486285691731,1.259145816525776,0.0,0.1869596829568994,-0.2279058310735199,0.0
116.74047897372377,226.7198502659014,-41.52266901425474,1.5,0.11572525198612975,0.26435042788465796,0.03196909912030507,-0.9569244975604821,34.523844059792054,-23.696624814235694,0.0,0.09817491232485558,-0.048078983127000666,-0.1641306461677983,-5.696686414670703,-1.3983029205314974,0.0,-0.009694900804343314,0.004204863208578424,-0.0017756329563580527,1.9987183551980658,2.0011820458964764,2.0013367304225573,1.9980535168212072,0.3542969047241237,1.2421139522881222,0.0,0.18152623537318327,-0.22881067932942725,0.0
116.81507352897854,229.2793166294978,-43.29411289293467,1.5,0.1089547008456944,0.2628594140975115,0.02988924574100193,-0.9581964488417666,34.09990043089885,-23.79749065189694,0.0,0.09745326300693027,-0.04776175608471729,-0.1642557237754068,-5.669758746310704,-1.3062846846932255,0.0,-0.00968558311323701,0.004280590910459149,-0.001552418335634567,1.9944432762310003,1.9969541607063501,1.997052133386946,1.9938247481412992,0.36760203632404637,1.22503748011173,0.0,0.1755561818576413,-0.22931588697501745,0.0
116.88966808423332,231.80723493717377,-45.07282598542391,1.5,0.10218086515782385,0.261362573087665,0.027836033445228798,-0.9594132745728661,33.67800208548864,-23.891539991028093,0.0,0.09672993030083685,-0.04744049357355868,-0.16436214062446122,-5.641854189224639,-1.2155423903899585,0.0,-0.009676780970836841,0.004352129619642921,-0.0013252502971543715,1.9902397108492644,1.9927977890788846,1.9928378344453492,1.989668102232423,0.38048976150175035,1.2079052872529528,0.0,0.1696588927919663,-0.22971047619622578,0.0
116.9642626394881,234.30376044440243,-46.85830337134233,1.5,0.09540463168149348,0.2598604302106629,0.025809416232121938,-0.9605750293955204,33.25822070620941,-23.978868139136004,0.0,0.09600704044797365,-0.04711403378505631,-0.16445982945202436,-5.613004907353721,-1.1260790904299707,0.0,-0.009689049699751687,0.004388672038152428,-0.0012268233501986242,1.986125679187132,1.988696162489961,1.9887048214444214,1.9855681119799584,0.3929413456532418,1.1907451054200708,0.0,0.16430929811233455,-0.2301523793954772,0.0
117.03885719474286,236.76905366458746,-48.650047246782165,1.5,0.08862674427611622,0.2583534765590231,0.023809370185418923,-0.961681805609452,32.84062559398027,-24.05957058077983,0.0,0.09528340588311267,-0.0467830031269624,-0.16454050329845862,-5.583242158350319,-1.0378969188310188,0.0,-0.009708359123839333,0.004474934237950944,-0.0009418882937814222,1.982057041570004,1.9846897351344202,1.9846227436728714,1.9815553324343975,0.40496988453315463,1.173552823073358,0.0,0.1583406824070351,-0.23070222970257287,0.0
117.11345174999764,239.2032801928662,-50.44756693664452,1.5,0.08184822983524644,0.256842238993733,0.0218358103992538,-0.9627336749723314,32.42528369006402,-24.133742968057863,0.0,0.09455972732914593,-0.04644833188318883,-0.1646065529596475,-5.552597824821333,-0.9509980003876011,0.0,-0.009707393616674035,0.004517899548411059,-0.0008588897901712164,1.9780824330215216,1.9807243998979585,1.9806310376987328,1.9775926601499039,0.4165873294963625,1.1563457153751702,0.0,0.15291810318121704,-0.2308229010375272,0.0
117.18804630525241,241.60661053087452,-52.25037890562175,1.5,0.0750698048527053,0.25532719879421395,0.01988872012727894,-0.9637307636300584,32.01225961829113,-24.201481065013425,0.0,0.09383488809566459,-0.04610875554418137,-0.1646614253537985,-5.521102678490644,-0.8653835718111125,0.0,-0.00970517180886453,0.004560658429210494,-0.0005718347345652065,1.9741524326034132,1.976850544696955,1.9766837060867812,1.9737216702695892,0.4277819312798732,1.1391153856216916,0.0,0.14752670179280997,-0.23083905327235557,0.0
117.26264086050719,243.97921991457022,-54.0580067653863,1.5,0.06829248583842115,0.2538088345553623,0.01796798793744162,-0.9646731898882325,31.601615695284877,-24.26288072028776,0.0,0.09311020568404499,-0.04576629268234142,-0.1646953925472567,-5.488787137369955,-0.7810541145318859,0.0,-0.009718080801802935,0.004631922138338111,-0.00039808901712970154,1.9703019697344657,1.973033827056258,1.972817312710065,1.969901721995746,0.4385774999642477,1.1218879131660766,0.0,0.14196908876708927,-0.23100020719890046,0.0
117.33723541576197,246.32128814458304,-55.86998127787917,1.5,0.06151712738408877,0.25228762680561945,0.016073559733125718,-0.9655610996082558,31.19341198816983,-24.318037796342207,0.0,0.092384851475961,-0.045419706311114916,-0.16472088007131439,-5.45568163309423,-0.6980100242442355,0.0,-0.009728705544455171,0.004670505924415931,-0.00021884871083606387,1.966519489079302,1.9692816045712176,1.9690143157286624,1.9661511931394322,0.4489657554985532,1.1046574772223436,0.0,0.13655217370800204,-0.2309682194625118,0.0
117.41182997101674,248.6329994175736,-57.68584035672839,1.5,0.05474459867966057,0.25076404046821615,0.014205364096167034,-0.9663946567289956,30.787706302221725,-24.367048168385463,0.0,0.09165911708110658,-0.045070173058818754,-0.16472500188391895,-5.421816062885613,-0.6162509678356357,0.0,-0.009733420091602805,0.004710030114036715,7.865918245295213e-05,1.96278858672061,1.9656080948547336,1.9652633674841242,1.9624801635880502,0.4589595428466607,1.0874366299768354,0.0,0.13129072107434975,-0.2307951690763237,0.0
117.48642452627152,250.91454215975102,-59.505129065744974,1.5,0.04797594455865006,0.2492385276382694,0.012363284390213874,-0.9671740351578405,30.384554240208164,-24.410007663765075,0.0,0.09093250368590972,-0.04471729689848562,-0.16471664275900402,-5.387219796110159,-0.5357762000398832,0.0,-0.009722786922482204,0.004748366867141244,0.00018376444836128392,1.9591436317754467,1.9619757821907813,1.9616000301794747,1.9588526941249165,0.4685575198965314,1.0702253282538619,0.0,0.1260598090259243,-0.23036457781389688,0.0
117.5610190815263,253.16610886326438,-61.32739961438008,1.5,0.04121193082649597,0.24771153355810818,0.01054724704898386,-0.9678994413055161,29.98400921494325,-24.44701202875809,0.0,0.09020602126136201,-0.04436167619798591,-0.16469157315650598,-5.351922029301592,-0.45658395800167606,0.0,-0.009771698343226035,0.004785897747844614,0.000489611318212939,1.9555436765148289,1.9584344718214812,1.9579727813759669,1.9553079605238688,0.47776874902600974,1.0530417162012946,0.0,0.12093147762598672,-0.2305232246523909,0.0
117.63561363678107,255.38789592385191,-63.15221134937352,1.5,0.034453660432109054,0.24618349382412436,0.008757143312644716,-0.9685710841710989,29.58612248261943,-24.47815689077383,0.0,0.08947865404792953,-0.044003479747675975,-0.16464680910558976,-5.315951428889134,-0.37867320562159307,0.0,-0.009750204810722958,0.004813665048142719,0.0006385340575243336,1.9520205893496005,1.954932170837462,1.954430531962634,1.951813658501317,0.4865982992204967,1.035880776380389,0.0,0.1158847288759156,-0.22979758375118592,0.0
117.71020819203585,257.58010348136344,-64.9791307466608,1.5,0.02770195947628712,0.2446548314576898,0.006992874417645642,-0.9691892047443381,29.190943175896546,-24.50353774211261,0.0,0.08875068916836937,-0.04364264796564943,-0.16459117020452693,-5.279336339247941,-0.30204121075007895,0.0,-0.009760174512939493,0.004849059825763521,0.0009063365965018087,1.9485475433667783,1.951508282327787,1.9509346877200915,1.9483922579574622,0.4950475988285974,1.018751447691685,0.0,0.11080407836241148,-0.22935915965221132,0.0
117.78480274729063,259.74293526189604,-66.80773139803333,1.5,0.02095783117821508,0.24312595983340932,0.005254321081836057,-0.9697540559736566,28.79851832111307,-24.523249883165935,0.0,0.08802254606033873,-0.04328016235802354,-0.16451151100741568,-5.242104660922951,-0.22668541318540447,0.0,-0.00977030980687063,0.004880145105886413,0.0011775214822388163,1.9451357094458102,1.9481454852643225,1.9474989511378558,1.9450326467726782,0.5031309975793439,1.001664862123584,0.0,0.1058006361376938,-0.22884119965348992,0.0
117.8593973025454,261.87659842254925,-68.63759399625444,1.5,0.014222286355337467,0.24159728144713835,0.0035413510251162267,-0.9702659114908119,28.408892888494705,-24.53738839312155,0.0,0.08729362089677224,-0.04291544650575746,-0.164420606137523,-5.204283900674034,-0.1526026542800108,0.0,-0.009785719507832651,0.004906401781256434,0.001316429836747946,1.9418001356099748,1.9448275994546702,1.9441377933018733,1.9417179124587483,0.510843786343292,0.98461947258131,0.0,0.1009002195721281,-0.22830512672380912,0.0
117.93399185780018,263.98130339863377,-70.46830631760885,1.5,0.007496161673756738,0.24006919263541368,0.0018538851492412131,-0.9707250658231685,28.02210980170726,-24.546048114399408,0.0,0.0865644834157921,-0.04254930014720514,-0.16430840785856043,-5.1659012943332066,-0.07978964737812015,0.0,-0.009771477261860501,0.004914602474403079,0.0016782716331367549,1.9384974903820371,1.9415912880627475,1.9408108051256636,1.9384915943525487,0.5181985063486445,0.9676272653527263,0.0,0.09624762636130044,-0.22736068319287556,0.0
118.00858641305494,266.0572637521263,-72.29946320302867,1.5,0.0007806141204296052,0.2385420664882803,0.00019173276615114284,-0.9711318326548884,27.638209981722742,-24.54932360295796,0.0,0.0858346209183111,-0.04218162197610475,-0.16417834019387112,-5.12698333057121,-0.00824208271504015,0.0,-0.009786583531570081,0.004936373828875738,0.0017902104036776883,1.9352833229833375,1.9383874931418732,1.9375697222944055,1.9352918030914068,0.5251960121228134,0.9506878722299849,0.0,0.09146187400525152,-0.22668003397740646,0.0
118.08318096830972,268.10469602383625,-74.13066653515418,1.5,0.005923559721069518,-0.23701627859888538,0.0014451804745639223,0.9714865447203901,27.25723237301692,-24.547309107680075,0.0,0.08510420945185661,-0.04181283105699671,-0.16403350055482305,-5.0875564487761595,0.06204407714250633,0.0,-0.009790090082540046,0.004949975812022073,0.002126879474684712,1.9321005841849799,1.9352656686621057,1.9343602898743228,1.9321768420778145,0.5318443525512895,0.9338082152991327,0.0,0.08681469684760887,-0.22580346043902724,0.0
118.1577755235645,270.1238195866756,-75.96152521510771,1.5,0.012615241372535339,-0.23549218570226724,0.0030570309654816582,0.9717895557783885,26.879213972682688,-24.540098545945664,0.0,0.0843734081831356,-0.04144331870746014,-0.16386421697900272,-5.047646469909945,0.13107366875409332,0.0,-0.009786755366617689,0.004977511196988011,0.0023524462468348445,1.9289859686126545,1.9321880281149837,1.9312215030023305,1.9291051879216112,0.5381491478351668,0.916996333914098,0.0,0.08223678473434384,-0.22492616258307066,0.0
118.23237007881927,272.1148565016789,-77.79165513592825,1.5,0.01929349170408926,-0.23397013921610402,0.004643946570732876,0.9720412382678574,26.50418985914708,-24.527785462816777,0.0,0.08364222129694089,-0.041073272216408,-0.16368347616936785,-5.007278948273489,0.1988517293045159,0.0,-0.009808959077484603,0.004952787671035139,0.002567745070484156,1.925933795382527,1.9291629603963318,1.928133985582639,1.9260899336782817,0.5441197802527273,0.9002528532577905,0.0,0.07791814690342666,-0.22399880684122497,0.0
118.30696463407405,274.07803137658266,-79.62067915449252,1.5,0.025957367946099527,-0.23245046333971564,0.006206058334794826,0.9722419873582953,26.132193247956064,-24.51046302116454,0.0,0.08291071955900596,-0.04070190440127869,-0.16347778063672738,-4.966478606485076,0.265383612792648,0.0,-0.009812136606617698,0.004969206235093096,0.002913492820644664,1.9229172685680156,1.926209198558037,1.9250902058755042,1.9231429648796199,0.5497449149308746,0.8835875996990088,0.0,0.07333498814075078,-0.22292426000246127,0.0
118.38155918932883,276.01357122690035,-81.44822706150792,1.5,0.032605744411193696,-0.23093349852585476,0.007743545816622798,0.9723922162317975,25.76325547328111,-24.488223959807563,0.0,0.08217829549429709,-0.040331428666063845,-0.16325671745915515,-4.925270475655259,0.3306750674875926,0.0,-0.009796366179585432,0.004976322273498529,0.0030537106958877123,1.9199777506665854,1.9232835427484407,1.9221245963652915,1.920228209219993,0.5550552840657299,0.8669958597317283,0.0,0.06891962424740534,-0.22158840542275685,0.0
118.4561537445836,277.9217053377858,-83.27393554944395,1.5,0.039237803331199674,-0.22941955385837828,0.009256542569844163,0.9724923544773078,25.3974060662305,-24.461160575776223,0.0,0.08144620289709502,-0.03996056183277001,-0.16301594399753902,-4.883678584817861,0.39473267639833876,0.0,-0.00985111157470606,0.004961636315358923,0.0034027166733073687,1.9170737679187815,1.9204383471048314,1.919181195466821,1.917387100899214,0.5600389604977387,0.8504962772832708,0.0,0.06475467525364487,-0.22099465819716962,0.0
118.53074829983838,279.8026651301408,-85.09744817738634,1.5,0.04585237770610764,-0.2279089250487124,0.010745205679351815,0.9725428637837745,25.034672764868663,-24.429364694068088,0.0,0.08071340120116673,-0.03959002351847201,-0.1627523886375289,-4.841726600627072,0.4575620013278323,0.0,-0.00981141530252048,0.004975669097289889,0.003592092117365,1.9142317052579165,1.917622068662594,1.9163168109196709,1.91458433618454,0.5647064019866239,0.8340812348799047,0.0,0.06034845393659271,-0.21926764019152437,0.0
118.60534285509316,281.6566840283171,-86.91841533728605,1.5,0.05244860039156544,-0.22640190883961783,0.012209689851078573,0.9725442115731725,24.675081548063392,-24.39292766260548,0.0,0.0799794764087633,-0.039220760593090126,-0.1624758028019735,-4.799437965509114,0.5191703180767653,0.0,-0.009831672594989968,0.004953227072834418,0.003891130087248987,1.9114350358047385,1.914871213281422,1.9134840486362374,1.9118437773536627,0.5690714466236506,0.8177489217942913,0.0,0.056378890941038644,-0.21820261242203956,0.0
118.67993741034793,283.48399733048973,-88.73649421602913,1.5,0.0590254288432867,-0.2248987833983211,0.013650161881728438,0.9724968941114537,24.318656684828536,-24.35194032558326,0.0,0.07924659856870972,-0.03885115017317223,-0.1621718585729241,-4.756835579432856,0.5795645009064196,0.0,-0.009851975432276911,0.004926064862811856,0.004191638285089006,1.9086889723301013,1.9121704104477824,1.9107008637750422,1.9091540279427806,0.5731196280802202,0.8015289251876215,0.0,0.05249473479612489,-0.2170913448965193,0.0
118.75453196560271,285.28484208085223,-90.55134875614378,1.5,0.0655818213159521,-0.2233998126650751,0.015066797103891258,0.9724014294719656,23.96542072668717,-24.306492963276938,0.0,0.07851258830111346,-0.03848320208126962,-0.16185463465823657,-4.713941848403623,0.6387518293216172,0.0,-0.009834391599864035,0.004948944318244898,0.0043750804816115665,1.9059996148450928,1.9095062649650956,1.9079867070355683,1.906499324830149,0.5768754008650265,0.785398634306393,0.0,0.04808923619083464,-0.21543617772324833,0.0
118.82912652085749,287.05945694422843,-92.36264961496396,1.5,0.07211692129948213,-0.22190527522585488,0.01645973541921295,0.972258337891299,23.61539456812946,-24.25667532226906,0.0,0.07777839831036433,-0.03811676989611672,-0.16151385728248643,-4.670779318665964,0.6967399904740038,0.0,-0.009846529305353272,0.004890846184508134,0.004753725326204772,1.903344194336853,1.9069094539396483,1.9052905754072618,1.903919342878093,0.5803412023310188,0.7693718247129535,0.0,0.04466156769896659,-0.21419513407242366,0.0
118.90372107611226,288.80808208272305,-94.17007412286401,1.5,0.078629564515772,-0.22041538366814897,0.01782917447638301,0.9720681924453518,23.268597484468177,-24.202576575747283,0.0,0.07704378662327686,-0.03775124143789526,-0.16115300378675132,-4.627368899670882,0.7535364941537976,0.0,-0.009847330796594323,0.004885105902291799,0.004897551313702873,1.9007590251998765,1.9043359522487728,1.9026734939983276,1.9013569752480568,0.5835118693854926,0.7534505899145633,0.0,0.04065567365658891,-0.21269357830042404,0.0
118.97831563136704,290.53095903677666,-95.97330624043394,1.5,0.08511894785201034,-0.2189303914304658,0.01917526000310244,0.9718315480722384,22.92504714538973,-24.14428530520015,0.0,0.07630987851139656,-0.03738811742001934,-0.1607749717617459,-4.583732174779776,0.8091497789401336,0.0,-0.009861930768821374,0.004866647703199142,0.005252719797769003,1.8981980944373533,1.901833567281499,1.9000768077198562,1.898865667090059,0.5864105675297844,0.7376472306695663,0.0,0.03682109826282471,-0.21132393987125017,0.0
119.0529101866218,292.22833060646826,-97.77203651242719,1.5,0.09158396678308323,-0.21745052411964025,0.02049817502911786,0.9715490061797422,22.584759661025853,-24.08188946782909,0.0,0.07557484489687988,-0.03702635288366288,-0.1603711574728622,-4.539890070829928,0.8635877804960883,0.0,-0.009844901849055916,0.004820639640659996,0.00550559368138607,1.8956946480549992,1.899360941492603,1.8975378947271129,1.8964126445270666,0.5890254000366539,0.7219471154080495,0.0,0.03326730054650529,-0.20965913249125975,0.0
119.12750474187658,293.9004407352831,-99.56596202246625,1.5,0.09802369531515137,-0.21597598959239162,0.021798098157199127,0.9712211746008623,22.247749588563668,-24.01547640978043,0.0,0.07483957446168953,-0.036667361902467,-0.15995429083241386,-4.495862796739926,0.916859338408661,0.0,-0.009868805027582764,0.004792784639742974,0.0057398426121673,1.8932399131362385,1.896935236781888,1.8950444485869922,1.8939982830700297,0.5913742904398885,0.7063607663937366,0.0,0.029742452904385576,-0.20829896280339946,0.0
119.20209929713135,295.54753439709077,-101.35478634561032,1.5,0.10443722278625987,-0.214506987350932,0.023075172891982125,0.9708486778434245,21.914030000531966,-23.94513284231834,0.0,0.07410554986363344,-0.036310060531886804,-0.1595105279850667,-4.4516702500672904,0.968972776655653,0.0,-0.009852948685044887,0.004766620465621676,0.006109275919391548,1.8908108187772366,1.8945664410719936,1.892582280234805,1.891646323748992,0.5934543029851131,0.6909080141626233,0.0,0.026179958428347853,-0.20649789630574109,0.0
119.27669385238613,297.1698574854146,-103.13821950008204,1.5,0.1108234579945595,-0.21304371312386478,0.024329625167609406,0.9704321752681783,21.58361248386084,-23.870944787827415,0.0,0.07337023455636689,-0.03595596034890092,-0.15905036111473347,-4.407332111757267,1.0199374983132834,0.0,-0.009848749877826968,0.0047301179969074,0.006259553362502566,1.8884518112569226,1.8922155886009784,1.8901870143725663,1.8893122616573523,0.5952791765419506,0.6755615042339175,0.0,0.02275618887616198,-0.20481494022559016,0.0
119.35128840764091,298.767656704261,-104.91597789618818,1.5,0.1171816351723412,-0.21158634540401822,0.025561581147162785,0.9699723132059827,21.25650719110907,-23.792997614078164,0.0,0.07263545881724918,-0.03560451616479163,-0.1585695345937239,-4.362867353962662,1.069762409906567,0.0,-0.009854216676660263,0.004692788642522726,0.006640607042144378,1.8861093006925223,1.8899342677873054,1.8878066588203957,1.8870465872835196,0.5968500756457373,0.6603442204274123,0.0,0.01935999966708375,-0.20320390837902344,0.0
119.42588296289568,300.34117946225433,-106.68778428658487,1.5,0.1235106423741913,-0.210135052960971,0.02677125257453535,0.9694697936361891,20.93272286417279,-23.71137599739842,0.0,0.07190057611998422,-0.03525616206516062,-0.15806502979214154,-4.318294752958125,1.1184567779454835,0.0,-0.009858934400154146,0.0046425844841092015,0.006819582831014404,1.8838325164340837,1.887670075917582,1.8854901703287283,1.8848001106133856,0.5981733141049826,0.6452507640139847,0.0,0.016153376681764375,-0.2015915640907395,0.0
119.50047751815046,301.8906737684753,-108.45336771450562,1.5,0.12980968038479057,-0.20868999748530706,0.02795879312380534,0.9689253003792611,20.612266867138228,-23.626163917973457,0.0,0.07116642437437153,-0.0349106283280011,-0.15754588131463568,-4.273632541278407,1.1660301884066948,0.0,-0.009846615229468204,0.004605755760337917,0.00713726191958127,1.881578198427486,1.885462224096838,1.8832004630686043,1.882610558285208,0.5992514429401881,0.6302928053918593,0.0,0.012884383821486945,-0.19972880590525696,0.0
119.57507207340524,303.4163881306559,-110.2124634603902,1.5,0.1360777874535078,-0.20725132819798184,0.0291243874901339,0.9683395544824424,20.295145209764456,-23.537444624385575,0.0,0.07043158062317526,-0.03456909820495681,-0.15700025441536664,-4.228898607637318,1.2124922510741505,0.0,-0.00983424104234932,0.004566958381536889,0.007453625781471355,1.8793640329033785,1.8832937715293518,1.8809504765534004,1.8804608729034862,0.60009706726162,0.6154540717953597,0.0,0.009677513955213029,-0.19784000444797142,0.0
119.64966662866001,304.91857145607105,-111.96481298842654,1.5,0.14231401083546266,-0.2058191803191644,0.030268230535377683,0.9677132951204754,19.981362598698386,-23.445300659376077,0.0,0.06969751411860922,-0.034230967910202456,-0.15644002411895355,-4.184110316934776,1.2578529204444844,0.0,-0.009866919880145611,0.004495870813149797,0.007618805085123708,1.8772117033579045,1.8811476863356436,1.8787514319332668,1.8783318205332729,0.6007105948790783,0.6007536684734064,0.0,0.006750356373001792,-0.19651092024941125,0.0
119.72426118391479,306.3974729543169,-113.71016389217677,1.5,0.14851759239097354,-0.20439368407194825,0.03139044271276378,0.9670472515695301,19.670922444677505,-23.349813829515316,0.0,0.06896415021700608,-0.0338964296711306,-0.15585621931724403,-4.139284700299528,1.302121546710252,0.0,-0.009813981695596299,0.004464769020193475,0.008016073806875492,1.8750618531833432,1.8790631963363993,1.8765725512429532,1.876270934462297,0.6010975984091156,0.5861918572089824,0.0,0.0036777434906400883,-0.19412792031845577,0.0
119.79885573916957,307.8533420428258,-115.44826984003465,1.5,0.15468747736974217,-0.2029749609615266,0.0324912797809166,0.9663422097299955,19.363826906009113,-23.251065178866707,0.0,0.06823069133809415,-0.033566479908898855,-0.15525251465025186,-4.094438447028374,1.345309119645466,0.0,-0.009827347780583851,0.004400493896561903,0.008157621642411145,1.8729858500030614,1.87698877639358,1.8744534378147575,1.8742155675668861,0.601269679428687,0.5717588427593178,0.0,0.0008114442849350169,-0.19252829852717934,0.0
119.87345029442434,309.28642825429233,-117.17889051701346,1.5,0.16082297774930562,-0.20156313124594036,0.03357084995338193,0.9655989187978545,19.060076920582098,-23.149134999109748,0.0,0.06749743086111003,-0.03323942516240663,-0.15463219707613687,-4.049587961705144,1.3874252282755566,0.0,-0.009813109494981202,0.004328977517205295,0.008509489604177314,1.8709206168836405,1.8749726088571816,1.8723479867893236,1.8722234515561686,0.6012123592119196,0.5574652094259235,0.0,-0.0018369585761405,-0.1906533989334098,0.0
119.94804484967912,310.6969811454597,-118.90179156958207,1.5,0.16692312271184193,-0.2001582729330506,0.03462936771758215,0.9648181920818379,18.759672210613573,-23.044102822574587,0.0,0.06676541430911825,-0.0329179298309484,-0.1539862945983915,-4.004748586029926,1.4284803974600664,0.0,-0.009832111629319533,0.004295334422593923,0.00873657073588677,1.868905116343597,1.872982647202227,1.8702928970652204,1.8702476296231494,0.6009610512854869,0.5433123833545979,0.0,-0.004819789395254366,-0.188798156705582,0.0
120.02263940493388,312.0852502104519,-120.61674454792744,1.5,0.17298712564626992,-0.19876049598086296,0.0356669863200244,0.9640008224503391,18.46261136401814,-22.936047409719453,0.0,0.06603437545143759,-0.03260048175767244,-0.15332713832048253,-3.959936162422954,1.4684848962010815,0.0,-0.009774228609713513,0.004222127746149527,0.008994962156634327,1.8669181783708968,1.8710229095907802,1.8682717645315208,1.8683185543070038,0.6005042901060302,0.5293068628763563,0.0,-0.007364182557493432,-0.18661349518104736,0.0
120.09723396018866,313.4514847947201,-122.3235268475385,1.5,0.17901420961338543,-0.1973698732814236,0.03668389836649009,0.9631476197748748,18.168891826874454,-22.82504670774739,0.0,0.06530196249781858,-0.032287398779228316,-0.15264406237092537,-3.9151653584432675,1.507449767497016,0.0,-0.009791903925126941,0.0041631823394662005,0.009322885442964095,1.8649616571234462,1.8691115370931146,1.8662723099428573,1.8664253001776305,0.599837487387451,0.515422748573131,0.0,-0.010141472942096328,-0.18496252594618157,0.0
120.17182851544344,314.79593401159235,-124.02192164995111,1.5,0.18500346584750546,-0.1959864872326726,0.03768026963561396,0.9622594305730632,17.8785099210594,-22.71117791937972,0.0,0.06457263483496742,-0.03197920286922593,-0.1519436954059271,-3.870451182856305,1.5453850903872213,0.0,-0.009802599727694275,0.00408213340454473,0.009460011630401872,1.8630614504417806,1.8672093730588173,1.864327168284404,1.8645454048813959,0.5989873214518558,0.5017043764222202,0.0,-0.012607414786494011,-0.18332480568356946,0.0
120.24642307069821,316.1188466598101,-125.71171786517081,1.5,0.19095427275427837,-0.1946103896792753,0.038656235055927246,0.9613370675455442,17.591460908169864,-22.594517426485886,0.0,0.06384292971283563,-0.03167633367867634,-0.15122473475516665,-3.8258074305039966,1.5823013935574999,0.0,-0.009744506753923111,0.004052506252308025,0.009831736191386843,1.8611581357304925,1.8653654797432573,1.8623959791512703,1.8627263595345274,0.5979487488973678,0.4881160017227298,0.0,-0.015310191443844982,-0.18076301461160119,0.0
120.32101762595299,317.4204711458996,-127.39271007211666,1.5,0.19686570814186397,-0.19324165466494045,0.03961203264559589,0.9603814048230227,17.307739002584572,-22.47514081981256,0.0,0.06311448736729115,-0.031378420481652854,-0.15048374702385095,-3.7812483502038123,1.6182103155207495,0.0,-0.00976588953713289,0.003932966377537439,0.009989502842931661,1.8593232356418359,1.8635278892264975,1.8605092974791497,1.860915183668146,0.5967274133334453,0.4746764065599787,0.0,-0.01731891660035861,-0.179388044547307,0.0
120.39561218120777,318.70105540636143,-129.0646984568113,1.5,0.202737145630715,-0.19188032240032793,0.040547781414451166,0.9593932817564559,17.02733740237127,-22.353122868906517,0.0,0.06238737984690598,-0.03108415134951519,-0.14972915985404142,-3.736787181891858,1.653122099018867,0.0,-0.00974477879536089,0.003892422397288768,0.010276064597540727,1.8574958014318694,1.8617387191917116,1.8586474036587064,1.8591472849438806,0.5953134864262346,0.46139289645977827,0.0,-0.019959256767578416,-0.17721713424362281,0.0
120.47020673646254,319.9608468322674,-130.72748875264858,1.5,0.20856782182983502,-0.1905264352885728,0.04146366217259893,0.9583735732336447,16.75024828566957,-22.22853752345972,0.0,0.06166070466288643,-0.030797767274453013,-0.14895075482262507,-3.692437046415276,1.6870477854614487,0.0,-0.0097241162825328,0.0038505126551403868,0.010558439432181783,1.8556991848276152,1.8599791640020626,1.8568161526983218,1.8574092994156488,0.5937511632548441,0.4482375738927785,0.0,-0.02254242465624528,-0.17504511648481025,0.0
120.54480129171732,321.2000921970999,-132.3808921798658,1.5,0.2143569919061633,-0.18918002848126428,0.04235985232373176,0.9573231636996364,16.476462918789068,-22.101457946778815,0.0,0.060935759310805165,-0.03051528381876652,-0.1481589591087713,-3.648210705206877,1.7199984328428544,0.0,-0.009708212910454992,0.0037205927031913177,0.010723894314116229,1.8539520511324041,1.85822974451237,1.8550214329221755,1.8556932292256458,0.5920075564266636,0.43524206351198175,0.0,-0.02415703202475967,-0.1733523282452308,0.0
120.6193958469721,322.41903758654473,-134.02472538500348,1.5,0.22010408107723028,-0.18784111223023423,0.04323649159308901,0.9562429167549308,16.20597161177917,-21.971956463907823,0.0,0.060211880951794305,-0.030238162096692087,-0.14734661885163597,-3.604120030303749,1.7519848703208991,0.0,-0.009697390259054627,0.0036920094032016487,0.011048735482060208,1.8522084286226121,1.8565349584748474,1.853243933776453,1.854016820300552,0.5900987282258592,0.4223933120251126,0.0,-0.02681929795891086,-0.1711998644474775,0.0
120.69399040222687,323.617928330148,-135.658810379048,1.5,0.22580828698484215,-0.18650973311173216,0.04409377305426874,0.9551337477868742,15.93876376324713,-21.84010457524042,0.0,0.059489497805176726,-0.029967365651078538,-0.14651654363218228,-3.560177724333264,1.7830184075483622,0.0,-0.009675395305401171,0.00359616529881052,0.01118561405149504,1.8505184677859399,1.854840994113205,1.8515123318837252,1.8523523966571496,0.588039870496077,0.40969089268066566,0.0,-0.028681888236056306,-0.1692766536651584,0.0
120.76858495748165,324.79700893312355,-137.28297447553624,1.5,0.2314691083297326,-0.18518588838248834,0.04493182889626519,0.9539965248286095,15.674827897305748,-21.70597295543354,0.0,0.05876839364057227,-0.029701894039481844,-0.14567191517189415,-3.5163949060012984,1.8131099781352307,0.0,-0.009653057659909385,0.003517852211511455,0.011484142408540975,1.8488358494796873,1.8531942303385445,1.8497907874004436,1.8507327799609123,0.5858232650973451,0.397137626152717,0.0,-0.03067716408852272,-0.1672634317827725,0.0
120.84317951273643,325.9565230131287,-138.89705022932924,1.5,0.23708582896915992,-0.1838695818025313,0.04575083999401102,0.9528321715966621,15.414151689703663,-21.569631453782318,0.0,0.058048980654524046,-0.02944260955017505,-0.14480572407871448,-3.472782853649929,1.8422707672700471,0.0,-0.009632731084559752,0.0034643034197311463,0.011688222225188739,1.8471891154702818,1.8515650871362266,1.8481084752584425,1.8491270676964304,0.5834606320809625,0.3847345082389398,0.0,-0.032653744247336844,-0.16527597935760516,0.0
120.9177740679912,327.09671323779395,-140.50087537459936,1.5,0.24265788723728976,-0.18256081214515418,0.046550954356733606,0.9516415860390476,15.156721999079071,-21.431149089353433,0.0,0.05733125833468987,-0.029188229342513475,-0.14392817953873108,-3.4293524071124244,1.8705118448375486,0.0,-0.009608825728589093,0.003378712865757116,0.011889645370568531,1.8455705537342573,1.849959090356231,1.8464505452233435,1.8475495372339392,0.5809499005917222,0.3724835983306219,0.0,-0.03470659131306599,-0.16315035601857616,0.0
120.99236862324597,328.2178212639936,-142.0942927627127,1.5,0.24818474458700943,-0.18125958665301112,0.047332327216907145,0.9504256654788381,14.902524865373822,-21.290594037390786,0.0,0.05661508507543581,-0.028941377214778574,-0.14303009329777852,-3.386114330400639,1.897844573187759,0.0,-0.00958697533044898,0.003280624245681141,0.01216963106100314,1.843969183797445,1.8483866927131618,1.8448079252515859,1.8460071691332547,0.5783128314168644,0.36037357707607903,0.0,-0.036368114204222986,-0.16125944842290846,0.0
121.06696317850074,329.3200876788838,-143.6771502998363,1.5,0.25366575756016096,-0.1799658786708414,0.04809512796076018,0.9491853478757981,14.651545581240903,-21.148033656334004,0.0,0.055901015875124915,-0.028698826220727662,-0.14211828864159298,-3.3430785991267427,1.9242800151418464,0.0,-0.009571332094085727,0.0031667276166245507,0.01228954090705814,1.842412373547216,1.846819794347794,1.8432069607934514,1.8444716357961313,0.5755260570936955,0.3484255027925603,0.0,-0.037857582625082514,-0.15952553160114463,0.0
121.14155773375552,330.4037519442058,-145.24930088526835,1.5,0.259100525483829,-0.17867964972694125,0.04883946819240139,0.9479215193327688,14.40376868575386,-21.003534465983726,0.0,0.055188542530458594,-0.02846388288858937,-0.14119099082838912,-3.3002545450750986,1.9498288312914729,0.0,-0.009523245941490654,0.0031625382651749236,0.01258166002240982,1.8408494583255037,1.8453021416670883,1.841620241649725,1.842974478318484,0.572623128095247,0.3366155761480735,0.0,-0.04021476448276799,-0.15687053608036827,0.0
121.2161522890103,331.46905234242246,-146.81060235031683,1.5,0.2644884194387642,-0.17740092195592658,0.049565552775568594,0.9466351170593789,14.159178004970583,-20.857162159631716,0.0,0.05447830381277629,-0.028234480930318093,-0.14024598314885528,-3.2576526451931387,1.9745031747921196,0.0,-0.009507178077149306,0.0030149772449436134,0.012717680980882154,1.8393402432651749,1.843781985430309,1.840062614358056,1.841490571107177,0.5695905447598636,0.3249608048999939,0.0,-0.041281887976301626,-0.15535062859929863,0.0
121.29074684426507,332.5162259219544,-148.36091739394425,1.5,0.2698290466981832,-0.17612963367430848,0.05027349207876769,0.9453270406023038,13.91775665666223,-20.70898158023833,0.0,0.05377008705400384,-0.028010412682479523,-0.1392901413636622,-3.2152813456363165,1.9983135249294883,0.0,-0.00947916091814192,0.002950943221963788,0.01294125043591039,1.837836732820992,1.8422996970965153,1.8385244648301193,1.8400343853711718,0.566428878675148,0.31345985940583077,0.0,-0.04306090053072104,-0.15323933850375115,0.0
121.36534139951985,333.54550844711105,-149.90011352174028,1.5,0.27512191959615984,-0.17486575789352843,0.05096344357964567,0.9439982115939364,13.679487083577254,-20.55905674399696,0.0,0.0530641679643345,-0.027794236063554946,-0.13831541319077856,-3.173149627652407,2.0212711992914816,0.0,-0.009450083143837955,0.00288699198972403,0.01315945812044111,1.8363557300863662,1.8408387855365902,1.8370092201294432,1.8385997607348092,0.5631676179781556,0.30209922860396127,0.0,-0.04478878053186692,-0.1511253845396297,0.0
121.43993595477463,334.5571343494547,-151.42806298403895,1.5,0.2803665727339433,-0.17360925127596172,0.05163555559386205,0.9426495542688893,13.44435111567727,-20.407450852363684,0.0,0.05236054320626171,-0.02758341116577987,-0.13733033563531055,-3.13126593493957,2.0433872702790934,0.0,-0.009408150676476336,0.0027762554005325716,0.013292871805114329,1.8349082423538998,1.839385367228719,1.8355229776280702,1.837181024355614,0.5597859149382916,0.2908931379094859,0.0,-0.04593812660874901,-0.14920106018842533,0.0
121.5145305100294,335.55133668083005,-152.9446427141377,1.5,0.28556267387334344,-0.1723600707234897,0.05228996367016908,0.9412819582940453,13.212329940986299,-20.254226261077275,0.0,0.05165917888148222,-0.02737896397903899,-0.13632955352826506,-3.0896383131614633,2.0646729661484615,0.0,-0.009390502845630595,0.002701278679526418,0.013535141514578231,1.8334681354020923,1.8379696324300674,1.8340459845573418,1.8357914759207135,0.5562968926076043,0.27983408329646803,0.0,-0.04752814209644667,-0.14728280566330007,0.0
121.58912506528418,336.52834706789895,-154.44973426600623,1.5,0.2907097348006022,-0.17111817257579437,0.05292681824026875,0.9398963629131915,12.983404153571655,-20.099444504515773,0.0,0.05096058480083705,-0.027180817674183625,-0.13531526841929642,-3.0482748690699433,2.0851392597543894,0.0,-0.009349847622032344,0.0026127753571540333,0.013641315398155912,1.8320632204711915,1.836555924206893,1.8326058050832748,1.8344090930698016,0.5527061973625707,0.26892602045766534,0.0,-0.04880856946414765,-0.14526100953190074,0.0
121.66371962053896,337.4883956678995,-155.9432237529214,1.5,0.2958074913862386,-0.16988349703990713,0.05354624227345816,0.9384936469745889,12.757553774929116,-19.943166290022827,0.0,0.05026427667022691,-0.026989569565162623,-0.13429015880239265,-3.0071828418698323,2.1047971470576354,0.0,-0.009311351389516323,0.0025353740206000507,0.013861713772174633,1.8306640449234692,1.835176051809177,1.8311729431558008,1.8330586503187924,0.5490199807605458,0.25815963630215316,0.0,-0.050158686008624345,-0.14320553290583768,0.0
121.73831417579373,338.4317111277027,-157.42500178631224,1.5,0.30085553372451235,-0.16865599342083792,0.05414839086189168,0.9370747331337224,12.534758285533245,-19.785451510278076,0.0,0.049570937358022815,-0.026804089198194235,-0.13324918790318657,-2.9663696216799336,2.1236578156100303,0.0,-0.009283389425452154,0.0024398848409780275,0.014007981606749025,1.8292944815640113,1.8338062731939189,1.8297658963162013,1.8317193269663354,0.5452349171073813,0.24754659909175983,0.0,-0.05133665740350028,-0.14131992858832665,0.0
121.81290873104851,339.3585205432294,-158.89496341402125,1.5,0.30585356947612485,-0.16743559490011783,0.05473338896674441,0.9356405141566776,12.314996630491281,-19.626359226812554,0.0,0.04888028980889177,-0.026624998484025157,-0.13219997014855103,-2.9258419818595884,2.1417320555938355,0.0,-0.0092372179392948,0.002362719788596247,0.014155807304610081,1.8279405801799367,1.832455304944386,1.8283800185774148,1.8303987433381739,0.5413597515837746,0.2370799660263442,0.0,-0.052570547528740574,-0.13928519296986547,0.0
121.88750328630329,340.26904942114305,-160.35300805940378,1.5,0.3108013304862753,-0.16622224536945543,0.05530137045741046,0.9341918735130541,12.098247253220284,-19.465947686621956,0.0,0.048192307438911244,-0.026452845617174432,-0.13113617943571992,-2.8856066309117216,2.15903093547635,0.0,-0.009202012135485603,0.002270382315041008,0.014352603349549676,1.8266008006456602,1.8311277687602512,1.8270048485830812,1.8291021589375172,0.5374013912881009,0.22675368816850325,0.0,-0.05366736038545077,-0.13740977355097284,0.0
121.96209784155805,341.163521642099,-161.79903946044408,1.5,0.3156984826323095,-0.16501586758099102,0.05585247717019699,0.9327297209288995,11.884488122131554,-19.304274330890745,0.0,0.047507679754465335,-0.026286469428778218,-0.13006265255595628,-2.8456697530074537,2.1755652553950338,0.0,-0.009166418943418441,0.0021780673254709385,0.014437621311107582,1.8252912547703324,1.8298048777724178,1.8256602953788212,1.8278101899049437,0.533357513332307,0.21658007275259877,0.0,-0.054716962104530545,-0.13555318361139276,0.0
122.03669239681282,342.04215942599785,-163.23296560968305,1.5,0.3205448644420324,-0.16381639477828272,0.05638681559239596,0.9312549090925825,11.673696742701233,-19.141395789003376,0.0,0.04682581796713422,-0.02612686669601244,-0.12897846438197366,-2.8060373855007565,2.191345659157905,0.0,-0.009109408621820298,0.002106731594315647,0.014636831842745373,1.8239823788313165,1.8285121635015502,1.8243227302855731,1.8265484064658424,0.5292367136829861,0.20654587536090485,0.0,-0.05577086435843976,-0.13339542680897387,0.0
122.1112869520676,342.9051832983449,-164.65469869409765,1.5,0.3253401704934901,-0.16262375592788816,0.05690454315996327,0.9297683369737482,11.465850183429497,-18.97736788658727,0.0,0.046147204082511224,-0.02597335083996153,-0.12788227489610138,-2.7667153153224606,2.2063832647106594,0.0,-0.009078799278931427,0.002019374330849854,0.014727392612123375,1.8227054019883078,1.8272241990357332,1.8230113693103251,1.8252898303915772,0.525039312085073,0.1966582028266377,0.0,-0.05680942632229236,-0.1315882566720676,0.0
122.18588150732238,343.75281205832977,-166.06415503450398,1.5,0.3300842558377038,-0.1614378710277707,0.05740576647369696,0.9282708526188128,11.260925094728057,-18.812245641884196,0.0,0.04547199660623958,-0.025826553790131872,-0.12677877076431804,-2.7277088989253544,2.220688519439298,0.0,-0.009031561411153539,0.0019290935530677858,0.014876263341323715,1.8214365524320058,1.825957628996946,1.8217104395972818,1.8240553307283431,0.5207752165161459,0.18691220127734218,0.0,-0.05766706081942183,-0.12969035877317517,0.0
122.26047606257715,344.58526274886026,-167.46125502653692,1.5,0.33477692296443173,-0.1602586629228572,0.05789061551984744,0.9267633189997208,11.058897740645506,-18.64608328531037,0.0,0.044799771318636904,-0.02568551982758769,-0.12566306193193136,-2.6890233488899327,2.2342721233393745,0.0,-0.008984903866322247,0.0018402750525634791,0.015018616565446771,1.820183776376312,1.824706021639138,1.8204259984477777,1.8228354223690098,0.5164367128816747,0.17730936297394428,0.0,-0.05849743760695099,-0.12780980756144167,0.0
122.33507061783193,345.40275062789783,-168.84592308138022,1.5,0.33941799314534027,-0.15908603627294887,0.058359221362691255,0.9252465943055895,10.859744006062138,-18.478934252387656,0.0,0.04413124882414293,-0.025551075410530998,-0.12454060118511658,-2.650663270956806,2.2471446240130994,0.0,-0.00895732094798354,0.0017940304819128437,0.015093957881446754,1.8189519291495548,1.8234661349012296,1.8191661808193769,1.821618417166838,0.5120389281081216,0.16784790817868117,0.0,-0.05977945663727971,-0.1258024044501566,0.0
122.40966517308671,346.2054891410987,-170.21808756696274,1.5,0.34400738270788095,-0.15791994828426886,0.05881168870299357,0.9237214925767776,10.663439405943398,-18.31085119069176,0.0,0.043466444612995904,-0.025423384955879924,-0.12340816990159564,-2.612634110028007,2.259316678840883,0.0,-0.008878555664532807,0.0016517529818810242,0.015259547614622478,1.8177272965366265,1.8222409240793083,1.8179075755472676,1.8204368161344187,0.5075866203051986,0.15852470162829613,0.0,-0.059852405613818806,-0.12410566791687666,0.0
122.48425972834148,346.99368989498697,-171.57768074913528,1.5,0.3485449132512148,-0.15676026095867357,0.059248153869362837,0.922188874522971,10.46995914352561,-18.141885971584575,0.0,0.042804107259954934,-0.025300810944730974,-0.1222678718951451,-2.5749392060343195,2.270798413400667,0.0,-0.00884567012891198,0.0015944864974097722,0.015316707615515459,1.8165263751333647,1.8210266325683653,1.8166785246829982,1.8192475169167042,0.5030607572726821,0.14933989926685176,0.0,-0.06091578358115017,-0.1221821752342278,0.0
122.55885428359626,347.76756263485373,-172.92463873460204,1.5,0.3530305490057515,-0.1556069054406747,0.0596687405639149,0.9206495336703272,10.279278096302876,-17.97208969348148,0.0,0.04214791733476965,-0.025185583874478577,-0.12112016461433765,-2.5375828683364046,2.2816005961665047,0.0,-0.008825799164312451,0.0015228546763843367,0.015436665757353507,1.8153336473711865,1.819833269773911,1.8154542091145192,1.8180792016767344,0.4985083930883753,0.14030394304987887,0.0,-0.06190543809138291,-0.1204917240805843,0.0
122.63344883885104,348.5273152220059,-174.25890141181446,1.5,0.3574641826672922,-0.15445980898933448,0.060073541163518734,0.919104289604318,10.091370872622868,-17.801512666214336,0.0,0.041493010097997614,-0.025075658550841012,-0.11996403969756621,-2.5005695372699397,2.2917330601600154,0.0,-0.008722782935791427,0.0014261364027793673,0.015541116469524548,1.8141517555555076,1.8186438019092661,1.8142492231366079,1.8169299997687915,0.4938827551913173,0.1313929016381497,0.0,-0.062217878119396657,-0.11848657377347192,0.0
122.70804339410581,349.27315361074307,-175.5804123951088,1.5,0.36184577026622666,-0.1533188566267137,0.060462695595977965,0.9175539380245645,9.906211759647581,-17.630204465637995,0.0,0.04084265964653743,-0.024971666703688392,-0.11880298055466924,-2.4639021392333,2.301206286494663,0.0,-0.00870248275589831,0.0013638730164021648,0.015611619906727785,1.8129898648897562,1.817471636083341,1.813057793582694,1.8157813854229912,0.48921337902951967,0.12262278517154247,0.0,-0.06304293941745923,-0.11665104644124656,0.0
122.78263794936059,350.005281828911,-176.88911896755394,1.5,0.36617529692330064,-0.15218397861906185,0.06083630378030413,0.9159992536662659,9.723774798651949,-17.458213888064588,0.0,0.04019712374944076,-0.02487484442532949,-0.11763343929862945,-2.4275845433872822,2.310030344982831,0.0,-0.008636603858025968,0.0012695889417809806,0.01572543391299076,1.8118343127185086,1.816311520544269,1.8118749889656842,1.814655673715158,0.4845167412631354,0.11398659031900418,0.0,-0.06339844269412045,-0.11485829520877684,0.0
122.85723250461537,350.7239019592934,-178.18497202440224,1.5,0.3704527115147518,-0.15105505144722267,0.061194497909156854,0.9144410278357437,9.544033820167808,-17.285588985657995,0.0,0.03955486478381344,-0.024782984969467813,-0.11645898938376593,-2.3916192276245853,2.31821526502539,0.0,-0.008593064221537562,0.0011896919226682717,0.015766557970759466,1.8106996034327763,1.8151577479790342,1.8107122392418116,1.8135309676051434,0.47976685696906046,0.10548624711019065,0.0,-0.063989489428319,-0.11315503722939722,0.0
122.93182705987013,351.42921412378047,-179.46792601741697,1.5,0.37467806879558635,-0.149932006204536,0.06153736400900613,0.9128799981979646,9.366962406951261,-17.112377065247216,0.0,0.03891660833414671,-0.0246972768246864,-0.11527896931265108,-2.3560096569693925,2.3257708366005136,0.0,-0.00850836676068494,0.0011069976472996483,0.015876869659348904,1.8095657182320923,1.8140206182316256,1.8095560979031564,1.8124289839002545,0.4749814103930652,0.09711604932457554,0.0,-0.06421695805470087,-0.11119577650373244,0.0
123.0064216151249,352.12141646559064,-180.73793889992524,1.5,0.37885134859389474,-0.1488147274448651,0.06186504331424737,0.9113169311385717,9.19253394028753,-16.938624696895648,0.0,0.03828289657565747,-0.024617272080569085,-0.11409274274550121,-2.3207579842286528,2.3327072063113654,0.0,-0.008462774820898352,0.0010493167177898005,0.015919159123323628,1.8084518243483194,1.8128915725416725,1.8084183067314266,1.8113258627488473,0.47016384047632304,0.08888118459822363,0.0,-0.06488732091622973,-0.10936078548648316,0.0
123.08101617037968,352.8007051358365,-181.99497207105773,1.5,0.3829726236213147,-0.1477031264590606,0.062177626396924646,0.9097525480956182,9.020721619663558,-16.764377706865687,0.0,0.037653035533439495,-0.024544029116791773,-0.11290322092049808,-2.2858668602989356,2.3390339085183656,0.0,-0.008411611881127276,0.0009546686984897482,0.01598743973116916,1.8073479258555714,1.811773548822028,1.8072864508049329,1.810239646175948,0.465320164164303,0.08076600389739279,0.0,-0.06518748825347552,-0.10781185879732431,0.0
123.15561072563446,353.46727427994233,-183.23899032247624,1.5,0.3870419455182053,-0.14659710534638357,0.062475228197248864,0.9081875725725637,8.851498477573186,-16.589681225193164,0.0,0.03702793580470203,-0.024474752858272154,-0.11170774801405438,-2.2513384594576,2.3447607033322613,0.0,-0.008361314728769215,0.0008634310986877804,0.016049668176963374,1.8062550041707106,1.8106658435383598,1.8061662542393848,1.8091629540303447,0.4604387238153405,0.0727965738564333,0.0,-0.06548185786762445,-0.10627335959868833,0.0
123.23020528088924,354.12131602559367,-184.46996178410492,1.5,0.39105938050074057,-0.14549655613438567,0.06275796335692871,0.9066227170718264,8.68483738342537,-16.41457962749218,0.0,0.03640712591107368,-0.02441244846888689,-0.11050945884139918,-2.2171745552874325,2.349897176457113,0.0,-0.00829596195914902,0.0008002109703026471,0.01608526811794791,1.8051721920397967,1.809566328948063,1.8050626452559537,1.8080924782482886,0.45554178064513545,0.06494364363462062,0.0,-0.06584429485638178,-0.1044295755257899,0.0
123.30479983614401,354.7630204712402,-185.68785787024092,1.5,0.3950250477138985,-0.14440138615482273,0.06302592882115397,0.9050586630994859,8.520711070294043,-16.23911660174915,0.0,0.03579081773958539,-0.024355349482205725,-0.10930699175927405,-2.183377056514096,2.3544527300084166,0.0,-0.008229653096957607,0.0007285899132099148,0.016151738963002697,1.8040961241804225,1.8084797534677954,1.8039650737360602,1.807036093200853,0.45062043105577093,0.057220161796050766,0.0,-0.06609341404598901,-0.10268150007334395,0.0
123.37939439139879,355.39257567714407,-186.89265322767827,1.5,0.39893902889070276,-0.14331149372042984,0.06327923968561355,0.9034961011648988,8.359092152311284,-16.06333512527377,0.0,0.035178595249387386,-0.02430390366352205,-0.10810141238518196,-2.1499474890775736,2.35843682574711,0.0,-0.008172607867376712,0.000654912343054269,0.016171869087990693,1.8030356678405266,1.807398061251211,1.8028818645666012,1.805983410735,0.4456776828144243,0.049617318676962785,0.0,-0.06635993850405723,-0.10104838645004152,0.0
123.45398894665357,356.01016765654936,-188.08432568328362,1.5,0.40280147335432737,-0.14222677798448236,0.0635180096053636,0.9019356845937014,8.199953136733313,-15.887277483586926,0.0,0.03457216379869184,-0.024257139838582756,-0.10689315289758032,-2.116887067196286,2.361858950387923,0.0,-0.008124323605920303,0.0005721166849924452,0.016214324058718935,1.8019830572830484,1.8063283604149762,1.8018043350297805,1.8049425660788105,0.440722280526368,0.04215229784199368,0.0,-0.06658991259087403,-0.09958309306014275,0.0
123.52858350190834,356.6159803685069,-189.2628561912701,1.5,0.4066125106184831,-0.1411471339124262,0.06374232380627429,0.9003780700087146,8.043266441865512,-15.710985252175364,0.0,0.03396854965959434,-0.02421598368643744,-0.10568227113207351,-2.0841970418099467,2.3647278400900045,0.0,-0.007965865553510887,0.00046217632586680274,0.016271697134860628,1.8009317209274143,1.805259774336943,1.8007401493522441,1.803922110004971,0.43574969998343355,0.03479518238262586,0.0,-0.06672474004942332,-0.09774364214355825,0.0
123.60317805716312,357.2101957114759,-190.42822878329216,1.5,0.4103722969879778,-0.14007246135383006,0.06395230992239127,0.8988238901423801,7.889004407556775,-15.534499351746689,0.0,0.033370843898498974,-0.024180969750740876,-0.10446976424520568,-2.05187819409027,2.3670530319110674,0.0,-0.008004933834112249,0.00043686992468843026,0.016261039364097174,1.799904782872675,1.8042121425376938,1.7996847822239799,1.802882517650094,0.4307639031694091,0.027559043392526985,0.0,-0.06699093581338554,-0.09634274394897734,0.0
123.6777726124179,357.79299351808237,-191.58043051764784,1.5,0.4140810128480228,-0.13900266077055481,0.06414804649008864,0.8972737615850399,7.7371393010897105,-15.357860029532636,0.0,0.032779034348114695,-0.024150141181699402,-0.10325463770372247,-2.019931491951642,2.3688430661611934,0.0,-0.007917296737481374,0.0003735506017722121,0.016297241202794265,1.79887446951919,1.8031668522964774,1.7986389259229616,1.801868346777745,0.42577995454360873,0.020458290279546,0.0,-0.06694617795183064,-0.09454867262410187,0.0
123.75236716767267,358.36455155069916,-192.71945142949784,1.5,0.4177388256852088,-0.13793762781150287,0.06432966649474703,0.8957282949408,7.587643360337223,-15.181106837244258,0.0,0.03219031805118292,-0.024124748132800484,-0.10203899583439192,-1.9883572492368329,2.370107322346948,0.0,-0.007848501620299328,0.00030677803730064473,0.0163037282236309,1.7978572171142262,1.8021275230662779,1.7976033105152542,1.8008578022048911,0.42077869268471285,0.013461078019100365,0.0,-0.06698985452214787,-0.09294407089143124,0.0
123.82696172292745,358.9250454994206,-193.84528447999998,1.5,0.42134594828324556,-0.13687725880061521,0.06449725783966481,0.894188073964133,7.440488780108384,-15.004278687192224,0.0,0.031607157891494785,-0.02410423395979879,-0.10082220621826925,-1.9571558887342848,2.3708543068261783,0.0,-0.007789655586713796,0.00024509194542635067,0.016319311418978043,1.7968470426704461,1.8010983667640958,1.7965744362898242,1.7998551020818692,0.41577806772457465,0.006585930121203317,0.0,-0.0671133668303588,-0.0913973448358689,0.0
123.90155627818221,359.474648979313,-194.95792550867193,1.5,0.42490258019152843,-0.13582145477584354,0.06465092561315845,0.8926536772940091,7.2956477357803315,-14.827413837165615,0.0,0.03102888662834131,-0.024088561386055966,-0.09960458160162955,-1.9263276687191009,2.3710927453705786,0.0,-0.007725500611570336,0.00018197781658862235,0.016320007058478,1.7958458616376174,1.8000748322310953,1.795555442637097,1.7988587829936988,0.41077516042350376,-0.00017378492181106752,0.0,-0.06715273857418287,-0.08986048282964966,0.0
123.97615083343699,360.01353352924554,-196.05737318477247,1.5,0.4284089483480609,-0.13477011134625128,0.06479077467309081,0.8911256620591107,7.153092390117862,-14.650549900811146,0.0,0.030456091669806486,-0.024077917473334657,-0.09838681900833524,-1.8958725250164052,2.370831241264397,0.0,-0.007649263805493295,0.0001136002240667239,0.016325599005322104,1.7948509420335963,1.799058219435373,1.7945440243301065,1.7978716387769536,0.40577843623666626,-0.0068183738560224,0.0,-0.06702131589330934,-0.08832354509846874,0.0
124.05074538869177,360.54186861238117,-197.1436289594623,1.5,0.4318652862189895,-0.13372312649803303,0.0649169074997017,0.8896045723349542,7.012794927520226,-14.473723853414164,0.0,0.029887712759675895,-0.024071594844262488,-0.09716908979541129,-1.8657902958214783,2.3700782642036113,0.0,-0.007572494326677,4.62434163053195e-05,0.01632667933889783,1.7938635309210638,1.7980484764666254,1.7935406554848174,1.796891100403376,0.4007771123556342,-0.013351242236549564,0.0,-0.06685948062068292,-0.08680919325420326,0.0
124.12533994394654,361.0598216166655,-198.2166970187275,1.5,0.4352718376622144,-0.13268040332560072,0.06502941865965434,0.8880909371344256,6.874727526058088,-14.296972047610721,0.0,0.029324922920836115,-0.024069999849913086,-0.09595170107308051,-1.836080812890436,2.3688420827946084,0.0,-0.007488818736289533,-5.685345515182046e-07,0.01632241684021263,1.792881669034405,1.7970462282617425,1.7925470585250374,1.7959159224547345,0.39578578066932607,-0.019770816212492662,0.0,-0.06674882078540925,-0.08511172149332914,0.0
124.19993449920132,361.5675578566195,-199.27658423688987,1.5,0.43862885721975514,-0.1316418341012886,0.06512843601316266,0.8865852694191461,6.738862418463111,-14.120330202566478,0.0,0.02876684017276236,-0.024073019329057886,-0.09473515423052747,-1.8067432468423636,2.3671313779007215,0.0,-0.007459353323145794,-7.42873481160809e-05,0.01629897779493526,1.7919144372271627,1.7960506398475247,1.791556945473573,1.794943347989349,0.390798920809528,-0.026084249215380235,0.0,-0.06687139658942946,-0.08402078080489883,0.0
124.2745290544561,362.06524057668247,-200.3233001297171,1.5,0.4419366156259121,-0.1306073189851819,0.06521402699714134,0.885088067188477,6.605171867429724,-13.94383343764697,0.0,0.028214688733411302,-0.024080592744813868,-0.09351937070698754,-1.7777772578293638,2.364953682622397,0.0,-0.007370917813094087,-0.00012862804749969053,0.016290258486822903,1.790946431241014,1.7950606881179463,1.790577473664139,1.7939817976272932,0.38582841807340973,-0.03228593967264093,0.0,-0.06660605910941947,-0.08242555803786206,0.0
124.34912360971087,362.55303095409283,-201.35685681063333,1.5,0.4451953833324004,-0.1295767667273541,0.0652863171675799,0.8835998126837149,6.473628192789914,-13.767516265848284,0.0,0.027667298310922333,-0.024091602735086197,-0.09230503216493166,-1.7491820261791833,2.362317579070532,0.0,-0.007296662815078615,-0.00019770742240930725,0.016269310587123297,1.7899881937439537,1.7940758562053836,1.7896039854059949,1.7930252355232517,0.380859882367002,-0.038376090761255525,0.0,-0.06633081253749384,-0.08108090945161463,0.0
124.42371816496565,363.0310881033216,-202.37726894432828,1.5,0.44840545025275014,-0.12855006115468273,0.06534540018455412,0.8821209739233482,6.34420377160275,-13.591412590404842,0.0,0.02712580081293376,-0.024107925955283674,-0.09109228785411198,-1.7209563578799543,2.3592307106199946,0.0,-0.007259645663188218,-0.00022010663180657076,0.016236193187374272,1.7890367894796175,1.7931019207915262,1.7886390058657133,1.7920675021787613,0.37591368000732944,-0.044366888013213056,0.0,-0.0662470271393021,-0.0795769765103699,0.0
124.49831272022043,363.49956908195304,-203.38455370328424,1.5,0.45156710759359725,-0.12752711727951926,0.06539138135477392,0.8806520021793188,6.216871072323793,-13.41555573880294,0.0,0.026589081688292743,-0.024128094070452518,-0.08988135092307864,-1.6930994029533666,2.3557011310811844,0.0,-0.007153424332820088,-0.00030860492309656265,0.016220123392317477,1.788089160127481,1.7921265998065177,1.78767854308053,1.7911273141979627,0.37098294313476243,-0.050253524435801826,0.0,-0.06591282499832123,-0.0782917223065921,0.0
124.5729072754752,363.95862889668757,-204.3787307240283,1.5,0.45468065764709975,-0.12650782120495283,0.06542435982110059,0.8791933370297889,6.091602650261837,-13.239978458155983,0.0,0.026057927769252445,-0.02415136484296072,-0.08867286361296663,-1.6656096693834352,2.3517363778332507,0.0,-0.007081299288381135,-0.0003482726625058095,0.01618410443254845,1.7871485755169614,1.7911608882357002,1.7867275117859693,1.7901847857284217,0.36606232983275305,-0.05602874409090746,0.0,-0.0657533875394233,-0.07680588149239352,0.0
124.64750183072998,364.40842051037276,-205.3598220642379,1.5,0.4577464157519846,-0.12549208729371508,0.06544444387194796,0.8777453956923781,5.968371145516479,-13.064712908160157,0.0,0.025532550788100655,-0.024179599493303786,-0.08746652320252973,-1.6384859444697166,2.347344346022438,0.0,-0.007030863755840334,-0.00039707761452323554,0.01615047442693436,1.7862155333241374,1.7902022389463683,1.7857799849025622,1.78924734440047,0.36117043478843175,-0.0617095033876547,0.0,-0.06569250059400061,-0.07556156056772192,0.0
124.72209638598476,364.8490948492988,-206.32785215924338,1.5,0.4607646931554073,-0.12447982269651457,0.06545171480713909,0.8763085896598598,5.847149313813058,-12.889790691551225,0.0,0.025011929526758302,-0.024211186244879404,-0.0862631695684759,-1.611727011868004,2.3425322246535156,0.0,-0.006909184617681488,-0.00045079847628092456,0.016117387344325718,1.7852832430686758,1.7892440195108068,1.7848428794355877,1.788320897152392,0.3562908562765851,-0.0672902361003165,0.0,-0.06496865877597957,-0.07397375438290313,0.0
124.79669094123953,365.28080081106594,-207.28284778155438,1.5,0.46373582264227015,-0.12347090872687465,0.06544630784634026,0.8748833078106696,5.72791002441902,-12.715242855867702,0.0,0.024497205723190196,-0.024246525271215284,-0.0850629632861706,-1.5853305088203535,2.337307841324765,0.0,-0.006884240317188452,-0.0004895136631542171,0.016069116521049403,1.7843638413414777,1.788297565830711,1.7839074084707731,1.7873901992989627,0.3514376651619999,-0.07277022469226643,0.0,-0.0651364782851768,-0.07285314900749684,0.0
124.8712854964943,365.7036852750257,-208.22483799833967,1.5,0.4666601289690523,-0.1224652640953254,0.06542830392736433,0.8734699308882008,5.6106262792535,-12.541099890188582,0.0,0.02398910187420058,-0.024285921402445964,-0.0838651833225093,-1.559295157290414,2.3316782704634362,0.0,-0.0067871408830502055,-0.0005462036649209036,0.01602598773072324,1.7834452476482878,1.7873508262620157,1.7829807137252152,1.7864717448333753,0.34662081995749117,-0.07815058625599419,0.0,-0.0645445272156765,-0.0715049015610007,0.0
124.94588005174907,366.1178931120705,-209.15385413106023,1.5,0.469537954901279,-0.12146279025327628,0.06539781125721933,0.8720688194023327,5.4952712368285,-12.367391741962317,0.0,0.02348464055050088,-0.024327965680794702,-0.08267214015200738,-1.5336189464483263,2.3256508163321765,0.0,-0.006689650833556604,-0.0006003285745362606,0.015979521248685204,1.7825319636363037,1.7864092193504135,1.782060011024127,1.7855579189632727,0.3418087139982926,-0.08343823998847018,0.0,-0.06393794681892068,-0.07016618368837672,0.0
125.02047460700385,366.52356719475085,-210.06992971538386,1.5,0.4723696485338129,-0.12046338597865494,0.06535493262781313,0.8706803205332102,5.381818162648762,-12.194147832285628,0.0,0.022986865388468825,-0.024373974138609988,-0.08148188551724792,-1.508299737705379,2.319232537955826,0.0,-0.006664978707348074,-0.0006226648933982563,0.015923367905086572,1.7816276979600947,1.7854791472667753,1.7811428216744183,1.7846406190931787,0.33703683753308,-0.08862997840018444,0.0,-0.06412926094810381,-0.06898889202381181,0.0
125.09506916225862,366.9208484081784,-210.97310046149835,1.5,0.47515554925759634,-0.11946698052700634,0.06529976051634008,0.869304771555972,5.270240492637237,-12.021397046716057,0.0,0.02249500212284904,-0.024423390178871282,-0.0802959675438107,-1.4833359536588355,2.312430489613905,0.0,-0.006540852467558597,-0.0006918657008409881,0.015868480033744022,1.7807244837928171,1.7845440395884176,1.7802344078163004,1.7837387658824444,0.33229723720684357,-0.09372774194298036,0.0,-0.06315894543754247,-0.06770552908924785,0.0
125.1696637175134,367.30987566146445,-211.86340421513728,1.5,0.4778960280578697,-0.11847344479758747,0.06523241993993138,0.8679424869385559,5.160511836997204,-11.849167753992294,0.0,0.022008253517889945,-0.024475610986687008,-0.07911441187108453,-1.4587244568023097,2.3052516295802605,0.0,-0.006484484288195484,-0.0007235851828273572,0.015821011843839307,1.7798273629330836,1.7836222738959449,1.779328071176426,1.7828351656799697,0.32758146881437794,-0.0987329387665704,0.0,-0.0629681848079254,-0.06649503260715256,0.0
125.24425827276818,367.6907859022051,-212.7408809188307,1.5,0.4805914271827975,-0.11748270862875737,0.06515299706751643,0.8665937804212378,5.052605973337022,-11.677487808904468,0.0,0.021527121424483993,-0.024531298745913668,-0.07793689336752595,-1.4344635137386994,2.2977026609419133,0.0,-0.006403408250387673,-0.0007615021385152325,0.01574889387418546,1.7789365048430867,1.7827004429684141,1.7784308866956564,1.781935668819971,0.32289938247334976,-0.10365103354855179,0.0,-0.06250298570333121,-0.0652351530334634,0.0
125.31885282802295,368.0637141279335,-213.60557257445282,1.5,0.4832421264900592,-0.11649467576595397,0.06506160472718557,0.8652589354025039,4.946496851797074,-11.506384568200735,0.0,0.02105211126648222,-0.02458989719117922,-0.07676474684236693,-1.410550460089961,2.289790435439987,0.0,-0.006342073932576793,-0.0007890199818795855,0.015684651658160652,1.7780500425558916,1.7817865386738199,1.777537051196408,1.781039625074571,0.3182528410138837,-0.10847576318457323,0.0,-0.06206731062669944,-0.06410553351597217,0.0
125.39344738327773,368.4287934001141,-214.4575232054688,1.5,0.48584848938717906,-0.11550925961408326,0.06495833881613815,0.8639382330478553,4.8421586079822445,-11.335884883115305,0.0,0.020583297322863167,-0.02465151026338655,-0.07559629163725796,-1.386982908223925,2.281521450862035,0.0,-0.006227952236289598,-0.0008541784767903618,0.01563228709653375,1.7771657140143644,1.7808724203968525,1.7766477516494055,1.7801559470037969,0.31364812588113195,-0.11321290577962359,0.0,-0.061291845463158905,-0.06289375294651667,0.0
125.46804193853251,368.7861548587349,-215.29677882022776,1.5,0.48841088090188256,-0.11452635022523218,0.06484332150139696,0.8626319436337847,4.739565603146216,-11.166015117416562,0.0,0.02011829005974524,-0.024715266313045842,-0.07443437137033337,-1.363757693911295,2.272902309677627,0.0,-0.006176375697703091,-0.0008811978960042941,0.015542011281115719,1.7762919945591065,1.7799657697337992,1.7757658482813767,1.7792653090826014,0.3090580618654886,-0.11786661487531529,0.0,-0.06107667881129423,-0.06178537002433383,0.0
125.54263649378728,369.1359277378366,-216.1233873756545,1.5,0.49092969742660064,-0.11354587867581784,0.06471664064901071,0.8613403055955698,4.638692357210163,-10.99680115650224,0.0,0.01966136192826671,-0.02478267518401129,-0.0732765360949715,-1.3408725390366414,2.2639393661733456,0.0,-0.006126334398410994,-0.00090255105277224,0.015483279381664296,1.7754187791897238,1.779067951749436,1.7748853123270278,1.778382268712717,0.3045307594343295,-0.1224313382555672,0.0,-0.060885663866235305,-0.060662363991121744,0.0
125.61723104904206,369.47823937915024,-216.9373987418447,1.5,0.49340529376233877,-0.11256776993789643,0.06457839568634666,0.8600635697837031,4.539513620094452,-10.828268408690846,0.0,0.019208719317100737,-0.024852004591434385,-0.07212460347636386,-1.3183249572619775,2.2546389359307746,0.0,-0.0059854353552180675,-0.0009678252070278741,0.015406198718931128,1.7745487763332588,1.7781631099614617,1.774014854382303,1.77751107400901,0.30002539602583383,-0.126913468262364,0.0,-0.05963226460198762,-0.05949701629987648,0.0
125.69182560429684,369.8132152477982,-217.7388646667397,1.5,0.49583807623247156,-0.11159189395263344,0.06442871756789659,0.8588019513919971,4.442004348587767,-10.66044181550309,0.0,0.01876220340570047,-0.02492421305478115,-0.07097882796183565,-1.296110945655315,2.245007262415781,0.0,-0.00597248236598928,-0.000979846911920139,0.015328644615747048,1.773688438715699,1.7772755804997205,1.7731437517261028,1.7766313689955218,0.2955647075464646,-0.13131434615691534,0.0,-0.05978294593733064,-0.05853852430405255,0.0
125.76642015955161,370.1409789506626,-218.52783874153965,1.5,0.49822841145915286,-0.11061819446415315,0.06426769635468708,0.8575556706556383,4.3461397356972356,-10.493345859129885,0.0,0.018322918003146452,-0.024998956852652476,-0.06983741677154524,-1.2742282289275002,2.2350504782777056,0.0,-0.005866201609010929,-0.00101579399395451,0.015248764216606902,1.7728277700565012,1.7763840270205762,1.772282377496858,1.7757640117096964,0.2911581177534923,-0.13562756593157138,0.0,-0.05894737200530384,-0.05734516334730104,0.0
125.84101471480638,370.46165225255606,-219.30437636637066,1.5,0.5005766952638049,-0.10964657736355535,0.0640954426371475,0.856324923416558,4.251895217108562,-10.327004556864614,0.0,0.017887117258385817,-0.025075767702697007,-0.06870390799440203,-1.252673492640667,2.2247746007882085,0.0,-0.005756111697922679,-0.0010516117223498844,0.015167505090599363,1.771971260562129,1.7754965284945574,1.7714259390594491,1.7749010580919315,0.28677166783506053,-0.13986988545580542,0.0,-0.05805921867155888,-0.056162578865926106,0.0
125.91560927006115,370.7753550929898,-220.06853471694552,1.5,0.502883325304124,-0.10867695877584062,0.06391206241541357,0.8551098923764765,4.159246418513817,-10.161441499249475,0.0,0.017458316958131284,-0.025154852509745185,-0.06757508748021612,-1.2314435592485227,2.2141855629862595,0.0,-0.005740163313176796,-0.0010634683625084021,0.015085520605686747,1.771124038996555,1.7746217573069332,1.7705690955105817,1.7740339251720778,0.28243885408020847,-0.1440276804179437,0.0,-0.05812536556371498,-0.05526355800098767,0.0
125.99020382531593,371.0822056037132,-220.82037271178996,1.5,0.5051486728021775,-0.10770927033732657,0.0637176534223104,0.8539107635414569,4.0681692298163945,-9.996679825688807,0.0,0.01703573595285708,-0.025236339634155194,-0.06645321457799522,-1.210535592307796,2.2032891700298523,0.0,-0.005609219983241154,-0.0011132175594223076,0.014990302105359229,1.7702771155529058,1.773739083508221,1.7697236882153198,1.7731803212317279,0.27815484879139707,-0.148108224182283,0.0,-0.05694552817605594,-0.05416887841567973,0.0
126.0647983805707,371.38232012627935,-221.55995097948164,1.5,0.5073731597017357,-0.10674339919201693,0.06351234527535375,0.8527276854546445,3.9786397922776393,-9.832742244768106,0.0,0.01661831243424086,-0.025319535572685334,-0.06533801779580742,-1.1899454411786465,2.1920912625014783,0.0,-0.005553075509295041,-0.0011308758862832774,0.014922514021051478,1.7694342483272967,1.7728715317900146,1.7688765085854217,1.7723265392862853,0.2739080730567832,-0.15211245499883563,0.0,-0.05658194152925992,-0.05317495072679818,0.0
126.13939293582548,371.67581323267376,-222.28733182647744,1.5,0.5095571507665559,-0.1057792835532627,0.06329623032872773,0.8515608260716322,3.8906344961599157,-9.669651038932523,0.0,0.016206809540612044,-0.025404987034203727,-0.06422875770466716,-1.1696702965919121,2.1805973887559422,0.0,-0.005470868990214211,-0.0011550251067159278,0.014814185315973507,1.768598868945003,1.772001393482992,1.7680397991973724,1.7714745909590837,0.2697093620685293,-0.156043685670062,0.0,-0.055933741626123294,-0.05214049685311403,0.0
126.21398749108026,371.9627977425148,-223.00257920602118,1.5,0.5117010660288452,-0.10481683935317893,0.06306942395251236,0.8504103109530431,3.8041299799070916,-9.50742807639091,0.0,0.01580118130082632,-0.02549180924615079,-0.06312756572901852,-1.1497065077499675,2.1688132268899802,0.0,-0.005372522968601323,-0.0012210023695990008,0.014732955220106427,1.767766365176252,1.7711346685126463,1.76720254660325,1.7706340687530784,0.26555906475467994,-0.1598979636540367,0.0,-0.05532672730328026,-0.05119249125077794,0.0
126.28858204633504,372.2433847428597,-223.70575868695698,1.5,0.5138052941539846,-0.10385598416143414,0.06283203001686542,0.8492762743990656,3.719103149611732,-9.346094811301446,0.0,0.015401984911773067,-0.025580832829342516,-0.062031601293831486,-1.130050576945895,2.156744115953584,0.0,-0.005311131391715915,-0.0011921048477837118,0.014640774740258858,1.7669352115296615,1.7702803781178675,1.7663750406283403,1.769787154689504,0.2614559442851059,-0.1636766146852862,0.0,-0.05468265176666248,-0.05007200180034788,0.0
126.36317660158981,372.5176836078223,-224.39693742313784,1.5,0.5158702232146692,-0.10289664382098836,0.06258417124310091,0.8481588383083905,3.635531174311634,-9.185672279506395,0.0,0.015007968985980167,-0.02567224835238288,-0.06094422994303369,-1.1106988876628128,2.1443957113472556,0.0,-0.00523768268511754,-0.0012284790627096734,0.014523566891440439,1.76611489879945,1.7694221089018938,1.7655510607294027,1.768947035346105,0.25740242170022953,-0.16739498453229681,0.0,-0.054005088439787685,-0.049273657100900724,0.0
126.43777115684459,372.7858020184068,-225.07618412309765,1.5,0.5178962801459859,-0.1019387417808436,0.062325935530446255,0.8470580934595594,3.5533914897343792,-9.026181140812929,0.0,0.014619913283416535,-0.025764168178322937,-0.0598632636652022,-1.091647971948506,2.1317729729449084,0.0,-0.005142950505428835,-0.0012516279697983794,0.014458855474163918,1.7652902891169253,1.768573712513736,1.7647278485259694,1.7681177430403319,0.2533937332669971,-0.1710320200013289,0.0,-0.05318192194445162,-0.048278984255759674,0.0
126.51236571209937,373.0478459827604,-225.74356902169936,1.5,0.5198838249723305,-0.10098218413154689,0.06205746512674754,0.845974159204762,3.472661813397029,-8.867641648437262,0.0,0.014238234658235078,-0.02585810720194185,-0.05878954797904841,-1.0728936047159554,2.1188814285769677,0.0,-0.0051065965328256,-0.001264084752392215,0.01432271303477795,1.7644814979385235,1.7677263489007329,1.7639139124509542,1.7672795444278935,0.24944204539147077,-0.1746017168072987,0.0,-0.052926328458566714,-0.04748043687948465,0.0
126.58696026735414,373.303919857732,-226.39916384980836,1.5,0.5218332976534152,-0.10002692292748433,0.06177883779337849,0.8449070951002369,3.3933201411941614,-8.710073669663597,0.0,0.013861954681602727,-0.025953116610204593,-0.05772422873870739,-1.0544327568581082,2.1057259880997417,0.0,-0.005000470120897699,-0.0012622671764100839,0.014250705790095393,1.7636635959892148,1.7668868700838354,1.763102939081336,1.7664569138129336,0.24553516938896566,-0.178101685216194,0.0,-0.05208906016833173,-0.046246009458629264,0.0
126.66155482260892,373.55412636806494,-227.04304180617973,1.5,0.5237450682803606,-0.09907286298914271,0.06149018585745415,0.8438569951800784,3.3153447350989063,-8.553496688636123,0.0,0.013491451269732044,-0.026050914217045102,-0.05666505734663896,-1.036261131724212,2.0923117967167317,0.0,-0.004925654404238566,-0.0013053010947774422,0.014136890598832627,1.7628601500641232,1.7660460277404804,1.7622958385347705,1.7656346795963567,0.24168552566525778,-0.1815479572182385,0.0,-0.051309841905046706,-0.04560999986223574,0.0
126.7361493778637,373.7985666287922,-227.67527752995545,1.5,0.5256195480911251,-0.09811993664721656,0.06119161582079791,0.8428239168711741,3.238714165627687,-8.39792984438624,0.0,0.013127062366328714,-0.026147821144571072,-0.05561520502266263,-1.0183750131643157,2.0786438063715966,0.0,-0.004852001051272946,-0.0013471954404892963,0.014021309965174904,1.7620611887161481,1.7652096001033692,1.7614933938795163,1.7648163563223964,0.2378802453384817,-0.18490668600492416,0.0,-0.05053384345132798,-0.044993463325869454,0.0
126.81074393311847,374.03734016638396,-228.2959470723895,1.5,0.5274571463285622,-0.09716806846850154,0.060883245105876636,0.841807909040066,3.163407275661777,-8.243391860136082,0.0,0.012768258975794686,-0.02624717907103394,-0.05457171868380525,-1.0007703856922616,2.064726969063921,0.0,-0.004795486460325026,-0.0013196011666935985,0.013933797601259195,1.7612595937892639,1.7643870061547933,1.7606958956005831,1.7639994667433472,0.23413090570209938,-0.1882130683252157,0.0,-0.05022479616705739,-0.043813460080372256,0.0
126.88533848837324,374.27054494035906,-228.90512786923057,1.5,0.5292582361063889,-0.09621720814541021,0.06056517395657381,0.8408090318698216,3.0894031965517486,-8.089901129764987,0.0,0.012415731868219346,-0.026347727192453475,-0.0535369441929462,-0.9834438782445676,2.0505660808922324,0.0,-0.00467331812179295,-0.0013644014755519569,0.013808439881582379,1.7604671884658283,1.7635547988324758,1.75990681448013,1.763192330212695,0.23043894787038097,-0.19145409465814414,0.0,-0.048968703079093484,-0.04305234959374028,0.0
126.95993304362801,374.49827736415153,-229.5028987144866,1.5,0.5310232535385835,-0.09526725100004857,0.06023753110316261,0.8398273006605504,3.0166813686652585,-7.937475683701083,0.0,0.01206831662319293,-0.02644875330156805,-0.05251038135558327,-0.9663906827469859,2.0361657951147403,0.0,-0.0046141834756922824,-0.0013647621781226874,0.013727990076906482,1.7596752918289338,1.7627399034183557,1.7591157724283817,1.7623871562590914,0.2267915554549468,-0.1946299422966948,0.0,-0.04848004615584074,-0.04217377599597097,0.0
127.03452759888279,374.72063232912564,-230.0893397341713,1.5,0.5327525585491091,-0.09431814386496813,0.05990042349380996,0.8388627649159948,2.9452215235592423,-7.786133201965098,0.0,0.01172737270753512,-0.026551432648607674,-0.05149093791206397,-0.9496072375413832,2.021530784555358,0.0,-0.004541282521242439,-0.001371687796955328,0.013593748396262897,1.7588935119286497,1.7619219426103807,1.7583360347790695,1.7615816418187116,0.22320722712007446,-0.19774734804309174,0.0,-0.04782276253834717,-0.04131871502238984,0.0
127.10912215413757,374.9377032259111,-230.66453236035952,1.5,0.5344465789722791,-0.09336982624848478,0.05955396317873416,0.8379154224865785,2.875003697081742,-7.635891022845066,0.0,0.011390967597723678,-0.026653641333262083,-0.050481574239798974,-0.9330895878739732,2.006665713129975,0.0,-0.004375920804125124,-0.0014817684261769078,0.01350971295394353,1.7581111707885224,1.761100565239205,1.7575543754663905,1.7608002331483186,0.21967033528831884,-0.20080075082121743,0.0,-0.04701532976800027,-0.040544833521721516,0.0
127.18371670939234,375.14958196659006,-231.22855930562142,1.5,0.5361057012983285,-0.09242221902218116,0.059198264511874245,0.8369852901606011,2.8060082161190465,-7.486766145007601,0.0,0.011062165901100422,-0.026758094323690695,-0.04947823615157836,-0.9168334917210424,1.9915749326329097,0.0,-0.004375736821368533,-0.0013843551496869261,0.013387282521430236,1.757334773867454,1.760305774438287,1.7567848127713652,1.7599925579796747,0.216190247548812,-0.20379113730901138,0.0,-0.04629549463555842,-0.03957827978019189,0.0
127.25831126464712,375.35635900753215,-231.78150453783005,1.5,0.5377303103921552,-0.09147526569152421,0.05883345474344607,0.8360723734552963,2.738215720148561,-7.338775218801144,0.0,0.010738022143740575,-0.026863635071606894,-0.048485172545031464,-0.9008349130165629,1.9762631819235141,0.0,-0.004302234724644828,-0.001408672229065646,0.013248951264876444,1.7565682080872582,1.759500070929542,1.7560183923848671,1.7592014301263939,0.21276708327457058,-0.20673475672875005,0.0,-0.04552385259008918,-0.03894950907417788,0.0
127.3329058199019,375.55812337222955,-232.3234532551891,1.5,0.5393208341752938,-0.090528889201906,0.058459629056304224,0.8351766458749512,2.671607155174414,-7.191934594303242,0.0,0.010419980068120675,-0.026968894652160548,-0.04749962428793128,-0.8850896664834618,1.9607343705046687,0.0,-0.004235155279192056,-0.0014062264557682135,0.013166128525765498,1.7557984178567334,1.7587078805690226,1.7552517643192433,1.7584189763111748,0.209398533577892,-0.20960995364820195,0.0,-0.04491589889212154,-0.03811506386797051,0.0
127.40750037515667,375.75496267453923,-232.85449186323373,1.5,0.5408776243731619,-0.08958304559615907,0.058076918529916664,0.834298115141243,2.6061637736177277,-7.046260280573698,0.0,0.010107353945283835,-0.02707473144358255,-0.046522777305805896,-0.8695938824283438,1.9449932332997857,0.0,-0.004139514078476399,-0.0014421719226314716,0.013023415644902541,1.7550409254074992,1.7579088745666203,1.754496188427842,1.7576390464894667,0.20608281178769036,-0.2124291186869715,0.0,-0.04387016531869618,-0.037545750110848534,0.0
127.48209493041145,375.9469631407631,-233.3747079494904,1.5,0.542401117316357,-0.08863764806109208,0.05768543226091195,0.833436731962923,2.541867133945941,-6.901767971005584,0.0,0.009800472396043884,-0.02718100073141578,-0.04555555994726339,-0.8543429663929933,1.929043640637782,0.0,-0.004085277536113954,-0.0013977396841993632,0.012927358284817206,1.7542800254285222,1.7571287315423276,1.7537428639126995,1.7568606308534462,0.20282302276724262,-0.21519103736839681,0.0,-0.04354267904537916,-0.03640054357215257,0.0
127.55668948566623,376.1342096337505,-233.8841902606697,1.5,0.5438916744052829,-0.08769264777540928,0.05728528905597607,0.8325924823684929,2.478699108554301,-6.758473044418318,0.0,0.00949982898509616,-0.027289587494116422,-0.0445953056062622,-0.8393330005102054,1.912889900208889,0.0,-0.003998827996953517,-0.0014377383445300356,0.012799618588997056,1.7535312774783005,1.7563416215508028,1.7529944517581262,1.7560916239574897,0.19963219775080898,-0.2179128825001459,0.0,-0.04254346758847345,-0.0359535087605736,0.0
127.631284040921,376.31678567633844,-234.3830286801486,1.5,0.5453496992501451,-0.08674798446724624,0.05687660497950954,0.8317653181785422,2.416641903866496,-6.616390602695123,0.0,0.009203832791843437,-0.027395422205843217,-0.04364602952895411,-0.8245597707189397,1.8965361021590155,0.0,-0.0039142836381707855,-0.0014747965916946696,0.012670516217763607,1.7527874941968973,1.755559702223949,1.752251271356674,1.7553269938916887,0.1964754825640093,-0.22055490303086087,0.0,-0.04156602304766687,-0.03550658093167481,0.0
127.70587859617578,376.4947734743584,-234.87131420481785,1.5,0.5467755944135685,-0.08580358603039476,0.05645949099843657,0.8309551852261414,2.355678002638955,-6.475535401723035,0.0,0.008914185950013847,-0.027503579126968027,-0.04270380528751004,-0.8100188917242265,1.8799860299277087,0.0,-0.0038530762503851948,-0.0014034085883592945,0.01257367007945692,1.7520388988058775,1.7547958778519073,1.751515454852523,1.7545617081508798,0.1933900345948441,-0.22315931159439137,0.0,-0.04125363320822491,-0.03413122230438279,0.0
127.78047315143056,376.6682539394176,-235.34913892204688,1.5,0.5481697155575286,-0.0848594314735276,0.05603408519815087,0.8301620451041918,2.295790216375768,-6.335921911933505,0.0,0.008630050216315145,-0.027612278555300095,-0.04177159321992035,-0.7957066158099667,1.8632443892795432,0.0,-0.0037685556345392,-0.0014821083719551626,0.012422369379219996,1.7513105817337022,1.7540186617022906,1.750782123473774,1.753807444757155,0.19036143373339556,-0.22571412366232224,0.0,-0.04009715117113856,-0.03411223535149373,0.0
127.85506770668532,376.83730671256876,-235.8165959873683,1.5,0.5495324966260843,-0.08391541401828481,0.05560047743060579,0.8293858121233636,2.2369616805271835,-6.1975643267877745,0.0,0.008351552679319585,-0.027719736290806925,-0.040848454935344024,-0.7816180792914885,1.8463140762486638,0.0,-0.0036972075201176,-0.0014511989298004325,0.012335801122648206,1.750573046124921,1.753262784556238,1.7500533297078635,1.7530570379485604,0.18738427918532685,-0.2282033973813728,0.0,-0.03950136423138511,-0.03312133327757253,0.0
127.9296622619401,377.0020101890367,-236.27377960478282,1.5,0.5508642796297549,-0.08297150139884908,0.05515879361957296,0.8286264435015608,2.1791758429927026,-6.060476543542318,0.0,0.008078062281683578,-0.027829006601647225,-0.039933593637908264,-0.7677494540366424,1.8291992915390443,0.0,-0.0036149465968728306,-0.0014370145640221494,0.01218856808161748,1.749848079092549,1.752503221581981,1.749336407735459,1.752306758206796,0.18446555225424385,-0.23065960833671204,0.0,-0.038727837889018936,-0.032264015818059995,0.0
128.0042568171949,377.1624415406789,-236.7207850047889,1.5,0.5521654808939709,-0.08202764442489373,0.05470916507448728,0.8278838411975956,2.1224164631681237,-5.924672189493798,0.0,0.007810741011892713,-0.027936781685413796,-0.03902953436459316,-0.754096377505974,1.8119041258899666,0.0,-0.003556781532040526,-0.0014903823373587683,0.012069590165305283,1.7491315756727381,1.7517492060611621,1.7486151112856056,1.7515680609734983,0.1816044740059275,-0.23305106487608873,0.0,-0.03797718288861749,-0.03179706307365789,0.0
128.07885137244966,377.3186767397665,-237.1577084225164,1.5,0.5534364742512218,-0.08108378269346521,0.054251692374783486,0.8271579311274042,2.0666676149818373,-5.790164585506279,0.0,0.007549168538587247,-0.028045653653576825,-0.03813260158501472,-0.7406547094077662,1.7944319062884202,0.0,-0.003457506531794549,-0.0014567771129470268,0.011958099966415787,1.7484104662180753,1.7510047192398384,1.7479074360441007,1.7508323060837825,0.17880461670113962,-0.2353970782367552,0.0,-0.037032477038008486,-0.031086664845958237,0.0
128.15344592770444,377.4707905828048,-237.58464707750412,1.5,0.554677629079628,-0.08013985638816755,0.053786510630480164,0.8264486326995065,2.011913708037841,-5.656966794634003,0.0,0.007291555631089134,-0.028153984020364474,-0.03724705154053231,-0.7274199288604717,1.7767864729901968,0.0,-0.0034055957870305093,-0.0014518424866719834,0.011802168652824551,1.7477052575549168,1.7502619218802682,1.7472050224383084,1.7500955128758215,0.17604682485596052,-0.23769821162029703,0.0,-0.03648342262666363,-0.030484086707912257,0.0
128.22804048295922,377.61885671467746,-238.00169915359692,1.5,0.5558893610636234,-0.07919581889365652,0.05331371826276435,0.8257558282997693,1.9581394438840425,-5.525091615659006,0.0,0.007041054256670972,-0.028262783402165963,-0.03636955967840377,-0.7143880200004251,1.7589711692417163,0.0,-0.0033365566523527574,-0.0014347942174384623,0.011712360479072334,1.7469958229200842,1.7495319799811808,1.746502634913413,1.7493721826888335,0.17336350629246486,-0.2399505481520806,0.0,-0.03581636041933694,-0.029715613548339112,0.0
128.30263503821396,377.7629476509288,-238.40896377936767,1.5,0.5570720033153057,-0.07825163663752917,0.052833452273404184,0.8250794451485834,1.9053298498024904,-5.394551572080851,0.0,0.006795229012213288,-0.02837073159601562,-0.03550168984019758,-0.7015549167866445,1.7409899965339475,0.0,-0.003248296607614405,-0.0014760160274775273,0.011554741213608256,1.746302551394243,1.7487944067341985,1.7458109903314563,1.7486520924747266,0.17072754656836067,-0.2421520093232207,0.0,-0.0347377476763954,-0.02944529009771026,0.0
128.37722959346874,377.90313480181453,-238.80654100725837,1.5,0.5582259805267673,-0.07730722913681476,0.05234581601059,0.824419348714174,1.8534702673364247,-5.265358925059751,0.0,0.006555045766613189,-0.02847872069442607,-0.0346443106798584,-0.6889159375328349,1.7228458578505728,0.0,-0.0031709674002060972,-0.001432225181999966,0.011455742817024531,1.7456029100857617,1.7480761119047203,1.7451235663737772,1.7479376304703913,0.16815170642470947,-0.24430850087621508,0.0,-0.03408060440036445,-0.028417783825118875,0.0
128.45182414872352,378.03948849677045,-239.19453179545343,1.5,0.5593516355780862,-0.07636256874415462,0.05185093573482223,0.8237754465473813,1.802546365461658,-5.137525683915539,0.0,0.006319330677668863,-0.028587208509219735,-0.03379483528152016,-0.6764671814651942,1.704542515400951,0.0,-0.003115332282257203,-0.0014434206511265066,0.01131143371698553,1.7449196606072168,1.747356063008292,1.744441784806671,1.7472260441211502,0.16562722096697907,-0.24642977676167965,0.0,-0.033414543776768134,-0.028016947525914944,0.0
128.5264187039783,378.1720780069231,-239.57303798875813,1.5,0.560449356761391,-0.07541760443915371,0.05134892792507004,0.82314761194293,1.7525441070372907,-5.011063619806176,0.0,0.006090229103927179,-0.028694049050066214,-0.032956793317467974,-0.6642043610528237,1.6860832692394154,0.0,-0.0030613373452667673,-0.0014543523634155623,0.01116625298372434,1.7442424263730647,1.7466419628067804,1.74376593377923,1.7465200525687943,0.16316632327233555,-0.24848874555284692,0.0,-0.03276053456689632,-0.027633825344020778,0.0
128.60101325923307,378.3009715688077,-239.94216229947594,1.5,0.5615195304539025,-0.07447229601715048,0.05083991134092734,0.8225357119661185,1.703449786256556,-4.885984218150887,0.0,0.0058657146826340874,-0.02880150072965631,-0.03212670448079511,-0.652123336370951,1.6674715162546767,0.0,-0.0029543921552915554,-0.0014562680988032912,0.011071129842040582,1.743560951642954,1.745936530651306,1.7430946971878871,1.7458288704143463,0.16075901464126238,-0.2505152219727901,0.0,-0.031636505315864476,-0.026975170803908235,0.0
128.67560781448785,378.4262364078089,-240.30200828838693,1.5,0.5625624954996524,-0.07352657199069056,0.05032400828615874,0.821939642588503,1.655250009713446,-4.762298749470873,0.0,0.0056461875336684805,-0.028907900913616884,-0.03130744032013184,-0.6402195005778055,1.6487102482408151,0.0,-0.0029187662290622836,-0.0014107808848483308,0.010899918128249454,1.7428959371612558,1.745236787062025,1.7424366363684431,1.745126517911504,0.15840319312594023,-0.25249300919159273,0.0,-0.03135469827127272,-0.02614346687786805,0.0
128.75020236974262,378.5479387623111,-240.65268034795912,1.5,0.5635786696737596,-0.07258042551203486,0.049801327968308995,0.8213592348381068,1.6079316869635905,-4.640018231385393,0.0,0.005432621576508451,-0.02901483427985039,-0.030497828258361736,-0.6284892898423375,1.6298029897599549,0.0,-0.0028337610601756806,-0.0014233797314597988,0.010809891261551952,1.7422282641329452,1.7445449892691944,1.7417747869093774,1.7444472423554058,0.15611402229540045,-0.2544345653949864,0.0,-0.030389368855290037,-0.025698576106295796,0.0
128.8247969249974,378.66614390541554,-240.9942836833169,1.5,0.5645683759220443,-0.07163380274551209,0.04927199601843391,0.8207943820600393,1.5614820431672083,-4.519153444620226,0.0,0.005223112047471811,-0.029119890686323535,-0.029697194748933498,-0.6169283675861622,1.610752859344413,0.0,-0.0027528509941857245,-0.0014307175305741876,0.010652620969382565,1.7415744593800626,1.7438523586309764,1.7411270477912504,1.7437657428339206,0.15386533802392344,-0.2563249078065877,0.0,-0.02947840017523976,-0.02523110170158063,0.0
128.89939148025218,378.7809161683244,-241.32692429476296,1.5,0.5655320169236062,-0.07068664589244943,0.04873612812058575,0.8202449181449449,1.5158885996676557,-4.399714928851702,0.0,0.005019277413155849,-0.029225709394007843,-0.028908158733023794,-0.6055322811869814,1.5915627658099687,0.0,-0.002663628850042675,-0.0013880525072588327,0.01053215635126074,1.740918543223524,1.7431732605405468,1.740485550368085,1.7430918282901284,0.15168473862273438,-0.25818146674340925,0.0,-0.02892232109006896,-0.02457700245203153,0.0
128.97398603550695,378.8923189642908,-241.65070896099232,1.5,0.566469947468392,-0.06973893252637435,0.048193840887875754,0.8197107011657913,1.4711392117577973,-4.281713009452913,0.0,0.004821061565291044,-0.02933022522703785,-0.02812672652686502,-0.5942972397324143,1.5722359505630108,0.0,-0.0026235563189141316,-0.0013986671441031594,0.010402703944308912,1.7402772808607483,1.7424992802755719,1.739844296813597,1.7424235453730932,0.14955638322695894,-0.259993749127043,0.0,-0.02812187207832454,-0.024004997084622885,0.0
129.04858059076173,379.0004148111668,-241.9657452217318,1.5,0.5673825205514282,-0.06879061611793083,0.04764525859844593,0.8191915867731497,1.4272220272143572,-4.165157769164317,0.0,0.004626973636277848,-0.02943422379388899,-0.027357253359155502,-0.5832189716779674,1.5527754446532702,0.0,-0.0025636014218344385,-0.0013888274598611483,0.010240043599360543,1.7396434537943493,1.7418280322135937,1.7392162753038805,1.7417578708535946,0.14747761890783886,-0.2617674172499143,0.0,-0.02746010138615625,-0.023484828880514695,0.0
129.1231751460165,379.10526535419234,-242.2721413607596,1.5,0.568270135689882,-0.06784165712705689,0.047090487002871585,0.8186873936216987,1.384125496004653,-4.050059076998369,0.0,0.004438492808550334,-0.029537895752430928,-0.026596617807504667,-0.5722934401278131,1.533184031838338,0.0,-0.0025027663052276153,-0.0013611716338061972,0.010143877277164448,1.7390071807483087,1.7411722714011668,1.7385885338060434,1.7411052326657455,0.14546037377157897,-0.263502556545572,0.0,-0.026850864091694578,-0.02280197676052183,0.0
129.19776970127128,379.2069313883777,-242.570006389782,1.5,0.5691331077268984,-0.06689204080506524,0.04652965984201875,0.8181979902939399,1.341838372024264,-3.9364265737824757,0.0,0.0042545628546351265,-0.029640156110221246,-0.025846117118919536,-0.5615168585611277,1.5134651336608849,0.0,-0.002423558133729858,-0.0013987513566923813,0.00997593975125341,1.7383891613124753,1.74050903918928,1.7379724968577241,1.7404568988661369,0.14349122937558575,-0.2651934208116696,0.0,-0.02583335217864681,-0.022688767510915277,0.0
129.27236425652606,379.3054728807207,-242.85945003090083,1.5,0.5699718466090954,-0.06594169731731925,0.04596287753820663,0.8177231808603305,1.3003497085803937,-3.8242696811374244,0.0,0.004075716713442517,-0.029741975978028343,-0.025106752758858913,-0.5508847414589052,1.4936209937988585,0.0,-0.00236209441907795,-0.0013461087963165046,0.009868964089668267,1.7377657079890434,1.7398672640751185,1.7373613630100133,1.7398147134268847,0.141578737197293,-0.26684813278533137,0.0,-0.025300654980267633,-0.02178436244625999,0.0
129.34695881178084,379.40094899353284,-243.1405827019467,1.5,0.5707866774228886,-0.06499061564048716,0.04539026710942521,0.8172628172179038,1.259648865919234,-3.713597614970229,0.0,0.003901440728784097,-0.029843677467644835,-0.02437564894259508,-0.5403934241928187,1.4736548700576664,0.0,-0.0023016833025601368,-0.0013491771103892008,0.009718956959885824,1.7371580740969066,1.7392235570538102,1.7367580918971155,1.739178281383259,0.13971940658806395,-0.2684722720181141,0.0,-0.024578134656500578,-0.021430770839305543,0.0
129.4215533670356,379.493418106036,-243.41351550023947,1.5,0.571577972630171,-0.06403875868205272,0.044811943452499274,0.8168167164758906,1.21972549370801,-3.6044193869514967,0.0,0.003732322610988638,-0.029943221506549808,-0.02365680185291874,-0.530038870981563,1.4535694990391732,0.0,-0.0022414210384156985,-0.0013508514138587978,0.00956853565072215,1.7365573246445625,1.738586895789953,1.7361619647283275,1.7385486408063702,0.1379118076868474,-0.270045315167511,0.0,-0.023860500120762514,-0.021074750356759073,0.0
129.4961479222904,379.5829378363493,-243.67836018676348,1.5,0.5723461036622169,-0.06308610295405978,0.04422801636481863,0.8163846910649305,1.1805695308428201,-3.496743776848842,0.0,0.0035678406939898513,-0.030042907628173163,-0.02294625409117791,-0.5198173345788025,1.433367642179835,0.0,-0.0021389449369132304,-0.0013478467227918856,0.009466919301983798,1.7359546545309987,1.7379602918700434,1.7355706176414154,1.73793432767254,0.13615916479993742,-0.27159149941204663,0.0,-0.022759965985921476,-0.020532594216361454,0.0
129.57074247754517,379.66956506312994,-243.93522917025186,1.5,0.5730913911955481,-0.06213258231884458,0.04363862166804484,0.8159665864794077,1.1421712283503092,-3.3905793785259193,0.0,0.003407476688357731,-0.03014104447932401,-0.022247136853862596,-0.5097241770148759,1.4130519107809092,0.0,-0.002137252870046418,-0.001297449336167294,0.009284283740122289,1.7353722149080861,1.7373419755524973,1.7349920257010145,1.7373073190905286,0.13445097242410994,-0.2730972752996461,0.0,-0.022771698886399863,-0.01989496150836064,0.0
129.64533703279994,379.75335594890987,-244.18423549304862,1.5,0.5738142403190332,-0.06117822002197101,0.04304384839661469,0.8155621804113059,1.1045211041078802,-3.285934577289983,0.0,0.0032528438934851835,-0.030238932946969308,-0.021558152345004192,-0.4997566030014225,1.3926251975974868,0.0,-0.0020491334345849785,-0.0013012374548944572,0.009190193195838966,1.7347844923946385,1.7367312006590485,1.7344127875641977,1.7367077069286592,0.13280681757088553,-0.2745701952661454,0.0,-0.021779140394231754,-0.01948889868403451,0.0
129.71993158805472,379.8343659589698,-244.42549281534443,1.5,0.574514956803475,-0.06022296157625378,0.042443826589409456,0.8151713199644198,1.0676099701860196,-3.1828175600799047,0.0,0.0031016265237114346,-0.030335094507913166,-0.020878583507179655,-0.4899102720867297,1.3720900543675358,0.0,-0.0019759821511710217,-0.0012949501797844879,0.009025031453854353,1.7342126237645286,1.7361213478232813,1.7338487719351958,1.7361054470090145,0.13120019165977284,-0.2760047130217279,0.0,-0.020961675161117424,-0.019046289007852824,0.0
129.7945261433095,379.9126498836714,-244.65911540065898,1.5,0.5751939292740408,-0.05926677519868243,0.04183867103525943,0.8147937890594418,1.0314289137590988,-3.0812363157539306,0.0,0.0029550868570119527,-0.03043067879556116,-0.02021123852909566,-0.48018125448398413,1.3514490541299662,0.0,-0.0018574872526276166,-0.0012821810734296385,0.008903315853273178,1.7336394654184084,1.7355211955098546,1.733290875825075,1.7355183684351623,0.12965380477905586,-0.2774067288511481,0.0,-0.020440025361070462,-0.01855316785963562,0.0
129.86912069856427,379.9882618599585,-244.88521810141853,1.5,0.5758514979457876,-0.05830964935102188,0.041228490232558014,0.8144294006844899,0.9959693184620407,-2.981198643799946,0.0,0.002814562162872068,-0.030525391047082046,-0.01955176421441528,-0.4705661142913838,1.3307048306929294,0.0,-0.0018527969850993483,-0.001265146623164987,0.008764618109988333,1.7330835056967575,1.7349349734932678,1.7327347480876116,1.7349284886495806,0.12815831844271022,-0.27877372897188674,0.0,-0.019600342113874316,-0.0181004558095896,0.0
129.94371525381905,380.0612553920337,-245.10391634454754,1.5,0.5764880010190029,-0.057351544643802654,0.040613408319561624,0.8140779668267363,0.9612228487698866,-2.882712149761273,0.0,0.0026765497016975784,-0.030618455623327004,-0.01890489261644325,-0.46106080210955575,1.3098599057252405,0.0,-0.0018093850550638742,-0.001244055265583478,0.00859393190186725,1.732535789260775,1.7343502242364939,1.7321929836358256,1.7343449787686838,0.12669940295263737,-0.2801065017183082,0.0,-0.0191105763197152,-0.017640886907980425,0.0
130.01830980907383,380.13168337217917,-245.31532611727602,1.5,0.577103825106783,-0.05639245701312217,0.03999352533232299,0.813739260310473,0.927181419843239,-2.7857842507139146,0.0,0.0025440845938703603,-0.030710838660238222,-0.01826721450229517,-0.451662050316619,1.2889168062878618,0.0,-0.0017528315690193974,-0.0012311387955897465,0.008493738108982074,1.7319872630602453,1.7337798194744658,1.7316511758367183,1.7337788062420503,0.1253016887160903,-0.28140608536184153,0.0,-0.01846891817294009,-0.017222831281464016,0.0
130.0929043643286,380.19959809999625,-245.51956395319368,1.5,0.5776992711185389,-0.05543235138334292,0.03936896165156061,0.813413112402118,0.8938372346657725,-2.690422179415249,0.0,0.0024155259422548934,-0.030802020714747226,-0.017640104186599705,-0.44236601082241084,1.2678779413152523,0.0,-0.0016932294673261052,-0.0012121318019229024,0.008316985667661632,1.7314546869611795,1.7332085960049477,1.731126674227163,1.7332113739531079,0.1239481795824432,-0.28267351607400715,0.0,-0.017818251101789206,-0.016743767369939752,0.0
130.16749891958338,380.265051303535,-245.7167469186055,1.5,0.5782747358599504,-0.05447121456892466,0.038739828181662134,0.8130992819834157,0.8611827617961406,-2.5966329850425205,0.0,0.002291197619868268,-0.03089215180372183,-0.017024629242276185,-0.4331691612505149,1.2467458349338305,0.0,-0.0016416724826650705,-0.001216969569353683,0.008205091812614534,1.7309247344750147,1.732651628107165,1.730600355202734,1.7326604270225827,0.12264238536780532,-0.28390969266973626,0.0,-0.017163837471773587,-0.016529636454935413,0.0
130.24209347483816,380.32809415891995,-245.90699259903093,1.5,0.5788305316664651,-0.05350902562673041,0.03810623736594216,0.8127975851717363,0.8292107346268787,-2.5044235413607114,0.0,0.002171260934528402,-0.030980041135554717,-0.01641771077236674,-0.42406798584296296,1.225522861676575,0.0,-0.0015824325776726423,-0.0011810020866702589,0.008050253711390582,1.730404258379855,1.7321000315855706,1.730090420889639,1.732110149396896,0.12138195651459206,-0.28510336126152214,0.0,-0.016572189052564544,-0.01590041789732127,0.0
130.3166880300929,380.3887773098324,-246.09041908519706,1.5,0.5793670189576783,-0.05254576977321564,0.03746829910092972,0.8125078005690264,0.797914143075349,-2.4138005192885714,0.0,0.0020550444619502083,-0.031068287362004027,-0.015823634186550344,-0.4150590403937277,1.2042114157200543,0.0,-0.0015262975945489166,-0.001142570178776315,0.007894727809019985,1.729891934245096,1.7315568094625542,1.7295886227305468,1.731567468040352,0.12016909306188074,-0.2862817096960255,0.0,-0.01601806277712377,-0.015264717665307754,0.0
130.39128258534768,380.4471508871343,-246.26714496034313,1.5,0.5798845565200279,-0.051581420151258175,0.036826133817479886,0.8122297052391073,0.7672862496681639,-2.324770449768602,0.0,0.0019431122012859002,-0.031154562973309603,-0.01523816357986998,-0.4061385886128902,1.1828138836952746,0.0,-0.0015212234333740852,-0.001169933360312637,0.007776171612748696,1.7293917335075402,1.7310249684966506,1.7290824720121851,1.7310382393059047,0.11900144689216914,-0.2874214378364469,0.0,-0.01572979913099046,-0.015434759318127073,0.0
130.46587714060246,380.5032645279134,-246.4372892872275,1.5,0.5803834571337151,-0.05061597914840866,0.03617980667173834,0.8119631068771295,0.7373205420068112,-2.2373396774453735,0.0,0.0018359447399786915,-0.03123928728809959,-0.014664363788548213,-0.3973040846825577,1.1613320398821976,0.0,-0.0013840667116826412,-0.0011158974066907497,0.007607347437220785,1.7288904376939338,1.7304919751672934,1.7286054825871344,1.7305150285463609,0.11788489452321602,-0.2885254278153248,0.0,-0.014460169267107928,-0.01440376519032674,0.0
130.54047169585724,380.5571673928997,-246.60097159625886,1.5,0.5808641099305123,-0.04964941809558987,0.03552949026649378,0.8117077530729925,0.7080107828621566,-2.1515143658790112,0.0,0.0017313385579195784,-0.031323608932819685,-0.014101425545596636,-0.388551162797438,1.139769040295267,0.0,-0.0013676053569409777,-0.001115006762438776,0.007500620370410847,1.7284025696478502,1.7299792489818044,1.7281173948634938,1.730002540315906,0.11680245947528548,-0.2896120178639375,0.0,-0.014158999482447338,-0.014276235465577087,0.0
130.615066251112,380.60890818757883,-246.75831187084418,1.5,0.5813268120866487,-0.048681738397591934,0.034875263914085665,0.8114634568868062,0.6793509776460996,-2.0673005184097355,0.0,0.0016316974669169158,-0.031405008833730784,-0.013547944714184123,-0.37987716183409675,1.1181268023569975,0.0,-0.0013231907494162616,-0.0011164949256985282,0.007327072155778597,1.727928989837442,1.729465082697313,1.7276472634762179,1.7294928962267289,0.11576851757699007,-0.290650197735659,0.0,-0.013586001906078109,-0.014085628973650587,0.0
130.6896608063668,380.6585351785948,-246.90943053526487,1.5,0.581771943667559,-0.04771291518575605,0.034217221274777755,0.8112299705102002,0.651335367292313,-1.984703954392589,0.0,0.0015351008601334057,-0.03148612080991114,-0.013007221409187657,-0.371278740286986,1.0964071777899642,0.0,-0.0012428604667001151,-0.0011119341609509472,0.007195696936795146,1.7274560309300226,1.7289621489562352,1.7271837551808145,1.7289987280485304,0.1147765433058884,-0.2916747385228749,0.0,-0.013010233866591534,-0.013464207969925712,0.0
130.76425536162157,380.70609621199134,-247.05444844334502,1.5,0.582199833363881,-0.04674295350392677,0.033555489345262604,0.81100707732029,0.6239584302445929,-1.9037303554205187,0.0,0.0014428426743872092,-0.03156688616079271,-0.01247483350241874,-0.3627527492371722,1.0746128494545226,0.0,-0.001214314695887648,-0.0010859958240414848,0.0070579418704327995,1.7269945150210473,1.7284722333094185,1.726727438011042,1.728507231355201,0.11382916831131513,-0.29267113055480637,0.0,-0.012362668776504297,-0.013337838855430046,0.0
130.83884991687634,380.7516387309877,-247.1934868660682,1.5,0.5826108116184014,-0.04577182248221834,0.032890157061233674,0.8107945609218721,0.5972148904338188,-1.8243852451613136,0.0,0.0013541689756310414,-0.031643862567652545,-0.011955183905174874,-0.35429592093506845,1.052745437426405,0.0,-0.0011631101387155056,-0.0010422251587461177,0.006884346197055449,1.726542892473689,1.7279864843727921,1.7262868013414834,1.7280205999948905,0.11291752952009025,-0.2936199620734973,0.0,-0.011874320465880973,-0.012711389931673216,0.0
130.91344447213112,380.79520979343647,-247.326667479867,1.5,0.5830052552584544,-0.04479954622303531,0.032221343370367715,0.8105921650439533,0.5710996849897264,-1.746673951236888,0.0,0.0012689189227289477,-0.03172127937942147,-0.011445244349106145,-0.34590548833873436,1.0308076770815275,0.0,-0.0011124011076252458,-0.0010210642523577112,0.006780909731742194,1.7260935272239197,1.72751600612995,1.725845207659464,1.7275523793988754,0.11205038175890655,-0.2945585321800176,0.0,-0.011318618872933336,-0.012305592646635654,0.0
130.9880390273859,380.8368560882474,-247.45411235313185,1.5,0.5833834567010748,-0.043826095090925415,0.031549149101155145,0.810399695846179,0.5456079888297874,-1.6706016688408833,0.0,0.0011874312217363856,-0.03179669454196247,-0.01094613447357291,-0.3375781657704225,1.0088013191437764,0.0,-0.001077048714635435,-0.0010004518086195685,0.00659726137713617,1.7256633312019054,1.7270461290474164,1.7254205882537668,1.7270826802746488,0.11122309004208164,-0.2954631179224063,0.0,-0.01090773302717441,-0.01195853967312837,0.0
131.06263358264067,380.87662395276794,-247.57594393594889,1.5,0.5837458060729755,-0.04285147589881109,0.030873670560198404,0.810216885390354,0.520735196505847,-1.5961734327976715,0.0,0.0011094963664743174,-0.031870895661269244,-0.010459009139331411,-0.3293112052088951,0.9867284797894101,0.0,-0.001013087186212082,-0.00100276745206322,0.006484089682979509,1.725233468236791,1.7265896249784425,1.7249971655366774,1.7266336655718078,0.11043604931180895,-0.29634215014018234,0.0,-0.010152250190087645,-0.011746923485584742,0.0
131.13722813789545,380.91455938876544,-247.69228504843963,1.5,0.5840926074093098,-0.0418756834977787,0.030195015923426275,0.8100435260618851,0.49647692000816795,-1.5233941295324613,0.0,0.0010344196493821478,-0.03194244340311545,-0.00998081451327661,-0.32110166517957134,0.9645912628289673,0.0,-0.000977894265827112,-0.0009617624392389894,0.006323106369774059,1.7248170462091639,1.7261416709373407,1.7245892841802108,1.726183016238106,0.10967815998303528,-0.2971845678966804,0.0,-0.009813064796172704,-0.011211812458105111,0.0
131.21182269315022,380.95070807813823,-247.8032588687102,1.5,0.5844242144546584,-0.04089871644308315,0.029513283803339205,0.8098793728892639,0.47282896683409414,-1.4522684715879184,0.0,0.0009635529030118329,-0.03201437717173252,-0.00951568277787871,-0.3129467390876046,0.9423916549121755,0.0,-0.0009449629803632634,-0.0009205821832894552,0.006161710284753612,1.7244098351457322,1.7257028749806436,1.7241903863038228,1.7257412127542047,0.10897146901789494,-0.2980150722993712,0.0,-0.00949774022752174,-0.010686323968748902,0.0
131.286417248405,380.98511539884515,-247.90898892202392,1.5,0.5847409806955439,-0.03992058020838824,0.02882856787869327,0.8097241792395129,0.44978737721595347,-1.3828010547218632,0.0,0.0008956715840976313,-0.03208364176737898,-0.009059494463136362,-0.30484381749672995,0.9201316170739519,0.0,-0.0008478552989578152,-0.0009294858025540223,0.006051124726825266,1.7240048680647042,1.7252709798602197,1.7237957673695712,1.7253224823710747,0.10829481745660612,-0.2988090439132379,0.0,-0.00841275077620962,-0.010446100829874391,0.0
131.36101180365978,381.0178264404227,-248.00959907012083,1.5,0.5850432080228518,-0.038941248992229636,0.02814099555701191,0.8095777345272754,0.42734839363466426,-1.3149963031601848,0.0,0.000830357034786467,-0.03215146549766048,-0.008615462901904616,-0.2967894904861843,0.8978132420028692,0.0,-0.000876152151221348,-0.0008941250895704568,0.005860043490523929,1.7236240928695628,1.7248509739310351,1.72341392325843,1.7248916776541448,0.10764803139695941,-0.2995796096003616,0.0,-0.008658066768660133,-0.010178642006335722,0.0
131.43560635891455,381.0488860200183,-248.10521349948945,1.5,0.5853312867335976,-0.037960770277462176,0.027450624308204972,0.8094397617586021,0.4055084389682441,-1.2488585033744386,0.0,0.0007692584811134017,-0.03221760565405927,-0.008182318397281197,-0.2887822532064324,0.8754383615751633,0.0,-0.0008046326548753436,-0.0008784103737297587,0.005757385387886616,1.72323669056165,1.7244419821234482,1.7230368432343572,1.7244888064669905,0.10704560930372724,-0.3003196785102292,0.0,-0.007898899611299111,-0.009788979281146058,0.0
131.51020091416933,381.0783386944097,-248.19595671078795,1.5,0.5856055052622305,-0.03697911082384024,0.026757569335584593,0.8093100580448123,0.38426413611018073,-1.184391793183673,0.0,0.000710446879820504,-0.032283318407900725,-0.007759114678644502,-0.28081879000936966,0.8530087321369422,0.0,-0.0007582286019222565,-0.0008414688941520062,0.005580838412312918,1.7228673998593766,1.72403706355118,1.7226773726777311,1.7240834805608636,0.10647328120811615,-0.3010472702224075,0.0,-0.00744581839724823,-0.00928006262926546,0.0
131.5847954694241,381.10622877618687,-248.28195350906051,1.5,0.5858662381908805,-0.03599629722982018,0.026061936173684425,0.809188354474215,0.36361230242897463,-1.1216001870927712,0.0,0.0006548262622151877,-0.03234587310363779,-0.007348878689854413,-0.2728967877579849,0.830526658098957,0.0,-0.0006948338830280135,-0.0008741462633936901,0.005444357320844473,1.7225065885262527,1.7236400362804463,1.7223189984697889,1.723698331017546,0.10593390271685692,-0.3017361565292325,0.0,-0.007011966675657967,-0.009131625497853575,0.0
131.65939002467888,381.1326003474788,-248.36332899197396,1.5,0.5861138112851109,-0.03501232034806504,0.025363810613406354,0.8090744185523686,0.34354994547327705,-1.060487529690024,0.0,0.0006017525640271118,-0.03240757073846342,-0.006947323881607133,-0.2650136743246873,0.8079936708977431,0.0,-0.0007136897970360007,-0.000804843884871704,0.00530048217201407,1.7221546868519417,1.7232646441536146,1.7219723654181638,1.7233087845035964,0.10541933677032249,-0.3024043311062238,0.0,-0.0068851265422755475,-0.008775573953438963,0.0
131.73398457993366,381.1574972730781,-248.44020853985683,1.5,0.5863485502563907,-0.0340272126762227,0.0246632758301261,0.8089680149641538,0.3240742173325877,-1.0010575464295457,0.0,0.0005532051106417946,-0.03246828377172499,-0.006558658736272531,-0.2571676016379098,0.7854117224993288,0.0,-0.0006527346970353992,-0.0007947694209750587,0.005124496208533273,1.7218145455232925,1.722885237318799,1.7216404660950924,1.7229349263958538,0.1049566168485802,-0.30305060767704556,0.0,-0.006217585647389293,-0.008486272957018192,0.0
131.80857913518844,381.1809632130363,-248.51271780556425,1.5,0.5865708289587279,-0.03304095020803345,0.023960441703073897,0.8088688740812163,0.3051824953368488,-0.9433138245478493,0.0,0.0005056799466699673,-0.03252670878237958,-0.006180083931139074,-0.24935549831872877,0.7627825276973743,0.0,-0.0006069687751144373,-0.0007568870950361335,0.005018597829820567,1.721475003540654,1.7225265434640744,1.7213109953644916,1.7225757313625487,0.10450572902218495,-0.3036717792523568,0.0,-0.005781666646123892,-0.007983216804390727,0.0
131.88317369044321,381.2030416373766,-248.5809827048745,1.5,0.5867809356551912,-0.03205357556264336,0.023255401379947846,0.8087767851217824,0.28687229265997194,-0.887259815094436,0.0,0.00046146929133054925,-0.032583279007279316,-0.005812574448325824,-0.24157566185730164,0.7401082594039025,0.0,-0.0005830595980930077,-0.0007751179714529098,0.004831248897052221,1.721160018125353,1.722165682820214,1.7209951063268891,1.7222192488153045,0.10408931732893484,-0.30426510278885793,0.0,-0.005380494236874059,-0.00808303968096379,0.0
131.957768245698,381.22377583691133,-248.645129405069,1.5,0.5869792588593772,-0.03106507779062958,0.022548223020003328,0.8086914666604309,0.26914129412923715,-0.832898830280408,0.0,0.0004197076647039401,-0.03263830907320377,-0.005457345070809453,-0.23382576327757443,0.7173900783819808,0.0,-0.0005532005743392283,-0.000704414865939368,0.004712866357531262,1.720840060288749,1.721828349451255,1.7206877202936837,1.7218746002192906,0.10370002797211061,-0.30483639980608457,0.0,-0.005205120411427803,-0.007320256350134242,0.0
132.03236280095277,381.24320893552834,-248.70528431665028,1.5,0.5871660993155823,-0.030075481119508096,0.02183901258237644,0.8086126976367493,0.2519873379129396,-0.7802340605115459,0.0,0.0003811807536272018,-0.032693014221246076,-0.00511115869398487,-0.2261037117348959,0.6946301106021598,0.0,-0.0005071618552186518,-0.000707670899626025,0.0045503568555301365,1.72053904536001,1.7214893234606452,1.720391148985168,1.7215410355871061,0.10334876262188508,-0.3053948754674287,0.0,-0.004642434267824953,-0.007218714815354599,0.0
132.10695735620754,381.2613839025044,-248.76157408341996,1.5,0.587341808933678,-0.029084798144177578,0.021127852093068847,0.8085402203114949,0.23540844015163123,-0.7292685809400451,0.0,0.00034401662933031724,-0.032743960703454277,-0.004778484233021241,-0.2184074942797806,0.6718299594337214,0.0,-0.00046225512382569065,-0.0007140681129806396,0.004387592879452131,1.7202481752521028,1.7211599446843169,1.7201041782086732,1.7212174516439203,0.10300732045177738,-0.30591422027681014,0.0,-0.0040841499078750594,-0.007152964518470787,0.0
132.18155191146232,381.2783435634042,-248.8141255724987,1.5,0.5875067390798965,-0.028093046100194374,0.020414835408244132,0.8084737761930025,0.2194027321625822,-0.6800053020003828,0.0,0.0003099008177448035,-0.032794376344018036,-0.004454886123764509,-0.21073507122168664,0.648991450155932,0.0,-0.00046631786837366784,-0.0006575526277791375,0.0042664181113525376,1.7199613994114238,1.7208531606952038,1.7198233163471472,1.7209006711147825,0.10270111595824671,-0.30641977548657834,0.0,-0.004191704465451581,-0.0066368752810520544,0.0
132.25614646671707,381.2941306105224,-248.8630658646235,1.5,0.5876611917998654,-0.027100253380445652,0.019700028897194095,0.8084131423848372,0.20396850024882346,-0.6324470395569591,0.0,0.0002783172341765784,-0.03284302027123082,-0.004143616345129599,-0.20308497169068557,0.6261160669056193,0.0,-0.0003965586795170518,-0.0006432959854440367,0.004081360209283113,1.7196896882637698,1.7205407279217928,1.7195620395728655,1.7205947046268404,0.10242135614910809,-0.3069016458783247,0.0,-0.00347060405999769,-0.006300526219158502,0.0
132.33074102197185,381.3087876132134,-248.908522245554,1.5,0.5878055543636121,-0.026106413996330926,0.018983533806578808,0.8083580338264433,0.18910417695993345,-0.586596476864098,0.0,0.0002481767936329026,-0.03289051895414751,-0.0038436183109740165,-0.19545474261458903,0.6032054533730837,0.0,-0.0003837551776204485,-0.0006200160463856394,0.003972255010482643,1.7194225807490846,1.7202517063735085,1.7192986392526193,1.720302862094593,0.10215951773458312,-0.3073691953972862,0.0,-0.003319010321076164,-0.006055771630883839,0.0
132.40533557722662,381.32235702920127,-248.95062219709428,1.5,0.5879401145067957,-0.025111575181922596,0.01826544085783665,0.8083082358951241,0.17480832199121246,-0.5424561818158683,0.0,0.00022144216634182361,-0.03293435341502083,-0.0035536136048757334,-0.1878430105000363,0.5802616591357295,0.0,-0.000368709672649573,-0.0006249073839564627,0.0037910442141605633,1.7191756642415987,1.7199622566362454,1.7190518082422466,1.7200149285618487,0.10192613599329611,-0.30779303477599573,0.0,-0.003061685707970426,-0.006072297023129658,0.0
132.4799301324814,381.3348812134792,-248.9894933863312,1.5,0.5880652482603658,-0.024115738429700096,0.01754579812239252,0.8082634718436267,0.161079624009031,-0.500028570720719,0.0,0.0001953344442482058,-0.03297777555481027,-0.003276924536879269,-0.18024813637598758,0.5572855271749624,0.0,-0.0002840052050814225,-0.0006508290721190974,0.003653216262570289,1.7189303741262043,1.7196814734261867,1.7188135419134412,1.7197485424269738,0.10171046408005216,-0.3082186417546182,0.0,-0.0027292122225847154,-0.005457611164379417,0.0
132.55452468773618,381.3464024274907,-249.0252636589651,1.5,0.5881812798420535,-0.02311893828208515,0.016824712106057474,0.808223499904959,0.1479168880441339,-0.45931599429733333,0.0,0.00017216276167710147,-0.033020385441031495,-0.003009007915451402,-0.17266840572832148,0.5342791835718591,0.0,-0.000306155587998796,-0.0005499629809497717,0.003508858975877226,1.7186945611880495,1.7194265946259537,1.7185876124288562,1.7194750523644544,0.10151583475821155,-0.30861616326044033,0.0,-0.0025089770267771477,-0.00521185942043044,0.0
132.62911924299095,381.3569628480338,-249.05806102988288,1.5,0.5882885348462118,-0.022121198719283527,0.016102249071049755,0.8081880783026767,0.13531903449516847,-0.4203206533286301,0.0,0.00015092171309351248,-0.033060354067435,-0.0027543492886805214,-0.16510243460731,0.5112439742866124,0.0,-0.0002771642733988902,-0.0005253627609704785,0.003328097123436874,1.7184748922862378,1.7191686759727822,1.7183743344073654,1.719216595547043,0.10134392370987204,-0.3089909348961782,0.0,-0.0022192864658636467,-0.004913448591123514,0.0
132.70371379824573,381.36660457573987,-249.0880136742039,1.5,0.588387388433762,-0.021122546030601378,0.015378495230188959,0.8081569284895957,0.12328510254968503,-0.3830446370456785,0.0,0.00013121047447381366,-0.03309851045520735,-0.0025098327193396664,-0.15754865015698166,0.4881815820954115,0.0,-0.0002448658609915885,-0.0005179262976373926,0.0032197358665536926,1.7182580678328878,1.7189278845350289,1.718161987419598,1.718978202655887,0.10118763385776369,-0.30934566566483673,0.0,-0.0018486290507654113,-0.004769423474471999,0.0
132.7783083535005,381.3753696430893,-249.11524991865096,1.5,0.5884781293342156,-0.020122991319454258,0.014653514576743843,0.8081298355005888,0.11181422910236967,-0.3474899282069248,0.0,0.00011347348455894791,-0.033135385925435176,-0.0022766108489801974,-0.15000558570735262,0.46509312592234814,0.0,-0.00023637499412147573,-0.0004559018332755901,0.0030297082830174427,1.7180587435523889,1.7186934692808395,1.7179715456736904,1.718735146845114,0.10105253358597795,-0.30968411658063283,0.0,-0.0018724357206592658,-0.00418317797540142,0.0
132.85290290875528,381.3833000225845,-249.13989823424103,1.5,0.5885611463683651,-0.019122593313355654,0.013927390173173097,0.8081065098200189,0.10090565642100963,-0.31365840056132,0.0,9.713856565311642e-05,-0.0331702885959248,-0.0020558639260489,-0.14247228658077496,0.44198058231932275,0.0,-0.0002214341697511474,-0.00046707836472844276,0.002909268819263532,1.7178664058194677,1.718471748933561,1.717778707716785,1.7185161040577566,0.1009309141363919,-0.3100016929452944,0.0,-0.0016177759538041458,-0.004274487056310005,0.0
132.92749746401006,381.39043763281313,-249.16208722698573,1.5,0.5886367418331783,-0.018121361194545077,0.01320019075182061,0.808086726407873,0.09055870735410713,-0.28155181329765017,0.0,8.329631841524481e-05,-0.03320284787784569,-0.001844326830478602,-0.13494726487438605,0.4188450930158017,0.0,-0.00018507895047226944,-0.00043118263691569993,0.002744084586097283,1.717684726166531,1.7182570197482927,1.7176062555488951,1.7183004625453524,0.10083164816402927,-0.31029176554037385,0.0,-0.0013020919233695772,-0.003851149534068204,0.0
133.00209201926484,381.3968243461781,-249.18194562994643,1.5,0.5887052688981119,-0.01711933532867949,0.012471986891220263,0.8080702223646724,0.08077281346886521,-0.2511718063943221,0.0,6.941760520189904e-05,-0.033234525022789556,-0.0016464796152119135,-0.12742951446401843,0.3956881834368691,0.0,-0.0001531866699581459,-0.0003914946672820037,0.002578593187811561,1.717513493972826,1.7180532043961607,1.717444219135191,1.7180946286447127,0.10073525408496692,-0.3105757597365796,0.0,-0.0010434171151404183,-0.003407776001594847,0.0
133.0766865745196,381.4025019951663,-249.19960229564288,1.5,0.5887670806789632,-0.016116535933054454,0.011742858825127905,0.8080567351646188,0.07154747558491598,-0.2225199413806013,0.0,5.800999078560791e-05,-0.03326423658804405,-0.0014578562800626738,-0.11991763710966974,0.37251128232881603,0.0,-0.00019045920152351887,-0.00040658610717260224,0.002455800417556822,1.717356507555364,1.7178657427299948,1.7172789427127093,1.7179031538846627,0.10066165003675105,-0.3108361164333898,0.0,-0.0012792091576612813,-0.00369917835574963,0.0
133.1512811297744,381.4075123777555,-249.2151861882195,1.5,0.5888224808305423,-0.015113016085464585,0.011012830581593818,0.8080460385250009,0.0628822586861395,-0.19559766673159812,0.0,4.837620242177503e-05,-0.03329172206590955,-0.001281726547731469,-0.11241146604050738,0.3493152833900201,0.0,-9.733026986007841e-05,-0.00034441699768307147,0.0022686056455671916,1.7172026997953687,1.7176775250250467,1.7171462706408078,1.717718494170642,0.10060332000407891,-0.31107262128684665,0.0,-0.0005191140841656026,-0.0028631306749302013,0.0
133.22587568502917,381.4118972623237,-249.22882637677193,1.5,0.5888718584132936,-0.014108799038882226,0.010282029174355682,0.8080378431946192,0.05477682065668073,-0.17040631944258794,0.0,3.827771385158973e-05,-0.03331805052918909,-0.001117029631044456,-0.10490917058936079,0.3261023666441761,0.0,-0.00011489201308977907,-0.0003373680783881252,0.002157748679294975,1.7170622762117544,1.7175125132102886,1.7170035863369772,1.7175492333442912,0.10054228325767844,-0.3113021329577625,0.0,-0.0006407236677028033,-0.0028863510487432127,0.0
133.30047024028394,381.4156983942554,-249.24065202579212,1.5,0.5889155035137063,-0.013103916230404118,0.009550498254681471,0.8080319332079097,0.04723087208965302,-0.14694714223822825,0.0,3.212193359795357e-05,-0.03334218048430073,-0.0009624445522357642,-0.09741009412360467,0.302873454374809,0.0,-0.00012967926427802766,-0.0003167585698634168,0.0019742703945602896,1.7169395736537385,1.7173503824596106,1.7168809803932028,1.7173813733079166,0.10051637686570743,-0.31150177023764,0.0,-0.0007792315528178248,-0.00277382733673174,0.0
133.37506479553872,381.4189575007939,-249.2507923886292,1.5,0.5889537940501007,-0.012098426123101845,0.008818275749568429,0.8080280283332626,0.04024420839900374,-0.12522127184684448,0.0,2.380696913959217e-05,-0.03336423128307527,-0.000821341981462207,-0.08991407683498569,0.2796296874299556,0.0,1.11292932818115e-05,-0.0003441464070156853,0.0018351592460813036,1.716814659234433,1.717189490635687,1.7167714417000604,1.7172436068739405,0.10047736346675452,-0.3116933486633824,0.0,-0.00035566644245589097,-0.002410390476957956,0.0
133.4496593507935,381.42171629356045,-249.25937680085838,1.5,0.5889870569376024,-0.011092348622623757,0.00808544899833428,0.8080258857713105,0.03381663487003588,-0.10522977034422172,0.0,1.8655452111153884e-05,-0.0333850630173961,-0.0006891138672380649,-0.08241983541657777,0.25637252294671115,0.0,-8.041312917895706e-05,-0.00025157146934894406,0.0016889557099541833,1.7167090608972828,1.7170632441469769,1.7166653665584501,1.7170907013287542,0.1004512498870414,-0.3118623108505211,0.0,-0.000395737872665292,-0.0020883931407195606,0.0
133.52425390604827,381.424016472828,-249.266534672718,1.5,0.5890156199088271,-0.010085745297642706,0.0073520705074034114,0.8080252621697327,0.027948022222811376,-0.0869735790960435,0.0,1.4390716858859663e-05,-0.03340451401738707,-0.0005702828341619992,-0.0749271864565051,0.23310333313525325,0.0,-6.0433019263810486e-05,-0.00023758532461983937,0.0015063943280775576,1.716615892740389,1.716929923722514,1.7165764418224274,1.7169576697609725,0.10044209822934484,-0.31202080383097425,0.0,-0.00019651636116153236,-0.00193761972897534,0.0
133.59884846130305,381.42589973102133,-249.27239548177943,1.5,0.5890398611689656,-0.009078636364924472,0.006618205602265729,0.808025878094511,0.022638300855849957,-0.07045356568774609,0.0,1.0506798548758777e-05,-0.033421147767863875,-0.00046169803721869896,-0.06743516688535854,0.20982320538628838,0.0,-5.584085948250091e-05,-0.00023808656296172998,0.0013962271278355504,1.7165270745081058,1.7168156109297852,1.7164876897785954,1.7168435658774743,0.10043189764325947,-0.3121548018725146,0.0,-0.00010200331894987852,-0.001971730517784082,0.0
133.67344301655783,381.42740775624225,-249.2770887664291,1.5,0.5890600717724134,-0.008071069160293173,0.005883885766782663,0.8080275178323895,0.01788741766948503,-0.05567049938098985,0.0,7.244386141601129e-06,-0.033436878357681867,-0.00036453017748078,-0.05994369789707007,0.18653298189241263,0.0,-2.29218588682209e-05,-0.00016458183183962812,0.0012058090246400148,1.7164508856386802,1.7167058742473609,1.7164260927356363,1.7167276313691158,0.10042842894913755,-0.31228155793922674,0.0,3.233902975777263e-05,-0.0012221441678550958,0.0
133.7480375718126,381.42858223390056,-249.280744120164,1.5,0.5890766434507757,-0.007063106633802776,0.005149203728120904,0.8080298920005456,0.013695354355105813,-0.04262506788671694,0.0,4.704524151483125e-06,-0.03345030557122168,-0.00027993061529258957,-0.05245225329004203,0.16323465053781355,0.0,-4.344603461255018e-05,-0.000172324363792703,0.0010839860196537273,1.7163869282858881,1.7166127087468268,1.71635773816605,1.7166322589449698,0.10042813365679878,-0.3123878036971625,0.0,-9.751475106320662e-05,-0.0014047353546041167,0.0
133.82263212706738,381.42946484897516,-249.28349118311291,1.5,0.5890898812872856,-0.006054778882786776,0.004414188504133965,0.8080327755465507,0.010062114684515224,-0.03131785677662905,0.0,3.57557596222252e-06,-0.03346189326191313,-0.00020465275813090752,-0.044960582140000475,0.13992878853122515,0.0,-2.0773843610776795e-05,-0.0001450571873321996,0.0009170493643997285,1.7163332890769418,1.7165244017726777,1.7163108055942997,1.7165429464513817,0.10043860594500173,-0.31247589531808,0.0,7.660545263623466e-05,-0.001124094679390235,0.0
133.89722668232216,381.43009728793476,-249.2854596365333,1.5,0.5891001413277751,-0.005046138752485863,0.0036788972148786756,0.8080359061864568,0.006987735514023556,-0.021749371920800103,0.0,1.553471889485899e-06,-0.033471926445974944,-0.00014311490206493036,-0.03746849694974448,0.11661667146917172,0.0,-1.8355068325619847e-07,-0.00011694461583155578,0.0007500231811373969,1.7162903932058315,1.7164469370436832,1.7162745062682903,1.7164641269755971,0.10043890840978563,-0.3125555127117324,0.0,0.00022452891973792768,-0.0008433470215007263,0.0
133.97182123757693,381.4305212396284,-249.28677919657753,1.5,0.5891077798888059,-0.004037231716599431,0.0029433829623601005,0.8080390219112475,0.004472243775994757,-0.01392004529582466,0.0,8.516214739465866e-07,-0.03348004285735601,-9.090541439741516e-05,-0.029975780649924382,0.09329941180101396,0.0,-2.4631683711991565e-05,-9.723276663134885e-05,0.0006282691735070715,1.7162567190981315,1.716387953513254,1.7162399152915664,1.7163986512642342,0.10044835658944011,-0.31261672762548176,0.0,-3.5421926082554547e-05,-0.0007822641989207132,0.0
134.0464157928317,381.43077839571345,-249.2875796082236,1.5,0.589113102572069,-0.003028116648827528,0.002207683231662629,0.808041898061122,0.002515681734895041,-0.007830220197644816,0.0,5.827143260937258e-07,-0.033486386367483245,-5.128205003836372e-05,-0.022482654352720267,0.06997801381999927,0.0,7.3373011991491225e-06,-7.312380316943267e-05,0.0004373146008332832,1.7162373973960723,1.7163279748869347,1.7162283366398736,1.7163395966571058,0.10045885867508252,-0.31266363310887746,0.0,0.00022266241156770192,-0.0005085255293357035,0.0
134.1210103480865,381.43091045097214,-249.2879906392166,1.5,0.5891165015347337,-0.0020188233092353035,0.0014718723078755522,0.8080442472809466,0.0011181015287191978,-0.0034801600469704656,0.0,2.8615135137091832e-06,-0.03349094210557638,-2.2704346435234014e-05,-0.014988482695623234,0.04665371823800037,0.0,0.0002399183363107153,-4.5388356244881765e-05,0.0003665393320023477,1.7162004454593605,1.7162786125853586,1.7162280636975409,1.7163190685709464,0.10048981731106828,-0.3126898493879393,0.0,0.002310230888470148,0.0003896130875850922,0.0
