t,p_x,p_y,p_z,q_w,q_x,q_y,q_z,v_x,v_y,v_z,w_x,w_y,w_z,a_lin_x,a_lin_y,a_lin_z,a_rot_x,a_rot_y,a_rot_z,u_1,u_2,u_3,u_4,jerk_x,jerk_y,jerk_z,snap_x,snap_y,snap_z
0.0,0.0,20.0,1.5,1.0,0.0,0.0,0.0,0.0,0.0,0.0,2.277349531645968e-10,0.04019337845989542,-8.211865518375611e-07,0.0,0.0,0.0,8.29556901420462e-07,2.117465935334589e-11,-3.2348831723979093e-07,1.7162351026399953,1.716235027991855,1.7162352152922677,1.7162351406381247,0.394160385204759,0.0,0.0,0.0,0.0,0.0
0.07459455525477557,2.7267279808038337e-05,20.000000000041414,1.5,0.9999988763734861,1.8644663972057496e-10,0.0014990836368803991,-1.2250982984978344e-07,0.0010966172595205533,1.302401547129665e-09,0.0,2.3663636301826552e-07,0.04019181829363609,-9.134854693632128e-06,0.029401926297250282,-7.258856596164689e-09,0.0,1.230626657274361e-06,-4.182993239357427e-05,-0.00026418963672379496,1.7162762154850664,1.7162093330003727,1.7162704219541536,1.7162153707603758,0.3941486282746239,-2.4175517954452104e-06,0.0,-0.0003152216460452033,-1.5668813758188295e-05,0.0
0.14918911050955114,0.00021813628648863857,20.0,1.5,0.9999955058449261,2.9382942753311604e-09,0.0029980475296296576,-9.800648725949485e-07,0.0043864036187582075,-3.4391589187224556e-09,0.0,2.260536455802438e-07,0.040187138136929645,-4.023568272481312e-05,0.058802098606400045,-1.1526026055600041e-07,0.0,1.1353548219962002e-05,-8.365008027601991e-05,-0.0005283356345329497,1.7163321625059438,1.7161984089914741,1.7163217095613785,1.716211615859926,0.39411335833546507,-3.0902441372119183e-06,0.0,-0.0006304141061757256,-6.21380436455799e-05,0.0
0.2237836657643267,0.0007361989871897047,19.999999999022773,1.5,0.9999898894643704,1.4886697172983251e-08,0.004496771963907286,-3.3076832154902897e-06,0.009869162825114228,-2.9043578873153273e-08,0.0,3.703147758402133e-07,0.040179339095648914,-8.79664251899852e-05,0.08819876309883708,-5.837211433241698e-07,0.0,1.07875058440028e-05,-0.00012545077228688338,-0.0007925263562808653,1.7164043354705723,1.7162037033592334,1.7163876197962513,1.7162224705123996,0.39405457874276056,-6.2377527688932365e-06,0.0,-0.0009455509700925577,-0.00014044906603463426,0.0
0.2983782210191023,0.0017450278304904047,19.99999999443564,1.5,0.999982028972254,4.700452601565323e-08,0.005995137284649442,-7.840301074729884e-06,0.01754456781081063,-1.1004258144875529e-07,0.0,1.8263052721893579e-06,0.04016842297867236,-0.0001584689272546355,0.11759016625600009,-1.8439177509600064e-06,0.0,2.0130126798160593e-05,-0.00016722207751960995,-0.0010565729687770935,1.716491262547579,1.7162237892842713,1.716469560435219,1.7162493846360298,0.3939722945129909,-2.471699814500832e-05,0.0,-0.001260604585067026,-0.00024846914834871994,0.0
0.3729727762738778,0.0034081659892850127,19.999999979082915,1.5,0.999971926784923,1.1474904489464789e-07,0.0074930239259230315,-1.5312773290104776e-05,0.02741216072117896,-3.3415896409502076e-07,0.0,3.9330961957994445e-06,0.04015439236272871,-0.00024558866257681403,0.1469745550212389,-4.501436752402663e-06,0.0,2.9762265423138225e-05,-0.00020895426169205091,-0.0013205672985626678,1.71659360190403,1.716259305145899,1.716566865843955,1.7162916700027648,0.39386651299578845,-5.063777847065055e-05,0.0,-0.001575550125288097,-0.0003886127425225828,0.0
0.4475673315286534,0.0058891176062336155,19.99999993767932,1.5,0.9999595859743751,2.378914028927785e-07,0.00899031244058347,-2.6459791060234128e-05,0.03947135295500787,-8.355029315716277e-07,0.0,6.320799633701047e-06,0.04013725048850626,-0.00035548260415978195,0.17635017693900013,-9.332754851200033e-06,0.0,4.7686961491201636e-05,-0.0002506374151416429,-0.001584382340707289,1.7167107712253777,1.7163096993659748,1.7166800522014949,1.716349870672894,0.393737242860225,-8.339200406375021e-05,0.0,-0.0018903642640980766,-0.0005587443437095896,0.0
0.522161886783429,0.00935133804255111,19.999999842920122,1.5,0.999945010242212,4.40628846235742e-07,0.010486883529997857,-4.2015910665669816e-05,0.05372142521362717,-1.8033795806066721e-06,0.0,1.0458611963230325e-05,0.04011700145086009,-0.0004819686324965108,0.20571528028347252,-1.728735777981854e-05,0.0,5.810742075498763e-05,-0.00029226112861079274,-0.0018482227617912903,1.716843870146346,1.7163760259490148,1.7168080221230837,1.7164228404303727,0.3935844947693844,-0.00013566202531679252,0.0,-0.00220502599669395,-0.0007596051936047994,0.0
0.5967564420382045,0.013958224130834836,19.99999965000256,1.5,0.9999282038878122,7.515491536739577e-07,0.011982618073792955,-6.271544254677125e-05,0.07016152755975093,-3.5200184665301757e-06,0.0,1.5179449380335935e-05,0.0400936499662081,-0.0006312131057122885,0.23506811417300016,-2.9486918780100105e-05,0.0,7.536314157503021e-05,-0.00033381218894946237,-0.0021118758316681138,1.716991849983644,1.7164572872050397,1.7169517220834865,1.7165115729397973,0.393408281161664,-0.0001975775004752005,0.0,-0.002519518815668152,-0.0009925490378083466,0.0
0.6713509972929801,0.01987310443259028,19.99999929028444,1.5,0.9999091717707131,1.2035352171139405e-06,0.013477397159897053,-8.929250983248951e-05,0.08879067948456477,-6.34537735974998e-06,0.0,2.1062007016379593e-05,0.0400672017572686,-0.0007970513748474092,0.2644069286727608,-4.7223313616630825e-05,0.0,9.603891060818273e-05,-0.00037529134794190216,-0.002375336419589487,1.7171549033334743,1.7165536769378238,1.7171108970707287,1.7166158143496602,0.3932086157398282,-0.00027684849303511296,0.0,-0.002833832548514147,-0.0012553918567635124,0.0
0.7459455525477556,0.027259229501077672,19.99999866455656,1.5,0.9998879192672421,1.8338797309655495e-06,0.014971102113373116,-0.00012248090851843952,0.10960776998310438,-1.0739168530216287e-05,0.0,2.951676851889435e-05,0.040037663076797354,-0.000985581637841169,0.2937299748530003,-7.196069484550025e-05,0.0,0.00010845648704903014,-0.0004166854971474865,-0.002638902587877729,1.7173338716670477,1.716665970032767,1.7172847050752893,1.7167346516690252,0.39298550974634694,-0.000385661550605701,0.0,-0.003147943018770003,-0.001549303547393702,0.0
0.8205401078025313,0.03627976214965455,19.999997634602135,1.5,0.9998644522213203,2.684152914762136e-06,0.016463614528017024,-0.00016301419438098096,0.13261155762614377,-1.7289499176548668e-05,0.0,3.970507714945142e-05,0.040005041038684706,-0.0011906708468106951,0.32303550487847155,-0.00010533275530545243,0.0,0.0001432620720482952,-0.00045795735174891276,-0.0029016548882963168,1.7175264228827491,1.7167920519522417,1.7174751886350106,1.716870334232472,0.39273898084577985,-0.0005176452653426338,0.0,-0.0034618571424117504,-0.0018729448611415251,0.0
0.8951346630573068,0.04709776772616533,19.99999601370136,1.5,0.999838776889564,3.8003099536976776e-06,0.017954816294786437,-0.00021162551560234305,0.15780067064900807,-2.6713138271059722e-05,0.0,5.0991601093225765e-05,0.03996934337262379,-0.0014184726772985122,0.3523217720090003,-0.0001491446055560005,0.0,0.00017088183980101706,-0.0004991232838783394,-0.003164512351228673,1.7177347297329126,1.7169338811891737,1.7176803016683597,1.7170206060500073,0.3924690429631025,-0.0006659334643344018,0.0,-0.003775576828162128,-0.002228263824400752,0.0
0.9697292183120824,0.059876204393535755,19.999993556989917,1.5,0.9998108998805616,5.232508385726359e-06,0.019444589632139273,-0.0002690477285423679,0.1851736070301459,-3.985424768546303e-05,0.0,6.43857473640072e-05,0.0399305791524408,-0.0016628077248275511,0.3815870306093006,-0.00020536902413581523,0.0,0.00019989460259325009,-0.0005401780735764143,-0.003427143377778482,1.7179580823042173,1.7170908254881607,1.7179005841588046,1.7171860824928233,0.3921757111310917,-0.0008429504658481281,0.0,-0.0040891039124956565,-0.0026131525132333873,0.0
1.044323773566858,0.07477791341643622,19.99998995078812,1.5,0.9997808280884543,7.035244851068086e-06,0.02093281711565841,-0.0003360132028181055,0.21472873457424244,-5.7713745594928294e-05,0.0,8.081576908335868e-05,0.03988875827188829,-0.0019297590128590542,0.41082953611200035,-0.00027614885173900115,0.0,0.00023171551888935196,-0.0005810960623136064,-0.00368947883796565,1.7181963366050272,1.7172627610737914,1.7181360627835163,1.7173668019280124,0.391858998273586,-0.001056559342298003,0.0,-0.004402441187791004,-0.0030285223631654687,0.0
1.1189183288216336,0.09196560945387162,19.99998480016516,1.5,0.9997485686206565,9.267223503542999e-06,0.022419381709326662,-0.00041325396370011334,0.2464642909879371,-8.147241058000859e-05,0.0,9.892282835995891e-05,0.039843890280947813,-0.0022132385541557844,0.44004754497949505,-0.0003637942191693489,0.0,0.0002657218242465992,-0.0006218573561620802,-0.0039515568243230536,1.7184494675047477,1.7174496568281443,1.7183866621918922,1.7175626774111292,0.3915189187476409,-0.0012947472925941403,0.0,-0.004715615271578405,-0.003473680804360641,0.0
1.193512884076409,0.1116018708574659,19.9999776162986,1.5,0.9997141287199767,1.1991402832971439e-05,0.023904166794470168,-0.0005015014720402397,0.2803783839556645,-0.00011246872607567209,0.0,0.00012052028421006114,0.03979598793192181,-0.002519278556971388,0.46923931458200047,-0.00047078311581300167,0.0,0.00029366807700487456,-0.0006624730800407203,-0.004213714031484835,1.7187180552111814,1.7176520147629613,1.7186517627401827,1.7177730120969619,0.391155483003326,-0.0015755577676089538,0.0,-0.0050286535261924795,-0.0039490092684764475,0.0
1.2681074393311846,0.1338491299748181,19.999967802806754,1.5,0.9996775156808531,1.5274900663086558e-05,0.02538705619942665,-0.000601486793167914,0.3164689911999185,-0.00015224918460913074,0.0,0.00014485148669645323,0.03974506277828075,-0.002841774071645351,0.49840310305076263,-0.0005997593144344837,0.0,0.00034072847374954637,-0.0007028991916591067,-0.004474732068670005,1.7190000957727674,1.717868118552423,1.7189329622670302,1.717999678532617,0.3907687001616537,-0.0018925719446013936,0.0,-0.005341574391387608,-0.0044540698208132955,0.0
1.3427019945859602,0.15886966345703288,19.99995464055064,1.5,0.9996387367599674,1.9189034679909405e-05,0.02686793423196927,-0.000713940350659523,0.3547339605323207,-0.000202562734824801,0.0,0.00017136546717396058,0.039691127231978436,-0.0031868563932508495,0.5275371691420006,-0.0007535327509520031,0.0,0.00038729066036176656,-0.0007431447777462958,-0.004735555611819378,1.7192970358900044,1.7180991960544911,1.719228899374336,1.7182410981582532,0.3903585788245025,-0.0022407756674211066,0.0,-0.005654442872297631,-0.004988493460573686,0.0
1.4172965498407357,0.18682558256965168,19.99993727242022,1.5,0.9995977990810437,2.3809235389377615e-05,0.028346685706147186,-0.0008395921215736168,0.3951710098919871,-0.00026536118329622453,0.0,0.00020143849527899587,0.039634197144787164,-0.0035483263447105874,0.5566397719469394,-0.0009350775867457845,0.0,0.00042478337513353613,-0.0007832093705997248,-0.00499659834251807,1.7196094407522895,1.718345718148606,1.7195389639438343,1.7184965642355996,0.38992512333865026,-0.002633629312636873,0.0,-0.005967282380091255,-0.0055526437333392525,0.0
1.4918911050955113,0.21787882350580537,19.99991468686504,1.5,0.9995547095340379,2.9215028713890546e-05,0.029823195976345498,-0.0009791713659152456,0.4377777273697528,-0.0003428345281020015,0.0,0.00023479400496888034,0.039574286399293834,-0.003932285736058087,0.5857091706960006,-0.001147531382900004,0.0,0.00046621724016175805,-0.0008230778323255146,-0.005257215564739555,1.719936257150056,1.7186067833459735,1.719863912388203,1.718766979008572,0.389468323997281,-0.0030698643628998576,0.0,-0.006280164531474855,-0.0061455839892945886,0.0
1.566485660350287,0.2521911376997082,19.999885700323798,1.5,0.9995094746684337,3.5490043540020575e-05,0.031297350964766935,-0.0011334068452524529,0.4825515711889457,-0.00043740634326168177,0.0,0.00027229005436980663,0.03951141242399773,-0.0043325616714997,0.614743624382383,-0.0013941950017447107,0.0,0.00051778715355162,-0.0008626730269770024,-0.005516920420721173,1.7202768892780191,1.7188819202435413,1.720204072582627,1.719052770653708,0.38898817893561244,-0.003557686693000934,0.0,-0.0065931515862893775,-0.006768058407512047,0.0
1.6410802156050626,0.2899240821383992,19.99984893853292,1.5,0.9994621005812163,4.2721904885721156e-05,0.032769037191925116,-0.0013030265292110336,0.529489869674557,-0.0005517697916142026,0.0,0.00031206923557950826,0.03944558988163315,-0.004755346108491685,0.6437413913950005,-0.0016785299536400066,0.0,0.0005842077025489953,-0.000901982415833497,-0.005775428376382415,1.7206309053291875,1.7191707644577725,1.7205596476122866,1.7193542061561526,0.388484693471576,-0.004080255821225161,0.0,-0.006906314262699256,-0.007418731425864479,0.0
1.715674770859838,0.331239009671088,19.99980281736398,1.5,0.9994125927985199,5.10022479549805e-05,0.034238141810070954,-0.0014887578393080788,0.5785898212260767,-0.000688861580303819,0.0,0.00035551965633937493,0.03937683854894322,-0.0051944463460362866,0.672700729151644,-0.0020041584112933243,0.0,0.0006195491131150946,-0.000941190514870898,-0.006035678365138435,1.7210018013905215,1.7194761092647,1.7209276491460566,1.7196676435649034,0.3879578348981151,-0.004650478284335041,0.0,-0.007219747196521437,-0.0080979182889753,0.0
1.7902693261146136,0.376297059312965,19.99974552346208,1.5,0.9993609561524154,6.04267008882609e-05,0.035704552631500325,-0.0016913273273677545,0.6298484941939151,-0.0008518890869630038,0.0,0.00040462440675382547,0.03930518306392705,-0.005655783480880083,0.7016198935750007,-0.0023748622378000086,0.0,0.0006573423778645446,-0.0009801652601362915,-0.00629551462341604,1.7213868739973424,1.7197957702682438,1.7213101053912871,1.7199955869865133,0.387407576906894,-0.005289139119128163,0.0,-0.007533541899502505,-0.008806229297510551,0.0
1.8648638813693892,0.4252591465396282,19.999674992586854,1.5,0.9993071946512508,7.109474851435073e-05,0.03716815815754084,-0.0019114609490706658,0.6832628267449943,-0.0010443735482707013,0.0,0.00045758525459711817,0.039230638538012445,-0.006133377916031791,0.7304971385253968,-0.0027945800377443546,0.0,0.0007301798799891063,-0.0010186164065968202,-0.00655251763072736,1.72178340930916,1.7201276326473827,1.721708986841539,1.7203405245968386,0.3868339010508396,-0.005979688812256318,0.0,-0.007847806436561588,-0.009542931357693987,0.0
1.9394584366241647,0.4782859535709814,19.99958888707508,1.5,0.9992513113450922,8.310975378982402e-05,0.03862884761275293,-0.0021498837162358207,0.7388296267196475,-0.001270130392400806,0.0,0.0005135009863189164,0.03915322273235105,-0.006633348481081935,0.7593307152720007,-0.0032674068637300125,0.0,0.0008048330992893331,-0.001056836036988389,-0.006809036286229412,1.722193968583574,1.7204736750456704,1.7221220821739547,1.7206997435797642,0.3862367547108005,-0.00671343712117572,0.0,-0.008162664358397832,-0.010306215527093916,0.0
2.0140529918789403,0.5355379196406684,19.999484573753037,1.5,0.9991933081847312,9.657897065881507e-05,0.04008651097095938,-0.0024073199892095196,0.796545571385805,-0.0015332687273416842,0.0,0.0005741824729665567,0.03907296274579909,-0.007149474731205498,0.7881188717364346,-0.0037975941813196794,0.0,0.0008492151020108102,-0.0010948507492847697,-0.007067530702525156,1.7226209877922114,1.7208357644399708,1.722547323995202,1.7210706101001354,0.3856160845464439,-0.007507109889469756,0.0,-0.008478194716796643,-0.011097836576402025,0.0
2.088647547133716,0.5971752312456338,19.99935910066068,1.5,0.9991331858757089,0.00011161338105050738,0.04154103899818637,-0.002684493110529687,0.8564072071463316,-0.0018382257187396093,0.0,0.0006403083538402295,0.038989891558286395,-0.0076877277030892,0.8168598520140009,-0.004389545871090019,0.0,0.0009094593898030728,-0.0011325472929575482,-0.007324444992635371,1.7230606980040422,1.721210971242049,1.7229874546028963,1.721456668291377,0.3849718721777829,-0.008369783370724375,0.0,-0.008794677980919784,-0.011916673836901351,0.0
2.1632421023884914,0.6633578123757427,19.999209171919855,1.5,0.9990709437264624,0.00012832772738261195,0.04299232326470005,-0.0029821257206465333,0.9184109492992076,-0.002189788121560588,0.0,0.0007105670745909443,0.038904021489734535,-0.008242139408272241,0.8455518952069638,-0.00504781856672669,0.0,0.0009766720879079013,-0.0011697558986789537,-0.007580416889648314,1.7235136662818795,1.7215997390890116,1.7234418412619574,1.7218571145057688,0.3843040051779333,-0.009288464210882738,0.0,-0.009112225934029225,-0.012762300968482302,0.0
2.237836657643267,0.7342453147158781,19.99903112242864,1.5,0.9990065794918236,0.00014684046519114946,0.044440256179003344,-0.003300939361621597,0.9825530815433879,-0.002593071286197012,0.0,0.0007860997951106496,0.03881538846966498,-0.008818626726987725,0.8741932346270008,-0.005777119836260023,0.0,0.0010320190634935053,-0.0012068483268033445,-0.00783707752613967,1.7239813430098083,1.722003092908678,1.7239091904893813,1.722270327886151,0.383612411849162,-0.010274499184937976,0.0,-0.009430770156352334,-0.013635435073636263,0.0
2.3124312128980424,0.8099971078141254,19.99882089204113,1.5,0.9989400892078472,0.00016727363659380418,0.04588473104530768,-0.0036416548228224302,1.0488297555593336,-0.003053551929497549,0.0,0.0008672211422890183,0.038724020936334765,-0.009411097837616967,0.9027820973935223,-0.006582305389806384,0.0,0.0011124164227752245,-0.0012431479104031836,-0.00809106513022271,1.7244605508112572,1.7224187284823997,1.7243916778281128,1.7226991624045713,0.38289701772090035,-0.011332435592713786,0.0,-0.009750766383126075,-0.014534326808847964,0.0
2.387025768152818,0.8907722692171464,19.9985739979128,1.5,0.998871467025973,0.00018975294674733123,0.04732564206194608,-0.004004991713405567,1.117236990543694,-0.003577090752147216,0.0,0.0009521088328879003,0.03862993305978604,-0.010025715991342136,0.9313167027820007,-0.007468379594880027,0.0,0.0011862892835585155,-0.0012792337833668129,-0.008345297680339432,1.724953799875136,1.7228484009201754,1.7248872340215606,1.7231409571240688,0.38215766419325903,-0.012443570938853184,0.0,-0.010072330174663208,-0.015460178409331948,0.0
2.461620323407594,0.976729574561906,19.99828550707899,1.5,0.9988007050372172,0.0002144075816468187,0.04876288436301717,-0.004391668833810971,1.1877706725157886,-0.004169897082602661,0.0,0.001043079154994748,0.038533167497940286,-0.010656222454587283,0.9597952613645314,-0.008440491579420078,0.0,0.0012563367034508514,-0.001314925613428374,-0.008599417807346773,1.7254607060187448,1.7232918383611626,1.725395922078992,1.7235958276716568,0.38139421548795427,-0.013632337975081925,0.0,-0.010395619036486796,-0.01641201461115599,0.0
2.5362148786623693,1.0680274876138227,19.99795000806964,1.5,0.9987277930938014,0.00024137023053760105,0.05019635405952535,-0.00480240372392172,1.260426553538486,-0.00483859098431902,0.0,0.0011395021249097112,0.03843376943624651,-0.011308649710907151,0.9882159740570008,-0.009503934588160031,0.0,0.0013396875093538761,-0.0013501225772351434,-0.008851824215775695,1.7259797584003822,1.7237479159574354,1.7259186385123346,1.7240650236249346,0.3806066967144015,-0.014892627516388089,0.0,-0.010720959260707985,-0.017388432371480092,0.0
2.610809433917145,1.1648241502578098,19.997561580914294,1.5,0.9986527186233138,0.00027077703517787866,0.05162594825206431,-0.005237913051667674,1.3352002512710386,-0.005590189329951134,0.0,0.0012413222881282684,0.0383317574414431,-0.011976975472985006,1.0165770305221908,-0.010664144654364755,0.0,0.001407994637894038,-0.0013849080615744881,-0.009105290201017047,1.7265131442166302,1.7242181703765287,1.7264535853682492,1.7245461175771233,0.3797948137276928,-0.016223203730446938,0.0,-0.01104844729611633,-0.0183903455760867,0.0
2.6854039891719204,1.2672773724295878,19.99711376729732,1.5,0.9985754664393475,0.0003027675106749653,0.05305156508263527,-0.005698912138047667,1.4120872478393807,-0.006432109877406831,0.0,0.0013496813086520164,0.03822717013260423,-0.01266703490069874,1.044876608280001,-0.011926697855900047,0.0,0.0014868296824363742,-0.001419190821903994,-0.009357234848820492,1.727058635181783,1.7247009872074097,1.7270021388239507,1.7250410630219561,0.378958321654318,-0.017636917899524297,0.0,-0.011378479742851937,-0.019417575654286215,0.0
2.759998544426696,1.3755446219672829,19.996599539220828,1.5,0.9984960185442824,0.000337484483836971,0.05447310374921612,-0.006186115369643483,1.4910828887435885,-0.007372211590578825,0.0,0.0014628750190881204,0.038120041702284085,-0.013372996673331474,1.0731128709890903,-0.013297308762372213,0.0,0.0015675428389186536,-0.001452928638252028,-0.00960852055875773,1.7276167926090633,1.7251967332015774,1.7275636744694358,1.725549032080583,0.3780972037675459,-0.019117717490573546,0.0,-0.011711252706869315,-0.02046995828769769,0.0
2.8345930996814714,1.4897830143950561,19.99601126748092,1.5,0.9984143539308037,0.00037507402010082306,0.05589046453604834,-0.006700235694371701,1.572182382189833,-0.00841875571422804,0.0,0.0015834562636943595,0.0380104209096416,-0.01410051630944772,1.101283966970001,-0.014781827694000056,0.0,0.0016503605210192594,-0.0014859258271364769,-0.009859071555369992,1.7281874543687727,1.7257052999566402,1.7281380694209252,1.7260698831152061,0.3772110623677005,-0.020691288858796356,0.0,-0.012046943310649613,-0.02154483766184113,0.0
2.909187654936247,1.6101493026197207,19.99534068913899,1.5,0.9983304483714408,0.00041568543960579323,0.0573035488655183,-0.007241985053179609,1.6553807974169512,-0.009580473162275402,0.0,0.0017101237273329463,0.037898352622490056,-0.014843739292699212,1.1293880280525035,-0.016386240689582388,0.0,0.0017343410313820904,-0.0015187684985915222,-0.01010897341257038,1.7287705858566336,1.7262265494663926,1.7287251052996861,1.7266034616533676,0.37629981993723954,-0.022342866640481497,0.0,-0.012385951975796788,-0.02264371176343135,0.0
2.9837822101910225,1.7367998665328166,19.99457887362756,1.5,0.9982442742109304,0.0004594712108805869,0.05871225931198866,-0.007812073846355419,1.740673063809273,-0.010866537574934849,0.0,0.0018424034728178446,0.03778385662185429,-0.015608632133582628,1.157423167610001,-0.018116665988800067,0.0,0.0018114418834542611,-0.001551075687343544,-0.010359244207639366,1.7293667209899284,1.7267608378556991,1.7293242053851654,1.727148898885111,0.3753631185488894,-0.02407016270178856,0.0,-0.012728638318953536,-0.0237672987354984,0.0
3.0583767654457983,1.86989070251619,19.993716189416485,1.5,0.9981558001459148,0.0005065868161720049,0.060116499629352976,-0.008411211397911735,1.828053969237494,-0.012286569186124054,0.0,0.0019820431934046705,0.03766699293225216,-0.0163890160739993,1.185387478773982,-0.01997935102545244,0.0,0.001908599545192205,-0.0015822877817966965,-0.010606540853703977,1.7299733685007461,1.7273065298370194,1.729936806915105,1.7277083190309799,0.37440063138987656,-0.025891821437845845,0.0,-0.013075241374274483,-0.024912592016263137,0.0
3.132971320700574,2.0095774128227784,19.99274226886612,1.5,0.9980649910062912,0.0005571908717382003,0.061516174789595056,-0.009040105375510185,1.9175181582985317,-0.013850686298386669,0.0,0.0021271984451862267,0.037547807349951,-0.017190996730255113,1.2132790327600014,-0.02198067323270009,0.0,0.0020006364436593958,-0.0016130107379866091,-0.01085396366414481,1.7305925808623068,1.7278648774402658,1.7305612857493218,1.7282794674802304,0.37341233044373895,-0.02778751502975558,0.0,-0.013426096096470316,-0.026081890013640918,0.0
3.2075658759553494,2.156015194846655,19.99164597268743,1.5,0.9979718075230503,0.0006114448445691345,0.0629111910210739,-0.009699462288609215,2.009060131173605,-0.015569462390090917,0.0,0.002279164970033496,0.037426351415266616,-0.018008466202949054,1.2410958771460279,-0.02412713410927897,0.0,0.0020900288284517086,-0.0016432841065473808,-0.011101104534809485,1.7312239736446742,1.728435589359141,1.7311976406774088,1.7288624382545799,0.3723976886023231,-0.029772945184719006,0.0,-0.0137816193567238,-0.02727267786279402,0.0
3.282160431210125,2.3093588302682027,19.99041535437576,1.5,0.9978762061013069,0.0006695131898781799,0.0643014558293552,-0.010389986870840641,2.102674241459204,-0.017453965501656486,0.0,0.002438989738429677,0.03730267190108189,-0.018847147060699256,1.268836033670001,-0.026425360218400102,0.0,0.002182881886481746,-0.0016731459785849345,-0.011347239750134965,1.731866896852316,1.7290181853470241,1.7318460591173768,1.7294575830456946,0.37135614219278545,-0.031856852441624735,0.0,-0.01414209621965834,-0.028485392877653927,0.0
3.3567549864649004,2.4697626740344765,19.9890376226705,1.5,0.9977781385776187,0.0007315631481999621,0.06568687802672925,-0.011112382599800272,2.1983546937918996,-0.01951577977327802,0.0,0.002604914358444812,0.03717680354911107,-0.019701332084372886,1.2964974961455864,-0.028882098822079347,0.0,0.002278252074763485,-0.0017015168139284452,-0.01159244660235772,1.732521185554183,1.729612632537553,1.7325064244160397,1.7300646174623628,0.3702876172293903,-0.03402304065439517,0.0,-0.014508065929472872,-0.029719231238389855,0.0
3.431349541719676,2.6373806431939153,19.98749910424316,1.5,0.9976775519831131,0.0007977647642903216,0.06706736776928757,-0.011867351046568938,2.2960955423705838,-0.021766972159865696,0.0,0.002778938227790152,0.03704884520176534,-0.020576589463865855,1.3240782284300012,-0.031504216398700116,0.0,0.002362083453861001,-0.0017301540090424938,-0.011838603321022633,1.733188031404023,1.730219451920426,1.7331776753497754,1.7306822840698353,0.36919156446927043,-0.036291190122039095,0.0,-0.014879670713885114,-0.030974437936711858,0.0
3.5059440969744515,2.812366205572829,19.985785205729997,1.5,0.9975743882899744,0.0008682907800587948,0.06844283658325384,-0.012655592417694499,2.395890688253667,-0.02422014326558172,0.0,0.002960450713021578,0.03691881802741258,-0.021467087012301437,1.3515761620813493,-0.03429869615221841,0.0,0.0024731721536884114,-0.0017567297900479095,-0.012080387363873527,1.7338637429134078,1.7308365097504352,1.7338619688019827,1.731313638566256,0.36806748656570054,-0.03865638502233956,0.0,-0.015257489882348855,-0.03225010891142816,0.0
3.5805386522292273,2.994872368257628,19.98388037413548,1.5,0.9974685841650912,0.0009433165783511931,0.06981319741656968,-0.013477804865643237,2.4977338767542845,-0.026888426248263517,0.0,0.003147904086447096,0.036786775782758546,-0.022378841089132132,1.378989194460001,-0.037272634890200135,0.0,0.0025815323897329136,-0.0017834405980387933,-0.012321927037757542,1.7345509314133547,1.7314651558329668,1.7345573367864735,1.7319560691186773,0.36691513656618796,-0.04110302924145016,0.0,-0.015642107145595566,-0.03354550350253358,0.0
3.655133207484003,3.185051665896087,19.98176805791298,1.5,0.9973600707083515,0.0010230201345401446,0.07117836462547145,-0.01433468505687874,2.6016186952483653,-0.029785461634204945,0.0,0.003343519060604041,0.036652797733316,-0.023305661692284714,1.4063151853964735,-0.04043324166943643,0.0,0.0026744973643852738,-0.0018088123368068954,-0.012564882085543018,1.7352504027149467,1.7321060298131308,1.7352630444050132,1.7326082409596666,0.36573380680406997,-0.04365323386648652,0.0,-0.01603384909019315,-0.034860954771979834,0.0
3.7297277627387784,3.383056148794376,19.97943066712844,1.5,0.9972487731977897,0.0011075819395947653,0.07253825403632883,-0.015226927435026011,2.7075385699255645,-0.03292544894336694,0.0,0.0035469197795262525,0.03651694036995683,-0.024253366656465422,1.4335519553300011,-0.043787834085700146,0.0,0.002782237374657053,-0.001833362340381639,-0.012805063583782392,1.7359594306986348,1.7327573051730552,1.735980536568398,1.733272632747628,0.36452288812271194,-0.04630433408662066,0.0,-0.01643295057075259,-0.036194913514742376,0.0
3.804322317993554,3.5890373707821923,19.97684953219172,1.5,0.9971346108130006,0.0011971849085942177,0.07389278298971044,-0.01615522482468543,2.8154867627431566,-0.03632313854704206,0.0,0.003757778671377342,0.03637926002187224,-0.02521614633938959,1.4606972829602152,-0.047343836085084766,0.0,0.0028819113536611347,-0.0018573986099407799,-0.013045664412945631,1.7366798461809756,1.733420033029637,1.7367084026453812,1.7339471399138333,0.3632818884722541,-0.049052193845548576,0.0,-0.016840098506943405,-0.0375474221930971,0.0
3.8789168732483295,3.803146376847083,19.97400486280892,1.5,0.9970174963776146,0.0012920143950414717,0.07524187033736011,-0.017120267633779388,2.925456368279445,-0.03999382887375459,0.0,0.003976986424917913,0.036239853796166996,-0.026199601640467064,1.4877489018900012,-0.0511087758296002,0.0,0.002975846201248267,-0.0018800144549622115,-0.013286446253353628,1.737411242093071,1.7340940003808523,1.7374466762707863,1.7346317120199304,0.3620103006280904,-0.05190650883868815,0.0,-0.017256004306086398,-0.038918834871194116,0.0
3.953511428503105,4.025533690526311,19.970875706189606,1.5,0.9968973360720392,0.0013922580171001498,0.07658543648696405,-0.018122744499293613,3.037440310438392,-0.043953390227247396,0.0,0.004204439627222903,0.03609880184451467,-0.0271979155973928,1.5147044981332318,-0.05509028188962758,0.0,0.00309545028745934,-0.0019022839382909838,-0.013522486971016408,1.7381507291515568,1.7347773034747784,1.7381967909609355,1.7353290688049487,0.36070738229869526,-0.054867459942149276,0.0,-0.017680840414941966,-0.040308401646924175,0.0
4.0281059837578805,4.2563493010358515,19.96743990408912,1.5,0.9967740291660745,0.0014981056308793796,0.07792340344659725,-0.019163341432205227,3.1514313387148256,-0.04821827590327482,0.0,0.00443868359251613,0.03595608095434024,-0.028217011162292093,1.5415617075600014,-0.05929608009730022,0.0,0.0032231991549201253,-0.0019227112662980298,-0.013756472087519343,1.7388996029331953,1.7354708325300987,1.738957749898618,1.7360373793382557,0.3593722689121309,-0.05792037390602214,0.0,-0.01811532949103782,-0.04171327412714024,0.0
4.102700539012656,4.495742650107561,19.96367405011265,1.5,0.9966474677245002,0.0016097493567321913,0.07925569482325846,-0.020242742487925732,3.267422024013607,-0.05280549908058122,0.0,0.00468134839993391,0.035811839269112224,-0.029250839621795522,1.568318112227129,-0.06373399366264355,0.0,0.0033144899682787062,-0.0019432557826663751,-0.013995300434302959,1.7396617711629638,1.7361766338821474,1.7397269156647854,1.7367526835143972,0.3580044108843912,-0.061079546260723684,0.0,-0.018559863320814145,-0.04313594926675386,0.0
4.177295094267432,4.743862618529934,19.95955344673928,1.5,0.9965175363332502,0.0017273833651929094,0.08058223588104015,-0.021361628857173052,3.385404754907646,-0.05773266192063009,0.0,0.004933253728714003,0.03566619030295094,-0.03030492144372814,1.5949712380000016,-0.06841193610360027,0.0,0.0034220259336480317,-0.001961739047475743,-0.014230740383460757,1.7404322493702924,1.736891943318812,1.74050705103699,1.7374793230653467,0.3566030627952169,-0.06435614171602269,0.0,-0.019015243409196775,-0.044574073529621734,0.0
4.251889649522208,5.00085751238582,19.955052060727347,1.5,0.9963841117928076,0.0018512039024789252,0.08190295356190377,-0.022520679581355636,3.5053717333090577,-0.06301797663470649,0.0,0.005193310006451554,0.035519172348106566,-0.03137366357582677,1.6215185511539383,-0.07333791136637316,0.0,0.003538932961408721,-0.0019799585493225354,-0.014463709156240841,1.7412115819503653,1.737616836719589,1.7412975012238894,1.7382166883825674,0.3551673002494713,-0.06773788276992508,0.0,-0.01948186376724644,-0.04602767252826168,0.0
4.326484204776983,5.266875048952214,19.95014247831684,1.5,0.9962470628430686,0.0019814092433164715,0.08321777650579752,-0.023720570553857543,3.6273149697019864,-0.0686802480946723,0.0,0.005461315842393806,0.03537083799067363,-0.032462713735067525,1.6479574550100013,-0.07852000975410027,0.0,0.0036567253214821087,-0.0019968233521345117,-0.014695651337413974,1.742000306754616,1.7383516816028257,1.7420977400889197,1.7389637569311465,0.3536962890707884,-0.07122339186196668,0.0,-0.019960316539672687,-0.047496906352594744,0.0
4.4010787600317585,5.542062342237965,19.944795860551874,1.5,0.9961062498444727,0.002118199521820552,0.08452663509594306,-0.024961975300923752,3.7512262781283265,-0.07473888426954281,0.0,0.005737543376859642,0.03522133135157096,-0.033566299681437234,1.6742852869305151,-0.08396640424784058,0.0,0.003768712867572558,-0.002012178434454208,-0.014927548752995358,1.7427988224948494,1.7390966746190304,1.7429072746820893,1.7397197846719228,0.35218959022523433,-0.07481623280899506,0.0,-0.020451283834307634,-0.04898089496009699,0.0
4.475673315286534,5.826565888196376,19.93898189814444,1.5,0.9959615244999157,0.002261776745060853,0.08582946147867314,-0.026245563892595726,3.8770972727388675,-0.08121389804430837,0.0,0.006023488328711012,0.035070675523890496,-0.0346897285186916,1.7004993147800018,-0.08968534733270034,0.0,0.0038805993540811873,-0.002025909047045391,-0.015158500011094695,1.743606457729703,1.7398513859788742,1.7437262488689824,1.7404850898454722,0.35064485403611945,-0.07853104550234573,0.0,-0.02095536830777332,-0.05047727150941405,0.0
4.55026787054131,6.120531549522405,19.932668765320315,1.5,0.9958127295270675,0.0024123447366345427,0.08712618959193942,-0.027572003770358025,4.00491935992988,-0.08812593624661313,0.0,0.006318543390771049,0.03491895861756622,-0.03582740746109795,1.7265967333559782,-0.09568516955743156,0.0,0.004003092772191907,-0.002039538261880719,-0.015386486639038214,1.7444221571722225,1.740615009765621,1.7445549342584428,1.7412606262931927,0.34906147686825545,-0.0823603618360733,0.0,-0.021473169452851753,-0.05198657572615695,0.0
4.624862425796085,6.424104539959055,19.92582307280584,1.5,0.9956596983792689,0.0025701091136818713,0.08841675518188202,-0.028941958564584497,4.134683732524767,-0.0954962763501268,0.0,0.006620901348894532,0.03476642106565585,-0.03698516866946812,1.7525746606500012,-0.1019742753090003,0.0,0.004122005893687901,-0.002052121971034082,-0.01561412009092205,1.7452470138512464,1.7413881720726978,1.7453925247070492,1.7420448495205694,0.34744092675236893,-0.0862873388996837,0.0,-0.022005461507675662,-0.053510487421479194,0.0
4.699456981050861,6.737429408307257,19.918409821664717,1.5,0.995502254904468,0.002735277021196238,0.08970109586904884,-0.030356089004164775,4.266381368449999,-0.10334679915811947,0.0,0.00693241594370107,0.03461309819376245,-0.03815703835767379,1.7784301349873881,-0.10856113731712326,0.0,0.004242366022385424,-0.002061862565251696,-0.015840269945954,1.7460802376367126,1.742170608168128,1.7462392363385733,1.7428379719859615,0.3457802789506625,-0.09033256739089854,0.0,-0.02255259546522302,-0.055045435646080956,0.0
4.774051536305636,7.060650022048579,19.91039235658524,1.5,0.9953402130690236,0.0029080573161345893,0.09097915113660975,-0.031815051607985236,4.400003022029367,-0.11170003182367289,0.0,0.0072537542640322816,0.0344588350123634,-0.03934834565783238,1.8041601104800018,-0.1154542961230004,0.0,0.00435654742556119,-0.0020680590246227844,-0.01606642104446448,1.7469223385638888,1.7429626001665193,1.747094591682161,1.743639058828252,0.3440759032336594,-0.09449979598837725,0.0,-0.02311589536899798,-0.05659168512488019,0.0
4.848646091560412,7.39390955029882,19.901732317801248,1.5,0.9951733766084183,0.0030886603794936618,0.09225086237697448,-0.03331949965956909,4.535539213499947,-0.12057914765779057,0.0,0.00758419448988546,0.03430402421050802,-0.04055361576296875,1.8297614535570523,-0.12266235616025924,0.0,0.004485949894536964,-0.0020787265401048982,-0.016288454054740123,1.7477717297926412,1.743762375926342,1.7479589204238175,1.744450526264865,0.34232936066524283,-0.09878312877596158,0.0,-0.02369529449083119,-0.05814955791385312,0.0
4.923240646815188,7.737350446296385,19.89238959298904,1.5,0.9950015387529716,0.0032772980456126726,0.0935161728897768,-0.034870081800713756,4.67298022717163,-0.1300079649138167,0.0,0.007922937667177344,0.03414873169332964,-0.04177839069472176,1.8552309386400019,-0.13019397980500053,0.0,0.004620749634534232,-0.002082982115404411,-0.01650824067966824,1.7486284100542293,1.7445710494371045,1.7488323532334629,1.7452705258446,0.3405403717810054,-0.10317519985719482,0.0,-0.02429219723758659,-0.05971580060660987,0.0
4.997835202069963,8.091114429544586,19.882322269441275,1.5,0.9948244818644351,0.003474183612067155,0.09477502797348582,-0.036467443069305015,4.812316105006648,-0.14001093678964,0.0,0.008271414318461052,0.03399308855681296,-0.04301684944397374,1.880565245318327,-0.1380578874592968,0.0,0.004733374992427787,-0.0020899307200055494,-0.016730794857851488,1.7494953834796385,1.7453891891421287,1.7497127451179735,1.7460970341364883,0.3387060879658166,-0.10768803638448429,0.0,-0.024906635183946726,-0.061291982479157764,0.0
5.0724297573247386,8.455342467375221,19.87148658566264,1.5,0.9946419771706606,0.0036795317751536116,0.09602737488188491,-0.03811222335745779,4.953536637216549,-0.15061317862929144,0.0,0.008629229112032375,0.03383699245872525,-0.044274385998072124,1.9057609530700015,-0.14626285124500046,0.0,0.004854700511632497,-0.002091074084743833,-0.016950389834499403,1.7503690651851032,1.746215744798176,1.7506020665119562,1.746932130052205,0.3368240796514634,-0.11231956302968425,0.0,-0.025540112845712996,-0.06287756636601556,0.0
5.147024312579514,8.83017475586655,19.85983688232015,1.5,0.9944537843953517,0.003893558442970174,0.0972731628841579,-0.039805058559518804,5.096631353788778,-0.16184046015721362,0.0,0.00899642843266755,0.03368068212204477,-0.045545493695540805,1.9308145377723631,-0.15481769128571118,0.0,0.004984741613005501,-0.0020950916818043203,-0.01716673059240719,1.7512498764449043,1.7470499794687628,1.7514995407753116,1.7477763313242014,0.33489366837268003,-0.11707019206407679,0.0,-0.026192912156922522,-0.0644711244497522,0.0
5.22161886783429,9.215750700156189,19.84732555317156,1.5,0.9942596514954383,0.00411648087364868,0.0985123432789854,-0.0415465788611992,5.2415895165828905,-0.17371921230165227,0.0,0.009372856692786162,0.033524477666344456,-0.04683544755331136,1.9557223673800017,-0.16373127293500064,0.0,0.005115976818560349,-0.0020963540737238286,-0.017381374250430546,1.75213799663261,1.7478925224519255,1.752405066729765,1.7486283681794952,0.33291590129978227,-0.12193809642906482,0.0,-0.02686559514221231,-0.06607150220563537,0.0
5.296213423089065,9.612208894305327,19.833902995795423,1.5,0.9940593142832546,0.004348517452526592,0.0997448694303408,-0.0433374099940813,5.38840011613662,-0.1862765253999392,0.0,0.009758927583210094,0.03336824240158225,-0.048138729309286955,1.9804806978173841,-0.17301250245720298,0.0,0.005239444261833842,-0.002093832931128097,-0.017595875351941938,1.7530340131768978,1.7487437511247441,1.753318141256141,1.7494872300689501,0.3308863502095207,-0.12692635849210757,0.0,-0.027558952715529474,-0.06767860105254238,0.0
5.370807978343841,10.01968710050811,19.81951756208064,1.5,0.9938524961764948,0.00458988779387998,0.10097069677008581,-0.045178171361324966,5.537051857092311,-0.1995401575074504,0.0,0.010154595609950967,0.03321211028020727,-0.04946050615078364,2.005085668380002,-0.1826703229750007,0.0,0.005367931231863198,-0.002087339076977458,-0.01780778615823155,1.7539365973285899,1.7496029429715956,1.7542392610656312,1.7503539371957633,0.3288038083815749,-0.13203517691124636,0.0,-0.02827479165578054,-0.06929190525841973,0.0
5.4454025335986165,10.438322227538352,19.804115508345994,1.5,0.993638907809356,0.004840812505128367,0.10218978284582231,-0.04706947740993043,5.687533151618411,-0.21353853702753672,0.0,0.010559573231790922,0.0330563037235042,-0.05079546912301928,2.0295332977522365,-0.1927137100564884,0.0,0.005497379950758354,-0.0020859926860622934,-0.01801765832506617,1.7548466034642962,1.7504695337691472,1.7551674397716392,1.7512286671629251,0.3266670770559005,-0.13726179687602835,0.0,-0.029013035537151656,-0.07091023299729891,0.0
5.519997088853392,10.86825030859331,19.78764094556672,1.5,0.9934182467978571,0.0051015133430265735,0.10340208732285387,-0.049011935566348086,5.8398321102719315,-0.2283007554245711,0.0,0.010974733034612298,0.0329009987231216,-0.05214850195885142,2.0538194793100017,-0.20315166812600072,0.0,0.005627364967847116,-0.0020820709176104096,-0.01822566973737826,1.7557634115569123,1.7513439761673844,1.7561030875726187,1.7521106753910627,0.3244748417673614,-0.14261431325604637,0.0,-0.02977403036501758,-0.0725328392725492,0.0
5.594591644108168,11.309606478449545,19.77003578914711,1.5,0.993190197342904,0.005372212952758504,0.10460757201329043,-0.05100614774160027,5.993936532736672,-0.24385658851141043,0.0,0.011399213597589226,0.03274621235487669,-0.05351449053309269,2.0779399766464466,-0.21399322572316676,0.0,0.005758073485625002,-0.002070989717416296,-0.018431519827344648,1.756686519264938,1.7522264797331883,1.7570463956051319,1.7529995798319666,0.3222253146570552,-0.14808386830591166,0.0,-0.030559030085782306,-0.0741587449644596,0.0
5.669186199362943,11.762524949929752,19.7512397086766,1.5,0.9929544300147944,0.005653135045107838,0.10580620088439,-0.05305270806065069,6.149833898792651,-0.2602364748581432,0.0,0.011833840599913329,0.0325920336555524,-0.05489822101287112,2.1018904189700014,-0.2252474316590008,0.0,0.005883870444344685,-0.002057946054872038,-0.01863652162608443,1.7576167279579256,1.7531168300212072,1.7579966333118051,1.753895059728806,0.3199150857591878,-0.1536781105007814,0.0,-0.0313698040475348,-0.07578812317792963,0.0
5.743780754617719,12.227138989549184,19.731190077667165,1.5,0.9927106013437553,0.005944504101240644,0.10699794010912737,-0.055152204517259745,6.307511354909478,-0.2774715373234801,0.0,0.012278014353977363,0.032438742733771696,-0.05629461040306869,2.1256662969861497,-0.23692334984728042,0.0,0.006021368882280375,-0.0020487167740258438,-0.01883679325801442,1.7585527037860889,1.7540137676574856,1.7589540168316242,1.7547990483796188,0.3175438011320873,-0.15939207343270956,0.0,-0.03220595443490991,-0.07741903058045797,0.0
5.818375309872494,12.703580892383913,19.70982192301256,1.5,0.9924583536343268,0.006246545605334382,0.10818275802755078,-0.05730521647280063,6.466955706775031,-0.2955935701557433,0.0,0.012732136933024706,0.03228645334177673,-0.0577084181747992,2.1492629572900017,-0.24903005575900086,0.0,0.006151626291038731,-0.002034503807745657,-0.019036555947095236,1.759495546859135,1.754918682750118,1.7599182091633958,1.7557089705276137,0.31510964477658926,-0.16522823252587193,0.0,-0.0330687530779403,-0.07905131896635227,0.0
5.89296986512727,13.191981956228354,19.687067874623924,1.5,0.9921973145422356,0.006559485707836033,0.10936062522588251,-0.059512316478431394,6.628153408231017,-0.3146350457025112,0.0,0.013196312487511458,0.032135268002872516,-0.059134501213323476,2.172675598766739,-0.26157663073558923,0.0,0.006286816240226358,-0.002018709701877334,-0.01923280129248876,1.7604441783152902,1.7558307100873594,1.760889395492427,1.7566261862007615,0.31260968978578463,-0.17118770636295486,0.0,-0.0339590238330614,-0.08068356268275671,0.0
5.967564420382045,13.692472454864635,19.66285811474108,1.5,0.9919270969166323,0.006883551485861112,0.11053151452368445,-0.061774067525006894,6.791090548141913,-0.33462911816751145,0.0,0.013670105707573167,0.03198534650503662,-0.06057767562820692,2.1958992675400015,-0.2745721582100009,0.0,0.006423278796787618,-0.0020008085209558125,-0.01942648328514778,1.7613988407142809,1.7567499605372257,1.761867366211135,1.757550177179675,0.3100426227143353,-0.17726536277530092,0.0,-0.03487764665330955,-0.08231571893114863,0.0
6.042158975636821,14.205181610490722,19.637120327360456,1.5,0.9916472983753358,0.007218970603524274,0.11169540096531969,-0.06409102504656637,6.955752841016187,-0.35560961595646384,0.0,0.01415340994283639,0.03183673495796613,-0.06203295058591196,2.21892885146384,-0.28802571816885564,0.0,0.006554154198084805,-0.0019806932485591944,-0.019618787000808022,1.7623600507142965,1.7576766908123456,1.7628517037736726,1.7584802389060346,0.3074055399580019,-0.18346068298876853,0.0,-0.03582521367309069,-0.08394598124037343,0.0
6.116753530891597,14.730237565270597,19.609779648149637,1.5,0.9913575011814726,0.007565971600982982,0.1128522618354418,-0.06646373389740126,7.122125612853631,-0.37761103338138957,0.0,0.014647911171037767,0.03168986225697675,-0.06350451921808378,2.2417590757100014,-0.301946383072001,0.0,0.006684446379394552,-0.0019557011687612257,-0.019808707044823407,1.7633270650374555,1.7586107983941606,1.7638427586211538,1.7594165450899295,0.3046971052253158,-0.18978916303001497,0.0,-0.03680336241200083,-0.08557433231467929,0.0
6.191348086146372,15.267767351977666,19.580758613534154,1.5,0.9910572717969132,0.007924783493174482,0.11400207673771855,-0.06889273056377532,7.290193790986029,-0.4006685665412261,0.0,0.015151461598548521,0.03154465987571418,-0.06498796847168795,2.2643844990460518,-0.31634321159531736,0.0,0.0068229943508986025,-0.0019343087373896756,-0.01999385417633683,1.764299508376381,1.7595512417986825,1.7648402081776755,1.7603605420586181,0.3019145454164748,-0.19622949566510794,0.0,-0.03781217405299999,-0.08719890926584738,0.0
6.265942641401148,15.817896863740048,19.549977110316675,1.5,0.9907461608142304,0.008295636140770926,0.11514482751452483,-0.07137853983890136,7.4599418903324155,-0.42481806031372216,0.0,0.015665839639322103,0.0314013830306734,-0.06648731012290184,2.286799507480002,-0.3312252450610013,0.0,0.006950600040092422,-0.0019095744401039958,-0.020178802639865368,1.7652787027322863,1.7604993029530536,1.7658436544132705,1.7613097606664265,0.29905514516050224,-0.20279823015275053,0.0,-0.03885286442352837,-0.0888198714242308,0.0
6.340537196655923,16.38075082276405,19.51735232562304,1.5,0.9904237025012357,0.008678759792548695,0.11628049829128309,-0.07392167726274966,7.631353999364822,-0.45009605122235563,0.0,0.01619003841108671,0.031260198918324225,-0.06799799811434137,2.308998309807458,-0.3466015004441674,0.0,0.00709297629178943,-0.0018791404030942512,-0.020357103608793947,1.7662618568566828,1.761454002517183,1.766854284373217,1.76226655243175,0.296117706687701,-0.20948577147278347,0.0,-0.039925680060302504,-0.09043484701871936,0.0
6.415131751910699,16.956452748142404,19.482798696337838,1.5,0.990089414775627,0.009074385529695084,0.11740907548710418,-0.07652264547033494,7.804413770045793,-0.476539742195962,0.0,0.016724069801314884,0.0311210473187119,-0.06952428399909479,2.330974933230001,-0.36248096731600116,0.0,0.007216789648639027,-0.0018458780040672765,-0.020536855866065004,1.7672524153767,1.762416529084374,1.76787042275653,1.7632277601876107,0.29309775142335576,-0.21629005072279897,0.0,-0.0410331795198396,-0.09204473728909196,0.0
6.4897263071654745,17.545124922596457,19.446227859586006,1.5,0.9897427987391578,0.009482744720792514,0.11853054782403981,-0.07918193688633962,7.979104398952997,-0.5041869943078005,0.0,0.017269137388938427,0.0309846067377029,-0.07106123539102265,2.3527232182177817,-0.3788725995796044,0.0,0.007363886723699138,-0.001815109779263798,-0.02070750277361114,1.7682465241176155,1.763384721858273,1.7688934050230647,1.7641978983099866,0.2899949621366606,-0.22322481549508702,0.0,-0.04217542013923057,-0.0936470581770607,0.0
6.56432086242025,18.146888358195532,19.407548602342395,1.5,0.9893833387291102,0.009904069526668873,0.11964490621583722,-0.08190002972315215,8.155408618831514,-0.5330763649466944,0.0,0.017822616312839105,0.030850363032565484,-0.07261355398313209,2.3742368117500017,-0.3957853122370014,0.0,0.0075068362482107395,-0.0017795710294882705,-0.020875899081831153,1.7692463784612422,1.7643602162990397,1.7699225527472635,1.7651736845640207,0.2868048814719667,-0.2302609535030431,0.0,-0.04335137194265782,-0.09524100493412052,0.0
6.638915417675026,18.76186276104018,19.36666681212853,1.5,0.9890105018088604,0.010338592385482986,0.12075214400957872,-0.0846773909397486,8.333308679572992,-0.5632470351812879,0.0,0.018387289596217955,0.030718971116311576,-0.07417607346147019,2.3955091669011455,-0.4132279746909947,0.0,0.007635171501548252,-0.0017416246088952144,-0.02104405923153166,1.770253074993851,1.7653433348740628,1.770957188051577,1.7661542854491359,0.2835254830487324,-0.23742628424636433,0.0,-0.044564232034400235,-0.09682587250262936,0.0
6.713509972929801,19.390166494757974,19.323485427969235,1.5,0.9886237379118236,0.01078654647227702,0.12185225670819022,-0.0875144718750953,8.512786334613194,-0.5947388753623006,0.0,0.018961715217105542,0.030590559923596532,-0.0757530041816947,2.4165335329900017,-0.43120940507400163,0.0,0.007776147367662777,-0.0017001923786832325,-0.02120553248431077,1.7712638600185127,1.7663329706978066,1.7719985489234422,1.7671422694052514,0.28015543773836066,-0.24470605968699607,0.0,-0.04581451628029239,-0.09840040836108963,0.0
6.788104528184577,20.031916542977825,19.27790439074518,1.5,0.9882224793259115,0.011248165194225324,0.12294524211408529,-0.09041171149923503,8.69382282792718,-0.6275924012195512,0.0,0.019546007654541755,0.03046523323413241,-0.07733999994530222,2.437302953037901,-0.4497383642204437,0.0,0.007906512385061475,-0.0016585897376647503,-0.02136554224242449,1.7722812034397917,1.7673299186812386,1.773045363802203,1.768135629064269,0.2766908307617658,-0.2521002643852412,0.0,-0.04710224437242791,-0.0999635038584928,0.0
6.862699083439352,20.687228470679937,19.229820594978797,1.5,0.9878061408837966,0.011723682685268617,0.12403110036035503,-0.09336953164686912,8.876398877036456,-0.661848772434175,0.0,0.020141293199900972,0.03034320568748877,-0.07894040529625498,2.457810260690002,-0.46882354991100167,0.0,0.008036768763575891,-0.001614188787394391,-0.021521683096389327,1.7733038997349717,1.7683339312754014,1.7740982969913905,1.769135180944951,0.2731272682116522,-0.25961923088562466,0.0,-0.048429668671090796,-0.10151432533882011,0.0
6.937293638694128,21.35621638426503,19.17912784015581,1.5,0.9873741194746013,0.01221333326954344,0.12510983366775055,-0.09638834059071028,9.06049465487583,-0.6975498115701042,0.0,0.020746268411072893,0.030224514171765988,-0.08055041600074872,2.478048069571854,-0.4884735901942316,0.0,0.008177546675073408,-0.0015655883855449585,-0.02167065742328601,1.7743307356334548,1.769344739191595,1.7751578358404159,1.7701419903946212,0.2694629113620877,-0.267249267092738,0.0,-0.049796004514765645,-0.10305129145933674,0.0
7.011888193948903,22.038992890374942,19.125716782558957,1.5,0.9869257943018549,0.012717352011592617,0.12618144660572753,-0.0994685278465109,9.246089774398977,-0.7347379706228894,0.0,0.021361291987989257,0.03010968107390986,-0.08217332310878682,2.4980087753900015,-0.5086970377360016,0.0,0.008313484364439194,-0.0015162491814131843,-0.02181662581787547,1.7753635503021483,1.7703627552442551,1.776223158941436,1.7711547420834024,0.26569717144377164,-0.2749930148459036,0.0,-0.05120383624729716,-0.10457376210651047,0.0
7.086482749203679,22.73566905364927,19.069474887915973,1.5,0.9864605263641831,0.013235974115155931,0.1272459459111926,-0.10261046809993424,9.43316327626309,-0.7734563402204238,0.0,0.02198617751818122,0.029998618987633587,-0.08380524751040422,2.517684546617669,-0.5295023628121787,0.0,0.00844798060172891,-0.0014625579976949637,-0.021958089134418476,1.7764017094799638,1.77138819812243,1.7772946351499743,1.7721736438301003,0.26182454164780866,-0.2828477118814809,0.0,-0.05265335814610506,-0.10608109111227407,0.0
7.161077304458455,23.4463543532155,19.010286384331156,1.5,0.9859776588746159,0.013769435524714204,0.12830334034134816,-0.10581451555771844,9.621693607232316,-0.8137486338830455,0.0,0.022621511492091656,0.029891526651450253,-0.08544914483748257,2.5370673185100014,-0.5508979462290019,0.0,0.008587451395172325,-0.0014035312949002125,-0.022093614682565942,1.7774445723548553,1.7724209224897898,1.7783726787875234,1.7731992757221906,0.2578409062552677,-0.2908185888783247,0.0,-0.0541439448002636,-0.10756933811659847,0.0
7.23567185971323,24.171156637736143,18.94803221560049,1.5,0.9854765166467191,0.014317972334075498,0.12935364102364974,-0.10908100824623089,9.811658602220522,-0.8556591941531104,0.0,0.023267106267934753,0.02978875284097862,-0.08710135975906375,2.5561487948275925,-0.572892074603663,0.0,0.008717068273225128,-0.001348865240610954,-0.022226448309265782,1.7784943096153047,1.7734609749233605,1.7794559972881197,1.7742309712219577,0.25374451441489226,-0.29890037788055585,0.0,-0.05567766135792871,-0.10904042485803346,0.0
7.310266414968006,24.910182079194836,18.882589994847873,1.5,0.9849564066637705,0.01488182137558425,0.13039686110477872,-0.11241026189169541,10.003035468535739,-0.8992329791969065,0.0,0.023922052508135266,0.029690369599949747,-0.0887649485407668,2.5749204382600017,-0.5954929309540024,0.0,0.008859006589182193,-0.0012866407049509979,-0.022351001419213277,1.7795479467511248,1.7745083646039495,1.7805464298236016,1.7752701651619258,0.24953320639455556,-0.30708570102686633,0.0,-0.05725680464599164,-0.11049127094099287,0.0
7.384860970222781,25.66353512546106,18.81383395917356,1.5,0.9844166174871372,0.015461219597250974,0.13143301569318455,-0.11580257462398798,10.195800769622526,-0.9445155462801482,0.0,0.02458696857675197,0.02959652735235011,-0.09043629261151635,2.593373463560488,-0.6187085893760116,0.0,0.00898467596300652,-0.001224839291426386,-0.02247420258963427,1.7806089515005807,1.775563836685666,1.7816422877579565,1.7763146936853644,0.24520162676479276,-0.31537763540919095,0.0,-0.05888027316576339,-0.11192116740788395,0.0
7.459455525477557,26.431318451401747,18.74163492502475,1.5,0.9838564199054178,0.016056404785660405,0.13246212197010154,-0.11925822034321708,10.389930402004616,-0.9915530482561061,0.0,0.02526250203677073,0.029507744032551315,-0.09211770476756015,2.6114988381600015,-0.642547007595002,0.0,0.009114445021373032,-0.0011620649989509248,-0.022590886105188387,1.7816752891510497,1.7766267719243816,1.7827446210079683,1.7773665754168737,0.24074780041604005,-0.3237826090028712,0.0,-0.06054907467716292,-0.11332936148388974,0.0
7.5340500807323325,27.213632908581868,18.665860243557013,1.5,0.9832750663082735,0.01666761473892424,0.13348419911840714,-0.12277745387933645,10.585399580203736,-1.04039224138725,0.0,0.02594736776788552,0.02942383516981858,-0.0938063514928472,2.629287275354073,-0.6670160187419353,0.0,0.009250336183791317,-0.0010898582803936722,-0.022699708400633938,1.782746183948079,1.7776978839925721,1.7838541302143076,1.7784256416772315,0.23616792436829964,-0.33228618798836457,0.0,-0.06226472820037981,-0.114713691781855,0.0
7.608644635987108,28.01057747363896,18.586373757079393,1.5,0.982671791532814,0.017295088176374346,0.134499268123312,-0.1263605038172716,10.78218281683616,-1.0910804460114831,0.0,0.026642512354431446,0.029345200665940065,-0.09550411331108756,2.646729228860002,-0.6921233249280024,0.0,0.009378726743991489,-0.0010195363417902766,-0.022804754265160897,1.7838239962692843,1.7787770187877072,1.7849696609364973,1.7794913672187866,0.231457437077415,-0.3408960169485309,0.0,-0.06402722458404646,-0.11607297965269547,0.0
7.683239191241883,28.82224919511469,18.50303575639904,1.5,0.9820458121696966,0.017939063848318348,0.13550735190155372,-0.13000757812079844,10.980253900560388,-1.143665560744895,0.0,0.027347506101675106,0.029272120473332535,-0.0972082198319839,2.663814890252595,-0.7178764895077286,0.0,0.009513527487696868,-0.0009437858160838995,-0.02290133016118228,1.7849068312717749,1.7798643923275008,1.7860923174752417,1.7805649117297564,0.22661475357016994,-0.34960688358688286,0.0,-0.06583695570568275,-0.11740629250235811,0.0
7.757833746496659,29.648743138900922,18.41570293842095,1.5,0.9813963275848752,0.018599781421274393,0.13650847508661135,-0.1337188564246993,11.17958588142488,-1.1981960446162216,0.0,0.02806177713902429,0.029204391684201896,-0.09892059515288286,2.6805341842400012,-0.7442829281940027,0.0,0.009645250139068784,-0.0008604037883263215,-0.022992486445739053,1.785995717497046,1.7809606494185266,1.7872220977935855,1.7816452490510117,0.2216339164920695,-0.3584110101090584,0.0,-0.06769749523961366,-0.11871105064482482,0.0
7.832428301751435,30.49015233218811,18.324228365217646,1.5,0.9807225191982143,0.019277480623367253,0.1375026640116921,-0.13749449613716005,11.380151045228146,-1.254720891506473,0.0,0.02878651185868625,0.029142828858308413,-0.10063833735411198,2.696876762816802,-0.7713499029197128,0.0,0.009773825903289814,-0.0007870300029007924,-0.023077334317945997,1.7870919756718333,1.7820648355764728,1.7883578292866176,1.7827338920044822,0.21651264535770837,-0.3673187311169161,0.0,-0.0696079752020491,-0.11998640767872334,0.0
7.90702285700621,31.346567705816884,18.22846142339239,1.5,0.9800235516894947,0.019972402206980888,0.13848994654767022,-0.1413346241697851,11.5819208959477,-1.313289651323448,0.0,0.029519968620367213,0.029087200227650906,-0.10236329740882708,2.7128320025700017,-0.7990845125790029,0.0,0.009904665941385012,-0.0007121498409417359,-0.02315480958019891,1.7881944869548845,1.7831776977482612,1.7895007699585206,1.783830723974301,0.21124812733689646,-0.37631098750069947,0.0,-0.0715658572427467,-0.12123204202273795,0.0
7.981617412260986,32.218078035220984,18.12824778459682,1.5,0.9792985722047445,0.020684786866536152,0.13947035221231163,-0.14523934358089344,11.784866136333768,-1.3739523763562083,0.0,0.030263297614948653,0.02903772507243753,-0.10409293148870788,2.728389001935926,-0.8274936842445078,0.0,0.010030779736486646,-0.0006188603087952014,-0.02322593717989866,1.7893028683936387,1.7843010215735275,1.7906519564126289,1.7849341399189589,0.2058351096979254,-0.38539845546826446,0.0,-0.07357613733886052,-0.12244454480025994,0.0
8.056211967515761,33.10476987977713,18.02342936731855,1.5,0.9785467118076073,0.02141487648179784,0.1404439117557795,-0.1492087246997434,11.988956644137382,-1.4367596388851245,0.0,0.03101644541843443,0.028994858921224848,-0.10582816846273438,2.743536573710002,-0.856584166515003,0.0,0.010151874856167422,-0.0005299106238587942,-0.023291305959526314,1.7904190437309877,1.7854333896765777,1.7918100507599755,1.7860458712946217,0.20027009038228097,-0.39457759274214244,0.0,-0.07563796761864368,-0.12362395175817857,0.0
8.130806522770538,34.006727520535065,17.91384429899585,1.5,0.9777670846031111,0.022162912845296277,0.14141065741093028,-0.15324281233243223,12.194161452469801,-1.50176250897898,0.0,0.031778900145054516,0.028958626528327223,-0.10756732087352594,2.7582632456277216,-0.8863625189853629,0.0,0.010283963233619646,-0.00043954590850642163,-0.023345230710008446,1.7915410620795331,1.7865749706519587,1.7929761758236302,1.7871675453850648,0.194548837403273,-0.4038426840795689,0.0,-0.0777514392354289,-0.12476809116874427,0.0
8.205401078025313,34.924032896348976,17.79932687953571,1.5,0.9769587894228117,0.0229291389684427,0.14237062244119672,-0.15734161630473506,12.400448726407141,-1.5690125368410148,0.0,0.032550610652917686,0.028929285817081055,-0.1093108497532259,2.7725572532900014,-0.9168351045190031,0.0,0.010415649250855537,-0.000338934151022154,-0.023391526236754098,1.7926698046503216,1.7877270238715592,1.7941508490234717,1.7882975407699038,0.1886690086150619,-0.4131906431740119,0.0,-0.07991912468846077,-0.12587429743594444,0.0
8.279995633280087,35.85676553843014,17.679707545903714,1.5,0.976120908896924,0.02371379783952238,0.14332384125666506,-0.16150511921825758,12.607785744337605,-1.6385617418742333,0.0,0.033331212383547845,0.0289070351091669,-0.11105743854365087,2.78640653765018,-0.9480080804836276,0.0,0.010532752261681898,-0.00024941510174931954,-0.02343342124045872,1.7938084356220771,1.7888889468807396,1.795332204767334,1.7894362683207856,0.18262564096378908,-0.4226151894988613,0.0,-0.0821398676796161,-0.12694215335856954,0.0
8.354590188534864,36.805002503310426,17.554812838185267,1.5,0.9752525113495198,0.024517133711184733,0.14427034921306334,-0.16573326642223485,12.816138874401304,-1.7104625821834702,0.0,0.03412194964358865,0.028892317982762056,-0.11280665613985882,2.7997987448300012,-0.9798873893550037,0.0,0.01065274073969475,-0.0001615589558113223,-0.023466228057594008,1.7949547995619926,1.7900610249634152,1.7965219064458833,1.7905851142486662,0.1764133242386678,-0.4321280574648436,0.0,-0.08441422111735776,-0.12797010681521934,0.0
8.429184743789639,37.768818304029395,17.424465366290253,1.5,0.9743526498429221,0.025339390787788005,0.14521018236892952,-0.17002597435380887,13.025473549475608,-1.7847679711959985,0.0,0.03492139123118323,0.028884826082877492,-0.11455794659280401,2.8127212159999426,-1.0124787489394065,0.0,0.010776806027608131,-4.8238547709021855e-05,-0.023488511697221173,1.796107049383445,1.7912455610164963,1.7977220959777724,1.7917427327921753,0.17002994554689876,-0.4417115486876753,0.0,-0.08674505268864356,-0.12895590163730886,0.0
8.503779299044416,38.74828483968779,17.288483777901067,1.5,0.9734203643208181,0.026180814621353705,0.1461433773988573,-0.17438311992203617,13.235754248836704,-1.8615312277345448,0.0,0.03572967646300159,0.028885198000537567,-0.11631067784024617,2.8251609909800015,-1.0457876432900037,0.0,0.010905002591816395,4.862437985550461e-05,-0.02350080641861951,1.7972685424936896,1.7924398667952195,1.798930202827569,1.7929123524866943,0.16347078279844424,-0.4513657819247415,0.0,-0.08912769516736427,-0.12989790995893472,0.0
8.57837385429919,39.743471323368134,17.146682728200084,1.5,0.9724546805300571,0.02704165070826183,0.1470699715691475,-0.17880454945220808,13.44694447307797,-1.9408060752916694,0.0,0.036546534792201914,0.028893142098745023,-0.11806442278113694,2.8371048027912518,-1.079819313784919,0.0,0.011015425531431545,0.0001640638414121993,-0.02350873207611801,1.7984393492345752,1.7936476706554823,1.800148155186525,1.7940896497305054,0.15673159722539035,-0.46108418488236913,0.0,-0.09156552272633793,-0.13079461787775518,0.0
8.652968409553965,40.7544442082917,16.998872850945347,1.5,0.9714546125005025,0.02792214598277512,0.14799000227546308,-0.18329006749336876,13.65900672138102,-2.0226466066316884,0.0,0.037373099646174704,0.028909495876827687,-0.11981767114271104,2.848539074800001,-1.1145787482700034,0.0,0.01111555543796801,0.00028271399723703197,-0.023510674828493342,1.7996202089771172,1.794867929289024,1.8013755815825865,1.7952767805806247,0.1498085047284268,-0.47087771578544796,0.0,-0.09406348018561903,-0.13164373314733507,0.0
8.727562964808742,41.78126711227465,16.84486073071924,1.5,0.97041916133979,0.028822547252055665,0.14890350719496487,-0.18783944638845368,13.871902468832493,-2.1071072891820575,0.0,0.038208862236552496,0.028934682322983973,-0.12157057114890646,2.859449919266452,-1.1500706715082267,0.0,0.011248262194656189,0.00038664867151979264,-0.023492073027831396,1.8008080751483715,1.7960984204585686,1.8026129479843849,1.7964801074305918,0.1426974470615652,-0.4807394642954772,0.0,-0.0966148551814533,-0.13244397448826745,0.0
8.802157520063517,42.82400074047172,16.68444887570542,1.5,0.9693473180355345,0.029743102869674427,0.14981052365845962,-0.19245241450856967,14.085592143476765,-2.19424295127349,0.0,0.0390511848723233,0.028967266895340325,-0.12332219622692167,2.8698231323500014,-1.1862995349000043,0.0,0.01137263712000857,0.0005166763435231362,-0.023466401111889176,1.802004930453784,1.7973437441713076,1.8038622007734126,1.7976927403888818,0.13539306454881464,-0.49063563570153507,0.0,-0.09922495236877622,-0.13319309480114053,0.0
8.876752075318292,43.882702806343474,16.51743569360121,1.5,0.9682380621046823,0.030684060996925843,0.15071108901953836,-0.19712866645683738,14.300035101291327,-2.2841087018368267,0.0,0.039902416809012624,0.02900883681345507,-0.12507234610540982,2.8796441975574996,-1.2232695064202166,0.0,0.01147508201319869,0.0006189365334962082,-0.023436774046821634,1.8032163286069238,1.7986011631231864,1.8051193656746323,1.7989175585213935,0.1278914850948668,-0.5005911865282385,0.0,-0.10189359389861602,-0.13388911123287534,0.0
8.951346630573068,44.95742795080772,16.34361546921194,1.5,0.9670903647397562,0.03164567142801095,0.15160523980314697,-0.20186785076288427,14.515189602186183,-2.376759964987251,0.0,0.04076301358556795,0.02905991670527166,-0.1268184829287736,2.8888982775600014,-1.2609844601300044,0.0,0.011581966774514436,0.0007204071990338654,-0.02339558565510607,1.8044380735058332,1.7998720513660078,1.8063877851098395,1.8001558446396344,0.12019057799015362,-0.5106091198226111,0.0,-0.10461487685767586,-0.1345310036466352,0.0
9.025941185827843,46.048227659719444,16.16277834201153,1.5,0.965903187341774,0.03262818367980713,0.1524930120322417,-0.2066695807178528,14.731012789994002,-2.47225245665765,0.0,0.04163180718823756,0.029119749164680058,-0.1285620858259776,2.8975702170267166,-1.2994479645060466,0.0,0.011694780704875373,0.0008616071915269047,-0.023341108385015904,1.8056674703416717,1.8011598359327234,1.8076706987862,1.8014055139405447,0.11228429509975836,-0.5206718700760901,0.0,-0.10739758905907261,-0.1351154919143582,0.0
9.10053574108262,47.155150179625345,15.974710285935975,1.5,0.9646754849535478,0.0336318489542847,0.1533744405994235,-0.21153342155878732,14.947460666189386,-2.5706421447628127,0.0,0.04250772505419769,0.0291885583985464,-0.13030045634485177,2.9056445409100013,-1.338663273570005,0.0,0.011816522433985342,0.0009754401817578005,-0.023273137517943188,1.8069095360946512,1.8024600613354524,1.8089640286402835,1.8026720553142968,0.10416679727428846,-0.5307654717690063,0.0,-0.11023535222715289,-0.13564195936284118,0.0
9.175130296337395,48.27824043155546,15.779193091679852,1.5,0.9634062047174538,0.034656918124927896,0.15424955920897473,-0.21645890192327708,15.164488062734064,-2.6719852173251715,0.0,0.04339112148307183,0.02926630452115357,-0.13203520009179212,2.9131054491283614,-1.3786333133009376,0.0,0.011907368225673988,0.0011134851813467388,-0.02320341058650435,1.8081653045563892,1.80377836685641,1.8102704783203711,1.8039481495958285,0.09583634348582704,-0.5408907676703911,0.0,-0.11313105283044511,-0.1361073559713206,0.0
9.24972485159217,49.41753992310932,15.576004351180218,1.5,0.9620942895956894,0.035703643720397485,0.15511840001189045,-0.22144550058694767,15.38204862395014,-2.77633805341841,0.0,0.04428420114552118,0.029354471748651943,-0.13376185343842,2.9199368227000004,-1.4193606725000043,0.0,0.011994640586604675,0.0012479275941794812,-0.023123872288244564,1.8094344164708922,1.8051123364746613,1.8115896208702469,1.8052391444257685,0.08728721479914014,-0.551069644895676,0.0,-0.11608775344898249,-0.13650995595368304,0.0
9.324319406846946,50.57308665881834,15.364917442520754,1.5,0.9607386766942496,0.03677227790788122,0.15598099347473796,-0.22649265850327563,15.60009477875661,-2.883757249979366,0.0,0.045184268323010056,0.029452246632895578,-0.13548365645636543,2.926122216510631,-1.460847590689256,0.0,0.012112281051004387,0.0013737641956976172,-0.02302203508518918,1.8107139590231585,1.80646120463462,1.8129226038112263,1.8065498035450809,0.07851493494046974,-0.5612696110325659,0.0,-0.11910315638148565,-0.13684816659985993,0.0
9.398913962101721,51.744915048571336,15.145701516885975,1.5,0.9593383013547382,0.0378630744655473,0.15683736776814372,-0.2315997651496696,15.818577715839643,-2.9942995393640524,0.0,0.04609101714267335,0.02955967462262748,-0.1371962644775554,2.9316448626700007,-1.5030959456500048,0.0,0.012220100809938236,0.0014955084625730322,-0.02291206280455245,1.8120086798880162,1.8078270577352618,1.8142691090252192,1.8078759329605072,0.06951717543443547,-0.5714841673001461,0.0,-0.12217267341943862,-0.13711848809969338,0.0
9.473508517356498,52.933055814341195,14.918121489079978,1.5,0.9578920952620512,0.038976286691653754,0.15768754900766963,-0.23676617114393927,16.03744736355806,-3.1080217665960923,0.0,0.047006148897648314,0.02967731901094888,-0.13890213370909543,2.9364876710919887,-1.5461072437307053,0.0,0.012308694584664855,0.0016423291413562358,-0.022795866001119824,1.8133179935418668,1.8092130455041824,1.815631369061266,1.8092151481753762,0.060287864974634155,-0.5817263391171834,0.0,-0.125301565957599,-0.1373199596195569,0.0
9.548103072611273,54.13753589514614,14.681938028726613,1.5,0.9563989909290386,0.04011216948745658,0.15853156026181456,-0.2419911742396427,16.25665236267942,-3.2249809024777933,0.0,0.0479274544748825,0.02980455569804238,-0.14059681844878386,2.9406332268100006,-1.589882605830005,0.0,0.012407512600756308,0.0017878602279151985,-0.022664554872725375,1.8146413050592183,1.8106168251844377,1.8170091786510518,1.8105730947384397,0.050821997643684905,-0.5919690679860062,0.0,-0.12848986316360392,-0.1374505607382799,0.0
9.622697627866048,55.358378350002084,14.436907553916908,1.5,0.954857919622634,0.04127097708861895,0.1593694218883085,-0.24727403250457264,16.47614003872472,-3.3452339629411347,0.0,0.04885549991538554,0.02994257206200064,-0.14228385899836693,2.9440637929150695,-1.6344227565616214,0.0,0.012496732544452426,0.0019177627876462682,-0.022523554876030433,1.8159823092277987,1.812038847621171,1.8184013921933653,1.8119493669341522,0.041120611749928426,-0.6022193271851572,0.0,-0.13173398024352015,-0.1375075592410894,0.0
9.697292183120824,56.59560225947294,14.18278222785869,1.5,0.9532678161496765,0.04245296525288221,0.1602011506894101,-0.2526139500349358,16.695856394433864,-3.468838004282134,0.0,0.04979175614456491,0.030090725153651,-0.1439567980079106,2.94676131311,-1.6797280117100053,0.0,0.012580530966733977,0.0020657678190572843,-0.02237242818475222,1.8173389370288417,1.8134819014073578,1.819811321199076,1.8133426207353094,0.03116710361914885,-0.6124818047410411,0.0,-0.13503817083810365,-0.13748870213515998,0.0
9.7718867383756,57.849222625116504,13.919309956454727,1.5,0.9516276166720065,0.04365838893156072,0.16102675986504708,-0.2580100906368233,16.91574605871521,-3.595850111353157,0.0,0.05073385780921105,0.03024917617896633,-0.14562090578941275,2.9487074063522067,-1.7257982656569655,0.0,0.01267585494788748,0.0021994506884054185,-0.022204119486040088,1.8187121850207495,1.8149440150447869,1.8212377305260743,1.8147578453546536,0.020966234563451567,-0.6227313525713379,0.0,-0.1383989403397241,-0.1373920834061291,0.0
9.846481293630376,59.119250266862586,13.64623438899944,1.5,0.9499362637649156,0.044887504448243805,0.16184625841428757,-0.2634615633561325,17.13575228084181,-3.726327320988559,0.0,0.05168268408677512,0.03041902299459537,-0.14726915262716858,2.94988337723,-1.7726329789500068,0.0,0.012764875221880204,0.002330161682261513,-0.02202579970666506,1.820104073028241,1.816427126230069,1.8226816919593392,1.8161928850467621,0.010518158595773095,-0.6329771942219264,0.0,-0.1418154796749563,-0.13721498070286817,0.0
9.92107584888515,60.405691719387654,13.363294921460552,1.5,0.948192704037615,0.046140567076936805,0.16265965116854544,-0.26896743661897393,17.35581691382755,-3.8603266281929267,0.0,0.052638219497966786,0.030599038057598407,-0.14890675361844735,2.9502702123407185,-1.8202311659951638,0.0,0.012845314027744043,0.0024865263477896297,-0.021837070626810177,1.8215134172639729,1.8179342281501452,1.8241457811206732,1.8176463222529158,-0.00019164833418035024,-0.6432068822518728,0.0,-0.14528911090059826,-0.13695560741187726,0.0
9.995670404139926,61.70854912622695,13.070226701507925,1.5,0.9463958935883588,0.04741783338774996,0.16346693759893302,-0.2745267236316528,17.575880367344602,-3.9979049376645155,0.0,0.053599116139091914,0.03078981940553301,-0.1505266682493587,2.94984857981,-1.8685913811500057,0.0,0.012928637127578045,0.0026371466844248687,-0.021635042317268028,1.8229420940043028,1.819463341923203,1.825628985398915,1.8191223333336035,-0.011158780506326611,-0.6534073448555062,0.0,-0.1488186450327721,-0.13661102582763496,0.0
10.070264959394702,63.02782013200209,12.766760636905005,1.5,0.9445447953004783,0.048719558519096845,0.16426811266299102,-0.2801383969587549,17.795881603684165,-4.1391190171459975,0.0,0.054565950514065084,0.030992089422994962,-0.1521346846802568,2.9485988440113005,-1.917711707180255,0.0,0.0130048609178593,0.0027777790995819453,-0.02142203990282928,1.8243921636591762,1.8210154448007487,1.827131359839522,1.8206209833582025,-0.022387258340777944,-0.6635820654519115,0.0,-0.15240013696028426,-0.1361794201977775,0.0
10.144859514649477,64.36349777366216,12.452623406268044,1.5,0.9426383846511409,0.05004599869916109,0.16506316513033029,-0.285801373883417,18.015758119666984,-4.284025482180316,0.0,0.05553937170747526,0.03120412419877272,-0.15372225223139163,2.9465010564900003,-1.9675897410200056,0.0,0.013056215166157906,0.00295253732618312,-0.021205637577370876,1.8258634431916403,1.8225947905998912,1.82865646145613,1.8221378967044972,-0.033897106993183976,-0.6737215931572011,0.0,-0.15604343073160784,-0.13565805296504657,0.0
10.219454069904254,65.7155703693731,12.127537472325914,1.5,0.940675646871605,0.0513974084772714,0.16585207813102867,-0.2915145313086937,18.235445897713234,-4.432680745550246,0.0,0.05651882251259768,0.03142729223098079,-0.15529635273467754,2.9435349642718953,-2.018222580612976,0.0,0.013154973315877182,0.0030717380515872393,-0.020958580244562083,1.8273548689195254,1.8241939617003897,1.8302007381772007,1.8236884545142507,-0.045686369404010475,-0.6838234575719395,0.0,-0.1597371069319037,-0.13504445735770118,0.0
10.294048625159029,67.0840214048606,11.791221097832633,1.5,0.9386555829225827,0.052774043199309235,0.16663482790988826,-0.2972766912156182,18.454879381601287,-4.5851409974885815,0.0,0.05750182464844827,0.031662499094743085,-0.15684877219699966,2.9396800123999993,-2.0696068122900075,0.0,0.013237724659230362,0.0032138630261225203,-0.020704987943929824,1.8288690754831056,1.825821002234123,1.8317688432011345,1.8252607681683235,-0.05772949676906123,-0.6938664441247765,0.0,-0.1634844448801352,-0.13433689325789921,0.0
10.368643180413804,68.46882941964797,11.443388364651888,1.5,0.9365772064702,0.05417615610600664,0.16741138436271238,-0.30308663582516143,18.673991507362057,-4.74146213841298,0.0,0.058489713590309335,0.03190879571207036,-0.15838662917847024,2.9349153524686207,-2.121738496074048,0.0,0.01329435347805994,0.0033669061718519192,-0.020447560030719222,1.8304087907824134,1.8274764013489253,1.8333604413942324,1.826855495428947,-0.07005324238711137,-0.703851586857949,0.0,-0.16728495734384172,-0.13353215967171128,0.0
10.44323773566858,69.8699678922262,11.083749196279989,1.5,0.934439550101665,0.055604000894531644,0.16818170957109707,-0.3089430932324948,18.892713647262987,-4.901699750834083,0.0,0.0594850455774187,0.03216493037696956,-0.15989905529549994,2.9292198422399993,-2.1746131532000077,0.0,0.013345210818390893,0.0035169806527684437,-0.02018004887225672,1.8319737278821742,1.8291593134393789,1.834976195493451,1.8284767412259941,-0.08268773111111581,-0.7137855164139664,0.0,-0.17113507541487408,-0.13262802793303424,0.0
10.517832290923355,71.28740512128837,10.712009382343604,1.5,0.9322416621364307,0.05705782882572325,0.16894575825573355,-0.31484475271821627,19.11097554626976,-5.065909080840307,0.0,0.06048499458858194,0.03243240876231681,-0.16139550855973647,2.9225720522717675,-2.228225751632415,0.0,0.013423493663982593,0.0036630696868482186,-0.019889110795819405,1.8335610397341122,1.8308698374116257,1.8366177385640108,1.8301293512884476,-0.09560641824359649,-0.7236484711034714,0.0,-0.17503674291473742,-0.13162213814473503,0.0
10.59242684617813,72.72110410572778,10.327870606032915,1.5,0.9299826129233036,0.058537891021652515,0.16970347672227198,-0.32079025073006073,19.328705354456403,-5.234144978782419,0.0,0.06148757942834486,0.03271139582689227,-0.16286602434509964,2.9149502775699996,-2.2825706920800064,0.0,0.013497842456719889,0.003805249513903586,-0.019587661683434853,1.8351754350885772,1.8326095760806298,1.8382852560059642,1.8318106557754237,-0.10880250982018602,-0.7334194930091461,0.0,-0.1789874256058677,-0.1305116277216049,0.0
10.667021401432907,74.17102242505476,9.931030475917495,1.5,0.9276614915777961,0.06004443584958023,0.17045480278494118,-0.32677818619778015,19.545829618049346,-5.406461833499297,0.0,0.06249582121639464,0.0330007695704722,-0.16431871644659996,2.9063325315712585,-2.3376417951297332,0.0,0.013541984921708883,0.003957434714331787,-0.01928464333495089,1.8368197414756502,1.834381393828248,1.839979944327405,1.8335176873586958,-0.12230643222960755,-0.7431095106764077,0.0,-0.18298662129928,-0.12929447090915128,0.0
10.741615956687681,75.63711211690182,9.521182560526382,1.5,0.9252774123628945,0.06157771107329694,0.17119966482760254,-0.3328071069447231,19.762273201910848,-5.582913566866565,0.0,0.06350790299739034,0.03330168912842555,-0.16574277513463423,2.8966965627099985,-2.3934322861100084,0.0,0.01360740118927986,0.00410277821594959,-0.018961902391392643,1.8384904816091938,1.8361834762538314,1.8417030998052804,1.8352584579030977,-0.13610325476469948,-0.7527060781638713,0.0,-0.18703224979575883,-0.12796759754300704,0.0
10.816210511942458,77.11931955270201,9.09801642543257,1.5,0.9228295111772342,0.06313796097403156,0.17193798223823742,-0.33887552500626594,19.977959315959687,-5.7635535770601125,0.0,0.06452303151162903,0.033613321185806316,-0.1671485838132241,2.886019860813296,-2.449934781347065,0.0,0.013649665020070794,0.004248894745840494,-0.018635561852812586,1.8401931300909709,1.8380187201746632,1.843455024148078,1.837028405516954,-0.15019891189937382,-0.762190426474458,0.0,-0.19112274443596514,-0.12652891038898173,0.0
10.890805067197233,78.61758531326741,8.661217674982298,1.5,0.9203169520940081,0.06472542875362847,0.1726696638513947,-0.3449819035058223,20.192809494340228,-5.948434663023186,0.0,0.06554431650806639,0.03393548327056382,-0.1685226832423546,2.8742796606199983,-2.507141274140008,0.0,0.013679705430144299,0.00440011396150633,-0.018302709413601036,1.8419273189573582,1.8398879853219265,1.8452375155791034,1.8388294448698161,-0.16461790387327252,-0.7715799614210513,0.0,-0.19525888967067276,-0.12497562668327417,0.0
10.965399622452008,80.13184406151376,8.210467996622034,1.5,0.9177389236883338,0.06634035359057021,0.17339460852284394,-0.3511246718304859,20.406743530886917,-6.137609035700423,0.0,0.06656808715809798,0.03426893149626801,-0.16987738748465325,2.8614529518628093,-2.565043120537212,0.0,0.013746847983432035,0.0045360302743128,-0.0179434857918893,1.8436898172729626,1.8417897554788396,1.8470513710116527,1.84066982397877,-0.17933721216421858,-0.7808445552341723,0.0,-0.19943734006335043,-0.12330512521625994,0.0
11.039994177706784,81.66202441425501,7.745445208403653,1.5,0.91509464551185,0.06798297282072083,0.17411270381911134,-0.3573022131624673,20.61967952136923,-6.331128223871688,0.0,0.06759495666543955,0.03461235893319801,-0.17119946810951223,2.847516490279998,-2.6236310247200083,0.0,0.01379822072188922,0.0046672950254560705,-0.017579679343136607,1.8454872351242608,1.8437270003734343,1.8488972036859377,1.8425437402784137,-0.19437269567971513,-0.7899727895398563,0.0,-0.20365521139247592,-0.1215152446833937,0.0
11.11458873296156,83.20804881334914,7.26582331152054,1.5,0.9123833643569903,0.0696535191686838,0.17482382633603308,-0.36351287935541693,20.83153380793867,-6.529043024769434,0.0,0.06862589140763058,0.03496663081035118,-0.1725002499526023,2.832446801904837,-2.682895025296331,0.0,0.013833382981022041,0.004817061822802202,-0.01721088761245919,1.8473190188649777,1.8457026546563804,1.850777715107291,1.8444505927255423,-0.2097242303963349,-0.7989723041378719,0.0,-0.20791210843548402,-0.11960305491389464,0.0
11.189183288216336,84.76983339476303,6.771272545360049,1.5,0.9096043606321832,0.07135222279663934,0.17552784045366468,-0.3697549792045656,21.04222097390463,-6.731403493298509,0.0,0.0696588610960324,0.035330766486184266,-0.17376683559999473,2.8162201968199976,-2.7428244806300084,0.0,0.013868450610577657,0.004968738578446113,-0.0168321415854476,1.8491858209906697,1.8477159870185862,1.8526933921555093,1.846394545395868,-0.22539194456989275,-0.8078131471994063,0.0,-0.2122075439211002,-0.11756588314510773,0.0
11.26377784347111,86.34728785706359,6.261459446666997,1.5,0.9067569445152363,0.0730793084690624,0.17622459881471966,-0.37602679295452807,21.25165383745025,-6.938258840606853,0.0,0.0706953008059952,0.035704831459710346,-0.17501115348403246,2.798812778082714,-2.8034080542679853,0.0,0.013909940323308858,0.005089852251303719,-0.016440192068408493,1.8510902278258141,1.8497658820984373,1.8546432293871427,1.8483797941598896,-0.2413898833301535,-0.8164998498696177,0.0,-0.21653951137371327,-0.11540138168761886,0.0
11.338372398725886,87.94031532803542,5.7360469131455245,1.5,0.9038404621707722,0.07483499752744634,0.17691394107335404,-0.382326561386841,21.459743403251434,-7.14965741296653,0.0,0.07173378809505565,0.03609024051758868,-0.17621940178211548,2.780200455949997,-2.8646337011800087,0.0,0.013963711838772822,0.005199871601219019,-0.016033894476243985,1.8530315788164047,1.8518545133486548,1.8566299982840773,1.8504068047628117,-0.25769780694777383,-0.8250265473720362,0.0,-0.22090061892592094,-0.11310694363896208,0.0
11.412966953980662,89.54881223069843,5.194694270010613,1.5,0.9008542919082653,0.07661950526961242,0.17759569411190138,-0.38865249979333694,21.66639889781915,-7.3656466399491265,0.0,0.0727748618251094,0.03648501058367077,-0.17740463270495813,2.7603589511480746,-2.926488653339678,0.0,0.013975511886489876,0.005353081713842444,-0.0156349263218128,1.855013524213487,1.8539883385960827,1.8586574690908733,1.852466534867461,-0.27433300239231617,-0.8333747154080254,0.0,-0.22529423168737409,-0.11067961244338567,0.0
11.487561509235437,91.17266814896743,4.6370573409853995,1.5,0.8977978501395315,0.07843304261297314,0.1782696709374833,-0.3950027880093361,21.871527728563834,-7.586272964421231,0.0,0.07381890223811585,0.03688863116320103,-0.17855168326662385,2.739263813869997,-2.988959403870009,0.0,0.013995337808660852,0.005486679359493202,-0.015224209591467659,1.8570360317718562,1.8561626889374505,1.860723732120066,1.8545705166815067,-0.29131003857294296,-0.8415354323033011,0.0,-0.22971751267112156,-0.10811787188425759,0.0
11.562156064490214,92.81176569096334,4.062788523759673,1.5,0.8946705874516847,0.0802758135256212,0.17893567130248408,-0.40137558377059573,22.075035453370038,-7.811581790822444,0.0,0.07486503834924166,0.03730214742424045,-0.17967491573380212,2.716890436491976,-3.052031695921645,0.0,0.014031747739417906,0.005605102385171942,-0.014797828209791392,1.8590989749403612,1.8583790836003315,1.8628305131023823,1.8567206375763745,-0.3086148822392799,-0.8495039120032041,0.0,-0.23416605130636706,-0.105418942638628,0.0
11.636750619744989,94.46598035174983,3.4715368690822466,1.5,0.8914719943258135,0.08214801673398639,0.17959348024998273,-0.4077690136966376,22.276825797484033,-8.041617442748892,0.0,0.07591223876921864,0.03772471222216834,-0.1807591755750719,2.6932140641199966,-3.11569050708001,0.0,0.014062331083365487,0.005732977688688412,-0.014366240811175487,1.861204724033697,1.860640763504026,1.864980399122417,1.858913786970027,-0.32624574340420354,-0.857259186022241,0.0,-0.23863959030567153,-0.1025782383486104,0.0
11.711345174999764,96.13518037611426,2.862948164323589,1.5,0.8882015972697969,0.08404984303209209,0.1802428686326534,-0.4141811859569846,22.47680064307292,-8.27642308418345,0.0,0.07696109593227131,0.03815595107452785,-0.18181892860442542,2.6682098079920333,-3.1799200326121917,0.0,0.014078487696615264,0.005843405530165266,-0.013932944480051657,1.863357439473261,1.8629474337044025,1.8671726204058838,1.861152036414739,-0.34421295518321154,-0.8647944151489737,0.0,-0.24313506033932042,-0.09959562699924772,0.0
11.78593973025454,97.81922662019024,2.236665021968474,1.5,0.8848589640866452,0.0859814769342016,0.18088359201819376,-0.4206101822808362,22.67486000608263,-8.516040662622354,0.0,0.07801239441798892,0.038596514256422416,-0.18283772161404108,2.6418526623399963,-3.2447036755300087,0.0,0.014106356497089191,0.005942888417309075,-0.013488002902516722,1.8655550270933194,1.8653000412311105,1.8694096011638395,1.8634393549172146,-0.36251911433668565,-0.872114159379416,0.0,-0.24764645300896068,-0.0964678253891601,0.0
11.860534285509315,99.51797241197598,1.5923269715518442,1.5,0.881443700087071,0.08794309414850865,0.181515391234509,-0.42705406977733323,22.870902027025856,-8.760510879508569,0.0,0.07906471261629325,0.03904525034391208,-0.1838315253408034,2.6141175193337203,-3.310024030972096,0.0,0.01411567673992551,0.00606707609004725,-0.013044330637253736,1.8677998917054996,1.8677031766539147,1.8716945781030143,1.8657708328605018,-0.3811577238518365,-0.8791911143698187,0.0,-0.2521749391519547,-0.0931919057945843,0.0
11.93512884076409,101.23126341184344,0.9295705561811205,1.5,0.8779554529661027,0.08993486292656125,0.18213799099140807,-0.4335108940673578,23.064822983323626,-9.009873096271615,0.0,0.08011841096005819,0.03950142955810586,-0.18478359146412612,2.5849791804699955,-3.3758628704000095,0.0,0.01411834050092571,0.006179588087727384,-0.012597985107403217,1.8700946974215755,1.8701550778628728,1.8740266750275367,1.8681518399213035,-0.40014116630166974,-0.886013708567141,0.0,-0.2567158884773623,-0.08976672103284478,0.0
12.009723396018867,102.95893747249798,0.24802943456182333,1.5,0.874393909068615,0.09195694177574079,0.18275110084199078,-0.4399786901476026,23.256517262045755,-9.264165275116891,0.0,0.08117400318566137,0.03996558239744637,-0.18570967471811098,2.554412380760256,-3.4422011325181154,0.0,0.014144579054246358,0.006274367055159497,-0.012135880837178134,1.872437552980738,1.872656192933295,1.8764074977297445,1.8705876820062017,-0.41946988286190273,-0.8925824193435469,0.0,-0.2612654775018244,-0.08618893995701318,0.0
12.084317951273642,104.70082449763144,-0.452665513289237,1.5,0.8707587977320967,0.09400948053916217,0.1833544138811707,-0.4464554766728735,23.445877346320223,-9.523423945140138,0.0,0.08222859659524268,0.04043733085325125,-0.1865940270458228,2.522391801179995,-3.509018906430009,0.0,0.014168360968404087,0.006372644732102893,-0.011670339355107225,1.8748316880581049,1.8752096403674474,1.87883942875931,1.8730751659783993,-0.4391194622573098,-0.8988682481313859,0.0,-0.26582382525851117,-0.08245541946058849,0.0
12.158912506528418,106.45674630151325,-1.1728860752931043,1.5,0.8670498878570678,0.09609261836149312,0.18394760716075897,-0.4529392657777749,23.63279386169366,-9.787684099255252,0.0,0.08328410760507628,0.040915939166223735,-0.1874523586168773,2.4888920829824075,-3.576295418165471,0.0,0.014165659090737654,0.006462562200845557,-0.011212184851122652,1.8772822145590522,1.8778165738664832,1.8813226558553058,1.8756134420012223,-0.45911222765267007,-0.9048690997053097,0.0,-0.2703868503992037,-0.07856454939921868,0.0
12.233507061783193,108.22651646863466,-1.9130065910832625,1.5,0.8632669915328696,0.09820648440357964,0.18453034107094302,-0.45942805854139945,23.817155532944028,-10.056979146345217,0.0,0.08434168298703412,0.04140149979675298,-0.18826678305779693,2.4538878537399946,-3.64400901788001,0.0,0.014187157867411706,0.006535707716372572,-0.010739811738503748,1.87978511195703,1.8804765750818178,1.8838590476769699,1.8782107483652002,-0.47945783268156883,-0.9105853194848507,0.0,-0.2749442914400658,-0.07451492823029138,0.0
12.308101617037968,110.00994021160402,-2.673403832089909,1.5,0.8594099608555793,0.100351196140287,0.18510225973518163,-0.46591985368339334,23.998849170152244,-10.331340867493482,0.0,0.0853991367611764,0.04189320948585484,-0.1890553161184574,2.4173537419592046,-3.7121371695192495,0.0,0.01417847977777064,0.006631903171944644,-0.010277974308785808,1.8823456674118375,1.8831949904642806,1.8864518944423576,1.8808588909397255,-0.5001343983270422,-0.9159881391367103,0.0,-0.27949654069987856,-0.07030342085055762,0.0
12.382696172292745,111.80681423007951,-3.454456876299959,1.5,0.8554786910028228,0.10252686005213864,0.1856629900076745,-0.47241264414636086,24.177759716563628,-10.610799314539667,0.0,0.08645753279086849,0.04239040156359029,-0.18979981472462068,2.3792643921299934,-3.7806564360600117,0.0,0.01414205297668234,0.006731194607691257,-0.009826610674589871,1.8849665973080183,1.8859715238318406,1.889101359087228,1.8835610737905377,-0.5211560892698186,-0.9210696759117859,0.0,-0.28404937828786325,-0.0659268822355687,0.0
12.45729072754752,113.61692657000302,-4.256546977443034,1.5,0.8514731172134793,0.10473356949054612,0.18621214252044238,-0.4789044247681116,24.35377021024929,-10.895382758617265,0.0,0.08751525124520039,0.042893725754764155,-0.19051850312233246,2.3395944997119997,-3.849542465602862,0.0,0.014185085201668255,0.006779458960669539,-0.00933732734241422,1.8876400040494812,1.8888019535984233,1.8918070932628401,1.8863356080174187,-0.5425138607424909,-0.9258195606594528,0.0,-0.288583542904247,-0.06138388441923231,0.0
12.531885282802296,115.44005648253471,-5.080057429616102,1.5,0.8473932172354927,0.10697140557098553,0.18674931046055335,-0.48539318991510033,24.52676181104243,-11.185117622605947,0.0,0.08857361188483635,0.04340177263914567,-0.19119288464259634,2.298318816289993,-3.9187699807800116,0.0,0.014163590855588638,0.006852699628138831,-0.008876514263102825,1.8903798549908633,1.8916954670704746,1.8945733976809656,1.8891609328645567,-0.5642097336052687,-0.9302233850741757,0.0,-0.29310920936180035,-0.05667366436013777,0.0
12.606479838057071,117.27597428384485,-5.925373426561316,1.5,0.8432390086920574,0.10924043554050557,0.18727407044535924,-0.4918769398963359,24.696613799517174,-11.480028404146228,0.0,0.08963215837358211,0.043914778903683976,-0.19184103245978376,2.255412181052878,-3.9883127690523623,0.0,0.014185830092484494,0.006904466273871194,-0.008394932046195,1.893177540888471,1.8946484458742352,1.8974004908642939,1.8920550018572282,-0.5862462916252096,-0.9342735820053395,0.0,-0.29761236543775355,-0.051792362266152726,0.0
12.681074393311846,119.12444121478786,-6.792881916003485,1.5,0.8390105507098204,0.11154071300796238,0.18778598180161438,-0.498353679807908,24.863203571590827,-11.780137621704762,0.0,0.09068975834361652,0.0444317786390611,-0.19244541571604015,2.2108495371199934,-4.058143668490009,0.0,0.014190666670090708,0.006956579049774501,-0.007921467933602211,1.8960407355636602,1.8976647159867317,1.900290359899579,1.895010317353325,-0.6086096616695582,-0.9379459500218804,0.0,-0.30209191573844046,-0.04673853274503216,0.0
12.755668948566623,120.9852093017198,-7.682971448416036,1.5,0.8347079417442539,0.11387227653669757,0.18828458717460703,-0.5048214247215632,25.02640667765519,-12.085465717408885,0.0,0.09174784372811641,0.04495237319542713,-0.19302354372824732,2.164605960547684,-4.128234555670308,0.0,0.014181281561649002,0.007005697126031503,-0.007455431064782041,1.898970801119505,1.900745572865858,1.9032444988189618,1.8980287588888818,-0.6313123696191866,-0.9412368395231296,0.0,-0.306546862621784,-0.041511769245640644,0.0
12.830263503821397,122.85802121787067,-8.596032020263252,1.5,0.8303313203277848,0.11623514972127065,0.18876941245451948,-0.5112781995876287,25.186096797513624,-12.396031005079685,0.0,0.0928051270054424,0.04547679854220521,-0.19355785997357305,2.116656685859993,-4.198556339900009,0.0,0.01421030490861856,0.007042789177507443,-0.006972213086348191,1.9019634159322876,1.9038908191796955,1.9062645858360046,1.9011192380872237,-0.6543418651547683,-0.9441344496667052,0.0,-0.31096361793521293,-0.0361057545413824,0.0
12.904858059076174,124.74261014539307,-9.532454912578428,1.5,0.8258808635462406,0.1186293403383138,0.18923996647244662,-0.5177220431163037,25.34214578224288,-12.711849601431815,0.0,0.09386259808357635,0.04600310826109261,-0.19406631847679764,2.0669771174239835,-4.269078946004885,0.0,0.014171386678426828,0.0070822295773772595,-0.006523554585708947,1.9050324839724837,1.9071046972626728,1.9093517087433909,1.9042686241059699,-0.6777037284721595,-0.9466131879016901,0.0,-0.3153455322704011,-0.030523512962364666,0.0
12.979452614330949,126.63869963858473,-10.492632523134246,1.5,0.8213567868790326,0.12105483989009881,0.18969574161550007,-0.5241510087750282,25.494423644985428,-13.032935317556536,0.0,0.09491972504639272,0.046533046061157476,-0.19453096519381233,2.0155428681399905,-4.339771310040011,0.0,0.014151340704853611,0.007111955012295188,-0.006068203187827771,1.908169589313535,1.910386337752384,1.9125078312734178,1.9074903736709745,-0.7013871306076441,-0.9486836996802054,0.0,-0.3196884151724232,-0.024760745974455784,0.0
13.054047169585724,128.5460034881778,-11.476958193775076,1.5,0.8167593430575609,0.12351162290594217,0.19013621399306935,-0.5305631674586011,25.642798598447175,-13.359299641642663,0.0,0.09597609548377743,0.04706444196418408,-0.19497060703044033,1.9623297835685034,-4.410601368390917,0.0,0.014157622862700843,0.007132838021916826,-0.005603176559067857,1.9113752555668688,1.9137373000665223,1.9157348228178586,1.9107866968294223,-0.7253955046614005,-0.9503112459164674,0.0,-0.32398348907120333,-0.01881608966951824,0.0
13.1286417248405,130.46422558700993,-12.485826032412454,1.5,0.8120888213099737,0.12599964639797295,0.19056084334301598,-0.5369566094158464,25.787137054925026,-13.690951614617138,0.0,0.09703184730894443,0.04759703788651009,-0.1953669911491422,1.9073139631099905,-4.481536043960012,0.0,0.014145432372640895,0.007145653129050274,-0.005150489230331234,1.9146567432302342,1.9171596159512236,1.919033594973134,1.9141535733766253,-0.7497207375711242,-0.951486434763025,0.0,-0.3282283826271812,-0.012690218491716226,0.0
13.203236280095275,132.39305979686915,-13.51963072831436,1.5,0.8073455466482377,0.12851884965273838,0.19096907360202092,-0.5433294456577714,25.927303656304552,-14.027897768202173,0.0,0.09808683148005155,0.0481313084943426,-0.19573890989595175,1.8504717924064662,-4.552541247341674,0.0,0.014140738175942604,0.007157139330997738,-0.004698352339591148,1.9180118774618162,1.920655021183572,1.9224067040914292,1.9175950900591112,-0.7743570604080935,-0.9522057482976996,0.0,-0.33241700305003746,-0.0063793257821741925,0.0
13.277830835350052,134.33218981745475,-14.578767362959823,1.5,0.8025298783073287,0.13106915332502175,0.19136033305284322,-0.549679810803154,26.063161303950427,-14.37014207522438,0.0,0.09914140686379404,0.0486646739914547,-0.1960680724776466,1.7917799674399897,-4.6235818612500115,0.0,0.01413774084934641,0.007166620356577433,-0.0042495439146590245,1.9214430185314364,1.9242248817409413,1.9258555397736674,1.9211123486035686,-0.7993121569430244,-0.9524335131303249,0.0,-0.33654357730292833,0.00011766928073402063,0.0
13.352425390604827,136.2812890564719,-15.663631214573902,1.5,0.7976422096498862,0.13365045917147106,0.1917340345998602,-0.5560058633900918,26.194571155568248,-14.717685826259618,0.0,0.10019488735363194,0.04919796518056178,-0.19637358821961273,1.731215527774296,-4.69462173342939,0.0,0.014121620700919905,0.007154688827901933,-0.0038127076031058845,1.9249550976919623,1.9278696221046618,1.9293802791435586,1.9247060435294434,-0.8245673751836317,-0.9521686236735135,0.0,-0.3406029146938956,0.006800950189131803,0.0
13.427019945859602,138.24002050177833,-16.77461755614339,1.5,0.7926829657436512,0.1362626492584828,0.19208957645385025,-0.5623057894550701,26.321392684383422,-15.070527573471018,0.0,0.10124828215051693,0.04973178013112606,-0.19663696194031074,1.668755884409989,-4.765623672730012,0.0,0.014098363668448844,0.0071453882434705735,-0.0033846939440947896,1.9285472508233195,1.9315922577472942,1.9329841762203726,1.9283770028606788,-0.8501247508978295,-0.9514141441034547,0.0,-0.34459205320280994,0.013673154112581465,0.0
13.501614501114378,140.20803659607557,-17.912121449244964,1.5,0.7876526039287529,0.13890558615554477,0.19242634201418415,-0.5685778016754435,26.44348369098998,-15.428663084342194,0.0,0.10230103618756738,0.050263847810502436,-0.1968772174126433,1.6043788468697313,-4.836549442366349,0.0,0.014100276053050356,0.0071249115823326485,-0.0029499809387929323,1.9322178482370211,1.9353930293032442,1.9366683959226438,1.932131685192379,-0.8759826310632508,-0.9501320782084207,0.0,-0.34850203738047986,0.0207333712308922,0.0
13.576209056369153,142.18497911288753,-19.0765375314708,1.5,0.7825516106051101,0.1415791116573843,0.19274370090044565,-0.5748201437361548,26.56070032031302,-15.792085212707564,0.0,0.10335186801104981,0.050794530882200095,-0.1970772243352063,1.5380626574199885,-4.907359752950012,0.0,0.014100282733723102,0.0070996377858682435,-0.0025221504228486575,1.935971567312397,1.9392740855119792,1.9404345106017233,1.9359679229762283,-0.9021154758100445,-0.9483161395519045,0.0,-0.3523298864754919,0.02798470566517376,0.0
13.650803611623928,144.17047903562704,-20.268259797298693,1.5,0.7773805023663042,0.14428304717587276,0.19304100888660625,-0.5810310884336557,26.672897131590098,-16.1607838475863,0.0,0.10440144650463311,0.05132324756599561,-0.19725531010198283,1.4697860229651358,-4.978014258188229,0.0,0.014078235731440517,0.007067271625524345,-0.002113046328024692,1.939812835602081,1.9432370672637014,1.9442839373917082,1.9398844535787085,-0.9285262147583138,-0.9459523817318751,0.0,-0.3560732176484784,0.03542501423631086,0.0
13.725398166878705,146.16415644010553,-21.48768137376165,1.5,0.7721398220649869,0.14701719247818676,0.19331760911659998,-0.5872089426283661,26.77992712613682,-16.53474582923531,0.0,0.10545169874632544,0.0518488132397277,-0.1973928785576889,1.399528147559988,-5.048471552000012,0.0,0.01409380562364259,0.007020654368353736,-0.0016904903140921583,1.9437358091882069,1.9472823106313006,1.9482181997838535,1.9438914720419644,-0.9552345897127494,-0.9430261899429543,0.0,-0.3597112111623796,0.043058859366081434,0.0
13.79999272213348,148.16562037809854,-22.735194289881537,1.5,0.7668301406322874,0.14978132641895503,0.19357283163524985,-0.5933520443436224,26.881641737443058,-16.91395486365119,0.0,0.106501925931865,0.052371788780233346,-0.19750881164562153,1.3272687594514345,-5.118689162303108,0.0,0.014054708919933965,0.006982833267978133,-0.0013050240123297112,1.9477527133313308,1.951413883657325,1.9522398321223076,1.9479763430214083,-0.9822089192891315,-0.939531435151932,0.0,-0.36325508526908545,0.05088377779703478,0.0
13.874587277388256,150.17446876368473,-24.011189240829662,1.5,0.761452052359512,0.15257520525723986,0.1938059952103297,-0.5994587683225026,26.97789091406502,-17.298391470935904,0.0,0.10754877056265022,0.05289036796312231,-0.19758761998568736,1.2529881543899872,-5.188623550290012,0.0,0.01407495287874338,0.00692825896487319,-0.0008949542830578302,1.9518518012233208,1.955630324130551,1.9563494296397892,1.9521578509096265,-1.0094253659160997,-0.9354301656357541,0.0,-0.36668826623997636,0.05890004517898215,0.0
13.949181832643031,152.1902882645483,-25.316055345381347,1.5,0.7560061773483604,0.15539856392290102,0.19401640665474698,-0.6055275221578285,27.068523181512965,-17.68803285229231,0.0,0.10859541304067251,0.05340505099581404,-0.19764593034883976,1.1766672189320473,-5.258230109650807,0.0,0.01403196285612857,0.006870821722650162,-0.0005278284253624994,1.9560499896111678,1.9599352529762122,1.9605487351864814,1.956419858702055,-1.0368960028032927,-0.9307294646841988,0.0,-0.37001434252735554,0.06710974971722963,0.0
14.023776387897806,154.21265419624635,-26.65017989724095,1.5,0.7504931561498577,0.15825111385002955,0.19420336286705642,-0.6115567523857264,27.153385657529615,-18.082852857475988,0.0,0.10964185108100664,0.05391529593131674,-0.1976667363634134,1.0982874788799863,-5.327463160380011,0.0,0.01406187004566581,0.006793393151194847,-0.0001283311522268619,1.9603317629751948,1.9643278399385733,1.9648389393069705,1.9607836325810415,-1.0646238145325797,-0.9254134439856538,0.0,-0.37321145460252786,0.0755104128554229,0.0
14.098370943152583,156.2411304185654,-28.013948111414585,1.5,0.7449136528423317,0.16113254491938334,0.19436614991936438,-0.6175449396946107,27.232324084053754,-18.482821891020322,0.0,0.11068788771462225,0.05442026269240184,-0.19766823160020205,1.0178311165682954,-5.396275955977313,0.0,0.014008967036536672,0.0067325440604174645,0.00021609667731299173,1.964717076385544,1.9688132959588542,1.969223302867762,1.9652268202224574,-1.092580423937674,-0.9194632970662758,0.0,-0.3762894570587262,0.08410408284865024,0.0
14.172965498407358,158.27526923622474,-29.40774286413264,1.5,0.7392683490140703,0.1640425229792703,0.19450404557079223,-0.6234906054281824,27.305182915715612,-18.88790682976995,0.0,0.1117320309775625,0.05491952370977059,-0.19763459365868377,0.9352810271519858,-5.464620679370013,0.0,0.014025454660157304,0.006646618293148398,0.0005910350658535865,1.9691898274713362,1.9733890765392206,1.9737011955688566,1.9697747319159968,-1.1207584137348698,-0.9128612627426388,0.0,-0.37922941460321763,0.09288965431706026,0.0
14.247560053662134,160.31461130424512,-30.831944426619046,1.5,0.733557947479524,0.1669806917888757,0.19461631800430987,-0.6293923061380571,27.371805361115154,-19.29807093920531,0.0,0.1127762194160492,0.05541237166468582,-0.19758253892860644,0.8506208357008557,-5.532448443253347,0.0,0.013987305665439131,0.006568041962020696,0.0009255604123999325,1.973766072473592,1.9780597619161246,1.9782759206545597,1.974409412940842,-1.1491546421729433,-0.9055961055637082,0.0,-0.3820367780434839,0.10186695310504909,0.0
14.32215460891691,162.35868553664994,-32.28693019288093,1.5,0.7277831656906442,0.16994667074734332,0.19470222868976794,-0.635248640283815,27.43203342608081,-19.71327379668309,0.0,0.11381871634566938,0.055899156769909475,-0.1974967625980963,0.7638349534989851,-5.599709296140012,0.0,0.014008346732730267,0.006471154941773622,0.0012852895243738774,1.9784335835232258,1.9828243346489522,1.9829475307842346,1.9791499902082348,-1.1777498526512902,-0.8976591001286686,0.0,-0.38468910477926777,0.11103482388724828,0.0
14.396749164171684,164.4070090197329,-33.77307440199227,1.5,0.7219447399977309,0.17294005702408496,0.19476103103331427,-0.6410582421722348,27.485707994511525,-20.133471223123816,0.0,0.11486129692675809,0.056378538734299974,-0.1973937238795508,0.6749085968093679,-5.666352224536006,0.0,0.01396628082631048,0.006378284023049759,0.001598763816113894,1.9832090365792363,1.9876864397970748,1.987718778971773,1.9839792667460017,-1.206541195094957,-0.8890281554528795,0.0,-0.38719379622471256,0.12039298107997341,0.0
14.47134371942646,166.4590869298916,-35.29074785427323,1.5,0.7160434186421021,0.1759604232248223,0.1947919732266863,-0.6468197888471926,27.532668869784807,-20.558615186434086,0.0,0.11590256284057616,0.05685051412911723,-0.19725832884801817,0.5838278407899817,-5.7323251572400125,0.0,0.013965127821586886,0.006273378346489914,0.0019270903923713377,1.9880806990949882,1.9926458824625588,1.9925902039477628,1.9889144469151467,-1.2355107879338159,-0.879693081829843,0.0,-0.38953590235765795,0.1299401571648596,0.0
14.545938274681236,168.51441245605608,-36.840317621424845,1.5,0.7100799664351053,0.1790073193919359,0.19479429715660582,-0.6525319935964039,27.57275485605572,-20.988653735107867,0.0,0.11694333358035004,0.057314413219004295,-0.19710721381255722,0.49057964938151893,-5.7975749699742956,0.0,0.01394692786855896,0.006164235351777217,0.0022352518126097527,1.9930575088717808,1.997704905982401,1.9975638231121702,1.993948080684307,-1.2646500803673701,-0.8696377866551751,0.0,-0.3917111817614264,0.13967509566248915,0.0
14.620532829936012,170.5724667272808,-38.4221467509736,1.5,0.7040551574547546,0.18208027121182854,0.1947672410146294,-0.658193612795154,27.605803816443807,-21.423530913065086,0.0,0.11798337006761606,0.05777000681995103,-0.19692502656671135,0.39515191600898086,-5.862047495510012,0.0,0.013942713075442141,0.006042319688706278,0.0025427368144102015,1.9981371135644739,2.0028641786061048,2.0026403303018228,1.9990868360976253,-1.2939456160779408,-0.8588504150736728,0.0,-0.39371371610032585,0.14959688939383328,0.0
14.695127385190787,172.6327187452362,-40.0365939648092,1.5,0.6979697801042682,0.18517878164923776,0.19471003845524612,-0.6638034391390721,27.63165274446942,-21.863186685837185,0.0,0.11902243761607047,0.05821681852723068,-0.1967286275841902,0.2975335070639166,-5.925687526573112,0.0,0.013929568679472221,0.005926889827044197,0.002834544743114705,2.0033228309847857,2.008126543632906,2.0078226696719272,2.004327208443719,-1.323379451836117,-0.8473176959724031,0.0,-0.3955344792124561,0.15970401712343932,0.0
14.769721940445562,174.69462532254553,-41.68401335216949,1.5,0.691824629530054,0.18830232923842086,0.19462192112523477,-0.6693603085009686,27.650137852313595,-22.307556866932075,0.0,0.1200615090701849,0.05865403143173317,-0.19650236050278175,0.1977142984579828,-5.988438825540012,0.0,0.013924689334272494,0.00580795138127686,0.0031223908109695863,2.008614225115317,2.013492610155693,2.0131113330302814,2.0096740514411358,-1.3529502636794548,-0.8350198497699628,0.0,-0.39716511398312276,0.16999307426061888,0.0
14.844316495700339,176.75763102630532,-43.36475405676717,1.5,0.6856205130663698,0.1914503703097916,0.1945021178901934,-0.6748630927136857,27.661094618615994,-22.75657303374633,0.0,0.1210997495465265,0.059081204189678944,-0.19626302601433937,0.09568521658516861,-6.050244141881336,0.0,0.01391413272850091,0.005668177149734626,0.003396376483390267,2.0140159438811085,2.0189625427778006,2.018506674008976,2.015127633489247,-1.3826313858496269,-0.8219419581726695,0.0,-0.3985984576028102,0.18046148453264904,0.0
14.918911050955113,178.82116812743715,-45.079159957633095,1.5,0.6793582424462649,0.19462233683235539,0.19434985723821274,-0.6803107065288048,27.664357896972195,-23.21016243906128,0.0,0.12213755416165491,0.059499334001727466,-0.19599574930716093,-0.008561722212267966,-6.11104520984001,0.0,0.013894528563835417,0.005540362426636152,0.0036557099467830344,2.0195274095805678,2.0245399673768976,2.0240121234497703,2.0206868163981233,-1.41241199787508,-0.8080921666081076,0.0,-0.39983146622783045,0.19111340411821623,0.0
14.99350560620989,180.88465655650504,-46.82756934538397,1.5,0.6730386395405923,0.1978176387625145,0.19416436673702248,-0.6857021001640458,27.659761983250387,-23.668247983451394,0.0,0.12317437103233571,0.05990682383791143,-0.19571673052186478,-0.11503336486504484,-6.170782774842946,0.0,0.013900994812455008,0.0053883516062561525,0.00392091708403541,2.0251475563160213,2.030223696293176,2.0296266342638467,2.026360148325489,-1.4422742713365277,-0.7934346113070871,0.0,-0.40085592671705317,0.20193939435872468,0.0
15.068100161464665,182.9475038657024,-48.61031459286355,1.5,0.6666625283034707,0.20103566206561393,0.19394487571755142,-0.6910362661371456,27.647140712829394,-24.13074809160329,0.0,0.1242110041088665,0.060303247308452206,-0.19541127587442825,-0.22373538135702184,-6.229396599910011,0.0,0.01392261019442966,0.00523709658274631,0.00418706041519104,2.030877299920061,2.0360167937300497,2.0353530034366742,2.032145999049093,-1.4722092593208411,-0.7779606917850019,0.0,-0.4016531040719201,0.2129390327044635,0.0
15.14269471671944,185.00910519718943,-50.42772181936711,1.5,0.6602307411197231,0.2042757713218737,0.19369061369423696,-0.6963122316160365,27.626327532565067,-24.597576657741538,0.0,0.12524753261123792,0.06068872403400273,-0.19509472579714016,-0.3346722330683654,-6.286825478837459,0.0,0.013889419233001934,0.005089951102449088,0.004408133286568186,2.0367278533684394,2.0419205923373696,2.0411931553896707,2.038034939476092,-1.502193253509629,-0.7616632831607165,0.0,-0.402230226434357,0.22410877574812996,0.0
15.217289271974217,187.0688432582272,-52.28011055034317,1.5,0.6537441103080948,0.20753730735400872,0.19340081412617405,-0.7015290652489451,27.597155610896593,-25.068642984458897,0.0,0.12628326112346547,0.061062342191551953,-0.1947537779289637,-0.4478471115890227,-6.3430072560400115,0.0,0.013901248032750606,0.004939865661089622,0.004649305419563035,2.0426864303325734,2.0479360864137117,2.0471473031307195,2.0440434803201604,-1.532211519977971,-0.7445218379413063,0.0,-0.4025694946785196,0.23544740148647259,0.0
15.291883827228991,189.1260883036226,-54.167793371351515,1.5,0.6472034747757528,0.21081959016331653,0.19307471268742687,-0.7066858693664606,27.559457926062684,-25.543851687083823,0.0,0.12731914473881087,0.06142515765354339,-0.19440274119673165,-0.5632619110181456,-6.3978788463085925,0.0,0.013878499546522953,0.004774088641826728,0.0048580034031474985,2.048766770696301,2.054063353458764,2.0532162485889165,2.0501618212433024,-1.5622489540640405,-0.726539171026918,0.0,-0.4026534105083611,0.24694814968377238,0.0
15.366478382483766,191.18019812495154,-56.09107557744954,1.5,0.6406096717657548,0.21412191745386971,0.19271154991742587,-0.7117817863885488,27.513067356392394,-26.023102670456282,0.0,0.1283554155020976,0.06177463964665309,-0.19402815057239503,-0.6809171958290202,-6.451376249710009,0.0,0.013749127207386108,0.004613245413298793,0.004987387657612094,2.054979118034346,2.060304502271886,2.0594029078007354,2.056379394789796,-1.5922791683431403,-0.7076756706478268,0.0,-0.402519432443675,0.2586120708438885,0.0
15.441072937738543,193.23051804764904,-58.05025481706866,1.5,0.6339635431632326,0.21744356554036967,0.1923105713943881,-0.7168159916428868,27.457816803300606,-26.50629100171353,0.0,0.12938923352420403,0.06211159222606284,-0.19364633667784004,-0.800812113294515,-6.503434573262157,0.0,0.013872791000733228,0.00444288248950619,0.005274375713803779,2.061272847041859,2.0666617474343254,2.065705521582942,2.0627509484430115,-1.6222908252989439,-0.6879356495291207,0.0,-0.4021091062869949,0.27043176363507043,0.0
15.515667492993318,195.2763809358264,-60.045620729956,1.5,0.6272659276087318,0.22078378957690578,0.1918710290392835,-0.7217876990754445,27.393539276203388,-26.993306872657296,0.0,0.13042420823463985,0.062437325255784715,-0.19324204932509936,-0.9229444054170245,-6.553988052330011,0.0,0.013841081288667264,0.004260152731913513,0.005449936836376979,2.0677092367109684,2.0731336958673614,2.0721271208899608,2.0692180171965213,-1.6522634242947658,-0.6673264996457358,0.0,-0.40144124699196243,0.2824025573382351,0.0
15.590262048248094,197.31710720467993,-62.07745458213029,1.5,0.6205176670678595,0.22414182482367187,0.1913921809628423,-0.7266961540339004,27.320068007930526,-27.48403556871796,0.0,0.13145837177744635,0.06274955135920032,-0.19283056737096624,-1.0473103292242087,-6.602970076489074,0.0,0.013867565589712192,0.004097664852021192,0.00565525207030392,2.0742555959272453,2.0797250685890245,2.078669977474255,2.0758106211526264,-1.6821744223286652,-0.6458113635476073,0.0,-0.40049721042944875,0.2945225179985006,0.0
15.66485660350287,199.3520048414168,-64.14602889556521,1.5,0.6137195985241248,0.22751688551951024,0.19087329419922588,-0.7315406391667006,27.237236570285383,-27.9783573551303,0.0,0.1324928013102644,0.06304856512571524,-0.19239874033664528,-1.1739046279000256,-6.6503132140600085,0.0,0.013870845219383426,0.00391853440183035,0.005837058054952595,2.0809275375470757,2.086433750553278,2.085332864156229,2.08252067794463,-1.712006286408211,-0.6233834938257454,0.0,-0.39927302793960007,0.3067841784062843,0.0
15.739451158757644,201.38036943446207,-66.25160707244139,1.5,0.6068725611293407,0.2309081673134628,0.19031364303429665,-0.7363204669783849,27.144878979213246,-28.476147439923558,0.0,0.13352694493666817,0.06333387208083202,-0.19196042683277353,-1.302720487531563,-6.695949233408468,0.0,0.013864364801659243,0.0037407027880320487,0.00600294445511224,2.087722915202534,2.0932621218922765,2.092118200418669,2.08934958347745,-1.7417325109181756,-0.6000322235149207,0.0,-0.39776198121362455,0.31918545482415656,0.0
15.81404571401242,203.4014842115328,-68.39444301529683,1.5,0.5999773876970816,0.23431484567381758,0.1897125125415635,-0.7410349856344219,27.042829828722375,-28.977275903004102,0.0,0.13456120629024276,0.06360652498400059,-0.19150335538226065,-1.4337494895400265,-6.739809136030009,0.0,0.013860438939427233,0.003548574369666355,0.0061629763230468485,2.0946418492291494,2.100210194704521,2.0990254973122977,2.096301602447573,-1.7713405138981806,-0.5757613187384751,0.0,-0.395952866550786,0.3317179058577178,0.0
15.888640269267196,205.4146200866019,-70.57478074337507,1.5,0.5930349119340743,0.23773607855385798,0.18906919689940957,-0.7456835716072809,26.930924395234005,-29.48160766817567,0.0,0.13559593334270897,0.06386533796893801,-0.19104027842174717,-1.5669815705050039,-6.781823186955974,0.0,0.013862186857286074,0.003373780465146221,0.006318233307668208,2.101682617768034,2.1072812153143694,2.106058109710292,2.103375619844429,-1.8008078347549963,-0.5505483385710003,0.0,-0.3938434431182317,0.34437561409257983,0.0
15.963234824521972,207.4190357152672,-72.79285400495844,1.5,0.586045960142096,0.24117100476605205,0.18838300250956205,-0.7502656352431079,26.808998753621175,-29.9890024238875,0.0,0.13662920872719803,0.0641095328834129,-0.19056098922009548,-1.702404977830027,-6.821920939200007,0.0,0.013887864023131623,0.0032055398178317436,0.006483357596916728,2.1088439765277474,2.114475542076952,2.113215710165457,2.1105764635071473,-1.8300896459364655,-0.5243807952148797,0.0,-0.3914191142046829,0.35716022960398836,0.0
16.037829379776745,209.41397756053706,-75.04888588484066,1.5,0.5790113584207934,0.24461874673204304,0.1876532465266193,-0.7547806135791857,26.676889947100328,-30.499314566521207,0.0,0.13766268128678524,0.06434065487787122,-0.19007685442590544,-1.8400062280131133,-6.860031275330031,0.0,0.013861101742855911,0.002998122397415332,0.006602429710736864,2.1161418214216083,2.121789958006056,2.1204970397704583,2.117896178437128,-1.8591800834806038,-0.49726421463689224,0.0,-0.38867142705847835,0.37005586091692033,0.0
16.112423935031522,211.3986799685996,-77.34308840897086,1.5,0.5719319245725909,0.248078409163381,0.18687925967703264,-0.7592279755542617,26.534436086963172,-31.0123931872141,0.0,0.1386980799528317,0.06455705365965939,-0.18957544590403175,-1.979770069890028,-6.896082433080007,0.0,0.013785435966174436,0.002801024539097799,0.006678650490359574,2.1235728826696803,2.1292287322305983,2.127906284560291,2.1253328890718555,-1.8880680608251756,-0.46916957746536125,0.0,-0.38561065758306945,0.38306303308485734,0.0
16.1870184902863,213.37236525289578,-79.67566214514527,1.5,0.5648084752117043,0.251549081296436,0.18606038507930434,-0.7636072152174113,26.381476465986385,-31.528081976426087,0.0,0.1397314363510757,0.06475910835901097,-0.18907171656902277,-2.121679430433817,-6.930002047889281,0.0,0.013863152683194465,0.0026167320838517555,0.0068590432126477505,2.1311064884031614,2.136795654267092,2.1354417645356047,2.1329183109236736,-1.9167069917009105,-0.44010451575077,0.0,-0.38221798728816725,0.3961725572339604,0.0
16.261613045541075,215.33424378907085,-82.04679579990254,1.5,0.5576418177086157,0.255029835554123,0.18519598135538323,-0.7679178566810936,26.21785174150136,-32.04621921508812,0.0,0.1407646454227852,0.06494709498611873,-0.1885535391686066,-2.265715372800033,-6.961717186820008,0.0,0.013953131498312373,0.0024358212764377684,0.007043330787895604,2.138765647316146,2.14448906775556,2.143105107926208,2.140632455542754,-1.9450810773848215,-0.4100628487967455,0.0,-0.3784672102876784,0.40937348194179896,0.0
16.33620760079585,217.28351412082662,-84.45666581305258,1.5,0.5504327577187965,0.2585197309332297,0.18428542005522827,-0.7721594472020396,26.04340404785456,-32.566637724995736,0.0,0.14179988195891957,0.06512136097691197,-0.1880308860929498,-2.4118570795433407,-6.991154388517946,0.0,0.01386372835958207,0.0022307053387065462,0.007086143919010363,2.1465832684974977,2.1523046851731578,2.1508983683882996,2.148447479675269,-1.9731671693757173,-0.37903697015529986,0.0,-0.37437729395950503,0.4226613189677131,0.0
16.410802156050625,219.2193630753316,-86.9054359493105,1.5,0.5431820909423541,0.26201781081598785,0.18332808980382265,-0.7763315621456922,25.85797713410676,-33.0891648408197,0.0,0.14283393449501924,0.06527992229182676,-0.18749578527352953,-2.56008178230003,-7.018239705420005,0.0,0.013865719392394886,0.002050418592671032,0.007191182866632749,2.1545139632205523,2.160250811438181,2.1588212601118513,2.1564034193711383,-2.0009251010507905,-0.34700403284517756,0.0,-0.3699296205869322,0.43603392745498765,0.0
16.485396711305402,221.14096589007343,-89.39325688641848,1.5,0.5358906105220572,0.26552310588194056,0.1823233939236254,-0.7804337984898368,25.661416537418017,-33.613622339131865,0.0,0.14386780441711458,0.06542458647522705,-0.1869586580326496,-2.710364734865384,-7.042898743833112,0.0,0.013866356065329972,0.0018418365766251427,0.0072880502147943844,2.1625767506880895,2.168322940577423,2.16687225911882,2.164489784713246,-2.028337913342772,-0.3139780061177148,0.0,-0.3651217932088435,0.44947913144665697,0.0
16.559991266560175,223.04748635107677,-91.92026580104532,1.5,0.5285590992050531,0.2690346328602567,0.18127075389259117,-0.7844657792106048,25.453569716120157,-34.139826451483906,0.0,0.1449023455708042,0.0655548738792961,-0.18640884733105328,-2.8626791668800307,-7.065056712910003,0.0,0.013888059656818486,0.0016381781410632428,0.00739578350215005,2.1707661268533873,2.1765244629533855,2.1750536417438044,2.1727087441832684,-2.0553878171179902,-0.2799455180271031,0.0,-0.3599401947602289,0.4629818263434523,0.0
16.63458582181495,224.9380769413497,-94.48658595305395,1.5,0.5211883367152204,0.27255139731625355,0.18016960677148347,-0.7884271471028815,25.234286184764592,-34.66758781116657,0.0,0.14593714554883414,0.0656702365059749,-0.1858573948988617,-3.0169962581410235,-7.084638462949454,0.0,0.013869064118583003,0.0014527396762329388,0.00746521128720546,2.17909167243725,2.184855703748125,2.1833682545901403,2.1810497054118296,-2.082032672271293,-0.2449014546856995,0.0,-0.35438926395852655,0.47654294885131704,0.0
16.70918037706973,226.81187900118204,-97.09232626705379,1.5,0.5137790919528689,0.2760723922557931,0.17901940909108918,-0.7923175689551043,25.00341769936435,-35.19671142897772,0.0,0.14697116270755956,0.06577140278629831,-0.185295482508085,-3.1732850843000358,-7.101568544580004,0.0,0.013916481514767353,0.0012682141571457644,0.0075818129146100754,2.1875377475858353,2.1933180901632,2.191813006312011,2.1895319620029374,-2.1082484333323057,-0.20884939263314417,0.0,-0.3484430354664512,0.4901496785115793,0.0
16.7837749323245,228.66802290051749,-99.7375809129129,1.5,0.5063321302922321,0.27959660069380105,0.17781963417062074,-0.7961367297252576,24.7608183984864,-35.726996693738656,0.0,0.14800653826668173,0.0658575924610057,-0.1847317307693469,-3.331512589748762,-7.115771245579672,0.0,0.013871652695268544,0.001064267099713841,0.007619067589639481,2.196131976613467,2.2019074056512595,2.20039037683472,2.1981314405306147,-2.1340062510850997,-0.17176992880633415,0.0,-0.3421165111203528,0.5037947388802202,0.0
16.858369487579278,230.50562822286196,-102.42242888407414,1.5,0.4988482060849231,0.2831229944063633,0.17656977569320217,-0.7998843364111343,24.50634496894175,-36.258237308218305,0.0,0.14904060962318316,0.06593008375246957,-0.18415896773133264,-3.491643538040032,-7.127170649400002,0.0,0.013923004974663297,0.0008751761157251003,0.0077286320203109014,2.2048416184076713,2.210630532740604,2.209098928695635,2.2068770752951616,-2.159277973973695,-0.1336881877659698,0.0,-0.33538439438368844,0.5174649843307265,0.0
16.932964042834055,232.32380396133493,-105.14693357512101,1.5,0.491328069788857,0.2866505370400998,0.175269345114053,-0.8035601123223263,24.239856806213343,-36.79022133561196,0.0,0.1500756321512323,0.0659885745776479,-0.1835852977117378,-3.6536404990294984,-7.135690691388321,0.0,0.013873730906893462,0.0006783337019339162,0.007750972436060807,2.213700884334654,2.2194818970503007,2.21794199938334,2.2157383585612673,-2.1840338664694823,-0.09458796589085411,0.0,-0.32826129753573313,0.5311533437474301,0.0
17.00755859808883,234.1216487268988,-107.91114235959864,1.5,0.48377246069998553,0.29017818209544705,0.1739178751885161,-0.8071638009685359,23.961216179907336,-37.322731166514316,0.0,0.1511103472955038,0.06603117245488532,-0.18300277193146575,-3.817463781790037,-7.141255203720002,0.0,0.013919012439717729,0.0005160477028096074,0.007846310175468326,2.222674856950357,2.2284693354536147,2.226918174334706,2.2247450697585953,-2.2082396276564005,-0.054445625098613254,0.0,-0.3207130382359625,0.5448502230895077,0.0
17.082153153343604,235.89825096937045,-110.71508616532428,1.5,0.4761821139426388,0.2937048763155925,0.17251491732577848,-0.8106951605194409,23.670288412909816,-37.85554347265438,0.0,0.1521462517966114,0.06606061177239467,-0.18241968074037865,-3.983071432186074,-7.14378798209316,0.0,0.013874913849843356,0.0002966866353970416,0.007862498432282141,2.2318008243243854,2.2375822797509044,2.2360258319540187,2.233873221957791,-2.2318739122242617,-0.013289497948106611,0.0,-0.3127552333383817,0.5585397473918778,0.0
17.15674770859838,237.65268921065,-113.55877904995386,1.5,0.4685577535489001,0.2972295581809587,0.17106004474249437,-0.8141539672724417,23.366942026553527,-38.38842926304892,0.0,0.15318114386116832,0.06607556342356449,-0.181829199084211,-4.150419179720038,-7.14321283666,0.0,0.01385019646576462,0.00012059140746057105,0.007890256425891919,2.2410538209913153,2.2468306850138156,2.2452694679901946,2.243134260779652,-2.25488915057553,0.028882633829133204,0.0,-0.30438062720776105,0.5722228541619798,0.0
17.231342263853158,239.3840322911299,-116.44221777795502,1.5,0.46090009905676693,0.300751160246549,0.1695528504399834,-0.8175400107685823,23.05104895122135,-38.92115387349475,0.0,0.1542159631638098,0.0660762952474206,-0.18123971398311658,-4.3194604103365215,-7.139453657205899,0.0,0.013876816876342592,-7.91409607716511e-05,0.007956384127166868,2.2504333564170182,2.2562109878154417,2.2546437649311817,2.252538310822227,-2.277265369780484,0.07208254079042486,0.0,-0.2955839614293832,0.5858761926542916,0.0
17.30593681910793,241.09133962953595,-119.36538139664418,1.5,0.45320985902719635,0.30426860825666363,0.1679929497622809,-0.8208530968086004,22.722484678264532,-39.453476943771705,0.0,0.155250694771872,0.0660635251965282,-0.18064288980574375,-4.490146131390034,-7.132434467269999,0.0,0.013918204285098481,-0.00023906142348273008,0.008032124677775919,2.2599410543538863,2.2657269658192822,2.2641540207261386,2.2620752437274154,-2.298975327184104,0.11628824028246139,0.0,-0.28634210455304343,0.5994953424733085,0.0
17.380531374362707,242.7736614949978,-122.32823081344678,1.5,0.44548773748790843,0.307780823784608,0.1663799782885565,-0.8240930427342971,22.381128429825985,-39.98515247597891,0.0,0.1562857425043588,0.06603733701305255,-0.1800471878267741,-4.662424957687561,-7.122079499556123,0.0,0.013875938919522535,-0.00044863367357812523,0.008031366073593477,2.2696001807186983,2.2753695549587913,2.2737970400403857,2.271734450141958,-2.319973811358957,0.16150864971643306,0.0,-0.2766660079278278,0.6130655224491548,0.0
17.455125929617484,244.43003929316757,-125.33070837494348,1.5,0.43773442762384407,0.3112867230912539,0.1647135945363185,-0.8272596803149904,22.02686336970632,-40.51592882810992,0.0,0.15732133780911758,0.06599701680906897,-0.17944433004118548,-4.83624306956004,-7.108313252629996,0.0,0.013857333554796462,-0.0006376999771045795,0.008047548667801512,2.279387502057365,2.2851468288528753,2.2835746016530343,2.2815295280888233,-2.3402404896009394,0.20774941670972263,0.0,-0.26655609609041203,0.62657520978522,0.0
17.529720484872257,246.05950586588764,-128.37273744626026,1.5,0.42995061800583073,0.31478521888509703,0.1629934779122712,-0.830352851627504,21.659576756068226,-41.045548722585565,0.0,0.15835662858219432,0.0659432268802089,-0.17884352986663898,-5.011544181054614,-7.0910605545698076,0.0,0.01387463061518377,-0.0008095611096520283,0.008091101803305422,2.2893011537530863,2.2950590443559644,2.2934861805779243,2.2914626446535,-2.359736697249027,0.2549932084176103,0.0,-0.2559878237227014,0.6400180013895517,0.0
17.604315040127034,247.66108580391278,-131.4542219925575,1.5,0.4221369866692704,0.31827522068311426,0.16121933098575725,-0.833372411171265,21.27916013498611,-41.57374929562271,0.0,0.15939146542034546,0.06587676751858072,-0.17823713228956736,-5.18826954013004,-7.070246646139996,0.0,0.01384739865995514,-0.001037258614789248,0.008092176469301571,2.299360077371155,2.305098519057612,2.3035288864407897,2.301525295432477,-2.3784210974116946,0.30323022478980105,0.0,-0.24498531812874433,0.6533651132802346,0.0
17.67890959538181,249.23379577429688,-134.5750461636047,1.5,0.4142942069961902,0.3217556353328526,0.15939087782260006,-0.8363182224774797,20.88550954498874,-42.10026213585274,0.0,0.16042644867274888,0.0657960452976222,-0.17763276068867104,-5.3663578676260535,-7.045797232814105,0.0,0.013871717019281206,-0.0011599540409069405,0.00813579696515892,2.309536139438683,2.315279672166224,2.3137110708013053,2.3117225212884596,-2.3962730936936656,0.35246802088717116,0.0,-0.2335174786399831,0.6666141483226091,0.0
17.753504150636584,250.7766448612783,-137.73507388010543,1.5,0.40642294229358167,0.3252253677691697,0.1575078655552764,-0.8391901598714426,20.478525671976513,-42.624813286847896,0.0,0.16146138888532321,0.06570313487558077,-0.17702304209758285,-5.5457453730300355,-7.017638563809994,0.0,0.013815056447084324,-0.0013270581576670746,0.008103391930512372,2.319862913489736,2.3255874124745177,2.324026275587719,2.3220418036477932,-2.413248378720988,0.4026798473281031,0.0,-0.22159699218065518,0.6797629528590565,0.0
17.82809870589136,252.2886349211563,-140.93414842317765,1.5,0.39852385114172223,0.3286833218827772,0.1555700635554596,-0.841988105208514,20.058114068739894,-43.147123330394344,0.0,0.16249484066297792,0.06559809973411422,-0.1764171618716627,-5.726365704621639,-6.985697517848351,0.0,0.013866827790214259,-0.0015007044575797237,0.008166452485527338,2.3303043325056763,2.336030775656092,2.3344706581789345,2.3325133469449217,-2.4293203925876177,0.4538612300114654,0.0,-0.20920860110564948,0.692776223854949,0.0
17.902693261146137,253.76876095157795,-144.17209202849634,1.5,0.3905975824744846,0.33212840065644506,0.15357726431786123,-0.844711949677002,19.62418532315846,-43.666907435647914,0.0,0.16353001877408924,0.06547935049475087,-0.17580486636876502,-5.9081499534400415,-6.949901656579992,0.0,0.013819944686683317,-0.001655513306426593,0.008136682555105572,2.3408947720452282,2.346604118416899,2.3450528733103786,2.3430989188872235,-2.444449033581803,0.5060318883861769,0.0,-0.1963632647080324,0.7056620084864098,0.0
17.977287816400914,255.21601147493138,-147.44870548255705,1.5,0.382644780759742,0.3355595073538151,0.15152928250107295,-0.8473615906603886,19.176655267129828,-44.18387535577688,0.0,0.16456402650024302,0.06534881995352657,-0.17519639858903177,-6.091026619343049,-6.910179319138265,0.0,0.01386157511556488,-0.0018293643823114173,0.008186164620837844,2.3516035571305376,2.3573112834771686,2.3557633754759584,2.353833878954336,-2.4586037606337787,0.5591505987506667,0.0,-0.18305509312949314,0.7183907775007825,0.0
18.051882371655687,256.62936893624186,-150.76376772328345,1.5,0.3746660810991397,0.33897554525691526,0.14942595635185843,-0.849936933519142,18.715445157389986,-44.697731548718096,0.0,0.16559704780283685,0.06520617838607987,-0.17458453655225697,-6.2749216026600365,-6.866459685269991,0.0,0.013910062420543942,-0.0019574412067716804,0.008241042038618293,2.3624401474046186,2.3681536904655176,2.3666091520598296,2.364699166862914,-2.4717460002711973,0.6132036962184658,0.0,-0.16926162996620656,0.7309511088325593,0.0
18.126476926910463,258.0078101155008,-154.11703544703192,1.5,0.36666211451091096,0.3423754195628026,0.14726714594245705,-0.8524378884045134,18.240481881221896,-45.20817523797344,0.0,0.16663148554638174,0.06505215285167155,-0.17397430917091,-6.459758202168027,-6.818672869919472,0.0,0.013852657522694689,-0.0021459592764608002,0.008192793762794321,2.3734321535746328,2.3791190620249356,2.3775869563935994,2.3756813373722854,-2.4838465875445825,0.6681962024380321,0.0,-0.15501112922258437,0.7433286992418843,0.0
18.20107148216524,259.35030655435077,-157.5082427194025,1.5,0.3586335028967135,0.3457580362137526,0.14505273550857636,-0.8548643722340529,17.751698134772692,-45.714900445610134,0.0,0.1676638912164575,0.0648860357797571,-0.1733621415978773,-6.645457077930047,-6.766749994599985,0.0,0.013883750258992194,-0.002266288747923943,0.00822746551227777,2.384534945198247,2.3902237233846795,2.388697718264718,2.3868062318531895,-2.4948592846940527,0.7240957137812443,0.0,-0.14027535387070564,0.7555148323786403,0.0
18.275666037420013,260.655824997576,-160.937100591962,1.5,0.3505808645549279,0.3491223043887968,0.14278263055945364,-0.8572163054892844,17.249032642786304,-46.217596119413734,0.0,0.1686969355411846,0.06470907132723963,-0.17275253532085183,-6.831936279624129,-6.710623270952621,0.0,0.013841777874143804,-0.002449598175679963,0.008189050600785001,2.3957867497438072,2.4014515227533244,2.39993836413432,2.398053152940556,-2.504757649016029,0.7809023021275316,0.0,-0.12507671881073756,0.7674855444725468,0.0
18.35026059267479,261.9233278494059,-164.4032967252784,1.5,0.34250480920465104,0.35246713504949967,0.14045676064728174,-0.859493614153215,16.732430337237183,-46.71594617672751,0.0,0.16972914661479027,0.06452072097359787,-0.17214024949979873,-7.019111200790043,-6.650226081729986,0.0,0.013847773744858518,-0.0025732523583770197,0.008195918295924897,2.4071562632298646,2.412815654696939,2.411311947605644,2.4094352876597727,-2.513506853062132,0.8385908617264182,0.0,-0.10939389667915049,0.7792337419724481,0.0
18.424855147929566,263.1517736437767,-167.90649501800922,1.5,0.33440594305312904,0.35579144325705364,0.13807507704033906,-0.8616962267853531,16.201842548720222,-47.20962961997751,0.0,0.17076040891854524,0.06432159433306732,-0.17153224067295017,-7.206894608981338,-6.585493078687593,0.0,0.013828338698399277,-0.0027397345988586543,0.00817544756561205,2.4186637541844296,2.4243052999515786,2.4228139466646548,2.420945684389333,-2.521058273374054,0.8971455611268462,0.0,-0.09323924022825164,0.7907364233842584,0.0
18.49944970318434,264.34011753035503,-171.4463352436195,1.5,0.3262848644579833,0.3590941472633139,0.135637554462701,-0.8638240760978168,15.65722724366039,-47.6983206292853,0.0,0.17179231926263078,0.06411226319069109,-0.17092043980148935,-7.395196623270038,-6.516360254119987,0.0,0.013802491977601337,-0.0028859742649155755,0.008147319012091004,2.4303006487902366,2.435925190589284,2.4344472983535685,2.432583057637031,-2.5274055872855463,0.9565539589396869,0.0,-0.0766133321151269,0.8019846537710218,0.0
18.574044258439116,265.4873117745301,-175.02243269413847,1.5,0.31814216858092015,0.3623741699099625,0.1331441892604742,-0.8658770966013976,15.09854915753456,-48.18168865582507,0.0,0.17282342272534942,0.06389254316639376,-0.17031290373406158,-7.583924721461905,-6.442765035337716,0.0,0.013812637136878997,-0.0030154813187483758,0.008153475348260858,2.4420587256318216,2.447676447945592,2.4462093703439094,2.444354790498572,-2.5324934469796987,1.0167916495498213,0.0,-0.05951535510708989,0.8129578932705753,0.0
18.648638813693893,266.59230627132104,-178.63437783175243,1.5,0.3099784433171022,0.36563043833074044,0.13059500102597482,-0.867855225801978,14.525780029898128,-48.659398537947105,0.0,0.17385273113271027,0.06366231165064841,-0.16970434567013143,-7.772983741250043,-6.364646370749982,0.0,0.013832235830246628,-0.0031363152615100334,0.008168622039772769,2.453942774456293,2.459556733154858,2.4580999561420276,2.4562561306925947,-2.5362723026073404,1.077831185812369,0.0,-0.04193676044573687,0.8236409412762911,0.0
18.72323336894867,267.65404907576374,-182.28173594925002,1.5,0.3017942737303278,0.3688618852038343,0.1279900307717558,-0.869758402092502,13.938898822063956,-49.13111062452493,0.0,0.1748817277803585,0.06342297101130251,-0.16909968141789278,-7.96227589179936,-6.281944824599624,0.0,0.013793887114953987,-0.0032770384262613503,0.008122746899060018,2.465966955808039,2.471560167844855,2.470119721660505,2.468275469730954,-2.5387291410797848,1.1396508390781022,0.0,-0.023885438805322616,0.8340175445130962,0.0
18.797827924203443,268.67148694725785,-185.96404683994086,1.5,0.2935902383692795,0.37206744857905544,0.12532934215268443,-0.8715865657740011,13.337891869488862,-49.596480908788905,0.0,0.17591110552131037,0.06317373442534249,-0.1684920293824655,-8.151700764210045,-6.19460265980998,0.0,0.013751721818598033,-0.0034090808980814097,0.008071738361038232,2.4781183074696918,2.48369057461811,2.482267325714786,2.4804204762714686,-2.539824826127255,1.202249595536794,0.0,-0.005374712891730758,0.8440728750693962,0.0
18.87242247945822,269.64356590765755,-189.6808244760243,1.5,0.28536691320149066,0.37524607246624,0.12261302031602661,-0.8733396574056945,12.722753092720069,-50.05516111477291,0.0,0.1769388185961574,0.06291493755596697,-0.16788974475619023,-8.341155327026325,-6.102563938638827,0.0,0.013773626887230753,-0.0035228034106721613,0.008086165580603212,2.490382426738565,2.4959513582574715,2.4945394033851747,2.4927025482880905,-2.539515707915426,1.26558355967929,0.0,0.0135992422582458,0.8537870025954425,0.0
18.947017034712996,270.5692318149842,-193.43155669667576,1.5,0.2771248683142329,0.37839670692420874,0.11984117273565953,-0.8750176186043772,12.093484211978819,-50.50679886964751,0.0,0.17796532876957583,0.06264770979939746,-0.1672863599457111,-8.530533950390048,-6.005774605489974,0.0,0.013795377361673885,-0.0036103156899569538,0.008100523120830615,2.5027701370201045,2.508339192295793,2.506938690790355,2.5051083384935176,-2.5377831349142697,1.3296166787609014,0.0,0.0330544553708901,0.8631479986445254,0.0
19.02161158996777,271.4474309512019,-197.21570490801997,1.5,0.26886467189798163,0.3815183094083044,0.11701392743993833,-0.8766203902354205,11.450094907143118,-50.95103785875001,0.0,0.17899185762153857,0.06237270692931262,-0.16668664040581901,-8.719728440878194,-5.904182589448618,0.0,0.013749651812288806,-0.003754308537354441,0.008041856166275075,2.515299606254505,2.520843863954931,2.5194622304145238,2.517629598637,-2.5345876511251064,1.3943357132982015,0.0,0.05294620824028524,0.8721345545558398,0.0
19.096206145222546,272.27711062346816,-201.0327037938065,1.5,0.2605868865960902,0.38460984347326016,0.1141314351495112,-0.8781479137072203,10.79260301335787,-51.387517955576506,0.0,0.1800163079483129,0.06208740712607979,-0.16608695968769688,-8.908628016010043,-5.797737895319975,0.0,0.013799331093554365,-0.003799890532922484,0.008085602264674575,2.527927295932208,2.533484085276102,2.5321113730680365,2.5302864001539978,-2.529870551697114,1.459719987029885,0.0,0.07332418646403921,0.8807315405344741,0.0
19.170800700477322,273.05721978115076,-204.881961036701,1.5,0.25229207382495383,0.3876702810595701,0.11119386624739103,-0.879600128909299,10.121034757911167,-51.81587537049497,0.0,0.1810410926054083,0.06179558214907436,-0.16549062792673278,-9.097119386520962,-5.686392695284219,0.0,0.013722747003463504,-0.003970661756555582,0.00799139832731168,2.5407115317731304,2.546231233512049,2.5448814959757495,2.543050131926366,-2.5236260131479193,1.5257273572808117,0.0,0.09412947406701419,0.8889147824779492,0.0
19.245395255732095,273.78670964667776,-208.76285705202048,1.5,0.24398079035446424,0.3906986010022785,0.10820141287864521,-0.8809769755015953,9.435424891900404,-52.235742838141896,0.0,0.18206422141251702,0.06149499157016831,-0.1648940481192741,-9.285086727040042,-5.570101419019974,0.0,0.013702776714299689,-0.004012770219465999,0.007958313257793198,2.553597570650801,2.5591122669521473,2.557779563479741,2.5559379348358444,-2.5158149958134577,1.5923268204403802,0.0,0.1153993582564771,0.8966868627477667,0.0
19.319989810986872,274.46453435928845,-212.67474473460732,1.5,0.2356535917798998,0.3936937906614951,0.10515428737479034,-0.8822783912816381,8.735816898290867,-52.64674978553896,0.0,0.18308616271315684,0.06118797904980489,-0.1643024955823693,-9.472411742600283,-5.448820868848816,0.0,0.013694056153924845,-0.004172748802231103,0.00793666507692186,2.56661081160926,2.5721064023375013,2.5707897395902597,2.568957225051373,-2.506399852196328,1.6594905437727985,0.0,0.13709795619507933,0.904021770508573,0.0
19.39458436624165,275.0896516334353,-216.6169492184837,1.5,0.22731102969269298,0.39665484534710027,0.1020527234588568,-0.8835043129930639,8.022263181439037,-53.048522504670494,0.0,0.1841062168920919,0.06087332280606028,-0.16371111222464013,-9.658973681570043,-5.322510308799971,0.0,0.01376454221219026,-0.004286221003890764,0.008004170104711564,2.5797249104239834,2.58522833611831,2.583918465930838,2.5821092725925388,-2.495350286629442,1.7271839848090402,0.0,0.15923594303275854,0.9108759453052364,0.0
19.46917892149642,275.66102343077034,-220.5887676500487,1.5,0.21895365552463247,0.3995807692146182,0.0988969733839,-0.8846546751483082,7.2948252416246415,-53.44068434182209,0.0,0.18512674125587145,0.06055142760218754,-0.1631229014123659,-9.84464938177552,-5.191131534902444,0.0,0.013661448665641512,-0.004358744260266453,0.007875871775575647,2.592989949280574,2.5984617388899274,2.5971793859825123,2.5953426141157383,-2.4826346473609524,1.7953714350790577,0.0,0.18178914295491894,0.9172673893078287,0.0
19.5437734767512,276.1776166453457,-224.58946897564692,1.5,0.2105820171504395,0.4024705747378497,0.09568731087033629,-0.8857294107465556,6.55357385334417,-53.82285589469028,0.0,0.18614478389369485,0.06022253842605799,-0.16253563798929593,-10.029313290300042,-5.054649010339968,0.0,0.013681076493937402,-0.004406247578470644,0.007886350576105261,2.606346505602599,2.6118220210814567,2.6105526145257363,2.6087169531589334,-2.4682174962523513,1.8640176239551958,0.0,0.2047806894731629,0.9231599064088162,0.0
19.618368032005975,276.6384038021362,-228.6182937438655,1.5,0.20219666259111402,0.4053232840610695,0.09242402810065888,-0.8867284500142157,5.798589244789644,-54.19465521043681,0.0,0.1871621238667029,0.059887870147823,-0.16195285377820906,-10.2128375405875,-4.913029939876635,0.0,0.013625808725720742,-0.004530515933788508,0.007810433095065812,2.6198406171465263,2.6252889980415812,2.6240419233968146,2.6221983577764116,-2.4520678628815125,1.933084903523597,0.0,0.22817346628149382,0.9285401525448069,0.0
19.69296258726075,277.0423637688781,-232.67445392304836,1.5,0.19379813734229012,0.4081379281371065,0.08910743747902625,-0.8876517212085664,5.029961277118479,-54.555697994677296,0.0,0.18817814385884046,0.059546954165810434,-0.16136977527585464,-10.395091962600052,-4.766244372949958,0.0,0.013584583438893932,-0.004603706844663997,0.007750335848664777,2.6334440974900595,2.638876012416319,2.637649694658646,2.6357948578163914,-2.43416634758172,2.0025331320202246,0.0,0.25197083108546986,0.9333995575757861,0.0
19.767557142515525,277.38848248015756,-236.75713273474588,1.5,0.1853869872702668,0.41091354762465976,0.08573786996985025,-0.8884991496801803,4.247789590968447,-54.9055978307291,0.0,0.1891923872807525,0.05920032478955062,-0.16079239538456355,-10.575944150478179,-4.614265301464526,0.0,0.01358783397400822,-0.004687602324863162,0.007741664124879614,2.647153875734677,2.6525796227785112,2.6513685102921447,2.649515838998261,-2.4144743310060623,2.072324497313442,0.0,0.27615714012668213,0.9377073873856918,0.0
19.8421516977703,277.67575367378964,-240.86548450343574,1.5,0.1769637566886747,0.41364919260766153,0.08231567564661188,-0.8892706583580182,3.4521837880898376,-55.24396639596188,0.0,0.19020518050843124,0.058847628942806485,-0.1602149318278849,-10.75525950330004,-4.457068746409964,0.0,0.013561272628224782,-0.004744634850385175,0.0076983282435357904,2.660981361185987,2.6663965391793805,2.665204496890738,2.6633423934712903,-2.3929566538916,2.142415151268966,0.0,0.3007338242579679,0.9414559927662431,0.0
19.916746253025078,277.90317964009125,-244.99863452316035,1.5,0.16852899067519503,0.41634392336500864,0.07884122285559796,-0.8899661669735911,2.6432635999373653,-55.57041369923223,0.0,0.1912163986517432,0.058489932044426735,-0.15964291320062293,-10.932901298940806,-4.294633870938159,0.0,0.013547823884135854,-0.0048304020437703755,0.007670258102262548,2.674920460094112,2.680324474466458,2.679149844173586,2.6772859489253684,-2.3695937459272907,2.212764559117067,0.0,0.3256747478861195,0.944630595362871,0.0
19.99134080827985,278.06977198283005,-249.15567894166094,1.5,0.16008323319925638,0.41899680983063503,0.07531489906668065,-0.8905855926180251,1.821159030693482,-55.88454831288287,0.0,0.192225493645341,0.058127089478103224,-0.15907165144244118,-11.10873072870004,-4.126943071509962,0.0,0.013599714895022878,-0.004885702731361137,0.007721655981015588,2.6889547143325876,2.6943700216789135,2.69320375670776,2.691352290583449,-2.3443597949302593,2.283327660259721,0.0,0.3509871191327271,0.9471912103266205,0.0
20.065935363534628,278.1745523910767,-253.33568466237293,1.5,0.15162702990039026,0.421606932347822,0.07173710861708708,-0.8911288490712808,0.9860105029436592,-56.18597761886692,0.0,0.19323407773401685,0.05775922034660339,-0.15850451596126372,-11.28260697873035,-3.9539820550689893,0.0,0.013503146059374166,-0.004959624901970338,0.007593447368598303,2.7031313126599983,2.708513770114763,2.707376343064338,2.7054985536258567,-2.317214611489981,2.35405901263912,0.0,0.3766574429431792,0.9491397363361536,0.0
20.140529918789404,278.2165534232328,-257.5376892650232,1.5,0.14316092622703777,0.42417338176789604,0.0681082739652695,-0.8915958470175124,0.13796904415024394,-56.474308062011076,0.0,0.19424124352058417,0.05738782547606847,-0.15793727660501847,-11.454387303600047,-3.7757399504199496,0.0,0.013425851640740425,-0.005070358481916681,0.007487782844212738,2.7174151551501557,2.722764562956436,2.7216535177420935,2.7197600097100727,-2.2881602246441712,2.4249141570747748,0.0,0.40263796645677513,0.9504687662288753,0.0
20.215124474044178,278.1948193011395,-261.76070094517513,1.5,0.13468546910084894,0.42669525896459914,0.06442883537431768,-0.8919864940471504,-0.7228036340346019,-56.74914540437438,0.0,0.19524547183025193,0.05701093890222846,-0.15737707656069447,-11.623927057768395,-3.5922094092893944,0.0,0.013457645586347454,-0.005074305787584726,0.007516249708755941,2.7317754925154834,2.7371378733349276,2.73603768986284,2.7341443473705205,-2.25714707511343,2.4958427885003225,0.0,0.42894843211804734,0.951148596808356,0.0
20.289719029298954,278.1084067143772,-266.0036984733538,1.5,0.1262012061641109,0.42917167559118347,0.06069925019995895,-0.8923006945296761,-1.5961349429162601,-57.01009499617426,0.0,0.19624808444748007,0.0566301146653254,-0.1568170207004499,-11.791079806000038,-3.4033866822799563,0.0,0.013468326686951063,-0.0051006409217392735,0.007519963859343197,2.746247750139352,2.751614034741677,2.750527465824147,2.7486319337722946,-2.224157004815412,2.566797942290076,0.0,0.45558326358921125,0.9511544568908847,0.0
20.36431358455373,277.9563856356315,-270.2656311742535,1.5,0.1177086873699164,0.43160175418220204,0.05691999232915113,-0.892538349415725,-2.481841307163937,-57.25676204334624,0.0,0.1972495879935684,0.056246066396619665,-0.15626169847116295,-11.9556973951618,-3.2092717185717676,0.0,0.013407519656529926,-0.0051765507145989315,0.007434182560383581,2.7608435009069745,2.7661859742968273,2.7651235360476787,2.7632122238395467,-2.1891715373416516,2.6377288091229465,0.0,0.48250778647475845,0.9504737781204222,0.0
20.438908139808508,277.73784014486597,-274.5454189264128,1.5,0.1092084640060054,0.4339846279373694,0.05309155234782188,-0.8926993565432937,-3.379728042960817,-57.48875188784206,0.0,0.19824943841992113,0.055858160890940284,-0.15570651275928202,-12.117630022500046,-3.009868248909943,0.0,0.013312410491340913,-0.00522619406380497,0.007304519758739396,2.7755481720424036,2.7808602324757046,2.779827223877848,2.7778864802562793,-2.152165358539644,2.7085825058802353,0.0,0.5097094427397012,0.9491170294897044,0.0
20.51350269506328,277.45186926290773,-278.841952183124,1.5,0.10070108979795826,0.43631944100465825,0.04921443756303721,-0.8927836104287757,-4.289589225641628,-57.70567029766794,0.0,0.1992461217430511,0.055467082292541575,-0.15515861415884993,-12.27672632663337,-2.8051838969018417,0.0,0.013356195414155286,-0.005265985263588523,0.007351765576500249,2.790323771135127,2.795647615817542,2.7946228059436726,2.792692083835035,-2.1131255301341363,2.7793081011762633,0.0,0.5371771713638853,0.947033960562649,0.0
20.588097250318057,277.0975877934015,-283.15409201486926,1.5,0.09218712076116908,0.4386053485418954,0.04528917083911241,-0.892791002419331,-5.211207599818443,-57.907123754108255,0.0,0.20024157462674366,0.05507254991799726,-0.15461027276449849,-12.432833475700045,-2.595230234809939,0.0,0.013311209277973048,-0.005302266490110367,0.007286197877962464,2.8052189244652324,2.8105288219953124,2.8095257089715164,2.8075786720005036,-2.072018237069713,2.84985202202666,0.0,0.5648924044790679,0.944228917483554,0.0
20.662691805572834,276.67412717330285,-287.4806701737389,1.5,0.08366711573405529,0.4408415168278509,0.041316291393680184,-0.8927214206297149,-6.144354438033575,-58.09271975295582,0.0,0.2012346980479033,0.05467535716454974,-0.15406810771656415,-12.58579725968418,-2.380022904986187,0.0,0.013301923661892064,-0.005343069973043382,0.00726701710405849,2.820205559759343,2.8255115458976534,2.824524422881499,2.8225724446373777,-2.0288392400930766,2.9201584434547843,0.0,0.5928386450024804,0.9406725077750686,0.0
20.737286360827607,276.18063633113667,-291.82048918046735,1.5,0.07514163663606524,0.4430271233489645,0.037296353184724206,-0.8925747500685393,-7.088789473485736,-58.26206711007224,0.0,0.20222609037756803,0.05427550857587325,-0.15352606775536456,-12.735462186600031,-2.159581665039949,0.0,0.013256181946122159,-0.005378310658378045,0.007200887350324966,2.8352974496390124,2.8405892904032184,2.8396238318980735,2.8376554776032563,-1.9835678929733498,2.9901719553280857,0.0,0.6209974994263038,0.9363669986970788,0.0
20.811880916082384,275.6162825518507,-296.17232243447967,1.5,0.06661124848275317,0.4451613567253684,0.03322992635613035,-0.8923508727223639,-8.044260793753725,-58.41477627273448,0.0,0.20321498387378634,0.053873143530397384,-0.15299037820075145,-12.881671573681697,-1.9339305162754794,0.0,0.013245216659915285,-0.00540878469374983,0.007180771585421057,2.8504773717079783,2.855766336265756,2.8548167865485476,2.852842024260972,-1.9361871644076845,3.0598342444946516,0.0,0.6493586154943901,0.9312820276696213,0.0
20.88647547133716,274.98025234874183,-300.5349143474593,1.5,0.05807651996482195,0.4472434171505352,0.029117595345002717,-0.8920496674993006,-9.010504754611176,-58.55045963957384,0.0,0.2042021406136513,0.05346895765915926,-0.15245473457609712,-13.02426767140004,-1.7030977441499335,0.0,0.013198507325164392,-0.005471810350522011,0.007113855313163655,2.865762250149791,2.871032748937858,2.8701048310994803,2.868117650148266,-1.8866874523122654,3.12908978168428,0.0,0.6778795609334268,0.9254133730711054,0.0
20.961070026591933,274.2717523413221,-304.9069805007976,1.5,0.049538023585624855,0.44927251593477824,0.024959959686885566,-0.8916710105511414,-9.987245907437613,-58.66873187993943,0.0,0.20518682190679538,0.05306231455636654,-0.15192535909255056,-13.16309173944312,-1.4671160228293811,0.0,0.013185956743119027,-0.005462533718109631,0.007093054330672018,2.8811274472235953,2.8864003264662514,2.8854881738141738,2.883489011954913,-1.8350586715113786,3.1978777327456385,0.0,0.7065552236700728,0.9187423069390035,0.0
21.03566458184671,273.49001013807975,-309.2872078273285,1.5,0.04099633584844812,0.4512478758331261,0.020757633268368447,-0.8912147752725988,-10.974196943634361,-58.76921026553403,0.0,0.20616908858506033,0.05265335363882664,-0.15139684479875593,-13.297984172600037,-1.2260224788499308,0.0,0.013164626715893102,-0.00544325347201,0.007061395528164175,2.8965855261912963,2.9018595209371028,2.9009643798475624,2.898949490730147,-1.781272477960009,3.2661358263732545,0.0,0.7353829914028687,0.9112561569120691,0.0
21.110259137101487,272.6342752246141,-313.6742548181645,1.5,0.0324520376273803,0.4531687313399349,0.016511244283145644,-0.8906808322860705,-11.971058603192144,-58.851515013551875,0.0,0.20714964330215196,0.0522433335935043,-0.1508735096187504,-13.428784629515015,-0.9798587743312015,0.0,0.013124064046538885,-0.0055062281747027516,0.007003851785837553,2.9121439196145698,2.917401392171651,2.9165264393844494,2.9145015138054555,-1.7253281573398815,3.3338110950491258,0.0,0.7643157992080158,0.902935061903151,0.0
21.18485369235626,271.70381985670775,-318.06675175421265,1.5,0.02390571445122081,0.45503432828047174,0.012221434640050715,-0.8900690498148195,-12.977519628762488,-58.91526960184561,0.0,0.208127621717114,0.05183228139366905,-0.15035114575538697,-13.555332121500028,-0.7286711667859422,0.0,0.013049724420917553,-0.00552965212790861,0.006900071595809211,2.9277959067567716,2.933031609163296,2.9321826919796212,2.93013163800194,-1.667242515814006,3.400824221802175,0.0,0.7933419046905421,0.893790290145678,0.0
21.259448247611036,270.69793995530813,-322.4633009637749,1.5,0.0153579563767053,0.45684392415003566,0.007888860528750026,-0.8893792936777231,-13.993256770352321,-58.96010115598726,0.0,0.20910253896076228,0.05141973506192184,-0.14983576546092506,-13.6774651518328,-0.4725105984770181,0.0,0.013059861557518588,-0.005539680382885078,0.006913604714329745,2.943514485242299,2.948757381396791,2.947919294476989,2.945867292806044,-1.6069829258049164,3.4671267489038993,0.0,0.8224342274775654,0.8837813060988546,0.0
21.334042802865813,269.61595600454126,-326.86247710633205,1.5,0.0068093589425401455,0.45859678801687526,0.003514190840645064,-0.8886114275171867,-15.01793469862509,-58.985640765629206,0.0,0.21007576497368705,0.05100571957414153,-0.14932001756519356,-13.795021830300033,-0.21143273333792512,0.0,0.013010917609614325,-0.005541331831205599,0.0068458265048348755,2.959331580189767,2.9645639018487437,2.9637470275567357,2.961674318130768,-1.544542615576792,3.5326539862188033,0.0,0.8515803268858618,0.8729183528834147,0.0
21.40863735812059,268.45721395339916,-331.2628274819211,1.5,0.0017394774383535407,-0.46029220071343974,0.000901891681032807,0.8877653128907524,-16.05120598351763,-58.991523848966736,0.0,0.2110460612102766,0.050591399782388455,-0.14881102657210557,-13.907840011338784,0.05450195058289344,0.0,0.012994710345848598,-0.005563532378632431,0.0068244704360468445,2.975226373927481,2.9804559258561594,2.979654078721943,2.9775742823791416,-1.4799375747695016,3.5973350022882813,0.0,0.8807427521067385,0.8611935445736318,0.0
21.483231913375363,267.22108611752367,-335.66287236784007,1.5,0.010287946967753443,-0.46192945463210006,0.005358690850362278,0.8868408095722984,-17.09271112160824,-58.97739052546559,0.0,0.21201317817657528,0.05017570794414154,-0.14830364047380434,-14.01575740840003,0.32522810155507764,0.0,0.013061359102601458,-0.005554042701085609,0.006922782719521843,2.99118163549712,2.9964403568963793,2.9956375964976867,2.99357400558437,-1.4131448169637006,3.6611102249117278,0.0,0.909912457490602,0.8485513872457532,0.0
21.55782646863014,265.90697208195854,-340.061105382301,1.5,0.018835437687398687,-0.4635078540538721,0.009855498911251917,0.8858377755880074,-18.142078481320514,-58.94288596453247,0.0,0.21297979096884423,0.0497596879189018,-0.1477995006220751,-14.118611747798704,0.6006754777841045,0.0,0.012925154056987829,-0.0055783233693938745,0.006731610714091016,3.0072677703679576,3.012484029770191,3.0117183966732295,3.0096090345236632,-1.3441757333142905,3.7239116295614707,0.0,0.9390507478226402,0.8350263321316742,0.0
21.632421023884916,264.514299604858,-344.45599387511885,1.5,0.027381331911148173,-0.4650267150407267,0.014391594813298594,0.8847560674897529,-19.198924326198142,-58.88766075911837,0.0,0.21394282173043447,0.049343578926097406,-0.147297392185392,-14.216240897000027,0.8807688449680803,0.0,0.012861316883159618,-0.005580745192899943,0.00664398894745932,3.0234144719089553,3.0286151058454913,3.0278728665602004,3.025738689060963,-1.2730495924113596,3.7856654539933414,0.0,0.9681429927596189,0.8206097202762304,0.0
21.70701557913969,263.042525518989,-348.84597934632546,1.5,0.035925006130415764,-0.466485365355201,0.01896624511837344,0.8835955406123687,-20.262852859328508,-58.811371303266135,0.0,0.21490199972177415,0.04892718405446842,-0.14680331155377707,-14.308482996856974,1.1654279478459348,0.0,0.012854696568012273,-0.005584619710569548,0.006639832490424091,3.0396250864222,3.0448291779043637,3.0440990541840174,3.041959500774367,-1.1997523628258793,3.8463005171098223,0.0,0.9971563676925469,0.805277445567057,0.0
21.781610134394466,261.49113663186876,-353.22947789358125,1.5,0.04446583019348996,-0.46788314463492264,0.023578704399419424,0.8823560492287592,-21.333456214482506,-58.713680191360154,0.0,0.2158601187662702,0.04851045410083452,-0.146307460781101,-14.395176615500025,1.4545674591900828,0.0,0.012824785973117902,-0.0055812914730516095,0.006603047616852315,3.0559165447648384,3.061117372790665,3.060403561414088,3.05825029382682,-1.124287236768923,3.9057810468324914,0.0,1.026067512720128,0.7890237833995575,0.0
21.856204689649243,259.8596506245405,-357.6048806863026,1.5,0.05300316778428954,-0.46921940452827343,0.02822821536666913,0.8810374466934853,-22.41031449533731,-58.59425652594078,0.0,0.21681509840019444,0.048093886640121875,-0.14581855151648473,-14.47616090177712,1.7480969458961115,0.0,0.012782117921949608,-0.005582775421157589,0.00654785778309236,3.072285597576362,3.077478248032568,3.0767830831126157,3.074612520864002,-1.046672581074673,3.9640033817992792,0.0,1.0548411360074168,0.7718495683423825,0.0
21.930799244904016,258.1476169466588,-361.97055446844695,1.5,0.06153637559609319,-0.4704935083669614,0.03291400899952732,0.8796395858956233,-23.492995838350044,-58.45277637952797,0.0,0.21776695237808702,0.04767734828282649,-0.1453307419582893,-14.551275710600017,2.0459208148300685,0.0,0.012759647128381176,-0.005555655717519464,0.00652364529762615,3.0887202739827777,3.0939157782234434,3.09323490184702,3.0910503108206546,-0.9669191944740665,4.020908802158172,0.0,1.0834729330270185,0.7537349237764264,0.0
22.005393800158792,256.3546177071459,-366.3248420914358,1.5,0.07006480404169317,-0.47170483168608385,0.03763530455764946,0.878162319192446,-24.58105647101948,-58.28892314989472,0.0,0.21871712181732444,0.04726157786225926,-0.1448476656385328,-14.62036178795885,2.347938289463083,0.0,0.012706588584355595,-0.005574044488656959,0.006454197229207228,3.1052364965845185,3.110417960327422,3.109757380876521,3.1075547773932635,-0.8850345273784372,4.076440634400791,0.0,1.1119114327528412,0.7346770968584778,0.0
22.07998835541357,254.48026856042827,-370.6660630739128,1.5,0.07858779566232287,-0.47285276179750835,0.042391310876741514,0.8766054989535244,-25.674040769792914,-58.10238791174674,0.0,0.21966339654764802,0.04684604990134106,-0.14436667976834233,-14.683260897800016,2.6540433868100877,0.0,0.012627944257833491,-0.0055681152101456095,0.006346148787780383,3.1218265976787567,3.1269884078357553,3.1263533391046634,3.1241205206958815,-0.8010393143710408,4.1304926322927,0.0,1.1401380225437452,0.714696202652231,0.0
22.154582910668346,252.52421958680904,-374.992514191834,1.5,0.08710468702332179,-0.4739366981785187,0.04718122447441335,0.8749689775502374,-26.771481359900623,-57.89286988609044,0.0,0.22060603022273087,0.04643099176680313,-0.14389336454385618,-14.739815998388472,2.964124861766328,0.0,0.012630840745338105,-0.0055573599544429895,0.0063627195507902625,3.1384638133459353,3.143635447178688,3.1430085460438635,3.140773552003794,-0.7149443021863633,4.183020550235043,0.0,1.1681126389109053,0.6937642261599133,0.0
22.22917746592312,250.4861561662662,-379.30247009855844,1.5,0.09561480648902781,-0.47495605215318415,0.05200423177329902,0.8732526078866278,-27.872899191716915,-57.66007678082334,0.0,0.2215472672266504,0.04601661651029309,-0.14341816848592345,-14.789871384400012,3.27806621110009,0.0,0.01258630144400872,-0.00552263486828046,0.006308041509767319,3.155176934353755,3.1603451262250135,3.1597360691085496,3.1574792810110415,-0.6267750224156596,4.2339703692888735,0.0,1.1958339870944796,0.6718731756461951,0.0
22.303772021177895,248.36579984495583,-383.5941839720512,1.5,0.1041174756690649,-0.4759102474001009,0.05685950834027057,0.8714562433026567,-28.977803658732256,-57.403725163079095,0.0,0.22248523379463594,0.04560384319680076,-0.14295003868891673,-14.83327287881227,3.595745658286688,0.0,0.012551782500257123,-0.005535220631699867,0.006269284730677111,3.171955123773468,3.1771168867699395,3.176523282976189,3.174255036009274,-0.536557856364403,4.283248415922656,0.0,1.2232405137823823,0.649036085100949,0.0
22.378366576432672,246.16290919236738,-387.86588819202797,1.5,0.11261200803219494,-0.47679871942132374,0.061746219302965095,0.8695797382683964,-30.08569273626471,-57.123540892858315,0.0,0.2234199724544081,0.04519099659791996,-0.14248264895400356,-14.869867960900011,3.9170361194900916,0.0,0.012507427319993835,-0.0055055535224517,0.00621608233261222,3.1887953358763195,3.193953145999712,3.193376880172012,3.191088031125223,-0.4442884023251324,4.330775685686782,0.0,1.2503251195618865,0.6252446497637668,0.0
22.452961131687445,243.8772806502514,-392.11579504777416,1.5,0.1210977101352052,-0.4776209161353249,0.06666351928742457,0.867622948213265,-31.19605305618211,-56.81925951986045,0.0,0.2243514794377491,0.0447795157335833,-0.1420222619270445,-14.89950596883966,4.24180521852176,0.0,0.012471856675869548,-0.005506593975268128,0.006177198721437676,3.2056963469621587,3.21084919955005,3.210288083320567,3.2079862455271986,-0.35001551791352387,4.376492006265504,0.0,1.2770430363428773,0.6004969374319424,0.0
22.52755568694222,241.50874937170371,-396.3420974752108,1.5,0.12957387993787195,-0.4783762974974446,0.07161055314825696,0.8655857301898426,-32.308360094073514,-56.4906266686533,0.0,0.22528079884087512,0.04436958088094663,-0.14156078094313884,-14.922038245600003,4.569915269220093,0.0,0.012401250931644112,-0.005493548647303746,0.006083635363909398,3.222664456040124,3.2278015247735645,3.2272631441654918,3.2249339071384844,-0.25377717431039987,4.420340126217073,0.0,1.303369516005212,0.5748034118089993,0.0
22.602150242197,239.05719004732137,-400.542969822459,1.5,0.13803980835259475,-0.47906433574001095,0.07658645559364942,0.8634679428627116,-33.42207833902143,-56.13739841141873,0.0,0.2262065448779907,0.04396063663724084,-0.1411068235784478,-14.937318316424987,4.901223290726577,0.0,0.012390637095185947,-0.005472731061132438,0.006086122156436898,3.2396742069119213,3.2448188044519033,3.244289358134384,3.2419537400512333,-0.155581857913151,4.462233327181679,0.0,1.3292774875070514,0.5481674611201395,0.0
22.67674479745177,236.52251772020966,-404.71656864508117,1.5,0.14649477790630117,-0.4796845154193992,0.08159035107731084,0.8612694469932861,-34.53666141669572,-55.759341692113296,0.0,0.22712836385676552,0.04355316850183314,-0.14065434960908457,-14.9452020674,5.235580983720095,0.0,0.012416239111261034,-0.005458769927472049,0.006148561911777366,3.256730873359278,3.261895716025142,3.261366399387717,3.2590393545273026,-0.055475562089136767,4.502095245704961,0.0,1.3547198571499046,0.5205569227894569,0.0
22.751339352706548,233.90468858812068,-408.8610335317344,1.5,0.15493806329117735,-0.48023633333337223,0.08662135548895901,0.858990105567784,-35.65155230996449,-55.35623472359419,0.0,0.22804859364726696,0.04314701013212684,-0.14020620427523584,-14.945547910081473,5.5728348041705695,0.0,0.012306330219638905,-0.0054335348865922235,0.005992906961413631,3.273875643960634,3.2790119866955982,3.2785138606196687,3.2761434749438316,0.046514426631888164,4.539868071341472,0.0,1.3796809060367998,0.4920135117531332,0.0
22.825933907961325,231.20370079104202,-412.97448795861715,1.5,0.1633689306013616,-0.48071929870139823,0.09167857479643325,0.8566297842670999,-36.76618353105812,-54.92786735790227,0.0,0.22896485215570972,0.04274247113964462,-0.139759406257597,-14.938216969099999,5.912825919910098,0.0,0.01227283316044298,-0.0054117720407243835,0.005961634919514151,3.2910534307071093,3.296189334708662,3.295704410077889,3.2933200298853573,0.1503449614974983,4.57547484767865,0.0,1.4041242540788426,0.4625279728033486,0.0
22.900528463216098,228.4195951840574,-417.0550401730569,1.5,0.17178663888874693,-0.4811329331735089,0.09676110519542483,0.8541883514989671,-37.87997734233327,-54.47404149759895,0.0,0.22987816458443358,0.04233970589901029,-0.13931911836215366,-14.923073245111327,6.255390260105616,0.0,0.012220153153703103,-0.005390190302227131,0.00589954539174701,3.30828689515183,3.3134152608881524,3.3129478115015774,3.3105423128691522,0.25597563536565343,4.608849655216987,0.0,1.4280229492690248,0.43208572653045213,0.0
22.975123018470875,225.55245609363357,-421.1007841063811,1.5,0.18019043709425359,-0.48147677077086515,0.10186803567154305,0.8516656790644219,-38.992345983185714,-53.99457146949365,0.0,0.2307889858159025,0.041938726195201295,-0.13887753270515804,-14.899983811699993,6.600358576560097,0.0,0.01209514424956757,-0.005401244479172862,0.0057178800977355166,3.3255907371952302,3.330679149821307,3.330246463706858,3.327797072664367,0.3633750597429427,4.639917317368048,0.0,1.451327156606559,0.4007552909421443,0.0
23.04971757372565,222.60241205747488,-425.10980031573774,1.5,0.1885795682411116,-0.48175035817680417,0.10699844369981693,0.8490616419815077,-40.10269188003648,-53.48928442690567,0.0,0.23169475708458043,0.04153893534076858,-0.13844595140989274,-14.8688189709846,6.947556396391079,0.0,0.012134189271851855,-0.005341894971490076,0.005809428974628118,3.342893804834064,3.3480153855392203,3.3475774818739317,3.345137176080157,0.4724864973377553,4.668608535417509,0.0,1.474024752781735,0.368472910857881,0.0
23.124312128980428,219.56963654622032,-429.0801569551451,1.5,0.1969532648455323,-0.4819532545358712,0.11215140032817467,0.8463761192953149,-41.21040792365332,-52.95802073457985,0.0,0.2325988877612871,0.04114163073766376,-0.1380114224906357,-14.829452460899988,7.2968041573401,0.0,0.012050891386978804,-0.005335851185302586,0.0056976450894785724,3.360278543232219,3.365378590954942,3.3649650106048012,3.362494645231083,0.5832670573891117,4.694868042028847,0.0,1.4960703222625509,0.3352941046822706,0.0
23.1989066842352,216.4543486656429,-433.0099107743517,1.5,0.20531075286318815,-0.4820850317168973,0.1173259665508094,0.8436089938627891,-42.31487771768804,-52.400634323570955,0.0,0.23349878977256489,0.04074575141761306,-0.1375855609526637,-14.781761610266267,7.647917189696557,0.0,0.01204638800022881,-0.005289915473644522,0.005719252890923439,3.3776834508393887,3.38279848266368,3.3823894596515376,3.379914083007687,0.6956701152888505,4.718611895146599,0.0,1.5174354214211112,0.30120209261557696,0.0
23.273501239489978,213.25681383942148,-436.8971081462611,1.5,0.21365124825898793,-0.48214527407303637,0.12252119614580599,0.8407601532550255,-43.41547584706911,-51.81699310465183,0.0,0.2343957329258686,0.04035213411448621,-0.13715871736655177,-14.725627532699985,8.0007058009901,0.0,0.011999307274794285,-0.0052551489265643,0.0056698849237935625,3.395142735970632,3.400254594972355,3.39986040101952,3.3973654119826406,0.8096346148821078,4.739781910629,0.0,1.5380938434341338,0.2662166433349745,0.0
23.348095794744754,209.977344470503,-440.7397861227285,1.5,0.22197396007025458,-0.4821335789820887,0.12773613385582738,0.8378294893211967,-44.511568186021194,-51.206979317393376,0.0,0.2352893444570697,0.0399607863850779,-0.13673905086523563,-14.660935312249253,8.354975329231264,0.0,0.011957513629640077,-0.0052346881368838345,0.00563014850255125,3.412642138173798,3.417751089984306,3.417370118164919,3.414859696432526,0.9251120249012006,4.758310485388365,0.0,1.5580085084755,0.23036279539843676,0.0
23.422690349999527,206.61630058012102,-444.53597351741706,1.5,0.23027808775275416,-0.482049556448307,0.1329698166855155,0.8348168992536901,-45.60251219073711,-50.57048990317882,0.0,0.23617879387705645,0.039571181629767097,-0.13632023056928785,-14.587574176399977,8.7105261897401,0.0,0.011991404944739957,-0.005195942305387948,0.005722428414447532,3.430158655505988,3.4352975932817293,3.434909996967623,3.4324121799985656,1.0420525600228183,4.774125884063118,0.0,1.5771372296945687,0.1936125801915892,0.0
23.497284905254304,203.17409042428633,-448.2836920163476,1.5,0.23856282331686446,-0.4818928294087741,0.1382212739187212,0.8317222852201199,-46.68765720737138,-49.907436876848394,0.0,0.23706641889656327,0.039183791147887205,-0.13590600089849855,-14.50543767510609,9.067153987358862,0.0,0.011866613128319613,-0.0051761916515562995,0.0055404628031744665,3.447756619126648,3.452859582593647,3.4525060938813636,3.4499602670927696,1.160394096552554,4.787167443836,0.0,1.5954598072170834,0.15602881920942244,0.0
23.57187946050908,199.65117108654457,-451.98095731560903,1.5,0.24682734936449793,-0.4816630336647702,0.14348952706976886,0.8285455553123441,-47.766344798320105,-49.217747684576395,0.0,0.23794956812842993,0.038798916843959724,-0.13549292429850796,-14.414423870399972,9.424649545950103,0.0,0.011850166856240562,-0.005143872535702119,0.005547682207426723,3.4653598371912127,3.470472110922804,3.470124294177815,3.46757248915736,1.2800568849934892,4.797381626537552,0.0,1.6129405418893041,0.11758940811220357,0.0
23.646474015763854,196.0480490448113,-455.62578028498666,1.5,0.2550708414466958,-0.481359818207301,0.14877358971218912,0.8252866230972473,-48.83790911606805,-48.501365538028494,0.0,0.23882981002755158,0.038416528797743814,-0.13508633550982888,-14.31443550989121,9.782799029321925,0.0,0.011773338125168124,-0.005115304426333059,0.0054494640768252426,3.4830136215086513,3.488110403700898,3.487783923582551,3.4852022786565473,1.4009882303834458,4.8047001318364195,0.0,1.6295430652094163,0.07832675772891291,0.0
23.72106857101863,192.36528071157215,-459.216168157277,1.5,0.26329246492940817,-0.4809828447417849,0.1540724693059428,0.8219454088791213,-49.9016772470081,-47.758249766077384,0.0,0.23970672476103239,0.0380358413660658,-0.13467864262247045,-14.205380205499967,10.141384025100104,0.0,0.011688251185143893,-0.005082795942427349,0.005336669929556707,3.500701689192466,3.505779971374187,3.505476953264765,3.5028617495120873,1.52314491619318,4.809048187616006,0.0,1.6452455740875929,0.038272743505968064,0.0
23.795663126273407,188.6034729485641,-462.750125744198,1.5,0.27149137913896,-0.4805317886474296,0.1593851641535356,0.818521838804731,-50.95696954206536,-46.98837618347903,0.0,0.2405798035947191,0.03765765612315339,-0.13427911226517003,-14.087170620494936,10.500181612619256,0.0,0.011680418810124868,-0.005051688375852575,0.005361996295463713,3.518398963137841,3.523490524910049,3.523189885408281,3.520573091157072,1.6464361213402152,4.810386651625124,0.0,1.660002196999213,-0.0025837899173447565,0.0
23.87025768152818,184.7632835534989,-466.22565667668897,1.5,0.27966673274326437,-0.48000633790710157,0.16471066763222833,0.8150158465538364,-52.0031000349861,-46.19173737253037,0.0,0.24144944054587786,0.03728218648698171,-0.1338784303035533,-13.959724629399963,10.858964512300101,0.0,0.011596494592952521,-0.005023153368689298,0.00525175739918271,3.536146415446689,3.541219405552197,3.5409415798573765,3.5382924777822757,1.7707756637445253,4.808644724026773,0.0,1.6737970790289745,-0.04419344616947904,0.0
23.944852236782957,180.84542171600046,-469.6407646691662,1.5,0.2878176684911148,-0.47940619443342536,0.17004796432815333,0.8114273721480257,-53.03937686018317,-45.3683430404049,0.0,0.24231473477975116,0.03690895558598235,-0.13348689360111538,-13.822965516226356,11.217501154991327,0.0,0.011586326901637042,-0.004985693823305546,0.005275093631256064,3.5538997787104547,3.558986417161612,3.558710878444712,3.556058898592613,1.8961117443236595,4.803766365443264,0.0,1.6865856124611462,-0.08655750136923414,0.0
24.019446792037733,176.85064844407526,-472.993454808577,1.5,0.29594331876704577,-0.4787310729140707,0.1753960338429132,0.8077563637730533,-54.065102621442094,-44.51822033378216,0.0,0.2431775507072741,0.03653828486197772,-0.13309219912127707,-13.676822125799957,11.575555826700102,0.0,0.011540181427551886,-0.004952130342758015,0.005234509708002604,3.5716890161852852,3.576773750119176,3.576510087953783,3.5738412815774487,2.0223703566668108,4.795713249380862,0.0,1.6983440322480594,-0.12964669600953457,0.0
24.09404134729251,172.77977696073816,-476.2817348655523,1.5,0.304042809854648,-0.4779807020266267,0.1807538479139871,0.8040027765686576,-55.07957481609043,-43.641414109513356,0.0,0.24403634150415052,0.03617025074957719,-0.13270613480197987,-13.521229054677347,11.932888779105244,0.0,0.011491138894922022,-0.0049178101381925285,0.005189133662726549,3.589502833479365,3.594584790023919,3.5943335655732933,3.5916465937961695,2.149457142177284,4.784413634770027,0.0,1.7090341852536381,-0.17342073102284952,0.0
24.168635902547283,168.633673067484,-479.5036166282009,1.5,0.31211525836012294,-0.477154823464893,0.18612037263638118,0.8001665744285218,-56.08208630740668,-42.73798727287614,0.0,0.244891405941182,0.035804177417072154,-0.13231891526203285,-13.356126799199954,12.2892563375001,0.0,0.011487266354653098,-0.004844701086168254,0.00522821370603251,3.6073233335431256,3.61242728462073,3.612175324989781,3.609484395622672,2.2773131693968716,4.769821399400611,0.0,1.718640929635446,-0.21790598268332648,0.0
24.24323045780206,164.41325547510752,-482.6571172583161,1.5,0.3201597743839676,-0.4762531930422616,0.19149456759407862,0.7962477287662516,-57.07192572584358,-41.808021044036956,0.0,0.24574408656890376,0.03544142889094742,-0.13193735807621337,-13.181461951627263,12.64441109491908,0.0,0.011394220186565664,-0.004848914880006953,0.005102814497493736,3.6251952163362726,3.6302723287556034,3.6300448491313944,3.627322881864771,2.4058467660559093,4.751892200547163,0.0,1.7271162907560758,-0.2630226048812953,0.0
24.317825013056837,160.11949610174491,-485.740260667673,1.5,0.32817545848908347,-0.47527557971578166,0.19687538704815644,0.7922462204049611,-58.048377940339144,-40.85161522442387,0.0,0.2465917424141915,0.035080953984628016,-0.13155678449578076,-12.997187336299934,12.99810199360012,0.0,0.01135333607193024,-0.004801124678352873,0.005074825146685844,3.643067578948887,3.648147535178123,3.647929346862894,3.6451916176244543,2.534952143814779,4.730565199722246,0.0,1.7344491126982056,-0.30877175286580816,0.0
24.39241956831161,155.75342033462698,-488.75107891507446,1.5,0.3361614053604833,-0.47422176675712296,0.20226177840997087,0.7881620382093099,-59.010724569249454,-39.86888849075428,0.0,0.24743609052698506,0.03472339771836356,-0.13118366239128484,-12.80326219108321,13.350074508645516,0.0,0.01129754477272495,-0.004777772205237284,0.005019471825394749,3.6609632379791637,3.666036375380889,3.6658315554049157,3.663075097307237,2.6645641108992493,4.705807825268558,0.0,1.740598089742467,-0.35508483105931726,0.0
24.467014123566386,151.31610725624392,-491.6876136227888,1.5,0.3441167004469145,-0.4730915508790448,0.2076526838988269,0.7839951809992218,-59.958244423289464,-38.859978620786706,0.0,0.24827611821676124,0.034367708754720866,-0.13080996782432902,-12.59965231569994,13.700070764300099,0.0,0.01134631079809054,-0.0046912012528409095,0.005163275375032431,3.6788399131518053,3.683960942313549,3.6837382485412866,3.6810002695526545,2.794600310827072,4.677571822437556,0.0,1.7455381154796248,-0.40202604471685927,0.0
24.541608678821163,146.80868983522615,-494.547917411068,1.5,0.3520404230331676,-0.4718847430763086,0.21304704012041004,0.7797456562869505,-60.890214000905274,-37.82504275009727,0.0,0.24911464465193042,0.03401572090490861,-0.13044035503274978,-12.386330231647653,14.047829759275983,0.0,0.011197385636233603,-0.004707012348313826,0.004932389997147901,3.696795214687787,3.701863217246301,3.701681033094255,3.698889518226751,2.9249605845951736,4.645820894624113,0.0,1.7492437462158008,-0.4494984127192675,0.0
24.616203234075936,142.2323550796231,-497.3300553502368,1.5,0.3599316430690693,-0.4706011678975776,0.21844377932922623,0.7754134821908892,-61.805908002308264,-36.7642575850515,0.0,0.2499484273581114,0.03366639295351571,-0.13007068176541453,-12.163275335199936,14.393087490400097,0.0,0.01108534208862768,-0.004713011896065488,0.004770670034785819,3.714751893628405,3.719784041336787,3.719631535965201,3.7168012359652,3.055537014029062,4.61050231737901,0.0,1.751687026587747,-0.4974327055880341,0.0
24.690797789330713,137.58834415106833,-500.0321064296614,1.5,0.36778942557366623,-0.4692406646272204,0.22384182693329133,0.7709986858688954,-62.70459986929987,-35.677819644639584,0.0,0.2507768338831144,0.03331889035478179,-0.12971258958545442,-11.9304740408733,14.735577115812614,0.0,0.011099278137976865,-0.004633192413671829,0.004851589771638423,3.732676486336125,3.737741134547957,3.737580005808398,3.734754552875802,3.186245213130691,4.57158189415635,0.0,1.7528408692480635,-0.5458448031052432,0.0
24.76539234458549,132.8779524395524,-502.6521650433489,1.5,0.3756128264017494,-0.46780308615666305,0.22924010444985812,0.7665013057631469,-63.58556230382769,-34.565945470600425,0.0,0.25160315832474683,0.03297432171227163,-0.12934906189042916,-11.687919925499916,15.075029139800115,0.0,0.01108350571936968,-0.0045646624432238644,0.004877187409794024,3.750619903408615,3.7557023735081243,3.7555411231055493,3.7527096625798113,3.3170094373498245,4.52905430371033,0.0,1.7526858595643966,-0.5947377087536826,0.0
24.839986899840266,128.10252959986843,-505.18834248859883,1.5,0.3834008959689589,-0.46628830022861945,0.23463752824564515,0.7619213898945734,-64.44806776748476,-33.42887175624506,0.0,0.2524259933962553,0.03263311282583041,-0.12899356050505612,-11.435613878702645,15.411171652867699,0.0,0.010997932229357377,-0.0045604659990124245,0.004767391101846753,3.7685962079523714,3.773656294960541,3.773516162532691,3.7706564098792406,3.4477041093138117,4.482858520298135,0.0,1.751185899906252,-0.6440240818790344,0.0
24.91458145509504,123.26347954695223,-507.63876847840066,1.5,0.3911526758484169,-0.4646961882618872,0.2400330110557997,0.7572589982264869,-65.29138908673305,-32.26685558610867,0.0,0.25324476403525803,0.032294278078179355,-0.1286361513490508,-11.173564222199923,15.743730460600094,0.0,0.01090866110171974,-0.004529245580009551,0.004650221696872227,3.78657807860697,3.791617677804011,3.7914997731232476,3.788606430094014,3.5782343372295218,4.432964606539821,0.0,1.7483369243469642,-0.6936695714113796,0.0
24.989176010349816,118.36226040887311,-510.0015926680139,1.5,0.3988672033316425,-0.4630266469813503,0.245425459469851,0.7525142006205695,-66.11479998891207,-31.080174587620593,0.0,0.25405918220911544,0.03195822198619714,-0.12828857630380802,-10.901786854058388,16.072429293558628,0.0,0.010897206398657695,-0.004486313571941973,0.004686761823470559,3.804540513614591,3.8095969443037125,3.809476671736397,3.806583361888898,3.7085003404441688,4.37936080074828,0.0,1.7440959529157947,-0.7436529812761277,0.0
25.063770565604592,113.4003844384207,-512.2749861918688,1.5,0.4065435067463779,-0.4612795868118008,0.25081377749930883,0.747687079552415,-66.91757567227708,-29.869127048232585,0.0,0.254870178769268,0.03162480945828049,-0.12793754618142236,-10.620305362499904,16.39699002270011,0.0,0.010840128798018147,-0.004442382329822835,0.004634080246454637,3.822519679847582,3.8275722272088406,3.827463658910476,3.8245499178168307,3.8383999790879244,4.3220118236492695,0.0,1.7384561924472859,-0.7939398757188123,0.0
25.138365120859365,108.37941788170659,-514.457143210929,1.5,0.41418061029606057,-0.45945493365231915,0.25619686370015576,0.7427777278752572,-67.69899338881181,-28.634032079059743,0.0,0.2556776928593818,0.03129426254881319,-0.1275947379852924,-10.329151158319,16.71713287076635,0.0,0.010795014123388371,-0.004412441773701555,0.004605764954078109,3.8404977406612106,3.8455502030356845,3.8454492866341687,3.842522561930829,3.9678333366073644,4.260905573268269,0.0,1.7313864765538358,-0.8445010468430947,0.0
25.212959676114142,103.30098080391505,-516.5462824694766,1.5,0.42177752941080804,-0.4575526272112868,0.26157361463829804,0.7377862516618342,-68.45833300677765,-27.375229705373766,0.0,0.25648120611799213,0.030966914293048133,-0.12724931887348387,-10.028363579399896,17.03257663600011,0.0,0.010699626263979394,-0.004410334147727313,0.004476852939887252,3.8584931477314877,3.863518129320673,3.86344089156283,3.8604821497920767,4.096668276448229,4.196018806680397,0.0,1.7228746480444361,-0.8952438940727632,0.0
25.28755423136892,98.16674687011749,-518.5406488595588,1.5,0.4293332762878353,-0.4555726230015152,0.2669429209707648,0.73271276772489,-69.19487765764262,-26.093080979350763,0.0,0.25727975172048717,0.030641587143587737,-0.12691524129335582,-9.717990006260242,17.34303886434251,0.0,0.010692986993443294,-0.004337296646412157,0.004527325967116636,3.8764550372296527,3.881504210583881,3.881421688466063,3.8784620501736016,4.224813346707543,4.127332458309012,0.0,1.712900180964376,-0.9461874120668041,0.0
25.362148786623692,92.97844308066452,-520.4385149930046,1.5,0.4368468545750338,-0.4535148904517765,0.27230367195818445,0.7275574066865802,-69.9079143111518,-24.787968075524425,0.0,0.2580759553777027,0.030319500053695783,-0.1265749032396112,-9.398085960699907,17.648236131700084,0.0,0.010637315832524391,-0.004309032005157646,0.004479700436172747,3.8944321123194814,3.8994761616005027,3.89940399719706,3.8964275019635246,4.352177130209766,4.054855041187934,0.0,1.701439617141416,-0.9972613192234887,0.0
25.43674334187847,87.73784946310685,-522.2381827782275,1.5,0.44431726467955907,-0.4513794149219583,0.27765475200159295,0.722320310377134,-70.59673435459341,-23.460294318264694,0.0,0.2588680682928316,0.03000018869332473,-0.1262442560620521,-9.068715209400432,17.947884249978447,0.0,0.010589612655539416,-0.004262572811143375,0.004448762081187097,3.912400904664736,3.917446458962238,3.917381806556496,3.9143895270657176,4.47862249883206,3.978565787810694,0.0,1.6884799446555057,-1.048417634014702,0.0
25.511337897133245,82.44679871761258,-523.9379850006326,1.5,0.45174349927038554,-0.449166195884518,0.28299504379620927,0.717001634955151,-71.26063426395083,-22.110484247399334,0.0,0.2596556913305533,0.029683128788392736,-0.12591140593161243,-8.729949844889882,18.2416984895001,0.0,0.010552086061512278,-0.004193652039012877,0.00443955257995207,3.930359077068896,3.9354140923562753,3.9353533160774035,3.9323473250577163,4.604042963940272,3.898438909981717,0.0,1.6740160666428705,-1.0996570992890204,0.0
25.58593245238802,77.1071758149632,-525.5362869076455,1.5,0.4591245480460705,-0.446875248965953,0.2883234258204072,0.7116015481758687,-71.89891621091033,-20.738983687069407,0.0,0.26044033746830225,0.029369560448460973,-0.12558609998307582,-8.381870382219077,18.52939384828411,0.0,0.010485408208445728,-0.004188641661811706,0.004370687582169745,3.9483232728943176,3.9533650950713985,3.9533177157694515,3.9502931340149328,4.7283366578420445,3.814501655719823,0.0,1.6580213547770752,-1.150908345377366,0.0
25.660527007642795,71.72091754918806,-527.0314877945444,1.5,0.46645939305448453,-0.4445066039284885,0.2936387757609362,0.7061202327258599,-72.51088866291677,-19.346259692785182,0.0,0.26122051520910816,0.029058845704585848,-0.12525824467877278,-8.024565824109898,18.810685293700082,0.0,0.01040774387716631,-0.004185358894138533,0.004279141631960759,3.9662822538968285,3.971305159046811,3.9712747881400396,3.9682268714356,4.851363450294648,3.72673982408657,0.0,1.6404878651461887,-1.2020823769901412,0.0
25.73512156289757,66.29001204221156,-528.4220225899162,1.5,0.4737470142711942,-0.4420603069666945,0.29893996676212736,0.7005578832230062,-73.09586707413595,-17.932800590952006,0.0,0.26199609623898584,0.028750263288552985,-0.1249414451521949,-7.658133739280395,19.08528797206809,0.0,0.010381725760188535,-0.004113150987054116,0.004295786416944789,3.9842098108814397,3.989248769659774,3.9892176324947775,3.9861613443704402,4.973023056782656,3.635160451579731,0.0,1.6214052589345616,-1.2531723125754488,0.0
25.80971611815235,60.81649819992652,-529.7063634410245,1.5,0.48098638466656296,-0.4395364187400599,0.3042258712578034,0.6949147096039789,-73.65317450255638,-16.499115944008008,0.0,0.26276859165706434,0.02844443653397281,-0.12461891055478153,-7.282680326859872,19.35291749570009,0.0,0.010366658630590034,-0.004043105227050667,0.004336933697572779,4.002122329570248,4.007182353625613,4.007146291336246,4.0040879289874765,5.093220422152441,3.5397802059030714,0.0,1.6007589971736544,-1.3041755318947814,0.0
25.88431067340712,55.30246512212237,-530.8830212956801,1.5,0.4881764748661086,-0.43693501627246684,0.3094953587214276,0.6891909342643544,-74.18214221834947,-15.04573648496026,0.0,0.26353758660278603,0.028141944989065883,-0.12430527483118213,-6.898320466221157,19.613290224563524,0.0,0.010276544190872072,-0.004039510915554543,0.004220129766092263,4.020049828653929,4.025085269708293,4.0250699973391395,4.0219823084845325,5.2118124628294185,3.4405969613748266,0.0,1.5785486316400685,-1.3549767080204533,0.0
25.958905228661898,49.750051463658906,-531.9505474805843,1.5,0.49531624903978483,-0.43425619079842626,0.3147472981844579,0.6833867956552737,-74.68211040514117,-13.573214091091916,0.0,0.2643021176396182,0.027841959861351722,-0.12398847752491966,-6.505177752779863,19.866123460700084,0.0,0.010222367432906804,-0.003997150003476279,0.004179733983645902,4.037948757712579,4.0429824661752765,4.042975375096727,4.039870774626507,5.32868296093979,3.3376373092600247,0.0,1.5547547225105438,-1.4055633237074308,0.0
26.033499783916675,44.16144474594544,-532.9075352743365,1.5,0.5024046701283763,-0.43150005093909116,0.3199805551398508,0.6775025445008691,-75.15242879933002,-12.082121668909704,0.0,0.2650628026312946,0.027544868334779045,-0.12368147249373483,-6.103384582476138,20.11113578185059,0.0,0.010170454232666047,-0.003965846878896215,0.004144543863405962,4.055831613666806,4.060863458334403,4.060863551721688,4.05774457345261,5.443722607580699,3.2309158804627973,0.0,1.5293788724333803,-1.4558757876111643,0.0
26.108094339171448,38.53888062035279,-533.7526214728322,1.5,0.5094406946465851,-0.4286667193919129,0.32519399578824704,0.671538448212054,-75.59245733278111,-10.573053059593988,0.0,0.265819541854647,0.02725028465546064,-0.12336989334761977,-5.693082134229883,20.348047272700068,0.0,0.01010947992821823,-0.003928280214490384,0.004090497268899591,4.073699592263386,4.0787258005890905,4.078736096576158,4.075597810066894,5.556810653180582,3.120444861558388,0.0,1.5024226723946696,-1.505862134026574,0.0
26.182688894426224,32.88464208280661,-534.4844879470788,1.5,0.5164232782346401,-0.4257563358021012,0.33038648345126204,0.6654947871880479,-76.00156679914069,-9.046622936409436,0.0,0.26657219424199413,0.026958556235644242,-0.12306879176778134,-5.274420415992869,20.576579791050914,0.0,0.010064458749187766,-0.003892465293889022,0.004071178134220625,4.091543674963791,4.096572270423251,4.096586895496328,4.093437305329609,5.667827630078096,3.006262972771177,0.0,1.473868738833212,-1.5554814166044708,0.0
26.257283449681,27.201058638977457,-535.1018631907882,1.5,0.5233513712051973,-0.42276905500100126,0.3355568816672862,0.659371858329522,-76.37913951425591,-7.503466631372311,0.0,0.26732099891943245,0.02666954317277146,-0.12276258378084015,-4.847558299919853,20.796457270200076,0.0,0.010013253593898057,-0.0038584371692976347,0.00403921529102248,4.109369786335185,4.114397274508182,4.114418219170566,4.111254984208835,5.776657005585086,2.8883945135419693,0.0,1.4437338743750918,-1.604679303268724,0.0
26.331878004935774,21.490505420312665,-535.6035238559414,1.5,0.5302239228834144,-0.4197050482242262,0.34070405252535757,0.6531699722813514,-76.72456997147872,-5.944239982092505,0.0,0.26806575727011484,0.026383023721765316,-0.12246694383250664,-4.412663483159502,21.007405977088865,0.0,0.009958690967161031,-0.0038194211811557167,0.0040002927307168454,4.127174966659987,4.132200712558015,4.13222900043417,4.129049543488804,5.883178407273827,2.766863912267561,0.0,1.4120065196258773,-1.6533921230430406,0.0
26.40647256019055,15.755402250931681,-535.9882962765561,1.5,0.5370398776886883,-0.41656450154859015,0.3458268589424468,0.646889456905656,-77.0372655048479,-4.369619176487621,0.0,0.26880657069782565,0.02609929819761673,-0.1221660830209266,-3.9699125180198482,21.209154783500068,0.0,0.009914949935530923,-0.003757708043302381,0.003985820971260299,4.144952260004965,4.149984787075836,4.150016253117028,4.146823335725225,5.987273006985434,2.641737082632196,0.0,1.3786836977760313,-1.7016145588070344,0.0
26.481067115445327,9.998212665182033,-536.2550579767637,1.5,0.5437981802003672,-0.41334761879896187,0.35092416187912406,0.6405306533284971,-77.31664694898909,-2.780300480235737,0.0,0.2695435192691241,0.025818702443613617,-0.12187557585927337,-3.51949081338049,21.40143548942024,0.0,0.00985116057794231,-0.0037474158962865216,0.003927459564316057,4.162715380996475,4.167737553857952,4.167779375294949,4.164569876078567,6.088822533193824,2.513029034394342,0.0,1.3437742795164953,-1.7492367151336956,0.0
26.555661670700104,4.221442875939147,-536.40273916252,1.5,0.5504977706495294,-0.4100546185093268,0.3559948235719982,0.6340939204400329,-77.56214929921208,-1.1770000690243108,0.0,0.270276323853594,0.025540159147261824,-0.12157995880264218,-3.061592597639843,21.58398304060006,0.0,0.009804419119955683,-0.003689589855581328,0.003907438920788816,4.180444157018086,4.185471218723458,4.185516918734025,4.182293290376735,6.187710825053184,2.380783576863369,0.0,1.3072927119627973,-1.7962615296861573,0.0
26.630256225954877,-1.57235930605979,-536.4303241971335,1.5,0.557137589306994,-0.4066857363177821,0.3610377057978784,0.6275796311617032,-77.7732223636142,0.4395462278066552,0.0,0.27100526161925603,0.02526492128676589,-0.12129488875030675,-2.5964208788169185,21.75653589010933,0.0,0.009743974607763045,-0.00367621630645603,0.003857194633460308,4.198153611606929,4.203172577564765,4.203227075261621,4.1999883529807915,6.283817375854727,2.245067227988941,0.0,1.2692342731094601,-1.8425956474221983,0.0
26.704850781209654,-7.380605601838424,-536.336853056048,1.5,0.5637165728242768,-0.40324122285680103,0.36605167182800497,0.6209881764286065,-77.94933142447866,2.0685832367981978,0.0,0.27173010924709884,0.02499184113694198,-0.12100426303952601,-2.124187429609838,21.91883620920005,0.0,0.009689865409360999,-0.003639272109056847,0.0038216385358355955,4.215831309996533,4.220848560916532,4.220909323183781,4.217655905434192,6.377027624084532,2.105905986535652,0.0,1.229607449823911,-1.8882093426044801,0.0
26.77944533646443,-13.200668442569963,-536.1214227613332,1.5,0.5702336589479088,-0.3997213466050506,0.37103558417499105,0.6143199610520955,-78.08995788399517,3.7093366701333137,0.0,0.2724509654139574,0.024721516956174458,-0.12072465921407947,-1.645112739238759,22.070630237712983,0.0,0.009636436314038679,-0.003605578474798942,0.003787898309074746,4.233479469862431,4.238495262046516,4.238561857987918,4.235294326561892,6.4672239079726435,1.9633774847635663,0.0,1.1884244330962879,-1.9330419419937555,0.0
26.854039891719204,-19.029882196343948,-535.7831887940799,1.5,0.5766877820133464,-0.39612639083278656,0.37598830791785676,0.6075754083826834,-78.19459991475001,5.361013487135885,0.0,0.27316778456164076,0.024453800931299938,-0.12043905261564702,-1.1594259494998334,22.211668538200048,0.0,0.009581248518355935,-0.0035669990749037667,0.0037507510492580196,4.251097320075616,4.25611120056662,4.256184122657789,4.2529013580356985,6.55428948904018,1.8175378322041347,0.0,1.1457010692179153,-1.9770442931846015,0.0
26.92863444697398,-24.865544443218326,-535.3213664816246,1.5,0.5830778780678982,-0.39245665655431594,0.3809087077940907,0.6007549560017635,-78.2627731046485,7.022802213334946,0.0,0.2738805472522918,0.02418869260919047,-0.12016482151847818,-0.6673647914877331,22.341706285480008,0.0,0.009528728019638343,-0.003535839788202023,0.00371989519160324,4.268682738527141,4.273695423592608,4.27377349233363,4.270477681972006,6.638111016290934,1.6684428821899746,0.0,1.1014464493321252,-2.0201730421238655,0.0
27.003229002228757,-30.704917298034992,-534.7352323600597,1.5,0.5894028802526328,-0.3887124595579743,0.38579565172898195,0.5938590604186325,-78.294011092398,8.693873278071772,0.0,0.2745893543572246,0.023926437035165567,-0.11988406956295775,-0.16917550836782907,22.460503563200035,0.0,0.00947265455437663,-0.0035210435526033847,0.0036814748410431797,4.286237471088446,4.291244525415881,4.291328937126773,4.288021025033693,6.7185754403960765,1.5161744580112022,0.0,1.0556739054963664,-2.0623515859778228,0.0
27.07782355748353,-36.54522878052565,-534.0241255090664,1.5,0.5956617242221478,-0.3848941339888137,0.3906480074656362,0.586888192231559,-78.28786619947435,10.373379421468107,0.0,0.2752940694367346,0.02366642898593022,-0.11961498748592214,0.33488721211712164,22.567825658022873,0.0,0.009420355279625469,-0.003466754882329656,0.0036519889133303624,4.30375359363005,4.308762992920274,4.308852121662888,4.305528255717308,6.795569146553801,1.3607966689265396,0.0,1.0084048830201966,-2.1035530467284937,0.0
27.152418112738307,-42.38367423241079,-533.1874488572956,1.5,0.6018533431335061,-0.3810020283704626,0.3954646467665144,0.5798428415479934,-78.24391005769618,12.060456080706098,0.0,0.27599482211932386,0.023408978794095345,-0.1193390648984696,0.8445603613341748,22.66344333440003,0.0,0.009360809297286693,-0.0034326232688972388,0.0036063000274425363,4.3212381198093635,4.326242886772097,4.3263394065367855,4.3229990857405936,6.868981522792824,1.2023730608120204,0.0,0.959653908696133,-2.1437171358954417,0.0
27.227012667993083,-48.217417780875245,-532.2246704580897,1.5,0.6079766732584821,-0.3770365096972431,0.4002444416971731,0.5727235127174263,-78.16173422593538,13.754221793059111,0.0,0.27669144725163186,0.023154014568539168,-0.11907511583433215,1.359572683244248,22.7471331298267,0.0,0.00931199709879459,-0.003398502063223219,0.0035856473114479403,4.3386820605640555,4.343688315641396,4.343787865678811,4.340436524745243,6.93870283932222,1.0409909614933923,0.0,0.9094392139492944,-2.182785187033528,0.0
27.301607223247856,-54.04359384785878,-531.1353247334476,1.5,0.614030649456921,-0.372997960030261,0.4049862681549864,0.5655307294450702,-78.04095080100335,15.45377864258322,0.0,0.27738409038570677,0.02290169873214267,-0.11880403493663953,1.8796447941301786,22.818677630600018,0.0,0.009253970310175334,-0.003354031102506972,0.003544147639402921,4.356090542512418,4.361094539862373,4.36120058743318,4.357832350532208,7.004624949922871,0.8767524464771035,0.0,0.8577969593895431,-2.220729423360634,0.0
27.376201778502633,-59.85930870448175,-529.9190136830921,1.5,0.6200142096096848,-0.3688867789719753,0.4096890039143922,0.5582650304769161,-77.8811930159167,17.15821275618601,0.0,0.2780724027120024,0.022652138719265094,-0.11854563420313556,2.4044893341866587,22.877865769734708,0.0,0.009203372553957595,-0.003331723268429061,0.003520102146166432,4.373458743877078,4.378461749994934,4.378571211672701,4.375192868083871,7.066637620570108,0.7097272054380219,0.0,0.8047354258984585,-2.257496850092618,0.0
27.45079633375741,-65.66164207023998,-528.5754080580836,1.5,0.6259262910186485,-0.36470338163664606,0.41435153080791925,0.550926973882716,-77.68211584500312,18.866594759614383,0.0,0.27875699518923475,0.022405019356690474,-0.11827915075647898,2.9338110613701813,22.924493114300013,0.0,0.009157997142638367,-0.003330151044990156,0.0035089813081681884,4.390786452127197,4.395788085995829,4.3958986842618035,4.392516580227742,7.124648287168068,0.5399925058165267,0.0,0.7502870578440187,-2.292981394854664,0.0
27.525390889012186,-71.4476487555674,-527.1042484990386,1.5,0.6317658350577879,-0.36044820120892745,0.4189727323978837,0.5435171325782067,-77.44339655779397,20.577980261204434,0.0,0.2794375386287247,0.02215979620558184,-0.11802491853807374,3.4673070122282703,22.958362110550308,0.0,0.009094792462400015,-0.003265094566330905,0.0034561028690389805,4.408074135303256,4.413074103555838,4.413192864673442,4.409788020821983,7.178541645792198,0.3676595798693001,0.0,0.6944792802329461,-2.327187306853171,0.0
27.59998544426696,-77.21436034742756,-525.5053466356475,1.5,0.6375317825999542,-0.3561216853206405,0.423551497705609,0.536036099727105,-77.16473531927649,22.291410407143182,0.0,0.28011402793801315,0.021917329173977755,-0.11776304627444119,4.004666666730184,22.979282388500007,0.0,0.009027232512788376,-0.0032197410952617125,0.0033931388519385596,4.425322305339189,4.430315074995984,4.430443670621694,4.427016965050439,7.228223652764266,0.19283340424735146,0.0,0.6373363815957712,-2.360072399873514,0.0
27.674579999521736,-82.95878693748766,-523.7785861451302,1.5,0.6432230795225942,-0.35172430071146354,0.42808671753081656,0.5284844827733293,-76.84585573478417,24.00591243467815,0.0,0.2807865323637938,0.021677543752546474,-0.11751351317600277,4.545572078956083,22.987071052637592,0.0,0.008985651722892105,-0.0032000766333900366,0.00339208442690079,4.442519453458703,4.447516052028495,4.447643768993599,4.444212747851637,7.273601136856298,0.015602716730414006,0.0,0.5788950260641882,-2.3915515651291415,0.0
27.749174554776513,-88.67791889059994,-521.9239237697833,1.5,0.6488386721307708,-0.3472565286796982,0.4325772882763964,0.520862909511076,-76.48650537918967,25.720500212064387,0.0,0.28145444066086517,0.02143986502135209,-0.11725730077251366,5.089698068560185,22.981552910199994,0.0,0.008940491465017835,-0.0031587311065867196,0.0033831602671156483,4.459671615555878,4.4646729035658534,4.4648010201414925,4.461361190716367,7.314556917424213,-0.1639255197117321,0.0,0.5191852073112515,-2.4216101550215288,0.0
27.823769110031286,-94.36872865450952,-519.9413902918924,1.5,0.654377511770202,-0.34271886873080903,0.4370221095429137,0.5131720226941208,-76.08645637906449,27.434174838896958,0.0,0.28211880703032377,0.02120475712177301,-0.1170126149420196,5.6367124147715,22.962560782875485,0.0,0.008876616090809291,-0.0031355200429797124,0.0033294670404963107,4.4767855097039515,4.481778944105309,4.481915050569311,4.478458293263597,7.351021595462416,-0.34564243489708774,0.0,0.4582429276240374,-2.450153544026918,0.0
27.898363665286062,-100.02817260856592,-517.8310914640872,1.5,0.6598385510258833,-0.33811183497034836,0.4414200868627443,0.5054124855473339,-75.64550587510685,29.145925241685784,0.0,0.28277910595794226,0.02097165255109374,-0.11675964173967206,6.186276027420188,22.929935718299987,0.0,0.008795391749249534,-0.003069019476855534,0.0032340838603216633,4.493855628523144,4.498837266050378,4.498988504872596,4.495499521434771,7.3828918818675096,-0.5294271503854331,0.0,0.39610169339419343,-2.477212725555485,0.0
27.97295822054084,-105.65319295007524,-515.5932088934809,1.5,0.6652207484748065,-0.3334359604914687,0.4457701290227986,0.4975849757787584,-75.16347656526149,30.854728818329555,0.0,0.2834348736446315,0.0207416693427306,-0.11652083348491628,6.738043151103694,22.883527316992247,0.0,0.008767412098371462,-0.003072700509341254,0.003267588544283415,4.510863862863723,4.515853967572781,4.515998015677834,4.512516028758474,7.41008602744596,-0.7151677694636837,0.0,0.33279689889789066,-2.502676476307781,0.0
28.047552775795612,-111.2407196182707,-513.2280008780432,1.5,0.6705230646116863,-0.32869179298040224,0.4500711513041724,0.48969019166695327,-74.64021717346162,32.55955207733258,0.0,0.28408691988789686,0.02051356736461299,-0.11627256371898471,7.291661573920189,22.823193930199974,0.0,0.008710020457656386,-0.003049505159844989,0.0032303288274488475,4.527831606278318,4.532817163199789,4.53296617232826,4.5294715364041025,7.432514411546207,-0.9027582871699441,0.0,0.26838152057781045,-2.526510514225058,0.0
28.12214733105039,-116.78767225393777,-510.7358031951056,1.5,0.6757444662275428,-0.3238798982030804,0.45432207327979207,0.4817288465865077,-74.0756029347811,34.25935127552507,0.0,0.2847347776476753,0.020287721544813214,-0.11603788935039004,7.846772864828508,22.748802930292015,0.0,0.00865855155087129,-0.0030105610119704226,0.0032076283462266217,4.544745848888431,4.549732878002595,4.549884233887791,4.546377648625764,7.450097037764209,-1.0920598188457287,0.0,0.20288039887360804,-2.5486913913527007,0.0
28.196741886305166,-122.29096219387948,-508.1170298393671,1.5,0.680883922722898,-0.31900085667338285,0.4585218215606282,0.47370167444484496,-73.46953604614419,35.95307313636558,0.0,0.2853786499816119,0.020064408828923876,-0.11579405243864409,8.40301258888019,22.660230964999965,0.0,0.008605135907881846,-0.002996353474161454,0.0031805968665087757,4.561611599827488,4.566595125328792,4.566749521645387,4.563233963928657,7.462756506874703,-1.2829516333791402,0.0,0.13634738845266214,-2.569148246914405,0.0
28.271336441559942,-127.74749449842493,-505.37217370869797,1.5,0.6859404108196735,-0.3140552676295202,0.46266932702168917,0.4656094237791857,-72.82194609896673,37.639655535357214,0.0,0.2860182754039175,0.01984292726918372,-0.11556422498999983,8.9600105343736,22.557364175588642,0.0,0.008549550919954168,-0.002949200593518147,0.0031482973951941487,4.578423463518608,4.583407381755634,4.583565642764012,4.580034784863261,7.470407629129211,-1.4753121463688186,0.0,0.06882110337909446,-2.587861014319388,0.0
28.345930996814715,-133.15417001170866,-502.501807238111,1.5,0.6909129103456689,-0.30904374448217514,0.4667635284363375,0.4574528640589914,-72.13279052906435,39.31802819740977,0.0,0.28665418076616134,0.019624079448096052,-0.11532423603028126,9.51739098455019,22.440098446799958,0.0,0.008489525961408211,-0.0029174436962066787,0.003105382725339725,4.595185105309909,4.6001642751070575,4.600328193406974,4.5967822771753974,7.473000287555349,-1.6689880804274213,0.0,0.0003483667468873464,-2.60478694442763,0.0
28.420525552069492,-138.50788745188143,-499.5065829786783,1.5,0.6958004089803201,-0.30396691924480923,0.47080336955469015,0.4492327793957034,-71.40205496475873,40.9871134812511,0.0,0.2872856957126722,0.01940739074824397,-0.11509888736838493,10.074772955273298,22.308339622584587,0.0,0.00844031312517839,-0.0028893949258010187,0.0030893058013770126,4.611888859310833,4.616869429776295,4.617034250929029,4.613479513910388,7.470441675353524,-1.8638668800218814,0.0,-0.06902539945472687,-2.6198913531803703,0.0
28.49512010732427,-143.8055455307541,-496.38723412109874,1.5,0.7006018983871671,-0.29882543835642245,0.4747878023242697,0.4409499746359893,-70.62975366866087,42.64582707821806,0.0,0.2879133030357362,0.01919309009875209,-0.11486350020330678,10.631770472500222,22.162003746499938,0.0,0.008387203665901772,-0.002877338799853495,0.0030639777939464735,4.628540306770449,4.633517368865481,4.633684651311776,4.63012173281398,7.462681869282445,-2.059799284468143,0.0,-0.13924089910630152,-2.6331058696892544,0.0
28.56971466257904,-149.0440451018147,-493.14457496325116,1.5,0.7053163786100801,-0.29361996641201554,0.47871578439039786,0.43260526945941763,-69.81592986022736,44.29307881139771,0.0,0.28853696358272024,0.018980706886271903,-0.11464192423697457,11.187992834206678,22.001017232472353,0.0,0.008330997211032157,-0.0028303252844992287,0.0030309483696321247,4.645134207882136,4.65011138588286,4.650282386467439,4.6467041077142675,7.449655842676981,-2.2566480432651224,0.0,-0.21025737991444401,-2.644421750806702,0.0
28.64430921783382,-154.22029133354056,-489.7795013192308,1.5,0.709942854479597,-0.28835118245233926,0.4825862820160776,0.4241995041977281,-68.9606560651247,45.927773408956156,0.0,0.2891562595948706,0.01877052790300483,-0.1144111165563318,11.743044900700188,21.825317116099935,0.0,0.008276750654283318,-0.0027982440899307595,0.0030031624500951527,4.661671755239279,4.666647660214746,4.666821421597586,4.663231591599115,7.431295111079991,-2.4542705310289326,0.0,-0.28202112764793713,-2.653804438947478,0.0
28.718903773088595,-159.3311959083184,-486.2929908697618,1.5,0.7144803397918432,-0.2830197837130478,0.4863982678038865,0.41573353383547335,-68.06403445802962,47.548811300846886,0.0,0.2897716068013764,0.01856263553041779,-0.11419441065605217,12.296527382028868,21.63485122262277,0.0,0.008222211131419974,-0.0027724520694145543,0.002974613512180862,4.678151826856495,4.683125866998954,4.683302436166134,4.679701294567788,7.407559665040758,-2.6525181997966514,0.0,-0.3544770326137219,-2.6612168570438945,0.0
28.793498328343368,-164.3736792442233,-482.68610345239074,1.5,0.7189278538544083,-0.27762648157257824,0.49015072351001276,0.40720823410699414,-67.12619713117867,49.155089437130144,0.0,0.2903827435595427,0.018356936165509954,-0.11396775144472684,12.848037138100187,21.429578376599927,0.0,0.008185722449683745,-0.002756693186103723,0.002992402252887566,4.694567518833509,4.699548454223054,4.699719668386656,4.696119841729244,7.378395211663438,-2.851243881360748,0.0,-0.4275694850545145,-2.6666040865570526,0.0
28.868092883598145,-169.34467273777335,-478.95998129064543,1.5,0.7232844256101914,-0.27217200557396676,0.4938426377453551,0.3986244952286429,-66.14730638528115,50.74550210533561,0.0,0.2909899550613896,0.01815320540720188,-0.11375542103592784,13.39716747698506,21.20946855895269,0.0,0.008112932318574104,-0.002715475815957579,0.002917674534575782,4.710934829246729,4.715905397647972,4.716087391321216,4.712463441935965,7.3437542916906855,-3.050290449780943,0.0,-0.5012507561097493,-2.6699664918555643,0.0
28.94268743885292,-174.24112102696154,-475.11584916060644,1.5,0.7275490902013655,-0.2666570991968616,0.4974730088766878,0.38998322814482095,-65.1275549856284,52.31894179359003,0.0,0.29159339808509227,0.017951671505390898,-0.1135316681615818,13.943508483900217,20.974503113699903,0.0,0.008048027451915175,-0.002699050502313545,0.002863184298270204,4.727240804988552,4.732201602450296,4.732390802077486,4.728751474291898,7.303602133483083,-3.2495215929246744,0.0,-0.5754408106072468,-2.671250071534301,0.0
29.017281994107694,-179.05998427194325,-471.15501449497754,1.5,0.7317208930737378,-0.2610825240396964,0.5010408426405104,0.3812853580804281,-64.06716637701298,53.874299999697065,0.0,0.29219232346966445,0.017752103408677566,-0.11332405478636323,14.486647320301305,20.724674873367338,0.0,0.008004375591017878,-0.002659676700779937,0.0028631886373240876,4.743475786245339,4.748443190183886,4.748629940949216,4.7449840086894675,7.2578941868378815,-3.448762809297661,0.0,-0.6501042482650271,-2.6704494012786104,0.0
29.09187654936247,-183.7982404520128,-467.0788674229266,1.5,0.7357988865928543,-0.2554490552897689,0.5045451550741767,0.3725318310311959,-62.96639490641762,55.41046814464192,0.0,0.2927873118732904,0.017554764880516462,-0.11310511539497824,15.026168572900184,20.459988345199907,0.0,0.007964043069273317,-0.0026455662233727502,0.0028723184155831525,4.7596493741688555,4.764621350561659,4.7648039967525575,4.761157705782364,7.2066038336569305,-3.6478698042721374,0.0,-0.7251689809737664,-2.6675132155685235,0.0
29.166471104617248,-188.45288767710417,-462.88888074469526,1.5,0.7397821339978029,-0.249757486251982,0.5079849702388776,0.363723607001463,-61.82552599021052,56.92633841066807,0.0,0.29337855798515194,0.01735927718151093,-0.11290061684396883,15.561654576179329,20.180459843229354,0.0,0.007895642232161952,-0.0026047798392943664,0.0028087505954636043,4.775768225081267,4.780732272663965,4.780923543970333,4.777255842816344,7.1497023436809855,-3.8466762142013997,0.0,-0.8005700528756577,-2.6624280462626544,0.0
29.241065659872024,-193.0209465114198,-458.58660984102625,1.5,0.7436697063415252,-0.24400862369142962,0.5113593227960056,0.35486166660226137,-60.64487626986012,58.42080464717159,0.0,0.2939655041695546,0.017165702642048572,-0.11268539247800798,16.09268574750021,19.88611761849988,0.0,0.007833892907124551,-0.0025612284542530245,0.002762550831356483,4.791820864504134,4.796780833686621,4.796977647000916,4.793292701279087,7.087159281161523,-4.045022473509404,0.0,-0.8762684093614517,-2.655191561221747,0.0
29.315660215126798,-197.4994623082397,-454.173692515768,1.5,0.7474606859635637,-0.23820329202362606,0.5146672563036901,0.3459470044628477,-59.42479375933473,59.89276325872186,0.0,0.2945484204486048,0.01697460236297593,-0.11248566005753786,16.618840959701306,19.577002000244025,0.0,0.007787070498208337,-0.0025512703416717014,0.0027551110863504456,4.807805503694751,4.812766133785891,4.812961567144938,4.809272526785992,7.018970529739823,-4.2427439142794885,0.0,-0.9521759669417514,-2.6457590716557253,0.0
29.390254770381574,-201.88550755281267,-449.65184877125847,1.5,0.75115416387788,-0.23234232924288034,0.5179078252579953,0.3369806354487595,-58.16565791040916,61.34111411950048,0.0,0.2951271023015569,0.016785177308759447,-0.11227470518406478,17.139697862700178,19.253165502799888,0.0,0.0077408983840843645,-0.0025293929344152736,0.002749827557365265,4.8237238933895314,4.828686799054128,4.828880436077098,4.825186681592858,6.945101240573874,-4.439685557489842,0.0,-1.0282356748170458,-2.6341119399293436,0.0
29.46484932563635,-206.17618421234116,-445.0228805160259,1.5,0.7547492429951116,-0.2264265905948087,0.5210800936323794,0.327963588360031,-56.867879740089336,62.764761472746166,0.0,0.29570226619103895,0.016597608614312975,-0.1120782041598347,17.654833265569426,18.91467292060839,0.0,0.007679036195247052,-0.0024986049984342777,0.0027032273649846453,4.839581140451285,4.844538561372074,4.844737643112655,4.841027865591122,6.8655602253520485,-4.635683365176229,0.0,-1.1043809131351454,-2.620240481415288,0.0
29.539443880891124,-210.36862609095303,-440.2886712049864,1.5,0.7582450355640288,-0.2204569445640125,0.5241831369510663,0.3188969121395574,-55.53190183829954,64.16261483570727,0.0,0.29627282605179567,0.016412187667160634,-0.11187112343031946,18.163823487200172,18.56160144059988,0.0,0.007627621431663575,-0.002469955893477767,0.0026843537757288887,4.8553679623161194,4.860325446367259,4.8605250320159685,4.856806480476737,6.78033880350292,-4.83054141759142,0.0,-1.1805512760262087,-2.6041314394315447,0.0
29.6140384361459,-214.46000118641734,-435.4511854093242,1.5,0.7616406664429104,-0.2144342771027747,0.5272160406339255,0.30978166911890825,-54.158198401049816,65.53358998869871,0.0,0.2968392466812581,0.01622862197580069,-0.11168045378642417,18.66624473258277,18.19404071565815,0.0,0.00757079510781274,-0.002446573241837031,0.0026509425335157094,4.871089299884202,4.876043337577569,4.876245938844606,4.87251541308982,6.689426749045382,-5.024121849897632,0.0,-1.256673255185115,-2.585762288513313,0.0
29.688632991400677,-218.44751404884155,-430.512468317058,1.5,0.7649352704196822,-0.20835948644792007,0.5301779023651099,0.3006189420493305,-52.74727525845042,66.87660984367213,0.0,0.2974023406975119,0.016047017295882583,-0.11147548951475987,19.161673463500197,17.812092926199842,0.0,0.0075067103916603645,-0.0024214500502797854,0.0025984780715898243,4.886745186831409,4.891690943203682,4.891899922115374,4.8881534633146355,6.592859649330961,-5.216253436259976,0.0,-1.3326815031663086,-2.5651387606621903,0.0
29.76322754665545,-222.3284081368964,-425.4746451651146,1.5,0.7681279955765723,-0.20223348851931153,0.5330678301661205,0.29140982648979297,-51.29966977420085,68.19060540426321,0.0,0.29796117845678505,0.015867280143010636,-0.11128755919389573,19.64968677612805,17.415872863561578,0.0,0.007463588377676163,-0.0023965208191152605,0.0026017072945744295,4.902323814366741,4.907274732533849,4.90748012313586,4.903729992950896,6.490622559012202,-5.40676253493299,0.0,-1.4085066760667209,-2.5422589961966504,0.0
29.837822101910227,-226.09996817020848,-420.3399206006702,1.5,0.7712180008093318,-0.19605721199858842,0.5358849446000327,0.28215543766161594,-49.81595084116809,69.47451670622623,0.0,0.29851507578381276,0.015689560896704438,-0.11108931921088369,20.12986278240016,17.00550798059986,0.0,0.007480083807028789,-0.002391712092507028,0.002765487424909671,4.917811616459048,4.922801358596197,4.922974523475368,4.919261160149747,6.382732018400462,-5.595470827159113,0.0,-1.4840804205700775,-2.5170554547130193,0.0
29.912416657165004,-229.7595224774141,-415.110577972009,1.5,0.7742044586057644,-0.1898316015929585,0.5386283775534283,0.2728569042662639,-48.29671877775129,70.7272937670964,0.0,0.29906599215676233,0.015513432341796852,-0.11090502400064842,20.60178099923416,16.5811383825256,0.0,0.007355077619129105,-0.0023462451639517886,0.0025489123369810164,4.933279743176077,4.938226796919005,4.938435433501332,4.9346648008370435,6.269216967763197,-5.782206420888891,0.0,-1.5593304373689745,-2.489578208725087,0.0
29.98701121241978,-233.3044453357438,-409.78897854793786,1.5,0.7770865530061479,-0.18355761437883483,0.5412972739206496,0.2635153744786965,-46.74260520034297,71.94789755664027,0.0,0.2996133430502035,0.015339037209204502,-0.11070638597899694,21.065022730700186,16.142916895099823,0.0,0.0072694537886133235,-0.002312865005051584,0.002437850050739471,4.948662977261774,4.953589290114907,4.953814613588717,4.950013462297499,6.150106381693651,-5.9668336204003225,0.0,-1.6341919521327615,-2.459837030654564,0.0
30.061605767674553,-236.73215930028212,-404.377560668076,1.5,0.7798634824798015,-0.1772362246868311,0.5438907901113046,0.254132008580848,-45.15427287163962,73.13530087062485,0.0,0.3001557620948022,0.015166705326392053,-0.11052727178060677,21.51917146449482,15.69100908144171,0.0,0.007248505169010027,-0.0022980672728930536,0.0025014543263565813,4.963950692418982,4.968894665026496,4.969105430260252,4.965315975034168,6.025424441969891,-6.149145300112603,0.0,-1.7085898784746343,-2.4278050762037515,0.0
30.13620032292933,-240.04013752153568,-398.878838822241,1.5,0.7825344576457193,-0.1708684182698403,0.5464080961962613,0.24470798647829256,-43.532415541617944,74.28848935857665,0.0,0.3006942252261461,0.01499619783416014,-0.11033455365816958,21.963813263600173,15.225593220599812,0.0,0.007212946601863939,-0.0022835602580923344,0.00252608087179437,4.979171872315597,4.984123800987898,4.984326928333568,4.98054088314059,5.895216792177897,-6.328977802810621,0.0,-1.7824520607121597,-2.3934739259822635,0.0
30.210794878184107,-243.22590604882177,-393.29540265739223,1.5,0.7850987040163319,-0.16445519717343637,0.5488483744649701,0.23524450030060692,-41.87775772746537,75.40646244801937,0.0,0.3012296476527884,0.014827367486701729,-0.11015655377758757,22.398537159047745,14.74686029389178,0.0,0.007141099404449774,-0.0022507899715487507,0.0024516523717358785,4.994332465959069,4.9992726249434645,4.999485774989546,4.9956771478690625,5.759531424038973,-6.506176096434351,0.0,-1.8557147660411764,-2.3568682944338843,0.0
30.28538943343888,-246.28704611594222,-387.6299159156857,1.5,0.7875554600271749,-0.15799757491325636,0.5512108212523669,0.22574276120665782,-40.19105445113722,76.48823425570535,0.0,0.3017600177108972,0.014660252621115453,-0.10996761681656715,22.822935555000146,14.25501397789983,0.0,0.007078202262452538,-0.0022300248819662936,0.002401486425938108,5.009417112158306,5.014348830433785,5.014567657352463,5.0107443174274495,5.618381904611801,-6.680540592298809,0.0,-1.928291012025657,-2.317992331762631,0.0
30.359983988693656,-249.22119640943865,-381.88511530089755,1.5,0.789903979640075,-0.15149658140785935,0.5534946455511318,0.21620399190748263,-38.47309104288398,77.53283460373474,0.0,0.30228642114254195,0.014494774499361908,-0.10979626758337967,23.23660461270165,13.750270598474412,0.0,0.0070347577024734535,-0.0022036098737573165,0.0024044370570263478,5.024419307235715,5.0293563034393385,5.029571230175931,5.025743974152508,5.471845986379596,-6.851930334790579,0.0,-2.000130298671025,-2.2768445053222077,0.0
30.434578543948433,-252.02605531667749,-376.06380927435805,1.5,0.7921435303053188,-0.1449532569640866,0.5556990710511143,0.20662943431142314,-36.7246828021275,78.53930989342159,0.0,0.30280962978481624,0.01433134226684732,-0.10960856815383065,23.639144673600164,13.232859074499792,0.0,0.0069543416135666395,-0.0021911661146473346,0.0023056627624645234,5.0393624020069385,5.044278450104294,5.04450771647785,5.0406558204247425,5.320005651988788,-7.020165823999314,0.0,-2.071135712917173,-2.233454865380558,0.0
30.509173099203206,-254.6993831484566,-370.16887678175766,1.5,0.7942733956356488,-0.13836865852754163,0.5578233345106125,0.1970203410771746,-34.94667463891937,79.50672407867253,0.0,0.30332828393263234,0.01416947448202409,-0.10944041064422265,24.030160628547918,12.703020874279355,0.0,0.006928527808931701,-0.0021579736933394398,0.0023573900880850787,5.05420707181694,5.059140577291611,5.059357102043226,5.055511622763089,5.1628974641586876,-7.185078948544524,0.0,-2.141245141594238,-2.1878154931667133,0.0
30.583767654457983,-257.23900433656576,-364.20326590926004,1.5,0.7962928734670419,-0.13174385286581092,0.559866687773176,0.18737798381764706,-33.13994076326968,80.43415959398236,0.0,0.3038430698911663,0.014009000951806065,-0.10925743941443043,24.40926233410015,12.161009908899784,0.0,0.006877564037559008,-0.0021213020621382206,0.0023398549711405106,5.0689856754516525,5.073920425708479,5.074136635840073,5.070281818646884,5.0005775681076345,-7.346509425041714,0.0,-2.2104121132882035,-2.1399610845798245,0.0
30.65836220971276,-259.6428096055182,-358.169992470735,1.5,0.798201278176207,-0.12507992276416252,0.5618283964996063,0.17770364466116545,-31.30538431439221,81.3207182702448,0.0,0.304354056923921,0.013850563319056384,-0.10909226558312134,24.776065019044015,11.607092480005022,0.0,0.006822832176224064,-0.0021133563654440668,0.002311457068692104,5.083691039591318,5.088621146170148,5.08883894101956,5.084975660780161,4.833143651272906,-7.50428748521411,0.0,-2.2785366538982057,-2.0898946951999577,0.0
30.732956764967533,-261.90875811360434,-352.0721385262579,1.5,0.799997939158915,-0.11837796103381838,0.5637077417082377,0.16799862386687422,-29.44393690356716,82.16552226071988,0.0,0.3048610546999681,0.01369371218401184,-0.10891229544149579,25.130189669200117,11.041547155099805,0.0,0.006767340362883872,-0.002097408869664146,0.0022810547572185763,5.098319475109156,5.103244883827858,5.103464615290552,5.099592001075217,4.660672747917996,-7.658244953842401,0.0,-2.345547660417971,-2.0376478370278908,0.0
30.80755132022231,-264.0348795611129,-345.91285083205344,1.5,0.801682202830929,-0.11163907539515895,0.5655040188103203,0.15826423227766995,-27.556558186412605,82.96771495439498,0.0,0.30536381002666624,0.013538453784220658,-0.10875170960473532,25.471263419131528,10.464664647842506,0.0,0.006717009962005097,-0.0020693246748004737,0.002264711961426504,5.112867204382895,5.1177936221997555,5.11801270611652,5.114131539974197,4.4832450936274,-7.808218196895638,0.0,-2.411391448524873,-1.9832244007302464,0.0
30.882145875477086,-266.01927626491755,-339.6953392223611,1.5,0.8032534312925556,-0.10486438362927795,0.5672165390006734,0.14850179812677441,-25.644235392741034,83.7264618919735,0.0,0.3058634768419901,0.013384820646901592,-0.10857348448495521,25.79891996930013,9.876747715599766,0.0,0.006631190620158654,-0.00205713242086445,0.0021486232704755227,5.127352474840999,5.132253802748419,5.132490239886737,5.12858058425803,4.300951438415546,-7.954069178889807,0.0,-2.475973793949441,-1.9266894409300102,0.0
30.956740430731863,-267.860125196739,-333.42287492517505,1.5,0.8047110041723702,-0.09805501807999985,0.568844628368419,0.13871265973090496,-23.70798282328573,84.44095161526859,0.0,0.3063586674455369,0.013232691945339634,-0.1084156496630089,26.1127999519876,9.278110993275316,0.0,0.006612817536927572,-0.00202669798411281,0.0022221437561557684,5.1417309476624435,5.146654311075867,5.146873814848458,5.142976056245603,4.113891062277237,-8.095621809722218,0.0,-2.5392370325953784,-1.8680353381708552,0.0
31.031334985986636,-269.55567998245505,-327.0987888123275,1.5,0.8060543174420177,-0.09121212006952666,0.570387629192636,0.12889817279352428,-21.74884130722122,85.11039657748425,0.0,0.3068497273062253,0.013082113961332433,-0.10824280070095771,26.412551331500115,8.669080841989755,0.0,0.006567817835363861,-0.0019970874839854414,0.0022208609702403493,5.15604139223792,5.1609686754534385,5.161184739825959,5.157282469365972,3.9221582550592924,-8.232707671699503,0.0,-2.601128469311798,-1.8072976925414175,0.0
31.105929541241412,-271.10427286070325,-320.7264695829384,1.5,0.8072827850683458,-0.08433684579999705,0.5718448991724626,0.11905970209621201,-19.767877653252473,85.7340340267074,0.0,0.3073368563208471,0.012933291070743135,-0.10808916787893955,26.697829802490812,8.049995207329975,0.0,0.006508286296159966,-0.0019844556397371413,0.0021779276798949893,5.1702791058700255,5.175199047214294,5.175419159396858,5.171504415443347,3.7258610545862165,-8.36518464549687,0.0,-2.6615650288955712,-1.7445191675027896,0.0
31.18052409649619,-272.5043165989009,-314.30936188239144,1.5,0.8083958380114126,-0.07743036023600919,0.5732158125765087,0.10919862916630778,-17.76618405948916,86.31112685104081,0.0,0.307820695693053,0.012786066764014342,-0.10791782318656168,26.968299165300103,7.421203420959748,0.0,0.00645506493742667,-0.0019791374818675833,0.00215302146690466,5.184435367227776,5.189350250061488,5.189571143512266,5.185649962894086,3.5251210203731294,-8.49292038779795,0.0,-2.7204586972455216,-1.6797216978995548,0.0
31.255118651750962,-273.7543063634637,-307.85096435932303,1.5,0.8093929256955865,-0.07049384191999705,0.5744997595806549,0.09931634471257426,-15.74487747127345,86.84096438750247,0.0,0.3083005477736519,0.01264005454549233,-0.10776620143055672,27.223631686317052,6.783065996761211,0.0,0.0064044028556151525,-0.0019435776471097548,0.0021350176186954255,5.198507862189705,5.203424331905248,5.203644714846641,5.199713637878225,3.3200378431682362,-8.615746490351361,0.0,-2.777768185974038,-1.6129528969421583,0.0
31.32971320700574,-274.852821543348,-301.35482766028457,1.5,0.8102735151445725,-0.06352847734784522,0.5756961473372707,0.0894142559223431,-13.705098975086003,87.32286328375037,0.0,0.308776313105181,0.012495760092732396,-0.10759883290029455,27.463508495500097,6.135954430629741,0.0,0.00633991135815868,-0.0019226001265751525,0.002077373850673922,5.212506619456877,5.217412695731762,5.2176397554856155,5.213692467141847,3.1107492233240213,-8.733507209298594,0.0,-2.8334230864363223,-1.544247526528365,0.0
31.404307762260515,-275.79852752431674,-294.8245523618855,1.5,0.811037092306236,-0.05653546740402485,0.5768043993672789,0.07949377774019264,-11.648013083216673,87.7561683222481,0.0,0.30924810096129246,0.012353019454408505,-0.10745152458524973,27.68761995391966,5.480251014720253,0.0,0.006300987703392398,-0.001903202185517219,0.002092634640073079,5.226413796399297,5.231326874342639,5.231547337136482,5.227600090565517,2.8973716806354517,-8.846077185520349,0.0,-2.887350077653981,-1.4736538689245418,0.0
31.47890231751529,-276.5901774112967,-288.2637868435818,1.5,0.8116831613820018,-0.04951602058586548,0.57782395646693,0.06955634095582353,-9.574807054215892,88.14025318217634,0.0,0.3097159513314813,0.012211655418243296,-0.10728774768085195,27.895666007800077,4.8163485742997345,0.0,0.006275947712536824,-0.001885357496687106,0.0021482509101342817,5.240234349672445,5.245162721683964,5.2453692397648295,5.24143236817341,2.6800320998119376,-8.953313422540242,0.0,-2.939494376606445,-1.4011976862607858,0.0
31.553496872770065,-277.2266136981566,-281.67622510242046,1.5,0.8122112458376296,-0.04247135779366892,0.5787542763913376,0.059603384642040236,-7.486690167616341,88.47452123064032,0.0,0.310180472627575,0.012071785577973376,-0.10714251935028424,28.087356553330377,4.144650219186675,0.0,0.006198250593741339,-0.0018637777334312895,0.002051418545758455,5.253993743024452,5.25890349841725,5.2591237445455965,5.255160797712415,2.4588733583408153,-9.055077372580184,0.0,-2.9897782774034862,-1.3269508590837717,0.0
31.62809142802484,-277.7067698819002,-275.0656045100298,1.5,0.8126208880353937,-0.03540270741314379,0.5795948344442844,0.04963636289949258,-5.384892957213761,88.75840628243311,0.0,0.3106407703071524,0.01193331772149566,-0.10698135049608445,28.262411779500063,3.4655691036197283,0.0,0.00615908573186925,-0.001840329847700616,0.0020660492189857353,5.267655579063909,5.272571920991351,5.2727856221536,5.268822841404189,2.2340363369392797,-9.151235103909288,0.0,-3.0381619486560947,-1.2509304190358448,0.0
31.70268598327962,-278.0296720193364,-268.43570351375934,1.5,0.8129116500154412,-0.028311310709543965,0.5803451233334914,0.03965673685662253,-3.2706664344973646,88.99137333856042,0.0,0.3110974538517999,0.011796481643717624,-0.10683991232733421,28.420562533847026,2.7795281690167704,0.0,0.006095370275345999,-0.0018252704676377087,0.0020088807676886056,5.281245086845594,5.286151052452494,5.2863712418199595,5.282392451952029,2.005668488072344,-9.24165799911365,0.0,-3.084567865207954,-1.1732098972942517,0.0
31.77728053853439,-278.19444022426165,-261.7903392833233,1.5,0.813083113273703,-0.021198415623096982,0.5810046536633299,0.029665982299049584,-1.1452812687071763,89.17291930745866,0.0,0.31155028968162307,0.011660896719027807,-0.10668115247337565,28.561550639500055,2.0869598466597234,0.0,0.006043501652781378,-0.0018114902395252135,0.0019861268564026918,5.294747381499689,5.299649892183082,5.299870307546053,5.2958844707964206,1.7739034051620217,-9.326224387462432,0.0,-3.1289342990056666,-1.093838818629898,0.0
31.851875093789168,-278.20029010419086,-255.13336530483173,1.5,0.8131348793704272,-0.014065281424978223,0.5815729538814779,0.019665582199606117,0.989973009711076,89.3025736938944,0.0,0.31199929498169626,0.011526729494292424,-0.10654311501487207,28.685129237991404,1.388305758162012,0.0,0.005993383515210214,-0.0017874252344421966,0.0019679773809958335,5.308164672068491,5.313067081180052,5.313286846306942,5.309292734448186,1.5389119366929287,-9.40480890968403,0.0,-3.1712039846971174,-1.012854215650853,0.0
31.926469649043945,-278.0465341340435,-248.46866892364216,1.5,0.8130665699011471,-0.00691317512820126,0.5820495706064588,0.009657032446198694,3.1337889034931745,89.37989928303642,0.0,0.3124445844555072,0.011393889626751006,-0.10638708076305504,28.791063104300044,0.6840164606507187,0.0,0.005933976495184909,-0.0017618324535448849,0.0019225762728004088,5.321502544890783,5.326397910993896,5.3266220048633475,5.322613981655408,1.3008465248940646,-9.477294587593125,0.0,-3.211341464911338,-0.9303497722863918,0.0
32.00106420429872,-277.7325829643087,-241.8001688373872,1.5,0.8128778268610328,0.00025662624278150435,0.5824340687659532,-0.00035816391943163,5.284841815456747,89.40449279110817,0.0,0.31288593355016603,0.011262518035301036,-0.10625245901367117,28.879128973942056,-0.02544893403968523,0.0,0.005893056937566125,-0.0017505648359359743,0.0019308976982489658,5.334749682547604,5.339649245892871,5.3398678234930825,5.33585944370089,1.0598609973144564,-9.543569545213648,0.0,-3.249269778694978,-0.8463590262520326,0.0
32.07565875955349,-277.25794666390584,-235.13181254146494,1.5,0.8125683128231554,0.007442840505880908,0.5827260317371558,-0.010378490102226337,7.441790924968557,89.37598549022456,0.0,0.31332366789673005,0.011132631999451505,-0.1060992565113317,28.94911583270002,-0.7396230671382442,0.0,0.005837171872204041,-0.001740585380405567,0.001895182090962309,5.347919374302542,5.352811895945906,5.353033005183606,5.349015182966876,0.8161472757101312,-9.603525150947767,0.0,-3.284937387850989,-0.7609227291591159,0.0
32.15025331480827,-276.62223589402026,-228.4675737286462,1.5,0.812137711130546,0.014644172552563344,0.5829250615765558,-0.02040242524449513,9.60328016701577,89.29404381359004,0.0,0.3137574793406071,0.011004032174001446,-0.10596778546859881,29.000825229183576,-1.45803060274752,0.0,0.005791753627306843,-0.001714355081957292,0.0018898194301331511,5.3609988680771,5.365894537284435,5.36611259514727,5.3620891502923405,0.5698594257202789,-9.657055877017125,0.0,-3.3182986668638366,-0.6741344950509237,0.0
32.224847870063044,-275.82516301128805,-221.81144964426815,1.5,0.8115857261761596,0.021859322773239525,0.5830307791185038,-0.030428435311093578,11.767939152452362,89.15836994007215,0.0,0.3141875393913312,0.010876601073995067,-0.10581785544705187,29.03407155060001,-2.180188642930288,0.0,0.0057598601513776555,-0.0016976156994689521,0.0019246565778624572,5.3739892304378145,5.378895089404599,5.37910273782316,5.37508518189235,0.32115185832492665,-9.704066411853265,0.0,-3.349302202309935,-0.5860482995172344,0.0
32.29944242531782,-274.8665431012553,-215.16745839944127,1.5,0.8109120834969815,0.029086982567765884,0.5830428241934422,-0.040454980413069684,13.934384106045831,88.96870233552987,0.0,0.31461423157494706,0.010750520549161646,-0.10568837991550054,29.048682303697667,-2.9056070970553782,0.0,0.005691811924394864,-0.001679119369438648,0.0018515925370317457,5.386909186284305,5.391801424725495,5.392018394235573,5.387980736965358,0.07022296160836153,-9.744459602922426,0.0,-3.3779068483289425,-0.4967200748986561,0.0
32.3740369805726,-273.74629493873437,-208.53963624424856,1.5,0.8101165301200085,0.03632583717019848,0.5829608557318056,-0.050480509750224896,16.10121888913738,88.7248162840827,0.0,0.3150370980773438,0.010625974122905918,-0.10554038382458404,29.044498391499996,-3.6337889832602897,0.0,0.005624654565624171,-0.0016746455597133046,0.0017808194421602176,5.3997451264353735,5.404621392064136,5.404847280286587,5.400792931323474,-0.18273297847211054,-9.778144126535363,0.0,-3.4040444373147607,-0.4062466896095023,0.0
32.448631535827374,-272.46444187217327,-201.93203480253456,1.5,0.809198834548424,0.0435745631033217,0.5827845519857245,-0.060503467525632196,18.267036023373127,88.42652438613722,0.0,0.3154557883266169,0.010502513868693487,-0.10541562265238072,29.021374349233668,-4.364230862044103,0.0,0.00559259059199175,-0.001644160292608239,0.0018142106149530248,5.412478926295764,5.417367892209133,5.4175835682772275,5.41353193034003,-0.43754972761048744,-9.805034733981282,0.0,-3.4276871771069133,-0.3146705385803493,0.0
32.52322609108215,-271.0211126325645,-195.348718270471,1.5,0.808158787274965,0.05083183235982445,0.5825136104946834,-0.07052228695702346,20.430417687200784,88.07367703436823,0.0,0.3158712532761346,0.01038028127013628,-0.1052702762408331,28.979178605799977,-5.096423190190333,0.0,0.005544107281195115,-0.0016237097556055801,0.0017985751600450269,5.425135181970265,5.43002313284334,5.430237596131414,5.426179756870703,-0.694044332113562,-9.825063761836457,0.0,-3.448803118710433,-0.2220659780335936,0.0
32.59782064633692,-269.4165420660265,-188.79376058168708,1.5,0.8069962004894432,0.05809630805125718,0.5821477485492897,-0.08053539746849696,22.58993675982384,87.66616283012075,0.0,0.316283010586162,0.010259452028342237,-0.1051471351460576,28.91779371590558,-5.829850730182972,0.0,0.005493978636819597,-0.0016106807612024457,0.0017773654607340617,5.437706535027886,5.4425920559564185,5.442806302036856,5.4387411036287014,-0.9520158073896664,-9.838146940176497,0.0,-3.4673525597818524,-0.12850865665760006,0.0
32.6724152015917,-267.6510717873385,-182.27124254075582,1.5,0.8057109087954709,0.0653666495508836,0.5816867029655379,-0.0905412180586848,24.744157899389258,87.20390901516542,0.0,0.3166908674863586,0.010140029914897946,-0.1050051612611197,28.83711659139997,-6.563992946620291,0.0,0.005449642490221999,-0.0016163208123809946,0.0017734786763420902,5.450191318447733,5.45507485109165,5.455285703450137,5.451220699426109,-1.2112678460312083,-9.84421451541515,0.0,-3.4832497605346804,-0.034080240384965384,0.0
32.747009756846474,-265.7251507531733,-175.78524892645845,1.5,0.8043027688371055,0.07264150821327967,0.5811302305175668,-0.10053816441563568,26.891638620779496,86.68688185503595,0.0,0.3170954961158946,0.010021470910799683,-0.1048843204740253,28.73705868053082,-7.298324427290896,0.0,0.005395753287650184,-0.0015774137623679129,0.0017402653536416077,5.462590480898255,5.467472440947634,5.467685268694473,5.4636065080391205,-1.4716116614926498,-9.843216817043224,0.0,-3.4965086489125476,0.061157319786906514,0.0
32.82160431210125,-263.63933575473993,-169.33986556886063,1.5,0.8027716600680578,0.07991953206589572,0.5804781077278042,-0.11052464265805546,29.03093037518745,86.11508695172556,0.0,0.31749605171575024,0.009904281768274913,-0.1047449052689066,28.61754620159995,-8.032315290020291,0.0,0.005341455823854056,-0.0015621976355453856,0.0017055554260186354,5.47490570064583,5.4797814841480905,5.479996576585744,5.475907972510916,-1.7328426975738642,-9.835073045321645,0.0,-3.5070902341319545,0.15711247013911359,0.0
32.89619886735603,-261.39429182840314,-162.93917640106554,1.5,0.8011174841310899,0.08719936145995633,0.5797301315000036,-0.12049905647530032,31.160579669831964,85.48856961255487,0.0,0.31789271697130056,0.009788359547171676,-0.1046290034460403,28.478520315014535,-8.765431620556292,0.0,0.0052988352795067355,-0.0015444352686092642,0.0017055744435320783,5.487129022340207,5.492007987500354,5.492218925710269,5.488127148754866,-1.9947592228524618,-9.819745251205452,0.0,-3.5149473466430052,0.25370977408595974,0.0
32.970793422610804,-258.99079258272286,-156.58726048763754,1.5,0.7993401660248269,0.09447963509382568,0.5788861184451716,-0.13045979995164247,33.27912919144316,84.80741511228689,0.0,0.31828646420364265,0.009673550992455213,-0.1044907641757307,28.319937288599924,-9.497135919480332,0.0,0.00524726673011093,-0.0015270731169903658,0.0016783831630479763,5.499270111787408,5.504144861109502,5.504356669250297,5.500256558311186,-2.2571668549391846,-9.797206888088688,0.0,-3.5200665046015014,0.3508922776938498,0.0
33.04538797786558,-256.4297204418826,-150.2881890347465,1.5,0.7974396530218476,0.10175898347568149,0.5779459060130786,-0.1404052662584741,35.38511892134166,84.07174891135348,0.0,0.3186763654197644,0.009560025841326128,-0.1043762753129573,28.141768675826665,-10.226887504990358,0.0,0.00520170573935809,-0.0015129745228541563,0.001668781051924595,5.511321822494775,5.516196951702314,5.5164063647925765,5.512301442224426,-2.5198505958289044,-9.767394188308577,0.0,-3.522404129962239,0.4485614471934089,0.0
33.11998253312035,-253.71206680413968,-144.04602238217274,1.5,0.7954159160717736,0.10903603564317105,0.5769093515714404,-0.15033384003723999,37.47708729857102,83.28173692555048,0.0,0.319062714855719,0.009447589756069975,-0.10424111545800753,27.944001443099918,-10.954142988300289,0.0,0.005137462302261507,-0.0014960065923395461,0.0016019135818290153,5.523294954769589,5.528156656846486,5.528374255756167,5.524251898409383,-2.7826025827631637,-9.730277545766734,0.0,-3.5219582244071987,0.5466197649743217,0.0
33.19457708837513,-250.83893211393948,-137.86480697927908,1.5,0.7932689487387936,0.11630941468162369,0.575776333374383,-0.16024390456182314,39.55357237443755,82.43758569248325,0.0,0.3194452787095945,0.009336384010562578,-0.10412990276336921,27.72663811849025,-11.67835673994254,0.0,0.005106181247255978,-0.0014818398067239916,0.0016352352315161325,5.535167014465353,5.540039025177989,5.5402462968944235,5.5361290101348315,-3.045219410285854,-9.68583542579577,0.0,-3.5186878423224544,0.645008002147861,0.0
33.2691716436299,-247.8115258479808,-131.74857234930238,1.5,0.7909987685982417,0.12357774258497428,0.5745467497319997,-0.17013383551211086,41.61311296223022,81.53954251398483,0.0,0.3198244112670577,0.009226292369322271,-0.10399739793689994,27.4896968966999,-12.398981331300286,0.0,0.005052296211268336,-0.0014689044195231524,0.0015991461728048864,5.546962284636267,5.551827386429882,5.552037160018026,5.547910125688819,-3.3074821740587144,-9.634043223831528,0.0,-3.5125841749481745,0.7436383705927151,0.0
33.34376619888468,-244.63116641409064,-125.70132804347955,1.5,0.7886054158419501,0.13083963470979715,0.5732205202994428,-0.18000200888153425,43.65424982469798,80.58789558656673,0.0,0.3201998640997048,0.009117459515490986,-0.10388889420323914,27.23321176008383,-13.11546798235146,0.0,0.005010875127506233,-0.0014512600011160773,0.0016006734598196938,5.5586644443361,5.563533002447741,5.563738306318374,5.559608520572841,-3.5691759552716897,-9.574891097000245,0.0,-3.5036232905833837,0.8424178716567827,0.0
33.41836075413946,-241.29928096138724,-119.7270605878225,1.5,0.7860889551004645,0.13809370693621845,0.5717975847340804,-0.1898467931410638,45.67552687053492,79.58297406687053,0.0,0.3205719167999345,0.009009493490357488,-0.10375875277996795,26.95723255259987,-13.827267073700321,0.0,0.004966261329526627,-0.0014345152605120244,0.0015922782317127977,5.570281411241594,5.575149966240892,5.575352650194291,5.5712189928404365,-3.8301138854731382,-9.508361203461819,0.0,-3.4918035476794427,0.9412768918746016,0.0
33.49295530939423,-237.8174051033719,-113.82973042501904,1.5,0.7834494737735131,0.1453385693206963,0.5702779042317067,-0.19966655768283,47.675492284724896,78.52514813875348,0.0,0.3209404014991266,0.008902786615466904,-0.10365264483922398,26.661825071954766,-14.533828580516534,0.0,0.0049165109306972266,-0.0014214725322803238,0.0015672790951691243,5.581813232117991,5.586678453632488,5.586881570228151,5.582739708296078,-4.09005523537514,-9.434457215795899,0.0,-3.4771019855810894,1.040120500204451,0.0
33.567549864649,-234.1871825522933,-108.0132688538045,1.5,0.7806870838663286,0.15257283217631457,0.5686614602385993,-0.20945966581967543,49.652699777002375,77.41482901504615,0.0,0.3213055146246316,0.008797205153746938,-0.10352456387465687,26.34707111749987,-15.234602565200277,0.0,0.004862288597692208,-0.0014112749805788635,0.0015281946652849912,5.593260471979413,5.598117648314508,5.5983238232319925,5.5941719675116826,-4.348788051165973,-9.353189833253015,0.0,-3.4595170567848172,1.1388520817184278,0.0
33.64214441990378,-230.4103646632684,-102.28157496936389,1.5,0.7778019204170018,0.159795101743535,0.566948255722494,-0.21922448172505493,51.60570975990892,76.25246890481324,0.0,0.3216670810064637,0.008692704431021981,-0.10342082635651363,26.01306854856955,-15.929039670609098,0.0,0.004822852054510307,-0.001392395005103073,0.0015342727354468618,5.604613059685416,5.609474883145483,5.609675735741664,5.605522038159536,-4.606102674822203,-9.26456526761991,0.0,-3.439037904121998,1.237401053836845,0.0
33.716738975158556,-226.48880988981682,-96.63851260708937,1.5,0.774794143257339,0.16700398475865652,0.5651383140558757,-0.22895936459323732,53.53309054131656,75.03856095587932,0.0,0.3220250611310908,0.008589224302323898,-0.10329554376344337,25.659931309999855,-16.616591582400275,0.0,0.0047700082752260235,-0.001380794651975536,0.001498437564313041,5.615885152751334,5.620739877358298,5.6209431920425725,5.616780054003791,-4.8617833496874425,-9.168590127202512,0.0,-3.415667876807237,1.3356713275384993,0.0
33.79133353041333,-222.424483149782,-91.08790729139683,1.5,0.7716639352999224,0.1741980842028735,0.5632316803547975,-0.23866267546936806,55.43341953479266,73.77363918065332,0.0,0.32237976710562494,0.008486763730333144,-0.1031941323984928,25.28778945026862,-17.296711521533425,0.0,0.004730307923177072,-0.0013638679744561685,0.00150285937525973,5.627063476852004,5.6319221738004615,5.6321204720681965,5.627955402523747,-5.115621874182221,-9.06530259127708,0.0,-3.3894017208631513,1.4335788029036174,0.0
33.86592808566811,-218.21945510230927,-85.63354319339435,1.5,0.7684115045516582,0.18137600468868126,0.561228420078987,-0.24833277087704833,57.30528442982604,72.45827829124559,0.0,0.32273071430973554,0.008385507421609744,-0.1030714829654847,24.896789123599817,-17.9688547397003,0.0,0.00468326784670252,-0.001354344199045777,0.0014841369331387631,5.638158696087259,5.643013943165049,5.643211532693456,5.63904127189254,-5.367373197367214,-8.954726957705546,0.0,-3.3602423991973356,1.5310353998746635,0.0
33.940522640922886,-213.8759013341307,-80.27916010007179,1.5,0.7650370821081283,0.18853634750283285,0.5591286206480406,-0.2579680101136409,59.14728445981987,71.09309355416826,0.0,0.32307854340176967,0.008285252769476587,-0.10297259068652471,24.48709257872471,-18.632478993136786,0.0,0.004638025131876878,-0.001335858289799044,0.001470317012975127,5.649164769956594,5.654019993849678,5.654215951540412,5.650039335499508,-5.616851801375008,-8.836907558701366,0.0,-3.328197523603386,1.6279533007354756,0.0
34.01511719617766,-209.3961014563683,-75.02845039756204,1.5,0.7615409243501152,0.19567771617304375,0.5569323898541928,-0.2675667488021843,60.958031532411816,69.67874055732655,0.0,0.3234226696118018,0.00818598112819852,-0.10285205948824432,24.058878128899803,-19.287045046800294,0.0,0.004595704479725756,-0.0013274427069644064,0.0014654282711203182,5.660083529147056,5.664938313396959,5.665130999396126,5.660952566656011,-5.863832240638062,-8.711869834043842,0.0,-3.2932708027127853,1.7242412577525696,0.0
34.08971175143243,-204.7824381131235,-69.88505607073692,1.5,0.7579233108425862,0.20279871184128084,0.5546398574878548,-0.2771273458949541,62.736151457156275,68.21591500771267,0.0,0.3237633217226797,0.008087750519567357,-0.10275677834314388,23.612340104526737,-19.932017152939746,0.0,0.004546733998272148,-0.001308107079048188,0.0014388625228155772,5.670916676790733,5.675768657259386,5.675962086135811,5.671774196062345,-6.108094281320835,-8.579677325433423,0.0,-3.2554761891634225,1.8198187056755095,0.0
34.16430630668721,-200.0373958995649,-64.85256572184362,1.5,0.7541845465649087,0.209897938401694,0.5522511737580394,-0.286648157608364,64.4802851525003,66.70535242541838,0.0,0.32410108551720174,0.0079905400883189,-0.10263707122171677,23.14768880109981,-20.566863551700248,0.0,0.004494096839205348,-0.0013022468847110674,0.0014004508640327244,5.68166573212292,5.686509098749943,5.686705495772169,5.682508491082435,-6.349442919397045,-8.440393259033343,0.0,-3.21482743355266,1.9145848976034823,0.0
34.238900861941985,-195.16356019218136,-59.93451161234866,1.5,0.7503249596637722,0.21697399797042094,0.5497665110026023,-0.2961275442952177,66.18908978756511,65.14782782099263,0.0,0.32443504597122963,0.007894320977889993,-0.1025440266837488,22.665150398136507,-21.19105694631111,0.0,0.004456246505678894,-0.001281326228799227,0.0014079301312008546,5.692319620389129,5.697168250015449,5.6973590687122355,5.693160252992663,-6.587642288858298,-8.294068781289859,0.0,-3.171333549411286,2.008464919847714,0.0
34.31349541719676,-190.1636158902505,-55.134366729194646,1.5,0.7463449039330597,0.22402549629350052,0.5471860618260299,-0.305563864236141,67.86124002319835,63.54415536643587,0.0,0.324766032548059,0.007799024709403483,-0.10242660017337288,22.16496686459977,-21.80407500380028,0.0,0.004395608207126566,-0.0012684620723048096,0.0013430085357188822,5.702897471570295,5.707732345230827,5.70793108177767,5.703716058210587,-6.822502072688856,-8.140776658121029,0.0,-3.125030992369551,2.101364232227054,0.0
34.38808997245154,-185.040346069124,-50.455541878364976,1.5,0.7422447562228266,0.23105103786692277,0.54451004115983,-0.3149554807214109,69.49542913680013,61.89518799370924,0.0,0.3250933885652724,0.007704738102817575,-0.10233566916896068,21.647395871347193,-22.40540083327328,0.0,0.00436709476851107,-0.0012552239437392742,0.001379124636843038,5.713373725283892,5.718219366869985,5.718407201373139,5.714198078850244,-7.0538046984368785,-7.980591166511002,0.0,-3.0759270739367137,2.1931979703203233,0.0
34.462684527706315,-179.79663054728638,-45.90138280882756,1.5,0.7380249191263284,0.23804923140115114,0.5417386841693971,-0.32430075586145013,71.09037020266751,60.20181698120781,0.0,0.3254173384469159,0.007611526102185937,-0.10222151117790831,21.112710651599752,-22.994523476400264,0.0,0.004329707417251873,-0.0012476112520487562,0.0013869084948184363,5.723767820215286,5.728615769361169,5.728797992108774,5.724590154575926,-7.281327557673651,-7.813603877646021,0.0,-3.024044525804875,2.283881985998611,0.0
34.537279082961085,-174.4354443654635,-41.475167369786895,1.5,0.7336858183677946,0.24501868535221633,0.5388722482346294,-0.3335980573037065,72.64479727767396,58.46497147254006,0.0,0.3257381679824795,0.007519177380626763,-0.10213260394574149,20.56119986967868,-23.57093837953358,0.0,0.004278145634609626,-0.0012293775271343221,0.00134877740740366,5.734080001679062,5.738922272360671,5.739107432215505,5.734887674183508,-7.504885194524891,-7.639893186455128,0.0,-2.969416389078524,2.3733271604565043,0.0
34.61187363821586,-168.959856180331,-37.180102703424915,1.5,0.7292279053918508,0.2519580127562962,0.5359110110321675,-0.3428457525771498,74.1574665021678,56.68561800699949,0.0,0.32605567198977264,0.00742781479801573,-0.10202000256500353,19.99316747289977,-24.134147879500215,0.0,0.004232881752168462,-0.0012203475557256835,0.0013303821633178893,5.744303844485497,5.749142540895406,5.749326982425826,5.745102308552877,-7.724264852790587,-7.459562250763226,0.0,-2.9120752217929256,2.461448592750642,0.0
34.68646819347064,-163.37302657363702,-33.01932247584322,1.5,0.7246516547072218,0.2588658271928711,0.5328552724728304,-0.35204221542272696,75.62715726423491,54.86475996591049,0.0,0.3263699252860857,0.007337359731684923,-0.10193343826170864,19.40893252503984,-24.683661677300726,0.0,0.004190532382437395,-0.0012042729239165122,0.0013204855848739999,5.754438717056398,5.759277941488627,5.7594600726320495,5.755230303085188,-7.939270470756597,-7.2727073333903105,0.0,-2.852057415198311,2.5481629406119626,0.0
34.761062748725415,-157.67820627692458,-28.99588414914352,1.5,0.7199575667402747,0.26574074775820444,0.5297053524675377,-0.3611858201003673,77.05267329966324,53.00343702227175,0.0,0.32668073233774086,0.007247897547553231,-0.10182336301643954,18.808829007699725,-25.218997303500238,0.0,0.004157909620173394,-0.001198757204045312,0.0013414825418119106,5.764484027125794,5.769328272073641,5.76950234668607,5.765277247526791,-8.149693615595194,-7.07944123179401,0.0,-2.789374008399623,2.63338508205904,0.0
34.83565730398019,-151.87873431333887,-25.11276629686867,1.5,0.7151461646822198,0.27258139433063566,0.5264615934356741,-0.37027494816993606,78.43284381524158,51.10272452986688,0.0,0.3269883914051414,0.0071593758589161925,-0.10173936854856444,18.193205657997087,-25.739680589663955,0.0,0.00410305416857953,-0.0011793406149128217,0.0012903312405555952,5.774451193575681,5.779286926419352,5.779466407201456,5.775226211853468,-8.355338032968284,-6.879879969158256,0.0,-2.724087140288142,2.7170335100548484,0.0
34.91025185923497,-145.9780360565521,-21.372865966155615,1.5,0.710217997703859,0.2793863930724508,0.523124357619487,-0.37930798247425074,79.7665245908488,49.16373287854551,0.0,0.32729304519304564,0.007071612356080419,-0.1016302468063237,17.562425719199712,-26.245246125400225,0.0,0.004053283414768036,-0.0011700327622595778,0.001255102100290806,5.784331103868697,5.789159355801353,5.789341299619465,5.7850923255792885,-8.55603416634284,-6.674130601577904,0.0,-2.656234957130918,2.7990259404768625,0.0
34.984846414489745,-139.97962121014532,-17.778996087920746,1.5,0.7051736378667637,0.28615437217392514,0.5196940294049788,-0.38828331350229106,81.0525990037842,47.18760685553312,0.0,0.32759435923728064,0.006984856273758171,-0.10154819103165962,16.91686672987969,-26.73523771267839,0.0,0.004016934016598215,-0.001155332418806327,0.0012622480043731244,5.794117980161559,5.798950489235325,5.79912697139084,5.794877038319136,-8.751567733125066,-6.462336505213301,0.0,-2.585847250211346,2.8792824844067475,0.0
35.059440969744514,-133.88708170740554,-14.3338829385951,1.5,0.700013682626901,0.292883965487621,0.5161710136414278,-0.39719933480779074,82.2899791384027,45.17552490024559,0.0,0.3278923076229169,0.006898977195873851,-0.10144197376986647,16.256920311299737,-27.209208816400185,0.0,0.0039783804222939066,-0.0011476124002973234,0.001261989490699689,5.803820854037103,5.808653748692846,5.80882617515255,5.804575737184864,-8.941753867837475,-6.24461824875846,0.0,-2.512994493118695,2.957721933841978,0.0
35.13403552499929,-127.70408953171787,-11.040163656041395,1.5,0.6947387527653748,0.2995738108855651,0.5125557364807796,-0.4060544473813296,83.47760681054818,43.12869839422549,0.0,0.32818709931679346,0.00681390410320784,-0.10136260490624335,15.582991840317032,-27.66672300505191,0.0,0.003932165766677339,-0.0011314546419449194,0.0012361245970159045,5.813440114970697,5.8182698712362395,5.818443027724447,5.814183790503724,-9.12641697194443,-6.021112485355708,0.0,-2.437706269171495,3.0342674043621463,0.0
35.20863008025407,-121.43439446110634,-7.900383810540207,1.5,0.689349494536735,0.30622255278469035,0.5088486442084479,-0.41484705595580623,84.6144545739327,41.04837090198425,0.0,0.32847891867490253,0.006729853943799016,-0.1012576128322775,14.895500241999684,-28.107354386800193,0.0,0.0038906328810303713,-0.0011247048343095173,0.0012250598112392695,5.822972844847748,5.827800308156195,5.827971449190518,5.823709398102687,-9.30537337347513,-5.791987533759494,0.0,-2.3600304145925834,3.1088428769456824,0.0
35.283224635508844,-115.08182173743651,-4.916995035716803,1.5,0.6838465766335311,0.3128288387872891,0.5050502053040125,-0.4235755745696052,85.69952673253594,38.935817315105766,0.0,0.3287675242752397,0.006646588908221725,-0.10118002075643727,14.194877695101415,-28.530688034331273,0.0,0.003847573090833368,-0.0011083326754812199,0.0012081749177843865,5.832419482547182,5.837245889919559,5.837416103182409,5.833147315002898,-9.478450056392884,-5.557365885505283,0.0,-2.280030577866369,3.1813716122225233,0.0
35.35781919076362,-108.65026966174186,-2.092352720208364,1.5,0.6782306935265946,0.31939132450244395,0.501160907687485,-0.4322384212409457,86.73186030931605,36.792343081242215,0.0,0.329052964195304,0.006564200085579021,-0.10107724591804655,13.481569317199673,-28.936320407600178,0.0,0.003805214758998798,-0.0011014580903948993,0.0011931884644466877,5.841781708768402,5.8466049316668585,5.846773887279984,5.842501366749777,-9.645472714832524,-5.317414244286939,0.0,-2.1977607262381764,3.2517803377490817,0.0
35.4324137460184,-102.14370711753119,0.5712862381416632,1.5,0.6725025620874713,0.32590866975001564,0.4971812611532799,-0.4408340237840045,87.71052600903307,34.6192833040425,0.0,0.3293353924596925,0.00648265138354113,-0.10100158145229551,12.75603286086689,-29.323859761303694,0.0,0.003764142215785355,-0.0010856626138639185,0.0011815264716431419,5.8510570095119085,5.855880288087616,5.856047361459547,5.851769402793872,-9.806278920984266,-5.072292498694093,0.0,-2.1132786793470677,3.319997571698374,0.0
35.50700830127317,-95.56617102396457,3.0717656115872702,1.5,0.666662924738811,0.33237954270019987,0.49311179489595297,-0.4493608150557769,88.63462913420835,32.41800185485032,0.0,0.32961455084384095,0.00640193771311953,-0.10090089453576254,12.018738389299703,-29.692926547300146,0.0,0.003722255107200391,-0.0010787534938283146,0.0011668101836773824,5.86024891489663,5.865069068466151,5.865234858228179,5.86095323243578,-9.960697201709461,-4.8221631530266995,0.0,-2.0266422908629713,3.3859502627763014,0.0
35.581602856527944,-88.92176372029037,5.407031954353224,1.5,0.6607125460387042,0.33880261637538206,0.48895305991636806,-0.45781723847259137,89.5033105137246,30.189890455810467,0.0,0.32989078473818584,0.006322050512429256,-0.10082739804444019,11.270167943302928,-30.043153810126928,0.0,0.0036815613458486243,-0.0010633257739288444,0.0011551285893412018,5.869354358041109,5.874174510522074,5.87433844673466,5.8700514305257405,-10.10857994297467,-4.567202252395303,0.0,-1.9379157228063588,3.4495724228680937,0.0
35.65619741178272,-82.21465028380733,7.575136644359907,1.5,0.6546522158764163,0.34517657261852175,0.48470562650547544,-0.4662017434516552,90.31574735522796,27.936367715730967,0.0,0.33016379565695114,0.006243004673458362,-0.10072855283761413,10.510815191199653,-30.374187567100144,0.0,0.0036452298396016597,-0.0010581348689132953,0.0011573377024272093,5.878374603513636,5.883195277496354,5.883354780258848,5.879068262138833,-10.249763107811514,-4.307584190475086,0.0,-1.8471693055698817,3.5107955114096043,0.0
35.7307919670375,-75.44905578340175,9.574237852810029,1.5,0.6484827462553426,0.351500099209265,0.48037008630302475,-0.47451279039687694,91.07115411811192,25.65887816034966,0.0,0.33043361055317577,0.006164850309084313,-0.10065815166495948,9.741185052238858,-30.68568717933055,0.0,0.003599761246027995,-0.0010411355585014277,0.0011287003386502592,5.887313195791687,5.892130218903401,5.892291074758895,5.887994990265061,-10.384094505740917,-4.043498477292446,0.0,-1.7544623314531906,3.569554958180584,0.0
35.805386522292274,-68.6292624692553,11.402602439009513,1.5,0.6422049742751682,0.35777189323527536,0.47594705008839605,-0.4827488466472305,91.76878335970132,23.35889119441895,0.0,0.330700939402827,0.006087313522469066,-0.1005598138211868,8.961793340559643,-30.97732571660013,0.0,0.003552429523063595,-0.001033463217278033,0.0010935131073197821,5.896169822918298,5.900979017334019,5.90114248801269,5.896837991954234,-10.511463116415655,-3.7751082470454516,0.0,-1.659871609082677,3.6257882870460243,0.0
35.87998107754705,-61.759606903383826,13.058607769634431,1.5,0.6358197588179871,0.3639906583056328,0.4714371498938797,-0.49090839131431074,92.40792646599199,21.037900118511587,0.0,0.3309651106635209,0.00601065530730756,-0.10049015305798084,8.173166365043294,-31.248790307468926,0.0,0.003519272804230463,-0.0010201319568700741,0.0011040360742077383,5.9049352024202335,5.909749206888717,5.909906709516234,5.905602260158965,-10.631702417397738,-3.5026255766223753,0.0,-1.5634590014759473,3.6794338977902066,0.0
35.95457563280183,-54.844477032099654,14.540743459920995,1.5,0.6293279835639545,0.37015510776885213,0.4668410367657423,-0.4989899114084807,92.98791447641848,18.697421019865278,0.0,0.3312259729133137,0.005934833417879365,-0.10039509560393901,7.375840549659589,-31.499782477300123,0.0,0.0034799567550802385,-0.0010141586955183157,0.001093865561525796,5.91362083811206,5.918432594795883,5.918588041657949,5.914281146002563,-10.744671501351855,-3.2262426210066124,0.0,-1.465312827702939,3.730432453541326,0.0
36.0291701880566,-47.88830920035436,15.84761303380617,1.5,0.622730553894532,0.3762639625338564,0.46215938251087385,-0.5069919061500865,93.5081188279952,16.338991702776237,0.0,0.331484038004703,0.005859777610243521,-0.1003278913509647,6.57036199536635,-31.730018477290006,0.0,0.0034396321605316108,-0.000998970704723718,0.0010794817589462708,5.922222311473234,5.927033410272209,5.927187595049641,5.922874718600991,-10.8502632443754,-2.9461554084115815,0.0,-1.3654966761581653,3.7787276576734756,0.0
36.10376474331137,-40.895585113190805,16.977935502691334,1.5,0.6160283998661329,0.3823159540107828,0.4573928775312502,-0.5149128833607485,93.96795202373717,13.964170579936194,0.0,0.3317391279702216,0.005785479582653847,-0.10023402964916553,5.7572860847996745,-31.93922960060008,0.0,0.0034003324727892876,-0.0009928473154917092,0.0010680457373047085,5.930741455685142,5.935549997204339,5.935702394223333,5.931386796890627,-10.948349019866539,-2.6625661300162564,0.0,-1.264088368501611,3.8242657261406907,0.0
36.17835929856615,-33.870828745984916,17.930546860518927,1.5,0.6092224725607105,0.38830982123806507,0.452542233248106,-0.5227513642104564,94.36686833446386,11.574535537576171,0.0,0.331991328026126,0.005711913555830521,-0.10016868314723056,4.937177047867435,-32.12716248245936,0.0,0.0033608960034837835,-0.0009783967148789161,0.0010552517039807228,5.939176609809724,5.943984749415988,5.944135617346791,5.939814516988559,-11.038815524210056,-2.375680713112825,0.0,-1.1611698854641712,3.86699387902323,0.0
36.25295385382093,-26.818603205044667,18.704401493756233,1.5,0.6023137476196883,0.3942443145894854,0.4476081791772946,-0.53050587911519,94.70436443016654,9.171682790583644,0.0,0.33224053428021594,0.005639193512726251,-0.1000765868409291,4.110607517869623,-32.29357939370007,0.0,0.0033225494938701884,-0.0009733506606510627,0.0010456194058495055,5.947529963976095,5.9523357973892415,5.9524845687411805,5.9481613289000075,-11.121547495329985,-2.085723905861477,0.0,-1.0568232686535444,3.9068617265803924,0.0
36.3275484090757,-19.743507541397562,19.298573503809063,1.5,0.5953032215200822,0.400118192974131,0.4425914653986241,-0.5381749723419202,94.97998000408624,6.757225676134704,0.0,0.3324869214854161,0.005567177898833254,-0.10001312601014274,3.278158079231862,-32.438258515512594,0.0,0.0032829699135003697,-0.000958214524754327,0.0010309865971738785,5.955800240116687,5.960605340434647,5.960752960389079,5.956423700039088,-11.196448049944308,-1.7928963105342892,0.0,-0.9511273112694115,3.943822794900394,0.0
36.40214296433048,-12.650173520425128,19.712257941006566,1.5,0.5881919148947682,0.4059302270096353,0.43749285993643294,-0.5457571983556173,95.1932983319441,4.332793489927037,0.0,0.3327303458891465,0.005495915165867353,-0.09992266165354954,2.4404168188995703,-32.56099420600005,0.0,0.003243972567149069,-0.0009534129983490802,0.0010178163859583347,5.963989577356917,5.968791503610252,5.968937726038599,5.964605561194213,-11.26341406886013,-1.4974218931862031,0.0,-0.8441699108840772,3.9778318930150935,0.0
36.47673751958526,-5.54326234981177,19.94477194913382,1.5,0.5809808688105388,0.41167919644586626,0.4323131511542944,-0.5532511261885344,95.34394682978531,1.9000302551586534,0.0,0.33297095569328455,0.0054254196951463406,-0.09986117124510789,1.5979788516289606,-32.66159724512661,0.0,0.003206085118386397,-0.0009384083088665456,0.0010074278770834326,5.972095326328502,5.976897481787637,5.977041786835035,5.972704598088443,-11.322359073341259,-1.1995259312573459,0.0,-0.7360349698332549,4.0088463762906805,0.0
36.551332074840026,1.5725386317087846,19.9955558178337,1.5,0.5736711484137293,0.41736389363847565,0.42705314469421934,-0.5606553356308869,95.43159754765301,-0.5394065211318698,0.0,0.3332086821495063,0.005355585167221962,-0.09977226793991177,0.7514458402686623,-32.73989507420002,0.0,0.0031667831175810615,-0.000933185526213588,0.0009918425467525548,5.98012159881025,5.984920064185336,5.9850634612782905,5.980722769386361,-11.373195100854069,-0.8994210748149201,0.0,-0.6268056154077536,4.0368272356954105,0.0
36.6259266300948,8.692519301974343,19.864173942919802,1.5,0.5662638384729372,0.4229831201493746,0.42171366681469086,-0.567968422122483,95.45596765075406,-2.9838470694537267,0.0,0.3334435984529151,0.005286532296342656,-0.09971267451402936,-0.09857446216912322,-32.79573201758426,0.0,0.003130309858453442,-0.000918989800993679,0.000984783126161117,5.9880641720968955,5.992863520415775,5.9930044073929,5.9886595743630595,-11.415846703836609,-0.5973500648460868,0.0,-0.5165800710223578,4.061736488478159,0.0
36.70052118534958,15.811950136879636,19.550315692525896,1.5,0.5587600480556815,0.42853569143350595,0.41629555994446205,-0.57518899210168,95.41681984558717,-5.431610662456773,0.0,0.3336756909524947,0.005218149917343512,-0.0996253286076368,-0.9514687540973885,-32.82896948710001,0.0,0.0030911225047015154,-0.0009135385418085847,0.0009681619636572753,5.995928407529894,6.000723842218612,6.000864051671734,5.996515460966285,-11.450239704677665,-0.293531447087593,0.0,-0.40543011941177937,4.083539930847533,0.0
36.775115740604356,22.92608562280627,19.053796177896892,1.5,0.5511609051282436,0.4340204323731063,0.4107996872318287,-0.5823156686120589,95.3139627845744,-7.881006868564096,0.0,0.3339049674940594,0.005150453773019418,-0.09956766100206797,-1.8066186167015286,-32.83948617577252,0.0,0.0030552128598875703,-0.0008999248835838107,0.0009615849308578708,6.003709403392084,6.008505752738468,6.00864339736296,6.004290856446246,-11.476310768858559,0.011799799981477638,0.0,-0.293456983532689,4.102206000244324,0.0
36.84971029585913,30.03016769752543,18.374556928851366,1.5,0.5434675610303972,0.43943618154487907,0.40522692836614344,-0.5893470870241646,95.14725142404448,-10.330336848960892,0.0,0.334131508188565,0.005083554765949712,-0.09948181018885639,-2.6634010581204386,-32.827178234099996,0.0,0.003016723337059299,-0.0008956669538279327,0.0009458640443361547,6.0114126898408955,6.016205146633777,6.016341979639274,6.011986075482284,-11.494002896640508,0.3183942301136146,0.0,-0.1807629555772329,4.117704745224605,0.0
36.92430485111391,37.11942921644329,17.512666471064676,1.5,0.5356811867732988,0.4447817891581009,0.39957818180324556,-0.5962818987670861,94.91658734515663,-12.777894699307053,0.0,0.3343552993800783,0.005017263484753786,-0.09942576076996962,-3.5211890375182175,-32.79195943250838,0.0,0.002981306467451311,-0.0008812948239105209,0.0009395306938312955,6.019033327106482,6.0238268530726655,6.023961111330876,6.019601214915733,-11.503264110514737,0.6260361195464855,0.0,-0.0674223134610681,4.130010697230853,0.0
36.99889940636868,44.189097441415605,16.468320805923508,1.5,0.5278029756386482,0.45005611870879547,0.39385436309367344,-0.6031187690594947,94.62191903891147,-15.221968716206772,0.0,0.334576282610356,0.004951735400927238,-0.09934163956593471,-4.379351933470342,-32.73376130609997,0.0,0.002944062311295235,-0.0008777282624802564,0.0009265445692381128,6.026576670178771,6.031366830665384,6.031499798896527,6.02713727436499,-11.504048348181048,0.9344668827722078,0.0,0.04645925835190023,4.139100285327831,0.0
37.073493961623456,51.23439754966871,15.241843791772276,1.5,0.5198341399811761,0.45525804575698464,0.3880564063889448,-0.6098563799322432,94.26324216034871,-17.660842772990886,0.0,0.3347947180976879,0.004886937550335101,-0.09928698402516312,-5.237256104076788,-32.6525332878858,0.0,0.002908166424855241,-0.0008630803999214318,0.0009171726129187889,6.03403875547745,6.038829305749466,6.038960308415118,6.034593068579875,-11.496326929317823,1.243450772339857,0.0,0.16079219441586332,4.144952805166224,0.0
37.14808851687823,58.25055615900198,13.833687424357638,1.5,0.5117759146330361,0.46038646042992254,0.38218526168743,-0.616493427380404,93.8405997084136,-20.092797653958304,0.0,0.33501018209021816,0.004822653922944438,-0.09920468200252966,-6.094265399620389,-32.548242821699944,0.0,0.0028746995708919154,-0.0008580700682515178,0.0009154735731496,6.041422177775571,6.046212170652093,6.046339791233801,6.041972324621853,-11.48005072772624,1.5527677451444457,0.0,0.27548560664841015,4.147550065869499,0.0
37.22268307213301,65.23280486738182,12.244432018535075,1.5,0.5036295522515035,0.46544026458444515,0.37624189824410453,-0.6230286255126524,93.35408223426964,-22.5161123580981,0.0,0.3352229086610447,0.004759077529527505,-0.09915282810496401,-6.949741667935842,-32.420875460814784,0.0,0.002836596457685446,-0.0008447584923207103,0.0008971804246189957,6.048727957949384,6.053516138079921,6.053643518418223,6.049269421560631,-11.455207720310135,1.862151034091057,0.0,0.39042933109672134,4.146876970215568,0.0
37.297277627387786,72.17638380427675,10.474786289104875,1.5,0.4953963282430917,0.47041837597243,0.37022729977112184,-0.629460702518361,92.80382795102615,-24.929065500403496,0.0,0.33543328948327544,0.004696239469544617,-0.09907109261016664,-7.803045341950388,-32.27043495349993,0.0,0.002805100711884472,-0.0008413759660952919,0.0009007301680250931,6.055953914106477,6.060742464476916,6.060865506892937,6.056492678138553,-11.421797621783583,2.1713551277543304,0.0,0.5055537266780991,4.142923392823549,0.0
37.37187218264256,79.07654518848449,8.525587329375504,1.5,0.4870775351442003,0.47531972442491527,0.3641424691112623,-0.6357884054620895,92.19002279064675,-27.329936658787304,0.0,0.33564079325794366,0.004634079444247313,-0.09902061531278783,-8.653535909194291,-32.09694330536499,0.0,0.0027648439151838106,-0.0008272224486886772,0.0008736515107092862,6.063104653807127,6.067889468159,6.068013970315554,6.063632379737896,-11.379787234219814,2.4801376358969653,0.0,0.6207481604081474,4.135677984701799,0.0
37.44646673789734,85.9285568919011,6.397800488276266,1.5,0.4786744868229417,0.48014325511614,0.3579884243797291,-0.6420104969869181,91.51290050954584,-29.717007746331614,0.0,0.3358459347782236,0.00457246730067613,-0.09894019265344961,-9.500572474540434,-31.900440835099893,0.0,0.0027230410750832333,-0.0008232510280722066,0.0008407649400272184,6.070180073116502,6.07495691289179,6.07508400724114,6.070695212822829,-11.329191026832973,2.7882713031752577,0.0,0.7358927110873025,4.125136057900416,0.0
37.52106129315211,92.72770600580142,4.092519146346224,1.5,0.4701885152755013,0.48488792752989057,0.35176620038496953,-0.6481257579401615,90.77274265248809,-32.088564345237785,0.0,0.33604839340310133,0.0045114876715362994,-0.09889070538614869,-10.343514339700754,-31.680986204025697,0.0,0.002695397115668295,-0.0008101901198672637,0.0008549915648209662,6.077170537094157,6.081952988027361,6.082073774679714,6.077685935238011,-11.270008991893617,3.095496322627482,0.0,0.8509189193546981,4.111293634609097,0.0
37.595655848406885,99.46930240523825,1.6109643900602757,1.5,0.4616209731069938,0.48955271666007083,0.3454768470537766,-0.6541329856751439,89.96987853447541,-34.44289709603907,0.0,0.3362480023380417,0.004451259281372613,-0.09881281581255665,-11.18172149320038,-31.438656435499887,0.0,0.0026624991239099817,-0.0008068690717337919,0.0008508398278544996,6.08408807043363,6.08886912066769,6.088987104275865,6.08459874934701,-11.202248405114018,3.4015494809960187,0.0,0.9657260480846056,4.094150841373391,0.0
37.67025040366166,106.14868231023996,-1.045515417545607,1.5,0.4529732294438983,0.49413661125573505,0.3391214319982377,-0.6600309971382622,89.10468517609641,-36.77830309809829,0.0,0.3364450446022809,0.004391601522353349,-0.09876580256450475,-12.014555157732747,-31.173546917870055,0.0,0.002626117207877161,-0.0007929301462673907,0.0008338830810819753,6.090929447541651,6.095709072543881,6.095826686937887,6.091431931050043,-11.125933484894105,3.706208315823396,0.0,1.0802120165279374,4.073710322407032,0.0
37.74484495891644,112.76121184028058,-3.875445167866662,1.5,0.44424667414028435,0.4986386166915938,0.3327010366374402,-0.6658186259632292,88.17758718867036,-39.093087229868054,0.0,0.33663980829254436,0.00433258714219727,-0.09868833416392778,-12.841378352900374,-30.885771385899865,0.0,0.002589623793204451,-0.0007898238921329447,0.0008159925929202729,6.0976963953890175,6.102471363367707,6.102588817143058,6.098190461130375,-11.04110329981851,4.009220843646816,0.0,1.1942745866744022,4.049977822051887,0.0
37.819439514171215,119.30229055806655,-6.877223639084871,1.5,0.4354427134131483,0.503057753008383,0.3262167590989108,-0.6714947256356931,87.1890565984256,-41.38556354177612,0.0,0.33683195642322633,0.004274173129452476,-0.09864223704598231,-13.661556432714804,-30.575461891378808,0.0,0.0025580182092932633,-0.000776479829269856,0.0008138165130777872,6.104384084774636,6.1091609236115225,6.1092752529816705,6.104874021766246,-10.947779901936784,4.310342137378151,0.0,1.3078272613897035,4.022961006245738,0.0
37.89403406942599,125.76735500045008,-10.049124230930707,1.5,0.42656277296948325,0.5073930566543917,0.3196697117404137,-0.6770581674947134,86.13961267847726,-43.65405661187156,0.0,0.3370214392675806,0.0042163924433051125,-0.09856690093046057,-14.474457604400413,-30.242768755899824,0.0,0.0025266186185595577,-0.0007735902108525375,0.0008117937777015171,6.110997919419031,6.11577375276068,6.1158849593126705,6.111483800022312,-10.846005506818797,4.609321613805042,0.0,1.4207595136957964,3.992674493234111,0.0
37.96862862468076,132.15188219411218,-13.389295801070292,1.5,0.417608294617441,0.5116435795408659,0.31306102275133163,-0.6825078430430032,85.02982171154304,-45.896902914424,0.0,0.3372085177802345,0.004159284698330764,-0.09852254235485991,-15.279453501956617,-29.887860501412145,0.0,0.0024912569645431926,-0.0007600041919663433,0.0007952779593802323,6.117537363801638,6.12231179953485,6.122422638680093,6.118015254312793,-10.7358378498858,4.905915046800706,0.0,1.5329709396057036,3.959130285519419,0.0
38.04322317993554,138.45139315150405,-16.89576360333675,1.5,0.40858073982324544,0.5158083910514376,0.30639183308335516,-0.6878426617957323,83.86029669420127,-48.1124521854398,0.0,0.33739296592078133,0.00410262290250951,-0.09844872779488847,-16.07591972290036,-29.51092377349983,0.0,0.002469846583784846,-0.0007541511760525691,0.0008259840839213116,6.123997155086245,6.1287785525108704,6.1288801100490415,6.124479936047807,-10.617320802181393,5.199900124763833,0.0,1.644405329551497,3.9223456851776555,0.0
38.117817735190314,144.66145634520603,-20.566430325950947,1.5,0.39948158439426457,0.5198865754856459,0.2996633005933812,-0.6930615547244968,82.6316970578894,-50.299068732569744,0.0,0.3375754921563793,0.004046639043589233,-0.09840455988135305,-16.863236317386537,-29.112163244076733,0.0,0.002424984128538347,-0.0007442940091661874,0.0007753855902934938,6.130392943105805,6.13516449064336,6.135272184973602,6.130858507708533,-10.490535818001963,5.4910213334034585,0.0,1.7549245318371263,3.882342080763806,0.0
38.19241229044509,150.77769115705317,-24.39907722958194,1.5,0.3903123231361901,0.5238772349593336,0.29287659548720885,-0.6981634714844478,81.344728266618,-52.455132798893366,0.0,0.33775484807402983,0.003991267408056651,-0.09833269394419114,-17.64078836300035,-28.691801492899806,0.0,0.002401879955540978,-0.0007401224734125991,0.0007988199154093292,6.136706057256465,6.141482665936913,6.141582496066969,6.137174573501369,-10.355530226685588,5.779023864847181,0.0,1.8644428096421548,3.839143294897181,0.0
38.26700684569987,156.79577129938386,-28.391365386471545,1.5,0.38107446593779093,0.5277794881566925,0.28603290258424824,-0.7031473827943309,80.0001414739296,-54.57904191758955,0.0,0.33793186599162667,0.003936489395105429,-0.09829222338319327,-18.407966513685103,-28.25007888319337,0.0,0.0023598866897815867,-0.0007279512133649676,0.0007564181591443634,6.1429535535236885,6.147722626011641,6.1478270867097216,6.143407130295264,-10.212394263570634,6.063687368706102,0.0,1.9728702683202375,3.7927741596790767,0.0
38.341601400954644,162.71142820629748,-32.54083701836725,1.5,0.3717695402440693,0.5315924712503799,0.2791334196331429,-0.7080122792018053,78.59873306787635,-56.669212205365746,0.0,0.33810692968658285,0.003882259727491325,-0.09821979015798687,-19.164167474500342,-27.78725341379978,0.0,0.002330558969915326,-0.0007248421591737003,0.0007569855360780709,6.14912375798761,6.153892371155361,6.153993346948697,6.149574111720717,-10.06122893032393,6.344786467196078,0.0,2.080111938726453,3.7432658255532516,0.0
38.41619595620942,168.5204543895401,-36.8449169313126,1.5,0.3623990877440934,0.5353153372353108,0.2721793587714657,-0.7127571729429655,77.14134416703519,-58.7240796578644,0.0,0.33827937673802183,0.003828614976729133,-0.098180025517667,-19.908794561940972,-27.303600552951806,0.0,0.0022959817568201928,-0.0007127001669000626,0.0007385133607573286,6.155222707280561,6.159989267792473,6.160090383115364,6.155664674923844,-9.9021013852237,6.622070758349339,0.0,2.186068749260773,3.6906485086809018,0.0
38.49079051146419,174.21870675838775,-41.30091404826246,1.5,0.3529646677065246,0.5389472574887153,0.26517194367577474,-0.7173810962685222,75.6288601642525,-60.7421014809219,0.0,0.3384494755805427,0.003775549178359873,-0.09810956601923007,-20.64125821290033,-26.79941306489977,0.0,0.002264145830401299,-0.0007093106976804094,0.0007288915569001035,6.161249792517621,6.166013601264601,6.166113209150722,6.161685811891584,-9.735124581891023,6.895314616881222,0.0,2.290664805461656,3.6349577380566718,0.0
38.56538506671897,179.80210990044134,-45.90602303860216,1.5,0.3434678524997751,0.5424874202649832,0.2581124125618894,-0.7218831038574856,74.06221013840633,-62.72175736117861,0.0,0.3386174874054232,0.0037230299838893538,-0.09807026391967809,-21.360976486124855,-26.27500081689624,0.0,0.0022327078067544658,-0.0006978841181928283,0.000719692942959172,6.167203922609025,6.171967673600851,6.172065707621958,6.16763412260385,-9.56040292471171,7.164299472159243,0.0,2.3937972501819282,3.5762301786538706,0.0
38.639979621973744,185.26665931892126,-50.657326041606595,1.5,0.33391023148302396,0.5459350325858524,0.2510020145493431,-0.7262622709452894,72.44236626923805,-64.66155070665367,0.0,0.33878265922620543,0.0036711207780018374,-0.09800188439060058,-22.06737558040032,-25.730690564699746,0.0,0.0021985639644992888,-0.0006967553034331834,0.0007005141139236718,6.173089671797695,6.177848171211667,6.1779465578895545,6.17351137268205,-9.378035350444815,7.428774847485018,0.0,2.495368445151956,3.514508618787397,0.0
38.71457417722852,190.6084246256966,-55.551794484814216,1.5,0.32429340680268676,0.5492893190319653,0.24384201230380112,-0.7305176954306719,70.77034324220047,-66.56000995646126,0.0,0.3389457067280847,0.0036197569612982147,-0.097965102541793,-22.759890339868175,-25.166825733670628,0.0,0.0021706680633306673,-0.0006826737152866451,0.0007020007237543084,6.178900214709427,6.183661545283956,6.183756374530759,6.179319044290312,-9.18815980410608,7.6885416802554225,0.0,2.595299712460756,3.4498334313131207,0.0
38.7891687324833,195.82355268576833,-60.58629099536152,1.5,0.3146189967106029,0.5525495231131834,0.2366336791510277,-0.7346484964305418,69.0471975397098,-68.41568976481443,0.0,0.3391064292184381,0.003568883595238792,-0.09789738717718846,-23.437964735100305,-24.58376617699973,0.0,0.0021444268780116686,-0.000679361748939217,0.0007086297474991239,6.184641260918234,6.1894035689387445,6.1894938963416815,6.185058648204675,-8.990887467286809,7.943380200019015,0.0,2.6935076185575686,3.382252167867918,0.0
38.863763287738074,200.90827071069148,-65.75757140162105,1.5,0.30488863164359964,0.5557149063234796,0.2293783013256089,-0.7386538161177792,67.27402677900194,-70.22717223106444,0.0,0.3392649431470386,0.0035185714396685996,-0.0978618673030421,-24.101052361674785,-23.981887918673134,0.0,0.0021098261022878388,-0.0006679703114927264,0.0006853495591925963,6.190315168789589,6.19507420582316,6.1951657265241336,6.190723004671773,-8.786356617528904,8.1930702451956,0.0,2.7898919384443004,3.3118137402291854,0.0
38.93835784299284,205.85888929921342,-71.06228682535364,1.5,0.2951039573818628,0.5587847493526832,0.22207717525090073,-0.7425328184403728,65.45196896366235,-71.9930680998066,0.0,0.339421071798509,0.003468823723973046,-0.09779555055818798,-24.748616904900288,-23.361582886699715,0.0,0.002093982362962923,-0.0006635946034927962,0.0007265261977403681,6.1959121342578385,6.200680269898104,6.200760768683843,6.196327952827193,-8.574712378823952,8.437396717915458,0.0,2.884387515140618,3.238565013345742,0.0
39.01295239824762,210.67180542095366,-76.49698586258123,1.5,0.2852666312538785,0.5617583513137407,0.21473160964036844,-0.7462846907471626,63.58220170043399,-73.71201794061476,0.0,0.3395751685686882,0.003419660310947582,-0.09776112036476145,-25.380132633644486,-22.723258632619842,0.0,0.0020494124037813725,-0.0006536260122862551,0.0006670560043822388,6.201452625645084,6.206208924935649,6.206297541067632,6.20184911377913,-8.356091135766636,8.676155400300596,0.0,2.976899424608606,3.162565110349248,0.0
39.0875469535024,215.3435053414053,-82.05811685141215,1.5,0.2753783256126002,0.564635030986058,0.20734292233327184,-0.7499086425188556,61.66594141015012,-75.38269329967795,0.0,0.3397270870903148,0.0033709807004348273,-0.09769510394313254,-25.995084847500273,-22.0673380191997,0.0,0.002010163302979425,-0.0006543445542165452,0.000625373412821787,6.20692367367341,6.211669180901399,6.211762569924279,6.2073056965791755,-8.130643502525146,8.909149752487602,0.0,3.0673363702452883,3.0838653572701387,0.0
39.16214150875717,219.87056748584885,-87.74203022458954,1.5,0.26544072308901195,0.5674141256151283,0.19991244365426733,-0.7534039072440368,59.704442480878896,-77.00379781678551,0.0,0.3398764142589896,0.0033227716446235663,-0.09766321940207376,-26.592970328480042,-21.394258934108972,0.0,0.0019905320638666677,-0.0006393414716774457,0.0006509511874799699,6.2123155792591165,6.2170696413814825,6.21715503261212,6.212701409499404,-7.898523974161596,9.136170050761454,0.0,3.155633750911347,3.0025276975488713,0.0
39.23673606401195,224.24966523956957,-93.54498094590227,1.5,0.25545552087625845,0.5700949925293672,0.19244151212808647,-0.7567697409097671,57.698996408644085,-78.5740683580421,0.0,0.3400239758527296,0.0032751631200381177,-0.09759824861473486,-27.173297797700254,-20.704473934899685,0.0,0.0019557299170192733,-0.0006383786739537103,0.0006231311839194703,6.217648872455715,6.22239556458108,6.22248314169176,6.218024048574404,-7.659912599430791,9.357030054164998,0.0,3.241707984961841,2.91861146054596,0.0
39.31133061926673,228.4775696811545,-99.46313102840907,1.5,0.24542442613247203,0.5726770080395396,0.1849314776693336,-0.7600054237223999,55.65093085910665,-80.09227607789215,0.0,0.34016938734239677,0.003228088992732018,-0.09756617090294793,-27.735588343481048,-19.99844992741421,0.0,0.0019320137219891195,-0.0006258055268374754,0.0006329823391455347,6.222908258323768,6.227659465773447,6.227742079947833,6.223283018193189,-7.414968365210996,9.571537419085042,0.0,3.3254834997807556,2.83216913964944,0.0
39.3859251745215,232.55115224635267,-105.49255213197705,1.5,0.2353491588436065,0.5751595683857564,0.1773836991425273,-0.7631102591398118,53.561608740679006,-81.55722748065921,0.0,0.3403123428634772,0.003181440408082879,-0.09750335020772093,-28.279375845200306,-19.276667833099584,0.0,0.001898810310154154,-0.0006235253163364776,0.0006091117830487144,6.228106951092662,6.232851921515861,6.232936020527479,6.228472178619576,-7.163845778647206,9.779499626298866,0.0,3.406884139311643,2.7432999738611517,0.0
39.46051972977627,236.46738732213794,-111.62922823915369,1.5,0.22523144917925317,0.5775420894719582,0.16979954496729002,-0.7660835748910686,51.4324272685834,-82.96776545999194,0.0,0.340452892937074,0.003135339077864992,-0.09747461067617498,-28.804207392394154,-18.539622168736983,0.0,0.0018753808155287546,-0.0006117143754069314,0.0006184056900419939,6.233233380205181,6.237982720017143,6.238062009287133,6.233598087486004,-6.906743671011309,9.980737097115963,0.0,3.4858446832219143,2.652044436269188,0.0
39.53511428503105,240.2233547673389,-117.86905840730806,1.5,0.2150730401298075,0.5798240076140383,0.1621803909535425,-0.7689247221892883,49.264816932338206,-84.3227703094158,0.0,0.3405921613319142,0.0030898017043921927,-0.09741097057906341,-29.309643690400225,-17.787820700799656,0.0,0.001830522397657397,-0.0006165042835290187,0.0005521958027008395,6.238306233831123,6.243038471503769,6.243127351580976,6.238649973509622,-6.643859150353529,10.175097318854435,0.0,3.5622768890302368,2.5584641228468574,0.0
39.609708840285826,243.816242356232,-124.20785959328593,1.5,0.20487568223352937,0.5820047784117932,0.15452762440042755,-0.771633077331672,47.06024045522725,-85.62116064821467,0.0,0.34072887115535955,0.003044729686531701,-0.09738223661961701,-29.795259438151742,-17.02178409533753,0.0,0.001819117415973836,-0.0005986991346486225,0.000602007183575801,6.2432955652947,6.248042314658759,6.248118720178229,6.243649820283556,-6.375371290455135,10.362383370111408,0.0,3.6361288888130487,2.4626540062237394,0.0
39.6843033955406,247.24334814416432,-130.64136955014214,1.5,0.19464113886857096,0.5840838783684305,0.14684263836860154,-0.7742080402882588,44.820191743794176,-86.86189442869515,0.0,0.3408633781320571,0.0030000551944988226,-0.09732176740504349,-30.260643726700206,-16.242045448299645,0.0,0.0017987129039000061,-0.0005961676869013103,0.0006197505888900783,6.248226191561443,6.252976331038334,6.253046397201311,6.248582296457798,-6.101454145406324,10.542444140957079,0.0,3.7073307373584066,2.364671755719094,0.0
39.75889795079538,250.5020827546483,-137.16524979387353,1.5,0.18437118106925668,0.5860608038476838,0.13912683568776757,-0.7766490361650127,42.546194842385916,-88.04396981211931,0.0,0.3409961684327253,0.002955933246170294,-0.09729354700745466,-30.705400397675902,-15.449149914859884,0.0,0.001764147239074436,-0.0005855388783280133,0.0005869676866842559,6.25309788908788,6.2578424331586335,6.257915795347547,6.253442159439923,-5.822335434814927,10.715120758286504,0.0,3.7758162438161533,2.2646036707987633,0.0
39.833492506050156,253.5899715838473,-143.7750886361202,1.5,0.1740675910599153,0.5879350719935491,0.1313816255132563,-0.7789555143524133,40.239802760871875,-89.1664260535756,0.0,0.3411266212295627,0.002912320804129673,-0.0972340138151879,-31.129148400600233,-14.64365427439954,0.0,0.0017416514247027798,-0.0005833339853272417,0.0005958355633809459,6.25790132453376,6.2626471497715075,6.262715908738756,6.258245084530307,-5.538212520752838,10.880248272651892,0.0,3.8415246736818083,2.1625232631069027,0.0
39.908087061304926,256.5046569199026,-150.46640428229125,1.5,0.16373215857953238,0.5897062202576198,0.1236084253567219,-0.7811269494884877,37.90259635673337,-90.22834437598277,0.0,0.3412550144788628,0.0028691372621099075,-0.09720821484128762,-31.531522141252356,-13.826126489862288,0.0,0.001709966174652482,-0.0005722243398047053,0.0005715277558359737,6.262644319746217,6.26738662708452,6.267457118858329,6.2629785935612245,-5.249284039108638,11.037689753115245,0.0,3.9043912563659715,2.058503996161247,0.0
39.9826816165597,259.2438999778232,-157.2346479921139,1.5,0.1533666827669769,0.5913738067912429,0.11580865979952616,-0.7831628410322626,35.53618319902512,-91.22884877111264,0.0,0.341381696236486,0.0028264881797984216,-0.09714886024210048,-31.91217180410017,-12.99714530679962,0.0,0.001686223155281471,-0.0005685042451175046,0.0005744762647536249,6.267321921606912,6.272064311444878,6.272131375059595,6.2676541281130955,-4.95579107105573,11.187309757190066,0.0,3.964374071686904,1.9526493789266388,0.0
40.05727617181448,261.8055828456336,-164.0752072994233,1.5,0.1429729705731467,0.5929374105522108,0.10798375977210996,-0.7850627137233104,33.14219631959176,-92.16710678145932,0.0,0.34150661995365295,0.0027843704501644842,-0.09712245872470453,-32.27076368155976,-12.157299721217653,0.0,0.0016570148373264123,-0.0005600675394883067,0.0005572789713422442,6.271938570732894,6.276678626316064,6.276746116905393,6.272263267001346,-4.657932513182991,11.328971141133463,0.0,4.021397092172984,1.8450279385136181,0.0
40.131870727069256,264.187710340259,-170.98340928883275,1.5,0.13255283823747246,0.5943966314658506,0.10013516175966788,-0.786826117357962,30.722293037511296,-93.04233024295299,0.0,0.3416288505318161,0.002742563219155881,-0.09706590947672956,-32.606980458500146,-11.307188568499612,0.0,0.0016453583199310348,-0.0005529230690901147,0.00060118455899751,6.276485676277279,6.2812358210614105,6.281292127274827,6.2768194522871985,-4.3559160680857865,11.462524857084208,0.0,4.075432440312122,1.7357088727169563,0.0
40.20646528232403,266.3884117737326,-177.95452392808784,1.5,0.12210810729607877,0.5957510901130895,0.09226431030213114,-0.7884526274964825,28.278153740456098,-93.8537760410389,0.0,0.3417494125889713,0.0027013220943997687,-0.09704227607764723,-32.92052153138115,-10.4474200670369,0.0,0.0016047100902010693,-0.0005470231692970667,0.0005421186344176658,6.280984417736396,6.28572227905505,6.285787042492069,6.281299389773961,-4.049983377831128,11.587866832190079,0.0,4.126407748944776,1.624797745612745,0.0
40.28105983757881,268.4059426263703,-184.9837674527836,1.5,0.11164060778783445,0.5970004282145139,0.08437265487255043,-0.7899418450203833,25.811480608195595,-94.6007467588778,0.0,0.3418682929475432,0.0026605575318275104,-0.09698489690026019,-33.211103248900166,-9.578611319509504,0.0,0.0015860945352486908,-0.0005461973885476628,0.0005600047643211438,6.285412769392323,6.290153732420196,6.290212316687973,6.285729817397522,-3.740377450258003,11.704890058421615,0.0,4.174293021563051,1.5123861436012147,0.0
40.355654392833586,270.2386861242156,-192.0663057990312,1.5,0.10115217591165962,0.59814430863405,0.07646165021725751,-0.7912933965370146,23.323996314634865,-95.28259130553246,0.0,0.34198509399133015,0.0026202643019885307,-0.0969621509058419,-33.47845920766669,-8.701387786470248,0.0,0.0015536664347908546,-0.0005349045161270475,0.0005282700753211188,6.289785611073408,6.294521349689909,6.294583232401583,6.290091310742966,-3.4273128415831597,11.813464032914508,0.0,4.21903141667603,1.3985601200650315,0.0
40.430248948088355,271.8851547209751,-199.19725808377603,1.5,0.09064465568584051,0.5991824154988018,0.06853275523387978,-0.7925069342363319,20.817442767205257,-95.89870557264966,0.0,0.3421001085140155,0.0025803496277114085,-0.09690599214331612,-33.72234047490011,-7.816382828439597,0.0,0.001529336915501001,-0.0005347259605370015,0.0005244377260995555,6.294096081109114,6.298829820752115,6.298889714962443,6.294398023500762,-3.1110227855019303,11.913505709454695,0.0,4.2605902300701946,1.2833887263491883,0.0
40.50484350334313,273.34399148374223,-206.37170012907617,1.5,0.08011989466465308,0.6001144539130588,0.06058743591721227,-0.7935821364499921,18.293579794898893,-96.44853295667009,0.0,0.34221335731706115,0.002540944599498992,-0.0968836291028751,-33.942515831436445,-6.924237224707755,0.0,0.001503098772385363,-0.0005230983449182856,0.0005129589088451768,6.298346260290123,6.303079465107488,6.303138845707117,6.298642391155417,-2.791760987449527,12.004909980104353,0.0,4.2989236707099465,1.166983618409196,0.0
40.57943805859791,274.6139713791581,-213.5846680267537,1.5,0.06957974782439855,0.600940150465229,0.052627161253723395,-0.7945187072372153,15.754183784377021,-96.931564912749,0.0,0.3423244020297137,0.0025019319074984694,-0.09682929511145418,-34.13877198530008,-6.025598629579591,0.0,0.001482355709487016,-0.0005221737565418558,0.0005202276826846607,6.302536206906194,6.307270110942883,6.307325434374942,6.302831635422613,-2.4697510314225632,12.087579281348136,0.0,4.334000929734738,1.0494447205382986,0.0
40.654032613852685,275.69400245991113,-220.83116174241718,1.5,0.05902607429537067,0.6016592530564479,0.04465340484942343,-0.7953163767961704,13.201046372709236,-97.34734146335504,0.0,0.34243377746453857,0.0024632996871770526,-0.09680868203028563,-34.31091378030263,-5.121121044660242,0.0,0.0014543905174994273,-0.0005110192786905531,0.0005010639624668902,6.306669451693454,6.311401010333311,6.311457337487007,6.306957039137562,-2.145241363657054,12.161445765087644,0.0,4.365779220004719,0.9308536922531317,0.0
40.72862716910746,276.58312695155723,-228.10614875438455,1.5,0.04846073939305428,0.6022715310383384,0.03666764323962658,-0.795974901348947,10.63597308954522,-97.69545162324037,0.0,0.34254136644065597,0.0024252347750872206,-0.09675459271082631,-34.458764368000075,-4.2114643221094825,0.0,0.001429894630044656,-0.000507906706316391,0.0004935122009181952,6.310744237995798,6.315473346855676,6.3155284921731765,6.311027158175304,-1.8185061175132036,12.226428240305331,0.0,4.394245544029242,0.8113001536965571,0.0
40.80322172436224,277.2805222357376,-235.40456772481525,1.5,0.03788561090146378,0.6027767751403181,0.02867135814503917,-0.7964940634180397,8.060781927321395,-97.97553383585178,0.0,0.34264711725841135,0.0023876229604157207,-0.09673508273686243,-34.58216540071634,-3.2972936443894354,0.0,0.0014057977265063857,-0.0004994534135259234,0.00048644853877473593,6.314759966231607,6.319489142090796,6.319543030903846,6.3150383697549035,-1.4897650401913882,12.28246023930273,0.0,4.419359278308288,0.6908921516200079,0.0
40.877816279617015,277.7855017306822,-242.72133220092374,1.5,0.027302562437430986,0.6031747976740125,0.0206660329729881,-0.7968736716797862,5.477302017703549,-98.1872763452553,0.0,0.3427510107885989,0.0023503748406203864,-0.09668232146513357,-34.68097717140005,-2.3792789704594774,0.0,0.0013917068849807499,-0.000501832642747654,0.0005141960957223029,6.3187152540825835,6.323449360595191,6.323495380486861,6.318998595249245,-1.1592703741343064,12.329482521958225,0.0,4.441088996952565,0.5697162896087935,0.0
40.952410834871785,278.0975156695116,-250.05133434253784,1.5,0.01671346966675637,0.6034654324177711,0.012653155203116105,-0.7971135612144212,2.8873722250740657,-98.33041752987793,0.0,0.3428533115137881,0.0023135939385481967,-0.0966635278493467,-34.75507875374966,-1.4580945085106065,0.0,0.001357993541148397,-0.00048796261627114814,0.00047149701372847965,6.32262129050553,6.32734799241206,6.32739960720359,6.322890519303442,-0.8272915088738035,12.367439156970454,0.0,4.459424385463535,0.4478625404963986,0.0
41.02700539012656,278.2161517724812,-257.38944867337335,1.5,0.006120213344923268,0.6036485347728956,0.004634213275655304,-0.7972135934129978,0.2928397002346434,-98.40474620478183,0.0,0.34295414734212987,0.0022771423833140916,-0.09661006698689628,-34.80436813430001,-0.5344181656505795,0.0,0.001297486148117607,-0.00048750990081600383,0.00033298489302754225,6.326485741381172,6.33117932852306,6.3312548661321335,6.326714964325535,-0.49405783406060716,12.396286600995609,0.0,4.47434148241028,0.32546689295192954,0.0
41.10159994538134,278.1411358145848,-264.73053585295423,1.5,0.004475325188300597,-0.6037239816867496,0.0033893000344205055,0.7971736561415167,-2.304441475446832,-98.41010187290611,0.0,0.3430524961058762,0.002241139595461539,-0.09659400159459414,-34.82876231331648,0.3910689622138754,0.0,0.0013123853428764402,-0.0004767210906025616,0.00046122044782742844,6.330256622179468,6.334981892210454,6.335030441051616,6.330518041996594,-0.15984218898997696,12.415983005369654,0.0,4.485830835106665,0.20259258282571993,0.0
41.176194500636115,277.87233208798295,-272.0694464661801,1.5,0.01507125968776744,-0.6036916717664539,0.011415892460316613,0.7969936636953787,-4.902611749925156,-98.34637494707914,0.0,0.3431495108258212,0.002205663037640566,-0.09654278468897608,-34.828197410399994,1.3176831915405267,0.0,0.0012935820484727802,-0.000482380338391803,0.00046918243488782167,6.333990424399107,6.33871557125014,6.3387601241241684,6.334251523012356,0.17509256798575856,12.426501149943604,0.0,4.493859060600829,0.07933546152669121,0.0
41.25078905589089,277.40974375684283,-279.4010248273619,1.5,0.02566570394069427,-0.6035515251995657,0.0194440682588747,0.7966735569102635,-7.4998075328526745,-98.21350691594552,0.0,0.3432449065617203,0.0021704757905259935,-0.09652613190656696,-34.80262871454805,2.244738749572842,0.0,0.001266683201074382,-0.00046565178186712695,0.0004475063802755646,6.337670936435271,6.3423939409911405,6.342440177490666,6.337923714341122,0.5105015318718382,12.427814016327085,0.0,4.4984346433742335,-0.044191250665438296,0.0
41.32538361114567,276.75351310597796,-286.72011279575855,1.5,0.036256769237517965,-0.6033034838629534,0.02747233072885349,0.7962133031340315,-10.094162606706492,-98.01149048564785,0.0,0.34333836358769926,0.0021357260996277706,-0.09647645833887611,-34.75203077029997,3.171548324050527,0.0,0.0012641659318717296,-0.0004650444793697193,0.0005118964228300043,6.341287351956194,6.346024165487837,6.346055676117459,6.341555122473321,0.8461238717778058,12.419904283411995,0.0,4.4995440810480005,-0.16788756279121939,0.0
41.39997816640044,275.90392168283705,-294.0215535997872,1.5,0.04684256559520926,-0.602947511259909,0.03549918308868756,0.7956128962717839,-12.683809572827485,-97.74036967100784,0.0,0.3434305436974169,0.0021014229543451545,-0.09646037856144468,-34.67639741018625,4.097423683896737,0.0,0.0012223139958599852,-0.00045470880963713686,0.0004354346658290042,6.344867405315746,6.349588512231591,6.349632221929532,6.3451120848594975,1.181696483684695,12.402764569488784,0.0,4.497177694302155,-0.2916574304083698,0.0
41.474572721655214,274.8613903316123,-301.3001956663893,1.5,0.05742120125729406,-0.6024835924677393,0.04352312835575918,0.7948723568922651,-15.266881300659273,-97.40023984337263,0.0,0.34352093823169033,0.002067453741930868,-0.09641071849874995,-34.57574177519995,5.02167616647042,0.0,0.0011971483733854906,-0.0004524283148571452,0.00041767786696322433,6.348387474657894,6.353103626938543,6.353148353315518,6.348624975435049,1.5169680182089023,12.376392385366437,0.0,4.491345431992346,-0.4154075932158361,0.0
41.54916727690999,273.6264791200699,-308.5508964526944,1.5,0.06799078580642393,-0.601911734330212,0.051542667688231236,0.7939917320278607,-17.841512353581354,-96.99124774359794,0.0,0.34360965741209676,0.0020339254130129544,-0.09639631326329587,-34.450096345217844,5.943617237704897,0.0,0.0011789768834062561,-0.00044402434746577626,0.00042395725616383936,6.351850066952277,6.35656936646362,6.356610535200709,6.352086908269179,1.85167539493632,12.340793150992889,0.0,4.482033627885991,-0.5390245551315006,0.0
41.62376183216477,272.19988715916514,-315.7685262770489,1.5,0.0785494276761379,-0.6012319652704325,0.0595563029323103,0.7929710953936716,-20.405840435602858,-96.51359145227211,0.0,0.3436965446420321,0.002000777215118093,-0.09634848307021604,-34.29951291379991,6.862559045330522,0.0,0.0011830512516794395,-0.00044109523374480576,0.0005089457802460496,6.355250758225434,6.359988944366401,6.360011541996249,6.3555082539077485,2.1855528002437796,12.295980518648873,0.0,4.469258617093644,-0.66242869640232,0.0
41.698356387419544,270.5824523146815,-322.94797214610423,1.5,0.08909523591639536,-0.6004443353264748,0.06756253669463416,0.791810547256562,-22.958007842003457,-95.96752031358908,0.0,0.34378229122765236,0.0019681160954196555,-0.09633424024256869,-34.12406257936902,7.7778150201894345,0.0,0.0011360874982829653,-0.0004334920339389408,0.00041100413307947585,6.358623064213106,6.363340199590374,6.3633792064570605,6.358851765295104,2.518345100726584,12.241974361957382,0.0,4.453019527085939,-0.7855039616983629,0.0
41.77295094267432,268.7751508111889,-330.0841415749188,1.5,0.09962631901914742,-0.5995489160118356,0.07555987319303512,0.7905102146277304,-25.496162897828434,-95.35333482379183,0.0,0.3438664620098575,0.00193574675115616,-0.09628564877464346,-33.92383570329988,8.688700389290517,0.0,0.0010958522117926113,-0.00043643755298746124,0.000336326111762402,6.361942313246021,6.366640582387463,6.36669158680795,6.36214854510275,2.8498088124522285,12.178802417778863,0.0,4.433325661098361,-0.9081563791625165,0.0
41.8475454979291,266.7790967295385,-337.17196639719475,1.5,0.11014078887343844,-0.5985458006520266,0.08354681540056871,0.7890702508551342,-28.018461368820613,-94.67138648063789,0.0,0.34394891764816077,0.0019037081436873078,-0.09627292958837022,-33.698941857619744,9.594532697782178,0.0,0.001094410890294228,-0.00042338642897439733,0.0003993318312793393,6.36518994561103,6.369905104344244,6.369941804838803,6.365410953104686,3.1796772047787716,12.106505569892532,0.0,4.410188498208573,-1.0302957813727762,0.0
41.92214005318387,264.59554139788696,-344.20640656203636,1.5,0.12063675697510881,-0.5974351039201412,0.09152186938312416,0.7874908360705394,-30.52306790265054,-93.92207756800565,0.0,0.34402978180336435,0.001872152172433135,-0.09622591188788987,-33.44950975339988,10.494632407400408,0.0,0.0010587239774648633,-0.00042245541007758655,0.00033931863755738446,6.368405375499674,6.373105630110043,6.373151574996126,6.368607928987752,3.5076763739570684,12.025110067555111,0.0,4.383634846322536,-1.1518003529957872,0.0
41.99673460843864,262.22587267472943,-351.1824539149133,1.5,0.13111233766913719,-0.5962169620789205,0.09948354233595201,0.7857721768073799,-33.008157491890096,-93.10586095050691,0.0,0.3441087583695585,0.0018409078171076024,-0.09621561694195772,-33.175687159574906,11.388323437230932,0.0,0.0010536895709763814,-0.00041281720354146163,0.00038801663949649567,6.371554569733723,6.376267999140783,6.376302421919703,6.371768077115532,3.8335797964201235,11.934672542332624,0.0,4.353673810738351,-1.2726065972613962,0.0
42.07132916369342,259.6716141267829,-358.0951359602007,1.5,0.1415656469532593,-0.594891532836785,0.10743034354653061,0.7839145062105177,-35.47191682485259,-92.22323979081747,0.0,0.3441869701885837,0.001810155655362402,-0.09616806307653859,-32.87764080349982,12.2749336737005,0.0,0.0010174319144370147,-0.0004180309058729247,0.00032438772565181466,6.374671340544174,6.379368098547787,6.379412507931697,6.374865467339968,4.157112399516068,11.835272871520692,0.0,4.320320283149609,-1.3925772660852935,0.0
42.1459237189482,256.93442410189743,-364.9395196000805,1.5,0.15199480410001048,-0.5934589953420112,0.1153607845150304,0.7819180837979942,-37.91254574607164,-91.2747671876146,0.0,0.3442631254724396,0.001779759863492927,-0.09615806511663404,-32.55555624267018,13.153795552332161,0.0,0.001014384119129718,-0.0004027768018276238,0.00037875797087931533,6.377720737396035,6.3824327486015955,6.382464595888332,6.37792739605399,4.4780247273520475,11.726949076405095,0.0,4.283599319658663,-1.5116203856713821,0.0
42.22051827420297,254.0160946955059,-371.7107148485282,1.5,0.16239793060959548,-0.5919195500200578,0.12327337975446107,0.7797831956907546,-40.328258659740165,-90.261045872897,0.0,0.34433773615399615,0.0017494735283821547,-0.09611359671133253,-32.2096377375998,14.024246557700492,0.0,0.0010312645458380606,-0.0003908750763162363,0.0005039399358319373,6.380713047713144,6.385454479373638,6.385460248627448,6.380951404629689,4.79609719437411,11.609776415840381,0.0,4.24356131774165,-1.6297133927990677,0.0
42.29511282945775,250.91855061478284,-378.40387851826614,1.5,0.17277315260311304,-0.5902734188374115,0.1311666458518068,0.7775101541263382,-42.717285858191445,-89.18272779796085,0.0,0.3444118176657469,0.0017198711580622506,-0.09610143953218825,-31.84010811920187,14.885629778543525,0.0,0.0009746881888453564,-0.00039347178163887174,0.00036510114477649087,6.383693159209417,6.3884025987313935,6.388432811928696,6.38389188062743,5.111050674969459,11.483847884385082,0.0,4.200205011279038,-1.746690550478806,0.0
42.36970738471252,247.64384793947247,-385.0142178751574,1.5,0.18311859828209934,-0.5885208446408691,0.13903910427556576,0.7750992980700252,-45.07787496405127,-88.04051366241966,0.0,0.3444838975678756,0.0016905278613577736,-0.09605644890789262,-31.447208594899816,15.737294440600383,0.0,0.0009247952756919512,-0.00039657724775947885,0.00024944444527688387,6.3866233423660095,6.39130444049908,6.391354697335483,6.386788727407969,5.422641148921041,11.349220835736485,0.0,4.1535817809362525,-1.862447270964271,0.0
42.444301939967296,244.1941727788696,-391.5369942593713,1.5,0.19343240200910544,-0.586662091912443,0.14688927816171474,0.7725509923150928,-47.40829228131635,-86.83515250238861,0.0,0.3445541002719521,0.0016614925204597526,-0.09604882184019498,-31.031198603353058,16.578596396114563,0.0,0.0009368615190904447,-0.000383303609665906,0.0003551401447277844,6.389474406882673,6.394182355524375,6.394210323690813,6.389666285885185,5.730636643162997,11.206010401171902,0.0,4.103701519907242,-1.9769310886376137,0.0
42.51889649522207,240.5718398285047,-397.96752666999123,1.5,0.20371270139951872,-0.5846974459710708,0.15471569563994642,0.7698656282014834,-49.7068241270025,-85.56744112487866,0.0,0.344623521657727,0.001632753630092806,-0.0960039897825996,-30.592355588899743,17.408898658600467,0.0,0.0009024725987014824,-0.00037305274466964563,0.0002935747301278797,6.392302507493308,6.396996456412541,6.39703416937713,6.392475716487231,6.03479130965382,11.054318793008713,0.0,4.050649083342318,-2.0900322777019302,0.0
42.59349105047685,236.77929082652386,-404.301195308538,1.5,0.21395763994582692,-0.5826272133938112,0.16251688849046952,0.7670436229297201,-51.97177818847836,-84.23822356232299,0.0,0.34469133855445183,0.001604587318198834,-0.09599576068433768,-30.13097482396881,18.22757193238253,0.0,0.0008998772107157751,-0.0003741183822092227,0.00034524802712344903,6.395069029081263,6.399775271513055,6.399801077109149,6.3952541799206895,6.334872305377945,10.89424517490149,0.0,3.9944177885524805,-2.2016651272077232,0.0
42.668085605731626,232.8190929108749,-410.5334450801075,1.5,0.22416536477673712,-0.5804517212691693,0.17029139463050683,0.764085420241067,-54.20148482639106,-82.84839048502958,0.0,0.344757883550583,0.001576672713560738,-0.0959520911663516,-29.64736915799972,19.033995116100453,0.0,0.0008609281533951561,-0.00037788569937809933,0.00026573299641466955,6.397808605242176,6.402494739520739,6.402533775212518,6.397970286932345,6.630637804041967,10.725893074277302,0.0,3.935073161380342,-2.3117391347411163,0.0
42.7426801609864,228.6939368786362,-416.6597890494668,1.5,0.2343340313883706,-0.5781713183194526,0.1780377539426798,0.7609914891620445,-56.39429839486855,-81.39887858523105,0.0,0.3448224573973267,0.001549050546827384,-0.09594655672493713,-29.141868802583115,19.827555729420872,0.0,0.0008632710292474143,-0.0003644053637400726,0.0003337535172067811,6.400480867691375,6.405185211778178,6.405209257795623,6.400658953793729,6.9218591471324356,10.549385569393305,0.0,3.8726552662176994,-2.4201874787451887,0.0
42.81727471624118,224.40663534833033,-422.67581184946744,1.5,0.24446179884390234,-0.5757863733678097,0.1857545141655379,0.7577623252821915,-58.54859852541262,-79.89066991541851,0.0,0.3448868840146867,0.0015219218620596412,-0.09590154682065367,-28.614821068899698,20.60765051330044,0.0,0.0008039791920274913,-0.00037724888710381863,0.0001795481704464531,6.4031411898250585,6.407806810582176,6.407858435110621,6.403275682739908,7.208320097311511,10.36487382139724,0.0,3.8072052799270866,-2.5268583351043095,0.0
42.89186927149595,219.96012082784492,-428.5771730370002,1.5,0.2545468346464086,-0.5732972764772271,0.19344022648750622,0.7543984494494604,-60.66279136883647,-78.32479113620107,0.0,0.3449489267115311,0.001494921640674045,-0.09589636680824959,-28.066590100507202,21.373685818685562,0.0,0.000828483787432304,-0.00035535849230402665,0.00032588717485579593,6.405713210405482,6.410416286229842,6.410437972978278,6.405885306619279,7.4897829306236545,10.172459858170509,0.0,3.7387809258360325,-2.63172333658235,0.0
42.966463826750726,215.35744368844652,-434.35961039571924,1.5,0.26458731177263733,-0.5707044379761674,0.2010934490548232,0.7509004086231884,-62.73531087219136,-76.70231284459766,0.0,0.3450099631152259,0.0014683253040025468,-0.09585480822172633,-27.497556601299674,22.125078133200425,0.0,0.0008243917274045395,-0.00035222368663806485,0.00036877793178704063,6.408257589269978,6.412969806335657,6.412981385836223,6.408439373969872,7.766033060327455,9.972295406096286,0.0,3.6674366980892055,-2.7347024826177817,0.0
43.0410583820055,210.6017700461495,-440.0189431831622,1.5,0.27458141125716434,-0.568008288894511,0.20871274552972224,0.7472687750686491,-64.76461998926924,-75.02434875868448,0.0,0.3450699947013197,0.0014420966186799724,-0.09584832674268032,-26.908117540283012,22.861254541964666,0.0,0.000794136014986264,-0.00034637565112620846,0.0003166982375645179,6.410770394832673,6.415471918029786,6.415491593993177,6.410936239213447,8.036859551452098,9.764519521708426,0.0,3.593219249163464,-2.8356763473827034,0.0
43.11565293726028,205.69637955348077,-445.55107531847113,1.5,0.2845273214756134,-0.5652092806861185,0.21629668566585378,0.7435041466798691,-66.74921186648612,-73.2920549373956,0.0,0.3451282340036307,0.0014161471261847863,-0.09580830576569581,-26.298685841699644,23.581653137300403,0.0,0.0008087546225415449,-0.00033695727972726856,0.00042559133493178224,6.413219149992555,6.417945970394629,6.417942944325531,6.413412550693469,8.30203282865425,9.549292962577026,0.0,3.516197203928181,-2.9346085373141815,0.0
43.190247492515056,200.64466310173475,-450.95199850867334,1.5,0.2944232388369255,-0.5623078850500096,0.2238438463067841,0.7396071466082144,-68.68761106133951,-71.50662891341975,0.0,0.3451858301979425,0.001390716016604627,-0.09580226140740461,-25.669690077324866,24.285723550349513,0.0,0.0007599776074071953,-0.0003375138745640783,0.0003053062741397645,6.415656310379904,6.42035577930177,6.420373958975538,6.415815400641784,8.56136101067751,9.32676482719202,0.0,3.436419686870615,-3.031392966511666,0.0
43.26484204776983,195.4501204360234,-456.217795310799,1.5,0.304267367473425,-0.559304593698252,0.2313528114625368,0.7355784235465345,-70.57837466295767,-69.66930883943874,0.0,0.34524211629225676,0.0013655061435654456,-0.09576095402270023,-25.021574120799624,24.97292731950038,0.0,0.0007254165018314269,-0.0003430274762370318,0.0002355454047768922,6.418045912102779,6.422727248395923,6.422756988585976,6.418184365556621,8.814642433556392,9.097098592615417,0.0,3.353953525774526,-3.1259399591698025,0.0
43.3394366030246,190.116357685984,-461.3446421281128,1.5,0.3140579214519994,-0.5561999188589221,0.23882217125234909,0.731418650810117,-72.4200934276157,-67.78137257802649,0.0,0.34529687051015384,0.0013405566701989759,-0.0957570236739395,-24.35479681936772,25.64273833416596,0.0,0.0007275269213167954,-0.0003288283176225303,0.0002972151396131849,6.420373988532045,6.425072113955436,6.425088259753568,6.420527310548505,9.061673919994421,8.860465117635508,0.0,3.2688625603746475,-3.2181966127219233,0.0
43.41403115827938,184.64708481289347,-466.3288121373062,1.5,0.3237931226782534,-0.5529943922870479,0.2462505243633896,0.7271285271917887,-74.211392886125,-65.8441367592509,0.0,0.34535036520032236,0.001315971523016938,-0.09571766434722219,-23.669831628299686,26.294643269300295,0.0,0.0007240583591497441,-0.00032972248292322307,0.00033816081609837535,6.422665778680463,6.427372028775609,6.427378575301965,6.4228283994296795,9.302257187311058,8.617037258866688,0.0,3.1812076267268368,-3.308088743994692,0.0
43.488625713534155,179.04611297530195,-471.16667814473664,1.5,0.3334712034354392,-0.5496885658818902,0.25363647650976523,0.7227087759268889,-75.95093442235124,-63.85895582141437,0.0,0.3454028910945309,0.0012918076125882786,-0.09571384729247204,-22.96716624785212,26.928141981874667,0.0,0.00069514542867894,-0.00032010773726715084,0.00028653821044773186,6.424927901784352,6.429624123265799,6.4296388215879485,6.425074848511369,9.536202286379453,8.367001718961648,0.0,3.0910579732044425,-3.395540274465965,0.0
43.56322026878893,173.3173518148747,-475.8547153688106,1.5,0.3430904049832217,-0.5462830109827624,0.2609786420087246,0.718160145326471,-77.63741633706434,-61.82722098751443,0.0,0.3454543811864665,0.001267808332579218,-0.09567381005574671,-22.247302244099583,27.54274790150034,0.0,0.0006641581243253911,-0.00032336527633961064,0.00022675295403408593,6.427152824813703,6.431833529976615,6.4318579746620985,6.427281924708787,9.763349805807477,8.110522382748,0.0,2.9984948904589186,-3.480477345382972,0.0
43.63781482404371,167.4648066660181,-480.3895041474859,1.5,0.35264897932129025,-0.5427783186597475,0.2682756432058512,0.7134834079633784,-79.26957482124857,-59.75035928497483,0.0,0.3455045411584251,0.0012441179569547475,-0.09567081012899953,-21.51075465881483,28.137988435146823,0.0,0.0006647244577776802,-0.00031185545492094384,0.00028013979715135165,6.429320896126474,6.434016081163549,6.434028606966143,6.429462717220107,9.983503411630965,7.847808822951034,0.0,2.9035784531895845,-3.56282717233196,0.0
43.712409379298485,161.49257569101377,-484.76773256817444,1.5,0.3621451887184826,-0.5391750994943196,0.2755261108573179,0.7086793609307287,-80.84618497786649,-57.629832446292575,0.0,0.3455530681069117,0.001220790271315069,-0.09563376594517264,-20.758051625199567,28.71340530720032,0.0,0.0006830962471403837,-0.00030803721470435715,0.0003972614588056736,6.431442570397862,6.436164169759171,6.436152587666044,6.431614339747306,10.19647525289477,7.579051164498944,0.0,2.806382205703294,-3.642560477134343,0.0
43.78700393455326,155.40484694064492,-488.9861990169351,1.5,0.3715773061996143,-0.5354739830953359,0.2827286851829732,0.7037488255906088,-82.3660618070248,-55.46713583894932,0.0,0.34560116764674853,0.0011978110975550654,-0.09563068725579409,-19.989733922435843,29.268554968273257,0.0,0.000634411792388991,-0.0003032102148968635,0.0002713448348189003,6.433557423251676,6.438251147629027,6.438262049503699,6.4336935612040005,10.402122275792623,7.304442354552587,0.0,2.706981817825231,-3.719554363575924,0.0
43.86159848980803,149.20589534511797,-493.04181464684984,1.5,0.3809436159552582,-0.5316756183855174,0.2898820151134586,0.6986926474431165,-83.82806108606785,-53.26379737442719,0.0,0.3456476633662347,0.001174975507606834,-0.0955934787888049,-19.20635459229964,29.803008887300237,0.0,0.0006512460824461428,-0.00028881384164770033,0.00038164016651607045,6.435602294333891,6.440322317430289,6.440310462280619,6.435766580799582,10.600275291826787,7.024199643598622,0.0,2.6054659578217034,-3.7938267915461332,0.0
43.93619304506281,142.90007963745813,-496.9316057621775,1.5,0.3902424141188375,-0.5277806734137345,0.29698475891286213,0.6935116956238849,-85.23108029497236,-51.02137633868948,0.0,0.3456936361939368,0.0011527516337273601,-0.09559076404523009,-18.408478496041045,30.316353945178022,0.0,0.0006046021222088534,-0.00029541917712863776,0.0002616197120905604,6.43764107602037,6.442332956738472,6.442342503050848,6.437771369892217,10.790778074419082,6.738520494540612,0.0,2.5019094561647552,-3.8652700060494998,0.0
44.010787600317585,136.49183921045034,-500.65271611667407,1.5,0.3994720076033121,-0.5237898344860098,0.3040355855228596,0.6882068636436792,-86.57405947745656,-48.741462258624495,0.0,0.3457383099547581,0.001130756097677751,-0.09555283971167945,-17.596681859699533,30.808192731200275,0.0,0.000579328714235027,-0.0003090426367238765,0.00021822165001954082,6.439633515618534,6.444312204374741,6.444328494837796,6.439750523766259,10.973482730719853,6.447617518266483,0.0,2.3963699354778685,-3.933800428795161,0.0
44.08538215557236,129.98569091060438,-504.2024091250754,1.5,0.408630717078247,-0.5197038074786292,0.3110331722387119,0.6827790677220982,-87.85598206662635,-46.42567371139198,0.0,0.3457815337327576,0.001108831914587251,-0.09555294270740697,-16.77155186305867,31.278143836730596,0.0,0.0005760576679241247,-0.0002871529398709288,0.0002537408397067155,6.441574959789111,6.446265530080682,6.446273457461836,6.441699998327098,11.148240267433557,6.151706689914514,0.0,2.2889618095889825,-3.999424061772734,0.0
44.15997671082714,123.38622577088341,-507.5780699854459,1.5,0.417716874375546,-0.5155233160792734,0.3179762079569993,0.6772292481972711,-89.07587570206549,-44.07565712562626,0.0,0.34582409847350104,0.0010874341428163223,-0.09551554393382036,-15.933686155299522,31.725842205200248,0.0,0.0005617602694633753,-0.00029864432507162607,0.00024870800839960983,6.443488688659454,6.448175218529562,6.44818258028021,6.443610838721716,11.314925349876292,5.851022743714878,0.0,2.1797431610211846,-4.062042434085037,0.0
44.234571266081915,116.69810568538621,-510.77720771029783,1.5,0.4267288250774238,-0.5112491026817519,0.32486339131276004,0.6715583681556784,-90.23281296875668,-41.69308553141155,0.0,0.34586581111012493,0.001066180161692905,-0.0955141861009902,-15.083692389216559,32.150939361297375,0.0,0.0005479445935543439,-0.00027963431684093995,0.00024473364786841616,6.445363219571528,6.450052017738936,6.450058630120271,6.445482785944231,11.473402552189635,5.545783041377813,0.0,2.0688076236414656,-4.121633622646841,0.0
44.30916582133669,109.92606002897253,-513.7974570647497,1.5,0.4356649275096569,-0.5068819278302711,0.3316934318687906,0.6657674139158338,-91.32591212989081,-39.27965731518221,0.0,0.34590595380483397,0.0010452022922954646,-0.09547864821303803,-14.222187778999508,32.55310372040023,0.0,0.0005351697376330431,-0.00027815202904854383,0.00024389516153591935,6.447203831500849,6.451891449576092,6.451896737433543,6.447321686355979,11.623529500264686,5.236195928978072,0.0,1.9562576529018605,-4.178152038874581,0.0
44.38376037659146,103.07488222271536,-516.6365804120635,1.5,0.44452355381396574,-0.5024225700795079,0.33846505018858886,0.6598573944271143,-92.35433785221774,-36.83709498913572,0.0,0.34594508364738846,0.0010246126304557035,-0.09547990876574318,-13.34979858603257,32.932020839508375,0.0,0.0005212094133727801,-0.00027134630083334207,0.0002380355344361147,6.449008715324243,6.453696533683773,6.453701477308653,6.449123521503523,11.765202097197218,4.922515091669973,0.0,1.8421608939644054,-4.231537796122243,0.0
44.45835493184624,96.14942624870365,-519.2924694636375,1.5,0.4533030893593364,-0.49787182552537457,0.3451769784979202,0.6538293416789728,-93.31730184128952,-34.36714385930319,0.0,0.3459836312009552,0.0010042286579555124,-0.09544343697605588,-12.467159650299497,33.28739365030019,0.0,0.0005104391570924405,-0.00026931572457039154,0.0002431508093605273,6.450778682185909,6.455466704118543,6.455469224573521,6.450893426091406,11.898323363636973,4.604974553045483,0.0,1.726606129015321,-4.2817678037789495,0.0
44.532949487101014,89.15460311852745,-521.7631469311168,1.5,0.4620019346216222,-0.4932305085686096,0.3518279596485758,0.647684309391967,-94.2140634388286,-31.871570726263187,0.0,0.3460210454376829,0.0009841775296009383,-0.09544437053663055,-11.574913913460056,33.61894270530501,0.0,0.0004949136667834917,-0.00026397136870354556,0.0002303002680423094,6.452515671885179,6.457202034805549,6.457205595649152,6.45262552516023,12.022767282940135,4.283798743849377,0.0,1.6096888982315225,-4.328788757931671,0.0
44.60754404235579,82.09537729619956,-524.0467680816772,1.5,0.4706185036991303,-0.4884994505350606,0.358416748977673,0.6414233741104322,-95.04393024970226,-29.35216259549296,0.0,0.346057513375478,0.0009644442553410712,-0.09540891714995887,-10.673711893499485,33.92640637410017,0.0,0.00048034637813480253,-0.0002671512143674035,0.0002203221951040501,6.454219945904647,6.4589023136482755,6.458906388191188,6.4543257076145775,12.13843986613271,3.959247020741219,0.0,1.4914996592842449,-4.3725686208975505,0.0
44.68213859761057,74.97676307817262,-526.141622193738,1.5,0.479151226120654,-0.4836795004289381,0.3649421133121632,0.6350476338851592,-95.80625867016842,-26.81072529537834,0.0,0.34609300337036486,0.0009449824890381249,-0.09541047341087822,-9.764211197159995,34.209541063558824,0.0,0.0004690979765932848,-0.0002566389785905774,0.00022169266847213082,6.4558874304428775,6.460572156136809,6.460574586039314,6.455992180038569,12.245251922669398,3.631550596403305,0.0,1.3721258360929383,-4.413089127491074,0.0
44.756733152865344,67.80382093450031,-528.046133911689,1.5,0.4875985458861163,-0.47877152411809437,0.37140283216271625,0.6285582089233226,-96.50045439777398,-24.249082147560937,0.0,0.3461275685925445,0.0009258063886615567,-0.09537559282410812,-8.847076016619477,34.468121421800134,0.0,0.000450270121103877,-0.0002676656264314394,0.00019493994418980624,6.457528168786489,6.462203920363782,6.462210124622535,6.457624345327219,12.3431192384656,3.3009465798540614,0.0,1.2516652765303067,-4.450274573932597,0.0
44.831327708120114,60.58165381326705,-529.7588645005944,1.5,0.4959589230942919,-0.47377640469134763,0.3777976969136806,0.6219562405568494,-97.12597290647331,-21.669072623208017,0.0,0.34616133637967866,0.0009068340512284858,-0.09537723080982259,-7.9229765980865965,34.701940448209825,0.0,0.00044457444710088506,-0.00024930290478739146,0.00021519492224263503,6.459127069914868,6.463810628250642,6.463811608485334,6.459227370882948,12.431967837147578,2.967704131471758,0.0,1.1302072801113499,-4.484129775483413,0.0
44.90592226337489,53.315403411677856,-531.2785129974568,1.5,0.5042308327730871,-0.46869504148932706,0.3841255123051666,0.6152428920032887,-97.68231986346309,-19.072550907538563,0.0,0.3461938335300012,0.0008880477147585511,-0.09534371570847514,-6.99258873333947,34.91080970320011,0.0,0.0004369720245250641,-0.000243667227117473,0.00022793817292051884,6.4606966439872995,6.465382737539637,6.465379959485582,6.460799068166944,12.511711217036243,2.6320451205373487,0.0,1.007843554012355,-4.514647655074838,0.0
44.98051681862967,46.01024641565744,-532.6039172595205,1.5,0.5124127666666306,-0.4635283510003955,0.3903850953663873,0.6084193469077722,-98.16905156056387,-16.461384575505697,0.0,0.3462256849756017,0.0008696736224844582,-0.09534632935499689,-6.056593253391908,35.09455946858678,0.0,0.00042069009040854457,-0.0002418569480427383,0.0002084666128865775,6.462238276003963,6.466920689578661,6.46692034977648,6.46233415156162,12.582302801446536,2.2942387845699392,0.0,0.8846693767046837,-4.541760289095354,0.0
45.05511137388444,38.671390711592785,-533.7340549095005,1.5,0.520503232361714,-0.4582772656768841,0.3965752765382179,0.6014868102488717,-98.58577522840241,-13.837453158416027,0.0,0.34625660709982287,0.000851497360699193,-0.09531258149598812,-5.115675484579463,35.253038804000084,0.0,0.00041021714625261293,-0.000236185564669422,0.00020953037636685026,6.463746500381794,6.46842872588142,6.4684269086501525,6.463841389478124,12.643676881800582,1.9545468784017115,0.0,0.7607861583884167,-4.5654923381163615,0.0
45.12970592913922,31.30407157346714,-534.6680441744955,1.5,0.5285007542634591,-0.45294273425277376,0.4026948996121128,0.5944465073132874,-98.93214937947931,-11.202646718046864,0.0,0.3462866815976015,0.0008336819562457733,-0.09531585252748385,-4.170524722585881,35.386115741768506,0.0,0.00039734537785410425,-0.00023486111750668063,0.00020118183064097062,6.465224564029103,6.469905615817618,6.4699041445832375,6.4653159459473715,12.695787472612261,1.6132040905946812,0.0,0.6362790696071723,-4.58579692866898,0.0
45.204300484394,23.913547827469714,-535.4051446204643,1.5,0.5364038733066573,-0.4475257212384249,0.40874282209370405,0.5872996840783399,-99.20788407195673,-8.558864477265496,0.0,0.3463159564483047,0.0008161534938189404,-0.095282321561325,-3.22183371291946,35.49367733750006,0.0,0.0003802199669899378,-0.0002439848002788824,0.00017679341236744497,6.466676014783929,6.471348900580016,6.471350875691892,6.466759586855403,12.738590127624217,1.2704820629910298,0.0,0.5112533865770412,-4.602656007701386,0.0
45.27889503964877,16.505097997626972,-535.9447577809788,1.5,0.5442111481508977,-0.44202720722294864,0.4147179148178206,0.5800476061773904,-99.41274115298509,-5.908013356897361,0.0,0.34634429391403004,0.0007987764396976053,-0.09528629002494111,-2.270298111644047,35.57562974649881,0.0,0.0003748103257854152,-0.00022796012242873754,0.00019435297508712735,6.468089113220309,6.472768893678184,6.472766285251214,6.4681762061665,12.772050294793997,0.9266309933900244,0.0,0.38580006708989195,-4.616083091249354,0.0
45.35348959490354,9.084016435166339,-536.2864276787722,1.5,0.5519211540880559,-0.43644818773655447,0.4206190633736547,0.5726915597581786,-99.54653445219085,-3.2520065593534886,0.0,0.3463718450849709,0.000781751988260892,-0.0952534389585385,-1.3166159449094572,35.631898340200024,0.0,0.00036261179814655654,-0.0002405514813997092,0.00018662666505157198,6.469478958787079,6.474153937640531,6.47415162012103,6.469562776651494,12.79613876759311,0.5819004328322788,0.0,0.2600116949537311,-4.626029245145856,0.0
45.42808415015832,1.6556094347017354,-536.4298412414756,1.5,0.5595324850671616,-0.43078967442216004,0.4264451665804807,0.5652328497760565,-99.60912994157111,-0.5927621535377623,0.0,0.3463985547057798,0.0007648260206288151,-0.09525788983247972,-0.36148709731988143,35.66242769806665,0.0,0.00035313028267272805,-0.00022104748647766968,0.00018818055127324358,6.470835193245678,6.475513866811611,6.4755100773403065,6.470918256336544,12.810834541210882,0.23656074710397576,0.0,0.13399387713086716,-4.632529648643178,0.0
45.502678705413096,-5.774808659938904,-536.3748286099279,1.5,0.567043751951486,-0.4250526930434534,0.43219513879828025,0.5576728014780931,-99.60044585286157,2.0677983916480924,0.0,0.3464245135985287,0.0007482873505001817,-0.09522542536500114,0.5943872636475435,35.6671817076,0.0,0.00034186929738057,-0.00022890608178577175,0.00018265798195055358,6.47216645152135,6.47684149848673,6.476837617146894,6.472246873865536,12.8161252676119,-0.10913516151614154,0.0,0.007831229153076422,-4.635545971922398,0.0
45.57727326066787,-13.201919356996436,-536.1213633388347,1.5,0.5744535848644392,-0.4192382852088373,0.4378679079191178,0.550012758275736,-99.5204527514515,4.727751630200728,0.0,0.34644966084232626,0.0007318586590825432,-0.09523030158268056,1.5503051781516162,35.64614353253704,0.0,0.0003320540906638175,-0.00021425167903154087,0.00018178463904962707,6.473466213086105,6.47814370852411,6.478138861384097,6.473545266548776,12.812002081609492,-0.4549331175712118,0.0,-0.11837139581000664,-4.635095086815142,0.0
45.65186781592265,-20.620403922452773,-535.6695624909116,1.5,0.581760631693916,-0.4133475065476112,0.4434624173571711,0.5422540830954642,-99.36917357927369,7.3851735655633295,0.0,0.3464740562462786,0.0007157750612667163,-0.09519829893063915,2.5055644645505426,35.59931566409996,0.0,0.00032051063088834567,-0.00021384228280735252,0.00017405678094832488,6.47474084842218,6.479415378860651,6.479410902427704,6.474816705888176,12.798467113052189,-0.8005552452501765,0.0,-0.24451663740055563,-4.631183451978701,0.0
45.726462371177426,-28.02494728699215,-535.0196866229704,1.5,0.5889635594026771,-0.407381427221373,0.4489776253619204,0.5343981571592267,-99.14668364714426,10.038141125539383,0.0,0.3464976338275424,0.0007000574465801245,-0.09520380398486192,3.4594632510001486,35.52671987955415,0.0,0.0003112407741442033,-0.00020779364553406618,0.00017395432802383702,6.47598557862239,6.480661528010629,6.480655975327321,6.476060312552061,12.775526908542721,-1.1457521586474664,0.0,-0.3705209257769203,-4.62382190331024,0.0
45.801056926432196,-35.41024195120699,-534.1721396637435,1.5,0.5960610540322303,-0.40134113208517336,0.4544125050621847,0.5264463798011038,-98.85311059554401,12.684733594758681,0.0,0.34652052349595097,0.0006845411806983747,-0.09517223267278127,4.4113004814505405,35.428397270099936,0.0,0.00030200741988238746,-0.0002254030910261875,0.0001734051515222311,6.477205787956954,6.481877881278723,6.481871361500041,6.477279301325173,12.743196809235528,-1.4902901770688906,0.0,-0.4962617483039464,-4.612962154973839,0.0
45.87565148168697,-42.77099188626653,-533.1274686860006,1.5,0.6030518207937551,-0.39522771939652174,0.4597660453242665,0.5184001686196154,-98.4886343111976,15.323034006876716,0.0,0.3465427355148767,0.0006689481843767193,-0.09517779979855104,5.360376495731102,35.3044081214937,0.0,0.00029236637895826935,-0.00020137997634789607,0.00017083353912183732,6.478395646989588,6.483071116040668,6.48306403560741,6.4784674128052,12.701499000242418,-1.83389322404572,0.0,-0.6216628028411215,-4.5986897004039005,0.0
45.95024603694175,-50.101916426796556,-531.8863635720512,1.5,0.6099345838774914,-0.3890423008473406,0.46503725104374233,0.5102609593955608,-98.05348680252675,17.951130607143167,0.0,0.34656403673283304,0.000654045227001396,-0.0951471353599205,6.305993546990536,35.154831966599914,0.0,0.0002896142113359669,-0.0002181000407313633,0.00019273360350748934,6.479559606294815,6.484236548438961,6.4842242283621445,6.47963624018889,12.650461519047468,-2.1762765762266745,0.0,-0.746637584610052,-4.58094548248169,0.0
46.024840592196526,-57.39775415311951,-530.4496565702678,1.5,0.6167080882785144,-0.3827860027797526,0.47022514169791746,0.5020302043133786,-97.54795203890565,20.567118326189227,0.0,0.34658467894657763,0.0006390685826000636,-0.09515368021452508,7.247456287775329,34.97976741616893,0.0,0.0002729599981665532,-0.00019481145514906346,0.00016344943661809406,6.4807007384101,6.485374814723814,6.485367098202024,6.48076846008987,12.59011783889125,-2.5172190287929794,0.0,-0.8710741895468863,-4.559813101592901,0.0
46.0994351474513,-64.65326676036891,-528.818321745743,1.5,0.623371098155074,-0.37645996398562737,0.47532875356270016,0.49370937355635375,-96.97236576012806,23.169100139706273,0.0,0.34660466873991597,0.0006245393563259936,-0.09512308853308077,8.184072359130532,34.77933216459988,0.0,0.0002778220112757992,-0.00021141037052525553,0.0002119479908478955,6.4818095198916605,6.486491210214507,6.486473187529454,6.4818893193562745,12.52052234159816,-2.8564636987948675,0.0,-0.9948836533989146,-4.53523936003646,0.0
46.17402970270608,-71.86324291057197,-526.9934743265007,1.5,0.6299223983341938,-0.37006533667032154,0.4803471386208473,0.48529995373041523,-96.3271152086521,25.75518850090421,0.0,0.34662408803940725,0.0006100042202886463,-0.09512951814367025,9.115152883140132,34.553662831610865,0.0,0.0002545715005613688,-0.00018844598908650598,0.00015749055147166031,6.482903262068972,6.487576209361103,6.48756766063701,6.482967401291756,12.441711992976417,-3.1937458808846113,0.0,-1.1179701792563985,-4.50728776599594,0.0
46.248624257960856,-79.02250206550845,-524.9763699431428,1.5,0.6363607935372321,-0.36360328523878005,0.4852793656498607,0.4768034486942179,-95.61263888235857,28.323506770924453,0.0,0.34664288087640904,0.0005957666539607108,-0.0950987518061611,10.040013003400524,34.30291488869985,0.0,0.000235366485190878,-0.00018599371709551585,0.00011720361324569267,6.4839726257869525,6.488635367474369,6.488633593871789,6.484024946159759,12.35375323742545,-3.5288197431026593,0.0,-1.2402478372462784,-4.4759916980039804,0.0
46.323218813215625,-86.12589829754478,-522.7684037636086,1.5,0.642685109845865,-0.35707498754839573,0.4901245191428527,0.4682213777527771,-94.82942619391513,30.872190601432482,0.0,0.34666091708882824,0.0005818828938535595,-0.09510581738843132,10.957972371272927,34.02726251660789,0.0,0.00023704307530353442,-0.0001827125011819043,0.00015241540438367857,6.485006379325838,6.489678299806122,6.489668823652415,6.485067248743428,12.256709385309497,-3.8614334844026152,0.0,-1.3616171921999243,-4.44136561202103,0.0
46.3978133684704,-93.16832407462118,-520.3711095241466,1.5,0.6488941937732564,-0.3504816333225315,0.49488170060600045,0.4595552767581276,-93.9780171133257,33.39938933222923,0.0,0.3466779399082685,0.0005682779662485322,-0.09507713420989035,11.868355688600515,33.726898486199815,0.0,0.00025137686256000756,-0.0001988264595580173,0.00023323895473669468,6.486012163078644,6.4906992789771865,6.490673363629932,6.486093896479773,12.150639606541137,-4.191338065253737,0.0,-1.4819886976274477,-4.403391724657155,0.0
46.47240792372518,-100.14471401791165,-517.7861584568944,1.5,0.6549869131179388,-0.34382442437402216,0.49955002823543077,0.4508066970865521,-93.05900179772956,35.903267365937914,0.0,0.34669479175818246,0.0005547041203188535,-0.09508427628813974,12.770493211297175,33.40203397314799,0.0,0.0002198404362997636,-0.0001763526779585084,0.00014630652416074602,6.487013248965865,6.491684058572302,6.491673926583814,6.487070643065495,12.035635166305768,-4.518282426698179,0.0,-1.6012701451100304,-4.362156776885907,0.0
46.547002478979955,-107.0500486284547,-515.0153581144104,1.5,0.6609621567852955,-0.3371045742294589,0.5041286372372029,0.4419772058021391,-92.07302012892701,38.382005558892,0.0,0.3467108569970241,0.0005414072938074524,-0.09505487975877837,13.663721245500506,33.052898416899794,0.0,0.0002216965701617163,-0.00018119441010553457,0.0001805737062176832,6.487977499341252,6.4926543066830025,6.4926367104327545,6.48804324480161,11.911776526666927,-4.842043285858863,0.0,-1.7193777255423166,-4.317669195445296,0.0
46.62159703423473,-113.8793579795009,-512.0606510932413,1.5,0.6668188354468915,-0.3303233082781499,0.5086166797177022,0.4330683846858025,-91.02076125289851,40.83380253386765,0.0,0.3467263501351292,0.000528264818282705,-0.09506289738055963,14.547382656381242,32.679739339911414,0.0,0.00020352710502286373,-0.0001704370172858014,0.00014126157326268575,6.488926688824004,6.493596546871318,6.49358562917391,6.488980968775838,11.779147804779416,-5.162365420096226,0.0,-1.836222466289724,-4.269969666476365,0.0
46.69619158948951,-120.627725373339,-508.92411365745016,1.5,0.6725558814831007,-0.32348186342734564,0.513013324843535,0.4240818303689077,-89.90296309407854,43.25687604583396,0.0,0.3467413279982575,0.0005155157953070344,-0.09503342302514883,15.420827337100496,32.28282214089977,0.0,0.0001944435266085556,-0.00017715226303769568,0.0001345539842402758,6.4898510451121245,6.494517161613341,6.4945066807548315,6.48990266609254,11.637866660039064,-5.478997269721629,0.0,-1.9517015330139327,-4.219093482213595,0.0
46.77078614474428,-127.29029095817437,-505.6079542612349,1.5,0.6781722490486944,-0.3165814872387192,0.5173177594731492,0.415019154126213,-88.72041176442136,45.649464330060354,0.0,0.3467555894397402,0.0005028797825889084,-0.09504201286370584,16.283412743315292,31.862429897703446,0.0,0.00018760675382373257,-0.0001645636442967651,0.0001355017368004896,6.490749844481035,6.495418572898256,6.49540707567597,6.490800886521933,11.488017339616922,-5.791721728680829,0.0,-2.065740882089717,-4.16506138140702,0.0
46.845380699999055,-133.86225530302372,-502.11451197368996,1.5,0.6836669142599596,-0.3096234379075846,0.5215291879986225,0.40588198175091567,-87.47394102993327,48.00982737499174,0.0,0.34676954666347487,0.0004903303285823707,-0.09501237695532642,17.13450433300048,31.418863124899737,0.0,0.0001588216258077889,-0.00015507070504938695,5.586783948771413e-05,6.491638786148986,6.496289214252644,6.496292193983628,6.491667551036702,11.32971783808426,-6.100304961130274,0.0,-2.178263979384451,-4.107972547152844,0.0
46.91997525525383,-140.33888292868627,-498.4462548072806,1.5,0.6890388760142107,-0.30260898517571566,0.5256468319418014,0.39667195199754757,-86.16443167018267,50.336248225415915,0.0,0.3467823992871841,0.00047830199723382784,-0.09502234233830917,17.973476050325804,30.95243958716243,0.0,0.0001724248882889559,-0.00015891055622630748,0.0001303233368434628,6.492485429836475,6.49715315836556,6.497141040798474,6.492533461501824,11.163083941879139,-6.404506277299152,0.0,-2.289173096165866,-4.047807893363738,0.0
46.99456981050861,-146.71550579099522,-494.6057779494458,1.5,0.6942871552129986,-0.2955394081520354,0.5296699310751843,0.3873907180743956,-84.7928108358478,52.62703428324569,0.0,0.3467951372769467,0.00046624667035167165,-0.09499342865317284,18.79971080000047,30.463493990399716,0.0,0.0001590327300700823,-0.00015882675176840777,0.00010579154006448057,6.493324926558977,6.497985758881764,6.497977572469618,6.493365567011521,10.988240333995646,-6.70412005755602,0.0,-2.398388226544374,-3.9846518059905622,0.0
47.069164365763385,-152.98752671434121,-490.5958019003093,1.5,0.6994107956771843,-0.28841599653615,0.5335977428418849,0.3780399458606366,-83.36005135912357,54.88051852012762,0.0,0.34680720325296627,0.0004544856205768152,-0.09500265409414756,19.612600913466103,29.952377780026058,0.0,0.0001580669433224827,-0.00015353108750503218,0.00012607843204981295,6.494136278883051,6.498803156282309,6.49879030910299,6.4941816217493376,10.805315450857226,-6.998908309355591,0.0,-2.50583124392591,-3.9185315737164665,0.0
47.14375892101816,-159.15042277273187,-486.41917051776556,1.5,0.7044088641174315,-0.28124005006689906,0.5374295424926281,0.36862131415223737,-81.86717103696114,57.09506074649045,0.0,0.34681863926906975,0.0004428895614211313,-0.09497491894632558,20.411548562600448,29.41945882719969,0.0,0.00015567291165033236,-0.00015321916871714416,0.00014067443593455427,6.494929199939873,6.499598283065804,6.499581886545596,6.494977730082447,10.614443834549188,-7.288650505992614,0.0,-2.61141871788331,-3.849512885185909,0.0
47.21835347627294,-165.19974861609603,-482.07884897004385,1.5,0.7092804500703098,-0.27401287754190656,0.541164623758468,0.3591365145479068,-80.31523187923972,59.26904882879466,0.0,0.34682977132887977,0.00043153835514561135,-0.09498409389880424,21.19596626460969,28.865121167438197,0.0,0.00014446261334498305,-0.00014812944421958342,0.00012254343873401065,6.495705177942231,6.500371396331185,6.500357750415248,6.495748090536524,10.415768594582232,-7.573143949834549,0.0,-2.715068399378091,-3.77764700720249,0.0
47.29294803152771,-171.13113973903413,-477.5779215991854,1.5,0.7140246660110288,-0.2667357967119451,0.54480229879902,0.3495872513459066,-78.70533931780528,61.400899856019,0.0,0.34684010369886836,0.00042043688208432236,-0.09495696592117032,21.965277291200433,28.289764702599665,0.0,0.00014683599650100853,-0.00015663625042149087,0.00015352565390917638,6.496456627427825,6.501127600663597,6.5011072913893955,6.496507176147779,10.20943412239508,-7.852163806144755,0.0,-2.816723075698357,-3.702972278645405,0.0
47.367542586782484,-176.9403156897821,-472.9195896959141,1.5,0.7186406482447097,-0.2594101352673667,0.548341897582062,0.3399752399324007,-77.03864139537079,63.48906135062865,0.0,0.3468502955867728,0.0004093849428124573,-0.09496626230021198,22.718916058598925,27.693804876500682,0.0,0.0001308942684848299,-0.0001429546321076137,0.00011713466806368489,6.497195265018053,6.5018603680796625,6.501846350102116,6.497235309195041,9.995594979854538,-8.125521131463538,0.0,-2.916301903131104,-3.6255828267733157,0.0
47.44213714203726,-182.62308321713718,-468.1071691882012,1.5,0.7231275565435664,-0.25203723002710526,0.5517827684569511,0.3303022072005849,-75.31632791281659,65.53201237010813,0.0,0.3468594766204825,0.0003987688065483313,-0.09494006568253122,23.456328573200416,27.077672393199645,0.0,0.00015080699818877726,-0.00015957012741344917,0.00021119214860311464,6.49790025365593,6.502583550776207,6.502550787366256,6.497964963545379,9.77440948194827,-8.3929921061488,0.0,-3.01369391234983,-3.5454799091177556,0.0
47.51673169729204,-188.1753393528316,-463.14408824503414,1.5,0.727484573863344,-0.24461842488746693,0.5551242790335827,0.3205698922604689,-73.53962955012892,67.52826467901718,0.0,0.3468686852019951,0.0003881078610585521,-0.09494978810354533,24.17697288199164,26.441812834737327,0.0,0.00011805788780253358,-0.00013738092929007457,0.00011242833945715955,6.498608841693721,6.503273085761595,6.50325862518242,6.498646271117416,9.546041874952875,-8.65439144294611,0.0,-3.1088712454542744,-3.4627812773969175,0.0
47.591326252546814,-193.59307442689305,-458.03388479642905,1.5,0.7317109070205434,-0.23715507250233478,0.558365815389683,0.31078004494787054,-71.70981695026956,69.4763638269727,0.0,0.3468773542294027,0.00037773872805144267,-0.09492233361799285,24.880319428800394,25.78668637469962,0.0,0.00010685973727239881,-0.00014666106127984562,9.187676538039967e-05,6.499291609176462,6.503948567768056,6.503937406904783,6.499322852974179,9.310656841559863,-8.909537076856044,0.0,-3.2017505508042796,-3.3775175997306985,0.0
47.66592080780159,-198.87237501439634,-452.7802039735916,1.5,0.7358057871475339,-0.2296485342620818,0.5615067819444537,0.3009344249863408,-69.82819979710612,71.37489020484537,0.0,0.3468857005649861,0.0003675118635462892,-0.09493218358839355,25.5658514144171,25.112767384237568,0.0,0.00010585555657749025,-0.0001325912054142214,0.00010810937509579343,6.499948761417169,6.5046120510257595,6.504597138936981,6.499983745963097,9.068440956812967,-9.158229016289303,0.0,-3.292260327491159,-3.2897696870964266,0.0
47.74051536305636,-204.00942681042926,-447.3867954699129,1.5,0.739768469106585,-0.22210017868803697,0.5645466023225949,0.291034802984893,-67.89612580819089,73.22246011077844,0.0,0.34689307564877037,0.0003574771418555508,-0.09490647278285681,26.233065232700376,24.4205440994996,0.0,0.00010958690081350901,-0.00013457088412738242,0.0001411756099723269,6.500587889026278,6.505257367026345,6.505235487980085,6.5006311679538955,8.819547666139757,-9.400274551742436,0.0,-3.3803406506473483,-3.199597461780525,0.0
47.81510991831114,-209.00051743234235,-441.8575108240331,1.5,0.7435982319887235,-0.21451138164397482,0.5674847191310115,0.2810829594287681,-65.91497979670201,75.01772677899775,0.0,0.3469001632840776,0.00034769574718239367,-0.09491804174526201,26.881470820473474,23.710518227896706,0.0,9.432286404163438e-05,-0.00012707815945298432,0.00010433647110095829,6.501217407617087,6.505880106600325,6.505864700948101,6.501250157259263,8.564181767206804,-9.635503223334009,0.0,-3.465921308645764,-3.107079334081246,0.0
47.889704473565914,-213.8420391470555,-436.19630062774473,1.5,0.7472943792856424,-0.20688352679492267,0.5703205938206554,0.2710806841016822,-63.88618260294943,76.75938136732418,0.0,0.34690693090941477,0.00033810169759078065,-0.09489170700565028,27.51059200440035,22.98320460279958,0.0,0.00011303215639254412,-0.0001365992988714017,0.00019121455600231444,6.501815267431963,6.506495467572768,6.506462789069542,6.501870841800783,8.302533614413349,-9.863758920419379,0.0,-3.5489417355941475,-3.0122602041114948,0.0
47.96429902882069,-218.53049151990865,-430.4072116621827,1.5,0.7508562388014001,-0.1992180039437198,0.5730537072001034,0.2610297765043542,-61.81119005211557,78.4461538840637,0.0,0.3469136295042331,0.0003286227872739056,-0.09490195372636434,28.11996685687551,22.23913073355147,0.0,8.318790557512471e-05,-0.00012241802020464764,0.00010016023215407922,6.502417718230167,6.507079503977911,6.507063744124586,6.502448186176342,8.034789858476193,-10.084851440524437,0.0,-3.629339428968062,-2.915241619125751,0.0
48.03889358407547,-223.06248398466053,-424.4943839628486,1.5,0.754283162933058,-0.19151621005432154,0.5756835591590234,0.2509320448171783,-59.69149188503879,80.07681417264571,0.0,0.34691950643618474,0.0003193339871967997,-0.09487616974854772,28.709148034900327,21.478836470299562,0.0,8.747820802256795e-05,-0.00012594539414674644,0.00013342893552106263,6.50298906646368,6.507656844624703,6.507634139949606,6.503027944374255,7.761141975934293,-10.29862726444537,0.0,-3.7070626195506424,-2.816073370645294,0.0
48.113488139330244,-227.43473833282783,-418.4620478155495,1.5,0.7575745287934599,-0.18377954838821256,0.578209668859682,0.24078930573173074,-57.528610668042745,81.65017278269717,0.0,0.346925122773721,0.00031025243810627566,-0.09488776509635846,29.277703094892335,20.702873550981124,0.0,7.249823629170554e-05,-0.00011750632935314477,9.578593428387174e-05,6.50355202466457,6.508212953698602,6.5081969387251,6.503580218583859,7.481799803736525,-10.50492614011965,0.0,-3.7820538499764096,-2.714848320179678,0.0
48.18808269458502,-231.64409111995042,-412.3145206865358,1.5,0.760729738170563,-0.1760094282240168,0.5806315748759662,0.23060338439896508,-55.32410065484269,83.1650818595818,0.0,0.3469304536023393,0.0003013836551639114,-0.09486140774439909,29.825214816500363,19.911805209599457,0.0,6.177748507106762e-05,-0.00012484385492126,7.326341858838472e-05,6.504099119267663,6.508752591469829,6.5087403779917645,6.504120719675144,7.196970902948253,-10.703603225235334,0.0,-3.854244727900394,-2.6116295115770245,0.0
48.26267724983979,-235.6874959865436,-406.05620408854264,1.5,0.7637482178525975,-0.1682072650464896,0.5829488350906483,0.2203761134492971,-53.079546633512834,84.62043597580143,0.0,0.3469353232687014,0.00029251638624858817,-0.09487325874588443,30.351281497276577,19.10620574446147,0.0,6.238558818495748e-05,-0.00011286993017571589,9.17356533056811e-05,6.504622822399858,6.5092828975810555,6.509266625746322,6.504648890097466,6.906850346964531,-10.89451683344223,0.0,-3.9236014586818317,-2.506489101385715,0.0
48.337271805094566,-239.56202589382616,-399.69158038612676,1.5,0.7666294193503702,-0.160374478940851,0.5851610271330279,0.21010933395635864,-50.79656280162109,86.01517292024639,0.0,0.3469400276670644,0.00028404177545720974,-0.09484675393908781,30.855517247400282,18.286660065499532,0.0,2.5920817666266573e-05,-0.00011654454533012585,-2.5820296473887656e-05,6.505151632903378,6.509782822787651,6.509788637121149,6.50514553017701,6.6116844532753305,-11.077500594510303,0.0,-3.9900633117530377,-2.399544294942071,0.0
48.41186636034934,-243.26487527052734,-393.22520954056375,1.5,0.7693728195517483,-0.1525124967354863,0.5872677478136766,0.1998048929639939,-48.47679150154559,87.34827453823486,0.0,0.3469439190800794,0.00027568239862472646,-0.09485983786983732,31.337552262415258,17.453763308397832,0.0,5.319763588047956e-05,-0.0001082790516950793,8.931213398851168e-05,6.505632320117272,6.510291942104909,6.510275156557812,6.505656755555137,6.31166237643813,-11.25245082310538,0.0,-4.053580996677985,-2.290843134948149,0.0
48.48646091560412,-246.79336206987517,-386.66172579832266,1.5,0.7719779202358776,-0.14462274902740288,0.5892686138318237,0.18946464547447037,-46.12190207469646,88.61876740243329,0.0,0.34694745608494704,0.0002674179804769146,-0.09483529580532318,31.797033083600255,16.608120320299516,0.0,6.959010738841911e-05,-0.00010861984294771621,0.00016423485292184695,6.506105285777054,6.510780992701866,6.510749347339132,6.506149441115714,6.007007460069276,-11.419226619002792,0.0,-4.1141285525840825,-2.180454564393545,0.0
48.561055470858896,-250.14492973694774,-380.00583432641776,1.5,0.7744442485553816,-0.1367066719103174,0.5911632613968045,0.17909045231220092,-43.73358961284905,89.82572355966994,0.0,0.34695084572171775,0.0002594264990289629,-0.09484799802412198,32.23362286666596,15.750345260217093,0.0,4.36674577621253e-05,-0.00010349943543814743,8.392173382674293e-05,6.506583488820061,6.511242054794406,6.511225383925734,6.506605551059355,5.697950739912562,-11.577701346147082,0.0,-4.1716514109140705,-2.068484905959783,0.0
48.63565002611367,-253.3171490828477,-373.262307794403,1.5,0.7767713569059191,-0.12876570585175534,0.5929513464647896,0.1686841806828054,-41.313573703586336,90.96826122370977,0.0,0.3469542335943819,0.00025158424573315096,-0.09482182190435766,32.647001612900276,14.881061122499403,0.0,3.0106139217630787e-05,-0.00011440523609494908,4.839934431470461e-05,6.507043658539035,6.51169124579228,6.511680960661701,6.507055711567416,5.3847202450914855,-11.727785011762002,0.0,-4.226086555684662,-1.9550163496251434,0.0
48.71024458136845,-256.30772006510557,-366.4359829083382,1.5,0.7789588230986972,-0.12080129535062173,0.5946325447342733,0.1582477036204535,-38.86359717068626,92.04554536384639,0.0,0.34695721804010554,0.00024381249826997353,-0.09483391449197164,33.03686638405091,14.000899251344842,0.0,3.560318736601919e-05,-9.956606884365379e-05,8.221891750588425e-05,6.507477931661221,6.512136055376362,6.512118846929758,6.507498670407358,5.067547269143534,-11.869349977538734,0.0,-4.277418016405839,-1.8401345871803603,0.0
48.78483913662322,-259.11447347295154,-359.5317568988093,1.5,0.7810062503294605,-0.11281488864945576,0.596206551741149,0.14778289991151106,-36.385424782552384,93.05678834464716,0.0,0.346959314469376,0.00023621857995160736,-0.09481040772358515,33.4029315305002,13.110498889899493,0.0,5.146164246251506e-05,-9.989651398342995e-05,0.00015353907697675807,6.507895588845426,6.512568999025911,6.512537677436615,6.50793513144555,4.746653192162021,-12.002278663504573,0.0,-4.32562023066005,-1.7239028357557746,0.0
48.859433691877996,-261.7353725167672,-352.55458396349565,1.5,0.7829132673716114,-0.1048079380538006,0.5976730827977154,0.1372916530364972,-33.88084197679525,94.00125051450583,0.0,0.3469613471322822,0.00022884082869358038,-0.09482401288520936,33.744928897949755,12.21050670852755,0.0,2.726756228992438e-05,-9.462555918093815e-05,7.787653971354962e-05,6.508318507377758,6.512975897227271,6.51295871314605,6.50833726631491,4.422280776809239,-12.126488981207052,0.0,-4.370636204533358,-1.6064294863517985,0.0
48.93402824713277,-264.16851432066693,-345.50947166832555,1.5,0.7846795286160786,-0.096781899743081,0.5990318729889849,0.1267758509980428,-31.35165354114896,94.87824072734348,0.0,0.3469634293506514,0.00022161072576215522,-0.09479862545754443,34.06260799510018,11.30157632939948,0.0,3.0467868564181025e-05,-9.827651282122389e-05,0.00010206778019817229,6.508716607010871,6.513377845343085,6.513355629011908,6.508741498885986,4.094681197826858,-12.241912048340062,0.0,-4.412450057754998,-1.4878022979246348,0.0
49.00862280238755,-266.41213131568895,-338.4014773115433,1.5,0.7863047139680714,-0.08873823198364204,0.6002826774655977,0.11623738688881499,-28.79968226168878,95.6871168055987,0.0,0.3469652976721547,0.00021452401878620822,-0.09481098205918474,34.3557361862201,10.384367796116672,0.0,1.9879713769857367e-05,-9.102818140549171e-05,7.539985570578116e-05,6.509107183232381,6.513763923862251,6.513746458909702,6.509124518213278,3.764076953454294,-12.348442185674799,0.0,-4.451028768789506,-1.3681084285927199,0.0
49.083217357642326,-268.4645925340661,-331.2357042518159,1.5,0.7877885289935532,-0.08067839590466054,0.6014252712898404,0.10567815798151775,-26.226767624685237,96.42728604267526,0.0,0.34696644213628786,0.00020764149255862106,-0.09478721248744915,34.624098848900175,9.459547121989365,0.0,1.946122890643068e-05,-9.851539966356025e-05,8.555098293003235e-05,6.509482325734843,6.514139199088897,6.514119425366781,6.509502037081818,3.4307180161195414,-12.445993319137962,0.0,-4.4863347393766,-1.2474160073065292,0.0
49.1578119128971,-270.3244048038858,-324.01729820161887,1.5,0.7891307051339616,-0.07260385647820843,0.6024594492842404,0.09510006418188154,-23.634764448091236,97.09820564149507,0.0,0.3469676134043017,0.0002008820003897268,-0.09480038692034848,34.86749950960707,8.527785813467961,0.0,1.213975680402052e-05,-8.673412218490319e-05,7.006234419233389e-05,6.509846516360878,6.514502143690073,6.51448499909298,6.509861708230379,3.094852755535417,-12.53451608227096,0.0,-4.518354147210163,-1.1258257702027141,0.0
49.23240646815187,-271.99021384174813,-316.75144349106904,1.5,0.7903309994423134,-0.06451607957942174,0.603385026405788,0.08450500994321253,-21.025541509460712,97.69938306064813,0.0,0.3469685548753373,0.0001941796882758857,-0.09477566325078517,35.085759987300115,7.589760318239464,0.0,-1.1637055981825013e-05,-8.623442899849847e-05,-6.043299270663951e-06,6.510208728188277,6.514845662806179,6.514842809036267,6.510203085203361,2.7567105148444573,-12.61393608881079,0.0,-4.547071735988064,-1.0034561149859325,0.0
49.30700102340665,-273.46080524434024,-309.44335930454065,1.5,0.7913891948291734,-0.05641653383192712,0.6042018375224925,0.07389490207360265,-18.400980211845212,98.23037639655637,0.0,0.34696871803896484,0.00018773162093868768,-0.09479090918904987,35.278720520732975,6.646151570361875,0.0,5.81281204489462e-06,-8.247701186478219e-05,6.836342864548153e-05,6.510537853056873,6.515193240123791,6.515175769375147,6.510551934659957,2.416551849398847,-12.684195426659189,0.0,-4.572459083459213,-0.8803585103222162,0.0
49.381595578661425,-274.7351053778683,-302.09829589138377,1.5,0.7923051000439882,-0.04830669020288998,0.6049097374560972,0.06327164970761673,-15.76297318175212,98.69079470295225,0.0,0.34696913751372466,0.00018144907811096616,-0.09476651323130592,35.44623986630008,5.69764449144946,0.0,9.62437786079245e-06,-9.004712336368228e-05,9.247844134940517e-05,6.51086417748233,6.515522867518502,6.515500455650123,6.510884447971541,2.074632860540825,-12.745260894576331,0.0,-4.594497686301941,-0.75664351972313,0.0
49.4561901339162,-275.81218216363385,-294.7215307554785,1.5,0.7930785496249094,-0.04018801982239622,0.6055086011181017,0.052637165193469615,-13.11342288169277,99.08029823040212,0.0,0.3469692972477158,0.00017532851697152132,-0.09478026453654759,35.58819538780006,4.744927427337892,0.0,-1.364692184753616e-07,-7.876624517789801e-05,6.654959692225075e-05,6.511183886481544,6.515838865197072,6.51582113820279,6.511196874685887,1.7312012070618372,-12.797069843856036,0.0,-4.613175501629196,-0.6324124455058566,0.0
49.53078468917098,-276.6912457596609,-287.31836482531776,1.5,0.793709404012489,-0.032061995483729525,0.6059983233683837,0.04199336259992316,-10.454240208261004,99.39859871222059,0.0,0.34696886695392276,0.00016920541971423257,-0.09475750789566188,35.70448313790007,3.7886916964193467,0.0,2.7165593202260203e-05,-8.020057181432785e-05,0.00017594727632076778,6.511476328013171,6.51615522709373,6.516116198194082,6.5115185055487945,1.3864806493281039,-12.839596343282523,0.0,-4.628488712023654,-0.5077057258703723,0.0
49.605379244425755,-277.3716491395088,-279.894118607225,1.5,0.7941975495263781,-0.023930091421367098,0.6063788190875018,0.03134215711957283,-7.787343144926726,99.64545953390301,0.0,0.34696877487597994,0.00016325044203538544,-0.09477078312707632,35.79501794168748,2.829631074192307,0.0,-6.335840078682931e-06,-7.47815843647213e-05,6.236191626969668e-05,6.511786851281554,6.516440954882195,6.516423479665176,6.5117981584874745,1.0407436578045892,-12.87280694478747,0.0,-4.6403969058329375,-0.38265665406735705,0.0
49.67997379968053,-277.8528885673195,-272.4541283253673,1.5,0.7945428984252353,-0.01579378273703266,0.606650023094251,0.02068546515374202,-5.114655330996935,99.8206959126303,0.0,0.34696828154015774,0.00015741521032936162,-0.09474689383525631,35.859733406500034,1.8684412810593438,0.0,-1.5684402182789924e-05,-6.391622786385223e-05,3.688324506492222e-05,6.512075698804942,6.516724280476599,6.516711441605777,6.512079882970346,0.6942650009025534,-12.896679936883361,0.0,-4.648960607182058,-0.25737469744195707,0.0
49.7545683549353,-278.1346039661395,-265.003742050682,1.5,0.7947453887904643,-0.007654544204994456,0.6068118903125952,0.010025204464869899,-2.4381046188114,99.92417501787897,0.0,0.3469674425431578,0.00015201153328820612,-0.09476161243528923,35.89858201434599,0.9058194445498898,0.0,-1.178645866992976e-05,-7.124487755243771e-05,5.948643338518943e-05,6.512348322345397,6.517001794689131,6.516984363039102,6.512358345972358,0.34727131391420424,-12.91119973867679,0.0,-4.654112265848504,-0.13191691875596834,0.0
49.82916291019008,-278.2165791817112,-257.54831582205696,1.5,0.7948049846432006,0.00048614979661155895,0.6068643956025096,-0.0006367061314256617,0.2403782845149587,99.9558160581162,0.0,0.3469666341669242,0.0001464860941295835,-0.09473761964485748,35.9115351038,-0.057536401267847676,0.0,-3.0437639948717485e-05,-7.593317987813477e-05,-7.939127416148439e-07,6.5126230230614475,6.517260733406654,6.517254649475576,6.51261657270915,6.632886780888352e-06,-12.91635857773035,0.0,-4.655868913052651,-0.006384714382638417,0.0
49.903757465444855,-278.09874214300993,-250.09320976244402,1.5,0.7947216759244128,0.008626823433832902,0.6068075337739314,-0.011298348929527486,2.918861215704527,99.91559032994275,0.0,0.34696532201947594,0.00014116913427667766,-0.09475288271828197,35.89858289178728,-1.0209277818056632,0.0,-1.697092510683148e-05,-6.764294974449689e-05,5.6198488117735135e-05,6.5128704418828205,6.517523208089235,6.5175059474782255,6.512879119035604,-0.3472527319457787,-12.912153047427301,0.0,-4.6542363326760245,0.11913595160614264,0.0
49.97835202069963,-277.78116491649894,-242.64378419258492,1.5,0.7944954784334776,0.016766001573479357,0.6066413196389303,-0.021957806054683875,5.595412013866205,99.8035212323903,0.0,0.34696403292131534,0.0001359584290853317,-0.0947294963126054,35.859734477699966,-1.983656330900656,0.0,-2.303469047284596e-05,-7.434317238815578e-05,4.132307068508068e-05,6.513120175187295,6.51776739624942,6.517752781154662,6.513124632279049,-0.6942700675945414,-12.898588754698688,0.0,-4.649208879770495,0.2445297631350282,0.0
50.05294657595441,-277.2640636552198,-235.2053957452971,1.5,0.794126433856966,0.0249022107382421,0.6063657879359158,-0.032613159473161374,8.26809988246348,99.61968423762615,0.0,0.34696249734310836,0.00013086013013852979,-0.09474449083838432,35.79501782089887,-2.9450243264840825,0.0,-2.136031493655274e-05,-6.408511976936667e-05,5.4469311451739165e-05,6.513354856218103,6.5180072769140125,6.517989932887107,6.513362651873449,-1.0407834346914873,-12.875677366034928,0.0,-4.640795188743507,0.3697309695568323,0.0
50.127541131209185,-276.547798443553,-227.78339348334976,1.5,0.793614609786932,0.033033978350981485,0.6059809932646322,-0.043262491942240466,10.934996820444457,99.3642068246388,0.0,0.34696095728688287,0.00012588913208081006,-0.09472096996322045,35.70447969849993,-3.9043351651506533,0.0,-3.855121570557425e-05,-6.597092178104237e-05,-1.8115014629082674e-06,6.513591781223138,6.518229772596426,6.518223052313552,6.513584224862709,-1.3865429581657855,-12.843436411529025,0.0,-4.629015315476887,0.49463621657400964,0.0
50.202135686463954,-275.632873036542,-220.38311502351374,1.5,0.7929600995838612,0.04115983187755498,0.6054870102022729,-0.053903888394783425,13.594179021934998,99.03726837986409,0.0,0.34695898757684634,0.00012104930350395428,-0.09473656616764409,35.58818568678399,-4.860893851914804,0.0,-2.556336374146888e-05,-6.074265253176133e-05,5.2105071724322245e-05,6.513803721647655,6.518455633575972,6.51843837233188,6.513810508898248,-1.7313045397399638,-12.801891400304633,0.0,-4.613873002501193,0.6191644605601766,0.0
50.27673024171873,-274.5199344955185,-213.0098826695794,1.5,0.7921630224361813,0.04927830074914481,0.6048839331712862,-0.06453543485005832,16.243728252214684,98.63910005627936,0.0,0.34695701997950396,0.00011645981834801292,-0.09471365575400731,35.446220084799904,-5.814007538310541,0.0,-2.9558053557021377e-05,-7.216112490021386e-05,4.3489523627026284e-05,6.514017748984408,6.518664907383749,6.518649131274827,6.514022044963359,-2.0747980246736093,-12.751076500105619,0.0,-4.5953623249589635,0.7432061714400264,0.0
50.35132479697351,-273.20977271886375,-205.66899955734664,1.5,0.7912235233466424,0.05738791645214272,0.6041718763692651,-0.07515521906460516,18.88173328685735,98.16998459280049,0.0,0.3469549524450914,0.00011183777081633965,-0.09472871759503841,35.278685833949325,-6.762986027707372,0.0,-2.9088175851071728e-05,-5.7425424992403045e-05,5.0942541350195283e-05,6.514218593970479,6.518870267582935,6.51885289966954,6.514224737999289,-2.416792952677759,-12.691030743100274,0.0,-4.573523918709471,0.8666762255761312,0.0
50.425919352228284,-271.7033198689081,-198.36574581454101,1.5,0.7901417730758779,0.06548721276837977,0.6033509737750652,-0.08576133073254912,21.506291257378187,97.63025609383881,0.0,0.34695249325911615,0.0001073944883761214,-0.0947067474330008,35.085704454699865,-7.707142271780643,0.0,-1.696248114919267e-05,-6.285508520446208e-05,0.00010075999164723823,6.514408051180183,6.519069342313743,6.519042252756692,6.5144274662347055,-2.7570352176052557,-12.621792221808601,0.0,-4.5483629395794045,0.9895172747070733,0.0
50.50051390748306,-270.00164969618874,-191.10537473792064,1.5,0.7889179680397836,0.07357472492552129,0.602421379171477,-0.09635186284264766,24.11550905382182,97.02029979171104,0.0,0.3469502250793701,0.00010304826337766101,-0.09472174475820293,34.86741593387929,-8.645792846305499,0.0,-3.3186549164966116e-05,-5.405998908070223e-05,4.643383777599734e-05,6.5146018181491305,6.519252521774707,6.519235732585545,6.514606459962063,-3.0952788706671432,-12.54342082983967,0.0,-4.519895138710581,1.111611469439562,0.0
50.57510846273784,-268.1059767605514,-183.89310899055153,1.5,0.787552330287434,0.08164899026276065,0.601383266092042,-0.10692491156120972,26.70750468981276,96.3405517419839,0.0,0.3469477775770146,9.878454667339813e-05,-0.09469896411592561,34.62397861089982,-9.578258447950635,0.0,-4.081970134747046e-05,-5.249077592102503e-05,2.328028174620484e-05,6.514785232144361,6.51942966402491,6.519417195906955,6.514783508771871,-3.431274225173838,-12.455973961095635,0.0,-4.488168640149554,1.2328553419076642,0.0
50.649703017992614,-266.0176555501554,-176.7341368224243,1.5,0.7860451075808345,0.08970855050536237,0.6002368275814961,-0.11747857519293672,29.280408674580098,95.59149850032203,0.0,0.3469450070763844,9.479583924313689e-05,-0.09471509310527905,34.35556906514609,-10.503864447914635,0.0,-3.6207004022587446e-05,-5.094260556924417e-05,4.466164482499723e-05,6.514954315482632,6.519604654740288,6.519587957997897,6.5149582318071255,-3.7647771693805057,-12.359514409858063,0.0,-4.453188605171531,1.3531936215839788,0.0
50.724297573247384,-263.7381794986042,-169.63360831664718,1.5,0.784396573166521,0.09775194933762106,0.5989822763999474,-0.12801095642190585,31.832365374891644,94.7736767636983,0.0,0.3469423552563499,9.086138550315565e-05,-0.09469238303567953,34.06238196999982,-11.42194130230052,0.0,-4.1008191916969e-05,-6.290009040894056e-05,3.125735989642329e-05,6.515122814406247,6.519767219532335,6.519752990088754,6.515123011436506,-4.095560167529191,-12.254117916394138,0.0,-4.414968775657226,1.4725163686697298,0.0
50.79889212850216,-261.26917990200315,-162.59663166414614,1.5,0.7826070257862523,0.10577773380969255,0.5976198448504051,-0.13852016192980615,34.36153433228487,93.88767296195427,0.0,0.3469395112424728,8.68859121702829e-05,-0.0947081601058174,33.74462993702836,-12.331825070366381,0.0,-3.880374760025272e-05,-4.786639226023514e-05,4.326852736223031e-05,6.515278065707501,6.519928104738287,6.519911468286121,6.515281399344932,-4.423374167773834,-12.139858221740077,0.0,-4.373550056845126,1.590748942633701,0.0
50.87348668375694,-258.61242473656483,-155.62826946948286,1.5,0.7806767896668173,0.1137844547436036,0.5961497846814624,-0.14900430248304525,36.866091609670015,92.93412283357544,0.0,0.3469365921478817,8.310493885037842e-05,-0.09468583862306179,33.4025433499998,-13.232857889300508,0.0,-4.667957394254786e-05,-4.56740365913327e-05,1.8056215228224547e-05,6.515433399481753,6.520076796048269,6.520064914915715,6.515429851987041,-4.7479691965096835,-12.016824433732477,0.0,-4.328989879916225,1.7078085016735904,0.0
50.948081239011714,-255.76981737613104,-148.73353509037958,1.5,0.7786062142871277,0.12177066638950837,0.594572367213081,-0.15946149386969713,39.34423113526684,91.91371094645102,0.0,0.3469336066421525,7.956568546869883e-05,-0.09470159877763606,33.03637021681422,-14.124388449655992,0.0,-4.140065185747032e-05,-4.497530259717048e-05,4.0732826327310196e-05,6.515574880678157,6.5202243424003745,6.5202080219714285,6.515577360015252,-5.069127042363049,-11.885109356824056,0.0,-4.281274984370412,1.8235976412057475,0.0
51.02267579426649,-252.74339521211988,-141.91738901421456,1.5,0.7763956746440565,0.1297349281225913,0.5928878828635977,-0.16988985600249143,41.794165972625855,90.82717018240884,0.0,0.34693052028847166,7.591691708648104e-05,-0.09467938415636713,32.646375928699726,-15.005772477100601,0.0,-5.5912540751904425e-05,-4.036363792331105e-05,-9.346897637019395e-06,6.515720432907371,6.520357858698572,6.520351091943825,6.515709352199915,-5.386613986096415,-11.744796049707752,0.0,-4.230494889030843,1.938053964142664,0.0
51.09727034952127,-249.53532817738662,-135.18473527301097,1.5,0.7740455706489313,0.1376758020425059,0.5910966417386471,-0.1802875154191681,44.21412962122196,89.67528122569827,0.0,0.34692701046318963,7.262658010208505e-05,-0.09469661255750965,32.232843118782164,-15.876373153877747,0.0,-4.377368543639546e-05,-4.1883244362678935e-05,3.791282218988353e-05,6.515846154866911,6.52049507012216,6.520479157851232,6.515847740821656,-5.700189109931622,-11.596000368638965,0.0,-4.176639751706335,2.05108143790061,0.0
51.17186490477604,-246.1479171732112,-128.54041789985905,1.5,0.7715563276220428,0.14559185626548088,0.5891989728438237,-0.19065260316959162,46.60237732046835,88.45887196292009,0.0,0.3469240694908203,6.925183818551155e-05,-0.09467344162805333,31.796071394199743,-16.735561630300484,0.0,-6.678392048494979e-05,-4.4966300399335916e-05,-4.385710792490016e-05,6.515984349049084,6.520612782101538,6.5206125310977265,6.515963856303196,-6.009649098850473,-11.438835250932955,0.0,-4.1197822628021905,2.1625909311648246,0.0
51.24645946003081,-242.58359240236226,-121.98921743028848,1.5,0.7689283957546913,0.15348166285638706,0.5871952245677864,-0.20098325704829775,48.9571872591565,87.17881687470665,0.0,0.3469206799542659,6.604648665447007e-05,-0.09468985624982243,31.33637714849194,-17.582717435038163,0.0,-4.5546626886128234e-05,-3.9492300127835366e-05,3.622251891294259e-05,6.5160933550077305,6.52074180206669,6.520726117318494,6.516094388345233,-6.314753168191736,-11.273411595529508,0.0,-4.059943666844972,2.2725252451835756,0.0
51.32105401528559,-238.84491160930423,-115.53584745025516,1.5,0.7661622502754357,0.16134379926169415,0.5850857643081592,-0.21127762090817817,51.27686185326331,85.83603639480461,0.0,0.3469172922892099,6.294797494873559e-05,-0.0946679778551056,30.85409330279972,-18.41722893670047,0.0,-6.34431841089889e-05,-4.510525347838728e-05,-2.7345369099367017e-05,6.516217795692381,6.520849660695286,6.520846156191774,6.516201670249328,-6.615276214324269,-11.0998419575936,0.0,-3.9971850129521136,2.380775350400067,0.0
51.39564857054037,-234.93455822716297,-109.1849511925955,1.5,0.7632583912574601,0.16917684827985446,0.5828709784826136,-0.22153384532366532,53.559728975102466,84.43149625482228,0.0,0.3469137313979539,5.993871479314554e-05,-0.09468472546023358,30.349569066164914,-19.23849378487874,0.0,-4.688096847477483e-05,-3.668775018765775e-05,3.510351071268113e-05,6.516317870131648,6.520966110810196,6.520950577423957,6.516318538365783,-6.911014926912378,-10.918268128218955,0.0,-3.9315389634985896,2.4872868062358098,0.0
51.47024312579514,-230.85533943477876,-102.94109818561978,1.5,0.7602173436192294,0.17697939854362957,0.580551272358867,-0.23175008762492005,55.80414313082911,82.96620673982498,0.0,0.3469101692563724,5.699534700638671e-05,-0.0946632186328378,29.823169669399636,-20.045919338800548,0.0,-5.057871639030941e-05,-3.933045594954166e-05,2.306242426584325e-05,6.516424417774841,6.5210684031716,6.521055165143442,6.516421823942543,-7.201749205718645,-10.728810739852968,0.0,-3.863069641777002,2.59198270375502,0.0
51.54483768104992,-226.6101841247677,-96.80878095579347,1.5,0.7570396567900635,0.18475004384782218,0.5781270702299762,-0.2419245130463532,58.008486667347924,81.4412219815278,0.0,0.3469065265717301,5.41988084534182e-05,-0.09468004574205828,29.27527609914997,-20.838923072729248,0.0,-4.7893203251840126e-05,-3.400882843808539e-05,3.416426404106079e-05,6.516521239193328,6.521169315916646,6.521153933023778,6.516521624422369,-7.487272406118479,-10.531615348799857,0.0,-3.7918225686842666,2.694775505818368,0.0
51.6194322363047,-222.20214078356412,-90.79241178628874,1.5,0.7537259049433664,0.19248738492473064,0.5755988149227295,-0.2520552937783525,60.17117092792246,79.8576391696057,0.0,0.3469028239232244,5.152210470051967e-05,-0.09465886079951345,28.706284812499607,-21.616933031300526,0.0,-3.3994703626946435e-05,-4.31859734615632e-05,8.610420158535395e-05,6.516609583542671,6.52126725966147,6.521241892168671,6.5166239564506485,-7.767379051809839,-10.326827776061759,0.0,-3.7178349945198237,2.7956097059935647,0.0
51.694026791559466,-217.6343752856166,-84.89631953498093,1.5,0.750276686580928,0.2001900282623808,0.5729669680627465,-0.26214061048688114,62.2906373964889,78.21659774356473,0.0,0.34689916370387175,4.881626935895332e-05,-0.09467560421904865,28.116607438627838,-22.37938819627786,0.0,-4.9304300681152286e-05,-3.137792181907329e-05,3.079755823430828e-05,6.516705189228318,6.52135254460227,6.521337811183879,6.516704670067618,-8.041867302992713,-10.11458564448507,0.0,-3.641175735943689,2.8944089880830144,0.0
51.76862134681424,-212.91016860309966,-79.12474651246556,1.5,0.7466926244502327,0.20785658646946764,0.5702320099803861,-0.27217865244470163,64.36535881848177,76.51927859625083,0.0,0.34689576227101826,4.62900277036884e-05,-0.09465319390821082,27.506670478699647,-23.12573888500042,0.0,-6.420718684477876e-05,-3.550244994641665e-05,-2.3261023630665665e-05,6.516798106420098,6.521431258482489,6.5214269265060185,6.516783038586612,-8.31053857139695,-9.895067562384023,0.0,-3.5619110293787815,2.991075936356732,0.0
51.84321590206902,-208.03291443296433,-73.48184542371267,1.5,0.7429743657415484,0.21548568012218566,0.5673944391541371,-0.28216761672839996,66.39384029594024,74.76690316036962,0.0,0.346891961163102,4.3946284745928045e-05,-0.09467037601829528,26.87691499216537,-23.85544720169976,0.0,-4.9761204133890937e-05,-2.916074485163665e-05,2.9994523296293496e-05,6.516870420214487,6.521517550908225,6.521503003427142,6.516869716359584,-8.573193885810893,-9.668419455604608,0.0,-3.480089080145681,3.0855685535219597,0.0
51.917810457323796,-203.00611674237373,-67.97167637601669,1.5,0.7391225816320449,0.22307593632487074,0.564454772591969,-0.2921057097225458,68.37462038427213,72.96073254127475,0.0,0.3468880974420882,4.153570109682417e-05,-0.09464960716761452,26.22779627579955,-24.56798736320048,0.0,-3.773157795906589e-05,-3.666669068564749e-05,7.416429889988232e-05,6.516941584558024,6.521596776181265,6.521573769316977,6.516952807370198,-8.829666968311972,-9.434789384456188,0.0,-3.3957575088363914,3.177825399464412,0.0
51.99240501257857,-197.83338723584004,-62.59820395271761,1.5,0.7351379671834593,0.23062598910602014,0.5614135456467535,-0.3019911474175722,70.30627208911854,71.10206663023837,0.0,0.34688445332908513,3.923719386170659e-05,-0.09466620349782612,25.559783511248696,-25.262846066655257,0.0,-5.028227573949085e-05,-2.6767319108599174e-05,2.8061590937261697e-05,6.517018629662541,6.521665347567706,6.521651235527689,6.517017469126079,-9.079750420241815,-9.194371432054597,0.0,-3.308993299462365,3.2677656269226096,0.0
52.06699956783335,-192.51844274493513,-57.365294356996884,1.5,0.7310212413835847,0.23813448044232946,0.5582713117310112,-0.3118221550316795,72.18740394580965,69.19224310826567,0.0,0.3468807813203154,3.7037842567485784e-05,-0.09464474601878664,24.873359441899524,-25.939522893200454,0.0,-5.6609150618916915e-05,-3.0861347910773095e-05,4.539149627431528e-06,6.51709058081612,6.521730189696677,6.521720640714039,6.517083126825664,-9.323274175637463,-8.947333561429879,0.0,-3.2198626162448614,3.355328011994507,0.0
52.141594123088126,-187.0651025417724,-52.276712628142356,1.5,0.7267731468733698,0.2456000599480692,0.5550286423408689,-0.3215969678316882,74.01666098891161,67.23263649510561,0.0,0.34687695543760333,3.490461665141903e-05,-0.09466206224185449,24.169020006520952,-26.59753063860649,0.0,-5.029491176471485e-05,-2.4562059534453132e-05,2.7127467711887455e-05,6.517150810720684,6.521797321396643,6.521783481160741,6.517149490854538,-9.560065637249636,-8.693849600904084,0.0,-3.12842259986826,3.4404546248234884,0.0
52.216188678342895,-181.47728558000838,-47.33611993030484,1.5,0.7223944498552635,0.2530213852269541,0.5516861269231914,-0.3313138312787936,75.7927257199426,65.22465716296483,0.0,0.346873205327398,3.2928117878607334e-05,-0.09464096953363654,23.447273982699585,-27.23639566290036,0.0,-5.1211102513848194e-05,-3.140865290274078e-05,2.300904230069581e-05,6.5172128299623395,6.52185633706561,6.521843344224713,6.517210456679471,-9.78994498820688,-8.434117474153199,0.0,-3.034741502034746,3.5230810119766733,0.0
52.29078323359767,-175.7590076638453,-42.5470709171738,1.5,0.7178859399489773,0.2603971221621502,0.5482443727170296,-0.34097100137307035,77.5143190732799,63.16975028443057,0.0,0.34686953821059735,3.102082423914354e-05,-0.09465782079693803,22.7086426072524,-27.855658224817173,0.0,-5.051435336866702e-05,-2.2492219669569634e-05,2.460552719115583e-05,6.517268498290788,6.521914412340792,6.521901175069291,6.517266617416498,-10.012757362405056,-8.168318886532955,0.0,-2.9388837765619744,3.6031503590553813,0.0
52.36537778885245,-169.91437854765397,-37.913011174585414,1.5,0.7132484300035242,0.2677259449872186,0.5447040047385252,-0.35056674500018015,79.18020131106012,61.06939479185355,0.0,0.34686575076840054,2.9095478897776356e-05,-0.09463700396291175,21.953659208499477,-28.454872807600406,0.0,-5.5074676764926524e-05,-2.54485413254225e-05,6.736768075332721e-06,6.517325157631023,6.52196545817944,6.52195572540017,6.517318534129373,-10.228342973171143,-7.896631388941413,0.0,-2.8409347634829065,3.680610287357826,0.0
52.439972344107225,-163.94759896875763,-33.43727474112248,1.5,0.708482756002442,0.275006536720492,0.5410656655336794,-0.36009934016710105,80.78917291681098,58.925102333836065,0.0,0.34686198284769476,2.731392737086341e-05,-0.09465440094156993,21.182868803247107,-29.03360843204294,0.0,-5.0024565878816794e-05,-2.0389557157736902e-05,2.38888285791223e-05,6.517372340357619,6.5220181174795835,6.522005164502577,6.517370412993847,-10.436546383525734,-7.619270515159869,0.0,-2.7409488814872636,3.75540134608887,0.0
52.514566899362,-157.86295761504903,-29.12308170988055,1.5,0.7035897769639062,0.28223758944425487,0.5373300150308602,-0.3695670761898478,82.34007545052384,56.738416140997096,0.0,0.3468583242799103,2.5601343218105345e-05,-0.09463331019602683,20.39682770429946,-29.591448960800378,0.0,-5.977037431921178e-05,-2.419245007457112e-05,-1.3372757460021628e-05,6.517425299576187,6.522060856518155,6.5220551471045205,6.517413418120693,-10.637214149114634,-7.336434089402905,0.0,-2.639006862568451,3.8274716214309215,0.0
52.58916145461678,-151.66482802931628,-24.973535913631718,1.5,0.6985703745036801,0.2894178039776378,0.5334977307291986,-0.3789682544928342,83.83179239288651,54.51090991937164,0.0,0.34685465942357674,2.3915904435316242e-05,-0.0946505631991342,19.596103130697877,-30.127993391595986,0.0,-4.935026051617336e-05,-1.855035006299839e-05,2.30863627996883e-05,6.517463732972257,6.522109298729033,6.522096671797051,6.517461761284691,-10.830217446592007,-7.048318861893987,0.0,-2.5351806471948373,3.896771424277393,0.0
52.66375600987155,-145.35766545374238,-20.991622693257945,1.5,0.6934254530917839,0.2965458909697921,0.5295695070701386,-0.38830118817082815,85.2632498993592,52.244186730319704,0.0,0.3468508715110907,2.2404985871381938e-05,-0.09463020106956449,18.781272769999536,-30.642856138700285,0.0,-4.936551296845237e-05,-2.405739555982274e-05,2.111797566366641e-05,6.517506194045977,6.522149477236563,6.522137322679829,6.517503786247287,-11.015390424817953,-6.75514832880148,0.0,-2.4295444863194504,3.963251852054661,0.0
52.738350565126325,-138.94600361544232,-17.180206752537245,1.5,0.6881559394280522,0.30362057018586125,0.5255460558560832,-0.39756420307168305,86.63341763184145,49.939877791878295,0.0,0.3468470722639563,2.0902263399136565e-05,-0.09464823432060795,17.952924387292036,-31.135667303731626,0.0,-4.880281757278101e-05,-1.636876488148156e-05,2.1089943728478815e-05,6.5175437857931655,6.522188983566633,6.5221769351131815,6.517541471159939,-11.192624008110295,-6.457117225148176,0.0,-2.3221755369399815,4.026866288582721,0.0
52.8129451203811,-132.43445145555873,-13.54203010002202,1.5,0.6827627828159963,0.3106405718264064,0.5214281054446016,-0.40675563719409374,87.94130944214507,47.599641343872385,0.0,0.34684365211774854,1.9469806379438455e-05,-0.09462683348813065,17.11165536529942,-31.606072934500315,0.0,-5.669711465660514e-05,-2.136304303855884e-05,-1.0108949755609e-05,6.5175848263241845,6.5222210225414265,6.52221507664319,6.517574214756874,-11.361792789290064,-6.1544561160526925,0.0,-2.213154854197746,4.087569942632442,0.0
52.88753967563588,-125.82768980621877,-10.079710079441204,1.5,0.6772469543127146,0.3176046354014447,0.5172164014539699,-0.41587384206351957,89.18598407793377,45.22516141042826,0.0,0.3468398171496402,1.8163025009945587e-05,-0.09464533835136925,16.258072314746926,-32.053735274046524,0.0,-4.809379080733609e-05,-1.4516020018513814e-05,1.899089546060115e-05,6.517613444138121,6.522258180372873,6.5222467532596164,6.517610782053583,-11.522758548777905,-5.84737570692667,0.0,-2.102552336425238,4.145320771565799,0.0
52.962134230890655,-119.1304680148354,-6.795737490817461,1.5,0.6716094471931476,0.32451151121227373,0.5129117058289033,-0.4249171819958868,90.36654589676237,42.81814660186834,0.0,0.34683653279208904,1.6816181795826395e-05,-0.09462379979995628,15.392790597199406,-32.478332997500274,0.0,-6.124453908303168e-05,-1.900062525062725e-05,-3.180520308557732e-05,6.517652229450773,6.5222835088613325,6.522281962206553,6.517636003471538,-11.675434245802451,-5.536093848706835,0.0,-1.9904639770323542,4.20007796247881,0.0
53.03672878614543,-112.3476005201511,-3.692474802327383,1.5,0.6658512763957133,0.33135995983941186,0.5085147971373782,-0.4338840350021579,91.48214544271525,40.380328884180216,0.0,0.346833110437735,1.5550784719426163e-05,-0.09464118256901403,14.51643389872134,-32.87956143179011,0.0,-4.6797581273152075e-05,-1.3223735678190766e-05,1.8383884891364695e-05,6.517673477960454,6.522317963264469,6.522306894515926,6.517670894081907,-11.819695805555702,-5.220840292490679,0.0,-1.8769495232347018,4.251803756619325,0.0
53.11132334140021,-105.4839633830053,-0.7721544549158549,1.5,0.6599734782652547,0.3381487522237378,0.5040264705647142,-0.44277279311862416,92.53198007801629,37.91346232211771,0.0,0.3468295137799838,1.441524540560269e-05,-0.09462119765977489,13.629633790999392,-33.25713277480025,0.0,-4.905125906264802e-05,-1.938519358617736e-05,7.203473552286921e-06,6.5177026093013,6.522342614768151,6.522333822635485,6.51769714184878,-11.955422482606888,-4.901847306457062,0.0,-1.7621148723843476,4.300461974758337,0.0
53.18591789665498,-98.54449077160191,1.9631227389587513,1.5,0.653977110857511,0.3448766708268244,0.49944753707457573,-0.4515818620184047,93.51529458016643,35.41932181091056,0.0,0.34682588842406986,1.338600881978497e-05,-0.09463976210553991,12.733029238653886,-33.6107762901382,0.0,-4.5664646086765944e-05,-1.1219672378207664e-05,1.654845192976184e-05,6.5177249821848715,6.522369161011571,6.522358705022376,6.517722163942764,-12.082535096355477,-4.579345825016237,0.0,-1.6460227111162904,4.346019230665218,0.0
53.260512451909754,-91.53417140548599,4.511389101143874,1.5,0.6478632531657448,0.35154250871015646,0.4947788240650157,-0.46030966210162033,94.43138165396022,32.899701782912274,0.0,0.3468226628221058,1.2260537869702415e-05,-0.09461887260080647,11.827266180799379,-33.94023849840021,0.0,-4.558022462748408e-05,-1.643924855749568e-05,1.3637057963310302e-05,6.517748986181,6.522390687225114,6.522380930134679,6.517745523117363,-12.200962274706226,-4.2535465192772275,0.0,-1.5287657408829167,4.3884428300915745,0.0
53.33510700716453,-84.45804496235328,6.870811498529812,1.5,0.641633005263946,0.3581450704296109,0.4900211747255328,-0.4689546282995137,95.2795824048697,30.356414957568212,0.0,0.34681948979703475,1.1208428531137862e-05,-0.09463626154956851,10.912997039943653,-34.24528335206023,0.0,-4.384043840985456e-05,-1.0016466684335145e-05,1.6653590538628992e-05,6.517768603208421,6.52241271912294,6.522402526003377,6.51776609636146,-12.310599120675533,-3.9247025456611664,0.0,-1.4104253310018777,4.427705683572543,0.0
53.40970156241931,-77.32119844857071,9.039692657091534,1.5,0.6352874879900771,0.3646831719574487,0.4851754480785951,-0.4775152105179962,96.0592868404703,27.791291000963245,0.0,0.3468161274453938,1.0323528766378245e-05,-0.09461637266171505,9.990880263719369,-34.52569239570018,0.0,-4.086650449761899e-05,-1.6229954562264438e-05,2.4048683324114768e-05,6.517787713726137,6.522431636985914,6.522420169756419,6.51778734588899,-12.411357610698214,-3.593060524250853,0.0,-1.2910881084371715,4.463776864732222,0.0
53.484296117674084,-70.12876253487315,11.016472376546552,1.5,0.6288278427534245,0.3711556409932945,0.48024251876675905,-0.4859898738713494,96.76993431045882,25.206175192342396,0.0,0.3468127133723596,9.429207681621336e-06,-0.09463516963939439,9.061579848113539,-34.781264923813,0.0,-4.221640139456602e-05,-8.168501259674063e-06,1.5461060172700254e-05,6.5178053900580695,6.522449347867553,6.522439683434641,6.517802861499127,-12.503178591695804,-3.258838337562338,0.0,-1.1708423091165159,4.496634512793848,0.0
53.55889067292886,-62.88590786131344,12.79972864721147,1.5,0.6222552314475928,0.3775613172826189,0.47522327677453613,-0.49437709882193087,97.41101389005861,22.60292714165362,0.0,0.34680976991085277,8.604556291124103e-06,-0.09461428655816782,8.125764856739359,-35.01181811290015,0.0,-4.1235651721106715e-05,-1.4890639252369742e-05,1.5278890539415964e-05,6.51782241567261,6.522464317157421,6.522454844524682,6.51781999483555,-12.586013540417206,-2.92229202542269,0.0,-1.0497649391415067,4.526256501518022,0.0
53.63348522818363,-55.59784131518091,14.388178667653959,1.5,0.6155708360411265,0.3838990525376895,0.47011862748567657,-0.5026753817000357,97.98206471459117,19.98341941403013,0.0,0.3468069680500166,7.869222963328724e-06,-0.09463140498022841,7.184108947575739,-35.21718714734057,0.0,-4.082826862526167e-05,-7.316045244774596e-06,1.287397035843424e-05,6.517836354930129,6.522479574741088,6.522470724522663,6.517833446544222,-12.65978792267203,-2.5836626119401394,0.0,-0.9279457014881441,4.5526215667198615,0.0
53.70807978343841,-48.26980228334339,15.780679760947203,1.5,0.6087758582613658,0.3901677104461964,0.46492949170098813,-0.5108832350645022,98.48267633016972,17.349536179392597,0.0,0.34680380148038203,7.086096705353046e-06,-0.09461191901122655,6.237289899339353,-35.397225333400115,0.0,-4.201743085455024e-05,-1.2176385626178171e-05,4.488661796824695e-06,6.517851525118459,6.522491124426005,6.522484051605882,6.51784652398844,-12.724437739029742,-2.243171971338622,0.0,-0.8054887236805682,4.575710753128261,0.0
53.782674338693184,-40.90705888032266,16.976230191308396,1.5,0.6018715198742174,0.3963661676922796,0.45965680477501186,-0.518999187376302,98.91248900211384,14.7031718997227,0.0,0.3468008561096878,6.3608016323046576e-06,-0.09463016524259252,5.285989095813392,-35.55180419911037,0.0,-3.8267744554198356e-05,-5.807899378207052e-06,1.4089632447923408e-05,6.5178612850762345,6.522504856110145,6.522496107655271,6.5178590395286875,-12.779938657708303,-1.9010842431430948,0.0,-0.6824698038766643,4.595509465230098,0.0
53.85726889394796,-33.514904157008345,17.973969879561775,1.5,0.5948590624296365,0.40249331401572136,0.4543015165262074,-0.5270217833258545,99.27119392111963,12.046229930480905,0.0,0.34679799830402314,5.764301088050636e-06,-0.0946101645778804,4.3308910439893475,-35.68081358330008,0.0,-3.6643205774743695e-05,-1.248012108354587e-05,1.577804889532696e-05,6.517872786522053,6.52251478442519,6.522505884079336,6.517871168352656,-12.82624178443308,-1.5576540648326203,0.0,-0.5589595481881506,4.612005626497885,0.0
53.93186344920274,-26.09865229238314,18.773181015318485,1.5,0.5877397460245383,0.4085480509189464,0.4488645923605681,-0.5349495852492292,99.55853345093499,9.38062114163142,0.0,0.34679524461820427,5.163289925768018e-06,-0.09462834573695747,3.3726829299913437,-35.784161701042784,0.0,-3.6631959000856336e-05,-4.607709760467707e-06,1.144942421044066e-05,6.517882029105866,6.5225249962600484,6.522517104446309,6.517879421641808,-12.8633185947828,-1.2131110932916287,0.0,-0.4350658295414057,4.6251871243333476,0.0
54.006458004457514,-18.663634769864363,19.37328856761366,1.5,0.5805148501529896,0.414529293467612,0.44334701172522567,-0.542781172115805,99.77430129489251,6.708262578471036,0.0,0.34679257417543125,4.611448200511336e-06,-0.09460830892550955,2.412054077709344,-35.861775212700046,0.0,-3.685146820337426e-05,-1.1070492616002327e-05,6.160968467542916e-06,6.517892325064957,6.522532139410741,6.522525444364648,6.517888473542818,-12.891142145504514,-0.867709219892944,0.0,-0.310883148373148,4.6350444278486576,0.0
54.08105255971229,-11.215196541978798,19.77386069344686,1.5,0.5731856732472403,0.42043597014400685,0.4377497681932349,-0.5505151400642355,99.91834264142142,4.031076066923868,0.0,0.34678994197191704,4.141414911864687e-06,-0.09462671486578754,1.4496954639456352,-35.91359926990255,0.0,-3.4248772851207735e-05,-3.4843467451976343e-06,1.1116630120236218e-05,6.517898354046109,6.522541252323038,6.52253378801752,6.517896020492999,-12.909692826805216,-0.5217018509560536,0.0,-0.18649269342500652,4.641572568292624,0.0
54.15564711496706,-3.758692185679056,19.974609042461548,1.5,0.5657535326659037,0.4262670232577269,0.432073869032541,-0.5581501024440445,99.99055427031483,1.3509868177532434,0.0,0.3467874541601494,3.6247408418271387e-06,-0.09460669107650548,0.4862992178143427,-35.939597547700004,0.0,-3.4320507548636586e-05,-9.082158260622327e-06,6.166852255516939e-06,6.517906710413824,6.522546659461994,6.522540334192606,6.517903231383985,-12.918960879042256,-0.17531998045454017,0.0,-0.061968953865685204,4.644767968140026,0.0
54.23024167022184,3.7005179486452295,19.975388959308795,1.5,0.5582197632956126,0.4320214076186708,0.426320336511842,-0.5656846912386815,99.990884615333,-1.3300779161643161,0.0,0.3467849705053512,3.1874964659797534e-06,-0.0946252529083594,-0.4774418232438954,-35.939752268193715,0.0,-3.1990106371303425e-05,-2.438525186867231e-06,9.93023104880208e-06,6.517911271427003,6.522553905593198,6.5225470472619795,6.517908996279391,-12.918936459404973,0.17117047058847792,0.0,0.06258037940474623,4.644628092359399,0.0
54.30483622547661,11.157071592131564,19.77619958284624,1.5,0.5505857188004989,0.43769809268460874,0.4204902058035446,-0.573117555774107,99.91933380731292,-4.010190262768348,0.0,0.34678268203981133,2.7922122666745224e-06,-0.09460521020705237,-1.4408346744406568,-35.91406420779998,0.0,-3.218361122972193e-05,-8.561073333462392e-06,4.347620645134564e-06,6.51791819473871,6.522557661183094,6.5225520690784835,6.5179146092282885,-12.90962603474129,0.5175250840261061,0.0,0.18707187237389236,4.64115466870597,0.0
54.37943078073139,18.605608413219677,19.37718384139672,1.5,0.5428527704867329,0.4432960615745528,0.41458452593480616,-0.5804473638692668,99.77595365373288,-6.687423098834583,0.0,0.3467803880830579,2.4198890595300073e-06,-0.09462380492375208,-2.4031866599280445,-35.8625526938391,0.0,-2.956765923304261e-05,-1.5240090685937688e-06,8.97564750036853e-06,6.51792118393583,6.522563594811221,6.522557309626915,6.517919041358108,-12.89103133783118,0.8634980228630238,0.0,0.3114184065885348,4.634350452424489,0.0
54.45402533598617,26.040773871694665,18.778628345389844,1.5,0.535022307374334,0.4488143116246252,0.4086043592184918,-0.5876728017531552,99.56084761218824,-9.3598514294644,0.0,0.34677827604770267,2.0987719877394194e-06,-0.09460385419430746,-3.3638059189106544,-35.78525558589995,0.0,-3.0331842025621623e-05,-8.143683573200253e-06,1.12908542658481e-06,6.517927142396256,6.522565799679551,6.522561221471626,6.517923085304727,-12.863171767440377,1.2088369913170653,0.0,0.4355283946945422,4.624220567311468,0.0
54.52861989124094,33.45722306826423,17.980963176758667,1.5,0.5270957360362716,0.4542518546832727,0.4025507809184759,-0.5947925742232442,99.2741706975874,-12.02555377738453,0.0,0.346776195653189,1.818802769668798e-06,-0.09462241979328076,-4.322001905526284,-35.68222924542053,0.0,-2.7361940501585592e-05,-7.210053245993937e-07,6.8915381508778985e-06,6.517928767922789,6.522570687380416,6.522565203124147,6.517926464376479,-12.826064898485743,1.5532948249446052,0.0,0.5593258725804774,4.6107732937888795,0.0
54.60321444649571,40.84962458669303,16.984761575101814,1.5,0.5190744793806725,0.45960771611252643,0.3964248803550696,-0.6018054057425706,98.91612937526033,-14.68261356313053,0.0,0.34677421228747435,1.5270113250355867e-06,-0.09460276058289317,-5.2770858364506505,-35.5535484913999,0.0,-2.5061821651047018e-05,-5.9029390333057944e-06,1.0122802887165139e-05,6.517932053582548,6.522572995227063,6.5225670944891325,6.517930824907534,-12.779738157282816,1.8966319526244533,0.0,0.6826918606136169,4.594019224556483,0.0
54.67780900175049,48.21266432624141,15.790739521360612,1.5,0.510959978240253,0.4648809371697072,0.3902277582705022,-0.6087100389907445,98.48698140718501,-17.32912047120083,0.0,0.3467724183602801,1.215272758332241e-06,-0.09462105273447265,-6.228371265325124,-35.39930654499483,0.0,-2.40670643438479e-05,-1.590842862188778e-08,8.498706306395455e-06,6.517933822317866,6.522576094787907,6.522570713688983,6.5179323636988205,-12.724227327944229,2.238604040776601,0.0,0.805561303280215,4.573969660660308,0.0
54.752403557005266,55.54104932106059,14.399755219906783,1.5,0.5027536899951094,0.4700705737737525,0.3839605281256332,-0.615505236135162,97.98703565729063,-19.963171802590434,0.0,0.3467706118606477,1.0728142756026018e-06,-0.09460153071944828,-7.1751745203606445,-35.219614958899875,0.0,-2.5029659693583272e-05,-7.408134129836719e-06,-3.6897344577067267e-07,6.517938027615808,6.522576226731415,6.522572757797848,6.517934388386849,-12.659570738623602,2.5789369574758814,0.0,0.9278576470827499,4.550641531850013,0.0
54.82699811226004,62.82951154415503,12.812808477455443,1.5,0.4944570874348286,0.4751756957490259,0.3776243170316647,-0.6221897797627862,97.41665187213691,-22.5828738955882,0.0,0.34676880038408736,9.546769505472053e-07,-0.0946206843203765,-8.116815155393557,-35.014603533429764,0.0,-2.189740779912734e-05,8.556343922714003e-07,5.707378543138525e-06,6.5179378041742995,6.522579489265608,6.522575062642211,6.51793601172566,-12.585815582325981,2.9174079299170006,0.0,1.049471605995381,4.524049511877414,0.0
54.90159266751482,70.07281169346334,11.03103997979896,1.5,0.4860716603863615,0.4801953890884521,0.37122026309656375,-0.6287624714738896,96.77624042020953,-25.186343448514968,0.0,0.3467673529902328,7.203062966265374e-07,-0.09460065128414871,-9.052616515780636,-34.78442022529984,0.0,-2.4076132113767867e-05,-5.21446548934674e-06,-7.743113571693254e-06,6.517941865160631,6.522578586056033,6.522576958412452,6.51793666377237,-12.503019739678491,3.2537953226482785,0.0,1.1703271923930114,4.494215420971552,0.0
54.976187222769596,77.2657429568055,9.055730469689319,1.5,0.47759891416901273,0.48512875467487,0.3647495168796452,-0.6352221332008633,96.06626198703573,-27.771708833657023,0.0,0.34676597939649,5.820966723149258e-07,-0.09461901575867476,-9.981906164975534,-34.52923103334997,0.0,-1.9141577476219633e-05,1.172660627808644e-06,4.828743701619318e-06,6.517940323396719,6.52258173098524,6.522577901842772,6.517938722905233,-12.411242451052438,3.587826643840288,0.0,1.2903401577814815,4.461159314464597,0.0
55.05078177802437,84.40313475300525,6.888299823452057,1.5,0.46904036935485144,0.48997490850517667,0.35821324117740777,-0.6415676073462443,95.28722723869905,-30.33711150390594,0.0,0.3467644756304499,4.5098014702907894e-07,-0.09460001145178606,-10.904016364400627,-34.2492198831998,0.0,-1.4731972616297121e-05,-4.147209711727044e-06,1.5422046328941205e-05,6.517940554356767,6.522582702118834,6.522577053736068,6.517942023841582,-12.310539035289779,3.9192721904632597,0.0,1.4094099090154761,4.424905476676393,0.0
55.12537633327914,91.47985644745725,4.530306026720129,1.5,0.46039756252140807,0.494732982892828,0.35161260945660766,-0.6477977561966589,94.43969647626307,-32.880707297688375,0.0,0.3467633571096729,2.789291592513206e-07,-0.09461827230572147,-11.818284593926716,-33.94458849202297,0.0,-1.6048169041476352e-05,1.680149195297899e-06,4.981167393123489e-06,6.517941710669602,6.522583153654588,6.522579730868196,6.51794058688359,-12.200995579429112,4.247905943432518,0.0,1.5274706058894003,4.385480900817173,0.0
55.19997088853392,98.49082103854155,1.9834440529684148,1.5,0.45167204482733353,0.4994021254059529,0.344948807172192,-0.6539114630376149,93.52427920008896,-35.40066772880551,0.0,0.3467621350030658,2.647221493346198e-07,-0.09459907316575303,-12.724053971500616,-33.61555621889976,0.0,-1.6677456438346977e-05,-5.692109325668034e-06,-2.988175365939541e-06,6.517944216775105,6.522581820215537,6.522580147704389,6.517941165106141,-12.082684815984516,4.573459962189076,0.0,1.644425072710369,4.342912453440297,0.0
55.274565443788696,105.43098881215928,-0.7504553573324492,1.5,0.4428653820982453,0.5039814994466824,0.3382230310702897,-0.6599076320274488,92.541633686758,-37.89518136868986,0.0,0.3467608479962384,2.1067361797807486e-07,-0.09461879700092744,-13.620673740832101,-33.262359914977196,0.0,-1.3269704006398235e-05,2.4866878996140825e-06,3.8020273928986613e-06,6.517942539991281,6.522583817085009,6.522581060255456,6.5179415379436465,-11.95568822359844,4.895727722913653,0.0,1.7601945220947282,4.2972321189204425,0.0
55.34915999904347,112.29537096301387,-3.66942701534833,1.5,0.43397915512403457,0.5084702848774171,0.33143648825001437,-0.6657851880081184,91.49246652613826,-40.36245508847668,0.0,0.34676013608451683,1.365245186595985e-07,-0.09459857729429616,-14.507499753900602,-32.885253744499735,0.0,-1.77792999219982e-05,-4.122065063956836e-06,-1.846129634450126e-05,6.517946683208111,6.52258088690673,6.522582631006688,6.517939906709799,-11.820113977347503,5.214483652131067,0.0,1.8747036833238044,4.248472697404239,0.0
55.42375455429825,119.07903317849717,-6.7713726972719215,1.5,0.42501495821792373,0.5128676771072818,0.32459039745065976,-0.6715430775106094,90.37753207814136,-42.800715347790884,0.0,0.34675943824041133,6.612913673750611e-08,-0.09461699747779617,-15.383894883029328,-32.48450900630136,0.0,-1.030904265997927e-05,2.398844349589101e-06,3.148810863551148e-06,6.517942950715936,6.522583957533166,6.522581772080815,6.517942218560952,-11.676046079100262,5.529488820758022,0.0,1.9878605337451096,4.196668298093933,0.0
55.498349109553025,125.77709918315733,-10.0540626534817,1.5,0.41597440015116655,0.5171728883555913,0.31768598725272523,-0.6771802680764358,89.19763195623018,-45.20820947615243,0.0,0.34675857717896574,5.852060243057659e-08,-0.09459818484841326,-16.249229526300585,-32.0604139394997,0.0,-8.379296999119841e-06,-4.846906691821967e-06,4.425488641856363e-06,6.517943775510854,6.52258311816653,6.522580911105443,6.51794361098303,-11.523582234079493,5.840506148739661,0.0,2.0995902927504577,4.141857475658041,0.0
55.5729436648078,132.38475424237296,-13.515137212682024,1.5,0.406859103144085,0.5213851471046943,0.3107244968057707,-0.6826957489630411,87.95361445756072,-47.583206942465175,0.0,0.3467578240346029,8.98673822296614e-08,-0.09461767297913849,-17.102882022994763,-31.613273513083488,0.0,-8.031643412740914e-06,2.9276355962063975e-06,-1.2068106234697506e-07,6.517943331914388,6.522583670542274,6.522582561343303,6.517942167016511,-11.362843424876699,6.147320118312757,0.0,2.2098290687774784,4.084077017183049,0.0
55.64753822006257,138.8972486213292,-17.15210847947234,1.5,0.3976707023303255,0.5255036980584867,0.30370717595222546,-0.6880885314478686,86.64637393152289,-49.92400059264198,0.0,0.34675767579409816,4.818327437271948e-08,-0.09459711529068482,-17.944239087200568,-31.143409213799668,0.0,-3.0191252765451855e-05,-6.287920246047313e-06,-8.718271570040734e-05,6.517956143547784,6.522574077549634,6.522589926305331,6.517931754127048,-11.193941964129278,6.449733368645755,0.0,2.3184447956718137,4.023372214048455,0.0
55.72213277531735,145.30990099695532,-20.96236212248033,1.5,0.3884108465600787,0.5295278031830132,0.29663528356516927,-0.6933576483135285,85.27685014569285,-52.22890783137983,0.0,0.3467569957710032,-5.147362223379666e-08,-0.09461720641229253,-18.772696289425465,-30.65115880962894,0.0,-4.071278493442562e-06,3.1120942999819462e-06,2.7009294873545423e-06,6.51794279187105,6.522583773763372,6.522582575394957,6.517942840085522,-11.0169919371828,6.74750693772261,0.0,2.425404046776225,3.959783707930409,0.0
55.796727330572125,151.61810182146345,-24.943159253061534,1.5,0.3790811974856762,0.5334567412870351,0.28951008814746654,-0.6985021544341071,83.8460276300288,-54.49627186874014,0.0,0.346756722265373,-6.13531668800475e-09,-0.0945979813007038,-19.58765846190055,-30.13687611199964,0.0,3.521497407461879e-06,-3.530487625739814e-06,2.46628268006803e-05,6.517940672269622,6.5225848364528805,6.522579643128301,6.517946861788225,-10.83213978871817,7.0404192903394485,0.0,2.5306441786272966,3.893355646010306,0.0
55.8713218858269,157.81731663366233,-29.091638394606072,1.5,0.3696834284283589,0.5372898074979167,0.2823328687118859,-0.7035211274362861,82.35493492733139,-56.72446291081634,0.0,0.34675653607287216,4.439935827488257e-08,-0.09461713774938921,-20.388540084736746,-29.60093072368862,0.0,-1.6421574921026082e-06,3.1796951911153153e-06,-1.3982173991431145e-07,6.517942958246661,6.522583284622899,6.522583084059182,6.5179426931498785,-10.639500032777672,7.3282711630379165,0.0,2.634059698826076,3.824137072596585,0.0
55.94591644108168,163.90308931640772,-33.40481753949604,1.5,0.360219225514122,0.5410263145351019,0.2751049126821907,-0.7084136669832785,80.80464389663733,-58.91187931765227,0.0,0.3467565592989691,-1.4326523287853645e-09,-0.09459770158539191,-21.17476576690053,-29.043707774999614,0.0,9.017153747539937e-08,-2.9693858698760415e-06,3.2920515164237894e-07,6.51794369279224,6.522582304979028,6.522582241779927,6.517943781534023,-10.43921389473176,7.610870854487291,0.0,2.7355842232795413,3.7521788741276008,0.0
56.020510996336455,169.87104529847824,-37.879596291293176,1.5,0.3506902866425017,0.5446655922206162,0.2678275166280759,-0.7131788953989058,79.19626892587374,-61.05694872321197,0.0,0.34675649745590226,-1.3743267728151623e-08,-0.09461727961438829,-21.945770621372994,-28.46560764618229,0.0,1.4590355632295092e-06,3.230560967570527e-06,-5.316642672662578e-07,6.517942777756947,6.52258302734165,6.5225833565560585,6.517942861587893,-10.231423676971895,7.88799414224086,0.0,2.835150311324364,3.677527830247453,0.0
56.095105551591224,175.71689469783274,-42.51275809236881,1.5,0.34109832091572545,0.5482069874095276,0.26050198640149963,-0.717815957961869,77.53096614640225,-63.15812920979521,0.0,0.3467567566213552,-2.7559655732452894e-08,-0.09459785536300024,-22.701000654300508,-27.867045683099583,0.0,2.5596148292756787e-06,-5.195926859151378e-07,-2.3671592372176348e-06,6.517943648942926,6.52258199552573,6.522582904146114,6.517943465028322,-10.016291106731352,8.159452717643884,0.0,2.932681159779742,3.6002443472822914,0.0
56.169700106846,181.43643540377573,-47.30097253552974,1.5,0.3314450493000058,0.5516498648350456,0.253129635642359,-0.7223240225006774,75.80993257706062,-65.2139103899364,0.0,0.3467573158958564,-5.5484050865958e-08,-0.0946160331874339,-23.439913210175074,-27.248451907016435,0.0,4.733232725557125e-06,2.7269694307845903e-06,-2.734233436451281e-07,6.517942566984282,6.522582754772518,6.522583487992792,6.517943174009212,-9.793959216793171,8.425059782388317,0.0,3.0281058672331946,3.5203775154389803,0.0
56.24429466210078,187.02555609602297,-52.240797755737816,1.5,0.32173220328529156,0.5549936064258757,0.24571178690576517,-0.7267022801472196,74.03440528883597,-67.22281446233316,0.0,0.34675733421172955,-4.345656514053497e-08,-0.09459836714421654,-24.16197730270049,-26.610270699499555,0.0,2.087329173768227e-05,-9.514532537097069e-07,5.303455220656736e-05,6.51793594745574,6.522587050798848,6.522577764566599,6.51795113870917,-9.56458371629359,8.684591847453074,0.0,3.1213732659309352,3.437984755367442,0.0
56.318889217355554,192.48023919939178,-57.32868290323024,1.5,0.3119615251528997,0.55823761185939,0.23824977068709932,-0.7309499451380691,72.20566051775255,-69.18339734745865,0.0,0.3467578778675205,-5.7109165518450294e-08,-0.09461747551980838,-24.86667402616669,-25.952960493520848,0.0,7.380345144755674e-06,2.8998233657643474e-06,-2.267019182505648e-06,6.517942494763108,6.522582325186089,6.522583892846925,6.517943016107446,-9.328332855671432,8.937897586994481,0.0,3.212403457354617,3.35312491099457,0.0
56.39348377261033,197.79656377130158,-62.560970694661215,1.5,0.30213476754466234,0.5613812985604154,0.2307449253469078,-0.7350662550369216,70.32501275026671,-71.09424964267309,0.0,0.34675866978033615,-4.16842668450065e-08,-0.09459784545300619,-25.553496916400462,-25.276993442899535,0.0,-2.935910874946809e-06,-6.108340699278731e-06,-4.590009299438962e-05,6.517949293628445,6.522576828889854,6.522587006576137,6.517938286656468,-9.085386077003232,9.184781946845264,0.0,3.301122408662436,3.2658618447818655,0.0
56.46807832786511,202.9707083194575,-67.9339000394022,1.5,0.2922536931496183,0.5644241017938921,0.22319859689099403,-0.7390504708749318,68.39381376273879,-72.95399767483953,0.0,0.34675924594689117,-6.05859317771694e-08,-0.0946177024030368,-26.221952310768728,-24.582855086277192,0.0,1.0223472197727444e-05,2.6453042148246913e-06,-3.462741920667324e-06,6.517942227513378,6.522581775438235,6.522584021160496,6.517942875047104,-8.835906621485465,9.425065925171625,0.0,3.3874816178582146,3.1762487684406775,0.0
56.542672883119884,207.99895354832995,-73.44360874159803,1.5,0.2823200741488991,0.5673654746657488,0.21561213904626952,-0.7429018773605043,66.413451673328,-74.76130448678242,0.0,0.34676013982897136,-1.4236941343751873e-07,-0.09459856352966707,-26.87155970020051,-23.87104401209943,0.0,9.972293065170381e-06,-3.3571034241776886e-06,-1.0149893935162956e-05,6.517943706220875,6.522579935492434,6.522583689975485,6.517942776137539,-8.580070974000591,9.658587695767384,0.0,3.471415523664215,3.08436515720408,0.0
56.617267438374654,212.87768503303636,-79.08613627394503,1.5,0.2723356925370885,0.5702048885208255,0.20798691220775703,-0.7466197827727178,64.38534994721063,-76.51487076782482,0.0,0.34676087098474834,-1.6011769175449798e-07,-0.09461871250099847,-27.50185208207532,-23.142071484065195,0.0,1.3352643132364652e-05,2.4837272093547196e-06,-3.498151156586619e-06,6.517941500069791,6.5225810882520125,6.522583786009086,6.517942583295606,-8.318068002944822,9.885160479160573,0.0,3.5528560898809256,2.990262683105597,0.0
56.69186199362943,217.60339581784717,-84.85742662273438,1.5,0.26230233914421514,0.5729418326897036,0.2003242840585599,-0.7502035193532901,62.310966368773975,-78.21343583886073,0.0,0.3467619695900634,-3.0440327731972823e-07,-0.09459967936346217,-28.11237627640041,-22.396461092499486,0.0,2.4213474476746016e-05,3.4059932928222775e-07,3.061873653117209e-05,6.517937003483308,6.522583243033496,6.522579605546023,6.51794749772043,-8.050085777775914,10.104648799374095,0.0,3.631766029694579,2.8940106951322053,0.0
56.76645654888421,222.172688937542,-90.75333120117337,1.5,0.25222181352764533,0.5755758147388356,0.19262562907513506,-0.7536524432999337,60.191792000377774,-79.8557784958492,0.0,0.34676344597504166,-3.6003050835773485e-07,-0.09461794677666975,-28.702693267229186,-21.634748387717572,0.0,1.6149926434142895e-05,1.5482357674629923e-06,-4.607190962647866e-06,6.517940552607804,6.522579749464579,6.522583101424529,6.517941778171972,-7.776316819093071,10.316878419442677,0.0,3.7080734762763012,2.7956816826185698,0.0
56.841051104138984,226.58227985991255,-96.76961182832775,1.5,0.24209592412276548,0.5781063607092979,0.1848923276586182,-0.7569659347708942,58.02935010838191,-81.44071791957485,0.0,0.3467645958917508,-4.2394783352964807e-07,-0.09459957073095268,-29.27237851220038,-20.857480473999463,0.0,8.770619435591117e-06,-8.343564309170725e-06,-3.7273823040784106e-05,6.51794527364616,6.522574647364826,6.522584495040908,6.517937918019344,-7.496948391795457,10.521683831646188,0.0,3.7817151741648254,2.695339516777655,0.0
56.91564565939376,230.8289988481914,-102.90194377407501,1.5,0.23192648693727333,0.5805330147903106,0.17712576720785944,-0.7601433983048429,55.825195093567636,-82.96711454678784,0.0,0.34676593617504403,-5.704167339847815e-07,-0.09461917399861274,-29.821022233349737,-20.06521565485967,0.0,1.889984850369031e-05,1.2256741481494363e-06,-5.714912324558197e-06,6.517938834698324,6.522577823814449,6.5225818231153925,6.517940196347469,-7.212192270035061,10.718940257075719,0.0,3.852656358746286,2.593059187299197,0.0
56.99024021464854,234.909793241022,-109.14591886551462,1.5,0.22171532606471744,0.5828553397761449,0.1693273407625671,-0.7631842626474475,53.580911348242395,-84.43387084101853,0.0,0.3467673783477558,-7.048940362985675e-07,-0.09460055834103648,-30.34822972780041,-19.25852301139935,0.0,1.6242536288637116e-05,-7.32002259565457e-06,-2.097727473335099e-05,6.517940682679813,6.52257404754857,6.522581194930057,6.517938148242236,-6.922243004980268,10.908493864542699,0.0,3.9208333062802296,2.4889162645000016,0.0
57.06483476990331,238.82172964856207,-115.49704865295459,1.5,0.21146427328249282,0.5850729170700478,0.16149844688927917,-0.7660879809059811,51.29811215050626,-85.83993211684746,0.0,0.34676894425244553,-8.563578127941928e-07,-0.09462015746768845,-30.853621643687738,-18.437981998469567,0.0,2.1513342935103728e-05,6.773196377569215e-07,-7.116465879317934e-06,6.51793622631137,6.522574902924472,6.522579599091125,6.517937637955355,-6.627318563499922,11.090212354210266,0.0,3.9862081439135024,2.382975239130336,0.0
57.13942932515808,242.5619960630929,-121.95076763431004,1.5,0.20117516709621067,0.5871853465830615,0.15364049025138352,-0.7688540307868954,48.978438477311,-87.18428728590389,0.0,0.3467706214197244,-1.054625717301966e-06,-0.09460149570862023,-31.33683425750033,-17.60418205909943,0.0,2.00741206426687e-05,-7.731755719244393e-06,-1.779576882499415e-05,6.5179368585306126,6.52257098872198,6.522577948456692,6.517935604833603,-6.327615659693444,11.263965872646166,0.0,4.048721074988289,2.275327629496774,0.0
57.21402388041286,246.12790388268562,-128.50243653455524,1.5,0.19084985325149897,0.5891922470227173,0.14575488028909636,-0.7714819145217299,46.6235578606702,-88.4659695833832,0.0,0.34677221259592744,-1.3302359233900392e-06,-0.09462180691876022,-31.797519722448378,-16.75772216684523,0.0,2.4700490334115373e-05,1.7424716765328748e-07,-6.17560580045755e-06,6.517932020080158,6.52257096729507,6.522575903412293,6.517934105917826,-6.0233536754458585,11.429624733805213,0.0,4.108339515816179,2.166043062816323,0.0
57.28861843566764,249.51688984731143,-135.147345638559,1.5,0.18049018418528623,0.5910932559374666,0.13784303123486671,-0.7739711589833238,44.235163189018955,-89.6840572751918,0.0,0.34677420442185053,-1.5017464098520055e-06,-0.09460278945950786,-32.23534633570029,-15.899210416699411,0.0,2.7196942371508683e-05,-9.963968929985805e-06,-2.300443443813092e-06,6.517930058026851,6.522567559762924,6.52257195695458,6.517933393475424,-5.714769646819388,11.587075904479955,0.0,4.165010548391137,2.0551807570252385,0.0
57.36321299092241,252.72651788380418,-141.88071817451925,1.5,0.17009801773262062,0.5928880294837825,0.1299063631729012,-0.7763213159932303,41.81497145381911,-90.83767430686996,0.0,0.34677615105526904,-1.8146385633252013e-06,-0.09462258284661165,-32.64999876357902,-15.02926362344092,0.0,2.7072731877291228e-05,-6.967030574552359e-07,-7.952093359194927e-06,6.517926601644688,6.522565106485345,6.522570794529107,6.517928619491559,-5.402058624358361,11.736199779411626,0.0,4.218704507398203,1.9428445203631548,0.0
57.43780754617719,255.75448086029954,-148.69771374581626,1.5,0.159675218689734,0.5945762430374351,0.12194629927447447,-0.7785319619932985,39.364722579481835,-91.92599095076103,0.0,0.34677836595281525,-2.07249436124374e-06,-0.09460352470380738,-33.041178284500305,-14.148506817899294,0.0,1.692487718371931e-05,-1.1286232832308128e-05,-5.027401357826639e-05,6.517929933745131,6.522556269395244,6.522570292357557,6.517920753316607,-5.085460739987395,11.876892011475459,0.0,4.269366251603017,1.829101595678886,0.0
57.51240210143197,258.5986022488971,-155.59343180874066,1.5,0.14922365654683337,0.5961575906869931,0.11396426812639296,-0.7806026985499653,36.88617813691464,-92.94822439140378,0.0,0.34678036907406784,-2.3636679022749085e-06,-0.09462387468734003,-33.40860298401815,-13.25757286654003,0.0,2.9418533807408834e-05,-1.5131482392714719e-06,-9.522678879644918e-06,6.517919112610924,6.5225572593446985,6.522563648925115,6.517921107108826,-4.76520242784138,12.009044311634598,0.0,4.316974715703829,1.7140390143384776,0.0
57.586996656686736,261.25683769342936,-162.56291519403197,1.5,0.13874520584776895,0.5976317855574835,0.10596170255177471,-0.7825331522293248,34.38112007755909,-93.90363931493063,0.0,0.3467825048124358,-2.7657218615956607e-06,-0.09460585981168405,-33.752007978600226,-12.357102002099381,0.0,4.836054051363414e-05,-1.0199152315076999e-05,5.494012716195773e-05,6.517906725708219,6.522557665174106,6.522551862899813,6.517926280415736,-4.441492281030432,12.132576926893982,0.0,4.361486120896351,1.597733194740405,0.0
57.66159121194151,263.7272764836133,-169.60115366889795,1.5,0.12824174700394186,0.5989985600579534,0.09794003789301912,-0.7843229745145741,31.85134949616785,-94.79154840212853,0.0,0.3467849393630846,-3.248485521349118e-06,-0.0946253667671717,-34.07114560019846,-11.44774132684222,0.0,3.220910587877019e-05,-2.3476203114183905e-06,-9.126700071285412e-06,6.517908879134605,6.522547133570563,6.522553838258912,6.51791137149989,-4.114577500662352,12.247385051865479,0.0,4.402864291773343,1.4802706845562477,0.0
57.73618576719629,266.00814293391306,-176.70308753732846,1.5,0.1177151642912578,0.6002576655550825,0.0899007139017,-0.7859718421662506,29.298685316783253,-95.61131286269134,0.0,0.34678738445820095,-3.6811945741672335e-06,-0.09460694648518334,-34.3657855669002,-10.53014440489937,0.0,3.551675996930698e-05,-4.256487081940579e-06,-1.7701946423211213e-06,6.517902292084586,6.522541103552985,6.522546584140106,6.517906955658842,-3.784710129643264,12.353390486995517,0.0,4.441102370865277,1.3617339536241864,0.0
57.810780322451066,268.09779766401874,-183.86361127710913,1.5,0.10716734631377871,0.6014088726644449,0.08184517349681415,-0.7874794570906727,26.724962958933332,-96.3623428891268,0.0,0.34679028590606253,-4.08864574207412e-06,-0.09462545435987102,-34.635715176237625,-9.60497078025414,0.0,3.392309570262632e-05,-3.860530099461492e-06,-1.2311493947169619e-05,6.5178962369568145,6.522533618326134,6.522541311604798,6.517898248007547,-3.45210581556459,12.450527631786713,0.0,4.476147165775512,1.2421932488572545,0.0
57.88537487770584,269.99473878188104,-191.07757720867977,1.5,0.09660018532438286,0.6024519711551549,0.07377486292454323,-0.7888455465089653,24.13203306061753,-97.04409804844991,0.0,0.34679273845881836,-4.631429793184856e-06,-0.09460770677507407,-34.88073943110018,-8.672885506909255,0.0,1.9588104019265203e-05,-9.147771259660164e-06,-6.94293785525856e-05,6.517896872015799,6.522519487015454,6.52253834132239,6.517883681994215,-3.116997490324133,12.538691787871818,0.0,4.507982272845827,1.1217758277487886,0.0
57.95996943296062,271.69760296953194,-198.33979919590922,1.5,0.08601557760658446,0.6033867701594898,0.06569123060874933,-0.7900698628770831,21.521760157838354,-97.65608775261711,0.0,0.3467951645949224,-5.111694541468502e-06,-0.09462863908844403,-35.10068120528813,-7.734558660255495,0.0,3.6241967273228495e-05,-4.505847936788198e-06,-1.287905617837086e-05,6.517879600546425,6.522516981157629,6.522525147042957,6.517881822252022,-2.7796463838669694,12.617848180449554,0.0,4.536583195636886,1.000520389250154,0.0
58.03456398821539,273.20516646822017,-205.6450563751638,1.5,0.07541542230559214,0.6042130980608694,0.05759572794155282,-0.7911521840537623,18.896021297323244,-98.19787155074894,0.0,0.34679809055870553,-5.762904702227624e-06,-0.09460982645089126,-35.29538136450012,-6.790664881799354,0.0,2.769436729174637e-05,-1.1324317383476334e-05,-4.857873181127752e-05,6.517875511784584,6.522502806229305,6.522518010387631,6.5178682949898095,-2.4402696297506123,12.687941071455244,0.0,4.561928842058442,0.8785424949509013,0.0
58.109158543470166,274.51634596383303,-212.9880969081282,1.5,0.06480162154666015,0.6049308025826124,0.04948980848913792,-0.7920923132990171,16.25670475336296,-98.66905946157534,0.0,0.34680085920446174,-6.39975497499853e-06,-0.09463015403719768,-35.46469888044905,-5.84188288581461,0.0,3.860532435282295e-05,-5.893426069870436e-06,-1.2851822623739804e-05,6.5178588784042715,6.522496219575867,6.522504730644544,6.517861457862552,-2.099131258271717,12.748906004852225,0.0,4.584012364486143,0.75591684247564,0.0
58.18375309872494,275.6301993719035,-220.36364175821342,1.5,0.05417607988282361,0.6055397508539512,0.041374927964174565,-0.7928900792923468,13.605708620730868,-99.06931228049645,0.0,0.3468037773250181,-7.004238042852113e-06,-0.0946120076829573,-35.60851095520009,-4.888894982329349,0.0,3.825091091086107e-05,-2.1482745766028388e-05,-1.8310829228531475e-05,6.517849041787759,6.5224820675819695,6.522491796371427,6.5178503194253095,-1.7564684988130457,12.80070133547543,0.0,4.6027814316398095,0.6327274870164901,0.0
58.25834765397972,276.54592652040134,-227.7663884872554,1.5,0.04354070415659894,0.6060398293733439,0.03325254376938819,-0.7935453362143469,10.94493947596512,-99.3983418177756,0.0,0.3468067842728147,-7.859313765457186e-06,-0.09463207826011633,-35.72671308456521,-3.9323865824559685,0.0,4.048974917005911e-05,-7.097692311690871e-06,-1.4115429565279677e-05,6.517833583351565,6.522470636281369,6.522479724984574,6.517836157241169,-1.412523033293185,12.8432918080361,0.0,4.618256786253655,0.5090656646102731,0.0
58.332942209234496,277.2628697316393,-235.1910150689635,1.5,0.03289740321579958,0.606430944099495,0.025124114613343906,-0.794057963731331,8.276311018138994,-99.65591110585919,0.0,0.34680992077936806,-8.603034531110365e-06,-0.09461373359721782,-35.81921916090006,-2.9730457078792356,0.0,2.9307107110062853e-05,-1.5060154838393917e-05,-5.900149789010247e-05,6.5178259077751095,6.522450618556684,6.522468494049836,6.517816551807742,-1.0675572729322151,12.876639662215972,0.0,4.630416231838935,0.3850322907341086,0.0
58.40753676448927,277.7805143012169,-242.6321837171834,1.5,0.022248086863475416,0.6067130204162289,0.01699110124876989,-0.7944278670632633,5.601742662980195,-99.84183459157452,0.0,0.34681294217039865,-9.407086724295454e-06,-0.09463433130209026,-35.88596153200111,-2.0115625249314224,0.0,4.25243036507049e-05,-8.472316051708682e-06,-1.4332473739730608e-05,6.517802749751056,6.522439751108116,6.52244919834473,6.517805581999836,-0.7218075627974041,12.900725419059922,0.0,4.6392530159491905,0.26071126421091756,0.0
58.48213131974405,278.09848887394537,-250.08454472602034,1.5,0.011594667163425276,0.6068860032491181,0.008854964000353842,-0.7946549769341618,2.923158184945227,-99.95597826099285,0.0,0.34681611300069026,-1.0292221694025722e-05,-0.09461642562167043,-35.926891063600024,-1.0486287947192332,0.0,4.4647112380096136e-05,-1.8927285592033387e-05,-1.0197901315738147e-05,6.517785670126136,6.522421311271965,6.52243011640695,6.517789768537481,-0.3755148250955777,12.915528262048605,0.0,4.644746672490129,0.13616442313594554,0.0
58.55672587499882,278.21656571781745,-257.54274031872643,1.5,0.0009390557501324854,0.606949856930362,0.000717165653431456,-0.794739249703912,0.2424843482611958,-99.9982597500998,0.0,0.346819351665974,-1.1252825072073322e-05,-0.09463676782094348,-35.941977156604906,-0.08493745761846375,0.0,4.3350274744225725e-05,-9.818929938193844e-06,-1.844942043899398e-05,6.517766312571643,6.522402378709974,6.522412917527141,6.517768336271727,-0.028942072628127785,12.921035955047254,0.0,4.646902113037299,0.01149105587592117,0.0
58.631320430253595,278.1346608942099,-265.00140850325664,1.5,0.009716834568178578,-0.6069045653431585,0.007420831414287633,0.7946806672826056,-2.438350509445929,-99.96864841175936,0.0,0.34682309222775975,-1.2275627845233978e-05,-0.09461729875183775,-35.93120779609998,0.8788179278096574,0.0,6.476921442678925e-07,-1.543863408793459e-05,-0.00017831485568950122,6.517767666475001,6.522365140983398,6.522406546421983,6.517726772749466,0.31766985380746793,12.917245228167141,0.0,4.6457237279184955,-0.11316451441585529,0.0
58.70591498550837,277.8528343244215,-272.4551869312886,1.5,0.02037109070587581,-0.6067501318888912,0.01555756468918299,0.7944792371718773,-5.1174178421519185,-99.86716534213538,0.0,0.3468260662083543,-1.3337407228956686e-05,-0.09463911048423898,-35.89458956283654,1.8419436595266565,0.0,4.564930605937814e-05,-1.1422434471718514e-05,-1.660506945613457e-05,6.51772220080588,6.5223586705634204,6.522369136797015,6.517725003161307,0.6640715542593895,12.90415602319689,0.0,4.64119909168132,-0.23777378267171287,0.0
58.78050954076315,277.3712897534616,-279.89871675791346,1.5,0.031021800296171985,-0.6064865795090549,0.023691570992620477,0.7941349924576381,-7.792790280773303,-99.69388337320586,0.0,0.34682932634206665,-1.4428210637145123e-05,-0.09462188465158976,-35.83214763259995,2.8037463721406555,0.0,6.0467237538957114e-05,-1.7955569894674647e-05,3.464165352476358e-05,6.517691389576885,6.522337960298861,6.522338710501733,6.517708128235275,1.0100032727937507,12.88177499969048,0.0,4.633336122462742,-0.36224079853469715,0.0
58.855104096017925,276.6903746096737,-287.3266464995393,1.5,0.04166705102380268,-0.6061139506433665,0.031821387980715335,0.7936479918461655,-10.462543044731193,-99.44892703109933,0.0,0.34683291932384114,-1.5614765291010437e-05,-0.09464188305171621,-35.74392575426245,3.7635335608688494,0.0,4.672054854210135e-05,-1.3034961673148316e-05,-1.8665443021090707e-05,6.5176709025907,6.522306896546948,6.522318020234191,6.517673411458133,1.3552312298103903,12.85011854530958,0.0,4.6221396159643495,-0.4864644483270281,0.0
58.9296986512727,275.8105797613544,-294.73363588705433,1.5,0.05230493125105813,-0.6056323072563897,0.03994555410679425,0.7930183196378412,-13.124755289584135,-99.13247245120812,0.0,0.34683659670375805,-1.6797304928831868e-05,-0.09462356561260017,-35.6299862394999,4.7206140743507605,0.0,2.9666616911167926e-05,-2.4141636953838812e-05,-8.393137995866221e-05,6.517651959556156,6.5222704721684694,6.522294261219686,6.517637011047437,1.6994930818212033,12.809208531152512,0.0,4.607610436165716,-0.6103505576688815,0.0
59.00429320652747,274.7325391703153,-302.11435971142316,1.5,0.06293353127066115,-0.6050417308951509,0.048062607601451965,0.7922460856752487,-15.777511521290712,-98.74474726041771,0.0,0.3468399773879338,-1.8068780421460634e-05,-0.0946447510537189,-35.490409920784046,5.674298576042364,0.0,4.770187365668633e-05,-1.4675725052344563e-05,-2.042854319081066e-05,6.517611001527137,6.52224659172013,6.522258293909779,6.5176132751584355,2.04254333485562,12.759072780678382,0.0,4.589758186050227,-0.733820463096164,0.0
59.07888776178225,273.4570294414739,-309.4635116590502,1.5,0.0735509424788147,-0.6043423225678717,0.05617108834272078,0.7913314254142463,-18.41890297512772,-98.28603041946566,0.0,0.3468435898324082,-1.9525315012837498e-05,-0.09462706172788905,-35.32529608399988,6.623900079460646,0.0,4.455875819803183e-05,-1.678061080162927e-05,-3.4369729240187234e-05,6.5175798756515,6.522211131642994,6.522225625972338,6.51757850702893,2.384153721080492,12.699743166916306,0.0,4.56861110982468,-0.8567817526266437,0.0
59.153482317037025,271.98496927067407,-316.7758081343599,1.5,0.08415525794321346,-0.6035342028223543,0.06426953772909108,0.7902744998443171,-21.047028959053684,-97.75665203989952,0.0,0.3468474002035599,-2.097026510577654e-05,-0.0946470325985848,-35.134762435103305,7.568734433971869,0.0,4.9155921922596755e-05,-1.67871205320839e-05,-1.9795215300719296e-05,6.5175413527343125,6.5221770017498,6.522188802262865,6.517544016994207,2.724065489212114,12.631269852252665,0.0,4.544169792715624,-0.979139536475995,0.0
59.2280768722918,270.3174187906504,-324.0459920661493,1.5,0.09474457374162229,-0.6026175117830261,0.07235649771830152,0.7890754954228993,-23.659998238235378,-97.15699312886697,0.0,0.3468506252703077,-2.2383822715510595e-05,-0.09463110354369673,-34.918944999699846,8.508120785880637,0.0,7.719195874604027e-05,-2.6754962317290058e-05,8.086125897506563e-05,6.5174902221885045,6.522146951769938,6.522139507630414,6.517520098630091,3.062012063452775,12.553682219896942,0.0,4.516440348519754,-1.1008261588323587,0.0
59.30267142754658,268.45557881330063,-331.26883669576125,1.5,0.10531698759930995,-0.6015924089378721,0.0804305132230511,0.7877346242066624,-26.255930440610435,-96.48748535852,0.0,0.34685428619591435,-2.4003038033623516e-05,-0.09465193072730906,-34.67799802968998,9.44138211773625,0.0,4.940633922086567e-05,-1.8096293501434237e-05,-2.2879399475428467e-05,6.5174616695335486,6.522096754104952,6.522109342377812,6.517463698083618,3.3977797611143106,12.467042234984985,0.0,4.485454422843118,-1.2217395835947467,0.0
59.377265982801354,266.40078997122987,-338.4391493449373,1.5,0.11587060042094116,-0.6004590732774829,0.08849013090178943,0.7862521236917717,-28.832957347754842,-95.74861075742757,0.0,0.3468584946621348,-2.561807978497582e-05,-0.09463268576869695,-34.41209391239978,10.367845704900734,0.0,2.0075959292302715e-05,-2.6385614198710194e-05,-0.00013210077146874304,6.51743317948619,6.522040999145546,6.522074665957206,6.517405876711061,3.731113035065674,12.37143425484682,0.0,4.451237923855021,-1.3417813453436893,0.0
59.45186053805613,264.15453175914195,-345.5517751581979,1.5,0.12640351692277627,-0.5992177033468261,0.0965338989358205,0.7846282567315285,-31.38922428444844,-94.94090132707178,0.0,0.34686203766653145,-2.7315534945053862e-05,-0.09465419995289648,-34.12142305090086,11.286843583693452,0.0,5.0087013485057245e-05,-2.0462286749797774e-05,-2.3659605336047843e-05,6.517370391308889,6.5220051763043925,6.522018085235837,6.5173723804225325,4.061774068262401,12.26689968086924,0.0,4.413805515393464,-1.4608803023334875,0.0
59.5264550933109,261.71842147413827,-352.60160081883356,1.5,0.13691384439722704,-0.5978685169318374,0.10456036944893723,0.7828633117056892,-33.92289144491592,-94.06493871796039,0.0,0.3468657485420168,-2.91039012020162e-05,-0.09463701216738062,-33.806193729499775,12.197713091600619,0.0,4.4909934390242995e-05,-2.9771651764983774e-05,-4.398509720206207e-05,6.517323856220959,6.521951840716067,6.521968731864639,6.517320446555483,4.389525198704827,12.15351207674042,0.0,4.373180874462475,-1.5789526455748997,0.0
59.60104964856568,259.0942130570801,-359.58355823690835,1.5,0.14739969509361225,-0.5964117513981774,0.11256809599045733,0.7809576022074131,-36.43213521549851,-93.12135381306042,0.0,0.3468695104744692,-3.092216830037861e-05,-0.09465792264077176,-33.46663197251074,13.099797269542414,0.0,4.9917304452924226e-05,-2.2562139693413926e-05,-2.6794871376113637e-05,6.517266915272255,6.521900962428267,6.521914619177288,6.517268205157609,4.7141204309839155,12.031366719904373,0.0,4.329402840834531,-1.6959175320240738,0.0
59.675644203820454,256.28379583453403,-366.4926282041135,1.5,0.15785918495075615,-0.5948476633995725,0.12055563599332013,0.7789114671803197,-38.915149521582286,-92.11082624659949,0.0,0.3468733480214813,-3.28562049707802e-05,-0.09464044667736973,-33.10298140039974,13.992445402100605,0.0,3.786371644796148e-05,-3.671758824286689e-05,-7.193842572470865e-05,6.517217433930983,6.5218382555442425,6.521860651210883,6.517206627247334,5.035346285035619,11.900531426362557,0.0,4.282483105200268,-1.8116551147627715,0.0
59.75023875907523,253.28919316358923,-373.32384401421893,1.5,0.16829043436338714,-0.5931765288464979,0.12852155036380092,0.7767252708773466,-41.37014708023549,-91.03408396413059,0.0,0.3468766885042326,-3.495841318160488e-05,-0.09466304045563838,-32.71550303928568,14.8750134585913,0.0,5.045212164264541e-05,-2.4207258418193518e-05,-2.6550341789091538e-05,6.517149366333742,6.521783584412881,6.521797314423676,6.51715084234068,5.352947474065958,11.761104212310656,0.0,4.232467056505924,-1.9261167583004666,0.0
59.82483331433001,250.112560979627,-380.0722950474029,1.5,0.17869156954918866,-0.5913986431535985,0.1364644025138612,0.7743994025660564,-43.79536075027231,-89.89190270276546,0.0,0.34688063496514443,-3.7096716294526675e-05,-0.0946452822832221,-32.30447515669967,15.746864535600688,0.0,5.746040157966447e-05,-2.6968935469123253e-05,-1.4056187197503403e-06,6.517082417266223,6.52172122909564,6.521730176131591,6.517090715555118,5.666708656433148,11.613209384870377,0.0,4.17939488520718,-2.0392154690149944,0.0
59.899427869584784,246.75618624759008,-386.73313031313313,1.5,0.18906072096237,-0.5895143207786865,0.1443827610120963,0.7719342768063593,-46.18904477304596,-88.68510538670945,0.0,0.3468845114745335,-3.926701909973293e-05,-0.09466599049246674,-31.870193074242824,16.60736938259858,0.0,4.995420450249072e-05,-2.685888072800825e-05,-2.926334779276273e-05,6.517017641794278,6.521651108247722,6.521665451618019,6.517018479004098,5.976399524398224,11.456920985625654,0.0,4.123288329568973,-2.1508724534096286,0.0
59.97402242483956,243.22248531938274,-393.30156195108236,1.5,0.1993960247608293,-0.5875238953448005,0.15227519846506946,0.7693303332385083,-48.54947604220326,-87.41456161115116,0.0,0.34688848797988286,-4.148339803568232e-05,-0.09464817602835406,-31.412968942399626,17.455906816300672,0.0,2.007286994418146e-05,-3.784008206742314e-05,-0.0001388892332685809,6.516961640088799,6.52156743458921,6.521602879949821,6.516932982726407,6.281784688487941,11.292362490975012,0.0,4.064202245819377,-2.2609740010423165,0.0
60.04861698009433,239.51400219667912,-399.77286868809495,1.5,0.20969562381407644,-0.5854277198880414,0.1601402907856034,0.7665880363056918,-50.87495537533912,-86.08118698537292,0.0,0.3468919211307707,-4.386570705876306e-05,-0.0946705225505051,-30.933131545043057,18.291864148927246,0.0,4.9521136534431665e-05,-2.914895782680745e-05,-3.0875335830301636e-05,6.516869832606763,6.52150292472947,6.521517640446339,6.51687029816868,6.582655954571656,11.119648831400028,0.0,4.002166108198995,-2.3694865652206936,0.0
60.12321153534911,235.6334067014225,-406.1423992468763,1.5,0.21995766691737045,-0.583226166423036,0.1679766190412343,0.7637078754466478,-53.16380871624395,-84.68594249048923,0.0,0.3468958041564999,-4.6286013129557544e-05,-0.09465304047849554,-30.431026049599648,19.114637673000555,0.0,3.0979953488769896e-05,-4.054321614625288e-05,-9.85023402402486e-05,6.516799797673468,6.52141486651676,6.521442598635838,6.516782067174018,6.878792054198401,10.938904574322176,0.0,3.9372262787271817,-2.4762864673484306,0.0
60.19780609060388,231.58349255568854,-412.4055757052047,1.5,0.23018030906757903,-0.5809196259188174,0.17578276965259915,0.7606903650192741,-55.414388358897625,-83.22983379639206,0.0,0.3468993997009356,-4.879920598645764e-05,-0.0946747395451426,-29.907013782335948,19.92363310368854,0.0,4.930962371497177e-05,-3.166270051130961e-05,-3.077791526272463e-05,6.516704706203968,6.521337772319253,6.521352501722951,6.516705230416049,7.169972267891715,10.750264987221643,0.0,3.8694395659758567,-2.5813193886099137,0.0
60.27240064585866,227.36717537089498,-418.5578968021288,1.5,0.24036171294643843,-0.5785085085796616,0.18355733326879292,0.7575360439303459,-57.62507415882654,-81.71391052131177,0.0,0.3469025909629978,-5.1452893820624646e-05,-0.09465971442987987,-29.361471972799556,20.718265975000627,0.0,8.75833193630024e-05,-4.138188011427168e-05,0.00011025305511925514,6.516597364078267,6.521260906906783,6.521248538840853,6.516635882037822,7.4559988961313755,10.55384430962994,0.0,3.7988223361507676,-2.6845259419566565,0.0
60.34699520111344,222.9874905490806,-424.59494119018575,1.5,0.25050004797387043,-0.5759932433385089,0.19129890656982476,0.7542454759152775,-59.79427467575109,-80.13926552866664,0.0,0.34690656377732787,-5.420487203477666e-05,-0.09467990953775511,-28.794793471719125,21.497962095605377,0.0,4.798522441895378e-05,-3.4051167945310494e-05,-3.3826583066846836e-05,6.516521584599782,6.521153958955894,6.52116927701623,6.516521290391052,7.736651176315408,10.34980358901578,0.0,3.725453799719725,-2.785807909341774,0.0
60.42158975636821,218.44759109724595,-430.5123706304927,1.5,0.26059349099461215,-0.5733742779548343,0.19900609218356177,0.7508192492902943,-61.92042836142948,-78.50703409821448,0.0,0.3469103317839142,-5.698880887903597e-05,-0.09466262317048747,-28.207386501399526,22.2621579823006,0.0,2.330615485861528e-05,-4.5294752506764085e-05,-0.0001230003404193417,6.516435719008185,6.521045127096308,6.521077570705472,6.516411393229508,8.011728872031266,10.138282497294878,0.0,3.649379133700157,-2.885084631735006,0.0
60.49618431162298,213.75074535547654,-436.3059331277708,1.5,0.2706402275955416,-0.5706520792675622,0.20667749751223738,0.7472579766430872,-64.00200468812379,-76.81839314222944,0.0,0.34691399019288754,-5.996869759968141e-05,-0.09468377711788648,-27.599674346640818,23.010301205193738,0.0,4.721788645180845e-05,-3.698329127840691e-05,-3.3868883594189144e-05,6.516318414273779,6.5209506533888355,6.5209659499019015,6.516318078994462,8.281044387474786,9.919438458104267,0.0,3.570649683278237,-2.9822881554011236,0.0
60.57077886687776,208.90033464259426,-441.9714660037158,1.5,0.28063845105352936,-0.5678271326461435,0.21431173693247263,0.7435622950594801,-66.03750522255837,-75.0745603352392,0.0,0.3469169543101685,-6.296777603028594e-05,-0.0946692162589186,-26.97209507019957,23.741850870700492,0.0,6.77928270576242e-05,-4.211417554514422e-05,4.329001579212221e-05,6.516199283155195,6.520847927866853,6.520848368244987,6.516219703540662,8.544366059400977,9.693409076189893,0.0,3.489317758183244,-3.077375648068387,0.0
60.645373422132536,203.8998508183048,-447.50489890671446,1.5,0.2905863633840636,-0.5648999421784396,0.22190743095851798,0.739732865855919,-68.02546479887376,-73.276793281709,0.0,0.3469204309402408,-6.607876809405266e-05,-0.09469076863300302,-26.325101195970962,24.45627797116707,0.0,4.506120107248277e-05,-3.92647727477676e-05,-3.800065818366595e-05,6.516094590788777,6.520725983028197,6.520742009907399,6.516093078902706,8.801537071205916,9.460371140274523,0.0,3.4054448996798525,-3.1702594892818152,0.0
60.71996797738731,198.75289376481385,-452.9022567558123,1.5,0.3004821755285251,-0.5618710305088798,0.22946320682438964,0.7357703744908473,-69.96445250500632,-71.4263885866727,0.0,0.3469240929823778,-6.922525437713795e-05,-0.09467335561201594,-25.65915938859946,25.15306579050055,0.0,2.099640815574112e-05,-5.2639731136964646e-05,-0.00012391178592240242,6.515986996653002,6.520595866456379,6.520628357669852,6.515962297811478,9.052359705097697,9.220499875759407,0.0,3.3190905817463294,-3.2608347303490954,0.0
60.79456253264209,193.46316879101767,-458.1596626151454,1.5,0.3103241076706859,-0.5587409388197188,0.23697769859750245,0.7316755304454858,-71.85307276427815,-69.52468091394134,0.0,0.3469271706743019,-7.260310134605467e-05,-0.09469602570796598,-24.974750131345488,25.831710279815784,0.0,4.363029317839926e-05,-4.2061316373093e-05,-3.843833868173432e-05,6.5158478378191775,6.520479081745597,6.520495094690316,6.515846109992242,9.296651026234466,8.973951989230331,0.0,3.2303138850519306,-3.3490764333357177,0.0
60.869157087896866,188.03448395896643,-463.27334049846405,1.5,0.32011038972094885,-0.5555102267438502,0.24444954735994892,0.7274490670632648,-73.68996634299424,-67.57304205867302,0.0,0.34693032901548354,-7.603450167328685e-05,-0.09468008508976017,-24.27236737419944,26.491720422900517,0.0,4.904878098900442e-05,-4.803450279451695e-05,-1.577493187543197e-05,6.515713261921907,6.520348151325536,6.52035974632524,6.515717576183867,9.534228806082785,8.720913114906446,0.0,3.139180084737106,-3.4349219160736415,0.0
60.94375164315164,182.47074733559694,-468.2396181013354,1.5,0.3298392610915428,-0.5521794720724934,0.25187740202782805,0.7230917416289856,-75.47381134504569,-65.57287993587556,0.0,0.34693331199546,-7.950686829374731e-05,-0.09470267808454887,-23.552518186524946,27.13261861524579,0.0,4.124258994470535e-05,-4.46945791249408e-05,-4.1312962733151304e-05,6.515577393383461,6.520208010171069,6.520224441348664,6.515574757039841,9.764915554394332,8.461560952397997,0.0,3.045748025747424,-3.518285055858952,0.0
61.01834619840641,176.77596417078607,-473.05492945848323,1.5,0.3395089721788715,-0.5487492712628789,0.25925991823919375,0.7186043347302551,-77.20332419715376,-63.52563758310598,0.0,0.3469363911736429,-8.321586369962522e-05,-0.09468657497288774,-22.815722416899494,27.753940995100418,0.0,5.404066882996863e-05,-4.885017921818867e-05,8.933168623366776e-06,6.515426424434996,6.520067299945926,6.520073995269108,6.515437242759127,9.988566507906251,8.196085655927916,0.0,2.950097589536284,-3.599123153071353,0.0
61.09294075366119,170.95423400541594,-477.7158175246806,1.5,0.34911778317498965,-0.545220238475962,0.2665957604087899,0.7139876508450655,-78.87726053235191,-61.43279210904179,0.0,0.34693940645433347,-8.694145579761168e-05,-0.09470854381149031,-22.062512278602295,28.355237800925448,0.0,3.883019312897926e-05,-4.7922303036693205e-05,-4.317099572331775e-05,6.515281380237038,6.519911481201469,6.51992809963489,6.515278073595555,10.204991641993983,7.924672961478322,0.0,2.852290732203278,-3.67737615148645,0.0
61.167535308915966,165.00974771036041,-482.21893667732354,1.5,0.3586639650673482,-0.5415930058718726,0.2738836012458653,0.7092425178466345,-80.49441616118867,-59.29585364594589,0.0,0.34694247739955425,-9.071681990312036e-05,-0.09469193558854361,-21.29343199999938,28.93607371860045,0.0,1.948692871764196e-05,-6.366046282712397e-05,-0.00011013090423733467,6.515133698917901,6.519745348131792,6.519774733654547,6.51511225479259,10.41404430768126,7.647529022655627,0.0,2.75238190792849,-3.7529518487425833,0.0
61.24212986417074,158.94678445768514,-486.5610551385242,1.5,0.36814580074502473,-0.5378682240321038,0.28112212080216087,0.7043697865227119,-82.05362792324787,-57.116364237769446,0.0,0.3469452759739313,-9.480731981172241e-05,-0.09471410791929934,-20.509037449078857,29.496028160238335,0.0,3.621593942818922e-05,-5.116082894354223e-05,-4.462888446598461e-05,6.514958265563726,6.519587923716375,6.519604614302853,6.514954358203571,10.615577636317521,7.364843100824854,0.0,2.6504602723576434,-3.825827118055956,0.0
61.31672441942552,152.76970862864502,-490.7390573150992,1.5,0.3775615843523325,-0.5340465612240085,0.2883100081355316,0.6993703308513006,-83.55377452011676,-54.895896751846614,0.0,0.34694764058792654,-9.88843340187985e-05,-0.09469946597127801,-19.709895710899357,30.034695617000416,0.0,4.623412750507896e-05,-5.62732019306236e-05,-3.424931629642644e-06,6.514781090295744,6.519418847308247,6.519427500481175,6.514788162731043,10.809416049241602,7.076825192307669,0.0,2.5465979049049468,-3.8959503522449537,0.0
61.391318974680296,146.48296665815934,-494.74994605490684,1.5,0.3869096214846479,-0.5301287032545491,0.2954459615427587,0.6942450479451269,-84.99377739276608,-52.6360537246403,0.0,0.3469499503865805,-0.00010303741456378507,-0.09472275112976926,-18.896584683445216,30.551685954029946,0.0,3.2668048895574255e-05,-5.386857268488756e-05,-4.833318719723132e-05,6.514606678251501,6.519235585333053,6.519252739375885,6.5146015246695175,10.995435747898057,6.783677885245304,0.0,2.440863832627041,-3.963267459102347,0.0
61.465913529935065,140.0910838183288,-498.5908448176186,1.5,0.39618822988958696,-0.5261153535579807,0.30252868846152126,0.6889948576769414,-86.3726014831831,-50.338466221850624,0.0,0.34695283314734154,-0.00010730382359084075,-0.09470550253676648,-18.06969267119943,31.046624709500332,0.0,4.200315134118085e-06,-7.114805104197101e-05,-0.00014752719168624145,6.51443438016429,6.519037144922626,6.519073220834352,6.514402366602975,11.173521697693221,6.485622171613046,0.0,2.333334981989865,-4.027691364649744,0.0
61.54050808518984,133.59866094599235,-502.2589997583534,1.5,0.4053957401976908,-0.5220072334058212,0.30955690498390154,0.6836207023476941,-87.68925596101656,-48.00479264254605,0.0,0.346955100645998,-0.00011182894663592163,-0.09472817472689969,-17.229817969348186,31.519153334826175,0.0,2.938640450518812e-05,-5.766991360514616e-05,-4.98503573665143e-05,6.514224620613453,6.5188529750988575,6.518870133018837,6.514218770676231,11.343518575505986,6.182869754411576,0.0,2.224093078214244,-4.089223698857995,0.0
61.61510264044462,127.01037111448751,-505.75178172213873,1.5,0.4145304954534701,-0.5178050812502458,0.3165293372897617,0.6781235468595905,-88.94279499409876,-45.6367175214361,0.0,0.3469570606809548,-0.0001163387984059315,-0.09471350667624626,-16.37756842109932,31.968929518700353,0.0,2.5187059858182218e-05,-7.208631898751312e-05,-5.9529219883887674e-05,6.514024203689399,6.518647592342056,6.518666450143969,6.514015586466793,11.505290882152776,5.875629368149103,0.0,2.113205483432693,-4.1477792727909675,0.0
61.689697195699395,120.33095625075067,-509.0666881488321,1.5,0.42359085188580653,-0.5135096529431402,0.3234447210991561,0.6725043783693616,-90.13231845327007,-43.235950329799714,0.0,0.34695883026914104,-0.00012111345224514651,-0.09473714262465356,-15.513560987894438,32.39562740179733,0.0,2.5387731260983257e-05,-6.067194563932644e-05,-5.2747540869792986e-05,6.513810576371932,6.518438327720629,6.518455713257912,6.513803616890398,11.658736028010404,5.564131737379988,0.0,2.0007665660922322,-4.20336440026937,0.0
61.76429175095417,113.56522370219298,-512.2013448865544,1.5,0.43257517861319944,-0.5091217211489725,0.33030180286838806,0.6667642063908045,-91.25697254982707,-40.80422422281745,0.0,0.34696109658862595,-0.0001257494955263376,-0.09472046003468529,-14.638421293599299,32.798937873900314,0.0,-8.712022160427728e-06,-8.67886025676619e-05,-0.00017132194967440682,6.513609028370332,6.51820493472823,6.518244922973606,6.513569944946672,11.803746195023264,5.2486127686633965,0.0,1.8868430286452356,-4.255851402817414,0.0
61.83888630620895,106.71804275619375,-515.1535079112422,1.5,0.44148185916915084,-0.5046420761503052,0.33709933824164046,0.6609040619941049,-92.31595046477238,-38.343294769863924,0.0,0.34696263295311186,-0.0001308784631749594,-0.09474399401345598,-13.752783199206995,33.17856873120531,0.0,2.13114511940332e-05,-6.431988208463482e-05,-5.464801809304351e-05,6.51336270299116,6.517989887003319,6.5180072655962285,6.513354859421917,11.940207797079454,4.929286568766299,0.0,1.771528385874489,-4.305283576667859,0.0
61.913480861463725,99.79434111371526,-517.9210649522341,1.5,0.45030929044893747,-0.5000715246764866,0.3438360942509797,0.6549249983267854,-93.30849294862736,-35.85493870778441,0.0,0.3469640547745631,-0.0001358913514018048,-0.0947294163617263,-12.857288314599284,33.53424498100028,0.0,1.3574748182119409e-05,-7.772971335988452e-05,-7.598304492463771e-05,6.513129542156083,6.517749210016652,6.517770484828914,6.513115747870733,12.0680062372297,4.606389936562866,0.0,1.6549007749431766,-4.351579188973138,0.0
61.988075416718495,92.79910131885383,-520.5020370227408,1.5,0.4590558837898043,-0.49541089039640934,0.35051084832653473,0.6488280900516034,-94.23388890959878,-33.34095263927514,0.0,0.346965342243666,-0.00014113214696859515,-0.0947528087400831,-11.952585553988046,33.86570899229433,0.0,1.6479645135149325e-05,-6.76713257226295e-05,-5.799817131073219e-05,6.512879364899176,6.517505770658388,6.517523376606254,6.512870202460326,12.187064359015064,4.280159145326675,0.0,1.5370410635316325,-4.394726443897445,0.0
62.06266997197327,85.73735714809835,-522.8945798530139,1.5,0.4677200652436545,-0.49066101378389465,0.3571223887470824,0.6426144330596769,-95.09147590320066,-30.803151723057372,0.0,0.34696655556342193,-0.00014646407039386168,-0.09473790750378863,-11.03933066889927,34.17272073360024,0.0,6.416910115419274e-06,-7.909782639263067e-05,-8.717625225830403e-05,6.512628639029656,6.517245980511894,6.5172689679169205,6.512611391241377,12.297288399414134,3.950824841751612,0.0,1.4180496145224861,-4.434669253831735,0.0
62.13726452722805,78.61418996217829,-525.096985226163,1.5,0.4763002751645433,-0.4858227513046144,0.36366951560409044,0.6362851448943951,-95.88064064157477,-28.243368376342872,0.0,0.3469674408505403,-0.00015191369723333115,-0.0947616186487658,-10.11818574359619,34.45505792508822,0.0,1.1253919800328507e-05,-7.124551354654332e-05,-6.143768023649963e-05,6.512358608993849,6.516984175965161,6.517001981279498,6.512348058455811,12.398593525626525,3.618639579341452,0.0,1.2979868509602461,-4.471397641747627,0.0
62.211859082482825,71.43472502190866,-527.1076822145415,1.5,0.4847949699049362,-0.4808969766342436,0.37015103938480415,0.6298413634092833,-96.60081945478936,-25.66345090310414,0.0,0.34696832821329576,-0.0001575577114305385,-0.0947467232193793,-9.189818771309257,34.71251624070019,0.0,-1.1217249294964072e-06,-8.140950303131961e-05,-9.838645357130072e-05,6.5120894077590945,6.516704291677232,6.516728948756429,6.512068655705916,12.49091136941062,3.283822535939018,0.0,1.1769763097503179,-4.504864396210975,0.0
62.2864536377376,64.20412777170289,-528.9252383167413,1.5,0.49320262041807383,-0.475884578912731,0.3765657832044572,0.623284247904126,-97.25149869175574,-23.065262203789654,0.0,0.34696865783785985,-0.00016333362199496567,-0.09477121132651023,-8.254903105705132,34.944909450025975,0.0,6.625872968303443e-06,-7.472157163764188e-05,-6.129826541607812e-05,6.511798001412478,6.516423595977803,6.516440867878434,6.511786981806041,12.574161290406451,2.9466356875973525,0.0,1.0550848712165632,-4.535042084005882,0.0
62.36104819299238,56.92760009282019,-530.5483604942773,1.5,0.5015217133278437,-0.4707864631258372,0.3829125822127476,0.6166149783952178,-97.83221513451943,-20.450678378800113,0.0,0.3469690916759461,-0.00016930695362087672,-0.09475668501536662,-7.3141169847992495,35.152069549900155,0.0,8.846871107920108e-06,-7.409019079643669e-05,-4.407460194737618e-05,6.51150032893282,6.516129280505809,6.51614297152224,6.511493677825321,12.64829735719355,2.6073236878844246,0.0,0.9323815715237344,-4.561944483065271,0.0
62.43564274824715,49.610376529631296,-531.9758961057485,1.5,0.509750752001769,-0.4656035512000434,0.3891902825761185,0.6098347545785341,-98.34255630638911,-17.821587370434735,0.0,0.3469693163814813,-0.00017524428728759952,-0.09478019477503614,-6.368143102122475,35.3338469486153,0.0,2.8104157490083465e-07,-7.887699464853204e-05,-6.602159320865461e-05,6.511196812358788,6.515821178893755,6.5158388033558445,6.511183965316363,12.713250181141271,2.2661292523032515,0.0,0.8089834098349328,-4.5855201606925355,0.0
62.510237303501924,42.257720491444935,-533.2068337391969,1.5,0.5178882556002619,-0.460336780212196,0.39539774350848705,0.6029447967464212,-98.78216081529733,-15.179887593520851,0.0,0.34696927176529,-0.0001813561369365713,-0.0947660218518353,-5.417668027919241,35.490110545800114,0.0,-8.802317441737242e-06,-9.552387028853715e-05,-8.949160470530104e-05,6.5108844442662885,6.515500344373739,6.515522181970762,6.510864978045799,12.76897402930794,1.9232989927880118,0.0,0.6849780851820783,-4.6057272420674416,0.0
62.5848318587567,34.874920432086164,-534.240303941881,1.5,0.5259327595755446,-0.4549871025742594,0.40153383700486445,0.5959463454342879,-99.15071861262633,-12.527486557549933,0.0,0.3469689264815181,-0.00018772695408911266,-0.09479014617348136,-4.4633817325147005,35.62074783145409,0.0,-6.086144203206356e-06,-8.273104261281638e-05,-6.936468824079074e-05,6.510552105516924,6.515175638600876,6.515193301671545,6.51053775411614,12.815428526598321,1.5790910359925978,0.0,0.5604419844138498,-4.622589036441235,0.0
62.65942641401148,27.467286010970895,-535.0755798459845,1.5,0.5338828169627258,-0.44955548697037256,0.4075974469373281,0.5888406602273214,-99.447971227404,-9.866299451390558,0.0,0.34696837786206325,-0.0001941744137284769,-0.09477631131477539,-3.5059771161892366,35.72566500480007,0.0,-1.2578137811178055e-05,-9.597925311394144e-05,-8.260058409453155e-05,6.510215699991785,6.514833618844834,6.514853504297015,6.510197462097504,12.852576144981075,1.2337434711977546,0.0,0.43548848897799536,-4.636068951482759,0.0
62.734020969266254,20.04014423786151,-535.71207769057,1.5,0.5417369970654081,-0.4440429165463664,0.41358747113400646,0.5816290209373396,-99.67371196921734,-7.198247778041391,0.0,0.3469675312365757,-0.0002008435197946671,-0.09480068748120868,-2.546149449094992,35.80478705502105,0.0,-1.235195695725906e-05,-8.663692100844016e-05,-7.083885183502091e-05,6.50986179971799,6.514484938779389,6.514502232053496,6.509846398137451,12.880389557011167,0.8875204785019724,0.0,0.3101956676031779,-4.646158194224279,0.0
62.80861552452103,12.598835604319275,-536.1493572392002,1.5,0.5494938867094342,-0.4384503895356406,0.419502820524354,0.5743127266194926,-99.82778608333429,-4.525257923771892,0.0,0.34696646571556505,-0.00020766399845166018,-0.09478712610225648,-1.5845958818592345,35.85805779380003,0.0,-1.5561791318219093e-05,-8.957503922416994e-05,-7.127275618699294e-05,6.509499483496844,6.514121427192442,6.514138457702001,6.509483618888206,12.898846887600458,0.5406706726868987,0.0,0.1846433101427798,-4.652865024604224,0.0
62.88321007977581,5.1487102047613975,-536.3871220920302,1.5,0.5571520906555327,-0.43277891968270565,0.42534241894228947,0.5668930950406446,-99.91009087387822,-1.8492597563247164,0.0,0.34696513579388905,-0.00021460715480724787,-0.09481157457425755,-0.6220149656126654,35.8854399533905,0.0,-1.9750954821287898e-05,-9.079123919198862e-05,-7.492727128069711e-05,6.509124423439695,6.51374653360598,6.513763908842485,6.509107216858731,12.907932689122228,0.19343881843141267,0.0,0.05893297605157361,-4.656161887872341,0.0
62.95780463503058,-2.304876150261504,-536.425219893888,1.5,0.5647102318737528,-0.4270295358166208,0.43110520353496473,0.5593714624848235,-99.92057578875517,0.8278147560206844,0.0,0.34696354818724007,-0.00022163312384602574,-0.09479819058771832,0.3408938818077662,35.88691519649999,0.0,-2.506192336839333e-05,-9.928167164202486e-05,-8.227533113568183e-05,6.508738913693928,6.51335744941219,6.513375863057812,6.508719354109839,12.907638885337544,-0.15389319949575941,0.0,-0.06682113611551907,-4.656050485729152,0.0
63.03239919028535,-9.756565825608362,-536.2636424360542,1.5,0.57216695053699,-0.42120328019655573,0.43679012641677456,0.5517491848020092,-99.8592424636257,3.5040330182753037,0.0,0.3469616350012632,-0.00022881562661638928,-0.09482295928218917,1.303430929838768,35.862484134419006,0.0,-2.724217213844761e-05,-9.503812536057153e-05,-7.778489609893208e-05,6.508337307396141,6.51295866919258,6.512975835343867,6.508318572826195,12.897964335825712,-0.5010933698537042,0.0,-0.19254959822355647,-4.652536705879087,0.0
63.10699374554013,-17.201003254894758,-535.9025256520516,1.5,0.5795209056664886,-0.4153012099648668,0.4423961532857112,0.5440276357458471,-99.72614472765127,6.177463179691565,0.0,0.34695945191989175,-0.00023618210174632484,-0.09480990491978507,2.264896605080765,35.81216635929995,0.0,-3.067940509195659e-05,-0.00010982550713276028,-7.750027479707358e-05,6.507925601975142,6.512544268382114,6.512560981101752,6.507906545337226,12.87891491593143,-0.8479152266018958,0.0,-0.31816487922056474,-4.645600335449114,0.0
63.18158830079491,-24.632838832924623,-535.3421495092947,1.5,0.5867707752871908,-0.4093243971126849,0.4479222635311652,0.5362082067912832,-99.52138857255024,8.846175546558035,0.0,0.3469569875252847,-0.00024386188162094164,-0.09483475806942443,3.22459199259622,35.73600043776666,0.0,-3.5224107663045986e-05,-9.913525686568622e-05,-8.083005731229148e-05,6.507498434526206,6.512119030781228,6.512135973022939,6.507478070587663,12.85050271192943,-1.1940952404152154,0.0,-0.44355830761203946,-4.635239627531614,0.0
63.25618285604968,-32.04673280442625,-534.5829377951433,1.5,0.5939152558632549,-0.4032739267542807,0.4533674517190554,0.5282923078891435,-99.24513208360976,11.508244000377536,0.0,0.3469542897400174,-0.00025171035133899483,-0.09482161616954662,4.18181940754076,35.634043846999916,0.0,-5.056257634965252e-05,-8.934743981852631e-05,-0.00012321233984840873,6.507064022306814,6.511675541229411,6.511700199604011,6.50703181344768,12.812748291301219,-1.5393617586274042,0.0,-0.5686464517772648,-4.621529802611266,0.0
63.33077741130446,-39.43735914602428,-533.6254577963322,1.5,0.6009530631198151,-0.3971508983116535,0.4587307268270472,0.5202813663412206,-98.89758532875335,14.1617474453662,0.0,0.3469510733550515,-0.00025936299205575673,-0.09484716530337327,5.135882866572389,35.506373033594905,0.0,-4.413764040876914e-05,-0.00010385037217884082,-8.564384909807025e-05,6.5066058269199525,6.5112251749400585,6.5112421758436225,6.506583299893207,12.765678049893653,-1.8834789299380887,0.0,-0.6933401370667253,-4.604421239739155,0.0
63.40537196655924,-46.799409438624245,-532.470419873115,1.5,0.6078829328133106,-0.3909564256266527,0.4640111119840182,0.5121768261166008,-98.47901021142124,16.804771185173536,0.0,0.34694753618999147,-0.00026732308760938104,-0.09483500305155018,6.086088597160755,35.35308330369987,0.0,-3.8497761548337684e-05,-0.00012577950530053445,-5.0515431609597665e-05,6.506135341735937,6.5107590508702105,6.510768849127476,6.506121825178661,12.7093229185558,-2.2262044276266266,0.0,-0.8175250682619988,-4.583894481477131,0.0
63.479966521814006,-54.127596727583594,-531.1186769297926,1.5,0.6147036192832799,-0.3846916343948664,0.4692076466479584,0.5039801496028664,-97.98972029003484,19.43540831398248,0.0,0.3469438817531234,-0.0002756861366450735,-0.09485997471729461,7.031745610174653,35.174288739602545,0.0,-5.2771851946618836e-05,-0.00010832534116906876,-8.775444526119265e-05,6.505656544059737,6.510275304196476,6.5102917905473054,6.505632528358953,12.643726366573118,-2.567270764005136,0.0,-0.9411302532661925,-4.560029824080884,0.0
63.55456107706878,-61.41665936742778,-529.5712237800146,1.5,0.6214138974429626,-0.3783576647094232,0.4743193847257581,0.4956928150515772,-97.43008054556994,22.051761150231876,0.0,0.3469396847467128,-0.0002839867506105107,-0.09484800827034641,7.972166154190746,34.97012221549982,0.0,-5.098993009469906e-05,-0.0001245075699480348,-6.587955283192868e-05,6.50515841852865,6.509779294771056,6.509791095945613,6.505139813755791,12.568933034827237,-2.9064261726949643,0.0,-1.0640628178340341,-4.532790351958726,0.0
63.62915563232356,-68.66136484833393,-527.8291964070894,1.5,0.6280125622792352,-0.3719556695825522,0.47934539550627914,0.4873163174897738,-96.80050712319854,24.651942623256,0.0,0.346935111029805,-0.00029264256745268426,-0.09487403463585624,8.906666231464893,34.74073520656347,0.0,-6.223742578090617e-05,-0.00011274859283972081,-9.119128468657717e-05,6.504648788755274,6.509266702408055,6.509282871297625,6.504622869359649,12.484992264891057,-3.2434310064073846,0.0,-1.1862218220683454,-4.502241751349109,0.0
63.703750187578336,-75.8565136022825,-525.8938711212264,1.5,0.6344984288606536,-0.3654868144838247,0.4842847643741775,0.47885216842662,-96.10146704859162,27.234077644015045,0.0,0.3469303272640899,-0.00030123590404719665,-0.09486186981158627,9.834566151100736,34.486297774199784,0.0,-6.27329449212761e-05,-0.00013375684020388301,-7.679124435294027e-05,6.504121815019729,6.508739419711974,6.50875231021873,6.504099263413751,12.391982614278222,-3.5780272593546,0.0,-1.3075268652035819,-4.468353681745349,0.0
63.77834474283311,-82.99694278486727,-523.7666636135189,1.5,0.6408703330716178,-0.35895227794544987,0.4891365920983787,0.47030189518736865,-95.33347785750897,29.796304504271628,0.0,0.34692544754788746,-0.00031019836871394455,-0.09488657789606744,10.755190977967775,34.20699839032965,0.0,-7.274979603828077e-05,-0.00011784689553109085,-9.670783159898772e-05,6.503580394319614,6.5081967996630175,6.508212991028428,6.503551951301253,12.289964721522225,-3.909971799083054,0.0,-1.42788238959394,-4.4311885525821975,0.0
63.85293929808789,-90.07753002964081,-521.4491279068021,1.5,0.6471271319034239,-0.35235325141395524,0.4938999951585344,0.46166704036010897,-94.49710722317752,32.33677624517881,0.0,0.3469195455992919,-0.0003193532038334649,-0.09487602657005399,11.667871059400724,33.90304384489975,0.0,-6.922543097241629e-05,-0.00012423658864307472,-6.669028017080036e-05,6.5030188353877145,6.507640667353732,6.5076505523844705,6.502997940289186,12.17898444660051,-4.23903127520525,0.0,-1.5471916532636873,-4.3907608090454655,0.0
63.92753385334266,-97.09319717469774,-518.9429552054133,1.5,0.65326770258113,-0.34569093729756845,0.4985741071315007,0.4529491630776328,-93.59297259449785,34.85366199456724,0.0,0.3469133702624702,-0.00032863730976148177,-0.09490290154231343,12.571942558942403,33.5746590767768,0.0,-8.282470843538031e-05,-0.00012217660349287995,-9.883084141793873e-05,6.502447968428999,6.507063910322677,6.507079414996256,6.502417858868121,12.05914790540431,-4.5649512705505035,0.0,-1.6653724132233794,-4.347108693224155,0.0
64.00212840859744,-104.03891395726588,-516.2499726438296,1.5,0.6592909443402242,-0.33896655127916514,0.5031580770583959,0.4441498365594454,-92.6217407029361,37.34514834113405,0.0,0.3469069573971128,-0.00033796296418034757,-0.09489161020605956,13.46674789460081,33.22208704149967,0.0,-6.851779024745551e-05,-0.00014082938574970773,-2.8525942959800303e-05,6.501849224646025,6.506478112822757,6.506479541215478,6.501837487218965,11.93055888707128,-4.887491084474041,0.0,-1.782341101146767,-4.300227805494159,0.0
64.07672296385222,-110.90970167154705,-513.3721419346699,1.5,0.6651957773973213,-0.33218132008039536,0.5076510710182236,0.43527064961523626,-91.58412705806778,39.80944066140569,0.0,0.34690056187660806,-0.00034761320982855994,-0.09491658452453307,14.351636270559013,32.845588512982374,0.0,-9.443317089463902e-05,-0.00012748850850878695,-0.00010474242769273136,6.501250275280393,6.5058646011153405,6.505880083670477,6.501217415176638,11.793294005185144,-5.206412304163248,0.0,-1.898003122186341,-4.250183744466491,0.0
64.15131751910698,-117.70063678896621,-510.31155791738985,1.5,0.6709811439187081,-0.3253364824051005,0.5120522715345336,0.4263132052120154,-90.48089544494144,42.24476445539925,0.0,0.34689323627204566,-0.00035751862166875345,-0.09490588576118061,15.225964150400593,32.44544191889972,0.0,-0.00010893185468291024,-0.00013253850143043794,-0.000138770639539668,6.500630713492693,6.505235849292099,6.505257266509687,6.500588082722845,11.647432279534495,-5.521494723083663,0.0,-2.012270791239042,-4.197010018399532,0.0
64.22591207436176,-124.40685453967319,-507.07044700921335,1.5,0.6766460077890393,-0.3184332882106078,0.5163608780911718,0.4172791208285525,-89.31285739832002,44.649366629689894,0.0,0.3468853972742038,-0.00036758606117577347,-0.09493329176992693,16.0890957412841,32.02194314183566,0.0,-0.00010582017549234316,-0.00013218280994311868,-0.00010797735757249124,6.499983673941996,6.5045972054296035,6.504612093110125,6.499948725919065,11.49310406818163,-5.832499426309752,0.0,-2.1250647591213028,-4.140723866582577,0.0
64.30050662961654,-131.0235524507921,-503.6511655597336,1.5,0.6821893551186843,-0.3114729986549605,0.5205761071335906,0.40817002774980593,-88.08087156807595,47.0215167920102,0.0,0.34687752286821527,-0.0003777631543428243,-0.09492171725607293,16.940403473000575,31.575405290199686,0.0,-0.00013293907753434623,-0.00013480281347672232,-0.00018716309115919386,6.499334866977089,6.503929080792755,6.503958542927373,6.4992779461466,11.330435054251286,-6.139171216570758,0.0,-2.2362901385384903,-4.081401492418059,0.0
64.37510118487131,-137.54599383736252,-500.05619810796736,1.5,0.6876101942168084,-0.3044568859101622,0.5246971922979058,0.398987571016572,-86.78584307518699,49.35950858199335,0.0,0.3468688339294351,-0.0003880436055059731,-0.09494924495077406,17.77926846786398,31.10615850302223,0.0,-0.00011824232955450761,-0.00013746005040844787,-0.00011310314123808823,6.498646381195305,6.503258543700375,6.503273133026351,6.498608769071524,11.159526766550172,-6.4413127954327045,0.0,-2.3458709111344698,-4.019042249111014,0.0
64.44969574012609,-143.96951124536585,-496.2881555450649,1.5,0.6929075557355864,-0.29738623234375783,0.5287233848603983,0.38973340929240724,-85.42872287446829,51.66166086800662,0.0,0.3468599261028094,-0.0003986977416665013,-0.09493842342126203,18.60508102750065,30.614549683599602,0.0,-0.00014555954692615619,-0.0001419904775842683,-0.00019204002830860368,6.497961177355533,6.502553832510943,6.502582917255687,6.497901628241101,10.980499503917255,-6.738696302647885,0.0,-2.4537245359841724,-3.953734270874177,0.0
64.52429029538087,-150.28950984488992,-492.34977318503724,1.5,0.6980804931972223,-0.29026233139793056,0.5326539532348491,0.3804092139949399,-84.01050706233936,53.92631900744364,0.0,0.3468501641744123,-0.00040934737659091075,-0.09496674221513546,19.417241049654727,30.10094226889912,0.0,-0.00013117090993961994,-0.00014263038426201027,-0.00011814517669622239,6.49723541187207,6.501846287216353,6.501860498788389,6.497195094901057,10.793502824224232,-7.0310869055927885,0.0,-2.5597710509763814,-3.8854882296599227,0.0
64.59888485063564,-156.50147076881169,-488.24390874188464,1.5,0.7031280830985686,-0.28308648683130855,0.5364881834651488,0.37101666907823017,-82.5322361017634,56.151856106522146,0.0,0.34684024985317874,-0.00042041909726553927,-0.09495643204063729,20.21515850950063,29.565715953499563,0.0,-0.0001425054584997804,-0.00014806748658901858,-0.00013771575517362294,6.496504452056587,6.5011094033181465,6.501126676314101,6.496458163934812,10.598657241680842,-7.318298040620976,0.0,-2.66391746856043,-3.8143775773176434,0.0
64.67347940589042,-162.60095439549931,-483.97354021725647,1.5,0.7080494246153515,-0.2758600118310572,0.5402253797749189,0.36155747153320356,-80.99499409662758,58.33667415251123,0.0,0.34682957678501264,-0.00043156638362950455,-0.09498480439372885,20.99825391761249,29.00926642650618,0.0,-0.00014401840993408807,-0.0001478030509889259,-0.00012091943910019913,6.495747833020892,6.500357946063659,6.500371280450102,6.495705358435485,10.396115614805147,-7.600088109205294,0.0,-2.7660877122126237,-3.74043349924372,0.0
64.7480739611452,-168.58360357365152,-479.54176369920043,1.5,0.7128436401605007,-0.26858422911733265,0.5438648644423527,0.35203333049198043,-79.39990797112351,60.47920526500509,0.0,0.3468187288291106,-0.0004429862399493265,-0.09497459188830755,21.765958753400604,28.432005063899528,0.0,-0.00015934186116193838,-0.0001507025681148011,-0.00015404733909990683,6.494979361372486,6.4995807728436965,6.499599737828652,6.494927227585594,10.186036346712381,-7.876262289859316,0.0,-2.866232590210606,-3.663736878126907,0.0
64.82266851639997,-174.44514678518803,-474.95179107243007,1.5,0.7175098758044018,-0.26126047180753825,0.5474059774039872,0.3424459663895022,-77.74814662424545,62.577912823729896,0.0,0.34680743812321235,-0.0004545516601692788,-0.09500179642856674,22.517715858679907,27.834358656790002,0.0,-0.00015833678740948665,-0.00015388075242963114,-0.00012706442024424918,6.49418179850031,6.498790169958713,6.49880320734413,6.494136190768735,9.968565710306995,-8.146624019017358,0.0,-2.964259371348109,-3.5843191923239517,0.0
64.89726307165475,-180.18140124491796,-470.20694764473564,1.5,0.7220473012235102,-0.2538900821592746,0.5508480769114309,0.3327971110751728,-76.04092007944682,64.63129257795045,0.0,0.34679526542819433,-0.0004662469743895929,-0.09499296094884027,23.252979891700665,27.21676906649943,0.0,-0.0001797469621910506,-0.00016703388762353172,-0.00018140859851577872,6.493376347719031,6.4979697212058625,6.497992428246807,6.493315327714553,9.743858202927642,-8.410938039554186,0.0,-3.060055756132786,-3.5022528277765295,0.0
64.97185762690953,-185.78827593522942,-465.3106696880144,1.5,0.7264551094002082,-0.24647441068906958,0.5541905400614635,0.3230885083196101,-74.27947859753013,66.63787383470853,0.0,0.3467823110050914,-0.0004782217940308126,-0.09502266479960456,23.97121776559114,26.579692927445237,0.0,-0.0001726605926226598,-0.0001588095786119776,-0.00013118356442972637,6.492533562448105,6.497140972139065,6.497153253830545,6.492485297879123,9.51209063308355,-8.669036257117018,0.0,-3.153592429015347,-3.4175899509743273,0.0
65.0464521821643,-191.2617745723221,-460.26650189651133,1.5,0.7307325174593337,-0.23901481710000205,0.5574327622619537,0.31332191224235406,-72.46511172792812,68.59622049434516,0.0,0.34676939183364625,-0.0004904804502787893,-0.09501294217328922,24.671909020900625,25.923601294299395,0.0,-0.0001864611972068163,-0.00016619701933618896,-0.00015669917436089906,6.491681912742395,6.496281739059535,6.4962981213287625,6.491625972315808,9.27343403834688,-8.920742572540725,0.0,-3.2447970041440306,-3.330400098187571,0.0
65.12104673741908,-196.5979985017359,-455.07809476706456,1.5,0.7348787665932188,-0.23151266986753471,0.5605741574607611,0.30349908745891324,-70.59914735838541,70.50493209211174,0.0,0.3467555472149884,-0.0005028683116891908,-0.09504216678567973,25.35454621119148,25.248979302995394,0.0,-0.00018800050139943157,-0.00016462953366724192,-0.00013693827082378923,6.4908010810360155,6.495406936344663,6.495418709247191,6.490749651659748,9.028061353737892,-9.165841511497547,0.0,-3.333588858121422,-3.240734227465512,0.0
65.19564129267384,-201.7931495218991,-449.7492018998283,1.5,0.7388931221034821,-0.2239693452844702,0.563614158628208,0.29362180892234807,-68.68295073775988,72.36264489562205,0.0,0.34674154695482884,-0.0005155020411515584,-0.09503262414842142,26.018635328800446,24.55632579939952,0.0,-0.00021981070971736018,-0.00017304538898281152,-0.0002271026371751739,6.489914866346055,6.494498068195121,6.494526318730483,6.489838300279691,8.776161173091474,-9.40416644591636,0.0,-3.419892478499858,-3.1486860944083617,0.0
65.27023584792862,-206.8435326327807,-444.28367722216063,1.5,0.7427748736331403,-0.2163862279442019,0.5665522175689853,0.2836918613972168,-66.71792344490416,74.16803287048889,0.0,0.34672640705410834,-0.0005283285295566897,-0.09506268979011284,26.663696156201315,23.846152996046243,0.0,-0.0002032577145789121,-0.00017051632382679785,-0.00014027870853812802,6.4889808460848615,6.493585712668391,6.493596442489385,6.488926831886574,8.517914838001529,-9.635534348269399,0.0,-3.503651426055964,-3.054307806778167,0.0
65.3448304031834,-211.74555870776544,-438.6854721389355,1.5,0.7465233353940984,-0.20876471015574005,0.5693878051403645,0.27371103898655336,-64.70550236135718,75.91980868327838,0.0,0.3467107024002558,-0.0005413584195143188,-0.09505544362972049,27.28926264120049,23.118986061899417,0.0,-0.00018646513921487614,-0.0001814997582359245,-5.209006206498075e-05,6.488025937636286,6.492649035726131,6.492641963767501,6.487994824110595,8.253518985000834,-9.859778271724826,0.0,-3.58480628908796,-2.957649559050868,0.0
65.41942495843817,-216.49574708671275,-432.95863261023015,1.5,0.750137846081821,-0.20110619157081916,0.5721204114632313,0.2636811452773028,-62.64715858509074,77.61672464822463,0.0,0.3466949441784425,-0.00055472825315893,-0.0950837203374586,27.89488325606422,22.375362755185243,0.0,-0.00021965416346985376,-0.0001765515035957688,-0.00014562877701997502,6.487070577961642,6.491673964556284,6.491683966765381,6.487013366889082,7.983162291309125,-10.076738342852037,0.0,-3.663287516969901,-2.8588159334882546,0.0
65.49401951369295,-221.09072808854117,-427.1072961598553,1.5,0.7536177692266759,-0.19341207902754248,0.5747495459567906,0.2536039925050774,-60.54439636154652,79.2575736288069,0.0,0.3466781244535041,-0.0005681383130760455,-0.09507646120494183,28.48012134600046,21.615833001999388,0.0,-0.00022501755214673373,-0.0001887463068511984,-0.00013716677598465775,6.486080250801056,6.490683283488417,6.490690754170409,6.48602441374033,7.707064603152478,-10.286229281337413,0.0,-3.7390322999216608,-2.757859068359047,0.0
65.56861406894772,-225.52724544070438,-421.13568881526334,1.5,0.7569624932333312,-0.18568378656913953,0.5772747373738365,0.2434814014114705,-58.39875192218861,80.84118998241985,0.0,0.3466607254988353,-0.0005818252371814905,-0.09510651619170274,29.044555451526538,20.840958510396604,0.0,-0.0002373762564039121,-0.0001823674245756996,-0.0001536295535573753,6.485067372856972,6.489668748061042,6.489678456566053,6.485006175414233,7.425418972448472,-10.48811530894205,0.0,-3.8119954891872343,-2.6548568705240467,0.0
65.6432086242025,-229.80215862360612,-415.0481219814991,1.5,0.7601714315201863,-0.17792273472643472,0.5796955340776896,0.23331520083012158,-56.211792362615235,82.36645038599819,0.0,0.3466430837539613,-0.0005958087594473049,-0.09509801247459936,29.587779655100423,20.051312327499367,0.0,-0.0002775203005493905,-0.00019387657274181868,-0.00027083313760078125,6.484046227285174,6.488618273710397,6.488649539334318,6.483952492999481,7.138428340235919,-10.682257657525199,0.0,-3.882095840194058,-2.5499114231430906,0.0
65.71780317945728,-233.9124451298538,-408.8489892535121,1.5,0.7632440225842362,-0.1701303504780702,0.5820115040402738,0.22310722758445384,-53.9851144887686,83.83227465364247,0.0,0.34662425407844594,-0.0006099650226279388,-0.09512891297964823,30.109403871031173,19.247478425864823,0.0,-0.00025465429857056654,-0.00018873268686240248,-0.00015779436282340053,6.482967476619777,6.487567597878172,6.4875762044235685,6.482903254997763,6.846326916024377,-10.868494605645303,0.0,-3.9493045328223455,-2.443074763174187,0.0
65.79239773471205,-237.8552026343067,-402.5427631670942,1.5,0.7661797302342437,-0.1623080669944032,0.5842222349723941,0.21285932568384908,-51.720343572966925,85.23762656892706,0.0,0.34660480711407665,-0.0006243866985592,-0.09512258427367827,30.609054166500446,18.43005125409925,0.0,-0.000263189570434283,-0.00019999037802156545,-0.00015866890511763817,6.481881342064649,6.486479097586358,6.486486892339203,6.481815905015179,6.549308875860677,-11.046692618939607,0.0,-4.013555331566782,-2.3344299383364477,0.0
65.86699228996683,-241.62765107463903,-396.1339918908512,1.5,0.7689780435018376,-0.15445732299581258,0.5863273345057352,0.20257334670793462,-49.419132200656755,86.58151463702342,0.0,0.3465848912992143,-0.000639065220174711,-0.09515290681785443,31.086373038690883,17.599635296530494,0.0,-0.00027322372063825475,-0.00019482415633376873,-0.00016441220781607997,6.480768608635993,6.4853669877239275,6.485374889012493,6.480700627367149,6.24761602220794,-11.216726564978545,0.0,-4.074797992031618,-2.224046672424951,0.0
65.94158684522161,-245.2271346408852,-389.62729586320324,1.5,0.771638477155518,-0.14657956392549698,0.5883264299234061,0.19225114789281234,-47.08315898604666,87.86299280133994,0.0,0.34656421445467633,-0.0006539993285527749,-0.09514648779774848,31.541019690000404,16.756844635299228,0.0,-0.00029454672906366184,-0.00019616009626677097,-0.00021070502654402078,6.479637126224704,6.484224040576584,6.484239809663971,6.479555646838346,5.94146820360062,-11.378458242080244,0.0,-4.1330038255468455,-2.1120626350031797,0.0
66.01618140047638,-248.65112367095557,-383.0273643754386,1.5,0.7741605711120343,-0.13867623874458482,0.5902191689909733,0.18189459447369216,-44.71412732927268,89.08116117526878,0.0,0.34654265246113475,-0.0006691127483257861,-0.09517810164903906,31.97267030932813,15.90230243638477,0.0,-0.00029158878148591506,-0.00020117556724244737,-0.00016799875923185334,6.478467009504215,6.483064329069588,6.483070867535323,6.478396010081117,5.63108430649963,-11.531784604340151,0.0,-4.188105098624387,-1.998510472507113,0.0
66.09077595573116,-251.89721645310607,-376.33895210443865,1.5,0.7765438913143125,-0.13074880314409382,0.5920052191803868,0.17150555618403282,-42.3137641729186,90.23516666076323,0.0,0.3465204332677084,-0.0006843774866769696,-0.09517256096778345,32.381018301700365,15.036640542799207,0.0,-0.00029041804456995067,-0.00021301184377892483,-0.00013125036343168868,6.4772727352803505,6.481876290744084,6.4818747193084105,6.477210586753909,5.316726355930511,-11.676577006419627,0.0,-4.240070444751899,-1.8834803395938968,0.0
66.16537051098592,-254.96314093152773,-369.5668755973325,1.5,0.7787880291829904,-0.12279871644804126,0.5936842684363239,0.1610859095365394,-39.883818642316136,91.32420361555859,0.0,0.346497642964578,-0.0006999368314367287,-0.09520377111496289,32.76577454394955,14.160498950634121,0.0,-0.00031170793584301256,-0.00020766364023825848,-0.00017565663481237007,6.476060535813227,6.480655822646352,6.48066170047579,6.47598534134972,4.998606501768947,-11.812737798251753,0.0,-4.288855625130857,-1.7670748295893588,0.0
66.2399650662407,-257.8467563142638,-362.71600971006694,1.5,0.7808926021218754,-0.11482744293997481,0.595256024854166,0.1506375357406309,-37.42606078309383,92.34751442579758,0.0,0.34647408226082704,-0.0007158224654412156,-0.0951982042904348,33.126667596800274,13.274525338699291,0.0,-0.00032477695463577666,-0.00021711869960978626,-0.00018957330688156672,6.474819031434291,6.479409179594776,6.479416634043754,6.474738990510906,4.676955921546911,-11.940173049520098,0.0,-4.334421722438111,-1.6493746948016417,0.0
66.31455962149548,-260.5460545843658,-355.7912840042328,1.5,0.782857253361829,-0.10683645106539225,0.5967202169264622,0.1401623212342075,-34.94228024001525,93.3043900474622,0.0,0.3464495144553591,-0.0007318822997521983,-0.09523083423154267,33.46344392725935,12.37937459265561,0.0,-0.0003317619020995139,-0.0002141690774625415,-0.00018071978940820504,6.473545104671166,6.478138981048532,6.47814362414917,6.473466338638275,4.352034302755626,-12.058773596874673,0.0,-4.376739402520557,-1.530484282638638,0.0
66.38915417675025,-263.05916191049835,-348.79767910293924,1.5,0.7846816521715287,-0.09882721328413732,0.5980765935721317,0.12966215670351558,-32.434284876532,94.19417056693148,0.0,0.34642433317478166,-0.0007481861240705206,-0.09522608168713237,33.77586810890024,11.475708286299277,0.0,-0.00032643390259444596,-0.00022907539133043846,-0.00012653117177178152,6.472239304004241,6.4768430054071215,6.476836116006788,6.472174015601597,4.0240763708523275,-12.168475118938336,0.0,-4.415762834504629,-1.4104560876909302,0.0
66.46374873200503,-265.3843399565908,-341.74022300977185,1.5,0.7863654938039609,-0.09080120522816973,0.599324924240241,0.11913893766520713,-29.903899447220667,95.01624562974347,0.0,0.3463987585738358,-0.0007648321358089815,-0.09525714858405297,34.06372298336156,10.564194181757259,0.0,-0.00035344643902451134,-0.00022123685304347427,-0.00018933265429648457,6.4709184416944785,6.475509936481877,6.475513947113995,6.470835068024658,3.6933325238534427,-12.269186237969201,0.0,-4.451478680666912,-1.289403978195335,0.0
66.5383432872598,-267.51998709016925,-334.6239873941195,1.5,0.7879084997149179,-0.08275990668246086,0.6004649988949228,0.10859456259416422,-27.352964211472365,95.77005490701677,0.0,0.34637209109427997,-0.000781640829696299,-0.09525254438017085,34.3268098702002,9.645505741549266,0.0,-0.00039029737717725997,-0.00023249905660022106,-0.0002873163553716768,6.469575804023348,6.47414250968895,6.474164146362345,6.469464833148155,3.3600482059973684,-12.36081920936147,0.0,-4.483838718402596,-1.167451500385703,0.0
66.61293784251458,-269.4646394876614,-327.45408384323144,1.5,0.7893104174521268,-0.07470479978511582,0.6014966281861898,0.09803093425679359,-24.78333355543522,96.4550885310161,0.0,0.3463443451541068,-0.0007988123752129161,-0.0952861033182885,34.56494868309982,8.720321588905065,0.0,-0.0003745844553244878,-0.00022790657338983225,-0.00019353257149226912,6.468176097407367,6.472766364934512,6.4727688164435815,6.468089226191176,3.0244677682455734,-12.443333885511276,0.0,-4.512828663436593,-1.04465075155008,0.0
66.68753239776936,-271.2169721369357,-320.2356600865207,1.5,0.7905710208228487,-0.06663736902911573,0.6024196434644103,0.08744995856036308,-22.196874620342932,97.07088739845146,0.0,0.3463159740801625,-0.0008161322323707999,-0.09528225732968675,34.77797808680016,7.789324977329256,0.0,-0.0003917321974316059,-0.00023477436531301566,-0.00021863675578517546,6.466764579286909,6.4713475116112225,6.471353564286307,6.466669722690138,2.6868669527076356,-12.516650873553255,0.0,-4.538435074223094,-0.9211022893686849,0.0
66.76212695302414,-272.7757997345934,-312.9738961942671,1.5,0.7916901099251319,-0.05855910261133455,0.6032338967595056,0.07685354349950257,-19.59546584627684,97.61704355192167,0.0,0.34628651868983806,-0.0008336765101205964,-0.09531644445550702,34.965755647064945,6.853203341124352,0.0,-0.00039767226125229796,-0.00023460545396349728,-0.00020236810442987178,6.465316075067124,6.469904062895964,6.469905761653855,6.465224373161475,2.3474785522334667,-12.580724826875501,0.0,-4.56061992793443,-0.7968990622527132,0.0
66.83672150827891,-274.1400774780187,-305.6740007520614,1.5,0.7926675111998109,-0.05047149028760373,0.603939260907889,0.06624359961897487,-16.980995606008797,98.09320045515061,0.0,0.3462567076503044,-0.0008516014442612065,-0.09531221632429322,35.12815790670013,5.9126476865591435,0.0,-0.0004211531789177125,-0.00024248081541817124,-0.0002492339680163912,6.463847196689665,6.4684226466851165,6.468432081054046,6.463741599996477,2.006557011859045,-12.635527197136295,0.0,-4.57937924273337,-0.6721618996968182,0.0
66.91131606353369,-275.30890175303756,-298.34120701654297,1.5,0.7935030773943323,-0.04237602344505817,0.604535629615606,0.05562203994794495,-14.355360780515978,98.49905321139283,0.0,0.34622572539633156,-0.0008696718605345233,-0.0953461828278033,35.265080503713804,4.968352104073485,0.0,-0.0004206052208984121,-0.00024208071616513483,-0.0002081587889294481,6.462334127855791,6.466920358831919,6.4669206395583245,6.462238335295042,1.6643737633213738,-12.68100049031213,0.0,-4.594701625552907,-0.5469639097914634,0.0
66.98591061878847,-276.28151071413197,-290.9807690537673,1.5,0.7941966876685845,-0.034274195125319484,0.6050229174740784,0.044990778787599224,-11.72046529524054,98.83434881320127,0.0,0.3461938655700696,-0.0008880245820103946,-0.09534359958246627,35.37643826100009,4.021013216989137,0.0,-0.00043209681890699243,-0.00026115526550441083,-0.00021024493406062784,6.460797921288621,6.465380417226896,6.465379801357464,6.4607002692958195,1.3211653896169226,-12.717118427866378,0.0,-4.606540956012984,-0.42139352079127174,0.0
67.06050517404324,-277.0572847584721,-283.59795786274697,1.5,0.7947482476335577,-0.02616749998138606,0.6054010599213596,0.034351731749765975,-9.07821874024699,99.09888629409464,0.0,0.3461610955757345,-0.00090679338784989,-0.09537810471001788,35.462165226070795,3.071329676647903,0.0,-0.00044470454951935296,-0.00024912834122269354,-0.00021566453949819095,6.459227401094705,6.463811594544296,6.4638107038470825,6.459126972917766,0.977207383781299,-12.743858483876314,0.0,-4.614928859831035,-0.2955602358407024,0.0
67.135099729298,-277.6357468931836,-276.1980574881781,1.5,0.795157689310637,-0.018057433453587103,0.6056700134082249,0.023706815166074507,-6.430534889695731,99.29251686350673,0.0,0.34612771846811763,-0.0009257066466698867,-0.09537504890547001,35.52221476280003,2.1200015889892425,0.0,-0.0004769243602344835,-0.00026174891921215443,-0.00029168521894646943,6.457636987618344,6.462201253226636,6.462213603905272,6.457514714349817,0.6327553251851807,-12.76120925134221,0.0,-4.619832956502124,-0.16956769076099137,0.0
67.20969428455278,-278.01656299430516,-268.78636112515755,1.5,0.7954249711955415,-0.009945491196571479,0.6058297553235293,0.013057946548504151,-3.7793302725575337,99.4151439866029,0.0,0.34609299499018975,-0.0009450029891826563,-0.09541050389591384,35.55655955360086,1.1677299936231962,0.0,-0.0004692806259265427,-0.00025654440201317187,-0.0002223545201941082,6.455992263095522,6.460574531115461,6.460572228398076,6.4558873352150155,0.2880586453360182,-12.769156961277275,0.0,-4.621264504600643,-0.043497352954268716,0.0
67.28428883980756,-278.19954195930364,-261.3681672186869,1.5,0.7955500782653753,-0.0018331709107272762,0.6058802840540446,0.002407041951813527,-1.1265227555063808,99.46672344448722,0.0,0.34605733638461234,-0.000964431423397265,-0.09540955907950116,35.5651916482,0.2152163499242421,0.0,-0.0004652209772182305,-0.00026854845806265185,-0.00016547104628768686,6.454318393447975,6.4589115634098055,6.458896969878539,6.454227428664619,-0.0566001635986717,-12.767699705764095,0.0,-4.619211480634175,0.08254014341912057,0.0
67.35888339506234,-278.1846357511997,-253.94877556065865,1.5,0.795533021948911,0.006278031918758926,0.6058216190312469,-0.008243980738666617,1.5259699504362623,99.44726334167277,0.0,0.3460210925991142,-0.0009841711192229668,-0.0954441994821181,35.54812245844028,-0.7368380735728278,0.0,-0.0004948778343503176,-0.0002639900666342719,-0.0002301713877004959,6.45262551285841,6.457205602710774,6.457202017082629,6.452515694282141,-0.40097721605120284,-12.756846250183967,0.0,-4.613676527767777,0.20845391838920146,0.0
67.43347795031711,-277.97193933435454,-246.5334833880265,1.5,0.7953738401819561,0.014386620721920665,0.6056538006824577,-0.01889320558575714,4.1762317045230075,99.3568240672353,0.0,0.34598368683758424,-0.0010043041468673895,-0.09544323532825562,35.505382749299955,-1.687732680670756,0.0,-0.0005094204358763843,-0.00027010338146658087,-0.00023943796716341541,6.4508929854094665,6.455469520194302,6.455466287988753,6.450779243372963,-0.7448247965640032,-12.73660573002978,0.0,-4.604676603494315,0.33415210228556985,0.0
67.50807250557189,-277.5616905039395,-239.12758148469095,1.5,0.7950725973620246,0.022491099581428885,0.6053768904978294,-0.029538717216581058,6.822349363479658,99.1955182335522,0.0,0.3459452984433984,-0.0010246302872119872,-0.09547913042915988,35.437022625575054,-2.6367680944945917,0.0,-0.0005210420076440967,-0.00027166002002088264,-0.00023743160242699154,6.4491234789515515,6.453701494580048,6.4536964353865605,6.449008835941603,-1.0878677479780372,-12.70700128384385,0.0,-4.592208945116665,0.45952885119416204,0.0
67.58266706082667,-276.9542696074414,-231.7363502901413,1.5,0.7946293843185387,0.030589973160360634,0.6049909710464403,-0.04017860216426162,9.462414251390038,98.96351055671559,0.0,0.3459058864922526,-0.0010452021418929655,-0.09547889212393938,35.34311149279991,-3.583246720010752,0.0,-0.0005309628901187471,-0.00028542502463270046,-0.0002286558004450285,6.447320139241272,6.451897689560465,6.45188947989942,6.447206396133913,-1.4298455883774717,-12.668059340074965,0.0,-4.576272441790285,0.5844903789436696,0.0
67.65726161608144,-276.15019915801696,-224.36505601808642,1.5,0.7940443184004825,0.038681748047755524,0.6044961458695862,-0.05081094776422991,12.094523594011555,98.661017707851,0.0,0.3458655654806324,-0.0010661494664351444,-0.09551507562860738,35.22373798277089,-4.5264732769871845,0.0,-0.0005480729904515122,-0.00027939874406720936,-0.0002451950384713927,6.445482811409806,6.450058622617525,6.450052098272316,6.445363120123811,-1.7705095603654386,-12.619815355957403,0.0,-4.556896036542737,0.7089363428969159,0.0
67.73185617133622,-275.1501433413226,-217.01894678794693,1.5,0.7933175432910652,0.04676493130706864,0.6038925396525486,-0.061433844568519934,14.716781936929701,98.28830811721583,0.0,0.34582408333293807,-0.0010873552107857215,-0.09551559866346025,35.07900991769985,-5.465755329350853,0.0,-0.0005560489457276186,-0.000289088893730455,-0.00022804258465528845,6.4436073740236655,6.448185238340344,6.448173914291051,6.44349079955073,-2.109599425233498,-12.562308429810043,0.0,-4.534087212205999,0.8327797646717717,0.0
67.806450726591,-273.9549074156914,-209.70324877214304,1.5,0.7924492291523021,0.05483803234712565,0.6031802980453326,-0.07204538482208127,17.32730258688728,97.84570174684923,0.0,0.3457816910366144,-0.0011088901173094475,-0.09555237335529794,34.90905419316012,-6.400403825376403,0.0,-0.0005758520332617402,-0.00028732478532343984,-0.00025299814925390605,6.441699922805493,6.446273503311608,6.446265434318643,6.441575085435994,-2.4468661063631947,-12.495589322357059,0.0,-4.507876568709336,0.9559148439552179,0.0
67.88104528184577,-272.56543700629464,-202.4231623621474,1.5,0.791439572466624,0.06289956297293159,0.6023595877489043,-0.08264366375368273,19.924209011226832,97.33356981458691,0.0,0.3457383176405826,-0.0011305751693826435,-0.09555281187820407,34.714016711699806,-7.329733663390844,0.0,-0.000602835865931624,-0.0003055894620612115,-0.00030330642423396733,6.439761761128848,6.444320584348128,6.444320601970263,6.439621791170612,-2.7820396393842293,-12.419716194348977,0.0,-4.478253143376896,1.0782501867045702,0.0
67.95563983710055,-270.98281729320274,-195.18385835663065,1.5,0.7902887960687788,0.07094803640374679,0.6014305964876353,-0.09322678020365262,22.50563628610883,96.75233447809116,0.0,0.34569359723041343,-0.0011527447048637277,-0.09559090485156428,34.494062232191055,-8.253064152222287,0.0,-0.0006047076502070105,-0.00029523427101967183,-0.00026200062480581947,6.437771405350248,6.442342483112738,6.442333009708611,6.437641008580871,-3.1148839362959713,-12.334748120494615,0.0,-4.445270069418095,1.1996918582009986,0.0
68.03023439235533,-269.20827209441467,-187.9904741741131,1.5,0.7889971489986912,0.07898196863687021,0.6003935330283741,-0.1037928369392045,25.069732463675727,96.10246849317697,0.0,0.3456479928953168,-0.0011751318634288818,-0.09559228764627208,34.24937426909977,-9.16971960534083,0.0,-0.0006208582468917283,-0.00030605273840790537,-0.00027173761769813453,6.435752995902266,6.440319747791292,6.440310540218982,6.435618370967985,-3.4451425593903493,-12.240760174148711,0.0,-4.40894623954599,1.3201392496367617,0.0
68.10482894761009,-267.24316284512815,-180.84811009343898,1.5,0.7875649066470589,0.08699987945986003,0.5992486270086028,-0.11433993974234773,27.614659983905327,95.38449481009914,0.0,0.34560122649366093,-0.0011978285528626825,-0.09563047451363772,33.980154937018725,-10.079029848448682,0.0,-0.0006344307663363947,-0.0003033534080087467,-0.00027141365640913297,6.43369358533452,6.438262027899797,6.438251139423682,6.43355742901703,-3.772567018385747,-12.137825993953086,0.0,-4.369294280517617,1.439513037027784,0.0
68.17942350286486,-265.08898747303823,-173.76182552500757,1.5,0.7859923705024463,0.0950002912104981,0.597996129041667,-0.12486619972213445,30.138597052928997,94.59898615207554,0.0,0.34555361385762884,-0.0012209143302787213,-0.09563179414551855,33.686624773699755,-10.980330731200715,0.0,-0.0006765239829473431,-0.0003064284407288711,-0.00037349315520857464,6.431611062585713,6.436154934034515,6.436161961930358,6.431445709025349,-4.096914014155937,-12.026030920367507,0.0,-4.326385895001939,1.5576947716681515,0.0
68.25401805811964,-262.74737917122536,-166.73663531522524,1.5,0.784279868218673,0.10298173017594114,0.5966363106530016,-0.1353697320941634,32.63973900909346,93.74656454754594,0.0,0.3455045354316556,-0.0012441510440725889,-0.0956708311262863,33.36902260403481,-11.872964647431996,0.0,-0.0006642382875314559,-0.0003119645159022243,-0.0002783830843607132,6.429462486917779,6.4340287675840475,6.43401590559235,6.4293211404256505,-4.417937916096654,-11.905472038263644,0.0,-4.280224180344504,1.674612566994645,0.0
68.32861261337442,-260.2201050694867,-159.77750608798408,1.5,0.7824277533725141,0.11094272584327682,0.5951694643171094,-0.14584865813365838,35.11629967976875,92.82790080229763,0.0,0.3454540695221559,-0.0012677256755730326,-0.09567493534373231,33.02760531679972,-12.756281046700698,0.0,-0.0006561975044231193,-0.00032844611737079644,-0.00019802739475280212,6.427278381666207,6.431860392813911,6.43183044403818,6.427157035631405,-4.735395768130205,-11.776230282688843,0.0,-4.23083435861664,1.7901773067969424,0.0
68.4032071686292,-257.50906480517324,-152.8893526250708,1.5,0.7804364057316463,0.11888181295712177,0.5935959031381848,-0.15630110343263726,37.5665127176482,91.84371398500026,0.0,0.34540251135976774,-0.0012916857083649206,-0.09571521776712898,32.66264766632891,-13.629636950913916,0.0,-0.0006953528012132529,-0.00031967166411364157,-0.00028728130375784924,6.425074887726706,6.429638812794209,6.429624255228419,6.424927738789995,-5.049040824309131,-11.638414785337641,0.0,-4.178283232310324,1.9042810357713278,0.0
68.47780172388397,-254.61628899368122,-146.0770342875642,1.5,0.7783062307388222,0.1267975297141649,0.5919159611877332,-0.166725200682785,39.98863296061972,90.79477084966855,0.0,0.34535027192132295,-0.0013159882768397427,-0.09571800090419195,32.27444206179968,-14.492397440600682,0.0,-0.0006947152035347881,-0.0003293566545325443,-0.00023229693266609285,6.422814075903571,6.427388748813532,6.427361922198458,6.422680035319618,-5.358671865456644,-11.492169322547332,0.0,-4.122596048373849,2.0168626439410295,0.0
68.55239627913875,-251.54393760179835,-139.3453514840449,1.5,0.7760376598907943,0.13468842017973529,0.590129993050346,-0.1771190876306264,42.38093766993773,89.6818851467441,0.0,0.34529699799311664,-0.0013406402976476035,-0.09575656382070856,31.863298330187966,-15.343936165958736,0.0,-0.0007274583292948263,-0.0003290216427465061,-0.00029696926107792096,6.420527301212745,6.4250882590894145,6.425072067295704,6.420374046683197,-5.66403390067106,-11.337575540752143,0.0,-4.063827351708435,2.127819832221725,0.0
68.62699083439352,-248.29429822504935,-132.6990421860764,1.5,0.7736311500563913,0.1425530318122466,0.5882383743215548,-0.18748091038582188,44.74172786005333,88.5059170466711,0.0,0.3452419726217218,-0.0013654449753028523,-0.09576147190184546,31.429543469399597,-16.183635799400758,0.0,-0.0007455920458120896,-0.00034333816513085295,-0.0003082902256017127,6.418194196467218,6.422750011631788,6.4227342047268525,6.418036101765894,-5.964874860749771,-11.174765855750898,0.0,-4.002016716392798,2.237044273856096,0.0
68.7015853896483,-244.86978426723442,-126.14277849238037,1.5,0.7710871841554949,0.1503899195029342,0.5862415007681917,-0.19780882012718567,47.0693296049028,87.26777241962547,0.0,0.3451859686325718,-0.0013906155253601102,-0.09580176272134312,30.97352138072296,-17.01088857617698,0.0,-0.00076029907441772,-0.00033764002133969634,-0.0003064684124063907,6.415815577975915,6.4203738278155,6.42035586940555,6.415656172606434,-6.260996976117593,-11.00388497997039,0.0,-3.9372209398441895,2.3444778840285587,0.0
68.77617994490308,-241.27293302618943,-119.68116324798737,1.5,0.7684062703336761,0.1581976427162799,0.5841397889571075,-0.20810097671094122,49.362095244207076,85.96840207218618,0.0,0.34512850804747386,-0.001416224713249982,-0.09580731892530922,30.495592604899556,-17.825096728100736,0.0,-0.0007744307392597642,-0.0003501103696404576,-0.00030194048509837477,6.413396808090578,6.417953831953243,6.417933178194514,6.413236797184923,-6.552191914164261,-10.825041630076534,0.0,-3.8694824655602322,2.4500358146454366,0.0
68.85077450015785,-237.50640368868608,-113.31872671800437,1.5,0.7655889423255939,0.1659747671010897,0.5819336758418515,-0.21835554720617587,51.618404602581634,84.60880105190644,0.0,0.34507002158158334,-0.0014421985423564842,-0.09584822997653698,29.99613402249405,-18.62567293740571,0.0,-0.0007939616048533112,-0.0003464621022911809,-0.0003160698261454595,6.4109361616782055,6.415491644892105,6.415471849937794,6.410770488342638,-6.8382258645990985,-10.638404502933081,0.0,-3.798855948817474,2.5536338749066023,0.0
68.92536905541263,-233.57297523407993,-107.05992331930035,1.5,0.7626357590060265,0.173719864349764,0.579623618832652,-0.22857070745601288,53.8366662186856,83.19000779134208,0.0,0.34501029553829476,-0.001468404598342419,-0.09585361185260495,29.475538545799512,-19.41204082200071,0.0,-0.0008317421893128119,-0.0003536088767441878,-0.0003952186839976592,6.408443069045192,6.412978729437342,6.41297221296294,6.408254143947448,-7.118870728799251,-10.444119144635719,0.0,-3.7254186193173067,2.6551733867644165,0.0
68.99996361066741,-229.47554424724024,-100.90912841414544,1.5,0.7595473046975871,0.1814315135782534,0.577210095473648,-0.23874464075793814,56.01531855756125,81.7131032960415,0.0,0.34494897562649607,-0.0014949270196257635,-0.09589619064656082,28.93421483001619,-20.18363538714346,0.0,-0.0008283961136225409,-0.0003554520971259609,-0.00032557326243298524,6.4058852745858585,6.410437992218161,6.410416245462992,6.405713263248073,-7.393941918087636,-10.24233647005707,0.0,-3.6492035649675034,2.7545978985158492,0.0
69.07455816592217,-225.21712264473655,-94.87063516648044,1.5,0.7563241884404189,0.18910829971580445,0.5746936038163731,-0.24887554056413216,58.15283111920948,80.17921028274996,0.0,0.34488657785082627,-0.0015218341532120077,-0.09590264758821153,28.37258691789955,-20.939903439800595,0.0,-0.0008518178483219426,-0.0003654314272887321,-0.00035158422677519357,6.403298055841535,6.407842828361945,6.407824138101523,6.403117095938031,-7.66322530865171,-10.033218119214832,0.0,-3.5702884467750136,2.851817928258452,0.0
69.14915272117695,-220.80083531606053,-88.94865146383434,1.5,0.7529670446377789,0.19674881612044268,0.5720746616684262,-0.258961608200152,60.24770560313954,78.58949228036374,0.0,0.34482267371343267,-0.001549025813167249,-0.09594577937505899,27.791093903047244,-21.68030404340826,0.0,-0.0008637778677600785,-0.00036456132111597334,-0.00033558001527427613,6.400659229705183,6.405209055179341,6.405185358477703,6.400480649919616,-7.926517882027858,-9.816933458892663,0.0,-3.488730185797992,2.9467644542766966,0.0
69.22374727643172,-216.2299176799415,-83.14729690762783,1.5,0.7494765320599541,0.20435166251279704,0.5693538072568909,-0.269001055911912,62.29847702775282,76.94515269503586,0.0,0.34475765038006057,-0.001576642991523631,-0.09595292881124731,27.190189587099518,-22.404308922400567,0.0,-0.0008828058425721971,-0.00037566503353854967,-0.0003443393772462026,6.397980728136511,6.40252642820851,6.402502438261688,6.397797812323311,-8.183641515765101,-9.593651623375969,0.0,-3.404591746142004,3.039357441064272,0.0
69.2983418316865,-211.50771315961464,-77.47059987383787,1.5,0.7458533345146845,0.21191544726264624,0.5665315984564634,-0.2789921048258594,64.30371477889248,75.24743385881962,0.0,0.3446912857038468,-0.001604608913797216,-0.0959959507094627,26.570342104083103,-23.111402878110866,0.0,-0.0008998777513376067,-0.00037402407215813573,-0.00034524851068319277,6.395254169215103,6.399801088175081,6.399775282950363,6.395069018523961,-8.434393806423708,-9.36355374896213,0.0,-3.3179410015888346,3.129525330692757,0.0
69.37293638694128,-206.63767057866127,-71.92249464641523,1.5,0.7420981601504258,0.21943878682451612,0.5636086129924577,-0.2889329868655634,66.26202368862833,73.49761603061738,0.0,0.34462352089849924,-0.001632894840986766,-0.09600399265375952,25.932033537399484,-23.801084210500548,0.0,-0.0009316399046311084,-0.00038241338594282404,-0.0003982287519543392,6.392490515257709,6.397023493554579,6.39700580855597,6.3922890323736254,-8.67858240571209,-9.126821875976008,0.0,-3.2288632895200027,3.217209159475942,0.0
69.44753094219605,-201.62334147810643,-66.50681862590571,1.5,0.738211741550879,0.22692030561051293,0.560585448449396,-0.29882194451686317,68.17204507450549,71.69701637895476,0.0,0.3445541300545835,-0.0016615270775563054,-0.09604871472178363,25.27575955213642,-24.47286505505508,0.0,-0.0009369561327431239,-0.00038341654905163025,-0.00035548007997818123,6.3896663412857135,6.394210279857707,6.394182377201646,6.389474370900476,-8.916041908227077,-8.883641798346448,0.0,-3.1374134803929765,3.302326088332239,0.0
69.52212549745083,-196.46837735852844,-61.22730961480606,1.5,0.7341948352783774,0.23435863666725373,0.5574627220843428,-0.3086572318225142,70.03245770748008,69.8469879425743,0.0,0.3444835044128469,-0.0016905177122290707,-0.09605785864397079,24.602028971999378,-25.126271812100587,0.0,-0.0009477943109675056,-0.0003942757811391523,-0.00033191611910621293,6.386799675125058,6.391347001942198,6.391312524674869,6.3866120058027995,-9.146593320862205,-8.634215727625119,0.0,-3.043671133523295,3.384821631790603,0.0
69.5967200527056,-191.1765268494981,-56.087603182434165,1.5,0.7300482223577897,0.24175242278304965,0.5542410703458032,-0.31843711318358564,71.84197878860988,67.94891853807587,0.0,0.3444114611498959,-0.0017197690096012474,-0.09610271756421061,23.911363378390156,-25.76084549314154,0.0,-0.0009754903351593545,-0.00039303102109194764,-0.00036796876982434,6.383892209350079,6.388432598628665,6.388402932672865,6.383692711654404,-9.370057538095871,-8.378740327154176,0.0,-2.947706095368157,3.464628020387937,0.0
69.67131460796038,-185.7516328066946,-51.091230111692724,1.5,0.7257727073360281,0.24910031543352273,0.5509211492608234,-0.3281598656663935,73.59936491957598,66.00422965241441,0.0,0.34433826738065026,-0.0017496043332456304,-0.09611169383874887,23.204296672899353,-26.376142072200548,0.0,-0.0010131864188576685,-0.00040116304333835386,-0.00043915583598079397,6.380943420757499,6.385465674550873,6.385447513060489,6.380722571958246,-9.586306722007494,-8.11739983955756,0.0,-2.849614799820056,3.541676706417191,0.0
69.74590916321516,-180.19762934160897,-46.24161392811983,1.5,0.7213691187125347,0.2564009759422351,0.5475036340426688,-0.33782377775082933,75.30341293234007,64.01437535046506,0.0,0.34426323702939476,-0.0017797294936620685,-0.09615766529168042,22.48137468164683,-26.971732834244815,0.0,-0.0010137429105301094,-0.00040306272313660294,-0.0003764644047025149,6.377927115415391,6.382464786149993,6.38243249974566,6.37772107620893,-9.795155271930447,-7.850418677692391,0.0,-2.749462595283751,3.6159176361884007,0.0
69.82050371846994,-174.51853878549838,-41.54206851398379,1.5,0.7168383082874328,0.26365307536014954,0.5439892190186164,-0.34742715094860166,76.95296081894247,61.980841088528535,0.0,0.344186799267526,-0.001810130793008878,-0.09616867471156079,21.74315466089932,-27.547204701900515,0.0,-0.0010294210143697356,-0.00041462314022215467,-0.00036729426258678765,6.3748710112498514,6.379408659710934,6.379372456139156,6.374665287249228,-9.996446739057081,-7.578015573928798,0.0,-2.6473233311131845,3.6872914139840356,0.0
69.89509827372471,-168.71846858793023,-36.99579581067401,1.5,0.7121811515041402,0.27085529520147755,0.540378617384567,-0.3569682988405289,78.54688856646715,59.90514252542417,0.0,0.3441087735853893,-0.0018409651451159704,-0.09621556258706798,20.99020489311954,-28.102160552924975,0.0,-0.0010537538932233722,-0.00041280291480493377,-0.00038824602415808484,6.371768107900628,6.376302399352549,6.376268021177861,6.371554539253292,-10.190048861977607,-7.3003879815532455,0.0,-2.5432961385387975,3.7557436495997485,0.0
69.96969282897949,-162.80160815454738,-32.60588360888724,1.5,0.7073985464882552,0.2780063267837438,0.5366725614747069,-0.3664455490993052,80.08411894740996,57.78882436372885,0.0,0.3440295543932123,-0.0018721503921626185,-0.0962267249242785,20.223104198199298,-28.636219525300472,0.0,-0.0010727567099286328,-0.0004259677976827687,-0.0003894760014248723,6.3686149386842885,6.373146549651884,6.373110195204999,6.36839882608294,-10.375833422848416,-7.01777361151929,0.0,-2.4374532282925836,3.821219737051986,0.0
70.04428738423425,-156.77222562700217,-28.375303429304893,1.5,0.7024914150013897,0.2851048732493411,0.532871801728255,-0.3758572415448526,81.56361827554063,55.63345908243923,0.0,0.3439489253020323,-0.0019037534675356961,-0.09627290212767589,19.442441460744696,-29.149017303852503,0.0,-0.001094696248915873,-0.0004233723442518765,-0.0004003510209819431,6.365411089529534,6.369941706826425,6.369905201783321,6.365189807092173,-10.553659068832923,-6.730387401209136,0.0,-2.3298805974151526,3.88367158876948,0.0
70.11888193948903,-150.6346646068943,-24.306908496100068,1.5,0.6974607007281058,0.29214964739374083,0.5289771078748401,-0.3852017313200217,82.9843971510015,53.44064571069064,0.0,0.3438663379242609,-0.0019357317308525215,-0.09628609179978109,18.648815180999364,-29.640206403200384,0.0,-0.0011169204332699936,-0.0004332960871183455,-0.0004115653234674185,6.362158484277698,6.366684627212975,6.366648006107734,6.361931909946285,-10.72338668064918,-6.438448314312266,0.0,-2.2206862747626976,3.9430542597597205,0.0
70.1934764947438,-144.39334082526725,-20.40343180309041,1.5,0.6923073708373584,0.29913937485266806,0.5249892671328444,-0.39447738603415333,84.34551118007518,51.21200857666359,0.0,0.34378218977571456,-0.0019680592195063964,-0.09633460227392955,17.842832942591144,-30.109456421932975,0.0,-0.0011363576747864719,-0.00043335302244579493,-0.00041196665757886353,6.358851877936143,6.363379132855439,6.363340309226906,6.358622915850308,-10.884911256452662,-6.142199039758977,0.0,-2.109930900858293,3.999320648451417,0.0
70.26807104999858,-138.05273876151853,-16.667484275249215,1.5,0.6870324138767835,0.30607279130301285,0.520909085835552,-0.40368258941969737,85.64606161317961,48.949195999948984,0.0,0.3436967971160528,-0.0020008141413249596,-0.09634758258389113,17.025110968599343,-30.55645429830035,0.0,-0.0011609663731464268,-0.00044423223649241167,-0.0004301643959197933,6.355497843977582,6.36001882841745,6.359981173989905,6.355261652136578,-11.038129879154916,-5.841871851418859,0.0,-1.9977272554380627,4.052427689331889,0.0
70.34266560525336,-131.61740821529557,-13.101553027235406,1.5,0.681636841432214,0.31294864569831804,0.5167373875280353,-0.41281573842164054,86.88519595916846,46.65387899493323,0.0,0.3436097007304395,-0.0020339981821130646,-0.09639615924408346,16.196273577838554,-30.980904541252087,0.0,-0.0011787784664942075,-0.00044409273762959585,-0.00042325041070830164,6.352086820342396,6.356610593826488,6.356569290979269,6.3518501711518125,-11.182926369028985,-5.537696250837923,0.0,-1.8841470035003984,4.102338817077188,0.0
70.41726016050814,-125.09196083318443,-9.707999718906752,1.5,0.6761216862046715,0.3197656980219915,0.5124750142817975,-0.4218752464285285,88.06210858550826,44.327749972185465,0.0,0.3435210174196879,-0.0020674891591140037,-0.09641043635979278,15.356952701299232,-31.382529448000355,0.0,-0.0012123501621161248,-0.00045455074480068436,-0.0004718350486934759,6.348632455457163,6.353143022742625,6.353108644719585,6.34838030741169,-11.319193099766519,-5.229928108017019,0.0,-1.7693015771528398,4.1490142428185415,0.0
70.49185471576291,-118.48106659202293,-6.489059010316744,1.5,0.6704880031290549,0.32652272127891047,0.5081228255353172,-0.4308595412876836,89.17604128633292,41.97252136669556,0.0,0.34343068070403354,-0.0021014102763727773,-0.09645989043020252,14.507787372338035,-31.761069312725862,0.0,-0.0012220205757829312,-0.00045493038909795474,-0.000434393553248371,6.3451119710534325,6.349632295205406,6.349588386428511,6.344867572944311,-11.446857339457146,-4.918796142600491,0.0,-1.6532811293307341,4.192422771718304,0.0
70.56644927101769,-111.78945024357388,-3.446837117018486,1.5,0.6647368683946917,0.3332185013204864,0.5036816980738061,-0.4397670669798212,90.22628374493972,39.589924319369416,0.0,0.34333851832102763,-0.00213572878996767,-0.09647590775582215,13.649423159399214,-32.116282612500314,0.0,-0.001238588823099803,-0.000467449061815875,-0.0004208828416582519,6.341542994734095,6.34606418683046,6.346015290086483,6.3412998443709325,-11.565816031965355,-4.6045463978684875,0.0,-1.5361527991655057,4.23253089164334,0.0
70.64104382627247,-105.02188772285396,-0.5833104657028346,1.5,0.6588693794135674,0.33985183641309646,0.4991525264288399,-0.4485962834415068,91.21217404674846,37.18170731079857,0.0,0.34324471850871197,-0.0021703955599245406,-0.09652680107727243,12.782511723433275,-32.44794618139611,0.0,-0.001266963947791618,-0.00046543376233904575,-0.0004485004002136138,6.3379238186054385,6.342440113114316,6.3423940654105495,6.337670770716998,-11.675995883182818,-4.287437162995125,0.0,-1.4180428301063728,4.269311222823138,0.0
70.71563838152724,-98.18320252146334,2.0996755469963575,1.5,0.6528866541411957,0.34642153786682595,0.49453622239709516,-0.4573456676120468,92.13309910962221,34.749634755218175,0.0,0.3431495449275911,-0.0022056133483124097,-0.09654266346127058,11.907710217899202,-32.75585537300027,0.0,-0.001290198550357207,-0.0004766816040315077,-0.0004571666399998909,6.334249497428813,6.338761671921734,6.338714823954566,6.333991649473994,-11.777350492129436,-3.967695001171423,0.0,-1.29904008160184,4.3027384580485295,0.0
70.79023293678202,-91.27826203184047,4.600407693406051,1.5,0.6467898322450377,0.3529264316678059,0.489833713879944,-0.46601371168802197,92.98849502521841,32.29548566883575,0.0,0.3430526044727726,-0.0022411709729064306,-0.09659361637150345,11.025680765222601,-33.039824196961995,0.0,-0.0013122272740081512,-0.00047679047681471883,-0.0004606618817870074,6.330517979949553,6.335030480883041,6.334981825802812,6.330256711693158,-11.86979072820878,-3.645593432206459,0.0,-1.1792353911612186,4.332789015130587,0.0
70.8648274920368,-84.31197386365884,6.917305949919303,1.5,0.6405800725540167,0.3593653558455466,0.4850459467765209,-0.4745989266531928,93.7778474654873,29.821052218645143,0.0,0.3429537502222008,-0.0022771419888294887,-0.0966114765560979,10.13708995479919,-33.299685452800226,0.0,-0.0013300445202592197,-0.00048792464872590783,-0.00044854416030460433,6.3267305979530555,6.331243836522022,6.331190362435507,6.3264701034849,-11.953262556075371,-3.321374550243955,0.0,-1.0587355612228995,4.359442557361691,0.0
70.93942204729157,-77.28928213427226,9.04892442669888,1.5,0.6342585554191992,0.36573716411647383,0.4801738823018706,-0.4830998389740362,94.50069197828638,27.328138342572903,0.0,0.3428532597787482,-0.002313611923433386,-0.09666371143997644,9.24260824846952,-33.535290837573214,0.0,-0.001358416110589275,-0.0004879029913127331,-0.00047299374291423545,6.32289071346572,6.327399472593599,6.327348143746639,6.32262107981438,-12.027725471484992,-2.9952859078547545,0.0,-0.9376271489200853,4.382682757555609,0.0
71.01401660254633,-70.21516373838716,10.993952193663912,1.5,0.6278264800731621,0.37204072323360615,0.4752184989284474,-0.49151499412627475,95.1566142446857,24.818558357594398,0.0,0.3427511892438823,-0.0023503598864537565,-0.0966816888378216,8.342909470239283,-33.746511042700156,0.0,-0.0013915039350564063,-0.0004999248965383321,-0.0005134837821715712,6.318998378133308,6.323495569322159,6.323449413337092,6.318715229633432,-12.093134295284298,-2.6676112864985733,0.0,-0.8160216637118685,4.402494380908591,0.0
71.08861115780111,-63.09462459906069,12.751213999538283,1.5,0.6212850662719953,0.37827491525061213,0.4701807906787417,-0.49984295433291626,95.74525032101863,22.294135476687547,0.0,0.34264712180849966,-0.002387578845389585,-0.09673506637373751,7.438670251917869,-33.93323583381442,0.0,-0.0014058667077449971,-0.000499433891451291,-0.0004866930904968949,6.315038402358201,6.319543009102341,6.319489166359792,6.314759932035463,-12.149455740562233,-2.338579688732817,0.0,-0.694007724920212,4.418867880271271,0.0
71.16320571305589,-55.932695902847485,14.319670884644692,1.5,0.6146355522385895,0.3844386360809732,0.4650617682075531,-0.5080823011719947,96.2662868245454,19.756700442748297,0.0,0.3425413308785239,-0.00242526775325862,-0.09675471869411009,6.5305694767992755,-34.095374111700124,0.0,-0.0014273269285950635,-0.0005117077782673045,-0.00048441320775893966,6.3110261924541975,6.315529094283378,6.315472212820446,6.310745735664648,-12.196665108030881,-2.0084502127705766,0.0,-0.5716883623751636,4.431791314684262,0.0
71.23780026831066,-48.734430322512544,15.698420688654132,1.5,0.6078791963605841,0.39053079766436,0.45986245706866713,-0.5162316333647307,96.71946107949397,17.20809008693605,0.0,0.342433909686833,-0.0024633387953828263,-0.0968082143876497,5.619287726196675,-34.23285396370539,0.0,-0.001454102472581942,-0.0005112069973737025,-0.0005000490973038466,6.306956924827862,6.311457409993054,6.311400889747865,6.306669612691649,-12.23474390051029,-1.6774940796377718,0.0,-0.44916537818587826,4.441262120176326,0.0
71.31239482356544,-41.504898230499414,16.886698450234995,1.5,0.6010172750106261,0.3965503264619557,0.45458389888517586,-0.5242895694137639,97.10456121795731,14.65014586410331,0.0,0.3423244316034624,-0.002501928071212566,-0.09682919052719266,4.705506721879169,-34.34562269050009,0.0,-0.0014783454452329914,-0.000522252404000369,-0.0005060556493874696,6.3028297245514935,6.307326778192501,6.307268751338635,6.302538133551797,-12.263672638123774,-1.3459481658153583,0.0,-0.32653039341896645,4.447277389881878,0.0
71.38698937882022,-34.249183905680496,17.883876700364077,1.5,0.594051083773477,0.40249616475777894,0.44922715027094573,-0.532254746040166,97.42142626185807,12.084712469861275,0.0,0.3422131841045293,-0.0025409184680593513,-0.09688424118736759,3.7899087977565467,-34.43364682102092,0.0,-0.0015032695997834163,-0.0005229180862777526,-0.0005135564964769277,6.298642445833719,6.303138815222385,6.303079548230805,6.298346152766883,-12.283454832818299,-1.014087958251575,0.0,-0.20389210482578607,4.4498361493715946,0.0
71.461583934075,-26.972381736746176,18.68946564891713,1.5,0.5869819358988662,0.40836727033113496,0.44379328307822036,-0.5401258199210363,97.66994612982658,9.513636363928741,0.0,0.34210017677977,-0.002580344465342574,-0.09690575115927484,2.8731763042491654,-34.49691211620004,0.0,-0.0015325545361733078,-0.0005349605546493017,-0.0005358026922521058,6.294399584398081,6.298888609275371,6.298830882550518,6.294094564122998,-12.294093275665606,-0.6821668344931882,0.0,-0.08134443837580017,4.448943561541846,0.0
71.53617848932977,-19.679592425809368,19.303113263443844,1.5,0.5798111632959054,0.4141626172075019,0.4382833836793633,-0.5479014665209878,97.85006162372525,6.938764351471742,0.0,0.3419851873380294,-0.002620253972022304,-0.09696182171906446,1.9559910965439478,-34.53542354005439,0.0,-0.0015534513520808974,-0.0005350086788281789,-0.0005275149829148275,6.29009122305738,6.294583289596528,6.294521262786359,6.289785727793598,-12.295596003794886,-0.35043730383798916,0.0,0.041010155807304854,4.4446046701795705,0.0
71.61077304458455,-12.375919194579115,19.724605241848934,1.5,0.5725401147267802,0.4198811951105985,0.43269855346525166,-0.5555803819882588,97.96176437362408,4.361942161867076,0.0,0.3418683760877058,-0.002660566693138936,-0.09698460384973567,1.0390339472191665,-34.5492052336,0.0,-0.0015804120405737568,-0.00054709341407049,-0.000539975943043817,6.285727174425477,6.290214156006577,6.29015175334456,6.285415552097479,-12.287982235678239,-0.019165749196232637,0.0,0.1630737154840885,4.43682781282269,0.0
71.68536759983932,-5.066463996509618,19.953864877987584,1.5,0.5651701573560137,0.42552201092159025,0.4270399074412821,-0.5631612814354038,98.00509673335182,1.7850129967150112,0.0,0.34174960387744896,-0.002701364755955886,-0.09704160245318334,0.12298401445313316,-34.538300463148566,0.0,-0.0016047641310890112,-0.0005472752011089884,-0.0005423153175648693,6.281299448900964,6.285786990656495,6.285722265293437,6.280984424160608,-12.271276412708465,0.31140135930877577,0.0,0.2847503260717678,4.425627008226653,0.0
71.7599621550941,2.243676262030675,19.990952820838306,1.5,0.5577026741176141,0.4310840870709839,0.42130857574094854,-0.5706429016148121,97.98015164281334,-0.7901838713869588,0.0,0.34162896055767566,-0.002742611588975998,-0.09706552236812901,-0.7914817081968308,-34.502771550299954,0.0,-0.0016319091797766035,-0.0005593524301379347,-0.0005538429120205611,6.276813501760161,6.281296175302054,6.281230846602604,6.276492553255203,-12.245513212045323,0.6410047309674292,0.0,0.40593202564494263,4.41101508236013,0.0
71.83455671034888,9.549413488505916,19.836066727820146,1.5,0.5501390661816176,0.43656646410944633,0.4155057010504424,-0.5780239983516029,97.88707244117842,-3.3618145346098403,0.0,0.34150635180828776,-0.002784378741332228,-0.09712340167548968,-1.7036889577045395,-34.44269978862013,0.0,-0.0016567389445648316,-0.0005597950197563025,-0.0005562993590542435,6.2722630932648125,6.276746249631385,6.276678572479942,6.271938662563077,-12.21073118895515,0.9693975276779999,0.0,0.5265306228443349,4.393011391600293,0.0
71.90915126560365,16.845672155768057,19.48954081275839,1.5,0.5424807497562788,0.4419681985231265,0.40963244077764394,-0.5853033496407123,97.7260526468528,-5.928051837206023,0.0,0.34138176835873096,-0.002826527856912915,-0.09714860684248876,-2.6129667268009285,-34.3581853458999,0.0,-0.0016838103157262951,-0.0005720186074806633,-0.000565992952700667,6.267653232553733,6.272131928938865,6.272063249307568,6.267323325405845,-12.166977606289748,1.2963104069895832,0.0,0.6464450444226341,4.371637013959177,0.0
71.98374582085842,24.127393035538546,18.95184528838803,1.5,0.5347291583397485,0.44728836486331164,0.4036899648178467,-0.5924797533962952,97.49733569311077,-8.487076818427035,0.0,0.3412551629811775,-0.002869182005036678,-0.09720769333620681,-3.5186478086063357,-34.24934714689548,0.0,-0.0017099149368863952,-0.0005724394303973623,-0.0005713530902723129,6.262978596676949,6.267457108736404,6.267386584304705,6.26264437081901,-12.114306550530099,1.621508283038044,0.0,0.7655763373166465,4.346913967324026,0.0
72.0583403761132,31.38953691079869,18.223585704362428,1.5,0.5268857403069189,0.45252605472017765,0.3976794566000555,-0.5995520296512266,97.20121462669154,-11.037080071885647,0.0,0.3411266641352837,-0.002912331075572037,-0.09723386328845753,-4.420069355970716,-34.116322743499886,0.0,-0.0017393869714292384,-0.0005850274019238238,-0.000587895294461341,6.258244131252314,6.262716541673484,6.262646270657726,6.257902523946847,-12.052783331641844,1.9447401780538411,0.0,0.883836757133771,4.31887152721758,0.0
72.13293493136797,38.627088263800346,17.305502182523764,1.5,0.5189519604736468,0.45768037782199694,0.3916021118103155,-0.6065190190776989,96.83803175611608,-13.576263134955413,0.0,0.34099601969093973,-0.002955885694253886,-0.09729406837603177,-5.316573381924404,-33.959268163413086,0.0,-0.0017644738559540127,-0.0005853830372212505,-0.0005881071257172956,6.253442291773535,6.257915709868939,6.257842564000496,6.25309771184711,-11.982472951188676,2.2657471905526347,0.0,1.0011309289467487,4.287536679041292,0.0
72.20752948662275,45.83505893705452,16.198468548147044,1.5,0.5109292971389314,0.4627504605606816,0.38545914007053,-0.6133795855032038,96.40817827810282,-16.102839895959306,0.0,0.3408634620959421,-0.0030000604708630848,-0.09732147339401949,-6.207507292490707,-33.77835775039984,0.0,-0.0017922865711202122,-0.0005964382079587822,-0.0005972407411093057,6.248579270424191,6.253048514473266,6.252974162498553,6.248229268876697,-11.903453195481735,2.584312902270132,0.0,1.1173433967621813,4.252942210051291,0.0
72.28212404187752,53.00849176424509,14.903491360021166,1.5,0.5028192455701227,0.4677354492068182,0.37925176117114967,-0.6201326128242008,95.91209384419484,-18.615037894446647,0.0,0.3407286614522825,-0.0030447429116964354,-0.09738297036054648,-7.092224457061013,-33.573783984076876,0.0,-0.0018189415434344994,-0.0005984604327302514,-0.0006013832891792698,6.24364970245784,6.248118812553988,6.248042288429044,6.243295616814853,-11.815800186255979,2.9001781812265115,0.0,1.2324031443736398,4.2151235042980195,0.0
72.3567185971323,60.14246416846927,13.421708840522967,1.5,0.4946233137501733,0.4726345070004627,0.37298120838421034,-0.6267770085760018,95.35026612239386,-21.111099696525258,0.0,0.34059206163571054,-0.0030897552469580547,-0.09741131903641133,-7.970084676850795,-33.34575728309978,0.0,-0.0018515506788970692,-0.0006119986995153176,-0.0006257210355982205,6.238659618053963,6.243120681360455,6.243045794308841,6.238295936678266,-11.71962286424416,3.213084153533808,0.0,1.3462162234565151,4.17411753328344,0.0
72.43131315238708,67.2320917241279,11.754389704040296,1.5,0.48634302498657445,0.4774468162678559,0.3666487259083887,-0.6333117016701585,94.72323025663418,-23.589284256160276,0.0,0.34045326446062285,-0.0031352889716010665,-0.09747331262528164,-8.840454702230108,-33.09450580036677,0.0,-0.0018754314658279022,-0.0006120538119153749,-0.00061859874988603,6.233598166296149,6.238061938165202,6.237982685018126,6.233233406033783,-11.615003270316883,3.5228165049410083,0.0,1.458685752780579,4.129965393387977,0.0
72.50590770764185,74.27253167976038,9.902931886915992,1.5,0.47797991500889264,0.48217157723808285,0.36025557029805755,-0.6397356446385121,94.03156835805655,-26.047868192821223,0.0,0.3403122204118154,-0.003181446485846702,-0.09750377760073412,-9.70270875318078,-32.82027519369974,0.0,-0.0019016633368101011,-0.0006236165766400905,-0.0006190668751275899,6.228473525891898,6.232935076445577,6.232852871560047,6.228105597833272,-11.502038417060795,3.829152847998707,0.0,1.5697242571956171,4.08270988948938,0.0
72.58050226289663,81.25898644059593,7.86886118150794,1.5,0.4695355345193576,0.48680800987374656,0.35380300804414166,-0.6460478115784469,93.27590894180827,-28.485147075170627,0.0,0.3401693764289892,-0.0032280364730661007,-0.09756620953237777,-10.556229013760897,-32.52332838776846,0.0,-0.0019322356810988813,-0.0006258233014363965,-0.0006337561018087437,6.223283124296923,6.227742006685062,6.227659538974447,6.22290815377013,-11.380858319559962,4.1318438137795805,0.0,1.6792371690053218,4.032396796671307,0.0
72.6550968181514,88.18670700565306,5.6538297734317835,1.5,0.46101144608069045,0.49135535257470947,0.34729231721037823,-0.6522472004427613,92.45692626422402,-30.899436737559185,0.0,0.3400239225535032,-0.0032751701211906135,-0.09759843428032165,-11.400406134000765,-32.2039453188997,0.0,-0.0019536420953768364,-0.0006373456775505032,-0.0006158549829626699,6.218022984148604,6.222483910669431,6.222394949880594,6.217649782598439,-11.251553495900229,4.430667714261375,0.0,1.7871569519942503,3.9790744585061515,0.0
72.72969137340618,95.05099635797025,3.2596146836322917,1.5,0.4524092258666674,0.495812863079891,0.34072478612066115,-0.6583328316879493,91.57533973144682,-33.28907451832047,0.0,0.33987621319846467,-0.0033228090268381098,-0.09766391920924218,-12.234639670746235,-31.86242266846951,0.0,-0.0019905053604765206,-0.0006391269466637878,-0.0006508488765719542,6.212701364651516,6.217155072572683,6.217069662353371,6.212315562643058,-11.114256761044842,4.7254007809392276,0.0,1.8933814796917932,3.9227933318937347,0.0
72.80428592866096,101.84721280657132,0.6881161175805228,1.5,0.4437304612738495,0.5001798180706761,0.33410171393327925,-0.664303749860956,90.63191320367561,-35.6524205095304,0.0,0.33972702673331967,-0.0033709524471969947,-0.09769531374337803,-13.058338610300837,-31.499073577199617,0.0,-0.0020294660236636016,-0.0006521616235545886,-0.0006924953501573555,6.207314647494131,6.211756349120324,6.211675719667962,6.206914404803276,-10.969126061792647,5.015833581541044,0.0,1.9978268001346955,3.8636079028051578,0.0
72.87888048391574,108.57077327406239,-2.0586442769867332,1.5,0.43497675327048557,0.5044555144894214,0.3274244086118131,-0.6701590219199356,89.62745422236665,-37.98785875852119,0.0,0.3395754768213833,-0.003419669596106635,-0.09776004926396917,-13.870921810935625,-31.114227349812953,0.0,-0.002049574732210636,-0.0006539407457252145,-0.0006676326466425952,6.201849238015117,6.206297440546377,6.2062089341392985,6.201452593463474,-10.816267959675288,5.301749070456724,0.0,2.1004222738708127,3.801573065268088,0.0
72.95347503917051,115.21715652930396,-4.9785252416843955,1.5,0.42614971251927997,0.508639267821021,0.32069418938776795,-0.6758977397825452,88.56281331042729,-40.29379845831714,0.0,0.33942124920896377,-0.0034688461329008473,-0.09779493492715036,-14.671818448900812,-30.708229142699576,0.0,-0.0020816009650899098,-0.0006670497390889537,-0.0006835582281733427,6.196322377348241,6.20076459316275,6.200675929693667,6.195918225466195,-10.655814768559832,5.582917460739985,0.0,2.2010718551038324,3.7367468969514577,0.0
73.02806959442528,121.78190636450702,-8.06926782842262,1.5,0.41725096305451903,0.5127304145506114,0.31391238302509183,-0.6815190177891902,87.43888319298532,-42.56867515913188,0.0,0.3392649823719458,-0.0035185953448470518,-0.09786173101200613,-15.460468495363418,-30.281439643023788,0.0,-0.002109473187586688,-0.0006680111916462035,-0.0006841274669664049,6.1907228441327735,6.195165836228847,6.195074083679233,6.190315340444599,-10.487935883001658,5.859155196919296,0.0,2.29970449795792,3.6691900329407012,0.0
73.10266414968005,128.26063471126193,-11.328497406511381,1.5,0.4082821377868337,0.5167283100084649,0.3070803270104805,-0.687021995545372,86.25659793351603,-44.81095186505357,0.0,0.3391063432179715,-0.0035689112389438765,-0.09789768503507723,-16.236323121400613,-29.834234728999633,0.0,-0.002126695622353376,-0.0006782046579614371,-0.0006472061782459268,6.185050218444558,6.189499817982488,6.189397824020947,6.1846495139392506,-10.312774966772658,6.130254394079813,0.0,2.3962581620345595,3.598966495983792,0.0
73.17725870493483,134.64902469371376,-14.753725753540728,1.5,0.39924488196653146,0.5206323304655456,0.3001993661608013,-0.6924058356586825,85.01693210973733,-47.01912017901086,0.0,0.33894564196988436,-0.003619743542085473,-0.09796532695659683,-16.99884513877871,-29.36700512108937,0.0,-0.0021706754013282228,-0.0006826235296361658,-0.0007020225547913892,6.179319038990307,6.183756381150138,6.183661555832427,6.178900203262733,-10.13049084654505,6.396018497085704,0.0,2.490640470310313,3.5261399473937796,0.0
73.2518532601896,140.94283361782848,-18.342353229396295,1.5,0.3901408491887886,0.5244418715792104,0.2932708550927775,-0.6976697260752376,83.7208999287322,-49.19170138988896,0.0,0.33878261573277424,-0.0036711137533486956,-0.09800203473754043,-17.74750940960067,-28.880156019299545,0.0,-0.002202201712141985,-0.0006958380905890157,-0.0007130910276806834,6.173513012945086,6.177945432101891,6.177849433314155,6.173087895221536,-9.941254352817024,6.656253049691984,0.0,2.5827820848860337,3.450778348520683,0.0
73.32644781544438,147.13789589312634,-22.091671030733274,1.5,0.3809717047606202,0.5281563502386185,0.2862961550017661,-0.7028128780163417,82.36955429886487,-51.32724754182632,0.0,0.33861718435047644,-0.0037230194630052623,-0.09807131044862596,-18.4818032575463,-28.374106730467307,0.0,-0.0022328901613074526,-0.0006975505148372938,-0.0007203088280982281,6.167634159897887,6.172065695880065,6.17196777860251,6.167203792392019,-9.745229129712124,6.91077013244999,0.0,2.672617775559616,3.3729508480030677,0.0
73.40104237069916,153.2301258850543,-25.998863524289344,1.5,0.3717391211453694,0.5317752027192363,0.2792766367608105,-0.7078345285040524,80.9639858982571,-53.42434248082408,0.0,0.33844947272556264,-0.0037755592582435398,-0.09810957589206615,-19.201226837200647,-27.849290281499517,0.0,-0.002260799244010849,-0.0007094734529359895,-0.0007173426412958666,6.161684253909738,6.166114293719162,6.166012494122532,6.161251373094087,-9.542588279034161,7.159401038332823,0.0,2.7600725198403486,3.2927287610257485,0.0
73.47563692595394,159.21552069614054,-30.06101065602769,1.5,0.36244478222268217,0.5352978870645275,0.2722136766088439,-0.7127339378834858,79.50532219766365,-55.48160283793095,0.0,0.33827931056977717,-0.0038286846970397065,-0.09818025330027226,-19.905293552270557,-27.306153020989754,0.0,-0.0022959181222443384,-0.000712699876866095,-0.0007382899619116274,6.155664639447767,6.160090409212299,6.159989252426446,6.155222733448762,-9.33350829102085,7.40195981122003,0.0,2.84509554183797,3.210185256000005,0.0
73.55023148120871,165.0901628739257,-34.27509043419342,1.5,0.3530903780652419,0.5387238808565757,0.26510866006401296,-0.7175103925878971,77.99472647815821,-57.49767902637781,0.0,0.3381070874683705,-0.0038822434305974002,-0.09821924709850739,-20.593530376900617,-26.74515421319948,0.0,-0.0023397216018716254,-0.0007291496650293992,-0.0007885324669706797,6.1495787163803834,6.1539900385990665,6.153895046550286,6.149119786269963,-9.118194742832001,7.638269930720412,0.0,2.9275929847661732,3.125396620241675,0.0
73.62482603646349,170.85022304246212,-38.637981484933206,1.5,0.34367760920099144,0.5420526834504786,0.2579629776498152,-0.7221632027873388,76.43339675761155,-59.47125619417908,0.0,0.3379320201256976,-0.003936445897454628,-0.09829169362089694,-21.26547824601792,-26.166765618619593,0.0,-0.002359791777925447,-0.0007280577535827613,-0.0007561004349338526,6.143407106235323,6.147827097728527,6.147722576232423,6.142953615307748,-8.896814341430362,7.868171244475008,0.0,3.0075215734499308,3.038437413688685,0.0
73.69942059171827,176.49196245629253,-43.14646567757629,1.5,0.33420818217702203,0.545283814471357,0.2507780276824412,-0.7266917045578558,74.82256478787713,-61.401055139952945,0.0,0.33775482454706235,-0.003991313745316841,-0.0983327747293168,-21.92069238770066,-25.57147106089938,0.0,-0.0023881830089846493,-0.0007373928636520031,-0.0007517633205289897,6.137167980246731,6.14158715158328,6.141478399969706,6.136712260946796,-8.669569073857865,8.091519954861274,0.0,3.084843575134981,2.949391182293129,0.0
73.77401514697304,182.0117354757297,-47.797230816228605,1.5,0.3246838124955172,0.5484168149230323,0.24355521383224818,-0.7310952583816834,73.16349495306766,-63.28583316999002,0.0,0.3375754350221109,-0.004046667074255283,-0.09840475569080508,-22.558742626793602,-24.959765997228658,0.0,-0.0024251434388674726,-0.0007442734700929336,-0.0007759285044055957,6.130858574869782,6.135272138304596,6.135164547234436,6.130392862951475,-8.436661729189142,8.308149735473133,0.0,3.1594801736066995,2.858333862527369,0.0
73.84860970222782,187.40599195981704,-52.58687339594057,1.5,0.3151062210746314,0.5514512464993846,0.2362959466296938,-0.7353732506562348,71.45748315598502,-65.12438497139985,0.0,0.3373932223499869,-0.00410260379052007,-0.0984478491301294,-23.179213737900625,-24.33215706419935,0.0,-0.0024667742398184755,-0.0007614946289839629,-0.0008154701732152829,6.124479044486909,6.128880567899258,6.12877701779311,6.123999123531622,-8.198278339944004,8.51790435406261,0.0,3.2313627771718423,2.765349736330283,0.0
73.9232042574826,192.6712795768186,-57.51190142205925,1.5,0.30547713740927773,0.5543866926398127,0.2290016407944995,-0.73952509224336,69.70585572617382,-66.91554343900624,0.0,0.33720825779464125,-0.004159215503446124,-0.09852343248133423,-23.781705715015022,-23.689161617706514,0.0,-0.002490981628581735,-0.000759769151813425,-0.0007943222588205188,6.118015089245814,6.122422766225463,6.122311745031735,6.117537457778823,-7.9546352131049,8.720652042391327,0.0,3.300462616240536,2.6705227405245657,0.0
73.99779881273736,197.80424603044645,-62.56873728928528,1.5,0.295798295184221,0.5572227574178816,0.22167371779459147,-0.7435502202412725,67.90996825573237,-68.65818044955357,0.0,0.3370214053575356,-0.0042164034449375595,-0.09856701686719928,-24.365834074300462,-23.031307275699476,0.0,-0.0025226649073085052,-0.0007722365588410709,-0.0007982733789825679,6.111481862050278,6.115886337921087,6.115772570638728,6.110999660900733,-7.70595549374475,8.916273387559752,0.0,3.3667291298111266,2.573935152866669,0.0
74.07239336799213,202.80164119852483,-67.7537207168305,1.5,0.28607143609237606,0.5599590669145672,0.21431360236366512,-0.7474480963077782,66.0712044077096,-70.3512075852746,0.0,0.3368320349317828,-0.004274221146726369,-0.09864196909417529,-24.931230119792446,-22.35913143960391,0.0,-0.002558042016533157,-0.0007765363156272516,-0.0008139011395553589,6.1048740427490555,6.109275234778213,6.109160922078225,6.104384083369309,-7.452433855495258,9.104627091692272,0.0,3.4301080804332527,2.4756736706752642,0.0
74.14698792324691,207.66031918427876,-73.06311173786689,1.5,0.2762983051546158,0.5625952679895461,0.2069227253622355,-0.7512182084675016,64.19097476862208,-71.99357686525786,0.0,0.3366398351446596,-0.004332609180162989,-0.09868824252963541,-25.47754119980049,-21.673180812099368,0.0,-0.002592490299170983,-0.0007881403621353886,-0.000825766368581947,6.098191674383562,6.1025880090089295,6.102472405586482,6.097694948021808,-7.194293283163263,9.28557795757711,0.0,3.4905627274243782,2.375833326102948,0.0
74.22158247850169,212.377240278885,-78.49309374190807,1.5,0.26648065450235964,0.5651310295623736,0.19950252042048772,-0.7548600695146345,62.270715619953194,-73.58428144003517,0.0,0.33644498531356526,-0.004391572007006782,-0.09876600409617166,-26.004430951275054,-20.974010919636097,0.0,-0.0026260648134173387,-0.0007929049785672767,-0.0008337018775861202,6.091431900616096,6.095826710640285,6.095709061552636,6.090929466046524,-6.931753170397811,9.459023293013905,0.0,3.548048072580498,2.274503251418287,0.0
74.29617703375646,216.9494728329025,-84.0397765663679,1.5,0.25662023910863957,0.5675660416442474,0.19205442616999915,-0.7583732185676242,60.311887720875205,-75.12235621617556,0.0,0.33624787936121836,-0.004451255371482158,-0.09881323428288981,-26.511579526900455,-20.262185592999348,0.0,-0.002651797437021848,-0.0008064614595173955,-0.0008144197813245198,6.084593752281513,6.088990587662464,6.088865713083977,6.084092991650145,-6.665037949953505,9.624872847325497,0.0,3.602526555843898,2.171750521199139,0.0
74.37077158901124,221.37419503590854,-89.69919963308924,1.5,0.24671882001477388,0.5699000162549207,0.18457988369307726,-0.7617572197616566,58.31597506490913,-76.60687843020993,0.0,0.3360484346404537,-0.004511583788395501,-0.09889056560770991,-26.998683801859723,-19.53827650075157,0.0,-0.0026952082277012274,-0.000810222526551674,-0.0008543506258401938,6.07768585236564,6.082073829067213,6.081952922473636,6.077170630098638,-6.394371443476669,9.783008769466639,0.0,3.6539637705588257,2.0676874457400487,0.0
74.44536614426602,225.6486966030718,-95.4673351283333,1.5,0.23677815986154885,0.572132686516286,0.17708033895076802,-0.7650116636949513,56.284483628617544,-78.03696823798067,0.0,0.335845901060401,-0.004572463065508097,-0.09894030712017043,-27.465457576300416,-18.802862626199328,0.0,-0.0027279962810161395,-0.0008245689651210593,-0.0008575805647089702,6.070697594169457,6.0750823266394915,6.074958412061676,6.070177873177199,-6.119982741847049,9.933319557027232,0.0,3.702327655482044,1.9624106374038768,0.0
74.5199606995208,229.77038036767658,-101.34009122486499,1.5,0.22680002761219373,0.5742638079909995,0.16955723829695024,-0.7681361658247162,54.21894010187845,-79.41178926299065,0.0,0.3356407487664914,-0.004633965387642691,-0.0990207661821839,-27.911631752962474,-18.056529732657143,0.0,-0.0027655376351347436,-0.0008270988067239209,-0.0008760017224223351,6.063632688251817,6.068013760496825,6.067889701091613,6.063104320359372,-5.84210491431588,10.075733151384734,0.0,3.7475853637851038,1.8559922154510333,0.0
74.59455525477557,233.73676377819672,-107.31331534192186,1.5,0.2167861920914829,0.5762931571276652,0.1620120334918774,-0.7711303683360745,52.120890596878276,-80.73054906522938,0.0,0.33543336874361906,-0.0046962725906249106,-0.09907082424906997,-28.336954496000377,-17.299869900899306,0.0,-0.0028067455997303516,-0.0008375023231945146,-0.0009062933719668254,6.056493168116509,6.060865249250611,6.060743258314377,6.055952887931714,-5.560961264427194,10.210188725942569,0.0,3.7897181054177875,1.7485523986558618,0.0
74.66914981003035,237.54548029968709,-113.38279743863836,1.5,0.20673842797153852,0.5782205329679065,0.15444617560030882,-0.7739939382815642,49.99189937628755,-81.99249955764303,0.0,0.3352232335586117,-0.004759120575533338,-0.09915172925700737,-28.74119139447058,-16.533480950291533,0.0,-0.002836218987793379,-0.0008450792929769722,-0.0008959223706213618,6.049269296763235,6.0536435910349,6.053515973622732,6.04872817671851,-5.276797556318735,10.336588632785658,0.0,3.8286895839541124,1.6401622438577572,0.0
74.74374436528512,241.19428071809483,-119.54427333979275,1.5,0.19665850943869148,0.580045755696643,0.1468611197583177,-0.7767265693067256,47.83354752136798,-83.19693745992781,0.0,0.33501014665869716,-0.004822693189378814,-0.09920480155705184,-29.12412557730038,-15.757965950599202,0.0,-0.002868317197089924,-0.0008542295729895181,-0.0008939168724018482,6.041969111547611,6.046342101078016,6.046210409109398,6.041424842561,-4.989840699843156,10.454862130692618,0.0,3.8644958234906337,1.5309264837507175,0.0
74.8183389205399,244.68103434677116,-125.7934280921371,1.5,0.18654821479548178,0.5817686677779956,0.1392583209894527,-0.7793279802391505,45.64743164097323,-84.3432046721389,0.0,0.3347946582277507,-0.004886886461867061,-0.09928718607162237,-29.485557843896324,-14.97393269544942,0.0,-0.0029081715323670365,-0.0008629772849972944,-0.0009171865069480329,6.03459305947676,6.03896031941405,6.038829318654635,6.034038741868023,-4.700332192626796,10.564966868758583,0.0,3.8970993925702357,1.420937219073373,0.0
74.89293347579468,248.00373013514974,-132.1258993458425,1.5,0.17640932156696543,0.5833891330846004,0.13163923698382773,-0.7817979163117519,43.435162542144724,-85.43068856781208,0.0,0.334576246109068,-0.0049517835184603514,-0.09934176242842771,-29.825306752100335,-14.181993151199189,0.0,-0.002940371289121464,-0.0008725807221635942,-0.0009141057762287444,6.027135211096454,6.031501339391445,6.031366023420958,6.026578000152362,-4.4085149201412355,10.666834251606698,0.0,3.926505178267905,1.3102926084607218,0.0
74.96752803104944,251.16047767814794,-138.53728075933728,1.5,0.1662436105780612,0.5849070377363982,0.12400532467998718,-0.7841361479994482,41.19836389564829,-86.45882232895477,0.0,0.33435528937082754,-0.005017275331477952,-0.09942579459994924,-30.14320871399538,-13.382762948300263,0.0,-0.0029812154079384887,-0.0008813174482470009,-0.0009392238653718944,6.0196011739622,6.0239611394433,6.023826823446809,6.019033370027882,-4.114625696507839,10.760430085185899,0.0,3.9526877984157607,1.1990925952190454,0.0
75.04212258630422,254.14950812615746,-145.02312542490554,1.5,0.15605286129336055,0.5863222893887519,0.1163580426511196,-0.7863424720555849,38.938670904254934,-87.42708516944565,0.0,0.3341314776565335,-0.00508354669242877,-0.09948191275434169,-30.439118055800257,-12.576860816299263,0.0,-0.003014226457258166,-0.0008959000222628815,-0.0009374777150836308,6.01198494555893,6.016342756478871,6.016204341238848,6.011413848296599,-3.8188975235661404,10.845713401075775,0.0,3.9756374096692926,1.0874165723386495,0.0
75.116717141559,256.96917499581014,-151.57894931088896,1.5,0.14583885533092808,0.5876348177871261,0.1086988485240241,-0.788416710584959,36.65772897743188,-88.33500255413914,0.0,0.3339047682805114,-0.005150504687394937,-0.09956832903481565,-30.712907069942204,-11.764908091966479,0.0,-0.003055245796496934,-0.0008997249867853758,-0.000961682134738795,6.004290840844439,6.008643416339439,6.0085057906921335,6.003709361904216,-3.521578190341968,10.92264555624318,0.0,3.995353939500451,0.9753784637911266,0.0
75.19131169681377,259.61795488085073,-158.20023471924486,1.5,0.13560337160858968,0.588844574140557,0.10102920155641777,-0.7903587119444446,34.357192378936695,-89.18214639510134,0.0,0.3336756220909548,-0.005218134896863266,-0.09962555924844976,-30.96446604730022,-10.947528158499255,0.0,-0.003089790639081995,-0.0009153626817556615,-0.0009637009452157589,5.996514976107866,6.000864348220285,6.000723297614135,5.995929140450115,-3.222914822561243,10.99122240932611,0.0,4.0118308554982365,0.8630672832261239,0.0
75.26590625206855,262.09444806217243,-164.88243375387935,1.5,0.12534819146834422,0.5899515319251242,0.09335055796151905,-0.792168349660025,32.038722871533466,-89.96813514166908,0.0,0.3334437300775758,-0.005286555895735182,-0.09971223424629833,-31.19370330075695,-10.125345900212826,0.0,-0.0031301936042234945,-0.0009192904333008814,-0.0009844021127068494,5.988659552174559,5.993004411709608,5.992863453250709,5.988064254279062,-2.923136624879803,11.05141447037451,0.0,4.025088829592318,0.7505835549647182,0.0
75.34050080732332,264.3973790181256,-171.62097179679694,1.5,0.11507509280750197,0.5909556861554072,0.0856643747833329,-0.7938455233286369,29.70398840196307,-90.69263389596765,0.0,0.3332088049457941,-0.005355436678175836,-0.09977185807624434,-31.40054518210018,-9.298987180849247,0.0,-0.003180779993328841,-0.0009506398728381997,-0.0010386214442122147,5.980730400887846,5.985057811650972,5.984923227825408,5.980116453318837,-2.622498812451271,11.103198865670294,0.0,4.035070982802338,0.6380137727026239,0.0
75.4150953625781,266.5255968347081,-178.41125099094592,1.5,0.10478585415226803,0.5918570537039884,0.07797210669987029,-0.7953901579270376,27.35466173273041,-91.35535448516573,0.0,0.3329708324536022,-0.005425282079090695,-0.09986158214224289,-31.584936018623118,-8.469078322537051,0.0,-0.003206653678303935,-0.000938237320067853,-0.0010093174754237115,5.972704836038121,5.977041630513429,5.976897679492395,5.9720950461823135,-2.3212428683629045,11.146586571836538,0.0,4.041840130655215,0.5254514380666077,0.0
75.48968991783288,268.4780755143741,-185.24865372557184,1.5,0.09448224961173328,0.5926556729947978,0.07027520873318402,-0.7968022043223129,24.992419085469642,-91.95605545601873,0.0,0.33273047869859607,-0.005495928657823983,-0.09992221941446457,-31.746838135300134,-7.636245565949243,0.0,-0.0032611378752318725,-0.0009497462926419841,-0.0010749759224398514,5.964613120561812,5.968932594361582,5.968797134901228,5.96398151836806,-2.019580150192465,11.181594914403677,0.0,4.045390223056096,0.4130222157808957,0.0
75.56428447308765,270.25391418616647,-192.1285461200632,1.5,0.08416605444207166,0.5933516044996873,0.06257513111622282,-0.7980816384826107,22.618938859804352,-92.49454203271657,0.0,0.33248704867137346,-0.005567278097463357,-0.10001270307117824,-31.88623178365694,-6.801114512683646,0.0,-0.0032826535342870456,-0.0009583550986668253,-0.0010299414774446187,5.956423575683586,5.960753039246946,5.9606052239379785,5.955800402769681,-1.717773491246349,11.208224391463487,0.0,4.045727098076864,0.3007916725274834,0.0
75.63887902834243,271.8523372166723,-199.04628150416312,1.5,0.0738390383604386,0.5939449300644056,0.05487332415018511,-0.7992284621818111,20.235900259398555,-92.97066606244485,0.0,0.33224054471845305,-0.005639211178664782,-0.10007655215696597,-32.00311508090011,-5.9643096282091435,0.0,-0.003319538438466725,-0.0009722146874958231,-0.0010356193727849466,5.948159882438821,5.952485589148916,5.952334936146889,5.947531251264776,-1.4160811722007616,11.226476607384663,0.0,4.042867612011048,0.18885296827769962,0.0
75.7134735835972,273.27269421951615,-205.99720389310497,1.5,0.06350297052276382,0.5944357533218676,0.047171233925814175,-0.8002427023080966,17.844981933013358,-93.38432594074669,0.0,0.33199118839886915,-0.005711915351997175,-0.10016914622130459,-32.09750393006509,-5.126453720144575,0.0,-0.0033607425915809837,-0.0009783088723631672,-0.001054733644050083,5.939814429836995,5.944135681934037,5.943984716546119,5.939176664305706,-1.1147149442717204,11.23639670909397,0.0,4.036833129733828,0.07731894954445978,0.0
75.78806813885198,274.514459966434,-212.97665145336677,1.5,0.053159614279348656,0.5948241993363139,0.03947030518238234,-0.8011244112510825,15.447860698532546,-93.73546643315693,0.0,0.3317389989970963,-0.005785418245248092,-0.10023445656331345,-32.16943193350006,-4.288167395819142,0.0,-0.003386991240727037,-0.000998741771528138,-0.0010239024165329838,5.9313811680149895,5.935706136866394,5.935545439142122,5.930747899944663,-0.8139089804398326,11.238022816716695,0.0,4.027628235129285,-0.0337423647761048,0.0
75.86266269410676,275.57723420110966,-219.97995995500463,1.5,0.04281073209053872,0.5951104148083771,0.03177197718293311,-0.8018736664028573,13.046210219168968,-94.02407848774949,0.0,0.33148401433913405,-0.005859801872439808,-0.10032796938007972,-32.218950267720146,-3.4500685519239864,0.0,-0.00343975180372409,-0.0009989096844253789,-0.0010798747378698295,5.922874766347158,5.927187564060123,5.927033453458886,5.922222252020789,-0.5139067619758605,11.23138147712215,0.0,4.015287408842051,-0.14422569519249423,0.0
75.93725724936152,276.4607413546659,-227.0024662096184,1.5,0.03245807880305987,0.5952945676989057,0.02407768851194803,-0.8024905704770051,10.641699687592492,-94.25019904089598,0.0,0.3312259858219829,-0.0059348576814505045,-0.10039505300736805,-32.24612756590001,-2.612771887339239,0.0,-0.003482162778229485,-0.0010119951136561482,-0.001101137154023206,5.914281988786039,5.918587510546292,5.9184334300739385,5.913619691165709,-0.21494862567135264,11.216523713242932,0.0,3.999842481170736,-0.25402381634456794,0.0
76.0118518046163,277.1648301634699,-234.03951149079316,1.5,0.022103408540135823,0.5953768475295367,0.016388870355196376,-0.8029752509792437,8.23599251946242,-94.41391074311385,0.0,0.3309649857282711,-0.0060106460113229735,-0.10049056464887124,-32.251049783170025,-1.7768883422885604,0.0,-0.0035194544193745255,-0.0010199869923756212,-0.0011046257372754422,5.905602322418908,5.909906673690416,5.909749281672436,5.904935103137606,0.08274139690386667,11.193504381253263,0.0,3.9813069416190334,-0.36307072982589433,0.0
76.08644635987108,277.689473190622,-241.08644493318562,1.5,0.011748467026692086,0.5953574649357172,0.008706952528769771,-0.8033278604937718,5.8307450774933125,-94.51534165931325,0.0,0.3307009706928004,-0.006087337542239914,-0.10055971092812495,-32.23382001789998,-0.9430246471962427,0.0,-0.003565617900827866,-0.0010326289541202239,-0.001136876930256358,5.896843871098053,5.901138473735981,5.900983145228064,5.896163830160824,0.3789435839167416,11.162378818374819,0.0,3.9597251072228774,-0.47126588708767037,0.0
76.16104091512585,278.03476625266217,-248.138626908408,1.5,0.0013949974058129694,0.5952366518760327,0.0010333582716488716,-0.8035485762642673,3.4276054108989817,-94.55466494667162,0.0,0.33043386108723494,-0.006164785127157852,-0.10065732924965877,-32.19455836940898,-0.11178281344332004,0.0,-0.003599895405402248,-0.0010413110095978942,-0.0011291593461140621,5.887995083658677,5.89229100254983,5.892130232001196,5.887313162642642,0.6734217936487681,11.12321799792748,0.0,3.935112631783013,-0.5785232607989096,0.0
76.23563547038063,278.20092775174487,-255.19143237464922,1.5,0.008955264736918917,-0.5950146613383356,0.006630493412490782,0.8036376002795194,1.02821198101288,-94.53209847278936,0.0,0.3301640130037243,-0.0062430837451983275,-0.10072784033678386,-32.133401718999934,0.7162403969057515,0.0,-0.00366172641969564,-0.0010490208264070334,-0.0012113952433873353,5.879075036398231,5.883350338449279,5.883200978032465,5.8783665704845065,0.9659466207194399,11.076094638919402,0.0,3.907534119054628,-0.6847603046155188,0.0
76.3102300256354,278.18829791378425,-262.24025419702093,1.5,0.01930058816968604,-0.5946917673576227,0.014283189374470607,0.8035951590413325,-1.3658075883751613,-94.44790441299524,0.0,0.32989071974605644,-0.006321991755941094,-0.10082761072357843,-32.0505035550744,1.5404538789219981,0.0,-0.003681902149569382,-0.0010633384929429868,-0.0011562397093765869,5.870051579445543,5.8743383464389645,5.874174617794049,5.869354201704028,1.2562993189863427,11.021087911678434,0.0,3.877011691195297,-0.7898917041545946,0.0
76.38482458089018,277.9973379339682,-269.2805064363896,1.5,0.029639251268775733,-0.5942682649499814,0.021923319641774117,0.8034215033924905,-3.752837746867107,-94.30238880743664,0.0,0.3296143727927679,-0.006401859663941452,-0.10090147627309484,-31.946033747899897,2.360272693320743,0.0,-0.00370540403509977,-0.0010854641449091732,-0.0011117762408394648,5.860946153321523,5.8652395548019385,5.865063447413629,5.8602569184374795,1.5442810952565407,10.958281896233487,0.0,3.8435694724015876,-0.8938186996502243,0.0
76.45941913614496,277.62862903203677,-276.3076276039736,1.5,0.039969534838941556,-0.5937444698069456,0.02954948434659973,0.8031169085713971,-6.131276195057731,-94.09590108612184,0.0,0.32933534687220994,-0.006482722305340788,-0.1010017300202494,-31.820178306735322,3.175118587195008,0.0,-0.0037639114211656054,-0.0010856366356087864,-0.0011807706559506526,5.851769293371159,5.856047436398164,5.855880222395701,5.851057108296755,1.829663000885315,10.88777154208653,0.0,3.8072796763314454,-0.9964737340180001,0.0
76.53401369139974,277.08287141811905,-283.3170838787764,1.5,0.050289730601440326,-0.5931207184480306,0.037160286722456484,0.8026816737875803,-8.499535102109729,-93.82883354892152,0.0,0.32905299406613125,-0.006564173346723638,-0.10107714870584616,-31.673139159199856,3.984420382970733,0.0,-0.0038082221084365106,-0.0011051010939031047,-0.001202985610936001,5.842502969726682,5.846772710081684,5.846605589572567,5.841780625089476,2.1122154069674157,10.809652363164574,0.0,3.7681716008979667,-1.0977751868720158,0.0
76.60860824665451,276.36088316858564,-290.3043722855746,1.5,0.06059813548034079,-0.5923973678821183,0.04475433798585114,0.8021161223501824,-10.85604231011269,-93.50162082694385,0.0,0.32876745025497156,-0.006646542369834081,-0.1011802610926308,-31.505133873238766,4.787614430259273,0.0,-0.0038474988729959754,-0.0011082859895853877,-0.001207929429520504,5.833147272797921,5.837416134346211,5.837245874488144,5.832419507049343,2.391749339031164,10.724029284937153,0.0,3.7263061718407116,-1.1976329865217021,0.0
76.68320280190929,275.4635990149011,-297.2650238311131,1.5,0.07089305601636328,-0.5915747956652847,0.05233025587913696,0.8014206012212698,-13.199242461426364,-93.11473930081921,0.0,0.3284789814473956,-0.0067298203483842555,-0.1012574092610617,-31.31639540899982,5.584145115640721,0.0,-0.0038948595345295253,-0.0011269925751511178,-0.0012387799870738569,5.823711446455456,5.827969999255713,5.827801426001858,5.822971128592218,2.6680716628480345,10.63101532371191,0.0,3.6817197776991044,-1.2959888385874483,0.0
76.75779735716407,274.3920690482334,-304.1946065955099,1.5,0.08117280511073101,-0.5906533995435297,0.059886666169878734,0.8005954812095708,-15.52759812179926,-92.66870648229661,0.0,0.328187238327443,-0.006814021755529263,-0.10136215492308645,-31.107171808040658,6.373465209732364,0.0,-0.003931721600435337,-0.0011315483165657216,-0.0012346955287138243,5.814183610018562,5.818443144884499,5.818269722678739,5.813440328338047,2.940967536244207,10.530722356794833,0.0,3.634473744503165,-1.3927456189620486,0.0
76.83239191241884,273.14745733980726,-311.0887287770102,1.5,0.09143570786824114,-0.5896335977596027,0.06742219928524325,0.7996411562465014,-17.839590917627778,-92.164080381217,0.0,0.3278920486254013,-0.0068990416432150896,-0.10144281074176766,-30.877725917099728,7.155036310960884,0.0,-0.0039443960109593786,-0.001140413293777091,-0.0011521269640051323,5.804560130207351,5.808836974268841,5.808644002781028,5.803835407813108,3.2102313398495936,10.423273672433524,0.0,3.584630318703293,-1.4878460399381226,0.0
76.9069864676736,271.7310404778574,-317.94304168761954,1.5,0.10168009377650171,-0.5885158282215586,0.07493549794079622,0.7985580439834414,-20.133722641511508,-91.60145882175819,0.0,0.327594269423638,-0.00698483857611129,-0.10154848084087685,-30.628335078194652,7.928329327757215,0.0,-0.004017399365621957,-0.0011553105670863138,-0.0012637418186311922,5.794877236173496,5.799126839745879,5.798950636538503,5.7941177675114055,3.4756856243098575,10.30879588920722,0.0,3.532238068481765,-1.5812153658415402,0.0
76.98158102292838,270.14420602439844,-324.7532426969666,1.5,0.1119043051930592,-0.5873005490277642,0.08242521022389539,0.7973465848114558,-22.40851629314186,-90.9814787381322,0.0,0.3272933852225157,-0.007071570256617337,-0.10162915197380055,-30.359290803899746,8.692824811790691,0.0,-0.0041009104249499825,-0.0011769216745213206,-0.0014084892902882617,5.7851139027006635,5.789326459669138,5.78917317571846,5.784310546769884,3.7371406677187853,10.187419671938336,0.0,3.4773546357286467,-1.6727627149063276,0.0
77.05617557818316,268.3884508936289,-331.5150781226284,1.5,0.12210669216428728,-0.5859882378962905,0.08988999358107433,0.7960072423225123,-24.662517136679217,-90.30481544493394,0.0,0.326988560095144,-0.007159320136307,-0.10173882640780897,-30.070898443619733,9.44801332431882,0.0,-0.004103644965572542,-0.0011795713401107227,-0.0012922441098375736,5.775226502685327,5.779466201329343,5.7792870770766,5.774450958074231,3.9944129200149385,10.059284161494118,0.0,3.420049828573729,-1.7624599797101677,0.0
77.13077013343793,266.4653796531366,-338.2243460645413,1.5,0.13228561712422318,-0.5845793923802767,0.09732851306908977,0.794540502460466,-26.89429371417742,-89.5721818665373,0.0,0.32668101527349114,-0.007247836600114891,-0.10182245537312538,-29.76347684769971,10.193395880300674,0.0,-0.004168041570165128,-0.0012015309682275037,-0.001374008484929732,5.765281932928593,5.769499095972998,5.769331092665307,5.76447977185866,4.247315711044928,9.924530388558024,0.0,3.3603771494041497,-1.8501864129983316,0.0
77.20536468869271,264.3767027498549,-344.876899181497,1.5,0.1424394499761145,-0.5830745291566083,0.10473944493025503,0.792946874144166,-29.102438850541272,-88.78432775495612,0.0,0.32636991244842106,-0.007337296698965603,-0.10193347937419085,-29.437358010845507,10.928484281305515,0.0,-0.0041902598512379464,-0.001204160986303069,-0.0013196126798235635,5.755230174182652,5.759460162712067,5.759277867804705,5.754438827269254,4.4956758859940775,9.78331056318722,0.0,3.2984080298867724,-1.9359168538132667,0.0
77.27995924394749,262.1242346622603,-351.46864740718036,1.5,0.1525665740936981,-0.581474184473487,0.11212147309347534,0.7912268881500137,-31.28557062977518,-87.94203885082902,0.0,0.3260555156475845,-0.007427839789519571,-0.10202050215075006,-29.09288670609968,11.652801490500654,0.0,-0.004217207164673705,-0.0012171171099906537,-0.0012802816197203795,5.745095180105322,5.749331893277071,5.749138107689477,5.744310495308662,4.73934712984811,9.635762827702813,0.0,3.234213071515289,-2.0195982472305123,0.0
77.35455379920226,259.70989198257763,-357.9955606044315,1.5,0.16266538156161936,-0.5797789134421611,0.11947329248549828,0.7893810977923872,-33.4423332881674,-87.0461360666749,0.0,0.32573796700302404,-0.007519249109415752,-0.1021332449745932,-28.7304201175938,12.365881935547023,0.0,-0.004278055266008559,-0.001229266241265673,-0.0013484716968522657,5.734887610490261,5.739107481436026,5.738922265530295,5.7340800230321705,4.978142966414054,9.48204801246301,0.0,3.1678609856856017,-2.1011503450535804,0.0
77.42914835445704,257.1356914299484,-364.4536711564211,1.5,0.17273427876511557,-0.5779892905126103,0.1267936061034944,0.7874100776872852,-35.57139817240572,-86.09747461702412,0.0,0.3254172882278838,-0.007611479141700811,-0.10222167107891962,-28.350327453699645,13.067271874000634,0.0,-0.004313902743307578,-0.0012506556602911285,-0.0013366045370560306,5.724583444912719,5.728802467139721,5.728610870398097,5.723774953769412,5.21190460043831,9.32234879172995,0.0,3.099406067838811,-2.1805146747102175,0.0
77.50374290971182,254.40374779554736,-370.8390764906949,1.5,0.18277168040986244,-0.5761059083181759,0.13408112993938745,0.7853144248230908,-37.671464612707865,-85.09694308036691,0.0,0.32509339995156944,-0.007704798832134275,-0.10233563278977137,-27.952989547689228,13.756529707624475,0.0,-0.004366918793656073,-0.0012553762634566078,-0.0013785662701696674,5.714198012387012,5.718407240714786,5.7182193030835995,5.713373813400397,5.440488654570431,9.156806115588964,0.0,3.0289520643293333,-2.2576539212582003,0.0
77.5783374649666,251.5162718237509,-377.1479415357769,1.5,0.19277601672413033,-0.5741293787270862,0.14133458787157419,0.7830947568012444,-39.74126075932587,-84.04546253045044,0.0,0.32476585595733715,-0.007798899031926719,-0.10242716028687869,-27.538798485899616,14.433226279500609,0.0,-0.0044069472965287,-0.0012887293371769179,-0.0013789801218138734,5.703722432708241,5.707926312083416,5.707734271879662,5.702893940140608,5.663740879277751,8.985589484375643,0.0,2.956525812824586,-2.332489112037942,0.0
77.65293202022137,248.47556803094537,-383.376501109753,1.5,0.2027457272416394,-0.572060331365357,0.14855271686234323,0.7807517132073635,-41.77954441721431,-82.94398558794512,0.0,0.32443509297719086,-0.007894240858440562,-0.10254387793710083,-27.108157151300183,15.096945149432615,0.0,-0.0044561966446501535,-0.0012812821153907743,-0.001407777016434125,5.693160232181124,5.69735908333037,5.697168235022821,5.692319640635256,5.881517480105047,8.808880608737622,0.0,2.882237986078287,-2.404977881650406,0.0
77.72752657547615,245.28403246347148,-389.52106223718573,1.5,0.21267926691168523,-0.5698994145306545,0.1557342633452108,0.778285953852342,-43.78510384690126,-81.79349544261586,0.0,0.324100893443353,-0.007990602138714616,-0.10263767754443895,-26.66147884389948,15.747282909700731,0.0,-0.004486203858450988,-0.0012881429800850744,-0.0013755086057223086,5.682504044407207,5.686708824598777,5.686507789492616,5.681668159175362,6.093695494671088,8.626849886953188,0.0,2.806165447985963,-2.475113378464909,0.0
77.80212113073092,241.9441503983436,-395.578006393447,1.5,0.2225751012492022,-0.5676472941434636,0.16287798651601393,0.7756981598946854,-45.75675849394441,-80.59500488504322,0.0,0.3237633804170189,-0.008087755977112126,-0.10275659379850499,-26.199186854025537,16.38384940124001,0.0,-0.004547019870864357,-0.0013081926148818396,-0.0014397678741406954,5.671774330700635,5.675961992153512,5.6757687316440055,5.670916561941558,6.300128541451578,8.439674169856426,0.0,2.72837259868612,-2.5428107943306086,0.0
77.87671568598569,238.45849398829637,-401.5437916760254,1.5,0.23243171176425043,-0.5653046543724911,0.16998265564506315,0.7729890321932069,-47.693359752703344,-79.34955532003544,0.0,0.32342274281860456,-0.008185927938718515,-0.10285182932352575,-25.721714017999563,17.00626800430056,0.0,-0.004603187024361648,-0.0013301686922685707,-0.0014889691766767955,5.660956010015883,5.6651286152641855,5.664940302549907,5.6600804807585545,6.50069805299858,8.247552932552672,0.0,2.648938956560626,-2.6080189607132853,0.0
77.95131024124046,234.82971985322544,-407.4149548998957,1.5,0.24224759047826624,-0.5628721963048613,0.1770470541923296,0.7701592927026423,-49.593791642318195,-78.05821571425639,0.0,0.3230785126748338,-0.008285204335543292,-0.1029726867205374,-25.229502286384246,17.61417585239126,0.0,-0.004637810966461638,-0.0013357412983957566,-0.0014696424213904342,5.650039233083769,5.654216025285129,5.654019941614134,5.6491648529106255,6.695283907472704,8.050658542021447,0.0,2.56794784344041,-2.6707105957458963,0.0
78.02590479649524,231.0605666213961,-413.1881136160532,1.5,0.25202124703841033,-0.5603506392843406,0.18406997483184898,0.7672096821992265,-51.456971474971084,-76.72208158779317,0.0,0.3227304112284395,-0.008385570943456008,-0.10307243181701325,-24.72300228699953,18.207224039800533,0.0,-0.0046531859268460355,-0.0013457103555559254,-0.001389928380171437,5.639027643579017,5.643220904713772,5.6430058310270885,5.638171064486134,6.883771147722468,7.849173505052864,0.0,2.4854784672914367,-2.730878094271105,0.0
78.10049935175002,227.15385242196263,-418.8599680533089,1.5,0.2617512012725006,-0.5577407187684635,0.19105022620045609,0.7641409623418935,-53.281850495170204,-75.34227397028192,0.0,0.3223797629412521,-0.008486897324583388,-0.10319414563094735,-24.20267286876155,18.78507787744284,0.0,-0.004730125520309486,-0.001363879252484768,-0.001502287106052474,5.627955323447342,5.632120524001519,5.631922121432807,5.627063557598946,7.066063238729765,7.643302363773622,0.0,2.40161036746993,-2.788452152493071,0.0
78.1750939070048,223.11247233249787,-424.427302980609,1.5,0.2714359914148591,-0.5550431881539226,0.19798662637349396,0.7609539129446701,-55.067414442142805,-73.9199383109971,0.0,0.3220250168878655,-0.008589239922734696,-0.103295681657918,-23.668980653499514,19.347417023200503,0.0,-0.004775866942464495,-0.0013812572294441903,-0.0015166953661459248,5.616782604624889,5.620941469540063,5.6207415400496465,5.615882661888592,7.242032861700407,7.433232290884757,0.0,2.3164315004289895,-2.8434046570278007,0.0
78.24968846225957,218.9393957826125,-429.8869894892846,1.5,0.28107416695436727,-0.5522588166515956,0.2048780091993816,0.7576493340906372,-56.81268416876562,-72.45624342151237,0.0,0.3216668919016783,-0.008692591683841837,-0.10342141454567622,-23.122399582939106,19.893935705823786,0.0,-0.004823184584459522,-0.0013921429764422375,-0.0015352913105636723,5.6055221503936705,5.609675672553508,5.609475007060279,5.604612888910982,7.411602202388492,7.219166009833181,0.0,2.230012091704446,-2.895710876449771,0.0
78.32428301751435,214.63766391613083,-435.23598669428884,1.5,0.29066429562655305,-0.5493883906861532,0.21172321945908668,0.7542280436108683,-58.516716138236944,-70.95238036167241,0.0,0.3213054841224998,-0.00879729248823249,-0.1035246584037327,-22.563410437299485,20.424342859100477,0.0,-0.004872860075759223,-0.0014000499926057378,-0.0015609847024495758,5.594175702139171,5.598321582229672,5.5981214806072614,5.593255146038738,7.574698855139795,7.001289511576649,0.0,2.142458169703649,-2.9453548718724907,0.0
78.39887757276912,210.21038691686883,-440.4713433536922,1.5,0.3002049575213887,-0.5464327122556647,0.21852111742473343,0.7506908789215072,-60.17860289265977,-69.40956136213649,0.0,0.3209403655563257,-0.008902865324899636,-0.10365275572905128,-21.992500406909944,20.93836228508782,0.0,-0.00491646299612938,-0.0014213834758936372,-0.001567126555417606,5.582739677983131,5.5868815922173765,5.586678448492551,5.581813245078914,7.731216971806799,6.779809032407423,0.0,2.0538301983409135,-2.992294697108595,0.0
78.4734721280239,205.660741298273,-445.5901994060206,1.5,0.3096947514030399,-0.543392600126023,0.2252705749349972,0.747038694546772,-61.79747355700846,-67.82901870282815,0.0,0.32057193993434263,-0.009009595500128828,-0.1037586813027928,-21.410162588099467,21.435732774400446,0.0,-0.004964009127311384,-0.0014335156510783746,-0.0015852975524957582,5.571217958192655,5.575353364937644,5.5751493899735065,5.570282307435089,7.881084033748883,6.554938566011244,0.0,1.9642283535304073,-3.0365278161156612,0.0
78.54806668327868,200.99196715916176,-450.58978742307556,1.5,0.31913228868893273,-0.5402688879270915,0.23197048010432292,0.7432723642207865,-63.372494249751625,-66.21200356206388,0.0,0.32019993255759793,-0.009117431140557837,-0.10388868357221978,-20.81689553564376,21.916208235081392,0.0,-0.0050110457901992615,-0.0014513995898871117,-0.001601206603747211,5.559608608581982,5.563738243021273,5.563533037359983,5.5586643844882255,8.024239964861547,6.326860858000458,0.0,1.8737261334540993,-3.0780285010198907,0.0
78.62266123853345,196.20736541026488,-455.46743397937746,1.5,0.3285162000335219,-0.5370624257176803,0.2386197329903723,0.7393927780451873,-64.90286844818132,-64.5597849361267,0.0,0.3198244642154149,-0.009226278744918482,-0.10399723516742436,-20.213202780999307,22.379557789700517,0.0,-0.005072989859778837,-0.0014750615428367271,-0.001662787282881021,5.547919371033598,5.55203084162077,5.551832827506001,5.546953916634453,8.1606037933853,6.095799611016084,0.0,1.7824188496941586,-3.1167657365665487,0.0
78.69725579378823,191.3102949724865,-460.22056093716685,1.5,0.3378451294927252,-0.5337740779609503,0.24521725004144918,0.7354008447486925,-66.38783738472671,-62.87364845743799,0.0,0.31944540467749166,-0.009336332479721564,-0.10412951628059965,-19.599592367314976,22.825565854477947,0.0,-0.005106518613221352,-0.0014819387483372502,-0.0016362824083351957,5.536129170370278,5.540246185876391,5.540039106836199,5.535166884064732,8.29013367643421,5.861955594620433,0.0,1.69037670033663,-3.152750117790506,0.0
78.771850349043,186.30416994994346,-464.84668664504915,1.5,0.3471177404553593,-0.5304047248752051,0.25176196064790224,0.7312974888935064,-67.82668032785581,-61.154895253544424,0.0,0.3190628401712295,-0.009447651266508704,-0.10424073193897213,-18.976576357899287,23.25403223080048,0.0,-0.0051794897784010465,-0.0014987118661924953,-0.0017305394176929368,5.524269910461793,5.528362186882053,5.5281683276692135,5.523277340748511,8.412774839794137,5.625513109592728,0.0,1.5977105270949774,-3.1859541700324296,0.0
78.84644490429777,181.19245678135636,-469.3434270524532,1.5,0.356332710440365,-0.5269552606875542,0.2582528106753036,0.7270836530154152,-69.21871487668989,-59.404840839560535,0.0,0.31867593976635583,-0.009560052641968995,-0.1043775749654047,-18.344670389467353,23.664772140296094,0.0,-0.0052018102025706845,-0.0015126403144328532,-0.001669057801395152,5.51230143043203,5.516406388688281,5.516197026842635,5.511321734216541,8.528473632824081,5.386697465802564,0.0,1.5044868421923732,-3.2163780314904074,0.0
78.92103945955255,175.978671370524,-473.7084967386119,1.5,0.3654887371705278,-0.5234265951834607,0.2646887587915622,0.7227602945828754,-70.56329723415041,-57.62481393631397,0.0,0.3182862898504638,-0.009673590215045992,-0.1044912953328178,-17.704393178799414,24.05761627580035,0.0,-0.005238068213892383,-0.0015334299748886204,-0.0016503477211909855,5.500253111197264,5.504358814190544,5.504141838505241,5.499274436563751,8.637215584146245,5.145733375525579,0.0,1.4107854883803834,-3.244021870030679,0.0
78.99563401480732,170.66637620042292,-477.9397098538699,1.5,0.37458453211433335,-0.5198196510009071,0.2710687817183797,0.71832838890837,-71.85982236795111,-55.81615529210211,0.0,0.3178933533556987,-0.009788310361104342,-0.1046270696001066,-17.05626604135081,24.43241083712833,0.0,-0.005298701951505143,-0.0015451729975196973,-0.001705232403832548,5.4881271918214996,5.492218865855259,5.492007864163715,5.487129159789755,8.738952000454635,4.902812215064052,0.0,1.3167116792816604,-3.2688861590528626,0.0
79.0702285700621,165.25917743332823,-482.03498097469964,1.5,0.3836188276532883,-0.516135366126118,0.27739186900618285,0.7137889253224874,-73.1077242209855,-53.98021654683773,0.0,0.31749600233671715,-0.009904167089861153,-0.10474505511639427,-16.400812444699405,24.789017541500318,0.0,-0.005350286683004171,-0.0015777373587103135,-0.0017323442538777778,5.475912784535976,5.479993014921724,5.479782854160279,5.4749030802727745,8.833646116883582,4.658122143421967,0.0,1.2223242571933934,-3.2909405416902424,0.0
79.14482312531688,159.76072199745946,-485.9923258740982,1.5,0.3925903707004077,-0.5123746909238439,0.2836570281720384,0.7091429103520809,-74.30647587231967,-52.11835911014573,0.0,0.3170953531901566,-0.010021517400463377,-0.10488475269266939,-15.738557506416187,25.12731359684981,0.0,-0.005395933821919692,-0.0015772970799326834,-0.0017407969167699971,5.463606564390108,5.4676852361409125,5.46747250683318,5.46259039035159,8.92130308007382,4.411896453375365,0.0,1.1277243989463395,-3.310221178465133,0.0
79.21941768057165,154.1746946654541,-489.80986220521544,1.5,0.4014979294068494,-0.5085385906220032,0.28986328006251494,0.7043913638039575,-75.45558958829342,-50.231952953959876,0.0,0.3166909284854644,-0.010139881088499125,-0.10500497703331395,-15.070027556699388,25.447191714400287,0.0,-0.005442404542239859,-0.0015942491306964132,-0.0017516837424374628,5.451216117031504,5.455289264717714,5.455074403885219,5.450192786779454,9.00188776460352,4.164342192228519,0.0,1.0330030034951205,-3.326724387718161,0.0
79.29401223582643,148.50481512624435,-493.4858100975627,1.5,0.4103402867806355,-0.5046280422223387,0.2960096639826023,0.6995353221078563,-76.5546169478062,-48.322375468440626,0.0,0.3162826774726538,-0.010259467223677933,-0.10514813722379578,-14.395749646594425,25.748560061984822,0.0,-0.0054939721993699205,-0.0016103847418128573,-0.0017773124686183501,5.438741055975602,5.4428063483448605,5.442592092625697,5.437706502194031,9.07540222624087,3.915653606954922,0.0,0.9382368337228663,-3.3404716027766126,0.0
79.3686067910812,142.75483505178113,-497.01849266829515,1.5,0.4191162466118536,-0.5006440363437558,0.30209523409979616,0.694575834760765,-77.60314886201212,-46.39101033622723,0.0,0.31587152045305017,-0.010380218775208878,-0.10526947480675668,-13.716251070399379,26.031342235300247,0.0,-0.005573319726782419,-0.0016440981674426638,-0.0018862548547992132,5.426193398025961,5.43022808833089,5.430029725447924,5.425124455979273,9.141862236659007,3.6660510505352972,0.0,0.8434908201295428,-3.351429469151287,0.0
79.44320134633598,136.928535163658,-500.40633644760527,1.5,0.42782462931028764,-0.4965875758644361,0.3081190614877345,0.6895139665014158,-78.60081555038266,-44.43924635476584,0.0,0.3154561883748016,-0.010502458338425148,-0.10541442552688948,-13.032058966935194,26.29547715637391,0.0,-0.005592947379805552,-0.0016446255252088107,-0.001815320737514658,5.413532140629265,5.4175834091480235,5.417367936198692,5.412478827339573,9.201257947295378,3.415733978990527,0.0,0.7488644311295133,-3.3596667034076964,0.0
79.51779590159076,131.02972230075287,-503.6478717179836,1.5,0.4364642764179808,-0.49245967688567255,0.31408023243012184,0.6843507942928306,-79.54728653527145,-42.468476300402955,0.0,0.31503708789862744,-0.01062577050856896,-0.1055404142596563,-12.343699809399213,26.54091905350027,0.0,-0.0056547532186925755,-0.0016769167650370915,-0.0018706988547079093,5.400805591815058,5.404838879382431,5.404629472977148,5.399732785938404,9.253590370120405,3.1648948106955146,0.0,0.654447063523556,-3.365152885853197,0.0
79.59239045684554,125.06222648949912,-506.7417327692729,1.5,0.44503404513265554,-0.4882613659242177,0.31997785228850356,0.6790874106206942,-80.442270584247,-40.4800958114442,0.0,0.31461371625523993,-0.010750638310352736,-0.10568991389630712,-11.65169894932052,26.767637323994,0.0,-0.005692062793857765,-0.00167860202805312,-0.0018522836578119713,5.387980765918632,5.392018397411883,5.391801556005216,5.386909024362237,9.298883996547929,2.9137427383036543,0.0,0.5602981234301517,-3.3679384551914247,0.0
79.66698501210031,119.0298980200191,-509.68665806968323,1.5,0.4535328147670999,-0.48399368272479165,0.32581104105624337,0.67372491904172,-81.28551561291734,-38.47550225554091,0.0,0.3141879094845902,-0.010876647257925743,-0.10581675658480805,-10.956580194099208,26.975616467000222,0.0,-0.00576821849270927,-0.0016968267503373327,-0.0019494802755404968,5.3750886035460095,5.379100499218295,5.3788973962982185,5.37398574049879,9.33719048348924,2.6625020782500592,0.0,0.46651877088999005,-3.3680317825432797,0.0
79.74157956735509,112.93660453242045,-512.481490351596,1.5,0.46195948101668166,-0.47965767724039743,0.3315789375760705,0.6682644377183851,-82.07680849967778,-36.456093569459334,0.0,0.31375778990263686,-0.011003864901603768,-0.10596686597741342,-10.258865362558792,27.164855942976235,0.0,-0.005792261910464995,-0.0017147091174956328,-0.0018913591480273911,5.362089408162467,5.366112411484141,5.365894633121024,5.360998694807982,9.368510562708916,2.411353778754792,0.0,0.3731694518290234,-3.3654706643666175,0.0
79.81617412260985,106.78622811408799,-515.1251766137224,1.5,0.4703129618566141,-0.4752544120545451,0.33728069580342107,0.6627070951564559,-82.81597497720765,-34.42326717509775,0.0,0.313323674500595,-0.011132466317327195,-0.10609923712177285,-9.559073845109364,27.335370072500147,0.0,-0.005847148013390595,-0.0017483672104598063,-0.0019246769922309343,5.349019843541953,5.35302975796601,5.352814041887989,5.347915815006008,9.392876351590619,2.1604780823418817,0.0,0.2803381658759875,-3.3602421868993417,0.0
79.89076867786463,100.58266240888382,-517.6167680424526,1.5,0.47859219145299,-0.47078495871691683,0.3429154895353175,0.6570540342794411,-83.50287943071434,-32.37841890760194,0.0,0.31288594990750623,-0.011262649433149606,-0.10625241065933663,-8.857722148255494,27.487187857221926,0.0,-0.0058925221118343064,-0.0017504658298739496,-0.0019293230341309792,5.335859217223054,5.339867972507057,5.339649109055968,5.334749896987012,9.410345370511696,1.9100945544793304,0.0,0.188091398705752,-3.3524028753834343,0.0
79.9653632331194,94.32980974342269,-519.955419850938,1.5,0.48679612710839426,-0.4662504014387668,0.34848250715267887,0.6513064071533767,-84.13742463688256,-30.322941879344924,0.0,0.31244444532267257,-0.011394068962444754,-0.1063874893514259,-8.15532351589936,27.62035284970012,0.0,-0.005936415019010016,-0.0017626586738853577,-0.0019296953498315972,5.322615024271478,5.326621303731032,5.326398511222683,5.321501603140161,9.420954815572957,1.6603989714524634,0.0,0.09652026399897859,-3.341997687264513,0.0
80.03995778837418,88.03157827173762,-522.1403910360024,1.5,0.49492374247573906,-0.46165183278112276,0.353980957326196,0.6454653796092152,-84.71955152911501,-28.25822540476834,0.0,0.31199914461805445,-0.01152674514593055,-0.10654355558869608,-7.452387473628863,27.734922995804983,0.0,-0.005993350501957126,-0.0017873936008457787,-0.001967864204887186,5.309292708797734,5.313286868421752,5.313067082800054,5.308164678158426,9.424758296833488,1.411569486918845,0.0,0.005695417408845565,-3.329028120135105,0.0
80.11455234362896,81.69187913990102,-524.1710440560738,1.5,0.5029740338017498,-0.4569903563867404,0.35941006465204633,0.639532126571862,-85.24923890251026,-26.185653964590312,0.0,0.3115502216061415,-0.01166086745054448,-0.10668135127428535,-6.74941940858936,27.830970410400077,0.0,-0.00603864354494788,-0.0018094777479798205,-0.0019719407505363372,5.29588234431369,5.299871747121471,5.299648744968183,5.294749215660185,9.421823043901142,1.16380631795275,0.0,-0.08433941141513014,-3.313547958350312,0.0
80.18914689888373,75.31462367432037,-526.0468444301108,1.5,0.5109460151694671,-0.4522670850250397,0.3647690725517093,0.633507835070066,-85.72650307089462,-24.1066061237341,0.0,0.3110974239336805,-0.011796370661966933,-0.10683999945200567,-6.046920235457621,27.908581246746955,0.0,-0.006095733983346663,-0.0018251816007776743,-0.0020099381934711906,5.282392592349215,5.286371154144601,5.28615115583082,5.281244930253862,9.41219865706475,0.9172924698253135,0.0,-0.17348258995251292,-3.2955823480609046,0.0
80.26374145413851,68.90372059467096,-527.7673602579455,1.5,0.5188387231566982,-0.4474831417499075,0.3700572410533616,0.6273937005953548,-86.15139754926835,-22.022453501840904,0.0,0.3106409008663622,-0.011933429769109171,-0.10698097145441575,-5.345385923049363,27.967855444000048,0.0,-0.0061523611546331035,-0.001843142384107994,-0.0020465102476245837,5.2688203170856855,5.272787194399328,5.272569936298004,5.267658515793184,9.395965461314683,0.6722018532776677,0.0,-0.26166699277138444,-3.2751771439760065,0.0
80.33833600939329,62.4630732540167,-529.3322616646508,1.5,0.5266512116652969,-0.4426396569782785,0.3752738502754647,0.6211909308908611,-86.52401264569745,-19.93455977196171,0.0,0.3101807297616033,-0.012071792854557735,-0.10714177480466723,-4.645307138363678,28.00890652454586,0.0,-0.00619826445964809,-0.001864224500041837,-0.0020514873129390755,5.255160851774659,5.259123690791975,5.258903457411162,5.253993778095595,9.373196951527726,0.4287291778962533,0.0,-0.34884077374257544,-3.2523874640019876,0.0
80.41293056464806,55.99657690943264,-530.7413201689055,1.5,0.5343825580920356,-0.437737772081097,0.3804181960099164,0.6149007404817874,-86.84447504549254,-17.844279620978142,0.0,0.30971636371837424,-0.012211451984103021,-0.10728655752237148,-3.9471688878892075,28.031861397000018,0.0,-0.006263160187769354,-0.001907577560912092,-0.0021113997500261453,5.241428808611541,5.245370996052763,5.245157777145061,5.240241097511549,9.343950364720165,0.18704245453338733,0.0,-0.434912301932013,-3.2272021064232908,0.0
80.48752511990284,49.50811602300685,-531.9944079767647,1.5,0.5420318570036984,-0.43277863447809517,0.3854895948514238,0.6085243559576583,-87.11294741879942,-15.752957788031463,0.0,0.3092480178490796,-0.012353042520935045,-0.10745176381380084,-3.251450102505695,28.036860060960844,0.0,-0.0063008235889055976,-0.0019032062306836516,-0.0020921525942137675,5.22760001849567,5.231547384935474,5.231326834877972,5.226413859548561,9.308331077462983,-0.05268376997958851,0.0,-0.5198411526997427,-3.199725323084989,0.0
80.56211967515762,43.0015615966042,-533.0914972031651,1.5,0.5495982264760294,-0.42776340187403483,0.39048737945098866,0.6020630099591369,-87.32962790889641,-13.661928093755785,0.0,0.3087762511839906,-0.012495732887278451,-0.10759901074007,-2.558623318489214,28.024055423399975,0.0,-0.0063613876817941875,-0.0019340103283543733,-0.002139000860941727,5.213701900024738,5.21763335992817,5.217417484481506,5.2124987934115135,9.266426245764698,-0.29026459846121133,0.0,-0.6035507456497369,-3.1699705530809923,0.0
80.6367142304124,36.48076854329562,-534.0326590209996,1.5,0.5570808024019147,-0.4226932379974568,0.39541090278906416,0.5955179460788749,-87.49474965378153,-11.572512463820088,0.0,0.3083003842486933,-0.012640075985188355,-0.10776666922836829,-1.8691543102029609,27.99361299524082,0.0,-0.006404307393513554,-0.001943441010173414,-0.0021347251345146504,5.199713577754859,5.203644759446958,5.203424323672525,5.198507884226064,9.218321800467358,-0.5255448494378824,0.0,-0.6859849028855229,-3.1379973220863158,0.0
80.71130878566717,29.94957309571005,-534.8180627398528,1.5,0.5644787439352796,-0.4175693157319887,0.4002595345936137,0.588890413550154,-87.6085802792413,-9.48602001930173,0.0,0.30782072294397755,-0.012785977774600594,-0.10791774525129431,-1.1835017441092228,27.945710649499937,0.0,-0.006457142226214778,-0.001962738891735973,-0.00215896628437089,5.18564963840206,5.189571763273374,5.189351946431438,5.184433375582751,9.164117841512734,-0.758366078159543,0.0,-0.767085065086292,-3.103859051037084,0.0
80.78590334092195,23.411790253842465,-535.4479748168396,1.5,0.5717912283507943,-0.41239281353652246,0.4050326648707452,0.5821816717419258,-87.67142134866081,-7.403746170894722,0.0,0.3073372011505453,-0.012933328989489424,-0.10808818740344014,-0.5021168612107682,27.880538331540315,0.0,-0.006508214858069501,-0.001984753969358851,-0.0021777636034311415,5.171504431828176,5.175419134111027,5.175198992953782,5.17027916900784,9.103916618833306,-0.988559534992132,0.0,-0.846791360263135,-3.0676108053095708,0.0
80.86049789617671,16.87121127445529,-535.9227577999244,1.5,0.5790174562416542,-0.40716491849991066,0.4097297005668424,0.5753929848232517,-87.68360779621358,-5.3269717128866745,0.0,0.30684976705926786,-0.01308210444137725,-0.10824268831828385,0.17455685678561314,27.798297796599915,0.0,-0.006562265820927296,-0.0020208655861294897,-0.002205122189435016,5.157281944444636,5.161184479931224,5.160965568352083,5.156045284162708,9.037821935426535,-1.2159669604238104,0.0,-0.9250469326095855,-3.029270941299665,0.0
80.93509245143149,10.33160120348255,-536.2428692052341,1.5,0.5861566464498373,-0.4018868224481765,0.41435006904052657,0.5685256265563577,-87.64550734185805,-3.2569619567600596,0.0,0.30635842060607166,-0.013232683347582161,-0.10841634736455111,0.8460839881438013,27.699202273420642,0.0,-0.006612690228911252,-0.0020266070575449455,-0.002221755398407509,5.142975981488706,5.1468738690153195,5.146654294799582,5.141730981704502,8.965946138205204,-1.4404407375022434,0.0,-1.001800472914524,-2.988932872875449,0.0
81.00968700668626,3.796696453308416,-536.4088603305721,1.5,0.5932080412185351,-0.3965597253326219,0.41889321469053575,0.5615808746423022,-87.5575198735207,-1.1949658888589505,0.0,0.30586320980377524,-0.01338470841934829,-0.10857423667170794,1.5120374776306031,27.583476207399887,0.0,-0.006666434525612733,-0.0020544428988474033,-0.002247913453495532,5.128594328685841,5.132481479987294,5.132262971427775,5.127338321609354,8.888402931801775,-1.6618342577098297,0.0,-1.0769983900738127,-2.946634164238282,0.0
81.08428156194104,-2.72979757334052,-536.4213750067295,1.5,0.6001709011236477,-0.3911848312050607,0.4233586024603101,0.5545600156902317,-87.42007681438962,0.8577846549299564,0.0,0.3053640769723477,-0.013538484297911347,-0.10875095965291717,2.1719989173392755,27.45135492147306,0.0,-0.006717425938039755,-0.0020696814735023123,-0.002265911429364385,5.114131747530877,5.118012558132894,5.117793691221899,5.11286707534482,8.805309693887452,-1.8800065862146995,0.0,-1.1505930644959101,-2.9024520942854872,0.0
81.15887611719582,-9.244208811439758,-536.2811482885758,1.5,0.6070445102247214,-0.38576335175856585,0.4277457143681339,0.5474643393735522,-87.23364046766942,2.900075775819312,0.0,0.3048609679185345,-0.013693519055479643,-0.10891253852149704,2.825558829200591,27.303084325599862,0.0,-0.006766717259008454,-0.002112384397352834,-0.0022793452472873003,5.099592815373385,5.103463715375079,5.1032436750263175,5.098320769525905,8.716788227856167,-2.0948005220127737,0.0,-1.2225331236282426,-2.8563990086643343,0.0
81.2334706724506,-15.742900812048058,-535.9890050866913,1.5,0.6138281709754109,-0.3802965019700623,0.43205405308721817,0.5402951437105683,-86.99870334043575,4.9307123236558414,0.0,0.30435402520389576,-0.013850554366392969,-0.10909235419565141,3.4723169276702377,27.13892055514955,0.0,-0.00682291895233563,-0.002113285998829641,-0.00231169568624587,5.084975688026878,5.088838926476769,5.088621174456358,5.08369099953592,8.622964089951695,-2.3060963495415217,0.0,-1.2927745451421555,-2.808576811451621,0.0
81.30806522770537,-22.22227496945896,-535.5458587417916,1.5,0.6205212091953213,-0.37478550373975433,0.43628313860682705,0.533053729086188,-86.71578744585673,6.948518620030589,0.0,0.30384308335297117,-0.014009143543256435,-0.10925740218322433,4.111882381020578,26.959129677799833,0.0,-0.006874928060409005,-0.002138661788149032,-0.0023324979514693584,5.070282010518923,5.07413606905811,5.073918536065634,5.068987940010414,8.523963408030207,-2.513767007023067,0.0,-1.3612775711301162,-2.7590357968606063,0.0
81.38265978296015,-28.678772695845687,-534.9527095450238,1.5,0.6271229694111353,-0.3692315821076764,0.44043251126432964,0.5257414031942116,-86.38544359406364,8.952339180365344,0.0,0.3033281618560411,-0.014169324572554279,-0.10944074915642232,4.743874034473857,26.763987342685763,0.0,-0.006928787229017831,-0.002157772194425422,-0.0023580955416147267,5.055511703271613,5.059357060882851,5.059140660598768,5.054206951199123,8.419919036276413,-2.7176718979704337,0.0,-1.427993444832582,-2.7078141383173926,0.0
81.45725433821492,-35.108877542082375,-534.2106432041071,1.5,0.6336328191800784,-0.3636359676921377,0.44450172921171727,0.518359475833424,-86.00825065815535,10.941039448545693,0.0,0.3028095480750737,-0.014331495661394997,-0.10960879352540494,5.367920674200704,26.553778409499753,0.0,-0.006998559222398024,-0.002159923382922732,-0.0024277806034509563,5.040670822798673,5.044498964585758,5.044291628772723,5.039342972860999,8.310967285729625,-2.9177064809577153,0.0,-1.4928918591799218,-2.6550325184098598,0.0
81.5318488934697,-41.50911726314729,-533.3208292581448,1.5,0.6400501448805275,-0.35799989398992876,0.44849037085775006,0.510909263166654,-85.58481482199926,12.913506437927012,0.0,0.30228663319616966,-0.014494969664330724,-0.10979568371874543,5.983661210477436,26.328796670940786,0.0,-0.00703495662183133,-0.0022037722996763186,-0.0024050082331392554,5.025744076022513,5.029571155598193,5.029356334373552,5.024419250997992,8.197242144267536,-3.1137461208924107,0.0,-1.555935772987379,-2.60069711772683,0.0
81.60644344872448,-47.87606582727682,-532.2845194437748,1.5,0.6463743564871126,-0.3523246005738656,0.45239803157700764,0.5033920819118891,-85.11576882513664,14.868649390978991,0.0,0.30175988071357374,-0.014660255474896088,-0.10996799265979762,6.590744884630685,26.08934442879972,0.0,-0.007088581702693289,-0.002228722162477264,-0.00242996060399438,5.010748237367573,5.014565204469485,5.014351481464023,5.009412994083374,8.078886818195862,-3.305665683357365,0.0,-1.617070567775203,-2.544892425223143,0.0
81.68103800397925,-54.20634536758872,-531.1030460128677,1.5,0.6526048817977173,-0.3466113272932611,0.45622432843661703,0.4958092558518338,-84.60177117442672,16.805400423245935,0.0,0.3012290448583245,-0.01482719278429985,-0.11015820216979129,7.188831517247252,25.835732177434434,0.0,-0.0071417347008300835,-0.0022501487219308675,-0.0024533170062573783,4.995677309763882,4.999485704255611,4.999272849246324,4.994332154597891,7.956041348908032,-3.493365676446257,0.0,-1.6762871987795624,-2.487669011356052,0.0
81.75563255923403,-60.49662807489513,-529.7778200042665,1.5,0.6587411723690029,-0.34086131999069375,0.4599688951278273,0.4881621081925547,-84.04350535729914,18.722715114923606,0.0,0.30069455974294934,-0.014996252291023068,-0.11033364183794188,7.777591619820663,25.568278209399686,0.0,-0.007209785337189555,-0.0022618594953045606,-0.002517475593083146,4.98053814953409,4.984329215956829,4.9841245487638535,4.979171570528951,7.8288519201219025,-3.67676742097684,0.0,-1.7335433215731242,-2.429131601065901,0.0
81.83022711448879,-66.74363803103624,-528.3103294733307,1.5,0.664782698285444,-0.3350758255177679,0.463631385986454,0.4804519675703185,-83.44167903296189,20.619573042179155,0.0,0.3001558750023629,-0.015166851480046173,-0.11052696513748808,8.35670659985067,25.287308306739263,0.0,-0.00724785991909216,-0.0022980832760317437,-0.0024997145477753933,4.965315734867002,4.969105578065629,4.9688945042233765,4.963950946618112,7.697465606183772,-3.855753548055353,0.0,-1.7888089894845367,-2.369307413339921,0.0
81.90482166974357,-72.94415298150162,-526.7021376803546,1.5,0.6707289522609935,-0.329256094349855,0.46721147340762953,0.47268016252918965,-82.7970232129742,22.494978346904094,0.0,0.2996130745154784,-0.015339131278162783,-0.1107071128234969,8.925868935910513,24.993155308299723,0.0,-0.0073005075429166235,-0.002325644280246702,-0.0025218544194559682,4.950026239747436,4.953806224746095,4.9535958982812405,4.94865198047363,7.5620302020619246,-4.030212299948867,0.0,-1.8420752077417168,-2.3082765178396127,0.0
81.97941622499835,-79.09500604648605,-524.9548812375759,1.5,0.676579446173031,-0.32340337838157984,0.4707088494164579,0.46484802564774835,-82.11029143153553,24.347960288505814,0.0,0.2990662495240932,-0.015513395550961187,-0.11090433000967666,9.484782265935383,24.68615878896536,0.0,-0.007355538364309305,-0.0023465296881912184,-0.002550187999641012,4.934665014389349,4.938435287116917,4.938226877659428,4.933279595085899,7.422693224364109,-4.200087231611936,0.0,-1.8933034177340882,-2.246104493414695,0.0
82.05401078025312,-85.19308737018592,-523.0702682198022,1.5,0.682333714552867,-0.3175189330558805,0.4741232238319187,0.45695688829338194,-81.38225892002492,26.17757366209085,0.0,0.2985157084740974,-0.015689399037440988,-0.11108761892544027,10.033161565800494,24.36666465299971,0.0,-0.007413222622380374,-0.002374080672198655,-0.0025858921004807993,4.919234497162961,4.922991737182586,4.922786576512424,4.9178358478310695,7.2796216594002185,-4.365280093216517,0.0,-1.9424670213130668,-2.182861591575446,0.0
82.1286053355079,-91.23534570666713,-521.0500762405031,1.5,0.6879913101795423,-0.31160401287932127,0.47745432725100434,0.4490080864129637,-80.61372173051748,27.982899301089287,0.0,0.29796120466575954,-0.015867154047377787,-0.1112874889724531,10.57073327315324,24.035024780842583,0.0,-0.007463229107753324,-0.0023964759404889887,-0.002600750368678838,4.90372985676568,4.907480211580022,4.907274648815236,4.902323947676918,7.132964128371162,-4.525712275880049,0.0,-1.9895631229836583,-2.1186225587747836,0.0
82.20319989076268,-97.21878994126061,-518.8961504932499,1.5,0.6935518089768002,-0.3056598768200547,0.4807019070605263,0.44100295295579384,-79.80549587994865,29.763044512877805,0.0,0.29740217315335427,-0.016046920852186577,-0.11147593666553232,11.097235352800475,23.69159665069968,0.0,-0.007501035889619848,-0.0024343104237092013,-0.002583347335781554,4.8881522177531815,4.891900365696156,4.891688697066253,4.8867482349683335,6.982853337404161,-4.681330744064659,0.0,-2.034555339828053,-2.053426750469156,0.0
82.27779444601745,-103.1404905490755,-516.6104017631748,1.5,0.6990148048662687,-0.2996877817153269,0.48386573156601076,0.4329428251910501,-78.9584165267486,31.517143439820583,0.0,0.2968393517321335,-0.016228762532250134,-0.11168017443077466,11.612417441173186,23.33674294129595,0.0,-0.007570824815353279,-0.0024466673084838782,-0.002651033557586614,4.872515436452635,4.8762459178308575,4.876043334946855,4.871089299619005,6.829465911156285,-4.8320495539457315,0.0,-2.0774462593207272,-1.9873664643680578,0.0
82.35238900127223,-108.99758098888222,-514.1948044094852,1.5,0.7043799145349662,-0.29368898805054666,0.48694558604473503,0.42482903682435497,-78.07333706477658,33.24435747375835,0.0,0.296272912787909,-0.01641227784671873,-0.11187089372472805,12.116040888000567,22.970831175999574,0.0,-0.007641098610334399,-0.0024724850416257436,-0.0027200338119924986,4.856811732908268,4.860521684665198,4.860328427803656,4.855363075825834,6.67297399776532,-4.977805008486068,0.0,-2.1182124303265177,-1.9205150270696187,0.0
82.426983556527,-114.78725903037575,-511.65139432017554,1.5,0.7096467728894972,-0.2876647543644124,0.4899412760974909,0.41666292467646665,-77.1511282331891,34.94387559250513,0.0,0.29570232472854885,-0.016597540724753394,-0.11207804983530971,12.607878853321058,22.594233342050682,0.0,-0.0076793846678052165,-0.002498482306311127,-0.0027041547008414195,4.841027992564775,4.8447375679112445,4.84453864945144,4.839581002704609,6.513526720646134,-5.1185408006671524,0.0,-2.1568482840976038,-1.8529094251238059,0.0
82.50157811178178,-120.50678801533967,-508.9822668419489,1.5,0.7148150369886042,-0.28161634130279267,0.4928526247592993,0.408445821956938,-76.1926772328403,36.614914688096675,0.0,0.2951274474301229,-0.016785310308072555,-0.11227379774962987,13.08771635420054,22.20732548799955,0.0,-0.007755390584506578,-0.0025063305428756795,-0.0027879137143811913,4.825190486347992,4.828878680839882,4.828691783381092,4.82371685948259,6.351248811335413,-5.254224740885751,0.0,-2.193345991944003,-1.7846701865326966,0.0
82.57617266703656,-126.15349805475172,-506.1895746883346,1.5,0.7198843823003565,-0.27554500776506496,0.49567947477687546,0.4001790637960779,-75.19888690414453,38.256719817140805,0.0,0.29454802138298564,-0.016974594972386133,-0.11248670525380289,13.555350305938672,21.810487386853662,0.0,-0.007786635956421278,-0.0025510484753283897,-0.002753920761359446,4.809272322622018,4.812961706237785,4.812766062033305,4.807805638066169,6.186332424951942,-5.3847873839462554,0.0,-2.2276907869541476,-1.7158280763522658,0.0
82.65076722229134,-131.72478715985707,-503.27552582699263,1.5,0.7248545059482814,-0.26945201390469514,0.4984216865756058,0.39186398119794763,-74.17067477969522,39.868564510460416,0.0,0.2939651579656301,-0.01716577552389962,-0.11268629595135846,14.010589580500511,21.404102132799533,0.0,-0.007816366977036462,-0.002591645167272657,-0.002716803766519649,4.793288316588568,4.796979549795495,4.796774661361735,4.791829518724134,6.018954101107008,-5.510192829331141,0.0,-2.259898739115637,-1.6464344022804913,0.0
82.72536177754611,-137.21812230432536,-500.2423813477126,1.5,0.729725123422615,-0.2633386174008947,0.5010791399607505,0.3835019065499273,-73.1089721700581,41.44975098564952,0.0,0.2933784714392281,-0.01735930485846568,-0.1129008417965939,14.45325498564375,20.988555759676792,0.0,-0.00789572080772648,-0.00260484055886272,-0.00280894288173727,4.777255870138373,4.780923526283041,4.780732289232286,4.775768197911458,5.8492418527051,-5.6304084164302015,0.0,-2.2899502722713674,-1.5765828567082274,0.0
82.79995633280087,-142.6310404212909,-497.0924533148531,1.5,0.7344959715603516,-0.2572060766885466,0.5036517323231474,0.37509416738199675,-72.01472333915399,42.99961034599979,0.0,0.29278762066784336,-0.017554687724756612,-0.11310431589375299,14.883179318600384,20.56423687959961,0.0,-0.007970404644498464,-0.0026304383183285277,-0.002888815408311119,4.761159005110014,4.764803600325602,4.764623858251399,4.7596459636166175,5.677372159074243,-5.745392788270151,0.0,-2.3178478303319316,-1.5063459900124767,0.0
82.87455088805565,-147.96114933451787,-493.82810260485337,1.5,0.7391668053132866,-0.2510556472660263,0.5061393803529154,0.3666420919026529,-70.88888456861581,44.51750278619503,0.0,0.2921928410141291,-0.017752085090699986,-0.11332272001271373,15.300207336006375,20.131536324623966,0.0,-0.008004730182721687,-0.002659768814300857,-0.0028641723081492382,4.7449841794326595,4.748629824803138,4.748443247247336,4.743475676196201,5.503508827974269,-5.855134702755085,0.0,-2.3436007921780124,-1.4357573995236115,0.0
82.94914544331043,-153.20612862133032,-490.4517367320649,1.5,0.7437374007549569,-0.24488858483248846,0.5085420180591336,0.3581470027870481,-69.73242325370133,46.002817695978734,0.0,0.2915937301727117,-0.0179517205588145,-0.11353081492248386,15.704195752700363,19.690846743299595,0.0,-0.008098293036640255,-0.0026756124037060737,-0.002992293183428004,4.728768284076883,4.732381102298505,4.732214587023654,4.727220710409708,5.327786159440189,-5.959588018169043,0.0,-2.367204148881203,-1.3649372105368578,0.0
83.0237399985652,-158.36373041043387,-486.96580766409096,1.5,0.7482075517644843,-0.2387061413427789,0.5108595987008753,0.34961022293837285,-68.5463170702351,47.45497383897542,0.0,0.29098992797975975,-0.018153065967146654,-0.1137554904076565,16.09501321536383,19.242562271307474,0.0,-0.008113012906740862,-0.002715304479040967,-0.0029178787939961085,4.712463459587132,4.716087388485455,4.715905428486934,4.7109347862991005,5.150391756232442,-6.058747770285741,0.0,-2.38866623922928,-1.2939054457678383,0.0
83.09833455381998,-163.43178011318818,-483.3728096279727,1.5,0.7525770731328415,-0.23250956891151864,0.51309209250591,0.34103306872984096,-67.33155302276008,48.87341942616287,0.0,0.2903825981134984,-0.018356812572830814,-0.11396812194486794,16.472540258800336,18.787078142199583,0.0,-0.008137441557236764,-0.002746268760179426,-0.0028694084485729812,4.696101493116921,4.699731190067281,4.699538419637153,4.694584380325943,4.971475189688812,-6.152620743128881,0.0,-2.4080114421556553,-1.2227321511556777,0.0
83.17292910907476,-168.40817708770282,-479.67527691194715,1.5,0.7568457971140521,-0.22630011484700405,0.5152394889004641,0.3324168565049262,-66.0891265892741,50.257632149831416,0.0,0.2897715441908321,-0.018562662155670786,-0.1141945695159937,16.83666927142781,18.32479033926182,0.0,-0.008222276588893828,-0.0027724067530270928,-0.002974770619945547,4.679701311114757,4.683302428365135,4.68312588704349,4.678151798737778,4.791192511602051,-6.241173496820087,0.0,-2.4252412908303973,-1.151492634673491,0.0
83.24752366432953,-173.2908952380251,-475.8757816624676,1.5,0.76101357643319,-0.2200790260566423,0.5173017942188737,0.3237628954532303,-64.82004084232915,51.607119280523115,0.0,0.2891564360429202,-0.018770462777382656,-0.11441067078718041,17.18730443270039,17.856095236599465,0.0,-0.008298386853368905,-0.0028150934785380567,-0.0030578665039464963,4.663240633761454,4.666815441510314,4.666651242082188,4.6616651113315335,4.609709420205583,-6.324410638842242,0.0,-2.440345327177215,-1.0802446948607505,0.0
83.32211821958431,-178.0779835473903,-471.9769316782546,1.5,0.7650802812437419,-0.21384754458711455,0.5192790334381434,0.3150724938131011,-63.52530555805668,52.92141765443977,0.0,0.28853692205695913,-0.01898059985734219,-0.11464202886886146,17.524361631023563,17.381389251199163,0.0,-0.008331372589841653,-0.0028303335312727202,-0.0030318881564039123,4.646704242057702,4.650282306367052,4.650111468115345,4.645134070810758,4.427179678293618,-6.402333537543064,0.0,-2.453369955119882,-1.0090493724333605,0.0
83.39671277483909,-182.7675665457849,-467.9813682047234,1.5,0.7690458016443612,-0.20760691132165243,0.5211712484552099,0.30634695220991387,-62.20593634349569,54.20009367247303,0.0,0.2879135535630046,-0.019192965203286647,-0.11486287206428515,17.847768408900357,16.90106849469945,0.0,-0.008408295571801956,-0.002858262819445387,-0.0031168807073783666,4.630127992165355,4.633681378543157,4.6335233178817505,4.628531371177492,4.2437454317380405,-6.47495316469608,0.0,-2.4643121704482174,-0.937976585799614,0.0
83.47130733009386,-187.35784471347944,-463.8917637299961,1.5,0.7729100448489695,-0.20135836150287179,0.5229784996147635,0.29758756991032664,-60.86295379689218,55.442743259351516,0.0,0.2872858358028721,-0.01940754824220775,-0.11509853777767651,18.15746385113738,16.415528426308555,0.0,-0.008439791680432239,-0.0028894642616232686,-0.0030880216785763733,4.613479339607912,4.617034351234069,4.616869309092787,4.611889056691928,4.059571684283777,-6.5422827081787425,0.0,-2.473201145842513,-0.8670876806259292,0.0
83.54590188534864,-191.84709482052185,-459.7108197850712,1.5,0.776672937732945,-0.19510312920691203,0.5247008637843648,0.2887956376244099,-59.497382632081646,56.64899178952735,0.0,0.2866538770815652,-0.01962400101273349,-0.11532499107787514,18.45339849600033,15.925163528399441,0.0,-0.008466716499012464,-0.0029352745563948077,-0.0030486807074000485,4.596775369370339,4.6003318746745565,4.6001580978548695,4.5951945091472615,3.8748217187672047,-6.604317614876669,0.0,-2.4800478505917383,-0.7964155988057603,0.0
83.62049644060342,-196.23367020155396,-455.44126474872957,1.5,0.7803344238539164,-0.18884244186136903,0.5263384362133847,0.27997244447420305,-58.11025081409888,57.81849403930536,0.0,0.28601834178627844,-0.019842930535400368,-0.1155640605674691,18.735534228065788,15.430366957740585,0.0,-0.008549494017823575,-0.002949275956497437,-0.003148165813647761,4.580034773756941,4.583565645798924,4.583407362064688,4.578423490416433,3.6896364304174742,-6.661091933073944,0.0,-2.4848785350644556,-0.7260499723903756,0.0
83.6950909958582,-200.5160009675128,-451.085851659251,1.5,0.7838944660167141,-0.18257752539466462,0.5278913284245395,0.2711192703282198,-56.702588731476595,58.95093405486187,0.0,0.28537857351126505,-0.020064226418243666,-0.11579424077024497,19.0038441543003,14.931530240099434,0.0,-0.008597402540208448,-0.0029809824018132624,-0.0031615632351615804,4.563230132048172,4.566752262287846,4.566594564805373,4.561613251534114,3.504154385721739,-6.712644904615156,0.0,-2.4877164130904315,-0.6560338200164798,0.0
83.76968555111296,-204.69259415565503,-446.6473560365277,1.5,0.7873530434727136,-0.17630959870386861,0.5293596699184275,0.2622373928389874,-55.27542837544254,60.04602499807613,0.0,0.28473490581715777,-0.02028796086230346,-0.11603757467117429,19.258312473369692,14.429042928957262,0.0,-0.008657778371508155,-0.0030107477893386468,-0.0032057471135419954,4.546377393915109,4.549884376325398,4.549732698678012,4.544746140676884,3.3185284376028323,-6.758994368481642,0.0,-2.4885882487725737,-0.5864436164057737,0.0
83.84428010636773,-208.76203381836723,-442.12857371545186,1.5,0.7907101541935684,-0.17003987868152648,0.5307436063362531,0.2533280798615578,-53.82980252226968,61.10350899590914,0.0,0.284086339777308,-0.020513313752119323,-0.11627398123910074,19.498934347800212,13.923292318399538,0.0,-0.00865542116659955,-0.0030651746438596873,-0.0030969433118747947,4.529453369335788,4.5329766179442315,4.532804548990688,4.527851941930637,3.1329330513037164,-6.800145108667685,0.0,-2.487508626487625,-0.5172860448307621,0.0
83.91887466162251,-212.72298104949542,-437.5323186902966,1.5,0.7939658122907471,-0.16376957462537534,0.5320433009545142,0.24439259655305026,-52.366743866840295,62.12315700722667,0.0,0.2834347799711212,-0.020741440109300926,-0.11652106140415223,19.725715744629674,13.414663105554613,0.0,-0.008767998784364961,-0.0030725902038713543,-0.00326900504680908,4.512516223304594,4.515997906530591,4.515854099231893,4.510863644445856,2.9474847716171815,-6.83616078505961,0.0,-2.484523131925753,-0.44866198582540273,0.0
83.99346921687729,-216.57417395039863,-432.86142097336773,1.5,0.7971200500271547,-0.15749989309958276,0.5332589330773516,0.23543219790744643,-50.88728427244445,63.10476857309928,0.0,0.28277891782756237,-0.020971905738619675,-0.11676009788693167,19.938673300500188,12.903537117799532,0.0,-0.008834819137078467,-0.003115108425728745,-0.0033295129172562286,4.49551656906931,4.498977027590759,4.4988422405174955,4.493845083726567,2.762316974988547,-6.867094769738027,0.0,-2.4796404501859706,-0.38060829860177586,0.0
84.06806377213206,-220.31442753851846,-428.1187244714289,1.5,0.800172915556127,-0.1512320330352675,0.5343906991726538,0.22644813541336384,-49.39245399083113,64.04817157983217,0.0,0.2821190334107873,-0.021204842764272498,-0.11701206910433831,20.137834134351355,12.39029300260188,0.0,-0.00887654330589718,-0.0031359378379205117,-0.003329322682402275,4.478458309304077,4.481915022806623,4.481778893102871,4.476785569131551,2.5775906738694325,-6.892975657476596,0.0,-2.4729021015796375,-0.31317684017841235,0.0
84.14265832738684,-223.94263359647925,-423.3070848795385,1.5,0.8031244747118704,-0.14496719026997862,0.5354388114328335,0.2174416498176113,-47.88328084124048,64.9532220306564,0.0,0.28145442430854617,-0.0214400374971414,-0.11725734004643784,20.3232356929002,11.875305956699414,0.0,-0.008916402856621732,-0.0031616523011365463,-0.00332530879267483,4.461353016651718,4.464805784589918,4.464667727296852,4.459680201454366,2.393431418019676,-6.913833995799371,0.0,-2.4643514234770927,-0.2464164847284383,0.0
84.21725288264162,-227.45776046346236,-418.429367592759,1.5,0.8059748087170894,-0.13870655208468005,0.5364034990776996,0.20841397817668436,-46.36078948213483,65.81980380345209,0.0,0.28078603850638634,-0.021677437784563068,-0.1175146932986898,20.494925572962533,11.35894742954812,0.0,-0.008986027999551609,-0.0031999499834591324,-0.003392913483512677,4.444212840372137,4.447643726758663,4.447516149757496,4.442519303301684,2.209980388177948,-6.929740596780451,0.0,-2.4540096291169315,-0.18037515624656408,0.0
84.2918474378964,-230.8588527705838,-413.48844563875036,1.5,0.8087240159191453,-0.13245130195797214,0.5372850068387873,0.19936634648679394,-44.82600064059685,66.6478283321137,0.0,0.28011405654637,-0.021917426031165387,-0.11776297843680546,20.65296133400017,10.841584862799412,0.0,-0.009054329121414167,-0.0032377203080477877,-0.0034575748867304934,4.427027587719787,4.43043687858136,4.430319322173467,4.425314227518044,2.027364250050983,-6.94076336535106,0.0,-2.4419029868541635,-0.11510516387154042,0.0
84.36644199315117,-234.14503112054928,-408.48719763420024,1.5,0.8113722098391591,-0.12620261523376008,0.538083595868918,0.19029997600014098,-43.27993038752807,67.43723427744969,0.0,0.27943733929111186,-0.022159938639854347,-0.1180253904019383,20.797410295452075,10.32358143457518,0.0,-0.009094449133849807,-0.0032651117874903284,-0.0034552592724010683,4.409787890549998,4.413192941962311,4.413074038578688,4.4080742521176,1.8457102311967966,-6.946937683878096,0.0,-2.4280766642173437,-0.05064850949903275,0.0
84.44103654840595,-237.31549171363432,-403.42850576405823,1.5,0.8139195205582274,-0.11996166288860508,0.5387995425918137,0.18121607653328772,-41.72358942764983,68.18798725044343,0.0,0.2787569478806344,-0.022404758927592916,-0.11827926187961396,20.928349344800143,9.80529579328941,0.0,-0.009135696951378895,-0.0032961728289379057,-0.003456469481127481,4.39250654189551,4.395905572878313,4.395786006217508,4.3907916816280546,1.6651628105662952,-6.948340660651899,0.0,-2.4125767453842974,0.01295353274780469,0.0
84.51563110366072,-240.36950591966715,-398.31525378569535,1.5,0.8163660927558279,-0.11372960652342493,0.5394331397515193,0.17211585323969383,-40.15798235691347,68.90007942239303,0.0,0.2780726494063554,-0.022651959945210798,-0.1185450555428883,21.045864743945764,9.287081809117625,0.0,-0.009203192993429709,-0.003331527315998795,-0.003519718254149911,4.375192809718427,4.3785712509893635,4.378461721263944,4.373458794644964,1.4858321140977016,-6.945029572940681,0.0,-2.3954264338911453,0.07564419841929722,0.0
84.5902256589155,-243.30641979763368,-393.1503250601417,1.5,0.8187120872354907,-0.10750760373980887,0.5399846948930562,0.16300049887617954,-38.58410699900781,69.57352918574854,0.0,0.2773837067999476,-0.02290179657616822,-0.1188049307498822,21.15005189430011,8.76928835358941,0.0,-0.009226546348289323,-0.0033692722889722814,-0.0034800773031407606,4.357824079723281,4.361204975353395,4.361088025199504,4.356100940044891,1.3078310331227483,-6.937077448770939,0.0,-2.3766726851930495,0.13741085386219518,0.0
84.66482021417028,-246.12565356556382,-387.9366006106356,1.5,0.8209576789686897,-0.10129680184188747,0.5404545315271728,0.15387120143383418,-37.00295374363711,70.20838076463552,0.0,0.27669188385691107,-0.02315417433165066,-0.11907410145294693,21.24101513704278,8.252259035576714,0.0,-0.009311563095600254,-0.0033990736237991246,-0.0035847010448136546,4.340436440839466,4.343787886970859,4.343688179310296,4.338682255773629,1.131294817996818,-6.924565626197305,0.0,-2.356359579684209,0.19817286542714607,0.0
84.73941476942504,-248.8267010199656,-382.67695721146197,1.5,0.8231030584497314,-0.09509834440611206,0.5408429877107515,0.14472913565009082,-35.415504850727956,70.80470378526873,0.0,0.2759943738272216,-0.023408777204885364,-0.1193401018824184,21.318867526000062,7.736332036889531,0.0,-0.009318013585111709,-0.0034541570444293034,-0.0035073359136528113,4.322986146890767,4.326346293132835,4.326232987754054,4.321254071090325,0.9563268383937614,-6.907535531288131,0.0,-2.334507353466792,0.25794224123791937,0.0
84.81400932467982,-251.4091289066078,-377.37426550597684,1.5,0.8251484299235206,-0.08891336368537905,0.5411504170584304,0.13557547149240287,-33.822733840791685,71.36259293061836,0.0,0.27529390264903586,-0.02366637331610977,-0.11961537146040828,21.38373059173404,7.221839821507148,0.0,-0.00942033805281741,-0.003466630158979146,-0.0036519255993746505,4.305528232322432,4.308852142645166,4.308763002071265,4.303753587625767,0.7830430685114605,-6.886095083060336,0.0,-2.311177783409791,0.31664007540222966,0.0
84.88860387993459,-253.87257624478258,-372.0313881559863,1.5,0.8270940125296614,-0.08274298748360864,0.5413771874863701,0.1264113655065058,-32.225604861725145,71.88216744640344,0.0,0.2745892870935069,-0.02392628453774494,-0.1198842234154426,21.435734115500043,6.7091090014495345,0.0,-0.00947040873036905,-0.0035011205859297296,-0.003676354392451107,4.2880188652528135,4.291330781354996,4.2912455035446895,4.286236808492168,0.6115598009610498,-6.860323282861025,0.0,-2.2864120122524167,0.3742480048629632,0.0
84.96319843518937,-256.21675360504946,-366.6511780253721,1.5,0.8289400387702124,-0.07658833318964073,0.5415236819837972,0.11723796822524124,-30.625072070792495,72.36357070796487,0.0,0.2738805389265553,-0.024188691952843774,-0.12016484020251714,21.47501589543747,6.19846010722461,0.0,-0.009528921909229522,-0.0035357571127266983,-0.0037203358979896986,4.27047774000566,4.273773460940112,4.273695466533166,4.268682667491972,0.44197716909551243,-6.830290833721964,0.0,-2.2602526567714714,0.4307339992875574,0.0
85.03779299044415,-258.44144234226206,-361.2364763964362,1.5,0.8306867553260039,-0.07045051198966308,0.5415902977028768,0.10805641730346034,-29.022079052915377,72.8069697823519,0.0,0.2731679593509414,-0.024453795111655668,-0.12043865626828637,21.501721501200024,5.690207401329425,0.0,-0.009600667456851291,-0.0035754076554131336,-0.0037948068550907005,4.252908416010241,4.256179812420599,4.256114309331396,4.251091463603327,0.27438909273174517,-6.796091899274959,0.0,-2.2327307768374918,0.4860538605889183,0.0
85.11238754569892,-260.54649378581934,-355.79011122126497,1.5,0.8323344219057605,-0.06433062525782704,0.5415774462725536,0.09886784337508406,-27.417558258600156,73.21255492684534,0.0,0.2724506071331064,-0.024721714373167624,-0.120725467998159,21.51600401956892,5.184658720904865,0.0,-0.00963647688131143,-0.0036054728812835433,-0.003787934620342174,4.235294310559475,4.2385618735849615,4.238495286484135,4.23347944594159,0.10889447621532782,-6.757802798214129,0.0,-2.2039087956487893,0.540195102645436,0.0
85.1869821009537,-262.53182838878143,-350.31489540873537,1.5,0.8338833116798792,-0.0582297673310818,0.5414855533210456,0.08967336417781215,-25.812430467587177,73.5805391355508,0.0,0.2717302451808867,-0.02499180887860585,-0.12100395781963805,21.518023828499995,4.6821152822494305,0.0,-0.009709181023145975,-0.0036493080297119607,-0.003865030735260805,4.217662993204081,4.2209049686727536,4.220851486718873,4.2158256509108725,-0.054378295339244355,-6.71553157563635,0.0,-2.1738187483616653,0.593111331384666,0.0
85.26157665620848,-264.3974348350976,-344.8136251486244,1.5,0.8353337103930532,-0.052149022273842785,0.5413150585116484,0.08047409014948705,-24.20760419349616,73.91115759618427,0.0,0.27100528507490806,-0.025264608707785515,-0.12129483622211709,21.50794831585648,4.182871544025212,0.0,-0.00974413570926961,-0.003676290644272493,-0.0038575607374281766,4.199988414700176,4.203227040371708,4.203172598827597,4.198153560508045,-0.21536246455653632,-6.669352250244861,0.0,-2.1425187606970257,0.6447838860505858,0.0
85.33617121146325,-266.14336910717356,-339.2890782734033,1.5,0.8366859166733479,-0.04608946748406355,0.5410664151079889,0.0712711180612762,-22.603975212535378,74.2046672229827,0.0,0.27027618092358346,-0.025540300722531623,-0.12158027691104704,21.485951649699967,3.6872150516294386,0.0,-0.009775208241396363,-0.0037186896805019936,-0.003842473125078275,4.182285779826049,4.185520294654829,4.185463737162826,4.18045577319942,-0.3739890531450999,-6.619367634642292,0.0,-2.1100401510464457,0.6951980140535414,0.0
85.41076576671803,-267.7697535179,-333.74401265805454,1.5,0.8379402411139866,-0.04005216872149932,0.5407400901811419,0.06206553772770704,-21.00242609479192,74.46134610701357,0.0,0.26954345893683473,-0.02581879499354081,-0.12187570921827161,21.452214511255235,3.1954262794247503,0.0,-0.009850928418444331,-0.003747519357320214,-0.0039269363731945775,4.164569803366468,4.167779412731356,4.167737505472336,4.1627154639352275,-0.5301493307821614,-6.565669344961011,0.0,-2.07643406428847,0.7443112350485068,0.0
85.4853603219728,-269.2767757062052,-328.1811646595693,1.5,0.8390970066891139,-0.03403818543192771,0.5403365638643745,0.05285842458030581,-19.403825693833124,74.68149299943443,0.0,0.2688064926624819,-0.026099691776369102,-0.12216625492442924,21.406923820799943,2.707778528749448,0.0,-0.009889902835344865,-0.0037728284915784505,-0.00393063236503773,4.1468162595749645,4.150019779631402,4.149979127387173,4.14496146931613,-0.6837447743432682,-6.508356624941683,0.0,-2.04176648331744,0.7921177140397787,0.0
85.55995487722758,-270.6646875959463,-322.6032475960232,1.5,0.8401565477314629,-0.028048565013253902,0.5398563298453519,0.04365084684807393,-17.809028662647805,74.8654267701803,0.0,0.2680662661238585,-0.02638321088825221,-0.12246583003717201,21.350272512988322,2.224537775687973,0.0,-0.009958050673796272,-0.003819963203747858,-0.0039989652044905505,4.129049399757167,4.132229052989951,4.132200548398598,4.127175218917611,-0.8347239524255076,-6.447537811679328,0.0,-2.0060618839472597,0.838583246300625,0.0
85.63454943248236,-271.9338043223806,-317.01295026730884,1.5,0.8411192102892578,-0.022084347825034645,0.5392998945690692,0.034443858397528095,-16.218875073712017,75.01348582605554,0.0,0.26732086920014736,-0.02666950484359499,-0.1227628662221045,21.28245923619992,1.745962577989459,0.0,-0.009992466805133172,-0.0038585600986210254,-0.003993950269685934,4.111248295760505,4.114421967537159,4.114393517196271,4.10937648375671,-0.9830029050654869,-6.383282409134176,0.0,-1.9693746921813524,0.8837004515999106,0.0
85.70914398773712,-273.0845031275633,-311.4129355160998,1.5,0.8419853513601516,-0.016146562501355967,0.5386677774557452,0.02523850520929214,-14.634189971410239,75.12602762105676,0.0,0.26657208122133025,-0.0269584905628316,-0.12306903664212009,21.203688108245387,1.272303961471287,0.0,-0.010065179403458198,-0.003892334807206374,-0.004072722490945885,4.09343752225184,4.096586781746618,4.0965724109382,4.091543433370702,-1.1285070245129045,-6.315719671559399,0.0,-1.931749777413384,0.9274545265864774,0.0
85.7837385429919,-274.11722222431894,-305.80583883047086,1.5,0.842755338932105,-0.010236229865475255,0.5379605104548896,0.01603581899027847,-13.055782970339129,75.20342803074826,0.0,0.26581982323707587,-0.02725036860323018,-0.1233692869832597,21.11416844199991,0.8038053252565763,0.0,-0.010156438656940128,-0.003922629619001883,-0.0041916782198729305,4.075612415092916,4.078728133381368,4.078734545005243,4.07368420599995,-1.2711774225497383,-6.2449522600132825,0.0,-1.8932453798263058,0.9698023432714276,0.0
85.85833309824667,-275.03245963173225,-300.19426699036353,1.5,0.8434295514074319,-0.004354359028470413,0.5371786380896213,0.006836823113790804,-11.48444789639954,75.24608079340952,0.0,0.26506273584110823,-0.027544826152919418,-0.12368161566454072,21.014114491784007,0.340702360542275,0.0,-0.01016985923862942,-0.003965606135326787,-0.004143258982585906,4.057744364751245,4.060863677776184,4.060863371842673,4.055831785441178,-1.4109425145605288,-6.171073526103915,0.0,-1.8538889107080765,1.0107413825447673,0.0
85.93292765350145,-275.83077198336207,-294.58079675605484,1.5,0.8440083775408079,0.0014980495805759348,0.536322717035942,-0.002357473132842023,-9.920962415181027,75.25439694848419,0.0,0.26430158279963856,-0.027842237946031384,-0.12398961750417795,20.903745168599865,-0.11677704488051681,0.0,-0.010169366893734256,-0.003983115051580488,-0.004066678930329588,4.039852968392872,4.042985676564545,4.042974182788268,4.037964545879545,-1.5477392491273039,-6.094192983728411,0.0,-1.8137610504782629,1.0503053631547217,0.0
86.00752220875623,-276.512773309151,-288.96797359997043,1.5,0.8444922159505115,0.007320007082508319,0.5353933161507896,-0.011546069303769144,-8.366087696526325,75.22880423752044,0.0,0.26353750305815876,-0.02814184657669616,-0.12430545191737953,20.783283796369485,-0.5684128483626365,0.0,-0.010276966695304101,-0.004039380509254709,-0.004221013669923874,4.021982428461902,4.0250699369122716,4.025085352482798,4.020049683877104,-1.6815068833505413,-6.014415334742586,0.0,-1.7728730678958227,1.088438961186837,0.0
86.082116764011,-277.07913379237016,-283.35831048240004,1.5,0.8448814749500364,0.013110532654901268,0.5343910160872081,-0.020727979762566927,-6.820568077466028,75.16974652278131,0.0,0.26276907754453804,-0.028444889105206036,-0.12461788629281342,20.652957819699843,-1.013992916820503,0.0,-0.010340262202774507,-0.004059759927033033,-0.00428122469143342,4.0040808249993765,4.007149658442819,4.007176601681982,4.00213181838098,-1.8122164082124013,-5.931847087092404,0.0,-1.7313044058850116,1.125116989110572,0.0
86.15671131926578,-277.5305785043572,-277.754286671072,1.5,0.8451765721694727,0.018868659185154343,0.533316409267595,-0.029902226711965907,-5.285130809000974,75.07768319426339,0.0,0.26199666280636214,-0.028750473934754727,-0.12494025707473694,20.51299856628982,-1.453313118906162,0.0,-0.010380899349236998,-0.004113849352147635,-0.00429413716625113,3.986161162026917,3.989217697974202,3.9892485703063607,3.9842101248977544,-1.9398029138278832,-5.846597516622458,0.0,-1.689083276373394,1.160363708551763,0.0
86.23130587452056,-277.86788611854877,-272.1583466053928,1.5,0.8453779342382132,0.02459342697047106,0.5321700996076337,-0.03906784786215882,-3.7604857589995127,74.95308856605884,0.0,0.2612200642789747,-0.029058469878636934,-0.12525918475725709,20.363640957899825,-1.8861773040904888,0.0,-0.010416816354941202,-0.004162247812062489,-0.004298095754544026,3.968228053799714,3.971274891617071,3.9713083507157787,3.966277776396349,-2.064193929960494,-5.758769005844997,0.0,-1.6462566963232506,1.194169739430073,0.0
86.30590042977533,-278.0918876026302,-266.5728988050027,1.5,0.8454859965899546,0.030283889573443454,0.5309527023151819,-0.048223889378612585,-2.2473251116138284,74.7964512906163,0.0,0.2604399154907407,-0.0293693402472195,-0.1255869750165278,20.205123262416112,-2.312397385060206,0.0,-0.010486441423494596,-0.0041880364583993185,-0.004372767968957713,3.950293392974206,3.9533176049626517,3.953365317958668,3.948322905369189,-2.1853681495954524,-5.668475059732889,0.0,-1.6028771582401111,1.226530406440388,0.0
86.38049498503011,-278.20346489174204,-261.00031482313886,1.5,0.8455012029741027,0.035939109873089424,0.5296648437646213,-0.0573694119777652,-0.7463231574204267,74.60827374399437,0.0,0.2596562577126308,-0.02968344247764545,-0.1259102382011906,20.037686821499804,-2.731793352360473,0.0,-0.010582854300393003,-0.004221036835592699,-0.004502990112201613,3.932358772870585,3.935346218869866,3.9354172839769,3.9303515348489344,-2.3033135156739273,-5.575821410080244,0.0,-1.558996134331639,1.2574206060547717,0.0
86.45508954028489,-278.2035495467988,-255.44292824504308,1.5,0.8454240053824028,0.04155816254218858,0.5283071612155856,-0.06650348605615496,0.7418638817635629,74.38907143244307,0.0,0.2588678970772675,-0.030000186581020303,-0.1262446071077322,19.86157579479112,-3.144193263623363,0.0,-0.010588777630829127,-0.004262997898441064,-0.004447023531725155,3.914389290803178,3.9173819211760517,3.9174462919200277,3.91240118914792,-2.417962634099579,-5.480917549817726,0.0,-1.5146645294103385,1.2868495174604098,0.0
86.52968409553966,-278.093121396787,-249.90303373121932,1.5,0.8452548633869774,0.047140132510612505,0.5268803028492325,-0.07562519617855674,2.216598109657869,74.1393723838359,0.0,0.25807539245213473,-0.03031922969654971,-0.12657605122507937,19.677036909799785,-3.5494332979104564,0.0,-0.01058018356904406,-0.0043235146465525455,-0.004363223077901088,3.8964110305361785,3.899412388827186,3.899465753645232,3.8944506000875263,-2.5292729704281047,-5.383871601262488,0.0,-1.469896377156676,1.314850390736056,0.0
86.60427865079444,-277.8732071649034,-244.38288610589888,1.5,0.8449942443359585,0.052684117149947696,0.5253849271665882,-0.084733636446171,3.67726014379692,73.85971654449396,0.0,0.2572802746164257,-0.030641635984675474,-0.1269141814033271,19.484319179226866,-3.9473577204371453,0.0,-0.010692818650302454,-0.004337296634720043,-0.004527064429147338,3.8784620246939885,3.881421694164237,3.881504176018144,3.876455092196006,-2.637239087833544,-5.284792407359307,0.0,-1.4247655780523003,1.3413801413047384,0.0
86.6788732060492,-277.54487908304725,-238.8846994904654,1.5,0.8446426224887069,0.0581892237200694,0.5238217032405902,-0.09382791552828222,5.123249232195908,73.5506551758951,0.0,0.2564806191147765,-0.030966725318113043,-0.1272505014770781,19.28367366879981,-4.337818896360352,0.0,-0.010734626074568692,-0.00436248039753137,-0.004547390001623263,3.8604893627201724,3.8634386265813583,3.8635271941802607,3.858479134933735,-2.741825414917444,-5.183788015281958,0.0,-1.3793250836381599,1.3664629509773123,0.0
86.75346776130398,-277.10925349549257,-233.41064648193745,1.5,0.8442004792056877,0.06365457252315848,0.5221913102295183,-0.10290715148404544,6.553983423616025,73.21275025119466,0.0,0.25567727354730074,-0.031294202894253095,-0.12759557826081527,19.075353245092103,-4.7206772695418,0.0,-0.010795506650115423,-0.004411852122868653,-0.004606687854891294,3.8425226497703213,3.8454492677023415,3.845550330069479,3.8404975485121486,-2.8430049323921094,-5.080967250711975,0.0,-1.3335961336442814,1.3900915964790614,0.0
86.82806231655876,-276.5674894513782,-227.96285737644186,1.5,0.8436683021610527,0.06907929374542804,0.520494437403848,-0.1119704770730714,7.968899704408261,72.84657385206685,0.0,0.2548699526944071,-0.03162494537292142,-0.12793799652535306,18.859612310899802,-5.095801338330338,0.0,-0.0108277224352034,-0.004439974729763997,-0.00460933645842801,3.8245460069510613,3.827465810777551,3.8275704279688707,3.822523238084669,-2.940778287808917,-4.976436844286003,0.0,-1.28764255052019,1.412284362798329,0.0
86.90265687181353,-275.9207872895298,-222.54341943748585,1.5,0.8430465855767336,0.07446253104671885,0.5187317836893346,-0.12101703437123668,9.367454061377485,72.45270757055326,0.0,0.25405914330340545,-0.031958186731006255,-0.1282886532910302,18.636706573209135,-5.463067634586263,0.0,-0.010897045068176467,-0.004486444599555532,-0.004686436537015552,3.806583320798709,3.809476689242483,3.8095969092675666,3.8045405701144244,-3.0351101465681567,-4.870304668715704,0.0,-1.2414993308323328,1.433033355855704,0.0
86.97725142706831,-275.1703872160551,-217.1543762088551,1.5,0.8423358292354174,0.07980343780397513,0.516904057921972,-0.13004598034828874,10.749121613023862,72.03174191171311,0.0,0.2532441073112136,-0.03229417322875802,-0.12863744420706355,18.40689279759974,-5.822360670800404,0.0,-0.010920212729046674,-0.004529179738250555,-0.004672940363481637,3.788609844468165,3.791497988395157,3.791619506195491,3.786574620562301,-3.1259921508423965,-4.762678789069482,0.0,-1.195200432570729,1.4523620076686785,0.0
87.05184598232309,-274.3175678751171,-211.7977268720559,1.5,0.8415365389807817,0.08510118153699246,0.5150119780570716,-0.13905648103917218,12.113396666833507,71.58427569560357,0.0,0.2524259616534049,-0.03263321378973402,-0.12899362257018196,18.170428560399127,-6.173572922725028,0.0,-0.010997984114048722,-0.004560350400712957,-0.004767486797709527,3.770656415361083,3.773516163915527,3.7736563132176677,3.7685961861412287,-3.213425330921998,-4.653664054967043,0.0,-1.148798988298593,1.4702611836748338,0.0
87.12644053757786,-273.36364491639245,-206.475425647964,1.5,0.8406492255768203,0.09035493949601044,0.5130562715865723,-0.14804771741384568,13.459792743254082,71.11091547063225,0.0,0.25160332575067473,-0.03297473493452442,-0.12934873651782966,17.92757201509972,-6.516604744280385,0.0,-0.01102542423075563,-0.0045887537917118516,-0.0047641526167195615,3.7526942178704803,3.755548347802554,3.7556917332573843,3.7506387636560787,-3.2973793094940436,-4.543365952990164,0.0,-1.102340550251351,1.486763591091692,0.0
87.20103509283264,-272.30996955845217,-201.18938124230132,1.5,0.8396744051548163,0.0955639030131321,0.5110376749271089,-0.1570188796734223,14.78784266658655,70.61227492585333,0.0,0.25077756359668657,-0.033318895066829946,-0.1297111787885705,17.678581676731486,-6.851364345514307,0.0,-0.011098917549937557,-0.004633731261554651,-0.0048510051756891276,3.7347545184836166,3.7375799934700162,3.7377410317364,3.732676631284322,-3.3778723233630013,-4.431891873823537,0.0,-1.055852832839369,1.5018649210213215,0.0
87.27562964808742,-271.15792714998025,-195.94145633497126,1.5,0.8386125982019395,0.10072727409950502,0.5089569335477147,-0.16596917238807626,16.097098533410456,70.08897430105999,0.0,0.2499479122899339,-0.033666039906094195,-0.13007167095054042,17.423716168399707,-7.177767707840367,0.0,-0.011167166491668667,-0.0046654372395413014,-0.0049279267255601025,3.716821790931237,3.7196225544892725,3.719799776363725,3.7147245850862234,-3.4549022624879506,-4.319338886833346,0.0,-1.0093937880174904,1.5155761005038852,0.0
87.3502242033422,-269.90893573136395,-190.7334671123967,1.5,0.8374643299502007,0.10584426797477828,0.5068148015401138,-0.17489780998571622,17.387131727488857,69.54163982585591,0.0,0.24911428654021514,-0.03401571521628553,-0.13044103904424634,17.163234019853387,-7.495738509740438,0.0,-0.011198484282653267,-0.00470636146003442,-0.004934432711874724,3.6988897763798594,3.701680929392858,3.70186343275405,3.696794849258671,-3.52846525388834,-4.205817238013682,0.0,-0.9629787726896453,1.5279230899450662,0.0
87.42481875859697,-268.5644445961524,-185.56718284281055,1.5,0.8362301294516743,0.11091411174999938,0.5046120415313019,-0.18380402050433053,18.657532913256613,68.97090312820553,0.0,0.24827747618898593,-0.03436836021964179,-0.13080739078796064,16.897393418199695,-7.805208075030348,0.0,-0.011287701722540676,-0.004724856706536269,-0.005052012011780813,3.6809856999054147,3.683744530092257,3.6839498358048757,3.678859307766466,-3.598571993883167,-4.0914237932727895,0.0,-0.9166790857456809,1.538904710169039,0.0
87.49941331385175,-267.12593285431603,-180.44432549413037,1.5,0.8349105298368755,0.11593604549927553,0.5023494245524339,-0.19268704204833406,19.907911993801022,68.37740068348357,0.0,0.24743631726127216,-0.034723359830354183,-0.13118323466639645,16.626452032959502,-8.106115261029556,0.0,-0.011296159097767976,-0.0047784555959666545,-0.005016893379050535,3.663074755702656,3.6658317014195236,3.6660361195301223,3.660963684561408,-3.6652304383967698,-3.976261926522564,0.0,-0.8705142316800709,1.5485453424973012,0.0
87.57400786910652,-265.5949079988282,-175.36656939363505,1.5,0.8335060672376109,0.12090932052332853,0.5000277301409632,-0.20154612667762795,21.13789806217299,67.76177324612429,0.0,0.2465913151545527,-0.03508093564703703,-0.13155758572143575,16.350666783999685,-8.398406385070329,0.0,-0.01129636702095754,-0.004831769498120011,-0.0049680213757502065,3.645177420892079,3.6479354833148547,3.6481370848803136,3.6430860895149078,-3.7284461216517544,-3.860429898113168,0.0,-0.8245025250936374,1.5568716408324985,0.0
87.64860242436129,-263.9729044761365,-170.33554092930223,1.5,0.8320172816590379,0.12583320273055407,0.4976477452683141,-0.21038053555554928,22.347139347150232,67.12466529975657,0.0,0.24574355567771172,-0.03544145321031317,-0.13193834689584752,16.0702936158815,-8.682035138307636,0.0,-0.011394492566063247,-0.00484907147815795,-0.005103239352548113,3.6273229459642824,3.63004481750019,3.6302723620574797,3.625195149281958,-3.7882371493835714,-3.7440257209131516,0.0,-0.7787130120605915,1.5638954662892026,0.0
87.72319697961606,-262.2614822617596,-165.3528182920407,1.5,0.8304447153840757,0.13070696943171523,0.4952102652486917,-0.21918954360315307,23.535303131277672,66.4667245111886,0.0,0.24489208855092803,-0.035804374821612056,-0.13231765249188276,15.785587333099738,-8.956962484720245,0.0,-0.011466881459072233,-0.004901054455167697,-0.005190494769565353,3.609482603616548,3.6121742368237637,3.612420372244248,3.607333126066487,-3.844626917306319,-3.6271469946014685,0.0,-0.7331565120261536,1.569614981827468,0.0
87.79779153487084,-260.46222544284376,-160.41993125834713,1.5,0.8287889137707528,0.13552991126956157,0.492716092861284,-0.2279724356089372,24.702075643647017,65.78860119302182,0.0,0.24403660360029564,-0.036170121095124436,-0.13270565286964814,15.496801387163256,-9.223156532131734,0.0,-0.011491076812187593,-0.00491787454563824,-0.0051890610197269735,3.591646593398056,3.594333561116824,3.5945847726849984,3.5895028537263802,-3.897626076687688,-3.5098899387020466,0.0,-0.6878672994866212,1.5740729744875173,0.0
87.87238609012562,-258.57674080807897,-155.5383610129797,1.5,0.8270504240992494,0.14030133137735806,0.49016603847618784,-0.23672850934256517,25.84716197015769,65.09094776731239,0.0,0.24317794518369676,-0.03653862052312337,-0.13309147803467142,15.204187673899664,-9.480592457020288,0.0,-0.011571738956093352,-0.004919875029570694,-0.005292135941096751,3.573847888814552,3.576507941045858,3.5767804412559654,3.5716778647441765,-3.9472592105729287,-3.3923431657539065,0.0,-0.6429190561178767,1.5772874832892407,0.0
87.94698064538039,-256.6066564460208,-150.70954001080779,1.5,0.8252297960802167,0.14502054669002215,0.48756091972243454,-0.2454570721298222,26.970285919029905,64.37441825155707,0.0,0.24231464671242375,-0.03690893420229238,-0.13348705351839382,14.90799637613079,-9.729252374673225,0.0,-0.011586186946729103,-0.004985978858899902,-0.0052748259046746845,3.556058875386883,3.5587108805295338,3.5589863776870074,3.553899837511454,-3.993544356209338,-3.274598306972469,0.0,-0.5983114476480665,1.5792771630845839,0.0
88.02157520063517,-254.5536203527296,-145.9348518767766,1.5,0.8233275805925978,0.1496868860625643,0.48490156176698584,-0.2541574444559324,28.071189908261836,63.639667754251164,0.0,0.24144879955811993,-0.037281872202671054,-0.1338795865469643,14.608475768599657,-9.969125223780269,0.0,-0.011614007401671613,-0.005047530481977723,-0.0052833512979012206,3.5382990715562377,3.5409374626323444,3.541220102687494,3.536143241781611,-4.036528193922396,-3.156762688720701,0.0,-0.554053146640116,1.5800553259768784,0.0
88.09616975588995,-252.41929905053325,-141.21563134471438,1.5,0.8213443306630193,0.1542996929319234,0.4821887962422312,-0.26282895583877197,29.149634776023177,62.88735193246709,0.0,0.24057961872980133,-0.03765798986314656,-0.13427944337859996,14.305872026973697,-10.200206643083156,0.0,-0.01168056364304108,-0.005051595845367581,-0.005362224197510691,3.520573113331733,3.523189875830899,3.5234905555440488,3.5183989203383623,-4.076228438542646,-3.0389044409087904,0.0,-0.5102087668526725,1.579653558838285,0.0
88.17076431114472,-250.20537621907985,-136.55316423308875,1.5,0.8192805998606323,0.15885832286781465,0.479423462076973,-0.2714709486441541,30.205399636536587,62.11812654596772,0.0,0.2397064668967625,-0.03803594412167399,-0.1346791013618331,14.00042908159965,-10.422498849100247,0.0,-0.011733239856209835,-0.005073746533766876,-0.005416711023265566,3.502873518784804,3.505471541935214,3.5057866731320906,3.500688629509428,-4.11265714111705,-2.9211241237347565,0.0,-0.4668062249284766,1.5780968760885643,0.0
88.2453588663995,-247.91355133731412,-131.9486874570036,1.5,0.8171369431378123,0.16336214560134585,0.4766064047105954,-0.28008277443062557,31.238281741853292,61.33264693337962,0.0,0.23882978338889008,-0.0384162286381106,-0.13508638268191783,13.692388454081286,-10.636010501427414,0.0,-0.011774165491280311,-0.005114968683320166,-0.00545092518027571,3.485202484859753,3.4877838411736497,3.4881105359844575,3.4830133680489195,-4.145872625411954,-2.8034993788545637,0.0,-0.4238544174403474,1.5754009561309046,0.0
88.31995342165428,-245.54553833940287,-127.40338907650167,1.5,0.8149139156709645,0.16781054373322524,0.47373847615554454,-0.2886637969465485,32.24809624263574,60.53156755994748,0.0,0.23794993465812417,-0.03879919713653122,-0.1354922805000854,13.381989072399646,-10.840756571700227,0.0,-0.01183106769395613,-0.005125399244872331,-0.0055141215494332275,3.4675659664066782,3.4701281140709277,3.470470888916404,3.4653637620755178,-4.175905054210512,-2.6861185896428066,0.0,-0.3814097519439624,1.5716014322001284,0.0
88.39454797690905,-243.10306428601038,-122.9184083795921,1.5,0.8126120734093153,0.17220291404228064,0.47082053474600677,-0.2972133890090499,33.23467600958959,59.71554154130557,0.0,0.2370663541115654,-0.039183779771526706,-0.13590611387165533,13.06946715382663,-11.036758206845446,0.0,-0.011866187223642419,-0.005176534163466708,-0.005539709833686904,3.4499601720609965,3.452506126715698,3.4528595023051643,3.4477567584964777,-4.202781483735683,-2.5690661781841455,0.0,-0.33948232783678217,1.5667189640156567,0.0
88.46914253216383,-240.5878680493855,-118.49483600025661,1.5,0.8102319717817855,0.17653866608335667,0.46785344542837504,-0.3057309354332784,34.19787145058009,58.88522017796445,0.0,0.23617943841046496,-0.039570996382669366,-0.1363191143445455,12.755056044599641,-11.22404259410021,0.0,-0.011900164830014144,-0.005231176323795211,-0.00556441520683962,3.4323900048180014,3.4349192786736578,3.435283303884235,3.430185838394677,-4.2265642530634695,-2.4524082265143425,0.0,-0.2980788694246771,1.560767971256377,0.0
88.5437370874186,-238.00169901528497,-114.13371406938847,1.5,0.8077741668195259,0.18081722427656605,0.46483807855522513,-0.3142158295646883,35.137550236517896,58.04125254197765,0.0,0.23528934225606415,-0.039960716974295825,-0.13673905462945354,12.438986054371611,-11.402642803643106,0.0,-0.011956933839665724,-0.005234749119508361,-0.005629151050268689,3.4148595452143957,3.417370188586549,3.417751010898322,3.412642297810684,-4.2472744043893975,-2.3362367797333303,0.0,-0.25724977553039347,1.5537900582673483,0.0
88.61833164267338,-235.34631580186854,-109.83603639853315,1.5,0.8052392133972333,0.18503802575387365,0.4617753109906156,-0.32266747650179134,36.05359711924443,57.184285010822016,0.0,0.23439581543558913,-0.040352266628483194,-0.13715857641757243,12.121484357799638,-11.572597656000188,0.0,-0.012011395446571971,-0.0052584407147037516,-0.005690522936474755,3.3973688814641014,3.3998586392817427,3.400255888093266,3.3951397350741988,-4.264957921022448,-2.2206248448995938,0.0,-0.21701215261517903,1.5458039002451045,0.0
88.69292619792814,-232.62348499510162,-105.60274869625744,1.5,0.8026276663522116,0.18920052263417944,0.45866602492967296,-0.33108528964025113,36.945913678000004,56.31496085437163,0.0,0.23349875212764068,-0.040745985733766185,-0.13758562483589998,11.802774844278362,-11.733951571948472,0.0,-0.012046046169983823,-0.00529016712941702,-0.005718664599936305,3.3799140050303524,3.3823894832212344,3.382798423743326,3.3776835618909584,-4.279667624075936,-2.1056403385798426,0.0,-0.1773916647768634,1.5368403941991016,0.0
88.76752075318292,-229.83497990331279,-101.4347488149009,1.5,0.7999400789202816,0.19330418001960156,0.45551110869011874,-0.3394686936727187,37.814418053307975,55.433919838397784,0.0,0.23259828790541828,-0.04114130032804512,-0.13801243340676334,11.483078008399636,-11.886754420500171,0.0,-0.012065767496362574,-0.0053342937100685555,-0.005722730277015215,3.36249847095438,3.364963289244544,3.3653805541174444,3.360274475699451,-4.291437620609811,-1.9913687605970452,0.0,-0.13839145200726863,1.526923819906607,0.0
88.8421153084377,-226.98257933037056,-97.3328870280812,1.5,0.797177003852946,0.19734847805718625,0.45231145554746954,-0.34781712136851756,38.65904471617361,54.541797793748124,0.0,0.23169497564202443,-0.041538903627858156,-0.13844558565012013,11.162610812587591,-12.0310613609758,0.0,-0.012135004705705395,-0.005341629143166974,-0.005810827558662263,3.345137382251065,3.347577395182969,3.34801550350907,3.3428935701654994,-4.300324323781412,-1.8778693358644474,0.0,-0.10004056286732108,1.5160854537885928,0.0
88.91670986369247,-224.06806636814545,-93.29796633789225,1.5,0.7943389920006222,0.2013329106714405,0.44906796430360874,-0.35613001601130734,39.47974418358132,53.63922624953536,0.0,0.23078865396841694,-0.041938555711778625,-0.1388780834868579,10.841586581799634,-12.166932699600151,0.0,-0.012229897987000351,-0.005348324487922024,-0.0059418145348641245,3.3278286920803803,3.330233901421115,3.3306992075753894,3.32555162229551,-4.306380791853241,-1.7652078125978323,0.0,-0.06238182122731305,1.5043483064453074,0.0
88.99130441894725,-221.0932272096529,-89.33074280997371,1.5,0.7914265929021442,0.2052569861610918,0.44578153904998213,-0.3644068291368844,40.27648274589307,52.72683205735621,0.0,0.22987854613717926,-0.04233967494694501,-0.1393184887654649,10.52021492181157,-12.294433722539551,0.0,-0.012221241839727915,-0.005389900735014562,-0.005901400762290796,3.3105425929256245,3.3129476913962175,3.3134154106020532,3.3082865887027353,-4.309658069351228,-1.653458600381636,0.0,-0.025400336427152767,1.4917473636672731,0.0
89.06589897420203,-218.05984998334694,-85.43192593686601,1.5,0.7884403539276484,0.20912022721457865,0.4424530888021333,-0.3726470220968084,41.04924217034506,51.80523700527895,0.0,0.22896513261606968,-0.042742490211833364,-0.13975894677270104,10.198701579199634,-12.413634547300127,0.0,-0.012277209733937174,-0.005414928270346344,-0.005968820727558046,3.293321397536427,3.2957036637722164,3.2961896253249154,3.2910525187533533,-4.3101882461778835,-1.5426765609762594,0.0,0.01086847226865151,1.4783027169117628,0.0
89.1404935294568,-214.9697236080323,-81.60217902816255,1.5,0.7853808207928601,0.21292217133751248,0.43908352738733114,-0.38085006401568466,41.79801944905305,50.87505748577987,0.0,0.22804804018194214,-0.0431468911888634,-0.14020710455798183,9.877248377168453,-12.524609956218539,0.0,-0.012306423748695675,-0.005433446267280166,-0.0059929750355710324,3.276143472419666,3.2785138729794614,3.279012004672788,3.2738756156350597,-4.308036791253348,-1.432928141352223,0.0,0.046415203469318975,1.464051401023561,0.0
89.21508808471158,-211.82463666898119,-77.84211962631537,1.5,0.7822485363992776,0.21666237018762116,0.4356737736734396,-0.3890154336000241,42.52282648721181,49.936904142011535,0.0,0.22712893026277092,-0.04355305878120994,-0.14065343509171624,9.556053116819633,-12.627439245600112,0.0,-0.012349634691430402,-0.0054575266309054675,-0.006041059337310072,3.2590221657892977,3.2613741766564073,3.261888096479451,3.2567479043797603,-4.303281667872793,-1.3242756610371622,0.0,0.08122785730463479,1.4490160235188425,0.0
89.28968263996636,-208.62637631810304,-74.15231994805808,1.5,0.7790440417582926,0.220340390811514,0.4322247507143539,-0.3971426167610921,43.22368975932891,48.99138153144339,0.0,0.22620653237812957,-0.04396086479087097,-0.1411068436249841,9.23530948755462,-12.722206054255786,0.0,-0.012389746324732201,-0.005472704762433734,-0.0060846903441525305,3.241953507395152,3.244289460007592,3.2448187065583896,3.239674435325596,-4.295955130309555,-1.2167679054150335,0.0,0.1152886019674113,1.4332285208544358,0.0
89.36427719522113,-205.37672719697588,-70.53330734955632,1.5,0.7757678746752104,0.2239558146031201,0.4287373863278323,-0.405231108495065,43.90065004018995,48.03908782896752,0.0,0.2252805319852527,-0.0443696042858153,-0.14156120552463547,8.915206997729637,-12.808998210600095,0.0,-0.012431176040520981,-0.005491001765675114,-0.006131238299074191,3.224941330061695,3.227259950164012,3.2278050871480377,3.2226566647538646,-4.286101134566796,-1.1104714088618146,0.0,0.14858129384369134,1.4167196817300804,0.0
89.43887175047591,-202.07747038141986,-66.98556481485869,1.5,0.772420570515061,0.2275082383664315,0.4252126124982064,-0.4132804107298589,44.5537621070003,47.080614499013684,0.0,0.22435197991763975,-0.0447794872978644,-0.14202147132691165,8.595930907291415,-12.88790756914145,0.0,-0.012471965831294576,-0.005506641030370602,-0.0061774478342274,3.207986295842664,3.2102880544617247,3.2108492071640216,3.2056963187753413,-4.273798920643537,-1.0054394274606522,0.0,0.18109885415466803,1.3995138247431,0.0
89.51346630573069,-198.73038235051936,-63.50953146773449,1.5,0.7690026611730043,0.23099727354757588,0.42165136553089244,-0.42129003390580905,45.1830943770725,46.116545990266296,0.0,0.22341980225222985,-0.045191143728920816,-0.14248291588926107,8.277662150529638,-12.959029842500078,0.0,-0.012498391759242073,-0.005514788165772189,-0.006201889561056023,3.1910864027427692,3.19337722607335,3.1939514991379947,3.1887982652407967,-4.2591026677467765,-0.9016954528780476,0.0,0.21283003679777215,1.381646536600423,0.0
89.58806086098546,-195.33723398049693,-60.105603103671875,1.5,0.7655146757991762,0.23442254748120006,0.4180545854845765,-0.4292594948557638,45.78872859873123,45.14745950869145,0.0,0.22248468227283785,-0.04560357930686102,-0.14295089711058556,7.96057728138867,-13.022464449747545,0.0,-0.012551714442236834,-0.005535287101956697,-0.006269096896683289,3.1742550055252474,3.1765233022979538,3.1771168725716223,3.171955146462009,-4.242063391458633,-0.7993132001090715,0.0,0.2437563687963465,1.3631415456933984,0.0
89.66265541624023,-191.89978956189887,-56.77413274230025,1.5,0.7619571395275776,0.2377837019611817,0.41442321687040645,-0.4371883186035188,46.370759542056646,44.1739246978777,0.0,0.22154690256283213,-0.04601677747394314,-0.14341873223467433,7.644848431139642,-13.07831434540006,0.0,-0.012557009386157851,-0.005559040959769913,-0.006262750765701804,3.157474549597562,3.159736651073238,3.160339405935528,3.1551868041064752,-4.222755823493331,-0.6983446655492509,0.0,0.2738913332150522,1.3440297714096163,0.0
89.737249971495,-188.41980584197728,-53.51543120110646,1.5,0.758330574633727,0.24108039525215944,0.410758207243866,-0.4450760359562727,46.92929462942729,43.1965033779561,0.0,0.2206065226489049,-0.04643118105509228,-0.14389260951450678,7.33064322767618,-13.12668585972617,0.0,-0.012630572203378296,-0.005557752005506827,-0.006362380912408001,3.1407735286375145,3.1430085318454326,3.143635391704632,3.1384639049987033,-4.2012277968218426,-0.59881572505601,0.0,0.3032072975267975,1.3243392862739385,0.0
89.81184452674978,-184.89903109222197,-50.32976768687082,1.5,0.7546354991462003,0.24431230058379322,0.4070605082299513,-0.45292218520557503,47.4644536292978,42.21574933806168,0.0,0.2196629976774181,-0.04684608768285619,-0.14436728647326777,7.0181247802296465,-13.167688539000043,0.0,-0.012679052473810666,-0.005563462770960567,-0.006423888417943403,3.1241327678207536,3.1263483149729203,3.1269941006162374,3.1218136818865827,-4.177541333112886,-0.5007811685062644,0.0,0.33169805744846637,1.304101902162379,0.0
89.88643908200456,-181.33920420044888,-47.21737040478114,1.5,0.7508724275994276,0.24747910719087032,0.40333107479802677,-0.46072631038092526,47.97636830841293,41.23220807129766,0.0,0.21871657526478508,-0.04726137413981361,-0.14484849093850996,6.707451634512122,-13.201434983069705,0.0,-0.012707437763182861,-0.00557392232890166,-0.006455397872260317,3.107554959596292,3.109757317615718,3.110418055389001,3.105236282967017,-4.151760682946252,-0.4042799092631457,0.0,0.35936492919811613,1.2833461979315548,0.0
89.96103363725933,-177.7420537886331,-44.17842718553659,1.5,0.7470418702834258,0.25058052008313453,0.3995708652526685,-0.46848796210739596,48.46518208702014,40.24641655120248,0.0,0.21776723091318836,-0.047677536061770255,-0.14533032484836667,6.398777728379651,-13.228040685200027,0.0,-0.012756112174822245,-0.005581665876011865,-0.006518338648968028,3.091051290789338,3.093233420914042,3.0939135736441266,3.088722979527613,-4.123948802527427,-0.3093325040665725,0.0,0.3861982890831076,1.2620938211690567,0.0
90.03562819251411,-174.1092973563054,-41.21308612744656,1.5,0.7431443336859405,0.25361626048074853,0.39578084099779287,-0.47620669632977713,48.93104969871144,39.25890305996318,0.0,0.2168154650547016,-0.04809397753067563,-0.14581800633880695,6.092252375099069,-13.247623872958261,0.0,-0.012781668692591104,-0.005583149167905322,-0.00654724432582885,3.0746124497141007,3.07678309151869,3.0774781765684853,3.0722857296904595,-4.094172683237311,-0.21599561412885002,0.0,0.41219322769922456,1.2403806841905594,0.0
90.11022274776889,-170.4426404501766,-38.32145625408627,1.5,0.7391803196998213,0.2565860653905541,0.39196196675481176,-0.48388207513149756,49.37413682439989,38.27018694123447,0.0,0.21586004417587804,-0.04851043466203084,-0.14630757095105618,5.788020239619656,-13.260305350600008,0.0,-0.012790412687764811,-0.0055904710388289015,-0.006552331033855421,3.058242659364806,3.0604063344121224,3.0611133034320708,3.055925475599921,-4.062474478545763,-0.12429194561366769,0.0,0.4373548384783768,1.2182338924400524,0.0
90.18481730302366,-166.74377585904637,-35.50360818683545,1.5,0.7351503263470952,0.2594896886517324,0.38811520971420493,-0.49151366526647566,49.79461978419692,37.28077844471675,0.0,0.21490217124326985,-0.04892707341045202,-0.146803060504559,5.486221306914277,-13.266208339589399,0.0,-0.012854580845219095,-0.005584657274334995,-0.006639689817203569,3.0419594826600744,3.044099059613158,3.0448291627403834,3.039625113563998,-4.028929391114229,-0.03425431227264812,0.0,0.4616693179892864,1.195679964120118,0.0
90.25941185827844,-163.01438283403652,-32.759574830079806,1.5,0.731054846898409,0.26232690021801924,0.3842415400807746,-0.499101038993813,50.19268517067424,36.29117854690408,0.0,0.21394235197503272,-0.0493436071998616,-0.14729807451175764,5.186990882679662,-13.265458325299994,0.0,-0.012887251727535224,-0.005582708130427607,-0.006681625581572788,3.025744996303079,3.027870221682942,3.02861748395486,3.0234084313835257,-3.9936190896442834,0.05408106108319696,0.0,0.48514472488841714,1.1727471011925852,0.0
90.33400641353322,-159.25612633627017,-30.089352069688474,1.5,0.7268943703627372,0.2650974867857246,0.38034193056650806,-0.5066437729685368,50.56852947139036,35.30187877027172,0.0,0.2129801437400714,-0.04976021089877458,-0.14779899217983913,4.890459581662255,-13.25818290090089,0.0,-0.012925261911539343,-0.005578564355471283,-0.006731815125068839,3.009609083267945,3.0117183562245557,3.0124840285936676,3.0072677640408942,-3.956592168030144,0.14070002332566206,0.0,0.5077770048502709,1.149463088354445,0.0
90.408600968788,-155.47065631104408,-27.49289948270577,1.5,0.7226693810071819,0.26780125178824543,0.3764173563544425,-0.5141414485630176,50.92235873362639,34.313361066508676,0.0,0.21201431211707508,-0.050175843046072595,-0.1483020196606288,4.596753318459668,-13.244511617199981,0.0,-0.01296979686492844,-0.0055734704361175705,-0.006791915844884971,2.993553821620807,2.9956448402705553,2.996430340809416,2.991204591769743,-3.9178857676651497,0.22556033381980592,0.0,0.52955861212625,1.1258542594035523,0.0
90.48319552404277,-151.65960698619816,-24.9701410582555,1.5,0.7183803586679859,0.27043801566578884,0.3724687948155769,-0.5215936510842883,51.254388262762575,33.32609763071637,0.0,0.21104595518052363,-0.050591311801216135,-0.14881117700406035,4.3059933116518945,-13.224575827157054,0.0,-0.012993610685435069,-0.005563684330130421,-0.006822895721111362,2.9775740327445286,2.9796541732523574,2.980455811730995,2.975226642428828,-3.877595167339338,0.30865728852416346,0.0,0.5504965700173068,1.101948859236123,0.0
90.55779007929755,-147.82459619716883,-22.520965928358496,1.5,0.7140277783064016,0.27300761570582865,0.3684972256109778,-0.5289999700287846,51.56484220540174,32.34055082209408,0.0,0.21007546001022584,-0.05100582192448774,-0.1493204467417857,4.018296091159674,-13.198508537799967,0.0,-0.013011537347237347,-0.005557317999788881,-0.006846671397232604,2.961675584046438,2.963745844022152,2.964562830902298,2.9593325687432688,-3.8357780567058013,0.3899522756608244,0.0,0.570600206802499,1.0777712688390733,0.0
90.63238463455231,-143.96722473944115,-20.14522910774315,1.5,0.7096121103963065,0.27550990683587206,0.36450363012352893,-0.536359998173763,51.853953223666515,31.357173003368327,0.0,0.20910263600436052,-0.05141941497123291,-0.1498356299822291,3.733773497925256,-13.166444268733764,0.0,-0.013060378378961604,-0.005539760096079524,-0.00691434241286641,2.9458674248105585,2.947919243020274,2.9487574193207027,2.9435143661512257,-3.7924896655493976,0.46943386323940306,0.0,0.5898612360456085,1.0533505306883184,0.0
90.70697918980709,-140.08907574596796,-17.842752242871025,1.5,0.7051338204896167,0.27794476107058846,0.3604889917470058,-0.5436733319046997,52.121962157886294,30.376406449455487,0.0,0.2081272173423196,-0.051832248214420874,-0.15035170544133294,3.4525327095096823,-13.128518898999952,0.0,-0.013097143392632295,-0.005525498508260247,-0.0069656972276935705,2.9301422638667165,2.9321787687537655,2.933036127655838,2.927784685586799,-3.7477980142270284,0.5470950910508172,0.0,0.6082856240694181,1.0287084426838273,0.0
90.78157374506186,-136.19171409064055,-15.613324367469524,1.5,0.7005933695230345,0.280312068183558,0.3564542953389802,-0.5509395705024358,52.36911766549638,29.3986832706975,0.0,0.2071495754245712,-0.052243728229327345,-0.15087360279510822,3.174676247396077,-13.084869526883704,0.0,-0.013124401020166562,-0.005506323113013448,-0.0070043013925739205,2.9145015908598726,2.916526400538519,2.9174014185344994,2.9121438543669953,-3.701765440146983,0.6229056952713098,0.0,0.6258804041601194,1.0038729343238082,0.0
90.85616830031664,-132.27668581812753,-13.45670266523767,1.5,0.695991213613616,0.2826117356804691,0.3524005272970704,-0.5581583160619087,52.595675872020244,28.424425294995487,0.0,0.20616926444571762,-0.05265371708405495,-0.15139660562164683,2.90030200432969,-13.035634332799942,0.0,-0.01315992332010167,-0.005486584479861306,-0.007054949738846145,2.8989514769812335,2.900961722450285,2.9018560472112123,2.896589671093484,-3.6544444088168757,0.6968579051361581,0.0,0.6426427258075086,0.9788698864101302,0.0
90.93076285557142,-128.34551759899932,-11.372613238918813,1.5,0.6913278041540709,0.2848436889131911,0.34832867525767797,-0.5653291732106763,52.80190004504321,27.454044012820393,0.0,0.20518653720926588,-0.053062009668893496,-0.15192574362971162,2.629503267357358,-12.980952432570016,0.0,-0.013186146712872009,-0.00546273617455864,-0.007093271347042481,2.883489063653528,2.8854881518419697,2.8864003240438993,2.881127418310691,-3.6059036207530513,0.7689374731366442,0.0,0.6585854556831485,0.9537222778479861,0.0
91.00535741082619,-124.39971621029511,-9.360751884322513,1.5,0.6866035878495033,0.28700787139892897,0.3442397279498788,-0.572451748716203,52.98806023954761,26.4879405009437,0.0,0.2042020294235098,-0.05346864423355749,-0.1524548831959163,2.3623687473096986,-12.920963749099927,0.0,-0.013217303790338806,-0.0054375491046556295,-0.007139075889769042,2.8681194685667912,2.8701056765514283,2.871036750667492,2.8657555845799063,-3.556211018591908,0.8391397951675387,0.0,0.6737104360798859,0.928452938231623,0.0
91.07995196608097,-120.44076804242692,-7.4207848688101645,1.5,0.6818190066567728,0.28910424489474634,0.3401346750268783,-0.579525651364778,53.15443294082024,25.52650537925845,0.0,0.20321456231189194,-0.05387317945550382,-0.1529909381907171,2.0989826105076075,-12.855808875897939,0.0,-0.013245394826470313,-0.005408490765394131,-0.007180946791137969,2.852842030706448,2.8548168011022153,2.8557663710986807,2.8504773175685645,-3.5054091021128846,0.9074528417502713,0.0,0.6880256141397239,0.9030877776327686,0.0
91.15454652133575,-116.47013863040188,-5.552349713402596,1.5,0.6769744980111952,0.2911327896288217,0.3360145068080168,-0.5865504914838924,53.30130077560975,24.570118757522717,0.0,0.20222595138762878,-0.05427548862720414,-0.15352625077480841,1.8394245160797074,-12.785628945099916,0.0,-0.013284239241037011,-0.005379591568183966,-0.0072378416419418955,2.8376618144785852,2.8396214619284113,2.840591481417972,2.8352912916718873,-3.4535850329974704,0.9738687428470844,0.0,0.7015380385575484,0.8776476690554523,0.0
91.22914107659052,-112.48927221050023,-3.7550559780661223,1.5,0.6720704946190511,0.2930935043569826,0.3318802142161737,-0.5935258809673543,53.428952116261144,23.619150202170957,0.0,0.2012352392763238,-0.05467519896874555,-0.15406740075290748,1.5837696549463247,-12.71056550097155,0.0,-0.013302414409395556,-0.005343095046493648,-0.0072677373285832065,2.822572572749083,2.8245243729147447,2.8255115838210987,2.820205443349958,-3.400782880661785,1.0383806204131163,0.0,0.714257138745499,0.8521565061406758,0.0
91.3037356318453,-108.49959130278067,-2.028486049606049,1.5,0.6671074249169948,0.2949864068345925,0.3277327883304794,-0.600451432554342,53.537680778068115,22.673958697674532,0.0,0.20024152009111668,-0.055072569701455555,-0.15461034336838655,1.332088789849716,-12.630760375399907,0.0,-0.013338391421013914,-0.005301988819956012,-0.007321392814707624,2.8075846344862256,2.809523589624213,2.8105309814034016,2.8052129218894146,-3.347045560607608,1.1010005165188952,0.0,0.7261844605342345,0.8266364415680313,0.0
91.37833018710008,-104.50249631642468,-0.37219593071787793,1.5,0.6620857126500588,0.2968115334713857,0.3235732205538021,-0.6073267601904833,53.62778572071523,21.7348926568571,0.0,0.19924613791275272,-0.05546728461693743,-0.15515859339145463,1.0844483074770739,-12.546355560857881,0.0,-0.013356131322040889,-0.005266100852077824,-0.007351684157108671,2.792692076039884,2.7946228003605667,2.7956476047859695,2.7903237954697193,-3.292457291894437,1.1617206213801168,0.0,0.7373334876147211,0.8011091708335718,0.0
91.45292474235485,-100.49936518026985,1.2142839707853241,1.5,0.6570057776026581,0.29856894008203366,0.31940250192217995,-0.6141514780417527,53.69957066645147,20.802289910248543,0.0,0.1982486882884618,-0.055858133646341776,-0.15570746768480923,0.8409102595457254,-12.457493093399895,0.0,-0.01337472699123073,-0.005228486068265559,-0.007383835406400186,2.777900191966737,2.7798223180937307,2.780864824362174,2.775534774201478,-3.237062244318922,1.2205174919207857,0.0,0.7477175478999324,0.7755935277230671,0.0
91.52751929760963,-96.49155299790417,2.7314480510445565,1.5,0.6518680349965114,0.3002587015576375,0.3152216234106545,-0.6209252009888633,53.7533438207102,19.876477662035406,0.0,0.1972496489786889,-0.05624584534388572,-0.15626162152719542,0.6015324207154474,-12.364314938319886,0.0,-0.013408386518311199,-0.0051765193930220785,-0.007435286956606095,2.7632124133820417,2.765123474360369,2.766186039380374,2.7608433074990177,-3.1809245849255006,1.2774169216528253,0.0,0.7573411090077569,0.7501118120344867,0.0
91.60211385286439,-92.48039172601864,4.179814719656568,1.5,0.6466728964279792,0.3018809125622285,0.31103157514154756,-0.6276475435473419,53.78941753103323,18.957772545918598,0.0,0.1962484816031053,-0.05663037003973563,-0.15681652397862997,0.36636833661573504,-12.266962873599887,0.0,-0.013436030863451624,-0.0051270935360856204,-0.007479531625098303,2.7486268569822645,2.750527973607068,2.7516097810135385,2.746256572869479,-3.12409398522523,1.3324274201828112,0.0,0.7662133353751083,0.7246847836251639,0.0
91.67670840811917,-88.4671898765834,5.559925611727264,1.5,0.6414207691478516,0.3034356870635868,0.30683334669761525,-0.6343181205644126,53.808107987817216,18.046480646951927,0.0,0.19524514759111364,-0.05701073808466192,-0.15737747882618497,0.13546738690719912,-12.165578376660827,0.0,-0.013457457409242887,-0.005074453935019641,-0.0075159715748079085,2.7341443109309775,2.736037700547713,2.737137845221077,2.7317755456467583,-3.0666254799130863,1.3855349806393344,0.0,0.7743494696727046,0.6993304321257059,0.0
91.75130296337394,-84.45323224162384,6.872344800454094,1.5,0.6361120570899819,0.30492315900667366,0.3026279264765651,-0.640936546034502,53.809734921285596,17.142897486736295,0.0,0.1942407741893235,-0.05738737352922184,-0.15793785331971347,-0.09112515604725513,-12.060302520199878,0.0,-0.013481586078736126,-0.005017329752310684,-0.007556369070646175,2.7197681148481014,2.7216533000436605,2.722772285394843,2.7173995452436204,-3.008587775481474,1.4367621515263722,0.0,0.7817553160262081,0.674067380515472,0.0
91.82589751862872,-80.4397796417529,8.117658012062424,1.5,0.6307471601943959,0.3063434822463867,0.29841630165922306,-0.6475024337374297,53.794621261850246,16.24730810198425,0.0,0.19323386729206682,-0.05775951397126328,-0.15850477253391507,-0.31336807317842025,-11.951275867494086,0.0,-0.013503526342264734,-0.004959247018577077,-0.007593879585833331,2.7054985986444584,2.707376344075497,2.708513825765886,2.703131212833712,-2.9500123292328206,1.4861040927836475,0.0,0.7884449927903047,0.6489146143050017,0.0
91.9004920738835,-76.42806869652983,9.296471843916422,1.5,0.6253264755574,0.3076968309449066,0.29419945767606404,-0.6540153960699487,53.76309289914316,15.359987053138596,0.0,0.19222613897936047,-0.058127163290632056,-0.15907087187199392,-0.5312241270942452,-11.83863836959987,0.0,-0.013527878172425097,-0.004894197814593322,-0.007634852781755116,2.6913378016172476,2.6932080911878797,2.69436447915033,2.6889704113727535,-2.890977639848438,1.533576322873518,0.0,0.7944337139171269,0.6238895903206143,0.0
91.97508662913827,-72.41931161709539,10.409412985417495,1.5,0.6198503964836596,0.3089833991744161,0.2899783784640116,-0.6604750449767621,53.715478325123556,14.4811984866377,0.0,0.19121676156659945,-0.05849040730830402,-0.15964247844085822,-0.7446599964770693,-11.722529265649877,0.0,-0.013546970737115608,-0.0048306241167617135,-0.007669283299529451,2.6772857900196927,2.679149875253193,2.6803244083785316,2.6749206539298824,-2.8315199162369096,1.5791962121673992,0.0,0.7997301819166147,0.5990092768916178,0.0
92.04968118439305,-68.41469602140545,11.457127444026474,1.5,0.6143193139869108,0.310203401725638,0.2857540455705509,-0.6668809904777293,53.652108379827915,13.611196217153315,0.0,0.1902051528091034,-0.05884776546982679,-0.16021496476704358,-0.9536462099102351,-11.603086990099863,0.0,-0.013569303057612806,-0.0047677578735049984,-0.007707844508547565,2.6633456925703567,2.6652023300977867,2.6663954361408897,2.660981331917225,-2.7716836853955065,1.6229460175413186,0.0,0.8043447635071894,0.5742906239787965,0.0
92.12427573964783,-64.41538476961058,12.440279774727296,1.5,0.6087336157015956,0.31135707372780846,0.2815274384152644,-0.6732328417225781,53.573315973577756,12.750223731220364,0.0,0.18919214784543126,-0.05919979649314109,-0.16079267719190646,-1.1581570790336722,-11.48044908040375,0.0,-0.013588171869280047,-0.004687666295927254,-0.00774203229438016,2.6495159134502217,2.6513684928303896,2.652579632839464,2.6471538077849854,-2.71153184625469,1.6648589058602568,0.0,0.8082939737638902,0.549750440985377,0.0
92.1988702949026,-60.42251582098947,13.35955231375557,1.5,0.6030936875723889,0.3124446712137228,0.2772995334060498,-0.6795302055194261,53.47943578373449,11.898514293457838,0.0,0.18817792778359224,-0.05954703572575089,-0.16137002730558178,-1.3581706220002248,-11.354752084199855,0.0,-0.013608063982499993,-0.004608993340270995,-0.007777701806618541,2.6358000466752975,2.637647822449137,2.6388771387612286,2.6334396544612755,-2.651111257980646,1.7049674044656393,0.0,0.8115899991887872,0.5254005205713639,0.0
92.27346485015738,-56.43720211187685,14.215644419844153,1.5,0.5973999125261423,0.313466470736454,0.27307130438969873,-0.6857726875260474,53.37080399275892,11.05629105416864,0.0,0.1871623451038686,-0.05988809329233136,-0.1619525980822871,-1.553668493191317,-11.226131480289942,0.0,-0.013625677270683033,-0.00453064297072047,-0.007810310076639777,2.6221983425243867,2.6240419168670974,2.6252889846587366,2.6198406518191337,-2.59046990092114,1.7432591221182117,0.0,0.8142429423007987,0.5012585515398736,0.0
92.34805940541216,-52.46053145359148,15.009271720694427,1.5,0.5916526724306642,0.3144227700823466,0.2688437216048121,-0.6919598906100493,53.24775801533765,10.223767077482758,0.0,0.18614493951785138,-0.060222918523654356,-0.16253546017332707,-1.7446359064102146,-11.094721593999848,0.0,-0.013624339099000312,-0.004445209740296585,-0.007821326972479762,2.60870819048659,2.610553346114813,2.611815778325372,2.606360779479098,-2.529650203711275,1.7797553646719253,0.0,0.8162755581004644,0.4773400850856338,0.0
92.42265396066693,-48.49356645001809,15.741165364873163,1.5,0.5858523467136351,0.31531388772809177,0.2646177519215736,-0.6980914162370826,53.110636245465756,9.401145452509434,0.0,0.18512673996442072,-0.06055146481540033,-0.16312290285948097,-1.931061563454049,-10.96065551150012,0.0,-0.013661105603278517,-0.004359092050928748,-0.00787548202032542,2.595342568690064,2.5971793813234245,2.5984616936745155,2.592990043185637,-2.468703906361822,1.8144796951536135,0.0,0.8176946807518753,0.4536563705090176,0.0
92.49724851592171,-44.53734443463351,16.41207128158401,1.5,0.579999314436224,0.31614016357625857,0.26039435799591093,-0.7041668627189043,52.959777787472625,8.588619399231161,0.0,0.1841071446788239,-0.06087314373476106,-0.1637100689068207,-2.1129375706102045,-10.824065012299844,0.0,-0.01368682238272054,-0.004270295194417397,-0.007916817776456905,2.582092581132515,2.5839241792658005,2.5852248693397715,2.579739355309677,-2.4076742332678105,1.8474421119117816,0.0,0.8185114991073303,0.4302208724812145,0.0
92.57184307117647,-40.592877426669894,17.02274944746124,1.5,0.5740939526893255,0.31690195841185526,0.2561744986324808,-0.7101858267317608,52.79552221094272,7.786372349411034,0.0,0.18308614222723615,-0.06118793063229004,-0.16430251836911472,-2.290259365973415,-10.685080494100458,0.0,-0.01369324312107407,-0.004172602802230907,-0.007935756511796585,2.5689570530881998,2.570789798057471,2.5721063651881884,2.566610963367335,-2.3466050418833526,1.878666915614118,0.0,0.8187447433656675,0.4070471568286144,0.0
92.64643762643125,-36.66115210563122,17.573973160818753,1.5,0.5681366390937376,0.31759965468650464,0.251959127472353,-0.716147901446102,52.618209304862596,6.994578064109266,0.0,0.1820641148074231,-0.061495585070480224,-0.1648941662695544,-2.463025638160194,-10.543830900199836,0.0,-0.013703107078607779,-0.00407415468845305,-0.007958604168369745,2.5559423245847865,2.5577752055767387,2.5591079443294538,2.5536018614136546,-2.2855403865428907,1.9081758141441574,0.0,0.8184111405886417,0.3841452156016598,0.0
92.72103218168603,-32.74312980397804,18.066528324407283,1.5,0.5621277498112713,0.3182336557041274,0.24774919382846908,-0.7220526782906129,52.42817883588318,6.2134007467331065,0.0,0.18104103692785953,-0.061795636707611824,-0.16549068885721138,-2.6312382434269077,-10.400443657404493,0.0,-0.013722827524583873,-0.0039711698406446,-0.007991478397132143,2.5430501814331605,2.544881455407887,2.5462312018437854,2.5407115532242437,-2.2245211357126755,1.9359847128450678,0.0,0.8175216636356318,0.36152738242515514,0.0
92.7956267369408,-28.83974651743145,18.5012127363543,1.5,0.5560676624073388,0.31880438657762183,0.24354564106976828,-0.7278997449097093,52.225770317560766,5.44299514787233,0.0,0.1800169369171965,-0.06208801075519654,-0.16608627848360438,-2.7949021276801838,-10.255044608699833,0.0,-0.013740498109109524,-0.003862183205669909,-0.0080217888921309,2.5302792788910486,2.5321101658848337,2.533476480367269,2.5279432292694386,-2.1635885943654403,1.9621192224834938,0.0,0.816090419422863,0.3392062943685796,0.0
92.87022129219558,-24.95191293243534,18.87883538997131,1.5,0.5499567536904169,0.3193122934286224,0.23934940743139194,-0.7336886870450526,52.011322781417334,4.683506698468166,0.0,0.17899168051710213,-0.06237205627762542,-0.16668683062193676,-2.954025245136989,-10.107757956881295,0.0,-0.013749514042840772,-0.0037547512762653493,-0.00804168910676976,2.5176296070194844,2.519462215376559,2.520843816188301,2.515299659012733,-2.1027824093552487,1.9865959461996445,0.0,0.8141354782805639,0.3171898671521592,0.0
92.94481584745036,-21.08051447038561,19.200215782543374,1.5,0.5437954027637942,0.31975784419597053,0.23516142449157745,-0.7394190864720767,51.785174556167334,3.9350716165343154,0.0,0.1779656932903739,-0.06264806518354647,-0.16728597249989594,-3.108618473570173,-9.958706204949829,0.0,-0.013767833186912173,-0.0036383034565618776,-0.008071191416141123,2.5051049835091557,2.5069381454654978,2.508335778425492,2.5027774512001755,-2.042141334306601,2.009448313111375,0.0,0.8116672732692667,0.29548824356782394,0.0
93.01941040270513,-17.226411348117452,19.466183233661926,1.5,0.5375839886803968,0.32014152775837595,0.23098261797657757,-0.7450905230317284,51.54766305252985,3.1978170568286632,0.0,0.17693879180443234,-0.06291556792452543,-0.16788977301555338,-3.2586955326029075,-9.808010103077358,0.0,-0.013772952468026223,-0.0035233639136908533,-0.008085447525495547,2.492702449376604,2.494539390982625,2.495951290745566,2.4903826041277926,-1.9817027575681754,2.0306964372064478,0.0,0.808703797938051,0.27411151689507185,0.0
93.09400495795991,-13.39043865420657,19.67757621385829,1.5,0.5313228938056895,0.3204638549117242,0.22681390608078586,-0.7507025724089681,51.29912455456512,2.471861240724701,0.0,0.17591083113500872,-0.063173604761675,-0.16849231571800155,-3.4042729021001628,-9.655788599079825,0.0,-0.013780933582652128,-0.0034062606876300904,-0.008102237011648887,2.4804258614840475,2.4822660722003573,2.483692227554993,2.478112522833321,-1.9215033766397964,2.0503509482511464,0.0,0.8052610480654109,0.2530662965195723,0.0
93.16859951321469,-9.57340644062744,19.835241682284106,1.5,0.5250125012028396,0.32072535723247747,0.22265620043483467,-0.7562548083924895,51.03989401657161,1.7573135627431824,0.0,0.17488231766815718,-0.06342285145531137,-0.16909907134027147,-3.545369734876481,-9.50215878813074,0.0,-0.013794205242994934,-0.003276820141783498,-0.008123151956842793,2.468275528404294,2.470119716747318,2.471560203085332,2.465966867685319,-1.8615784362924286,2.068456003620682,0.0,0.8013521860884715,0.23236189476227234,0.0
93.24319406846946,-5.776099829304374,19.94003443512677,1.5,0.5186531983078955,0.3209265881038968,0.21851040427124543,-0.7617468005565888,50.770304866663686,1.0542747745425194,0.0,0.17385294011550959,-0.0636624518835422,-0.1697041316719432,-3.6820077761501526,-9.347235869639823,0.0,-0.013805373717722457,-0.003146260879890485,-0.00814109634113146,2.4562517578763994,2.45810052864137,2.4595547538851585,2.4539485540396795,-1.801961616821752,2.0850255608976775,0.0,0.7969919323004422,0.21200696183932097,0.0
93.31778862372424,-1.9992791330610935,19.992816464901477,1.5,0.5122453740931696,0.32106812165140597,0.2143774134330605,-0.7671781165994879,50.49068881742062,0.36283709449060253,0.0,0.17282286903568453,-0.06389231788014219,-0.17031346558001625,-3.8142112797061776,-9.19113310599133,0.0,-0.013812643194545152,-0.0030155979663873803,-0.008153413386814001,2.4443547918579958,2.4462093699015446,2.4476764319982105,2.4420587400838376,-1.7426863673498145,2.1000913719092082,0.0,0.7921973456000988,0.19200720919777953,0.0
93.39238317897902,1.7563200094817133,19.99445632999869,1.5,0.505789423001133,0.3211505535465237,0.21025811455487145,-0.7725483200426837,50.20137568132927,-0.3169156302213041,0.0,0.17179224781014793,-0.06411221771969167,-0.1709205115954424,-3.9420069211401425,-9.033961782739821,0.0,-0.013820230567961994,-0.0028848276934591664,-0.008165154415277839,2.4325862890167445,2.4344465760378022,2.4359260750721003,2.4302972552440036,-1.6837849902584432,2.1136798682891444,0.0,0.7869804194875886,0.17236823049743438,0.0
93.4669777342338,5.489986485486262,19.945828535760832,1.5,0.4992857419167794,0.3211744999890535,0.20615338599315042,-0.7778569726620389,49.90269319240217,-0.984907773297839,0.0,0.17076078725187818,-0.06432155953198404,-0.17153186402930448,-4.065423718263492,-8.875831171829464,0.0,-0.013828512595381245,-0.0027397438919071846,-0.008175667934399767,2.4209457248984756,2.4228139350873046,2.42430531036547,2.418663714976161,-1.6252875354614693,2.1258100669856703,0.0,0.7813592356499386,0.15309787390739127,0.0
93.54157228948856,9.201033546481687,19.847812926037623,1.5,0.4927347343734004,0.3211405985047224,0.20206409600303818,-0.7831036321206014,49.59496683647024,-1.6410718031749931,0.0,0.16972920740524602,-0.06452089474673847,-0.17214018974605402,-4.184492944050132,-8.716848500939818,0.0,-0.013839830488647233,-0.002593684767580092,-0.008188063049084746,2.4094352625360065,2.4113108456977375,2.4128138670709682,2.4071591778865953,-1.5672244650256943,2.136529618316851,0.0,0.7753467999302658,0.134199810346857,0.0
93.61616684474333,12.888798634406726,19.70129408660344,1.5,0.48613680725210423,0.3210495067509837,0.1979911037837449,-0.7882878545760901,49.27851968458062,-2.285348088207863,0.0,0.16869726579645794,-0.06470956669172023,-0.17275221276821237,-4.299248044662981,-8.557118920106156,0.0,-0.013841365322048238,-0.0024499635969021188,-0.008188685243572521,2.398053102363173,2.3999383465649395,2.401451488364821,2.3957868509737263,-1.509624472835763,2.145855938225848,0.0,0.7689589641816781,0.11568026387674032,0.0
93.69076139999811,16.552643195485114,19.50716076091999,1.5,0.4794923753636643,0.3209019034159387,0.1939352574156715,-0.7934091922099565,48.95367223294863,-2.9176847555989918,0.0,0.1676641977065371,-0.06488635404386206,-0.17336184548261224,-4.409724557010123,-8.396745476389817,0.0,-0.013840986753641774,-0.0023066007199456276,-0.008186079756175245,2.3868012804343635,2.3886966169242068,2.390219124243646,2.3845455970971177,-1.4525131083083804,2.153797372868113,0.0,0.7622106827019993,0.09754338533309752,0.0
93.76535595525289,20.191952482553592,19.266305276168573,1.5,0.4728018578108213,0.32069848687388397,0.18989739514887155,-0.7984671959968741,48.62074225394427,-3.5380375660580867,0.0,0.16663070628342322,-0.06505179833019709,-0.17397505557551085,-4.515960024487982,-8.235829088002056,0.0,-0.013852626140538296,-0.002146210401478189,-0.008192671528729642,2.3756813403464636,2.3775869504775864,2.3791190304833285,2.3734321873389566,-1.3959182050940513,2.160400007438836,0.0,0.755115991990327,0.07979340970062618,0.0
93.83995051050766,23.806135346261293,18.97962298090253,1.5,0.4660656829337587,0.32043997605796776,0.18587834316548335,-0.8034614131851716,48.2800446469028,-4.1463697289637444,0.0,0.16559754866957582,-0.06520649115439764,-0.1745840618473011,-4.617993915930113,-8.074468522539817,0.0,-0.013858462211728777,-0.001985333748066943,-0.008192078203217079,2.364691838507928,2.3666091796997146,2.36814971947498,2.362451419112489,-1.3398662216703365,2.16571133139986,0.0,0.7476905484924662,0.06243289660340582,0.0
93.91454506576244,27.394624015413157,18.648011696349094,1.5,0.45928428441137764,0.3201271091217881,0.18187891689089394,-0.8083913901623712,47.93189129541911,-4.742651710920142,0.0,0.16456389073611713,-0.06534914275320776,-0.17519652614763795,-4.71586754482921,-7.912760376331828,0.0,-0.013860976879403186,-0.0018296768217137243,-0.008185584514791972,2.353833787246528,2.355763373058059,2.357311240968716,2.3516036930734443,-1.2843793084343211,2.1697368325194404,0.0,0.7399482997666157,0.04546538954386105,0.0
93.98913962101722,30.956873867125957,18.27237117934779,1.5,0.4524581064817244,0.31976064411291555,0.17789991881518044,-0.8132566699640514,47.57659093734459,-5.326861117912517,0.0,0.16352966098196647,-0.06547942906015705,-0.17580519909672362,-4.809623984170104,-7.750799058119815,0.0,-0.013866338156036166,-0.001662352613659781,-0.008179815633990596,2.343107657989753,2.3450506902005985,2.346605333101645,2.34088700136743,-1.2294815409067528,2.1725041980275823,0.0,0.7319033337869811,0.028894842785438763,0.0
94.06373417627199,34.49236318723189,17.853602596126265,1.5,0.44558759980298523,0.3193413577532223,0.17394213976120382,-0.8180567951832177,47.21444903355588,-5.898982530879645,0.0,0.16249570593701593,-0.06559793600843646,-0.176416364834742,-4.899307992735008,-7.5886767742581585,0.0,-0.0138672554384558,-0.0015007718826470708,-0.008166949061890007,2.3325134433390207,2.3344706337147967,2.3360307938290035,2.330304242347748,-1.1751951701309749,2.174062288869789,0.0,0.7235700322633676,0.012722714426484778,0.0
94.13832873152677,38.00059292121289,17.392608009807052,1.5,0.4386732270155541,0.3188700460419172,0.17000635661490418,-0.8227913054642179,46.84576764470798,-6.45900729292913,0.0,0.16146074370897742,-0.06570319833102009,-0.17702363048682682,-4.984965930580095,-7.4264835168198156,0.0,-0.013860441764775014,-0.0013417081721214617,-0.008144770712510815,2.322050821091321,2.3240236695400283,2.3255879439791385,2.3198559705862034,-1.1215394954116245,2.1744120945826797,0.0,0.7149640466219803,-0.0030514032354151616,0.0
94.21292328678155,41.48108641630988,16.890289879672153,1.5,0.43171545823702573,0.31834752272859645,0.1660933338425433,-0.8274597406187386,46.4708453184921,-7.0069334103722,0.0,0.16042582665373206,-0.06579592430719647,-0.1776333225069568,-5.066645679585042,-7.264307051698825,0.0,-0.013872292630809788,-0.001160111615389525,-0.008136245846404357,2.3117226251029663,2.3137110458639802,2.3152796716013833,2.3095360604497293,-1.068536409039615,2.1736026510994297,0.0,0.7060985699732872,-0.018423680614065966,0.0
94.28751784203632,44.93338915513111,16.347550571991082,1.5,0.4247147770354051,0.3177746202022186,0.1622038209770078,-0.8320616379713468,46.08997697408217,-7.542765346710703,0.0,0.1593912698468119,-0.0658762445847688,-0.17823730680972774,-5.144396570400086,-7.102232915399815,0.0,-0.013883019411442864,-0.0009848616787017182,-0.008124082385386538,2.3015277969035104,2.3035314340580566,2.305103380488124,2.2993501668480234,-1.0162035226055257,2.171673522078262,0.0,0.6969854139740592,-0.03339326364683665,0.0
94.3621123972911,48.35706848116866,15.765291884739296,1.5,0.4176716756042661,0.3171521877210918,0.15833855423798412,-0.8365965356511316,45.70345380064569,-8.066513847118479,0.0,0.15835650909187723,-0.06594351417850079,-0.1788436356770387,-5.218269299910246,-6.940344403521521,0.0,-0.013874748131112053,-0.0008091485435360222,-0.008091190761744424,2.291462630646168,2.293486203734816,2.2950590796756525,2.289301110850823,-0.9645590521715562,2.168642377139834,0.0,0.687640885668243,-0.04795961019569312,0.0
94.43670695254588,51.75171331677661,15.144414584539367,1.5,0.4105866610426497,0.31648109215405923,0.15449825405814194,-0.841063969966499,45.31156315708446,-8.578195787772168,0.0,0.15732117978105742,-0.06599693146941044,-0.17944446853020168,-5.288315856790093,-6.778722573189779,0.0,-0.01386521595084311,-0.0006372945877722611,-0.008054464765745015,2.281530855705925,2.283574389649102,2.2851470972592756,2.2793861180396067,-0.9136204325815308,2.1645283722991686,0.0,0.6780775606495656,-0.06212461366452129,0.0
94.51130150780064,55.11693387392114,14.48581795519461,1.5,0.40346025025042115,0.3157622164449793,0.15068362668220558,-0.8454634786810837,44.914588478340676,-9.077834021131718,0.0,0.15628585302788947,-0.06603675242515064,-0.18004709183720843,-5.354589449670906,-6.617446239069123,0.0,-0.013876357770323427,-0.00044831308588451075,-0.008031745229536336,2.2717345085008875,2.2737970569323633,2.2753695843323043,2.2696000765641253,-0.8634042611102871,2.1593701870326565,0.0,0.6683074965806051,-0.07588615502665717,0.0
94.58589606305542,58.45236135804857,13.790399358499949,1.5,0.3962929765838799,0.31499646012478993,0.1468953615638848,-0.8497945984590368,44.51280918357614,-9.565457202586048,0.0,0.1552510420283722,-0.06606383246037054,-0.1806425916533156,-5.417144430300069,-6.456591975049819,0.0,-0.013877969637276555,-0.0002589741145138146,-0.007997520160154753,2.262069810223691,2.2641537591256515,2.2657244136633383,2.259949301610543,-0.813920818333574,2.1532169912323025,0.0,0.6583477193817853,-0.08924543054040528,0.0
94.66049061831019,61.75764766574317,13.059053808831408,1.5,0.38908538431348905,0.31418473754982545,0.14313413333439903,-0.8540568682933136,44.10650060309188,-10.041099586478962,0.0,0.1542159648767449,-0.06607678754184593,-0.18123971252111734,-5.4760362178668265,-6.296234117252505,0.0,-0.013876229343554715,-7.949286036466279e-05,-0.007955881533455278,2.252538229580585,2.2546437499186016,2.2562109525137855,2.2504334868526406,-0.7651878210080035,2.1460754276214797,0.0,0.6482072574712158,-0.10220386963821061,0.0
94.73508517356497,65.0324650765137,12.292673559831748,1.5,0.3818380357196894,0.31332797861616224,0.13940059892336612,-0.8582498268650253,43.69593389374153,-10.5048009078926,0.0,0.15318084705979743,-0.06607566553159824,-0.1818294490844089,-5.531321232660061,-6.136444770259819,0.0,-0.013874817214322517,0.00010666456407968085,-0.007910983443325388,2.2431393767130063,2.245267828996252,2.2468303522398645,2.2410506768289347,-0.7172195069260208,2.137979295221945,0.0,0.6378999716756845,-0.1147614359494732,0.0
94.80967972881975,68.27650593878163,11.492147702629063,1.5,0.3745515052159801,0.31242712688859553,0.135695399595638,-0.8623730160743442,43.28137596699915,-10.95660619712569,0.0,0.15214587031649646,-0.06606048986168404,-0.18241999891697966,-5.583056821329598,-5.977293811602751,0.0,-0.013875381167647048,0.00029641836022722533,-0.007862847503649413,2.233873315925464,2.2360258044315824,2.237582266522131,2.231800771475871,-0.6700266223716695,2.1289618855630827,0.0,0.6274410856520628,-0.126920114944575,0.0
94.88427428407452,71.48948235069163,10.658361777070434,1.5,0.3672263868145738,0.3114831401611156,0.1320191579640563,-0.8664259784614872,42.86308942188212,-11.396565612428754,0.0,0.15111092440291193,-0.06603133742125392,-0.18300229568556986,-5.631301190570053,-5.81884889912982,0.0,-0.013885024463831391,0.00047762942421831773,-0.00781824340289432,2.224742142263539,2.2269162953804056,2.2284657859995414,2.222683212850573,-0.6236160470856627,2.1190539410432336,0.0,0.6168350188089005,-0.13868373396818814,0.0
94.9588688393293,74.6711258364799,9.792197395438125,1.5,0.35986328776804305,0.31049698862841624,0.12837248049805675,-0.8704082607720562,42.4413324947897,-11.824734271882539,0.0,0.1500758957646873,-0.06598767629670474,-0.18358508219597308,-5.67611333573449,-5.661175489068968,0.0,-0.013873556293800599,0.0006782854365480472,-0.0077508625330985174,2.215738348331287,2.217942009959892,2.219481881625467,2.2137008988277413,-0.5780064548224487,2.108278992519645,0.0,0.60610164110966,-0.1500521044757577,0.0
95.03346339458407,77.82118701806637,8.894531878017283,1.5,0.3524628364743923,0.309469655263727,0.12475595425097644,-0.8743194114591669,42.016358979616115,-12.241172106094767,0.0,0.1490410311992679,-0.0659302262090796,-0.1841586267671547,-5.7175529747700455,-5.504336839549822,0.0,-0.013870473215004774,0.0008746291546745073,-0.007686110945986008,2.206868490975922,2.2091000833728622,2.210629304505911,2.2048502762877478,-0.5331952287368844,2.0966775499608117,0.0,0.595249982228852,-0.16102844674280947,0.0
95.10805794983885,80.93943528280063,7.966237901162179,1.5,0.3450256758688285,0.3084021341254781,0.12117014916621346,-0.8781589842443943,41.58841820526445,-12.645943668880745,0.0,0.14800631640659398,-0.06585816832733998,-0.1847319085930092,-5.755680485703063,-5.348394027561963,0.0,-0.01387103508538053,0.0010640719077121851,-0.007618546497057172,2.198131343030188,2.200390369908079,2.2019073825164184,2.196132103409117,-0.48919996132783916,2.0842697237879255,0.0,0.584291508963206,-0.17161505022502938,0.0
95.18265250509363,84.0256584477751,7.008183157678334,1.5,0.33755247151129664,0.30729543057728,0.11761561521986029,-0.881926535704303,41.157754967591714,-13.03911799521954,0.0,0.1469716384439735,-0.06577142416492862,-0.18529510535704175,-5.790556838650038,-5.193405965069824,0.0,-0.01387171167862193,0.0012523577392141248,-0.007546303043782776,2.189525819383276,2.1918128204692833,2.1933160381979855,2.187546128014847,-0.4460276301823834,2.0710839863625097,0.0,0.5732382325407726,-0.18181634982650677,0.0
95.2572470603484,87.07966242033984,6.021230028712976,1.5,0.330043904666838,0.30615055948889475,0.11409288469320394,-0.8856216289021442,40.72460949268399,-13.420768438131441,0.0,0.14593713432536992,-0.06567042789964572,-0.18585740370925788,-5.822243534527997,-5.039429414180335,0.0,-0.013868406368201192,0.0014527277029518304,-0.007464692853098383,2.1810495975945945,2.183368264605098,2.1848556922568334,2.179091782391054,-0.40368230559726703,2.0571541451438513,0.0,0.5620974450298195,-0.19163440226238124,0.0
95.33184161560318,90.10127085594851,5.006235267994957,1.5,0.322500680733018,0.30496854540503704,0.11060246927024427,-0.8892438310337613,40.2892174034804,-13.790972498247816,0.0,0.14490241302811716,-0.06555493498329891,-0.18640879486548642,-5.850802540350037,-4.886519006719793,0.0,-0.013855563547958251,0.0016654193180383433,-0.007370510208487931,2.1727016030567485,2.1750561861031934,2.1765257717824427,2.170769414793619,-0.362170188722538,2.042503690632894,0.0,0.5508892460766929,-0.2010725090268563,0.0
95.40643617085796,93.09032481344408,3.9640496976703856,1.5,0.31492352199368173,0.3037504209114134,0.10714486230895344,-0.8927927170245228,39.85180968514318,-14.14981168502361,0.0,0.14386881406215435,-0.06542499656677409,-0.18695788104263603,-5.876296236472795,-4.734727262314106,0.0,-0.013865933139862011,0.0018419475726358908,-0.007287824214312784,2.1644897135798082,2.166872266722767,2.1683229594917974,2.162576795173,-0.321497734657571,2.0271738109897006,0.0,0.5396156175379145,-0.2101350570325729,0.0
95.48103072611272,96.04668240793374,2.895517916567715,1.5,0.3073131763567816,0.30249722662736683,0.10372053595429209,-0.8962678672928154,39.41261265379669,-14.49737131803549,0.0,0.14283387510203568,-0.06528002257278073,-0.18749583054734656,-5.898787351480024,-4.584104610149828,0.0,-0.013853372328123448,0.0020391382766865086,-0.007181763816804873,2.156402255918727,2.158820674348395,2.16024980126341,2.1545167226106,-0.28166679067976014,2.011163065945006,0.0,0.5282884880389811,-0.218825920503569,0.0
95.5556252813675,98.97021846155563,1.8014780192755921,1.5,0.299670409657556,0.30121000931415565,0.10032994376298125,-0.8996688714461315,38.97184793048392,-14.83374044088241,0.0,0.1417990729676622,-0.06512144790107081,-0.18803149620593762,-5.918338904381659,-4.434699411342878,0.0,-0.013863811951277094,0.0022303400070903434,-0.007086126739677478,2.1484475101092073,2.150898341843494,2.1523046507725514,2.1465832990045643,-0.24267159687953585,1.994526575549613,0.0,0.5169213354290206,-0.2271489365927717,0.0
95.63021983662227,101.86082415359367,0.6827613265803065,1.5,0.29199601483456067,0.299889822191122,0.09697351741178428,-0.9029953260054554,38.5297324558875,-15.159011603659424,0.0,0.14076564251904827,-0.06494714911332904,-0.18855279516623494,-5.935014155020018,-4.286557980429832,0.0,-0.01387735829710491,0.002399163167770482,-0.006986772391403156,2.1406231605263266,2.1431036923849964,2.1444853108352944,2.138780114795973,-0.20454887694661814,1.97728391854117,0.0,0.5055173210664774,-0.2351091556721572,0.0
95.70481439187705,104.71840666814109,-0.45980787142985324,1.5,0.2842908037949987,0.29853772283130087,0.09365166965732682,-0.906246838170865,38.086478402576994,-15.473280732943627,0.0,0.13973111374123218,-0.06475848640516683,-0.18907195495547394,-5.948876542321515,-4.139724611989467,0.0,-0.013862643111781469,0.0026169071592141093,-0.0068586384530872875,2.1329182249155925,2.1354417927775193,2.136795646720132,2.1311065534183147,-0.1672735703990634,1.9594502535306997,0.0,0.49409002125121926,-0.24271121762406644,0.0
95.77940894713183,107.5428888401816,-1.6254125626577698,1.5,0.2765556168260659,0.29715477331839935,0.09036479117764415,-0.9094230236867031,37.642293216967495,-15.77664701449506,0.0,0.1386973447231218,-0.06455701267901831,-0.18957598355840533,-5.959989634540011,-3.9942416063198354,0.0,-0.013861730190577647,0.0028287604363834815,-0.006734464291783725,2.1253427653960144,2.1279071940590786,2.129231736014657,2.1235590930630726,-0.13083606034385656,1.9410829503367635,0.0,0.4826529380279481,-0.2499580124143821,0.0
95.8540035023866,110.33420880274797,-2.813243248194184,1.5,0.26879131427175124,0.29574203846266844,0.0871132531394939,-0.9125235104836833,37.19737961740276,-16.069212680004366,0.0,0.13766365703863293,-0.06434122796273882,-0.1900761477552612,-5.9684170810583606,-3.850149291328072,0.0,-0.013861467600403254,0.0029980997358445196,-0.006602784419596107,2.1178962361242206,2.120497024868064,2.121789982194366,2.116141754487627,-0.09525098481337575,1.9221876636525093,0.0,0.4712095666459163,-0.25685697866807156,0.0
95.92859805764138,113.09231963340952,-4.022498165685667,1.5,0.2609987860504081,0.2943005856168375,0.08389740448932165,-0.9155479367601431,36.751935576398296,-16.351082898051736,0.0,0.13662937024195843,-0.06410969858309658,-0.1905608735416659,-5.974222556190005,-3.7074860563998384,0.0,-0.01386477253847772,0.003173742771987378,-0.006466785860752129,2.110575164193139,2.1132137404344555,2.1144730171449155,2.108849770506322,-0.060536751290544,1.9027713032032822,0.0,0.4597683177978409,-0.26341117388097235,0.0
96.00319261289616,115.81718899933462,-5.252383504004046,1.5,0.25317894300221316,0.2928314829310062,0.08071757458120445,-0.9184959545792446,36.30615429247791,-16.62236566270435,0.0,0.13559570368174767,-0.06386452132982111,-0.19104044142927373,-5.977469714603257,-3.566288375592765,0.0,-0.013862486200951882,0.003373554448343696,-0.006318428390572319,2.103375691231719,2.1060581010359067,2.1072811887344836,2.101682581211564,-0.02667566445689131,1.8828884836602924,0.0,0.4483423481002579,-0.26962708090450993,0.0
96.07778716815093,118.50879880234824,-6.502113606402272,1.5,0.24533272671643247,0.29133579929324754,0.07757407020414395,-0.9213672280280037,35.86022421748709,-16.88317159103775,0.0,0.1345613229164939,-0.06360636205334912,-0.19150327347909277,-5.978222144399999,-3.4265908394498426,0.0,-0.013860400575890249,0.003548421669654005,-0.0061629719219196254,2.0963016117987263,2.0990254876839956,2.100210184336643,2.0946418598720196,0.006351211577971503,1.8625541534159566,0.0,0.4369322027089856,-0.2755098761077666,0.0
96.15238172340571,121.16714482594129,-7.7709111621828635,1.5,0.23746110043689925,0.28981460234446355,0.07446717867034348,-0.9241614368432046,35.41432909118461,-17.133613811364782,0.0,0.1335261298570562,-0.06333424813035077,-0.19196099379644274,-5.976543316541553,-3.2884261847497904,0.0,-0.013864337511345401,0.0037402465168044513,-0.00600285005977719,2.0893496008546038,2.0921181636318766,2.0932620824682835,2.0877229735095675,0.03852475799437721,1.8417832859197532,0.0,0.42555818746289853,-0.28106425543920277,0.0
96.22697627866049,123.79223638262457,-9.058007389718792,1.5,0.22956505920509837,0.28826895869634095,0.07139716442007052,-0.9268782746170396,34.9686479142557,-17.373807853427746,0.0,0.13249304778041238,-0.06304820788441723,-0.19239857069583838,-5.972496551879994,-3.1518253216798455,0.0,-0.01390420233592792,0.0038867122119888684,-0.005860060259209084,2.0825279447713783,2.0853303259724054,2.0864317919288986,2.080924767531305,0.06983992895244312,1.8206303549655354,0.0,0.41420909635124975,-0.28629758549448503,0.0
96.30157083391526,126.38409596100455,-10.362642208228191,1.5,0.22164562031906507,0.28669993160164753,0.06836427266572069,-0.929517452464382,34.52335496053133,-17.603871450086007,0.0,0.13145942555961754,-0.06274930669956175,-0.19282984896223865,-5.966144961091188,-3.0168173713561175,0.0,-0.013867671478876683,0.004097810721356386,-0.00565541854084304,2.075810636309057,2.0786699902244044,2.0797250917332666,2.0742555446452138,0.10030897834968533,1.799098082758167,0.0,0.4029099312054137,-0.2912143289939005,0.0
96.37616538917004,128.94275887411908,-11.684064398813494,1.5,0.213703833653071,0.2851085814245493,0.06536872587512604,-0.9320786972984225,34.07861979968479,-17.823924442916855,0.0,0.1304239621427703,-0.062437199655251685,-0.1932422153398459,-5.957551423859987,-2.8834296935398194,0.0,-0.013864994583044679,0.004261854974177901,-0.005466082166972386,2.0692214534923714,2.072127068410459,2.073133985416266,2.0677055633441825,0.12995080950110482,1.7771921301657048,0.0,0.3916592803711945,-0.295819687100533,0.0
96.45075994442482,131.46827291028782,-13.02153175767292,1.5,0.2057407719603209,0.28349596331563254,0.06241072711943401,-0.9345617554112389,33.63460734888059,-18.034088678882387,0.0,0.12938901105348596,-0.06211195556009047,-0.19364648534633047,-5.94677853138262,-2.751687917528994,0.0,-0.013873088371738977,0.004442801871086499,-0.005274553630960602,2.0627509918119125,2.0657055091207375,2.0666617452313654,2.061272818554395,0.1587459188672154,1.7549597678229125,0.0,0.3804685569931324,-0.30012159747370376,0.0
96.52535449967958,133.96069798484442,-14.374311239128987,1.5,0.19775754108287116,0.2818631272617018,0.059490457184320444,-0.9369663910403141,33.19147784087929,-18.234487837370384,0.0,0.12835429510490343,-0.0617745143992385,-0.19402889140748922,-5.9338885563799835,-2.621615979389853,0.0,-0.013883687949244739,0.00461479189878825,-0.005076403357937559,2.056399078490836,2.0594022508274343,2.0603053606560064,2.0549592329234274,0.1867139423585568,1.732424806014574,0.0,0.36933884888952806,-0.30412318455248843,0.0
96.59994905493436,136.42010579305247,-15.741679088142451,1.5,0.18975527014303178,0.2802111166062312,0.056608077582349085,-0.9392923895867915,32.74938688352353,-18.42524731429849,0.0,0.12731872831103683,-0.06142542713903198,-0.19440301393121803,-5.9189434215122025,-2.4932361525803803,0.0,-0.01387956485902052,0.004774418693532009,-0.004858664823366025,2.050161948134421,2.0532162629829784,2.054063379608399,2.0487666040721235,0.21386428951371161,1.7096008177847193,0.0,0.3582747758466794,-0.3078330534897038,0.0
96.67454361018913,138.84657946664353,-17.122920964176497,1.5,0.18173512169311976,0.2785409671956317,0.05376372794201285,-0.9415395566277002,32.308485508033506,-18.60649411004368,0.0,0.12628322732163838,-0.06106283745987848,-0.19475379979492285,-5.90200464762998,-2.366569083069857,0.0,-0.013867526131365297,0.004964540248752211,-0.004627399343865679,2.044036816796506,2.0471491838284788,2.0479376946899226,2.0426896048838463,0.24016747598016244,1.6865065942992437,0.0,0.3472997591862599,-0.311256412272587,0.0
96.74913816544391,141.24021323090764,-18.51733205643039,1.5,0.17369828174037288,0.2768537065100886,0.05095752898489914,-0.9437077208287643,31.86892012519293,-18.77835671256032,0.0,0.12524783437691103,-0.06068814415700322,-0.19509453207264094,-5.883133340092272,-2.2416338235200417,0.0,-0.01388941817528997,0.005090084547409653,-0.004408159902841634,2.0380349393533095,2.0411931728911346,2.0419205984688267,2.0367278295912166,0.2656605158051888,1.6631707023029425,0.0,0.33639987719114445,-0.3143996476376293,0.0
96.82373272069869,143.60111206383348,-19.924217189810886,1.5,0.16564596991653371,0.2751503528010595,0.04818957971160309,-0.9457967331361863,31.4308326218993,-18.940964963538416,0.0,0.12421132343911638,-0.06030329187281848,-0.1954110728875317,-5.862390141439975,-2.118447863279861,0.0,-0.013895501010762269,0.0052484615121121,-0.0041698326688487915,2.032141288322169,2.035353880846347,2.036017528823899,2.030880398144856,0.2903570056852836,1.6396084137544078,0.0,0.32558989726805054,-0.31726876060738685,0.0
96.89832727595346,145.92939135984,-21.3428909220824,1.5,0.15757942916272058,0.27343191381972837,0.0454599610776782,-0.9478064696700734,30.994360400831205,-19.094449955020803,0.0,0.12317426887259506,-0.059906347767074306,-0.1957167948152625,-5.839835205103347,-1.9970271736164555,0.0,-0.01390067100019803,0.0053886166576256325,-0.003920706984469302,2.0263600898075524,2.0296266600066737,2.0302237067131976,2.0251475794443086,0.31423994266382066,1.6158380927471643,0.0,0.3148691432943284,-0.3198698986651879,0.0
96.97292183120824,148.22517659484538,-22.772677633157592,1.5,0.1494999358749156,0.2716993862545702,0.042768732869975165,-0.9497368310068757,30.559636367675708,-19.238943925629695,0.0,0.1221372952481004,-0.059499750708237514,-0.19599591058846863,-5.815528161269971,-1.8773862322798647,0.0,-0.013892744626323714,0.005562544901266735,-0.0036545661586889874,2.0206849854821387,2.0240136891697533,2.0245415343399995,2.0195261078099,0.33733497200509127,1.5918937521568777,0.0,0.30425315697554844,-0.32221041430925396,0.0
97.04751638646302,150.48860299414568,-24.21291160528727,1.5,0.14140878962136183,0.2699537548079698,0.040115937001964835,-0.9515877448146095,30.12678901881304,-19.374580115512458,0.0,0.12109929310380078,-0.059081881389409716,-0.1962633076609192,-5.789528100907269,-1.759538062660761,0.0,-0.013913983063846037,0.005668102032566819,-0.0033962453428563544,2.015127606343995,2.0185066586583136,2.0189625394791904,2.0140159893143093,0.35964049395717657,1.5677744857130402,0.0,0.29373385937542507,-0.32429564502176755,0.0
97.12211094171779,152.71981520412893,-25.662937095659057,1.5,0.13330732282896376,0.2681959912634281,0.03750159529094244,-0.9533591654256207,29.69594246136911,-19.50149271091646,0.0,0.12006142898849421,-0.058654306192861994,-0.19650240934188667,-5.761893533139968,-1.643494272529869,0.0,-0.013909916032403052,0.005830489403341689,-0.0031133405782705114,2.0096703655525077,2.0131129216183505,2.0134942075295235,2.0086147250429267,0.3811600717692,1.5435185665193272,0.0,0.28332953129680244,-0.32613210476244414,0.0
97.19670549697257,154.9189669661767,-27.12210840110898,1.5,0.1251968906399452,0.266427053501795,0.03492571220712118,-0.9550510763112445,29.267216445617702,-19.619816688086246,0.0,0.11902257386144859,-0.0582171999537952,-0.19672854514377586,-5.732682368353974,-1.5292650819696283,0.0,-0.013929469776938454,0.005926679417217064,-0.0028344938297647795,2.004327204109921,2.0078226497338245,2.008126535865647,2.0033228623202994,0.4019180894944841,1.519129531405003,0.0,0.27303717435385777,-0.32772656542603235,0.0
97.27130005222735,157.08622079490132,-28.589789914726726,1.5,0.11707888027837839,0.2646478851667587,0.03238827278139654,-0.9566634896638218,28.840726454750026,-19.729687749713243,0.0,0.11798348321594535,-0.05776973130098768,-0.1969249588543505,-5.701951895209957,-1.4168593652998478,0.0,-0.013954388774143135,0.006015017833464162,-0.0025497505020642976,1.9990904046009124,2.002638421217717,2.002862228645902,1.9981374041050535,0.4218966836307697,1.4946312191178313,0.0,0.2628552145697413,-0.3290848761857338,0.0
97.34589460748212,159.22174765937348,-30.06535617564908,1.5,0.1089547008456944,0.2628594140975115,0.02988924574100193,-0.9581964488417666,28.41658369241571,-19.831242209914116,0.0,0.11694391555547097,-0.05731410733462936,-0.19710686853632384,-5.669758746310704,-1.3062846846932255,0.0,-0.01394723856035483,0.006164048719056485,-0.002235480557682126,1.9939481426042869,1.997563816363325,1.9977048967572142,1.9930574627407698,0.4411224435888556,1.470044976134076,0.0,0.2528009018750035,-0.33021487724402515,0.0
97.4204891627369,161.32572666721686,-31.548191910704748,1.5,0.10082579237644479,0.26106255248211363,0.027428581197495118,-0.95965002798764,27.99489516742083,-19.924616885674364,0.0,0.11590270969529286,-0.05685022655085999,-0.197258242696253,-5.636158892089953,-1.1975473264598528,0.0,-0.013962373170739784,0.006250697000800673,-0.0019254909827197057,1.9889156744131307,1.9925885955982303,1.9926442858698488,1.9880826765388642,0.45961430958202465,1.4453724474226313,0.0,0.2428627143263254,-0.33111986600018917,0.0
97.49508371799166,163.3983447538337,-33.037692069728394,1.5,0.09269361577172956,0.2592581952648327,0.02500621373098765,-0.9610243342694424,27.575763755131163,-20.009949040285743,0.0,0.11486139276201789,-0.05637905750712833,-0.19739366811650924,-5.6012076049506865,-1.0906523348279664,0.0,-0.013966146544616241,0.006377843556334314,-0.0015986904995273737,1.9839792720541631,1.98771874067725,1.9876864176109121,1.983209091834183,0.4773696012999957,1.4206491111855162,0.0,0.23306176288707875,-0.3318096848546358,0.0
97.56967827324644,165.4397963752755,-34.53326185363387,1.5,0.0845596613714369,0.25744722012662363,0.022622060116814207,-0.962319507707234,27.159288232785926,-20.08737624379248,0.0,0.1138192189204881,-0.055898793853509966,-0.19749647311074142,-5.564959450979958,-0.9856035442328818,0.0,-0.013994184882676817,0.006433172731219747,-0.0012771569779930876,1.979150737715041,1.9829447929141086,1.982821710400549,1.9784381981346997,0.4943870337995004,1.3958753655995817,0.0,0.22338097149362438,-0.3322880994340443,0.0
97.64427282850122,167.45028320413263,-36.03431673549027,1.5,0.07642543897129034,0.25563048635102037,0.020276022867803237,-0.963535723065134,26.74556331901781,-20.15703632336151,0.0,0.11277568186341819,-0.0554121545676397,-0.19758284575099846,-5.5274682648833275,-0.8824036259726078,0.0,-0.013987042486241986,0.006568205230157513,-0.000925373188762281,1.9744093680397004,1.9782759319214482,1.9780597635348918,1.9737661043352381,0.510688441561185,1.3710720199175288,0.0,0.21383794722104535,-0.3325636995410607,0.0
97.71886738375599,169.43001382956265,-37.54028247596271,1.5,0.06829248583842115,0.2538088345553623,0.01796798793744162,-0.9646731898882325,26.334679746070734,-20.219067266906467,0.0,0.11173225592497976,-0.054919529896921136,-0.19763446646969993,-5.488787137369955,-0.7810541145318859,0.0,-0.013996461182309771,0.006665153334784041,-0.0005746485425163731,1.9697694786584752,1.9737023493449204,1.9733905482919196,1.9691924552012197,0.5262929999570972,1.346265495799292,0.0,0.20443548782460857,-0.3326402983664167,0.0
97.79346193901077,171.37920346248123,-39.05059513141325,1.5,0.0601623572478509,0.2519830857207244,0.015697827406233867,-0.965732154117159,25.926724332187373,-20.27360711638258,0.0,0.11068765469339817,-0.054419987266008205,-0.19766836207905003,-5.448968394308841,-0.6815554396636445,0.0,-0.014008706415747488,0.006732497166011534,-0.000215935897240942,1.9652267921773574,1.9692233008223583,1.9688132869724606,1.9647171156056393,0.541194437053759,1.3214544357454572,0.0,0.19517189291086318,-0.3325245684900988,0.0
97.86805649426555,173.29807364437175,-40.56470105624613,1.5,0.052036633551172454,0.2501540410102307,0.013465398245296528,-0.9667128982200498,25.52178000222474,-20.32079392265665,0.0,0.10964221175577811,-0.05391522464231417,-0.19766653638457016,-5.408063587119952,-0.58390696959389,0.0,-0.014016193794321067,0.00680772536566754,0.0001536644197288437,1.960776464540447,1.9648396512678314,1.9643291618405505,1.9603368971530237,0.5554139080325008,1.2966608267177218,0.0,0.18604845934607547,-0.33222670433259005,0.0
97.94265104952032,175.1868519602378,-42.08205689983191,1.5,0.04391691114930906,0.24832248088514047,0.011270544818655352,-0.9676157425453782,25.119925876999243,-20.360765648337157,0.0,0.10859672910775077,-0.05340511994047782,-0.19764520723482903,-5.366123473231239,-0.48810704227813456,0.0,-0.014031680758543377,0.00687083421905403,0.0005278956657455501,1.9564198189186734,1.9605487383677234,1.9599352770007368,1.9560500017050912,0.5689560081447009,1.2719027920904158,0.0,0.17707427931226452,-0.33174976489131625,0.0
98.0172456047751,177.0457717563157,-43.60212959664893,1.5,0.03580480890046667,0.2464891650699612,0.009113097273519579,-0.9684410455060225,24.721237314089947,-20.393660076414236,0.0,0.10754909573325862,-0.05289002857418968,-0.1975874430856142,-5.32319801223995,-0.39415299590089425,0.0,-0.01405312598025247,0.006897505504846481,0.0009068083892272609,1.9521571165371248,1.9563470880299039,1.955628322940517,1.951856878396595,0.5818345313979542,1.247171897618387,0.0,0.1682389147678073,-0.3310969155363579,0.0
98.09184016002988,178.87507186205795,-45.12439635184778,1.5,0.02770195947628712,0.2446548314576898,0.006992874417645642,-0.9691892047443381,24.32578597991379,-20.41961478509384,0.0,0.10650082701474929,-0.05237117757731588,-0.19750940420818494,-5.279336339247941,-0.30204121075007895,0.0,-0.014054650478106827,0.0069826445219429495,0.001305124758755802,1.9479763576473514,1.9522398215346741,1.9514138454020806,1.947752746788013,0.5940571185943169,1.222501737230022,0.0,0.15955787284187253,-0.3302771898991843,0.0
98.16643471528465,180.67499631660485,-46.64834462151768,1.5,0.019610014879703947,0.24282019664500304,0.004909682266016136,-0.969860657227494,23.933639897926867,-20.438767031227822,0.0,0.10545201033454611,-0.05184856593581505,-0.19739271228609703,-5.234586777049938,-0.2117671378398781,0.0,-0.014053440679005963,0.0070070163750235006,0.0017120327296321395,1.9438870974496867,1.9482168740332586,1.9472817138964251,1.9437421062649742,0.6056422548642905,1.1979019055948714,0.0,0.1510228578090525,-0.3292997376627752,0.0
98.24102927053943,182.44579410007194,-48.17347208675814,1.5,0.011530638552420213,0.24098595443046306,0.002863316245056592,-0.9704558802758079,23.544863530775185,-20.45125369432603,0.0,0.1044020745760514,-0.05132279925985744,-0.1972549776801678,-5.188996798028635,-0.12332533059928202,0.0,-0.014077856971536865,0.007067315376657866,0.0021132055347219663,1.9398844064785477,1.9442839458315544,1.9432370776094996,1.9398128638878858,0.6165919100767676,1.1733755370330639,0.0,0.14264314399093098,-0.3281656416045162,0.0
98.3156238257942,184.18771886932515,-49.69928662372448,1.5,0.0034655097520789532,0.23915277654456113,0.0008535605397358354,-0.9709753916282279,23.159517817573075,-20.457211230534202,0.0,0.10335180709590305,-0.050794511548257905,-0.19707725630619263,-5.142613041719937,-0.03670948373398308,0.0,-0.01408705665276973,0.007093506571483718,0.002529081902005975,1.935966622277502,1.9404339411599956,1.9392737866392329,1.935973736326879,0.6269266341876487,1.1489468340949818,0.0,0.13441341242185303,-0.3268830482251895,0.0
98.39021838104898,185.9010286984398,-51.22530626847293,1.5,0.004583683555376942,-0.23732131176718588,0.0011198101213500213,0.9714197500830722,22.777660261923227,-20.456775576735627,0.0,0.10230033390764462,-0.050263996468522386,-0.19687758231611213,-5.0954812919338766,0.04808753883598129,0.0,-0.014100157468298137,0.007124938421525063,0.0029500861843819275,1.9321316666558093,1.9366683911950544,1.9353930237915231,1.9322178774912064,0.6366507794844175,1.1246141948012518,0.0,0.12633702051112436,-0.32545564607317395,0.0
98.46481293630374,187.5859858240803,-52.75105917715813,1.5,0.012615241372535339,-0.23549218570226724,0.0030570309654816582,0.9717895557783885,22.399344977235575,-20.45008212162139,0.0,0.10124811675483292,-0.049731956817957106,-0.19663704710296057,-5.047646469909945,0.13107366875409332,0.0,-0.01409909925591176,0.007161761911000156,0.003384329610318719,1.9283759380537449,1.9329853395426702,1.9315934066312108,1.928546003423954,0.6457789774022,1.1003956006969176,0.0,0.11842097001745513,-0.3238936741196218,0.0
98.53940749155852,189.24285639523356,-54.27608358205534,1.5,0.02062745797706017,-0.2336660011027296,0.004958345489396793,0.9720854503160057,22.024622755266165,-20.437265624242308,0.0,0.1001950786649056,-0.049199126806243845,-0.19637349061996942,-4.999152641612042,0.21225760247923042,0.0,-0.014121446221655641,0.007154391295686287,0.003812789254386797,1.9247060250566361,1.9293802413659789,1.9278696217404694,1.9249551543177492,0.6543291729817772,1.0762954467997732,0.0,0.1106604741700369,-0.3221996893975052,0.0
98.6140020468133,190.87191022854586,-55.79992774316853,1.5,0.028618619707252015,-0.23184333711230434,0.006824005867846101,0.9723081171041399,21.65354115277638,-20.418460176113374,0.0,0.0991415548013244,-0.04866451406637158,-0.19606799769409228,-4.950042997189944,0.29164877058108923,0.0,-0.01415071914642768,0.007138363696718301,0.004242975603397987,1.9211160231852933,1.925853705549627,1.9242227229235331,1.9214433369915191,0.6622919482147835,1.0523302221735877,0.0,0.1030533377990767,-0.32037728202525434,0.0
98.68859660206807,192.47342056771592,-57.32214989596463,1.5,0.03658701037615154,-0.23002474953619934,0.008654271348351852,0.9724582812953846,21.286144508856655,-20.3937991365171,0.0,0.09808774881103854,-0.04813045527348631,-0.1957384501984034,-4.90035985610535,0.3692573038482268,0.0,-0.014140996178827305,0.007157487455298465,0.004698166927339658,1.9175951090458476,1.922406748539402,1.9206550451842688,1.918011790426392,0.669698633044564,1.0285123604035273,0.0,0.09560382511654868,-0.3184360854322671,0.0
98.76319115732285,194.04766384761817,-58.84231819434613,1.5,0.044530910246064107,-0.2282107704963703,0.010449408474327201,0.9725367099110689,20.92247405357979,-20.36341506426756,0.0,0.09703183975018467,-0.047597169975246996,-0.19536699485632664,-4.850144656999944,0.4450940050810852,0.0,-0.01414364751225021,0.007165705137895537,0.005151382760500792,1.9141519244189038,1.9190349878390083,1.9171610587096302,1.914655556563585,0.6765591915513124,1.0048259949910932,0.0,0.08831588739545694,-0.3163782812411372,0.0
98.83778571257763,195.59491946410913,-60.36001065089309,1.5,0.05244860039156544,-0.22640190883961783,0.012209689851078573,0.9725442115731725,20.562567956719494,-20.3274397188379,0.0,0.09597537174784454,-0.047064912662338754,-0.19497096330385474,-4.799437965509114,0.5191703180767653,0.0,-0.014157609970917475,0.007132646003555859,0.0056032250364339885,1.91078670373588,1.9157347986360251,1.9137372818706746,1.9113752908334818,0.6828857359483808,0.9812987061531495,0.0,0.08118560295509565,-0.314211761887737,0.0
98.9123802678324,197.1154695486069,-61.87481507399412,1.5,0.06033836293402352,-0.224598649683755,0.01393539407901298,0.9724816364901389,20.2064614061282,-20.28600397876075,0.0,0.09491967633185068,-0.04653299356246951,-0.19453098901030244,-4.7482794608399415,0.5914982996920811,0.0,-0.014178218283460652,0.007088077226718151,0.0060550859326767925,1.9074954773007844,1.9125065299950639,1.9103842611817226,1.9081678635332764,0.6886749812642862,0.9579516893885285,0.0,0.07421170303895444,-0.31193973852266427,0.0
98.98697482308718,198.6095987471031,-63.38632899996506,1.5,0.06819848432402974,-0.22280145486346078,0.01562680466703574,0.9723498760335852,19.854186645472126,-20.23923777883952,0.0,0.09386288227874964,-0.046003073972497824,-0.1940661810312312,-4.696707944236798,0.6620905866914576,0.0,-0.014171432408258492,0.0070826981290870806,0.0065235170183264544,1.9042685965309956,1.9093517447375385,1.9071047336237734,1.905032439425672,0.6939479629621966,0.9347732163267024,0.0,0.0673916306807708,-0.30956745850181877,0.0
99.06156937834196,200.0775940035928,-64.89415962245405,1.5,0.07602725687253059,-0.22101076264793482,0.017284209638962957,0.9721498624715085,19.505773051749287,-20.187270103412924,0.0,0.09280532916823671,-0.04547724893358344,-0.19355776289260387,-4.644761329299929,0.7309603675340927,0.0,-0.014170951590470385,0.007109119950097498,0.006991112690729853,1.9011095763875718,1.9062686704310403,1.9038961194314616,1.9019636927836971,0.6987338898607311,0.9117697553112438,0.0,0.060741728591835256,-0.3071033044394037,0.0
99.13616393359673,201.5197443496718,-66.39792371974497,1.5,0.08382298072024738,-0.21922698832092458,0.01890790129102128,0.9718825684020057,19.161247231115357,-20.130228942740473,0.0,0.09174828975070214,-0.04495285583139537,-0.19302333169309654,-4.592476652971587,0.7981213612792188,0.0,-0.014180802776520783,0.00700552749288193,0.007455636681034116,1.898028702713127,1.9032444755275506,1.9007455816618253,1.8989708719309395,0.7030259254318072,0.8889615108764964,0.0,0.054246788766290154,-0.30454860001857703,0.0
99.21075848885151,202.9363406989363,-67.89724757807444,1.5,0.09158396678308323,-0.21745052411964025,0.02049817502911786,0.9715490061797422,18.820633050854877,-20.06824122319091,0.0,0.09068981003404651,-0.04443164259625203,-0.1924453913733385,-4.539890070829928,0.8635877804960883,0.0,-0.014174461862479547,0.00694695773847852,0.007929097009532064,1.8950089729319135,1.9002894164698656,1.897664299851401,1.8960434395486012,0.7068304800439847,0.8663365384896593,0.0,0.047904912786967624,-0.30190915078741404,0.0
99.28535304410629,204.32767564510317,-69.39176691242955,1.5,0.09930853746865474,-0.2156817392675199,0.022055329443373087,0.9711502273981707,18.48395169999966,-20.001432811112245,0.0,0.0896309597486313,-0.04391501811106354,-0.19184159249027294,-4.487036854706209,0.9273743098833541,0.0,-0.014185677923793815,0.006904310455333985,0.008395065424525911,1.8920549944185865,1.8974004667488102,1.8946484224668994,1.8931775957172097,0.710174763911476,0.843908446010421,0.0,0.041722889340825714,-0.29918887287770735,0.0
99.35994759936106,205.69404326585143,-70.88112678565723,1.5,0.10699503087559618,-0.21392098065111076,0.023579665062754662,0.9706873218502061,18.151221787401628,-19.929928469305338,0.0,0.08857331861523456,-0.043401849696469194,-0.19119302053819062,-4.433951404859928,0.9894960752090834,0.0,-0.014180335185877482,0.006841462097811224,0.008868760861336122,1.8891638077585495,1.8945728878742345,1.8916943814220428,1.8903785755500355,0.7130590177544487,0.8217025050668648,0.0,0.03569835210070109,-0.296395918498717,0.0
99.43454215461583,207.03573893157323,-72.36498152364035,1.5,0.11464180019490679,-0.21216857265347192,0.025071484819628016,0.9701614170204867,17.822459375314917,-19.85385178614616,0.0,0.08751534314411638,-0.042893722792125055,-0.19051846089693628,-4.380667242827302,1.0499686238785781,0.0,-0.01418524321477651,0.006779253156251189,0.009337250296705311,1.886335641710399,1.891807082024379,1.8888019374573284,1.8876399972802735,0.7155027547678752,0.7997004398512065,0.0,0.02983171800637119,-0.29353019786659706,0.0
99.5091367098706,208.35305911868787,-73.84299462850808,1.5,0.1222472192075378,-0.2104248179854697,0.02653109244794183,0.9695736766771904,17.497678066117494,-19.773325195816145,0.0,0.08645705006588632,-0.042390509706603914,-0.18980003468525053,-4.327217026149938,1.108807893080066,0.0,-0.014174063064033684,0.006693606495266659,0.009812036650923566,1.883567679767563,1.8890992757984477,1.885968281090701,1.8849653173602268,0.717513206307022,0.7779124732523054,0.0,0.024117430740584415,-0.2906006755697652,0.0
99.58373126512538,209.64630122810757,-75.31483869062858,1.5,0.12980968038478882,-0.20868999748530742,0.02795879312380503,0.9689253003792613,17.176889055948596,-19.68846993164457,0.0,0.08539970921303364,-0.04189275402015901,-0.18905505756685348,-4.273632541278419,1.1660301884066822,0.0,-0.014179123995927297,0.006632286632723136,0.010277654280965,1.8808589472226371,1.8864519432849725,1.8831950083439088,1.8823455450266193,0.7191017315282253,0.7563513664702359,0.0,0.018553512702942337,-0.28760948050357055,0.0
99.65832582038016,210.91576340815342,-76.78019529745686,1.5,0.13732760157759047,-0.20696437055749928,0.029354891830924705,0.9682175217843765,16.860101197941326,-19.599405981408257,0.0,0.08434205385637407,-0.04140184096217011,-0.18826661671677872,-4.2199447072799385,1.2216521553300623,0.0,-0.014183464168276982,0.006603446651989404,0.010741486036031506,1.8782054961270414,1.883863769437622,1.880481440943606,1.879780776572717,0.7202859411855062,0.7350058505307357,0.0,0.013155957279488024,-0.2845588844377674,0.0
99.73292037563493,212.16174438256468,-78.23875494086677,1.5,0.14479942278770386,-0.2052481762400251,0.030719694225299913,0.9674516079356091,16.547321077446718,-19.506252093811927,0.0,0.08328413274824499,-0.04091638983728359,-0.18745234742048753,-4.166183599942832,1.2756907618683042,0.0,-0.014165195576321454,0.006462356204409471,0.011212390833970534,1.875613393731566,1.881322626522539,1.8778165744324293,1.8772822912571208,0.7210721107910766,0.7138856382966102,0.0,0.00790948297830949,-0.2814555932225344,0.0
99.80751493088971,213.38454328335817,-79.69021692354845,1.5,0.1522236139865445,-0.20354163292780775,0.03205350505080271,0.9666288573304209,16.238553067112953,-19.409125752234285,0.0,0.08222845257694335,-0.04043698987566459,-0.1865940906400302,-4.112378436229939,1.3281632736900586,0.0,-0.01414812899625425,0.0063236299503412925,0.011679231990819222,1.8730761810046,1.878835561134435,1.8752065731946188,1.8748376078297633,0.7214690849270101,0.6930168750672814,0.0,0.00280629752566086,-0.2783043782762058,0.0
99.88210948614449,214.58445948823058,-81.13428926224866,1.5,0.1595986706746632,-0.20184493881848217,0.03335662865653607,0.965750599439065,15.933799392694336,-19.30814310709039,0.0,0.08117268134876202,-0.039965053322941695,-0.18571025250858553,-4.058557586295979,1.3790872226004722,0.0,-0.014144913561753276,0.00627416583371266,0.012135793355182575,1.8705877493476122,1.8764074883429651,1.8726561457985162,1.872437542197849,0.7214845029730768,0.6723749805679132,0.0,-0.002142731619931616,-0.2751085075661015,0.0
99.95670404139926,215.7617924621248,-82.57068858998755,1.5,0.16692312271184193,-0.2001582729330506,0.03462936771758215,0.9648181920818379,15.63306017551131,-19.203419018812156,0.0,0.08011847415357885,-0.039501505076939926,-0.18478356404222224,-4.004748586029926,1.4284803974600664,0.0,-0.01415477378715343,0.006183786975708017,0.012582190402374538,1.8681559401231598,1.8740277254506037,1.8701546225933965,1.8700900020670348,0.7211532615425843,0.6519748600255174,0.0,-0.006940496729166287,-0.2718693456560381,0.0
100.03129859665404,216.91684160433908,-83.99914005787222,1.5,0.1741955285181518,-0.19848179501351096,0.03587202417920583,0.9638330212094742,15.336333543973211,-19.09506701040452,0.0,0.07906602825250045,-0.03904506816301173,-0.1838309594729503,-3.950978136933673,1.4763608148010035,0.0,-0.014115628054257555,0.0060676434673939735,0.013044292808239353,1.8657707836842548,1.871694628312483,1.8677032346174338,1.8677998328237642,0.7204672222952694,0.6318282985503937,0.0,-0.011594151627012059,-0.26859155016179914,0.0
100.10589315190882,218.04990610065994,-85.41937723390953,1.5,0.1814144850703767,-0.1968156463245459,0.03708489718205023,0.9627964979005159,15.043615659094785,-18.983199223695863,0.0,0.07801244052984399,-0.03859674108366423,-0.18283770184437403,-3.8972721136899273,1.5227466970400623,0.0,-0.014074924301198178,0.005994325951397564,0.013501430284667076,1.8634319424632235,1.8694125626765579,1.8653043550581305,1.8655551642069377,0.7194276697998583,0.6119044395773879,0.0,-0.016094563394522986,-0.2652843230425944,0.0
100.18048770716359,219.1612847785001,-86.83114200193216,1.5,0.1885786206698517,-0.19515995015054854,0.0382682849544979,0.9617100582036838,14.754900759905805,-18.867926474024337,0.0,0.07696086299550566,-0.03815689810987356,-0.18181902720438983,-3.843655577562229,1.567656460871727,0.0,-0.0140776316014423,0.005842842258822804,0.013933319320190044,1.8611519623511894,1.8671725482689556,1.8629474210192862,1.8633575978646724,0.7180674139849533,0.5922302988563279,0.0,-0.020444830292174657,-0.2619416877540112,0.0
100.25508226241837,220.2512759675955,-88.2341844602371,1.5,0.19568660601076646,-0.19351481265801185,0.039422481957487425,0.9605751596966441,14.470181273234793,-18.749358192459376,0.0,0.07591169967282571,-0.03772425691763003,-0.1807594022046933,-3.7901527856599273,1.6111086842600584,0.0,-0.014009741165764186,0.005657575918346253,0.014388301355238888,1.8589128654537244,1.8649738937322478,1.8606365941265546,1.8612163203196685,0.7163799147281424,0.5728258154815187,0.0,-0.024667110458026387,-0.2585781945674499,0.0
100.32967681767315,221.3201773655288,-89.62826281723007,1.5,0.202737145630715,-0.19188032240032793,0.040547781414451166,0.9593932817564559,14.189447835309391,-18.62760239075543,0.0,0.07486485579081147,-0.03730098172735996,-0.17967499181055396,-3.736787181891858,1.653122099018867,0.0,-0.014032476778257858,0.0056050860624565,0.014797529321683142,1.8567207412962698,1.8628305417064115,1.85837904885797,1.859098877365517,0.7143761837114815,0.5536714757517339,0.0,-0.02874132974531292,-0.25519267331081685,0.0
100.40427137292791,222.368285906262,-91.01314328653396,1.5,0.20972898975956408,-0.19025655218631082,0.04164447262247205,0.958165921489909,13.912689342170347,-18.50276568359324,0.0,0.07381930303351682,-0.03688869808086126,-0.17855151750745568,-3.6835814270299396,1.693715569530045,0.0,-0.014048643831987694,0.005500063000214405,0.015202174418945492,1.8545758775332029,1.8607259090546187,1.8561624131266816,1.8570287697986145,0.7120958565833023,0.5347550031856336,0.0,-0.0326703012686763,-0.25177819854650174,0.0
100.47886592818269,223.3958976345675,-92.38859998295496,1.5,0.21666092481544144,-0.18864355873208086,0.04271284265130492,0.9568945942368253,13.639893066303411,-18.374953299202268,0.0,0.07277538003069951,-0.03648530310913831,-0.17740442014041527,-3.630557398077427,1.732908066818221,0.0,-0.013975396005887417,0.0053533104318700085,0.01563495349913162,1.8524664989316093,1.8586574825857882,1.8539883684496055,1.8550135171796316,0.7095245723993552,0.5160989942483263,0.0,-0.0364638023874476,-0.2483492818564718,0.0
100.55346048343746,224.40330758519954,-93.75441481719795,1.5,0.2235317858495989,-0.1870413835183212,0.04375317419923532,0.9555808292938556,13.371044669598016,-18.24426903164401,0.0,0.07173377918859457,-0.036090399452295814,-0.17621940532937408,-3.57773619207994,1.7707186555300423,0.0,-0.01392764288721021,0.0052462366452723985,0.016048587551963592,1.8503992785473709,1.8566324195998745,1.8518586488536466,1.853032548209732,0.7066594765631367,0.4977040764931922,0.0,-0.04011714489944507,-0.24490994023458543,0.0
100.62805503869224,225.39080966446858,-95.11037738915677,1.5,0.23034044584493987,-0.18545005360648414,0.0447657480705597,0.9542261704779375,13.106128242950511,-18.11081524421768,0.0,0.07069494445073024,-0.035705403014204634,-0.17501129741855817,-3.5251381512708173,1.8071664876426985,0.0,-0.013909640679093465,0.005090135850165488,0.016440328525949923,1.8483797335439764,1.8546432329875058,1.8497659114576237,1.8510902559491387,0.7035337774799925,0.4795633211948471,0.0,-0.04363843729819913,-0.24145610380367002,0.0
100.70264959394702,226.35869653689468,-96.45628488147833,1.5,0.23708582896915822,-0.18386958180253166,0.045750839994010854,0.9528321715966624,12.845126408086445,-17.974692878151963,0.0,0.06965878075507076,-0.0353310767277349,-0.17376686774324268,-3.4727828536499405,1.8422707672700394,0.0,-0.013872409645131175,0.004974662842191528,0.01683056571943886,1.8463945852006,1.852693904458612,1.8477163108756092,1.849184945026561,0.7001527584971559,0.4616814098867318,0.0,-0.047021391716165255,-0.23799741027495153,0.0
100.77724414920179,227.3072595169318,-97.79194195292534,1.5,0.24376689885198213,-0.1822999674015466,0.04670872342693026,0.9514003973434682,12.588020357051176,-17.836001439339164,0.0,0.06862550653625314,-0.034965679788904205,-0.17250040308675907,-3.4206891376948834,1.876050748763059,0.0,-0.013833577886462802,0.004816716962773212,0.01721082261480898,1.844450653451834,1.8507777041607336,1.845702608702326,1.8473190145848688,0.6965166346946997,0.44406205155511236,0.0,-0.05027134010908294,-0.2345326630236796,0.0
100.85183870445657,228.23678846361165,-99.11716063087981,1.5,0.2503826722279288,-0.18074119720460619,0.047639666852734484,0.9499324182399544,12.334789883211357,-17.694838984567767,0.0,0.0675950123306492,-0.03461187082642226,-0.17119944623481637,-3.3688751089499296,1.9085257180900435,0.0,-0.013783668663900737,0.004653646606974349,0.017585401440139273,1.8425430215327507,1.848895876384982,1.8437263986355592,1.8454898829095387,0.6926555857036445,0.4266919177034785,0.0,-0.05339743424654837,-0.2310630083624432,0.0
100.92643325971135,229.14757167979528,-100.43176020405767,1.5,0.25693220645869375,-0.1791932449630836,0.04854393610106308,0.9484298121166813,12.085413477323018,-17.551302143718758,0.0,0.06656758533442744,-0.03426988298558829,-0.1698775841135143,-3.317358140078069,1.93971497215201,0.0,-0.013746501658417983,0.00453558275343281,0.017943642707315882,1.8406698061986575,1.8470513159489241,1.8417897369944098,1.8436899084936669,0.6885705115084976,0.40957494999817473,0.0,-0.05638769299801486,-0.22759529795047714,0.0
101.00102781496612,230.0398958164316,-101.73556711597338,1.5,0.2634146135234664,-0.17765607346770942,0.049421791772168704,0.9468941585205535,11.839868371516987,-17.405486122449382,0.0,0.06554408220219789,-0.03393531253725056,-0.16852277447671674,-3.2661548997699303,1.9696378110400399,0.0,-0.01368688891314154,0.004347277471674931,0.018299910273732452,1.8388340160854548,1.8452339638928956,1.8398840600619595,1.8419302246885432,0.684245652256664,0.39273728943135916,0.0,-0.05926021340417538,-0.2241275716368366,0.0
101.0756223702209,230.91404577913502,-103.02841485690573,1.5,0.2698290466981832,-0.17612963367430848,0.05027349207876769,0.9453270406023038,11.598130547218524,-17.25748465019861,0.0,0.06452410446869682,-0.033612495288973386,-0.16714816961728915,-3.2152813456363165,1.9983135249294883,0.0,-0.013649987876383012,0.004249356804445531,0.01863539582069275,1.8370284148326266,1.8434550820770133,1.8380187492681535,1.840193033941004,0.6797146544101776,0.3761518312869969,0.0,-0.062007696764238306,-0.22066464744540165,0.0
101.15021692547568,231.77030463859876,-104.31014385597975,1.5,0.27617471489716167,-0.1746138663499542,0.051099289782944,0.9437300393192275,11.360174829841398,-17.107390035791756,0.0,0.06350795727891477,-0.033302011055635725,-0.16574275426552218,-3.164752744849931,2.0257613750200365,0.0,-0.013606929315906298,0.004142672557902071,0.01896209862784959,1.8352555766713121,1.8417059068556982,1.8361863121994164,1.838487719843263,0.6749983878277235,0.3598162204389584,0.0,-0.06462513008674929,-0.2172104073154503,0.0
101.22481148073045,232.6089535465394,-105.58060137483812,1.5,0.28245086872272157,-0.173108701980635,0.05189943505696374,0.9421047355242026,11.1259749526272,-16.95529316314925,0.0,0.06249590557204505,-0.03300121668687895,-0.16431868436522468,-3.1145836860764287,2.052000585995401,0.0,-0.013541785166569625,0.003957490829630624,0.01928471722480952,1.833517654748988,1.8399799383818527,1.8343814093212578,1.8368197644075315,0.6700866019409262,0.34374326778497005,0.0,-0.06712587799490119,-0.2137631829187769,0.0
101.29940603598523,233.4302716548091,-106.8396414005545,1.5,0.28865681484483563,-0.17161406175920718,0.05267417302009115,0.9404527040456584,10.895503573694148,-16.80128346929817,0.0,0.06148761031572488,-0.032711355397925114,-0.16286601267910628,-3.064788082509932,2.0770503350500333,0.0,-0.01347755843605081,0.0038139366995480696,0.019595318400874466,1.8318077239217867,1.8382853202506946,1.832610740999103,1.835177137778287,0.6649868953287129,0.32792463754695256,0.0,-0.06950796214191027,-0.2103293291360106,0.0
101.37400059123999,234.2345360373198,-108.08712453866087,1.5,0.29479190167512587,-0.17012985765571706,0.053423745886099036,0.9387755160933342,10.668732328948716,-16.645448968601436,0.0,0.06048392187786655,-0.032432952682967614,-0.16139591056956606,-3.0153791926199247,2.100929731946849,0.0,-0.013423369283438215,0.003662924658715201,0.019889196560406264,1.8301293463538315,1.8366177118654696,1.8308698227700713,1.8335610864401555,0.6597191559385265,0.31235958678009995,0.0,-0.07177374462495947,-0.20690725305117158,0.0
101.44859514649477,235.02202161646008,-109.322917907161,1.5,0.3008555337245106,-0.16865599342083826,0.05414839086189159,0.9370747331337228,10.445631904611087,-16.487876258565098,0.0,0.05948511471912921,-0.03216490411440449,-0.15989902955921603,-2.9663696216799447,2.1236578156100254,0.0,-0.013366189549006103,0.003511782488189726,0.020172243626914152,1.8284794924990695,1.8349764117716043,1.8291583633764936,1.831971710393301,0.6542819005288588,0.29705591891011524,0.0,-0.07392478666104021,-0.20350069716719071,0.0
101.52318970174954,235.79300109305987,-110.54689503043423,1.5,0.30684715682579794,-0.16719236461097178,0.054848342652712205,0.935351909642551,10.226172059476959,-16.328650508260342,0.0,0.05849101993542062,-0.0319079145633709,-0.15838614672689177,-2.9177713412277715,2.145253541848181,0.0,-0.013294864508030092,0.003367016257277898,0.020447324021755392,1.8268555492217118,1.8333604815622135,1.8274764017958278,1.8304086959269037,0.648688888933774,0.2820052435257671,0.0,-0.07596448769336211,-0.20011535491190427,0.0
101.59778425700432,236.54774487949086,-111.75893573346376,1.5,0.31276627249631755,-0.16573885994097157,0.05552383104286244,0.9336085867645766,10.010321684099337,-16.167855477406377,0.0,0.05750215703590218,-0.031662418686854085,-0.15684865032360545,-2.8695956995899454,2.1657357765200227,0.0,-0.013265033477924114,0.0032083042535636726,0.02069497406588214,1.8252642456793622,1.8317692300699684,1.8258198356183886,1.8288663777197263,0.6429517128883084,0.26720110773396877,0.0,-0.0778919075369538,-0.19673946057729677,0.0
101.6723788122591,237.28652103675023,-112.95892603714836,1.5,0.31861242292695985,-0.16429536027858307,0.05617508321682329,0.9318462955730016,9.798048851715658,-16.005573529979962,0.0,0.05651756878682538,-0.031428176878148376,-0.15529680902582993,-2.8218534220768916,2.185123273145156,0.0,-0.013154624181707035,0.0030709178489326107,0.020958751570446476,1.8236884691344635,1.830200652452443,1.8241939072707538,1.827354993908364,0.6370735657490765,0.2526469068230234,0.0,-0.07970516360812366,-0.1933907061966284,0.0
101.74697336751387,238.0095952148112,-114.14675805420295,1.5,0.32438520515090197,-0.16286174114492274,0.056802321606639,0.9300665504202091,9.589320853800006,-15.841885636573194,0.0,0.05553894119057713,-0.03120376494201147,-0.15372240795259035,-2.774554644539946,2.2034346800700204,0.0,-0.01305272887672701,0.002866604874172736,0.021206882310881515,1.8221435905350873,1.828650281712854,1.822588809523258,1.8258699101812825,0.631062196794663,0.23834911941325038,0.0,-0.0814257881984909,-0.19005920294782483,0.0
101.82156792276865,238.71723059606234,-115.32232988507222,1.5,0.3300842558377038,-0.1614378710277707,0.05740576647369696,0.9282708526188128,9.384104245606714,-15.67687136823683,0.0,0.05456639591570161,-0.030991864527444662,-0.15213452491066595,-2.7277088989253544,2.220688519439298,0.0,-0.013005448157693104,0.0027778937907238636,0.021421813924122637,1.8206210414656159,1.82713139036774,1.8210154388907218,1.8243920810305,0.624930259819375,0.22429464153281062,0.0,-0.08304056757996743,-0.18675411663337224,0.0
101.89616247802343,239.40968784241733,-116.48554551479758,1.5,0.3357092652673935,-0.16002361359604275,0.05798563358992241,0.9264606837866713,9.182364901793068,-15.510608930288994,0.0,0.05359951337314322,-0.030790211775127852,-0.15052652671011232,-2.681325142219937,2.2369031886100212,0.0,-0.012966455965269071,0.00265299110064792,0.02162158960580074,1.819125431835956,1.8256312275515525,1.819463347892705,1.822936747379786,0.6186767524704113,0.21048694174623983,0.0,-0.08454298941221969,-0.1834721897955904,0.0
101.9707570332782,240.0872250456219,-117.63631471092837,1.5,0.34125996215086574,-0.15861882701299942,0.05854213644040875,0.9246375096278554,8.984068045956436,-15.343175158278422,0.0,0.05263734998699193,-0.030598104634364843,-0.1489070609935302,-2.635411765952037,2.252096941789717,0.0,-0.012845509658775454,0.0024860325784679953,0.021837028410402505,1.8176463929443336,1.8241457562177716,1.8179341669965665,1.8215134322202389,0.6123060899874406,0.19692517292302508,0.0,-0.08594727422919303,-0.18022038529643514,0.0
102.04535158853298,240.75009767973407,-118.77455292166995,1.5,0.34673612723051617,-0.1572233652208039,0.05907548431396493,0.9228027734326005,8.789178273329897,-15.17464552515433,0.0,0.051682768396036395,-0.030418588281198443,-0.14726912310581974,-2.589976604179938,2.266287891490019,0.0,-0.012778659929675919,0.0023176980687337205,0.022020947897721938,1.8161953047277377,1.8226812309111264,1.81642582619721,1.8201034144281567,0.6058563057832009,0.1835998279086445,0.0,-0.08726011202349918,-0.17698941791637257,0.0
102.11994614378776,241.3985585579061,-119.90018117540447,1.5,0.35213757813367136,-0.1558370773279275,0.05958588472651912,0.9209579000895753,8.597659650900665,-15.00509417426527,0.0,0.05073531601487749,-0.03025001241639886,-0.14562039777794208,-2.5450269437251603,2.279493997189624,0.0,-0.012675681058746478,0.00219967593936995,0.022204134325636865,1.8147577947485434,1.8212377415849441,1.8149440623188764,1.8187121774789259,0.5993143342524904,0.17052368808054777,0.0,-0.08847430292137666,-0.17379016270393835,0.0
102.19454069904253,242.03285779305966,-121.01312598042671,1.5,0.3574641826672922,-0.15445980898933448,0.060073541163518734,0.919104289604318,8.409475727185724,-14.834593888511947,0.0,0.049791635142148835,-0.030090786800270525,-0.1439568398560156,-2.5005695372699397,2.2917330601600154,0.0,-0.0125635708215534,0.002051238374141266,0.022378297354943708,1.8133417720146086,1.8198097699597238,1.8134813957039504,1.8173418426918893,0.5926593062295807,0.15767148196577963,0.0,-0.0895937444919312,-0.17062066623379957,0.0
102.26913525429731,242.6532427592279,-122.1133192260298,1.5,0.3627158438500636,-0.15309140211540476,0.0605386554261502,0.9172433212717711,8.224589525819125,-14.663216159944652,0.0,0.0488556007677714,-0.02994186120435275,-0.14228382433947728,-2.4566106208295593,2.3030227160105805,0.0,-0.012497068927332978,0.0019178963974458712,0.02252343512778027,1.8119494014950646,1.8184014198052496,1.8120388408449044,1.8159822541321595,0.5859282912686667,0.14506206546203235,0.0,-0.09062466004499274,-0.16748157750372536,0.0
102.34372980955207,243.25995805599868,-123.20069808467282,1.5,0.36789251272675855,-0.15173169561324532,0.060981425748904035,0.9153763473782531,8.042963636439776,-14.491031150454264,0.0,0.04792747290820747,-0.029804823785701203,-0.14059681212209538,-2.413155912699951,2.313380430440011,0.0,-0.012413473492079795,0.0018045913356013494,0.02266252754723404,1.8105725642775867,1.8170105468054514,1.8106178234896526,1.8146394690605157,0.5791417324206622,0.13268423668744006,0.0,-0.09156041506318814,-0.16437454783675062,0.0
102.41832436480685,243.85324547794374,-124.27520491434015,1.5,0.3729941737008061,-0.15038052541890895,0.061402048869824005,0.9135046975000038,7.864560270910889,-14.318107731307803,0.0,0.04700519867143268,-0.029676956240532758,-0.1389024552943657,-2.370210639158507,2.322823492015767,0.0,-0.012308656409120879,0.0016424214704771325,0.022795908316136187,1.8092151451955887,1.8156313723755784,1.8092130386758252,1.8133179999494413,0.5722756127523212,0.12053478378049874,0.0,-0.09241202083964434,-0.1612968427981707,0.0
102.49291892006163,244.43334398540387,-125.3367871626968,1.5,0.3780208568492362,-0.14903772525649242,0.06180071833450819,0.9116296723180298,7.689341234353303,-14.144513496936545,0.0,0.04609109507059918,-0.02955983594983376,-0.13719623824191746,-2.327779533909952,2.3313690107100093,0.0,-0.012211417744529426,0.0015401469975056736,0.02291498238096843,1.8078718234985436,1.8142719874948159,1.807830493447796,1.8120064751658218,0.5653571043430771,0.10861922354608158,0.0,-0.0931765484034183,-0.1582585629177768,0.0
102.5675134753164,245.00048967766423,-126.38539727156788,1.5,0.3829726236213147,-0.1477031264590606,0.062177626396924646,0.9097525480956182,7.517268016386299,-13.970314755721406,0.0,0.04518364266186865,-0.02945283487325082,-0.13548386509131846,-2.2858668602989356,2.3390339085183656,0.0,-0.012112722202428297,0.0013747231973009456,0.023021908629810472,1.8065497809370452,1.812922676989828,1.8064612567468514,1.8107138569847563,0.5583841969971636,0.09691920467687135,0.0,-0.09386998308500476,-0.15524907666814702,0.0
102.64210803057118,245.55491576983582,-127.42099258313476,1.5,0.38784957863505426,-0.14637655824808535,0.06253296244851639,0.9078745707174908,7.348301805883549,-13.795576589147661,0.0,0.04428478762223754,-0.029355445352493965,-0.13376165905181614,-2.2444764020099535,2.3458349149100073,0.0,-0.012079360074223547,0.0013308052611897658,0.023095855612077804,1.805242493611823,1.811598235218431,1.805115452675255,1.809419336735766,0.5513565017852469,0.08545653475520858,0.0,-0.09445842651498032,-0.15227915233412734,0.0
102.71670258582596,246.09685257132975,-128.44353524668668,1.5,0.39265185577972034,-0.1450578487132059,0.06286691490176441,0.9059969600888145,7.182403512716121,-13.620362804703433,0.0,0.04339198148807574,-0.029266791438049427,-0.13203491745915807,-2.2036115076778415,2.3517885706778525,0.0,-0.011907154867748461,0.0011126100422646885,0.023203454848467163,1.8039481800558634,1.810270409555507,1.803778325972797,1.8081653833262985,0.5442905797247078,0.07420587398685723,0.0,-0.09497147190417148,-0.1493476666083988,0.0
102.79129714108073,246.6265274671903,-129.45299212629897,1.5,0.3973796294907145,-0.1437468248226894,0.06317966956701225,0.9041209043997493,7.019533824385259,-13.444736006750821,0.0,0.0425074330601463,-0.029187525621411345,-0.130300551750348,-2.1632750781299452,2.3569112190400068,0.0,-0.011775945241641297,0.0008902413895866092,0.02328634537517511,1.8026736982763742,1.8089566658335714,1.802455370405791,1.806919946867913,0.5371885882815002,0.0631753772922616,0.0,-0.0954221537424135,-0.14644175154504113,0.0
102.86589169633551,247.14416490216874,-130.4493347104936,1.5,0.4020331013026072,-0.1424433114776846,0.0634714116397984,0.9022475649048493,6.859653225063815,-13.268757584208352,0.0,0.04163202301186062,-0.0291190369297272,-0.1285620159455353,-2.123469571640555,2.361218996518512,0.0,-0.011694239772405236,0.0008612524483135361,0.02334127586477875,1.8014054862799809,1.8076706631191164,1.8011598248786311,1.8056675445924788,0.5300582240178663,0.05236676084759695,0.0,-0.09578108172870134,-0.14357780164928435,0.0
102.94048625159029,247.64998636701867,-131.43253902171534,1.5,0.4066125106184831,-0.1411471339124262,0.06374232380627429,0.9003780700087146,6.702722034887928,-13.092487710146138,0.0,0.04076240920816804,-0.02905929334932271,-0.12681867733301408,-2.0841970418099467,2.3647278400900045,0.0,-0.01150416425458345,0.0006931151921787257,0.023420574591732093,1.8001493997180178,1.806383237474568,1.7998727296100565,1.8044483878189308,0.5228996399801202,0.04175421885915103,0.0,-0.09608362567116958,-0.14075084468672389,0.0
103.01508080684506,248.14421038715113,-132.40258552789442,1.5,0.4111181216953772,-0.13985811567794001,0.06399258873734302,0.8985135202540774,6.548700433861498,-12.91598540366329,0.0,0.039902018352954656,-0.029009409994952294,-0.1250724732424951,-2.045459117056008,2.3674534804550142,0.0,-0.011474321657424274,0.0006188400918277354,0.023437029623544617,1.7989174798514826,1.8051193260146585,1.798601182674459,1.8032164271067748,0.515718343534482,0.03135077554214286,0.0,-0.0962993746135814,-0.13795931598069683,0.0
103.08967536209984,248.62705251310985,-133.3594590557797,1.5,0.41555023395746776,-0.13857608102970967,0.06422238654519206,0.8966549826386854,6.397548484164235,-12.739308519516719,0.0,0.039050596413464374,-0.028967036192531125,-0.1233223826893568,-2.0072570447399483,2.3694114361600023,0.0,-0.01131109252839434,0.00046717573159833184,0.023485880634622983,1.797689647360014,1.8038565933421729,1.797342341925494,1.8020150331593245,0.5085335788816953,0.021170925778498693,0.0,-0.0964585017140357,-0.1352100185724762,0.0
103.16426991735462,249.09872531398977,-134.30314870370373,1.5,0.41990916945903306,-0.1373008530805261,0.06443189775579435,0.8948034955783151,6.249226190943162,-12.56251373264836,0.0,0.03820791488639884,-0.028934286572479068,-0.1215708688867338,-1.9695916692240896,2.3706170200263212,0.0,-0.01124903749406121,0.00038696823650200484,0.023491857547146146,1.7964801747266272,1.8026129960687611,1.796098403039656,1.8008079774885235,0.5013357575249188,0.011186671389107963,0.0,-0.09655204506229073,-0.13249718436478855,0.0
103.2388644726094,249.55943837296783,-135.23364775619524,1.5,0.424195282607653,-0.13603225528563942,0.06462130091355009,0.8929600636106615,6.103693498336744,-12.38565660707824,0.0,0.03737374407030613,-0.028910234722555776,-0.11981746998279445,-1.9324634592399497,2.37108532649,0.0,-0.011206190459657404,0.00033834939585789713,0.023482423937512164,1.795282504369429,1.801382663824964,1.7948687249372026,1.7996066072989914,0.49413200989544764,0.0014028928532463388,0.0,-0.09656218118049723,-0.12982201641978355,0.0
103.31345902786417,250.00939828419843,-136.15095360053667,1.5,0.4284089483480609,-0.13477011134625091,0.06479077467309101,0.8911256620591108,5.960910325098186,-12.208791584009248,0.0,0.03654730997448843,-0.028893500951248013,-0.11806418281779801,-1.895872525016397,2.370831241264397,0.0,-0.011014939208969232,0.00016358309625505663,0.023508859473872993,1.7940896262216197,1.8001481047923311,1.7936476646493413,1.7984394289127361,0.4869341234839979,-0.008182048627229035,0.0,-0.09651069488636564,-0.12718590494179444,0.0
103.38805358311893,250.44880865251687,-137.0550676437414,1.5,0.43255057121469365,-0.1335142455995313,0.06494049610009306,0.8893012321649533,5.820836608999042,-12.031972000368379,0.0,0.03572935021572342,-0.02888482012725207,-0.11631077812786415,-1.8598186209899596,2.3698694303299987,0.0,-0.010859800712543204,2.1775619523263992e-05,0.023514684606975696,1.7929094587283756,1.7989267098803856,1.7924395578943382,1.7972752380994057,0.47973426123226887,-0.017572834759637064,0.0,-0.09640978261902346,-0.12458879112082748,0.0
103.46264813837371,250.8778700946736,-137.9459952310741,1.5,0.4366205741090953,-0.1322644821345712,0.0650706428209222,0.8874876858149581,5.683432300849748,-11.855250113488607,0.0,0.03492195962231776,-0.02888456030394449,-0.11455777333225253,-1.8243011460248046,2.3682143453731803,0.0,-0.010777230718102595,-4.756943088754887e-05,0.023488364770166574,1.7917427308009326,1.7977221630605023,1.7912455969315264,1.796106948412045,0.4725519315083057,-0.02676482600759373,0.0,-0.09624883562639759,-0.12202956760454395,0.0
103.53724269362849,251.29678024268688,-138.8237455652834,1.5,0.44061940677942835,-0.13102064615409864,0.06518139143066522,0.8856859007920751,5.548657428634948,-11.6786770926227,0.0,0.03412246696464347,-0.02889263981125445,-0.11280649952303816,-1.7893191654899605,2.365880223379997,0.0,-0.01070167402058592,-0.00010844177197304563,0.02345143513863378,1.7905865192815915,1.796527417129664,1.7900630336810328,1.7949458751277267,0.4653774276303763,-0.03577944757650243,0.0,-0.09601612622109504,-0.11951155789567235,0.0
103.61183724888326,251.7057337492042,-139.6883316276898,1.5,0.4445475353874776,-0.12978256354682702,0.06527291848523424,0.8838967253545819,5.4164720877626396,-11.502303081285552,0.0,0.03333154685690117,-0.02890659704206161,-0.1110573381436793,-1.7548714279615627,2.3628810779369913,0.0,-0.010533072867102797,-0.000249234664227021,0.023433314446944627,1.789436291839124,1.7953322339386937,1.7888889480656132,1.7938083818646462,0.4582206736998402,-0.044597987745507627,0.0,-0.09573614608889987,-0.11703230116420613,0.0
103.68643180413804,252.10492229397335,-140.53977010022797,1.5,0.44840545025275014,-0.12855006115468273,0.06534540018455412,0.8821209739233482,5.286836476335625,-11.326177158670701,0.0,0.03255089857656575,-0.0289294796357904,-0.10931076398447082,-1.7209563578799543,2.3592307106199946,0.0,-0.010439488441908564,-0.0003229128296472222,0.0233844338847816,1.7882989085744196,1.794152849944549,1.7877272927638181,1.7926661670328314,0.4510964160087953,-0.05324026561585567,0.0,-0.09539571908059502,-0.11459084617493268,0.0
103.76102635939282,252.494534592915,-141.37808128834814,1.5,0.45219365606860124,-0.12732296668204704,0.06539901316678877,0.8803594315070431,5.159710935006098,-11.150347399170093,0.0,0.031778942966914955,-0.028959213846171825,-0.1075673082211698,-1.6875720786218869,2.354942704392614,0.0,-0.010283357210086037,-0.0004393267542565898,0.023345409041639096,1.787167461842988,1.7929761650226759,1.7865750132848504,1.7915411142782407,0.44399901340097914,-0.061702450250772166,0.0,-0.09500261009929221,-0.11218349290622866,0.0
103.83562091464759,252.87475640896372,-142.20328904599552,1.5,0.45591267927158263,-0.1261011089577225,0.06543393312085005,0.8786128496643877,5.035055954806412,-10.97486087411396,0.0,0.031015873862531143,-0.02899515641792079,-0.1058283360062343,-1.6547164158199554,2.350030414449993,0.0,-0.010093978266867453,-0.0005039372277576044,0.023308279499673065,1.7860379836456786,1.7918097454555428,1.7854373603549658,1.7904232660065034,0.4369239931089039,-0.06997863989994967,0.0,-0.09456274309672551,-0.10982655057771483,0.0
103.91021546990237,253.24577056383316,-143.01542070075303,1.5,0.45956305865140445,-0.12488431832551485,0.06545033712666981,0.8768819507375794,4.912832189724372,-10.79976364771277,0.0,0.030262590485609867,-0.029037653422255894,-0.10409313707616938,-1.6223869144874716,2.3445069972790114,0.0,-0.010032046904962132,-0.0006179131654537531,0.02322559013574345,1.7849342076095553,1.7906520684326728,1.7843010342654755,1.789302676581947,0.42988064995580594,-0.07808811212947976,0.0,-0.0940870952189995,-0.10750123500167842,0.0
103.98481002515715,253.6077569511609,-143.81450698083668,1.5,0.4631453522938289,-0.12367242562543641,0.06544840169628935,0.8751674242703206,4.793000479789337,-10.625100834727842,0.0,0.029521186245972265,-0.02908818467557108,-0.10236294596066645,-1.590580825129957,2.338385376949991,0.0,-0.010048370666185651,-0.0005881329911112819,0.023113387806724905,1.7838368810701317,1.7895149229741818,1.7831810995230966,1.7881707750683187,0.42289083475673345,-0.0860178614882217,0.0,-0.09353104531890752,-0.10521798086551445,0.0
104.05940458041192,253.9608925521012,-144.60058194329144,1.5,0.4666601289690523,-0.1224652640953254,0.06542830392736433,0.8734699308882008,4.675521899377917,-10.450916575157152,0.0,0.028786922167688866,-0.029143105649384757,-0.10063822001212672,-1.559295157290414,2.3316782704634362,0.0,-0.00977348284607723,-0.0007865340209061378,0.02307742036268321,1.7827338183206942,1.7883578509637514,1.7820648893685105,1.7870919738159379,0.4159449839489894,-0.09378070350719303,0.0,-0.09294411919057416,-0.10296705824784101,0.0
104.1339991356667,254.30535145284725,-145.37368290287785,1.5,0.47010797437968,-0.12126266796632351,0.06539022095868612,0.871790099040645,4.560357762909445,-10.277254074744583,0.0,0.02806159860648843,-0.029204735549800718,-0.09892064579840266,-1.5285266479399582,2.3243981751399896,0.0,-0.009606812295438787,-0.0008435407923779907,0.023003395445858464,1.7816400785986068,1.7872218272939333,1.780963302408944,1.785998505457876,0.40902557640687864,-0.10138107787882575,0.0,-0.09231413052903072,-0.10076391075980523,0.0
104.20859369092148,254.6413048621025,-146.13385036282685,1.5,0.47348948316416783,-0.12006447286396868,0.06533433101419994,0.8701285289425659,4.447469609202248,-10.104155618935955,0.0,0.02734650648036114,-0.029271580920296116,-0.09720850104944724,-1.4982717865594821,2.3165573782723548,0.0,-0.009513579598656077,-0.0009438972887712998,0.022901345181515025,1.780564931099324,1.7860923118919039,1.7798643696550394,1.784906840484713,0.40215530071236016,-0.1088169123098957,0.0,-0.09164065587418303,-0.09859374804059483,0.0
104.28318824617625,254.96892112978844,-146.88112794651502,1.5,0.47680526478245044,-0.11887051612471485,0.06526081210765151,0.8684857893339598,4.33681924910751,-9.931662581630306,0.0,0.026642458785650323,-0.029345344281190323,-0.09550412825628926,-1.4685268233299595,2.3081679481699884,0.0,-0.009381452059587889,-0.0009982016941041398,0.022803994963562887,1.7794901382846362,1.784971273286526,1.778778422945072,1.783822208695613,0.39535486461944275,-0.11609121660292131,0.0,-0.09092515586654686,-0.09646262552949636,0.0
104.35778280143101,255.28836576889498,-147.6155623301065,1.5,0.4800559360293276,-0.11768063681111124,0.06516984358732729,0.8668624213158285,4.228368813332766,-9.75981544115758,0.0,0.025947363717418775,-0.029423969519379208,-0.09380635263139192,-1.4392877808730036,2.299241750797307,0.0,-0.009250271039541218,-0.00108974659985182,0.0226997266557825,1.7784256261916822,1.7838541346859622,1.7776978952513185,1.782746183675109,0.3885992514765637,-0.12321071583733645,0.0,-0.09017032097026584,-0.09436751118895756,0.0
104.43237735668579,255.59980147773155,-148.3372031767032,1.5,0.4832421264900577,-0.11649467576595418,0.0650616047271857,0.8652589354025046,4.12208070983092,-9.588653806833987,0.0,0.025262520533997846,-0.02950784563960135,-0.0921176996846567,-1.4105504600899677,2.289790435439989,0.0,-0.009131797500670008,-0.001142794535983596,0.022586133596887038,1.777366987398747,1.7827466617349963,1.7766274566753855,1.7816721516915632,0.3819034092166619,-0.13017091582148632,0.0,-0.08937692730244567,-0.09231196826300016,0.0
104.50697191194057,255.9033881625232,-149.046103071484,1.5,0.48636447164765184,-0.11531247534062024,0.0649362760248384,0.8636758152256814,4.0179176702877,-9.418216417857279,0.0,0.024588369373770357,-0.02959707708794823,-0.09043591175353774,-1.382310447335848,2.2798254454911664,0.0,-0.008985096282217463,-0.0012246865023718548,0.022474046132117075,1.7763147195953304,1.7816423157612975,1.7755638467892263,1.7806088872996384,0.3752787855175285,-0.1369797400759479,0.0,-0.08855118584319074,-0.09029447441274184,0.0
104.58156646719534,256.1992829629388,-149.74231745781535,1.5,0.48942361780196664,-0.11413387991716657,0.06479403868016792,0.8621135147671687,3.915842793131102,-9.248541169076729,0.0,0.02392251924190758,-0.02969034610227579,-0.08876482269670184,-1.3545631217899625,2.269358024479985,0.0,-0.00888074122354493,-0.0012997784359449832,0.022345144401375396,1.7752733045153137,1.780546365035053,1.7745065768700419,1.7795466599201863,0.3686940358323085,-0.14364246172262946,0.0,-0.08768189777800459,-0.088309384747335,0.0
104.65616102245012,256.4876402774607,-150.42590457490996,1.5,0.4924202159029722,-0.11295873571962116,0.06463507446612662,0.8605724618784018,3.81581948814624,-9.079665129575572,0.0,0.023265816057610134,-0.02978822602163687,-0.087101704409716,-1.327303675714206,2.258399203791746,0.0,-0.00871703415608708,-0.0013483292131997284,0.02222649621042454,1.7742309354571024,1.7794560336243177,1.7734609999928685,1.7784942846920213,0.36217507886362,-0.15015749996877814,0.0,-0.08678607591584064,-0.08635603947086103,0.0
104.7307555777049,256.7686117889572,-151.0969253964997,1.5,0.49535492600964987,-0.1117868905091617,0.06445956568005401,0.8590530558589532,3.7178115317421874,-8.91162455025667,0.0,0.02262167759864417,-0.029892232025989562,-0.08544910079449354,-1.3005271039299637,2.246959807769984,0.0,-0.008607017044033645,-0.0013291981404338876,0.02208844428398735,1.7731959945569047,1.7783787186152573,1.7724253968236041,1.7774373393578797,0.3557477386193073,-0.1565277325043526,0.0,-0.08585216682965052,-0.08445196689266207,0.0
104.80535013295967,257.04234649351565,-151.75544357051348,1.5,0.49822841145915286,-0.11061819446415345,0.06426769635468702,0.8575556706556383,3.621783113081052,-8.744454882608276,0.0,0.021987501501201545,-0.029998748209592245,-0.08380490015865322,-1.2742282289275064,2.235050478277708,0.0,-0.00844732880520348,-0.0014627447440182077,0.021958219705426933,1.7721735884707561,1.7772945981240613,1.7713882232005682,1.7764017764882485,0.3493897413041922,-0.16275307911788423,0.0,-0.08488421568763718,-0.08257703522011371,0.0
104.87994468821445,257.3089907301559,-152.40152535966047,1.5,0.501041343179848,-0.10945249966286395,0.06405965053998185,0.8560806526927122,3.5276988105126326,-8.578190782700375,0.0,0.021360590938575327,-0.03010934812282938,-0.08217350546387088,-1.2484017032699652,2.222681647339983,0.0,-0.008225896016390032,-0.0015543775302223745,0.0218393888620679,1.7711486235728184,1.7762168936821958,1.770363620745012,1.775375068571993,0.34308373292514494,-0.16884814872723922,0.0,-0.08389948152629793,-0.08073649464244691,0.0
104.95453924346923,257.56868820961915,-153.0352395835616,1.5,0.5037943942998743,-0.10828965972709081,0.06383561383496268,0.8546283240535194,3.435523579005927,-8.412866151767734,0.0,0.020745410241042744,-0.030224270531184417,-0.08055063704308472,-1.2230420083086737,2.209863555187293,0.0,-0.008177176123388025,-0.0015657555499594973,0.021670779040470618,1.7701419674869225,1.7751578082302397,1.7693447340891886,1.7743307913645696,0.33685415616410525,-0.17480402150801216,0.0,-0.08287654117156647,-0.07892951187990084,0.0
105.029133798724,257.8215800442803,-153.65665756199206,1.5,0.5064882440567842,-0.10712953076245699,0.06359577211522695,0.8531989803322313,3.345222794145458,-8.248514125523716,0.0,0.020140816166407137,-0.030343038217467293,-0.07894052708726032,-1.1981434792699663,2.1966062463699814,0.0,-0.007999123362107643,-0.0016246113743620207,0.02153128403801178,1.7691321513631615,1.7740960040565155,1.7683347452553386,1.7733084082718562,0.3307195077313636,-0.18062462980551133,0.0,-0.08183523855791948,-0.07715947632487676,0.0
105.10372835397878,258.0678047807431,-154.26585305864083,1.5,0.5091235728968224,-0.10597197054669948,0.06334031281085764,0.8517928936967285,3.2567622911522887,-8.085167095126257,0.0,0.01954628867144238,-0.030465334491929636,-0.07733992889736516,-1.1737002968057106,2.1829195793962817,0.0,-0.007906339055675574,-0.0016589030527124108,0.021365577343338202,1.7681356330360696,1.7730453344420296,1.7673299065347157,1.7722812408257014,0.32465394020864485,-0.18631686466801567,0.0,-0.08076171517737218,-0.07542356535730817,0.0
105.17832290923356,258.30749843230194,-154.8629022264036,1.5,0.5117010660288452,-0.10481683935317893,0.06306942395251236,0.8504103109530431,3.170108316589243,-7.922856730325759,0.0,0.018961474698895014,-0.03059024632639757,-0.07575306444127411,-1.1497065077499675,2.1688132268899802,0.0,-0.007749964131003978,-0.0017412115197252222,0.021212081831978313,1.7671425655251989,1.771994553033669,1.7663311631900247,1.771269367296334,0.3186708777056159,-0.19187755638484402,0.0,-0.07967048731672358,-0.07371718740112024,0.0
105.25291746448833,258.5407945115528,-155.4478835536978,1.5,0.5142214090545199,-0.10366399889363014,0.06278329460567096,0.8490514564629303,3.0852275766356008,-7.7616139837095535,0.0,0.018387384731172535,-0.03071849392752061,-0.07417604989386785,-1.126156019371304,2.1542966685997498,0.0,-0.007634666122959787,-0.0017423242303707077,0.0210441812622058,1.766154287090106,1.7709571198487617,1.7653433048734968,1.7702531711589573,0.31276939032180706,-0.19730795339627494,0.0,-0.07854554373485015,-0.07204929143635075,0.0
105.3275120197431,258.7678240644822,-156.02087781122106,1.5,0.5166852911337901,-0.1025133138952436,0.06248211464738625,0.8477165303032593,3.002087233087127,-7.601469094574419,0.0,0.01782219644039601,-0.030849629742666376,-0.0726136571534351,-1.1030426268699738,2.139379212519983,0.0,-0.007456026502593693,-0.0018499401587208782,0.02088836085421553,1.7651736352904086,1.7699154235179224,1.7643573897790668,1.7692563834842887,0.30695203473491645,-0.20262673840437948,0.0,-0.07741593382676817,-0.07040570758035887,0.0
105.40210657499787,258.9887157048452,-156.58196800057652,1.5,0.5190934010140391,-0.10136465020247937,0.06216607522170883,0.8464057111129011,2.9206549124908765,-7.4424516404577155,0.0,0.017268970476501822,-0.030984554724833052,-0.07106127593463031,-1.0803599915353097,2.124069979713188,0.0,-0.007363423086884566,-0.0018150888641712587,0.020707620537916624,1.764197851435908,1.7688933867048393,1.7633847415867479,1.76824656964303,0.3012271631513278,-0.20781640342040283,0.0,-0.0762540553830567,-0.0687961385149104,0.0
105.47670113025265,259.20359564984426,-157.13123930359913,1.5,0.5214464299980368,-0.1002178764019359,0.06183536794615252,0.8451191544171466,2.8408987361742524,-7.284590502624266,0.0,0.016723399827554587,-0.031120926437033174,-0.06952444524468585,-1.0581016753699701,2.108377915749979,0.0,-0.007157939995493883,-0.0018548896594636508,0.020551007219470306,1.7632226066031964,1.7678672542225702,1.7624184169723507,1.7672588496081387,0.29557559881540935,-0.21289138854385536,0.0,-0.07508194537983924,-0.06722095627178218,0.0
105.55129568550743,259.41258775560067,-157.66877903206927,1.5,0.5237450682803606,-0.09907286298914271,0.06149018585745415,0.8438569951800784,2.7627872792490886,-7.12791390719677,0.0,0.01618974153639831,-0.03126109696912071,-0.0679980688197585,-1.036261131724212,2.0923117967167317,0.0,-0.007092943551439022,-0.0018796337878383472,0.0203571210990787,1.762266579797531,1.7668542433071246,1.7614539709936128,1.7662619018374623,0.2900226307983093,-0.2178575486618862,0.0,-0.07388617234326726,-0.06567839980161946,0.0
105.6258902407622,259.6158135534895,-158.1946765797083,1.5,0.5259900076696034,-0.09792948299008661,0.06113072258342458,0.8426193464129894,2.6862896366606366,-6.972449453345049,0.0,0.015665884254494444,-0.031401082365662615,-0.06648729961550033,-1.0148317233599708,2.0758802286299773,0.0,-0.006958669852925878,-0.00195261189522023,0.02017689805772199,1.7613135954940322,1.7658409637028911,1.760495907644005,1.7652809539233474,0.2845526681994736,-0.22269010086010305,0.0,-0.07267855575209023,-0.06415872635512693,0.0
105.70048479601698,259.8133922875695,-158.70902337380136,1.5,0.5281819383342669,-0.09678761105765778,0.06075717273686986,0.8414063015715003,2.6113753899286487,-6.818224067008827,0.0,0.015151103806452905,-0.03154420488702527,-0.06498805186623678,-0.9938067164486678,2.0590916436847677,0.0,-0.006823397504254725,-0.0019343527792307401,0.019993771356247813,1.7603605866933656,1.7648402243619885,1.7595512162711782,1.7642994730746917,0.279168106076749,-0.22741901277218335,0.0,-0.07145679722817962,-0.0626740451501178,0.0
105.77507935127176,260.0054409512023,-159.2119128278007,1.5,0.5303215512074022,-0.09564712436425173,0.06036973189061799,0.8402179332752182,2.538014610717981,-6.6652640738004125,0.0,0.014648119918000989,-0.03168987488538248,-0.06350447102963047,-0.973179295677972,2.0419543163999765,0.0,-0.006722160285130721,-0.0019543259454989762,0.019800007906427153,1.7594201175335524,1.7638445198321662,1.7586092334443846,1.7633232963333745,0.2738928687371118,-0.23204083431802972,0.0,-0.0702154708771416,-0.061214716248863134,0.0
105.84967390652653,260.1920743254628,-159.70344029593375,1.5,0.5324095351186244,-0.09450790211467347,0.05996859632959524,0.8390542955059057,2.4661779133316513,-6.513595186443623,0.0,0.014154238275399645,-0.03183712724843611,-0.06203276160538252,-0.952942570922908,2.024476354051811,0.0,-0.006553351499963393,-0.0019814941865549072,0.01961894379917232,1.758480215857741,1.7628516105283947,1.7576766774920727,1.7623601799595212,0.26870542308516693,-0.23655531249025952,0.0,-0.06895370417601457,-0.05978987106219353,0.0
105.92426846178131,260.37340501799383,-160.18370302802745,1.5,0.5344465789722791,-0.09336982624848478,0.05955396317873416,0.8379154224865785,2.395836414234785,-6.363242519037556,0.0,0.013669329628676756,-0.031984550194440006,-0.06057785090077747,-0.9330895878739732,2.006665713129975,0.0,-0.006341445531995664,-0.0020920250993086667,0.019444942446643985,1.7575487169464064,1.7618572595023356,1.7567471609640366,1.7614132072296582,0.2636044023459826,-0.2409609009854609,0.0,-0.06770207486592039,-0.05838456027127899,0.0
105.99886301703609,260.5495435010545,-160.65280012524752,1.5,0.5364333691286657,-0.09223278004565094,0.0591260305226851,0.8368013308336393,2.326961743636058,-6.214230597445175,0.0,0.013196355290136587,-0.03213464663744143,-0.05913449165355868,-0.9136133145792534,1.9885301862745008,0.0,-0.006286421587250937,-0.0020188959852491793,0.01923288760637958,1.7566261639493417,1.760889367155279,1.7558307124041126,1.7604442265549882,0.25860097316009667,-0.2452579588415304,0.0,-0.06642431370628564,-0.05701083786831359,0.0
106.07345757229086,260.7205981505898,-161.11083249625142,1.5,0.538370591467413,-0.09109664979012232,0.058684996919505704,0.8357120184469058,2.259526065446089,-6.0665833573457,0.0,0.012731692795439906,-0.032286270572129815,-0.05770851622451724,-0.8945066751349741,1.9700774188799748,0.0,-0.00610273376483172,-0.0020533451127257,0.019047338387877023,1.7557056037035592,1.759914662583864,1.7549195613184412,1.7595015816941029,0.2536940945483818,-0.24946695862509463,0.0,-0.0651474362732754,-0.055663857281656834,0.0
106.14805212754564,260.88667528598097,-161.55790281509897,1.5,0.54025892897363,-0.08996132357910182,0.058231062015482477,0.8346474665035002,2.19350207763218,-5.92032419876122,0.0,0.012277739915545174,-0.03243831125762607,-0.05629467027321749,-0.8757625337029635,1.9513149072545508,0.0,-0.006021158758880217,-0.0020486148453020482,0.018836847859831276,1.7547990226596508,1.7589540160460688,1.7540137808269878,1.758552717222054,0.24887788484143186,-0.2535666841564854,0.0,-0.06385557531550723,-0.054341175046397516,0.0
106.22264668280042,261.04787920939225,-161.9941154796038,1.5,0.5420990636656315,-0.08882669194038306,0.05776442573328959,0.8336076385755333,2.128862996949693,-5.775475941065624,0.0,0.011833519150428089,-0.032592083154962474,-0.05489829033903173,-0.8573737141149751,1.9322499975799738,0.0,-0.005866487756424603,-0.002040960576769262,0.01864026865135084,1.753892198021098,1.757997036031956,1.753118827030344,1.7576171899355182,0.24416744108322158,-0.2575750074409129,0.0,-0.06256031451377772,-0.05304819760137288,0.0
106.29724123805518,261.2043122456601,-162.4195765699094,1.5,0.543891674405283,-0.08769264777540955,0.057285289055976144,0.8325924823684928,2.065582590461932,-5.6320608703486315,0.0,0.011399794742971937,-0.032747504866414076,-0.05351436674511064,-0.8393330005102093,1.9128899002088935,0.0,-0.00575831394813907,-0.0020703424954489616,0.018431450199975802,1.752999552477446,1.757046447912375,1.7522265233102927,1.7566864510446065,0.23955863730097182,-0.26149545900017424,0.0,-0.06126259332740156,-0.051773052615226876,0.0
106.37183579330996,261.35607478325545,-162.83439380935738,1.5,0.5456374386738966,-0.08655908582686475,0.05679385320552844,0.8316019290599778,2.003635178108476,-5.490100762651867,0.0,0.010975087633828396,-0.03290165172734343,-0.05214842726090383,-0.8216331379219761,1.893241675149973,0.0,-0.005658746805656729,-0.002029891261135372,0.018219073776024306,1.7521099623519234,1.7561082342055525,1.7513462113514433,1.7557567427790792,0.23502865353268737,-0.26530039069618866,0.0,-0.05994916634723497,-0.05053318821722825,0.0
106.44643034856473,261.5032653140623,-163.238676524738,1.5,0.5473370306225249,-0.08542590369338422,0.056290320199534644,0.8306358948054917,1.9429955900149125,-5.349616835758737,0.0,0.010559670516460765,-0.03305514931103475,-0.05079544887861126,-0.8042668525725434,1.873312255052571,0.0,-0.005497387852245764,-0.002086280639699315,0.018017653001731457,1.751228692507297,1.75516742383339,1.75046950955447,1.754846618075354,0.2305994718646326,-0.269013532440494,0.0,-0.058635318516750023,-0.04931518045992044,0.0
106.52102490381951,261.6459804731826,-163.63253560665814,1.5,0.5489911226568153,-0.0842930011228997,0.05577489254046149,0.8296942801826492,1.8836392088604041,-5.210629796241212,0.0,0.01015453705269427,-0.03321186837285231,-0.04946051818791734,-0.787226844344977,1.8531084371899724,0.0,-0.005362108733110799,-0.0021041615548003023,0.01780897903503008,1.7503545783860623,1.75423779808527,1.749602026502075,1.75393833558829,0.22628070399841915,-0.2726577989832344,0.0,-0.05732215235776557,-0.04811447626833165,0.0
106.59561945907429,261.7843150804201,-164.01608347270857,1.5,0.5506003837683653,-0.08316027984343456,0.055247772957098644,0.828776971708174,1.8255419823931933,-5.073159880477407,0.0,0.009758598785147333,-0.03336893533171255,-0.04813879594904142,-0.7705057951674782,1.8326368792866325,0.0,-0.0052395298235534725,-0.0020942963518414304,0.017595869284574763,1.7494872680689362,1.7533181101719566,1.7487437143722881,1.7530340427083262,0.22205346068271414,-0.2762109997325915,0.0,-0.056004526221995796,-0.04694398372920429,0.0
106.67021401432906,261.91836218102696,-164.38943403110332,1.5,0.5521654808939692,-0.08202764442489392,0.054709165074487524,0.8278838411975967,1.7686803859734495,-4.937226824578195,0.0,0.009372890732457917,-0.03352419719377096,-0.04683544075969458,-0.7540963775059778,1.8119041258899715,0.0,-0.005122864414760561,-0.002131808204139786,0.017379995075425727,1.7486315221638036,1.7524028886881835,1.7478896867383573,1.7521398564026598,0.21792536880711394,-0.2796612778513057,0.0,-0.05468714335960841,-0.04578777082606732,0.0
106.74480856958384,262.04821308594364,-164.75270264334515,1.5,0.5536870775175836,-0.08089500147636657,0.05415927223759168,0.827014747242678,1.7130314428136308,-4.802849857771642,0.0,0.008997070617001574,-0.03368084456216415,-0.04554536687620605,-0.7379912613203317,1.7909165816672832,0.0,-0.004985787059494784,-0.002094334053517382,0.0171665027638711,1.7477763758206721,1.7514996438158155,1.7470499876788341,1.7512497209593476,0.2139023023831026,-0.2830323216598827,0.0,-0.053381788454399295,-0.044654929154143305,0.0
106.81940312483862,262.1739574132194,-165.10600608830248,1.5,0.555165834870132,-0.0797622596352259,0.053598298654277565,0.8261695347277089,1.6585727426329344,-4.67004775170804,0.0,0.008630346001010342,-0.03383773307239997,-0.04427416811155397,-0.7221831030519785,1.7696805354499712,0.0,-0.004969910019039198,-0.0020227608654346356,0.01692794340627701,1.7469380309319438,1.7506124551221514,1.7462150238631062,1.7503534966296663,0.20996327126565872,-0.28632423856877937,0.0,-0.05205172667393271,-0.04354886297673194,0.0
106.89399768009339,262.2956831285806,-165.44946252792764,1.5,0.5566024106658322,-0.07862933064139842,0.05302644844432523,0.8253480360243498,1.6052823948701052,-4.538838820658443,0.0,0.00827122896630352,-0.03399234762994639,-0.04301688505916252,-0.7066645808618737,1.7482021591718941,0.0,-0.004732799305265011,-0.002090235127255817,0.01673091163419485,1.746097004164591,1.7497126979588624,1.7453891921128533,1.7494954575343893,0.20612485500848357,-0.28952643309116693,0.0,-0.05072909951601412,-0.04246144909192411,0.0
106.96859223534817,262.4134765856074,-165.78319147249246,1.5,0.557997460294307,-0.07749612835866608,0.052443925900187684,0.8245500706632048,1.5531390624205377,-4.409240901474264,0.0,0.007922291897701992,-0.03414845456235907,-0.041778513287502414,-0.6914283770419793,1.72648750573997,0.0,-0.0045306075435385725,-0.0021063142355010308,0.016525329422697996,1.7452638322498377,1.748826299856645,1.7445737994755992,1.748638406986985,0.20239392350466592,-0.29265947175283574,0.0,-0.04942321222753425,-0.04139364422021199,0.0
107.04318679060295,262.52742256720177,-166.10731374684275,1.5,0.5593516355780862,-0.07636256874415434,0.05185093573482214,0.8237754465473813,1.5021219712180371,-4.28127140326292,0.0,0.0075831968697879035,-0.034304650155625935,-0.04055380233548696,-0.6764671814651909,1.704542515400946,0.0,-0.004486079262858978,-0.0020785257692947836,0.016288463791851983,1.7444505206395347,1.7479589399173947,1.7437623793724593,1.7477717126139407,0.19875266516037407,-0.29571573211401647,0.0,-0.04811694303854563,-0.04034440443731686,0.0
107.11778134585772,262.6376043260694,-166.42195145812082,1.5,0.5606655859672846,-0.07522857031250288,0.05124768236324611,0.8230239595376883,1.4522108685055406,-4.154947302238589,0.0,0.007254007562407264,-0.034459020014255895,-0.03934829892910347,-0.6617737086579801,1.6823730137099697,0.0,-0.004400061868027139,-0.002051308578519209,0.016058401857646894,1.7436418755376009,1.747097928042347,1.7429616340385505,1.7469171516219735,0.19521576741845922,-0.29867916361729296,0.0,-0.046808638432869636,-0.03931812320098199,0.0
107.1923759011125,262.74410362494103,-166.72722796256474,1.5,0.5619399573890104,-0.07409405432418988,0.05063437054705102,0.8222953945649613,1.403386056495683,-4.030285112569666,0.0,0.006933315279339941,-0.034613602910947096,-0.038156874950963135,-0.6473406999684829,1.6599847271568724,0.0,-0.004242529589552896,-0.0020610443658300535,0.01584020961419388,1.7428379294432017,1.7462393002767753,1.7421706648208077,1.7460801599630411,0.1917798132171078,-0.30157802088148034,0.0,-0.04551347283490694,-0.038302028959170585,0.0
107.26697045636726,262.8470007776845,-167.02326783371393,1.5,0.5631753933699417,-0.07295894374902585,0.05001120459250052,0.8215895253986902,1.3556283890628122,-3.907300958151581,0.0,0.006621002271558465,-0.03476717187700056,-0.036985150536169846,-0.633160916869984,1.6373832621999742,0.0,-0.0041335979115773355,-0.0019820958608050003,0.015612047653270428,1.7420409545593245,1.7453980551893524,1.7413925452888896,1.7452410051142424,0.1884262147484267,-0.30439491459594953,0.0,-0.04421477781603756,-0.03731844078903667,0.0
107.34156501162204,262.9463746891758,-167.31019683157461,1.5,0.5643725339825859,-0.07182316481104953,0.04937838916077733,0.8209061155616315,1.3089192351417838,-3.7860105290883186,0.0,0.006317251905075288,-0.0349183761600086,-0.03582763522448175,-0.6192271631678351,1.614574139382482,0.0,-0.004002850366125805,-0.00203939116497614,0.015386573448311307,1.7412605928167688,1.74455493527742,1.7406150232066346,1.7444221761836916,0.18516902654771222,-0.30713807520613273,0.0,-0.042924844565045805,-0.03634289448232836,0.0
107.41615956687681,263.0423028946697,-167.58814187136318,1.5,0.5655320169236062,-0.07068664589244943,0.04873612812058575,0.8202449181449449,1.2632404997230464,-3.666429107376418,0.0,0.006023209681530938,-0.03507081945967657,-0.03468977696168805,-0.6055322811869814,1.5915627658099687,0.0,-0.0038550810153445175,-0.002005845951270957,0.015162929753738688,1.7404813558166559,1.7437263731129553,1.7398540977589954,1.743607355733678,0.18202168634728125,-0.3098177600920911,0.0,-0.041648142369699305,-0.035390883530925406,0.0
107.49075412213159,263.134861600358,-167.85723099382912,1.5,0.5666544765354874,-0.06954931772247394,0.04808462566605539,0.8196056767746223,1.2185746435192797,-3.548571590284199,0.0,0.005738364526772349,-0.0352212955938745,-0.033566159304814165,-0.5920691478210491,1.568354458593847,0.0,-0.0037689886447092634,-0.0020117347779866346,0.014927473282635264,1.7397197800913593,1.7429073192118743,1.7390966966952943,1.7427987606283288,0.17896493998795993,-0.31242151443800653,0.0,-0.0403817491723096,-0.03445031684060866,0.0
107.56534867738637,263.2241257232921,-168.11759333571155,1.5,0.567740544803358,-0.06841111338619117,0.04742408538262992,0.8189881253579132,1.1749046439879451,-3.432452467758943,0.0,0.005461578218467451,-0.03537125796611636,-0.032462669540903155,-0.5788306866039822,1.5449544335299679,0.0,-0.0036809068875707555,-0.001958619392373411,0.014691586717108875,1.7389632329539708,1.7421016821486726,1.7383531435689936,1.7419954267052904,0.17599765066980852,-0.3149581931128434,0.0,-0.03911498860995766,-0.03353189549483591,0.0
107.63994323264114,263.31016893027146,-168.36935910061777,1.5,0.5687908505450702,-0.06727196901475475,0.04675471040598549,0.818391988949028,1.1322140014617388,-3.3180858557680177,0.0,0.005192825511958074,-0.035518398726942006,-0.03137374374796541,-0.5658098820996624,1.5213678185063406,0.0,-0.0035390981950510704,-0.0019799743479794215,0.014463698558312425,1.7382167049744133,1.741297511045026,1.7376168225890423,1.7412115696992145,0.1731219175978845,-0.31741921276961027,0.0,-0.037863741680100406,-0.032627619261514425,0.0
107.71453778789592,263.3930636766617,-168.61265953022712,1.5,0.5698060202565329,-0.06613182275114746,0.0460767035770288,0.8178169836133858,1.09048673243794,-3.2054854704425275,0.0,0.00493338143500131,-0.035666153597572435,-0.03030490065350571,-0.5529997628689827,1.4975996478799674,0.0,-0.0034374451553991774,-0.0019551086693099236,0.014228231196776422,1.7374802339167799,1.7405083210552426,1.7368916115106998,1.7404304003092368,0.17034866152226577,-0.3198261885604967,0.0,-0.03662132232834421,-0.031738088535340436,0.0
107.7891323431507,263.4728812455089,-168.84762687635188,1.5,0.5707866774228886,-0.06499061564048716,0.04539026710942521,0.8172628172179038,1.0497073882660284,-3.0946646791418577,0.0,0.004681728889412876,-0.035812412908639,-0.029250778738156007,-0.5403934241928187,1.4736548700576664,0.0,-0.003314424089816142,-0.0019428146353865088,0.013995297560943953,1.7367526462463594,1.7397269416549825,1.7361766719166478,1.7396617446131013,0.16766328790567672,-0.3221667264217369,0.0,-0.035392513905360835,-0.030860310008599984,0.0
107.86372689840547,263.5496917861513,-169.07439437407592,1.5,0.571733443330797,-0.0638482908482215,0.044695602478346794,0.8167291892983678,1.0098610215757822,-2.9856364818691725,0.0,0.004438726428543519,-0.03595649141697855,-0.028217004437979074,-0.5279840181579831,1.4495383402599669,0.0,-0.0032100288567184533,-0.0018785016934918498,0.01375854721513427,1.7360330816454796,1.7389601834259187,1.7354746513469645,1.7388976482812282,0.16506839514150004,-0.3244312289260671,0.0,-0.03417290303394168,-0.03000625100232577,0.0
107.93832145366025,263.62356435175093,-169.29309621400353,1.5,0.5726469363916444,-0.06270479457788233,0.0439929107922539,0.8162157917966514,0.970933186627866,-2.87841349761605,0.0,0.0042048033497327515,-0.03609937187401742,-0.027197859362497977,-0.5157647685987978,1.4252548399481548,0.0,-0.003095308432455006,-0.0019021687463661517,0.01352249631606052,1.735329047910783,1.7381967898794992,1.734777322203553,1.7381507323807368,0.16257552963849164,-0.32664032538162396,0.0,-0.03296751349441823,-0.02916134813772064,0.0
108.01291600891503,263.69456693779773,-169.50386751572228,1.5,0.5735277729474288,-0.06156007534823871,0.043282392218497584,0.8157223089415453,0.9329099731635647,-2.773008014956618,0.0,0.003976863667396038,-0.036240029339076614,-0.02619962026633752,-0.5037289672809838,1.4008090624899665,0.0,-0.0029676433574936933,-0.0018709598670924798,0.013287690340044494,1.7346303480359238,1.7374468794514542,1.7340950772677404,1.7374113260091792,0.16014968661717377,-0.3287823311813379,0.0,-0.03177524808523294,-0.028333354927723955,0.0
108.0875105641698,263.7627665191062,-169.70684430197434,1.5,0.5743765666620538,-0.06041408421800996,0.042564246212758144,0.8152484179941414,0.8957779253880013,-2.6694319622739555,0.0,0.003757543505068286,-0.03637897089624635,-0.025216181389961866,-0.49186997885829215,1.3762056221081942,0.0,-0.0028812394138052625,-0.0018575440105773374,0.0130457728089042,1.7339470910026196,1.7367083573658755,1.7334200569115823,1.7366799164601538,0.15781795616604477,-0.3308641002803921,0.0,-0.030589961773529194,-0.02751700966207506,0.0
108.16210511942458,263.8282290858829,-169.90216347267986,1.5,0.5751939292740408,-0.05926677519868243,0.04183867103525943,0.8147937890594418,0.8595240947992491,-2.567696929794942,0.0,0.0035462617767968983,-0.0365168377038483,-0.024253463002179954,-0.48018125448398413,1.3514490541299662,0.0,-0.0027136154855520425,-0.0018400966825966416,0.01281509756490778,1.7332670999019457,1.7359763646684319,1.7327605224850047,1.7359659181331177,0.155584565734867,-0.3328880746213777,0.0,-0.029433636519941467,-0.02671656171787529,0.0
108.23669967467934,263.8910196810046,-170.08996277989039,1.5,0.5759804700083263,-0.0581181044306546,0.041105864456418686,0.8143580858649748,0.8241360299643283,-2.4678141755658602,0.0,0.00334427217311684,-0.036653040850406236,-0.02330555366483748,-0.46865631409857095,1.3265438193784247,0.0,-0.0026746426265906696,-0.0018087408402643545,0.01256483436026792,1.7326082503265,1.7352630553005781,1.7321060314203558,1.735250380766427,0.1534387713584825,-0.3348516770994869,0.0,-0.028287322931515015,-0.0259285206954376,0.0
108.31129422993412,263.95120243647284,-170.27038080298144,1.5,0.576736796309913,-0.05696803108934682,0.0403660230077933,0.8139409655512587,0.7896017625830235,-2.3697946246684074,0.0,0.0031481059413822907,-0.03678689284497241,-0.02237881265793543,-0.45728877095998455,1.3014943056699657,0.0,-0.002586978915932062,-0.0017730712641096935,0.012321161712258862,1.7319558089059057,1.7345583670315878,1.7314655926590898,1.7345497245544756,0.15136429226015072,-0.3367566294564375,0.0,-0.02715311259274192,-0.025153226387988507,0.0
108.3858887851889,264.0088406083176,-170.44355692414783,1.5,0.5774635133528571,-0.05581651675989495,0.039619341951894524,0.8135420793949542,0.7559097728671391,-2.2736488775329082,0.0,0.0029596872512742847,-0.03691889040913736,-0.02146719223837842,-0.4460723251868259,1.2763048224427598,0.0,-0.0024731703634226073,-0.0017573302823312065,0.012080414977432886,1.7313136784371592,1.733861927849072,1.7308364634474702,1.733863790179013,0.14938049544883322,-0.3386052998979377,0.0,-0.026035516327553205,-0.024396276521986875,0.0
108.46048334044367,264.06399661147765,-170.60963130446862,1.5,0.5781612246513029,-0.05466352591189189,0.03886601578488184,0.8131610726428036,0.7230490266642217,-2.1793872179541527,0.0,0.0027788128033618127,-0.03704822471798096,-0.02057660642891992,-0.4350007671249849,1.2509796174399654,0.0,-0.002367350790449384,-0.0018011964206798977,0.011837889704066034,1.7306877633617666,1.7331729426883649,1.7302141373092477,1.7331925993845518,0.14747939071994848,-0.34039578591461095,0.0,-0.024938489039231362,-0.023640900373962114,0.0
108.53507789569845,264.11673205480554,-170.7687448604381,1.5,0.578830531666465,-0.0535090256267307,0.03810623736594233,0.8127975851717362,0.691008945522406,-2.087019617800614,0.0,0.0026055131080098006,-0.03717604943279202,-0.019701252936136723,-0.42406798584296546,1.225522861676581,0.0,-0.002278703553114119,-0.0017006423390214286,0.011592365065401724,1.730064597469632,1.7325065109155933,1.7296126714873967,1.7325210803793387,0.14565834781751086,-0.3421240335138261,0.0,-0.023863952235693247,-0.02289660177214239,0.0
108.60967245095323,264.16710777487646,-170.9210392402338,1.5,0.5794720343878811,-0.0523529852056731,0.03734019830887881,0.8124512513946166,0.6597794003930919,-1.9965557215919658,0.0,0.0024394825829555226,-0.03730345992999764,-0.018847083187637403,-0.4132679597369853,1.199938654039965,0.0,-0.002222067976848214,-0.001576591372008276,0.011342171372381825,1.7294541097643286,1.7318550723853876,1.729022828254048,1.7318567139587289,0.1439196847133497,-0.3438129836756188,0.0,-0.022794350083909183,-0.022177332958209416,0.0
108.684267006208,264.21518386972224,-171.06665680102628,1.5,0.5800863309079684,-0.051195377337680176,0.03656808916302006,0.8121217007862486,0.6293507189908819,-1.908004893752794,0.0,0.0022782944092700824,-0.03742695966065884,-0.018008576400431478,-0.40259477610205463,1.1742310400134097,0.0,-0.002089385776480682,-0.0016437463652232065,0.011101217565810248,1.7288624124018728,1.7311975733539193,1.7284355890251788,1.7312240669496857,0.1422480680969057,-0.3454505563196218,0.0,-0.021742670375010067,-0.02146525459823253,0.0
108.75886156146278,264.26101973111923,-171.2057405874354,1.5,0.5806740180586303,-0.05003617759129278,0.035790098553093085,0.8118085578073554,0.5997136338860442,-1.821376206676641,0.0,0.0021266278429816336,-0.03754744188910244,-0.01719106740485226,-0.3920426339439857,1.1484039944599647,0.0,-0.0019564816837612715,-0.001665645832218887,0.010859421830264063,1.72827943828153,1.7305550710350412,1.7278636470619828,1.7306000551532348,0.1406743307974619,-0.3470153414091571,0.0,-0.020725054217215523,-0.020760471352269234,0.0
108.83345611671756,264.30467407729276,-171.33843430871144,1.5,0.5812356909678911,-0.048875363244664495,0.03500641404575583,0.811511442549295,0.5708593519109538,-1.7366784087622873,0.0,0.0019817494214210986,-0.03766616771537078,-0.016389051580305677,-0.38160581797508863,1.122461424058148,0.0,-0.0019085207057142196,-0.0015826205974217393,0.010606561000372465,1.727708335858068,1.7299367806532586,1.727306508351992,1.729973399403153,0.13916640477416903,-0.3485292838492439,0.0,-0.01971716099080177,-0.02007167969014036,0.0
108.90805067197233,264.3462049851353,-171.46488231615618,1.5,0.581771943667559,-0.04771291518575605,0.034217221274777755,0.8112299705102002,0.5427794727435942,-1.6539199619938243,0.0,0.0018421617323300579,-0.037783441356478875,-0.015608660690475288,-0.371278740286986,1.0964071777899642,0.0,-0.0017989942830664296,-0.0015766649604134035,0.010360710507868425,1.7271496595982487,1.7293216850794118,1.7267597387654163,1.7293695796725257,0.13773185196706608,-0.3500096862274499,0.0,-0.01873473676789181,-0.019388459476693026,0.0
108.98264522722711,264.3856699205791,-171.5852295824943,1.5,0.5822833687017902,-0.04654881664569282,0.033422704452089946,0.8109637532154499,0.5154660125912185,-1.5731090664349767,0.0,0.001709762992501555,-0.0378994409829429,-0.014843780828682497,-0.36105591660541964,1.0702450423685814,0.0,-0.0017339052321843024,-0.0015189166781144974,0.010109036783787648,1.7266034331131581,1.7287250696806478,1.7262265633618568,1.7287706360792177,0.13637394332508002,-0.3514412218376921,0.0,-0.017765507831676304,-0.018718366570305223,0.0
109.05723978248189,264.42312576951167,-171.69962168161894,1.5,0.582770557685911,-0.045383053994223016,0.03262304579105735,0.8107123980721673,0.4889114026609883,-1.4942536460287938,0.0,0.0015829895218930383,-0.03801033550427582,-0.014100568837075663,-0.3509319867549862,1.0439787445099642,0.0,-0.0015936374214573835,-0.001504862512874207,0.009865441102489927,1.726066476667806,1.7281334538982696,1.7257072365082005,1.7281935397866033,0.13508017076427029,-0.3528025828602998,0.0,-0.01682731229952985,-0.01805963548301056,0.0
109.13183433773666,264.4586288674755,-171.80820476686827,1.5,0.5832341009463271,-0.04421561603475624,0.03181842592493668,0.8104755089227903,0.46310845440423276,-1.417361312332575,0.0,0.0014637236144864065,-0.03812006386031913,-0.013372903798833652,-0.3409017008162769,1.0176119512847845,0.0,-0.0015679914399672232,-0.001452853802203238,0.009608440324142879,1.7255490672104887,1.7275637032527498,1.725196716600005,1.7276167453227582,0.13386108010822925,-0.35412512196201434,0.0,-0.015911056745529353,-0.01741205819176466,0.0
109.20642889299143,264.4922350288265,-171.91112555034533,1.5,0.5836745880261711,-0.043046494277223096,0.03100902378898951,0.8102526859360445,0.4380503806759463,-1.3424394331046532,0.0,0.0013501639682482738,-0.0382271845675612,-0.012666983382988514,-0.3309599259119865,0.9911482735199639,0.0,-0.0015364817862086396,-0.0014244027625401647,0.009351947667220712,1.7250455522541575,1.7270046717124141,1.724697718094177,1.7270548821746627,0.13270664205275398,-0.3554003623797047,0.0,-0.01500647686350852,-0.016772528064979312,0.0
109.2810234482462,264.52399957553155,-172.00853128363863,1.5,0.5840926074093098,-0.0418756834977787,0.030195015923426275,0.8100435260618851,0.4137307666734733,-1.2694951079437178,0.0,0.0012413036165673593,-0.03833093216123103,-0.011976977422127893,-0.32110166517957134,0.9645912628289673,0.0,-0.0014081681084361674,-0.0013849380136976984,0.009105272768718522,1.724546134688552,1.7264535941896983,1.7242181573010649,1.7265131313855062,0.13161379197964232,-0.35662148147601647,0.0,-0.014130813306488695,-0.01614500993967136,0.0
109.35561800350098,264.55397736447446,-172.1005697374401,1.5,0.5844887469530019,-0.04070318088578527,0.029376577170248365,0.8098476229914175,0.3901435537830883,-1.1985351543734966,0.0,0.001139759944125348,-0.03843374739016505,-0.011308623706943409,-0.31132203716398665,0.9379444148409636,0.0,-0.001365686475056053,-0.0013436286135595577,0.008849208072851089,1.7240667045837363,1.7259206345391434,1.7237468387239274,1.725977158648323,0.13059808544868615,-0.3578091502675911,0.0,-0.013275710139062891,-0.015525851606647092,0.0
109.43021255875576,264.5822228147358,-172.1873891823713,1.5,0.5848635936114607,-0.03952898658931461,0.028553880372371554,0.8096645675851144,0.3672830596279044,-1.1295661596128008,0.0,0.001044209718185367,-0.03853339335169811,-0.010656111819739881,-0.301616289863941,0.9112111723024391,0.0,-0.0012560001046410152,-0.001314589921362711,0.008599408782578716,1.7235957804730662,1.725395921959243,1.7232918876637613,1.725460704077261,0.12965036582375486,-0.358943040735623,0.0,-0.012443535646907778,-0.014913358578730142,0.0
109.50480711401053,264.60878993497886,-172.2691383700309,1.5,0.5852177339026644,-0.03835310356689868,0.02772709594495291,0.8094939477989174,0.34514396563112426,-1.062594434205098,0.0,0.0009518736648261464,-0.038630261615153226,-0.01002573834201388,-0.2919798042179869,0.8843949182929634,0.0,-0.0011487929745961746,-0.0012401706736325465,0.008348858026164372,1.7231351326177469,1.7248877551610518,1.7228534038081957,1.7249541003539146,0.1287408174505483,-0.3600348936993059,0.0,-0.011638277495935821,-0.014318500219053636,0.0
109.57940166926531,264.63373234828816,-172.34596651364205,1.5,0.5855517535984683,-0.0371755375419608,0.02689639254698921,0.8093353491193767,0.32372124990009465,-0.9976260433742673,0.0,0.0008662340365872935,-0.0387247299801785,-0.009411188703753732,-0.28240808740543616,0.8574989879228638,0.0,-0.0011122194384715384,-0.0012434229138644196,0.008091120012943546,1.7226991615194114,1.7243916494142084,1.7224187167023381,1.7244605918904625,0.1279020490900876,-0.3610883854476166,0.0,-0.010852566244830624,-0.013730946209093882,0.0
109.65399622452009,264.65710331679645,-172.4180232701809,1.5,0.5858662381908804,-0.035996297229820465,0.026061936173684616,0.8091883544742151,0.3030102520241502,-0.9346668225773235,0.0,0.0007858443846714369,-0.038815111681024056,-0.008818649518141677,-0.2728967877579871,0.8305266580989632,0.0,-0.0010118891705310391,-0.001245240767712731,0.007838865615481815,1.7222714131933414,1.7239052586055235,1.7220015949654754,1.7239856875296944,0.12712068326022846,-0.3620833878350788,0.0,-0.010097232012949348,-0.013149540716909115,0.0
109.72859077977486,264.67895576688915,-172.48545872175185,1.5,0.5861617726073305,-0.034815394001241694,0.025223890618549,0.8090525446572886,0.28300663172789453,-0.8737223354102305,0.0,0.0007096236266566015,-0.038903557436644795,-0.008242220734431186,-0.26344168567264137,0.8034811523628775,0.0,-0.0009775465820366829,-0.001170240346577786,0.0075803767276442354,1.7218572157884227,1.7234418636736555,1.721599647003233,1.7235136345307835,0.1263831971593611,-0.36304197654566844,0.0,-0.009369990862244056,-0.012586374951532305,0.0
109.80318533502964,264.6993423117036,-172.5484233572801,1.5,0.5864389415882458,-0.03363284217378273,0.02438241796691044,0.8089274982408858,0.26370632592972615,-0.8147979241470991,0.0,0.0006410735750361782,-0.0389895108297749,-0.0076876638368506695,-0.25403869340498725,0.7763656536709629,0.0,-0.001004851924714791,-0.0011761403394791455,0.007316500584547574,1.721467412688529,1.7229902015135212,1.7212020601698508,1.7230561177685193,0.12572308830381465,-0.3639603010068488,0.0,-0.008655416486283912,-0.012018204590218918,0.0
109.87777989028442,264.7183152743328,-172.60706805551348,1.5,0.5866983295279301,-0.03244865891681296,0.023537676588638517,0.808812791963904,0.24510561950209217,-0.7578987006927126,0.0,0.000574794317137191,-0.03907233236190882,-0.007149425591378596,-0.2446838780553556,0.7491832724571329,0.0,-0.0008499046016970319,-0.001095104951613676,0.007067452355744567,1.7210706860010867,1.7225473464811358,1.720835706587028,1.7226209471942693,0.12510260368142828,-0.36482972498245353,0.0,-0.007978196572551877,-0.011471011252414613,0.0
109.95237444553919,264.7359267102264,-172.66154406712488,1.5,0.5869405207405478,-0.031262864272695035,0.022689823546839433,0.8087080006638336,0.22720105270090007,-0.7030295244166465,0.0,0.0005143633501415026,-0.0391530625014132,-0.006633281577475456,-0.23537343499398736,0.7219370867339628,0.0,-0.0008742103391078372,-0.0010612952517591902,0.006803669111083364,1.7207055837532934,1.7221260539445304,1.7204690734509982,1.7221887582341306,0.12453302945358376,-0.3656711986234921,0.0,-0.0073154654615378515,-0.010923879027135167,0.0
110.02696900079397,264.75222842745023,-172.71200299767378,1.5,0.5871660993155822,-0.030075481119508366,0.02183901258237663,0.8086126976367491,0.20998944826078683,-0.6501950504263001,0.0,0.00045741685871887995,-0.039231616973434566,-0.006133390445073746,-0.22610371173489807,0.694630110602166,0.0,-0.0007303132072112143,-0.0010190472699973762,0.006552514041270622,1.720340564518332,1.721708964856168,1.7201275935532117,1.7217834304652169,0.12401851514626222,-0.36647385056091425,0.0,-0.006685105345667665,-0.010394949334111165,0.0
110.10156355604875,264.7672720077688,-172.75859679159046,1.5,0.5873756494137604,-0.028886535113846916,0.020985395376761872,0.8085264545738505,0.19346791620067152,-0.5993997136753221,0.0,0.0004047611020789905,-0.03930461457245015,-0.00565577368022498,-0.21687119321498743,0.6672653149869627,0.0,-0.0006825512248742513,-0.0010471607194238255,0.006293712583324834,1.7200023149434414,1.7213069430128825,1.7197894581667086,1.7213896205203645,0.12353512594111238,-0.367221565675149,0.0,-0.006079807322360445,-0.009866097045676696,0.0
110.17615811130351,264.7811088259739,-172.8014777149086,1.5,0.5875697550858787,-0.02769605499723949,0.02012912058884819,0.8084488418881124,0.1776337962442977,-0.5506477015808204,0.0,0.00035571357565631554,-0.03937669925474613,-0.005194433021766136,-0.20767251892512242,0.6398456168552223,0.0,-0.0006200118040165738,-0.0009410285606188159,0.006035639431585911,1.719667669347669,1.720927688989743,1.7194760924821333,1.7210017525777377,0.12309677717373395,-0.36793890834855447,0.0,-0.00550620990946097,-0.009350589699545856,0.0
110.25075266655828,264.7937900678872,-172.84079833888725,1.5,0.5877490005741265,-0.02650407208826078,0.01927033436101664,0.8083794286722483,0.1624846765278628,-0.5039430091101696,0.0,0.00031259001678686304,-0.039445737916968614,-0.004755311860439047,-0.19850446966798754,0.6123738825089625,0.0,-0.0006282797636271728,-0.000895430962489559,0.00577253987674256,1.7193571924235673,1.720562894167007,1.7191684447671676,1.7206269921976323,0.122713649953345,-0.3686168277012379,0.0,-0.004950666466712286,-0.008844526793435935,0.0
110.32534722181306,264.8053667489606,-172.87671152478336,1.5,0.5879139701200535,-0.025310620722617944,0.018409180055474723,0.8083177829950284,0.14801839991819826,-0.45928941993049194,0.0,0.00027225495577190816,-0.03951024811309014,-0.004332563880142085,-0.18936397864207444,0.5848529294188808,0.0,-0.000517343977012506,-0.0008633646379601918,0.005516949328447339,1.7190527852282185,1.720203995998181,1.7188818989616381,1.7202769724971356,0.12236627258761752,-0.36924522273472615,0.0,-0.004420668273355443,-0.00835253746996916,0.0
110.39994177706784,264.8158897315828,-172.90937040717444,1.5,0.5880652482603658,-0.024115738429700096,0.01754579812239252,0.8082634718436267,0.13423302000752585,-0.41669047560059924,0.0,0.00023447518988620064,-0.03957351196773276,-0.0039323048320495345,-0.18024813637598758,0.5572855271749624,0.0,-0.00042619822005745975,-0.0008936392602246638,0.005259603491057955,1.7187688634032026,1.7198563687732724,1.7186043478914061,1.7199443518249244,0.12205255689606259,-0.36986237010554185,0.0,-0.003930065600521991,-0.007858960076706362,0.0
110.47453633232261,264.82540974084856,-172.93892837912003,1.5,0.5882034196362753,-0.02291946501340161,0.016680326221923055,0.8082160614395272,0.12112679955870305,-0.37614956542219663,0.0,0.00020120690578514301,-0.039634253622625855,-0.0035483395051406266,-0.171154175652586,0.529674389602183,0.0,-0.0004255066154811405,-0.0007830102450373495,0.004996566205423279,1.7184966050178727,1.7195390253546359,1.7183456847961183,1.7196093719388035,0.12177496115855485,-0.37043193849849243,0.0,-0.003468594629199775,-0.007380007558789061,0.0
110.54913088757739,264.8339773798588,-172.96553907764843,1.5,0.5883290692561929,-0.021721843199442144,0.015812899358743766,0.808175117168322,0.10869820213888552,-0.3376698456164609,0.0,0.00017204991751346304,-0.039691251211014,-0.0031868194768785336,-0.16207948080798762,0.5020221853049622,0.0,-0.00045640391185361895,-0.0007242259684140794,0.004731840964359016,1.7182450759763364,1.7192346957973463,1.7180960754627173,1.719290382240664,0.12153551530370668,-0.3709635557003807,0.0,-0.0030198281763314442,-0.0069093001807522345,0.0
110.62372544283217,264.84164314436873,-172.9893563679461,1.5,0.5884427823451333,-0.020522919142008524,0.014943649028473538,0.8081402038319356,0.09694588391706857,-0.3012542755184034,0.0,0.0001446793822256735,-0.03974567023154909,-0.0028417828087120454,-0.153021606445537,0.4743315307192456,0.0,-0.0003412101177421459,-0.0007026249460302521,0.004474714192537719,1.7179996951504604,1.7189330134748269,1.7178681060639536,1.7190000404438575,0.12132967329888836,-0.37146673205389485,0.0,-0.00261205760806144,-0.00644681578644067,0.0
110.69831999808694,264.8484574367388,-173.01053432933043,1.5,0.5885451445557289,-0.019322741215435903,0.014072704283525793,0.808110885637575,0.08586868415425415,-0.26690563860737654,0.0,0.00012096229607251064,-0.039796333072930734,-0.002519257327192261,-0.14397824646998766,0.44660499384696206,0.0,-0.0003541366362476343,-0.0006361713869760527,0.004210824135767232,1.717775761428433,1.718657564950877,1.7176499323304748,1.718711586101484,0.12114593637370676,-0.3719257403927466,0.0,-0.002221581001640196,-0.005995549044259558,0.0
110.77291455334172,264.85447057834244,-173.0292272409623,1.5,0.5886367418331783,-0.018121361194545077,0.01320019075182061,0.808086726407873,0.07546558946175595,-0.23462651108137514,0.0,9.99555237253542e-05,-0.03984341749664897,-0.0022131922088754136,-0.13494726487438605,0.4188450930158017,0.0,-0.00026651506092439627,-0.000620901546920318,0.003951481967181052,1.7175626746144315,1.7183867776149002,1.7174496769361285,1.718449334843611,0.12099797779683512,-0.37235011864844864,0.0,-0.0018750123696521911,-0.005545655329058214,0.0
110.8475091085965,264.8597328216452,-173.04558956721164,1.5,0.5887181606136574,-0.01691883292280431,0.012326231152452955,0.808067289575428,0.06573576384908579,-0.2044192802398922,0.0,8.165996280797129e-05,-0.03988975412502898,-0.0019297235042157266,-0.1259266691229877,0.39105429035396205,0.0,-0.00030451684898946793,-0.00046734173338101767,0.0036864344005467773,1.717364257244212,1.7181489030587016,1.7172660083200642,1.7181827937673861,0.12086700309742483,-0.37275428690782303,0.0,-0.0015367570394931361,-0.005117793852595758,0.0
110.92210366385127,264.86429436150735,-173.05977594430942,1.5,0.5887899876855267,-0.015715214016553576,0.011450945035926955,0.8080521383595711,0.05667849865201826,-0.17628616675276093,0.0,6.350494683481737e-05,-0.03993118150162114,-0.001662842019417788,-0.11691464082294623,0.3632350080105605,0.0,-0.0002000773747891155,-0.0005400200598671181,0.003427169773232349,1.717186081135213,1.717900611032162,1.7170908207576605,1.7179580615253018,0.12075409083821488,-0.373129439634472,0.0,-0.0012393173916414567,-0.004691462221943554,0.0
110.99669821910605,264.8682053444704,-173.07194116764322,1.5,0.5888528103698335,-0.014510564203287833,0.010574448880401556,0.8080408357731229,0.048293201331395814,-0.15022922177786746,0.0,5.1144435658529804e-05,-0.03996961497866959,-0.0014184671447822034,-0.10790950867298772,0.335389611069962,0.0,-0.00021465984300782887,-0.0004777998510533443,0.0031629404552155228,1.717022375173601,1.7176847236661426,1.7169324748107968,1.7177299449899135,0.1206816989576954,-0.3734545764734834,0.0,-0.0009665984197842504,-0.004276193114381866,0.0
111.07129277436083,264.8715158784537,-173.082240177914,1.5,0.588907216393751,-0.013304946256339925,0.009696855887446365,0.8080329447927095,0.0405794259810425,-0.12625029076810643,0.0,4.0611370198891834e-05,-0.04000493014331202,-0.0011906409841011037,-0.09890976619574803,0.30752041568418353,0.0,-0.00014256391149402092,-0.0004584128259694463,0.002901643285367972,1.7168703184230316,1.7174751058866393,1.7167920704286401,1.7175265029429152,0.12063121967470526,-0.3737531746694024,0.0,-0.000716415126609324,-0.003870989149990521,0.0
111.1458873296156,264.874276042218,-173.0908280476592,1.5,0.5889537940501007,-0.012098426123101845,0.008818275749568429,0.8080280283332626,0.03353684033250312,-0.10435105987237041,0.0,2.8739091467445645e-05,-0.040037188267055594,-0.0009856050576218074,-0.08991407683498569,0.2796296874299556,0.0,-2.2806168574874086e-05,-0.00047022058251928686,0.0026414668929841214,1.7167320849186842,1.7172751589750013,1.7166679450203695,1.717344009530066,0.12057283616010543,-0.3740320183960589,0.0,-0.000512159677136483,-0.003470962286819457,0.0
111.22048188487037,264.8765358918523,-173.09785996952937,1.5,0.5889931320671218,-0.010891071977425787,0.007938815412532772,0.8080256494312482,0.027165166159759224,-0.08453306570512147,0.0,2.1060348076714023e-05,-0.040066648835547024,-0.0007970514261918078,-0.08092125058842473,0.25171964293837384,0.0,-9.664732202516849e-05,-0.00037455366006847223,0.002375320027575952,1.7166158071423203,1.7171109904052644,1.7165536879507108,1.7171548062389757,0.12053580521563548,-0.374272552813666,0.0,-0.0003362646953991832,-0.003076983083600409,0.0
111.29507644012514,264.8783454666812,-173.1034912437524,1.5,0.5890258197493324,-0.009682954615750153,0.00705857821213451,0.8080253712181069,0.02146422570212228,-0.06679765697178343,0.0,1.57535900322652e-05,-0.04009441010610953,-0.0006311992278982857,-0.07193026060098773,0.2237924412939619,0.0,-0.0001439658467882838,-0.00024196172719852404,0.0021102333674074374,1.7165101185700764,1.716962878351659,1.7164591206049604,1.7169803146852773,0.12052308336451198,-0.37449205745766023,0.0,-0.00017431122744712615,-0.002702359015907926,0.0
111.36967099537992,264.8797547959809,-173.10787726573975,1.5,0.5890524468716537,-0.00847414841730237,0.00617766408175224,0.8080267570505398,0.016433927055019004,-0.05114603590337078,0.0,9.760937963966613e-06,-0.04011780735682436,-0.00048198324750092244,-0.06294025637901401,0.19585019889121774,0.0,-5.798301374697969e-05,-0.00029258800883224183,0.0018482520400680215,1.7164228513189486,1.7168079934928226,1.7163760082938662,1.71684390552312,0.12051393854880844,-0.3746883868701337,0.0,-4.6597899647784764e-05,-0.0023343432691066922,0.0
111.4442655506347,264.8808139036776,-173.1111735151388,1.5,0.5890736037757035,-0.007264730099110665,0.005296169788014647,0.8080293705162388,0.01207421770877091,-0.03757926251963531,0.0,6.1950908999211385e-06,-0.04013704542981533,-0.00035548491132183894,-0.05395054162598773,0.16789497923396188,0.0,-3.172536204166963e-05,-0.0002816025383871287,0.0015846684318671408,1.7163508985734777,1.716676766987088,1.7163086054443413,1.7167141224608427,0.12051499287844449,-0.3748401790908187,0.0,4.62569094823823e-05,-0.00197066805701653,0.0
111.51886010588947,264.8815728117883,-173.11353554382842,1.5,0.5890898812872856,-0.006054778882787054,0.004414188504134166,0.8080327755465507,0.008385095570430117,-0.026098213980526586,0.0,4.2906347566205214e-06,-0.040154271925766,-0.0002455833201256681,-0.04496058214000253,0.13992878853123153,0.0,-2.991478809059276e-05,-0.00020888205195489923,0.0013205513391407082,1.7162916775339276,1.7165668799166036,1.7162593012969887,1.716593584147781,0.12052632713400205,-0.3749710743816959,0.0,0.00011031185179645704,-0.00161869633832186,0.0
111.59345466114425,264.8820815438736,-173.1151189642664,1.5,0.5891018707806204,-0.004844377025233893,0.003531810060242082,0.8080365364089108,0.00536660374874074,-0.016703635049970807,0.0,2.1072837656693437e-06,-0.04016853933119345,-0.0001584655388822053,-0.035970011590987734,0.11195358622996184,0.0,-3.246443446640618e-05,-0.00015452691363372338,0.0010564284343550505,1.7162493758018573,1.7164713136205552,1.7162238314725267,1.7164894760081646,0.12053102727714701,-0.3750819122781591,0.0,0.0001490311365983427,-0.0012761859417390934,0.0
111.66804921639903,264.8823901268854,-173.1160794392308,1.5,0.5891101641096416,-0.0036336091961808783,0.0026491208647755203,0.8080402178020377,0.0030187883828377785,-0.0093961317072802,0.0,3.812168989762437e-07,-0.04017935871530321,-8.7966313820785e-05,-0.026978622823573304,0.08397127698210376,0.0,-1.0104872079383117e-05,-0.00012590968981928216,0.0007925321167975767,1.7162224540254603,1.7163875397380737,1.716203718510291,1.7164044168516022,0.12053876332901603,-0.375166055580206,0.0,0.00016323007393736921,-0.0009454300130539129,0.0
111.7426437716538,264.8825485918819,-173.1165726712555,1.5,0.5891153536449926,-0.0024225603736439793,0.0017662049570082968,0.8080433848631033,0.0013417096396603045,-0.004176165790083675,0.0,4.1654653702900404e-07,-0.04018723026891012,-4.023504104338014e-05,-0.017986322559131834,0.055983703416612456,0.0,1.8653546102962367e-06,-8.543260240368479e-05,0.00052872785198459,1.7162107618955709,1.7163206940231466,1.716199172373547,1.7163332684853667,0.12055554869562597,-0.3752231483087551,0.0,0.0001839281369839189,-0.0006217790607714736,0.0
