bag_s,ba_x,ba_y,ba_z
5.7983788810000005,-1.1657341758564144e-15,7.494005416219807e-16,0.0
5.847309721,-1.2212453270876722e-15,1.8041124150158794e-15,-1.7763568394002505e-15
5.897523351,-1.6653345369377348e-16,1.1102230246251565e-16,0.0
5.94829614,-5.551115123125783e-17,1.3877787807814457e-16,3.552713678800501e-15
5.998305223,-8.326672684688674e-16,1.915134717478395e-15,0.0
6.048301841000001,0.0002260514009250758,-0.0001872990953611653,-0.0013331401546814448
6.098316868,0.00022605140092385456,-0.00018729909535983302,-0.0013331401546849975
6.148289763,8.924067836696414e-05,-0.00018338587414912233,-0.0020194131190027775
6.198402092,8.924067836579841e-05,-0.00018338587414906682,-0.0020194131190027775
6.248284945,-0.0003152605162160538,1.5232771224782393e-05,-0.002898366964318555
6.298314417,-0.0003152605162151656,1.523277122555955e-05,-0.0028983669643203314
6.348305814000001,-0.0003117077180417316,0.00023513930457097487,-0.0042932293826787316
6.399307448,-0.00031170771804306385,0.00023513930456972587,-0.0042932293826787316
6.4493064,-8.236100822950343e-05,-0.0001513918181600682,-0.00620918376195867
6.4992901110000005,-8.236100822889281e-05,-0.00015139181815998493,-0.00620918376195867
6.549298286,0.0003677471391516085,-0.0002895790831977385,-0.007705770339725859
6.5993826680000005,0.0003677471391505538,-0.0002895790831968781,-0.007705770339725859
6.649343304,0.00038874123399762484,-0.000387797981875021,-0.009033287363429565
6.699431297,0.0003887412339969587,-0.00038779798187529857,-0.009033287363434894
6.74929465,0.0006093770144457444,-0.0003193717187116585,-0.016406289282224762
6.799356809000001,0.0006093770144449118,-0.00031937171871304626,-0.016406289282226538
6.850298664,0.0009852019746838248,-0.0007862152907958386,-0.028144703871053167
6.900295174,0.0009852019746846574,-0.0007862152907954778,-0.028144703871054944
6.949325521,0.0009852019746834362,-0.0007862152907960329,-0.028144703871053167
6.999290232000001,0.0009852019746832696,-0.0007862152907954223,-0.028144703871053167
7.049315817,0.0011035531664868037,-0.0008320278749016086,-0.03253111719107693
7.099333605000001,0.0011035531664871367,-0.000832027874900193,-0.03253111719108048
7.149307354,0.0014278664360130033,-0.001046511523247029,-0.04328467421524351
7.199320475,0.001427866436013836,-0.0010465115232465294,-0.04328467421524529
7.249341782,0.0018569041721778756,-0.0012615926516699738,-0.06051653118580269
7.300048699,0.0018569041721779866,-0.001261592651671306,-0.060516531185806244
7.349475975000001,0.0022986996354766864,-0.0015872608360165685,-0.07559380431272089
7.400888781000001,0.0022986996354781852,-0.0015872608360162077,-0.07559380431272089
7.450314112,0.0028352305909837283,-0.001927415894371426,-0.09385299672551817
7.500328271000001,0.0028352305909850606,-0.001927415894370288,-0.09385299672551817
7.550294482000001,0.003189912350209212,-0.0021638165135862975,-0.10607410716303178
7.600540579,0.003189912350209212,-0.002163816513586353,-0.10607410716302823
7.650702430000001,0.0036795621906373643,-0.002500712621979845,-0.12307380713362015
7.700545653000001,0.003679562190637642,-0.0025007126219809273,-0.12307380713361837
7.750779879,0.004149703160694906,-0.0027968002273943415,-0.13898401150070328
7.80062075,0.0041497031606951285,-0.0027968002273939807,-0.13898401150069795
7.850745657000001,0.004786540117518279,-0.003262470161371961,-0.1601861810174814
7.901819114,0.004786540117518223,-0.0032624701613728213,-0.16018618101748494
7.951548722,0.00478654011751839,-0.003262470161373515,-0.1601861810174814
8.001408004,0.004786540117518723,-0.003262470161372405,-0.16018618101748316
8.051636101,0.005368853336345375,-0.003795156981239306,-0.18279661840043815
8.101886422,0.0053688533363465685,-0.0037951569812402774,-0.1827966184004417
8.152134779,0.005897549707645833,-0.004054006330441784,-0.20126907860694665
8.200707104000001,0.0058975497076468875,-0.00405400633044356,-0.20126907860694843
8.250549848,0.006368216571753238,-0.004293085968757077,-0.2168288487450738
8.300775075,0.006368216571753127,-0.004293085968756938,-0.2168288487450738
8.350668858,0.0069270471669631295,-0.004647580140772267,-0.23422863065365185
8.401658607,0.0069270471669632405,-0.004647580140773044,-0.23422863065365185
8.451512944000001,0.007277365123259161,-0.004870386711080921,-0.24511309415013116
8.501919865000001,0.007277365123257551,-0.004870386711080865,-0.24511309415012938
8.551924377,0.0076624349963363425,-0.005074255812805822,-0.25749678864646164
8.602077248,0.0076624349963377025,-0.005074255812806655,-0.2574967886464563
8.651311737,0.008059384216300813,-0.005187772297641613,-0.27124515279713535
8.701299896,0.008059384216300258,-0.005187772297641613,-0.2712451527971389
8.751312056,0.00839053109093324,-0.0054913980599803625,-0.2835629652423872
8.801334791,0.008390531090933906,-0.005491398059980279,-0.2835629652423819
8.851316581,0.00845778336806785,-0.005525969375530071,-0.28975184603025284
8.902347259,0.00845778336806885,-0.005525969375530321,-0.2897518460302564
8.952445333,0.008457783368068184,-0.005525969375531042,-0.28975184603025284
9.00230619,0.008457783368068572,-0.0055259693755300154,-0.2897518460302564
9.052623442,0.008672223181686645,-0.005578106806666677,-0.2952460532042096
9.102716331,0.008672223181686367,-0.005578106806666233,-0.2952460532042078
9.153406269,0.008963955695782955,-0.005727946083330493,-0.3032261938106515
9.202847567,0.008963955695784342,-0.005727946083331159,-0.3032261938106533
9.253041609,0.009104002185586046,-0.005769513985147912,-0.3081017773027206
9.30295258,0.009104002185587323,-0.005769513985148217,-0.3081017773027188
9.352802974,0.009176443147014934,-0.0057846230148234645,-0.31083191581901914
9.402405929,0.009176443147013769,-0.00578462301482352,-0.31083191581901737
9.453504315,0.009350158552541843,-0.0058869630447817844,-0.3162210025269019
9.504447267,0.009350158552541621,-0.005886963044781812,-0.3162210025269019
9.553802635,0.009552745810478547,-0.0059667760282383075,-0.3218136829750051
9.603447203,0.00955274581047827,-0.005966776028238446,-0.3218136829750051
9.653739028,0.009730409886236024,-0.006121469637686422,-0.3279586663080636
9.702644946,0.009730409886235414,-0.006121469637687532,-0.32795866630806003
9.75272876,0.009977014329215939,-0.006284254749148649,-0.3354986810627185
9.802609711,0.009977014329215717,-0.006284254749148066,-0.33549868106272207
9.852494849,0.010092225261572663,-0.0063931037178261985,-0.3391867274183973
9.903692687,0.010092225261573884,-0.006393103717825088,-0.33918672741839373
9.953675145,0.010092225261572718,-0.006393103717825754,-0.33918672741839906
10.003748812,0.010092225261574383,-0.006393103717825449,-0.33918672741840084
10.053442273,0.010177319444495903,-0.0064945879285771835,-0.34307287777520656
10.103679745,0.010177319444495736,-0.0064945879285776,-0.34307287777520834
10.153540067,0.010309300364627183,-0.006604680813378588,-0.34773322264974027
10.206498627,0.010309300364627128,-0.006604680813377228,-0.34773322264974027
10.25660437,0.010457422018133489,-0.006685263355070553,-0.3530518763529198
10.30362656,0.010457422018133766,-0.006685263355069859,-0.35305187635292157
10.353676615,0.010519295553937102,-0.006728337407899049,-0.35515515341888637
10.404806171,0.010519295553937269,-0.006728337407898494,-0.35515515341888815
10.454876522,0.010548303377204693,-0.006741810405201498,-0.3561783693249474
10.504641432,0.010548303377205692,-0.006741810405201137,-0.3561783693249474
10.554696172,0.010602354668848124,-0.00678135686643358,-0.3581565267771829
10.605780374,0.010602354668848901,-0.006781356866433302,-0.3581565267771829
10.654952382,0.010635127945739342,-0.006800597074756609,-0.359228790423165
10.706610836,0.010635127945739509,-0.006800597074755971,-0.3592287904231686
10.755299856,0.01060323748630948,-0.006780889482009916,-0.3580752035338932
10.804746063,0.010603237486309952,-0.006780889482010555,-0.3580752035338932
10.854620444,0.010599887229285732,-0.006775069782848336,-0.3580172966290789
10.904514177,0.010599887229286564,-0.006775069782848864,-0.3580172966290771
10.954648348,0.010599887229285676,-0.006775069782849363,-0.3580172966290771
11.004751982,0.010599887229286231,-0.006775069782849752,-0.3580172966290789
11.054586211,0.010654848523546645,-0.0067734030885431284,-0.3599121337211777
11.104391773,0.010654848523546034,-0.0067734030885443774,-0.3599121337211795
11.154637655,0.0107415920350174,-0.006795947517602902,-0.36229591638318226
11.204595817,0.010741592035018899,-0.006795947517603873,-0.36229591638318226
11.254584907,0.010729730470408705,-0.006842254106944751,-0.363203743071308
11.304447527,0.010729730470407761,-0.006842254106944667,-0.363203743071308
11.354756949,0.010778170359965422,-0.006850278731178994,-0.3640174759502113
11.405491986,0.01077817035996595,-0.006850278731177745,-0.3640174759502113
11.455232174,0.010845195865298196,-0.0068715877421291205,-0.365167050138437
11.504988307,0.010845195865297419,-0.00687158774212801,-0.365167050138437
11.556133773,0.010931707940907032,-0.006892116025950357,-0.36601073377714854
11.605651616,0.010931707940907143,-0.006892116025950357,-0.36601073377714677
11.655413416,0.01097134140790762,-0.00691813075587186,-0.36606975139464737
11.705476899,0.010971341407906066,-0.006918130755871693,-0.3660697513946456
11.755924976,0.010970290392479376,-0.0069372492439249145,-0.3672173664902765
11.805795115,0.010970290392479543,-0.006937249243925275,-0.3672173664902765
11.855639551,0.011002564513258484,-0.007003555223654617,-0.3689378572892483
11.905765261,0.011002564513258206,-0.007003555223654201,-0.3689378572892483
11.956588027,0.011002564513259816,-0.007003555223654728,-0.3689378572892483
12.006681106,0.011002564513258373,-0.007003555223653646,-0.3689378572892483
12.056791,0.01101520676363249,-0.0069676530482876975,-0.3687534435593083
12.106418517000002,0.011015206763631213,-0.006967653048288447,-0.36875344355931006
12.156491798,0.011128123688506047,-0.0068886655487779,-0.37018321603638604
12.206518948,0.01112812368850441,-0.006888665548778011,-0.37018321603638604
12.256865818,0.011198038721737524,-0.006957184962193552,-0.3711853574462367
12.306645232,0.011198038721737746,-0.006957184962194135,-0.37118535744623493
12.35666164,0.011203423787846445,-0.006980661300081709,-0.3722494072831193
12.406753052,0.011203423787846278,-0.006980661300081958,-0.37224940728312284
12.457532018,0.011246597628296884,-0.006959787938736167,-0.3723725867624683
12.506614081,0.011246597628297217,-0.006959787938735973,-0.37237258676246654
12.556794238,0.01133406889056121,-0.006888148419806783,-0.3722408076814574
12.60691967,0.011334068890560989,-0.006888148419805923,-0.3722408076814574
12.656587856000002,0.011454038706898428,-0.006948440831629266,-0.37376705705967517
12.706943875,0.011454038706897762,-0.0069484408316301816,-0.37376705705967694
12.760781837,0.011506945859123374,-0.006942893943581163,-0.37606940395846067
12.806705121,0.011506945859123152,-0.006942893943580525,-0.37606940395846067
12.857188759,0.011598455972439747,-0.006965219128801936,-0.37701589107875577
12.906635213,0.01159845597243958,-0.0069652191288026855,-0.3770158910787593
12.956547487000002,0.011598455972441024,-0.006965219128802491,-0.37701589107875755
13.007562765,0.011598455972440469,-0.006965219128802103,-0.37701589107875755
13.057479447,0.011582768101748353,-0.006924979259057579,-0.37855790243625975
13.107244954,0.011582768101749519,-0.0069249792590587445,-0.37855790243625975
13.157736945000002,0.011684670044131706,-0.006938206907870698,-0.3798317120233765
13.207878583,0.01168467004413154,-0.006938206907869587,-0.37983171202337473
13.257831323,0.011639476788062375,-0.0069857497332760365,-0.38054208340110307
13.307540068000002,0.011639476788063707,-0.0069857497332755925,-0.3805420834011013
13.357756766,0.011691250238731077,-0.006890920778391485,-0.3808666419938902
13.40777238,0.011691250238730522,-0.0068909207783913184,-0.380866641993892
13.457689006,0.011636376582765784,-0.006840571580696314,-0.3812033703448616
13.50782646,0.011636376582765728,-0.00684057158069637,-0.38120337034485985
13.559165865,0.011693563313658839,-0.00675112496319949,-0.381078995614585
13.608604855,0.011693563313659616,-0.006751124963200544,-0.38107899561458325
13.658781459,0.011746369187275951,-0.006849353314585888,-0.38219398490630496
13.708710549,0.011746369187276562,-0.006849353314586137,-0.38219398490630496
13.758553005,0.011845060083650716,-0.006968856532791251,-0.38241938504682516
13.807487802,0.01184506008365166,-0.006968856532791862,-0.38241938504682693
13.857814137,0.011790327010942736,-0.006772819806117214,-0.3840149956546739
13.907509532,0.011790327010942903,-0.006772819806117575,-0.3840149956546721
13.960463321,0.011790327010942292,-0.0067728198061181855,-0.3840149956546739
14.010085675,0.011790327010942181,-0.0067728198061181855,-0.3840149956546739
14.060083937000002,0.011832790598425902,-0.0067609085509241496,-0.3837616669706847
14.109674474,0.011832790598425236,-0.006760908550924094,-0.3837616669706865
14.161604709,0.011811105782842113,-0.00684093225064758,-0.3833352631743967
14.208901032000002,0.011811105782842668,-0.0068409322506460535,-0.3833352631743985
14.258558591000002,0.011757603244913373,-0.006871901836607519,-0.38294218178544526
14.308573521,0.011757603244913983,-0.006871901836606797,-0.38294218178544526
14.358660325,0.011710951116463642,-0.006826004167304528,-0.38311595769233087
14.408535914000002,0.01171095111646353,-0.006826004167304001,-0.38311595769233087
14.459401796000002,0.01165346698106684,-0.007031156161964425,-0.3822485068550314
14.51027405,0.011653466981068006,-0.007031156161964064,-0.38224850685502787
14.559608258,0.01166333225270555,-0.007034053307904298,-0.3816122435242697
14.609641430000002,0.011663332252706604,-0.0070340533079042145,-0.3816122435242715
14.659663286,0.011629468140501975,-0.007058030825137923,-0.38111208141345543
14.709496428,0.011629468140501031,-0.007058030825136091,-0.38111208141345543
14.759542915,0.011774138674335466,-0.0070648423903220126,-0.38055837557465644
14.809335871,0.011774138674335966,-0.007064842390321874,-0.3805583755746582
14.859876627,0.011592553253594817,-0.00717250788597118,-0.38030337359259647
14.910534611,0.011592553253594429,-0.007172507885969792,-0.38030337359259825
14.959467337,0.01170846173222112,-0.007210412180953807,-0.3806717999363496
15.009727578,0.011708461732220399,-0.007210412180953918,-0.3806717999363496
15.060112918000002,0.0117174239679044,-0.007222093194694357,-0.37963430193767067
15.109603822,0.011717423967904372,-0.007222093194695245,-0.37963430193767067
15.159689627,0.01166381641994979,-0.007287128931142278,-0.3790984221731186
15.209803842,0.011663816419949125,-0.007287128931143111,-0.37909842217311507
15.259644209,0.011722261083043,-0.007142107629644512,-0.37896677339908
15.309785665,0.01172226108304325,-0.007142107629643429,-0.3789667733990818
15.360786872,0.01162754633196883,-0.007000744955904276,-0.37933255061606275
15.410849658000002,0.01162754633196944,-0.0070007449559039425,-0.37933255061606275
15.460629651,0.011605429082218122,-0.007230875104616591,-0.37914131156697906
15.510638841,0.0116054290822184,-0.007230875104616757,-0.37914131156697906
15.560506302,0.011708742235189584,-0.007105005710155404,-0.378953090004293
15.610725374,0.011708742235189584,-0.007105005710154849,-0.3789530900042912
15.660711563,0.011742813536378627,-0.007151516916409195,-0.37903934542568685
15.710727995,0.011742813536378849,-0.00715151691640914,-0.37903934542568507
15.760478487,0.01153334379755272,-0.0072469393023804896,-0.3788356494536096
15.810765396,0.011533343797552637,-0.00724693930238135,-0.37883564945361137
15.860788496,0.01157033409249908,-0.007107828467345173,-0.3788315952825272
15.910842246,0.01157033409249919,-0.007107828467344424,-0.3788315952825272
15.961660685000002,0.011570334092498413,-0.007107828467344812,-0.3788315952825272
16.011634857,0.011570334092498635,-0.007107828467345312,-0.37883159528252897
16.061713683,0.01173087181585214,-0.007093345101669701,-0.37942792018044535
16.111399673,0.011730871815853028,-0.007093345101669174,-0.3794279201804436
16.161524075000003,0.011783672409628465,-0.007213870314010051,-0.3795213193939375
16.212011441,0.011783672409628299,-0.007213870314010384,-0.37952131939393574
16.261626334000002,0.011818032041267634,-0.007117981480487118,-0.3793863456476565
16.310449223000003,0.011818032041267051,-0.00711798148048795,-0.3793863456476583
16.361407706,0.011819814342422519,-0.006969450359302937,-0.37938100046367573
16.412238201,0.011819814342423518,-0.006969450359302964,-0.37938100046367573
16.460806169,0.01183827057690695,-0.006909902541423346,-0.37976336531426647
16.511685444,0.01183827057690695,-0.006909902541424151,-0.37976336531426824
16.561619577000002,0.011957329661675453,-0.006984257139832001,-0.3803965334593151
16.611697995,0.011957329661676563,-0.0069842571398327224,-0.3803965334593151
16.661722688,0.011886479067456657,-0.00704832895131563,-0.38042219246979414
16.711404233,0.011886479067457711,-0.00704832895131563,-0.3804221924697959
16.761469003000002,0.01194010562358766,-0.0071127446581718545,-0.3805950716487061
16.813242141,0.011940105623587549,-0.007112744658170411,-0.3805950716487061
16.862677341,0.011995224239349928,-0.00694976369813341,-0.3808228606515982
16.91263731,0.0119952242393504,-0.006949763698134076,-0.3808228606515929
16.962440641,0.011995224239350122,-0.006949763698134687,-0.38082286065159465
17.012846579,0.011995224239349123,-0.006949763698133937,-0.3808228606515929
17.062582591,0.011794030137083106,-0.006952377653544617,-0.3805383786132648
17.112940396000003,0.011794030137083855,-0.006952377653544312,-0.380538378613263
17.162576867000002,0.011727075617540939,-0.007074654999522534,-0.3805212477130535
17.212698993,0.011727075617540716,-0.007074654999522506,-0.3805212477130535
17.262464637,0.011743700537871438,-0.0070298443292543256,-0.38030708999354346
17.314169069000002,0.011743700537870938,-0.007029844329253104,-0.3803070899935417
17.365418921,0.012014628559110008,-0.0070149996480859955,-0.38043259036282784
17.413686300000002,0.012014628559110618,-0.007014999648086717,-0.3804325903628243
17.463118834,0.011907311310370317,-0.007155476491323864,-0.380604186871631
17.512776528,0.01190731131037126,-0.0071554764913240865,-0.3806041868716292
17.563844519,0.011936836235410087,-0.007320136816945322,-0.38024828974628555
17.612514068,0.01193683623540992,-0.00732013681694707,-0.38024828974628555
17.662515483,0.011876080274603629,-0.007568210994097907,-0.3799814399404102
17.712731799,0.011876080274604017,-0.007568210994097907,-0.379981439940412
17.762625061,0.01182953748766985,-0.0077492126986774545,-0.37982154551650105
17.812609254,0.011829537487671016,-0.0077492126986772325,-0.37982154551650105
17.863211944,0.012093315563557194,-0.007849033436500008,-0.3795807807110325
17.915371273,0.012093315563557,-0.007849033436499175,-0.3795807807110325
17.963629394,0.01207059672201527,-0.007908469461057832,-0.37922989725720235
18.013561122000002,0.012070596722014881,-0.007908469461057832,-0.3792298972571988
18.063882372,0.012036602313185096,-0.0078031024609842015,-0.3791092628741737
18.113598978,0.01203660231318504,-0.007803102460984757,-0.3791092628741737
18.163902485,0.012001472158550797,-0.007836485528378734,-0.3793633925109088
18.213485436000003,0.01200147215855013,-0.00783648552837829,-0.379363392510907
18.264438682,0.012260221494514612,-0.007856282004184117,-0.3794351772038116
18.31476895,0.012260221494513612,-0.007856282004185117,-0.3794351772038116
18.364758311000003,0.012340154425555083,-0.007650069592431946,-0.3794354918216669
18.415012372,0.01234015442555586,-0.007650069592432085,-0.3794354918216669
18.464475983,0.01241031277913851,-0.00753766040688944,-0.37963456286590613
18.513718971,0.012410312779138788,-0.007537660406889274,-0.37963456286590436
18.564699089,0.012443305628726864,-0.00761435848493755,-0.3797794615069314
18.61400558,0.012443305628727586,-0.007614358484939243,-0.37977946150692965
18.663371686,0.012581126908661477,-0.00749886160806848,-0.38014689210221775
18.713590078000003,0.012581126908660922,-0.007498861608068036,-0.38014689210221775
18.764633421000003,0.01265750710377117,-0.00748080421069186,-0.3802855661353739
18.814611375,0.01265750710377056,-0.0074808042106923045,-0.3802855661353757
18.864406413,0.012707385874486027,-0.007342375261934625,-0.38042146457345716
18.915238821000003,0.012707385874485333,-0.007342375261933792,-0.3804214645734554
18.965707616,0.012630493548032584,-0.007557406782959214,-0.38023490733055176
19.014373205,0.012630493548032695,-0.007557406782958492,-0.38023490733055176
19.064752367,0.012742540117665346,-0.007674663309710283,-0.380363355995728
19.11467143,0.012742540117664458,-0.0076746633097097006,-0.380363355995728
19.164858433000003,0.012805877788295061,-0.007507101282432566,-0.38025628989815097
19.216202794,0.01280587778829545,-0.0075071012824318994,-0.38025628989815097
19.265391003,0.012881828299924347,-0.0075694717551918755,-0.38042250277879575
19.3152576,0.012881828299924625,-0.007569471755192347,-0.38042250277879397
19.367171713,0.012794119272357518,-0.0074969219436316625,-0.3807815959262726
19.415855359,0.012794119272357352,-0.007496921943631357,-0.3807815959262726
19.465367215,0.012937815412691789,-0.00757341639532938,-0.3805400107072128
19.516501027,0.012937815412691844,-0.0075734163953302125,-0.3805400107072128
19.565594935,0.01288419824799375,-0.007586637523393752,-0.38035610706465484
19.616256945,0.012884198247993528,-0.007586637523392309,-0.3803561070646566
19.665438135,0.01294776523966995,-0.007631460900441922,-0.38024789153159944
19.715811889,0.012947765239669062,-0.007631460900441173,-0.38024789153159944
19.765644985,0.013167120891975637,-0.0075313099295444,-0.38041118515578987
19.816041536,0.013167120891976192,-0.007531309929545815,-0.3804111851557881
19.865500243,0.013091013817106811,-0.007677949405491075,-0.38062951870620765
19.916943537,0.013091013817107089,-0.007677949405490908,-0.3806295187062023
19.965984629,0.013033603708056174,-0.007965142433493527,-0.3805707333670103
20.015650735,0.013033603708056674,-0.007965142433492,-0.38057073336700853
20.066290209,0.012867067304453805,-0.007743873376828692,-0.38055422880288603
20.115690653,0.012867067304454027,-0.007743873376828608,-0.38055422880288603
20.165834156000003,0.013069936616589284,-0.007591438247205207,-0.38064892132556594
20.217090291,0.013069936616588618,-0.0075914382472040964,-0.38064892132556594
20.2660954,0.013074875853573475,-0.007700735866510849,-0.3807388389656374
20.31718223,0.013074875853573531,-0.007700735866509795,-0.3807388389656374
20.367996657000003,0.013090355337263881,-0.007500950691301883,-0.3810270786084917
20.41766043,0.013090355337264548,-0.007500950691300745,-0.3810270786084935
20.46646951,0.013157893308343827,-0.007387051402983319,-0.3810824134662081
20.516684979,0.013157893308345436,-0.007387051402982819,-0.38108241346620986
20.56708218,0.0131157743687641,-0.007426794521551955,-0.38107964607003275
20.616762732,0.013115774368763489,-0.0074267945215502895,-0.3810796460700292
20.669123056,0.013314873064448007,-0.007322107082845447,-0.3812907500822682
20.718128609,0.013314873064449229,-0.0073221070828461965,-0.3812907500822682
20.767619744,0.01334940345652974,-0.007246449672511507,-0.3814649943756496
20.818093301,0.013349403456530323,-0.007246449672513283,-0.3814649943756496
20.868710386,0.013254910910067919,-0.00722178265245188,-0.38158865369872075
20.91790921,0.013254910910067252,-0.007221782652451769,-0.3815886536987225
20.966699142000003,0.013349712994639718,-0.007245501866827625,-0.3816965259513676
21.016889149,0.013349712994638968,-0.007245501866826459,-0.3816965259513694
21.067866309000003,0.013336585236714105,-0.007181207828153208,-0.3819819074201227
21.116620498,0.013336585236714993,-0.007181207828154151,-0.3819819074201227
21.167535821,0.013518297712371563,-0.0070994772074984835,-0.3821529244399571
21.218219984,0.013518297712370897,-0.007099477207498733,-0.38215292443995885
21.267346619,0.013631612363368295,-0.0070081125153838575,-0.3823963669168542
21.317696986,0.013631612363367573,-0.00700811251538383,-0.38239636691685597
21.368649496,0.013579372943366752,-0.007000737665833923,-0.382699731045836
21.417633105,0.013579372943367474,-0.007000737665832368,-0.38269973104583954
21.467667455,0.013650945725308339,-0.00679565610953331,-0.3829947853891138
21.518874812,0.013650945725308505,-0.006795656109534365,-0.3829947853891156
21.567640113000003,0.013797990980041752,-0.00674582913735397,-0.3832258494052976
21.619581361,0.01379799098004203,-0.006745829137353054,-0.38322584940529936
21.670523852,0.013784556861688169,-0.006791526258722064,-0.3831728614296246
21.720018804,0.013784556861688058,-0.006791526258721425,-0.38317286142962814
21.768626652,0.01359537961767554,-0.006726475997851977,-0.3834753722775801
21.818901775,0.013595379617674097,-0.006726475997850784,-0.38347537227757655
21.869080079,0.01373164021263834,-0.006835731775610643,-0.38366596562658906
21.919810671,0.013731640212639173,-0.006835731775612169,-0.3836659656265873
21.969917175000003,0.013758322662747902,-0.007031923959703645,-0.38356044769546926
22.01751786,0.013758322662747846,-0.007031923959704506,-0.38356044769546926
22.06846189,0.013762090447692221,-0.006991004907576759,-0.3836172841068901
22.118694401000003,0.013762090447691389,-0.006991004907577036,-0.3836172841068919
22.170675967,0.01379040368168305,-0.006734385065474691,-0.3838501968854704
22.218942984,0.013790403681683883,-0.006734385065474829,-0.3838501968854722
22.268467438,0.01378086193764927,-0.006709770406301108,-0.383980525960105
22.31864139,0.01378086193765063,-0.00670977040630058,-0.3839805259601068
22.36846212,0.013809503231444559,-0.0065608979783248755,-0.38425613253936497
22.418729354,0.013809503231444531,-0.00656089797832346,-0.38425613253936497
22.468508933000003,0.014025044925058128,-0.006640463622184789,-0.3844093722084878
22.519483706000003,0.014025044925057406,-0.006640463622184123,-0.3844093722084896
22.569911115,0.013943438694222376,-0.006601367983550238,-0.38450305685471164
22.619672008,0.01394343869422271,-0.0066013679835486005,-0.3845030568547152
22.669978134,0.01390150049852562,-0.006664362857559641,-0.3845960915404678
22.719666615,0.01390150049852451,-0.006664362857559891,-0.3845960915404696
22.769685559000003,0.013891853264252019,-0.006431906060701792,-0.3846237364528342
22.819995222000003,0.01389185326425263,-0.006431906060700376,-0.3846237364528342
22.869703466,0.01382733374229489,-0.006440740907321385,-0.3846467743519213
22.919897124,0.013827333742295222,-0.006440740907321968,-0.3846467743519195
22.969744486,0.01382805034739154,-0.006384910027931928,-0.3848671952861604
23.019497713,0.013828050347391097,-0.006384910027930707,-0.3848671952861604
23.070819247000003,0.013755709232897817,-0.006180353804043415,-0.3849227306603247
23.121285549000003,0.01375570923289579,-0.0061803538040445805,-0.3849227306603282
23.171797613000003,0.0137479787985621,-0.006541725029976381,-0.3847554016037318
23.219572365,0.01374797879856271,-0.006541725029976547,-0.3847554016037318
23.269575346,0.013786373636987037,-0.00629966505545293,-0.3847532158907647
23.319646665,0.013786373636986315,-0.006299665055452264,-0.3847532158907683
23.369540566,0.013816881484655597,-0.0063166403849398145,-0.38474376832835233
23.419483248,0.013816881484654098,-0.006316640384941341,-0.38474376832835233
23.470669163,0.013845529999675532,-0.006209989549838785,-0.38482777996859596
23.521060499,0.013845529999675144,-0.006209989549839451,-0.38482777996859596
23.570662329,0.013747206461163342,-0.00625546479597211,-0.38482050954315383
23.620530007000003,0.013747206461163619,-0.006255464795973664,-0.3848205095431556
23.670497005,0.013801531608837236,-0.00629721709538042,-0.3847009005154476
23.720669773,0.01380153160883818,-0.0062972170953797535,-0.3847009005154476
23.770879506,0.013917622940066376,-0.006499211719705605,-0.3845616882636609
23.82279209,0.013917622940067764,-0.006499211719706216,-0.3845616882636609
23.870608901,0.013729284446007406,-0.006607474212413339,-0.38447148605956727
23.920896029,0.013729284446006684,-0.00660747421241209,-0.38447148605956727
23.9708006,0.013734448462286275,-0.006636209298434115,-0.3843152042416431
24.021661054000003,0.013734448462285664,-0.00663620929843281,-0.3843152042416431
24.072093468,0.013733310114610875,-0.006862920960768265,-0.38429565263692567
24.122420413,0.013733310114609876,-0.006862920960769542,-0.38429565263692567
24.17241797,0.013644111848165774,-0.007108712277687612,-0.38403501833271747
24.222477233000003,0.013644111848165219,-0.0071087122776883616,-0.38403501833271925
24.27217033,0.013556548549235936,-0.0071895608230461705,-0.38390311129924015
24.322741973000003,0.013556548549234326,-0.007189560823046587,-0.3839031112992384
24.371947765,0.013533427518860053,-0.007042074969093037,-0.383778434161675
24.421616434,0.013533427518859165,-0.007042074969093176,-0.3837784341616768
24.472774108000003,0.013492080092029679,-0.007268868762808439,-0.38365951893104366
24.520950846,0.0134920800920309,-0.007268868762808106,-0.383659518931049
24.571502673,0.013455087601450977,-0.007208829812415857,-0.3836098728421202
24.621596865,0.013455087601450588,-0.007208829812415551,-0.3836098728421202
24.671764912,0.013566549891025625,-0.007221931981278573,-0.3835541474865263
24.721458194,0.013566549891026236,-0.007221931981278684,-0.3835541474865263
24.771632056,0.013506323807597004,-0.007182541863020198,-0.38366974925254027
24.821436400000003,0.013506323807596199,-0.007182541863021363,-0.38366974925254027
24.871494647,0.013532149586749032,-0.0072249927422112226,-0.3837661127861107
24.921875355,0.01353214958674831,-0.007224992742211139,-0.3837661127861125
24.971372869000003,0.013438991030896408,-0.007185525974916507,-0.38378973882490897
25.022856266,0.013438991030895131,-0.007185525974915424,-0.38378973882490897
25.072911124,0.013643082203823764,-0.007241243230359351,-0.3837705367379911
25.122467288000003,0.013643082203824292,-0.007241243230359934,-0.3837705367379929
25.172902833,0.01357393522864836,-0.007266053548074469,-0.3837583210338149
25.223192833,0.013573935228648804,-0.007266053548075829,-0.3837583210338167
25.272943767,0.013658916755827533,-0.00722560699099789,-0.3837692425607546
25.322425650000003,0.013658916755828532,-0.007225606990997807,-0.3837692425607582
25.372529881,0.013741960791518848,-0.007187306360415202,-0.3837958058372237
25.422689763,0.013741960791517904,-0.007187306360415258,-0.38379580583722017
25.473816326,0.013696615037583626,-0.007115050717968835,-0.38389428082010824
25.523589429,0.013696615037583626,-0.007115050717967225,-0.38389428082011
25.574428865,0.01373643621465942,-0.007335942578902521,-0.38392901437713256
25.623487559,0.013736436214660253,-0.0073359425789024935,-0.38392901437713256
25.673572363,0.013787996722587181,-0.007325302241634191,-0.3839828020149838
25.723545790000003,0.013787996722586682,-0.007325302241635023,-0.3839828020149856
25.773492328000003,0.013781277700612882,-0.007239440871344233,-0.3839946081159056
25.823461663000003,0.013781277700612105,-0.007239440871344094,-0.38399460811590735
25.874604748000003,0.01386070772009057,-0.007309636627021193,-0.3841260858697986
25.922956627,0.013860707720089294,-0.007309636627021443,-0.3841260858697986
25.97304297,0.013873212668537527,-0.007166066000539234,-0.3842446710542884
26.023518796,0.013873212668537027,-0.007166066000539512,-0.3842446710542866
26.074117092,0.01392425857596169,-0.0072110408200637965,-0.38444714886806786
26.123469359,0.01392425857596219,-0.007211040820064435,-0.38444714886806786
26.173576054,0.013926383828566036,-0.007254494773254128,-0.38456487826252506
26.223458645,0.013926383828566036,-0.007254494773254849,-0.38456487826252506
26.274262897000003,0.01384941299744824,-0.0073680016449962915,-0.3846287360303151
26.323716335,0.013849412997447241,-0.007368001644996347,-0.38462873603031333
26.373802993,0.014013898627704746,-0.007079515380042756,-0.3846507724863226
26.423663064000003,0.014013898627705745,-0.007079515380042978,-0.3846507724863262
26.473817466000003,0.01401776606988342,-0.00708630781888242,-0.3847982476374323
26.524832284,0.01401776606988453,-0.007086307818881865,-0.3847982476374323
26.574483308,0.014088977837896532,-0.007395755655103364,-0.3848175012134476
26.624182518,0.014088977837896366,-0.007395755655103503,-0.3848175012134494
26.67484954,0.013986928729419867,-0.007259581183466646,-0.384808857761227
26.724497008,0.013986928729419812,-0.007259581183466618,-0.384808857761227
26.774819733,0.014019969734067661,-0.007458380983029672,-0.3848402598749363
26.824474017,0.014019969734066218,-0.007458380983029145,-0.3848402598749381
26.874654348,0.014083738594567019,-0.007522729084430774,-0.384811237974942
26.924492160000003,0.014083738594565909,-0.0075227290844310235,-0.38481123797494377
26.975372510000003,0.014017820547440107,-0.007624522365447639,-0.38489561040002584
27.025820522,0.014017820547439164,-0.007624522365447889,-0.38489561040002584
27.07587042,0.014027686674584261,-0.007684260617383476,-0.38493787121777245
27.124395254000003,0.014027686674584705,-0.007684260617382227,-0.3849378712177707
27.174651478,0.014082519110492492,-0.007673558288819715,-0.38496318949186126
27.224592611,0.014082519110492075,-0.007673558288820187,-0.38496318949186126
27.274465666,0.014202206520666949,-0.0075938470960489335,-0.3850719943940071
27.324398465,0.014202206520667116,-0.007593847096049933,-0.3850719943940053
27.37452659,0.014188169857754673,-0.007583909901649172,-0.38521991386872223
27.424462,0.014188169857756006,-0.007583909901648395,-0.38521991386872045
27.475762594000003,0.014151558070145287,-0.007634129078994745,-0.38528366499720157
27.528714259,0.014151558070144732,-0.007634129078995772,-0.3852836649971998
27.576163869,0.014174945350720947,-0.007658710990985751,-0.3853427223114583
27.626028628,0.014174945350720891,-0.007658710990985362,-0.3853427223114618
27.675654633,0.014239402535210888,-0.007586651684355988,-0.38530740654077
27.72559884,0.014239402535212276,-0.007586651684356238,-0.38530740654077
27.77537313,0.014212873986137464,-0.007629075650957995,-0.38529194071597317
27.826970501,0.01421287398613802,-0.007629075650958661,-0.3852919407159696
27.876602934,0.014326040188909983,-0.007722024966983765,-0.3852477568558932
27.925517939,0.014326040188910372,-0.007722024966983404,-0.3852477568558914
27.976707714000003,0.014384307238559907,-0.007740033141409336,-0.38522006582520874
28.026455061,0.014384307238560823,-0.007740033141409031,-0.38522006582520696
28.076444994000003,0.014220050303126675,-0.007818196261316579,-0.3851907070979177
28.126700201,0.014220050303126675,-0.00781819626131669,-0.3851907070979159
28.176462585000003,0.014237431855196103,-0.007829882186309062,-0.38515294265687494
28.226643529,0.014237431855196797,-0.007829882186309589,-0.38515294265687494
28.276467435,0.014243581024414531,-0.007842297666766723,-0.38515186787175715
28.326660861,0.014243581024415863,-0.007842297666766196,-0.3851518678717607
28.376651072,0.014385562897052784,-0.008004698807642707,-0.38507351555678326
28.425635081000003,0.014385562897052118,-0.00800469880764254,-0.3850735155567815
28.475678202,0.014318224515841194,-0.007954815793385472,-0.38506700477523026
28.52640136,0.014318224515842304,-0.007954815793385916,-0.38506700477523204
28.576518597000003,0.01425019609341438,-0.008076273228035863,-0.38509926243588666
28.626456509,0.014250196093412215,-0.008076273228037029,-0.3850992624358831
28.676832370000003,0.01443479086607774,-0.008204461355155984,-0.38500825425455787
28.726419745,0.01443479086607763,-0.008204461355156428,-0.38500825425455787
28.776419531,0.014476105148927665,-0.008229683366435148,-0.38493178051709975
28.826665164,0.01447610514892922,-0.00822968336643487,-0.3849317805170962
28.876384455,0.014473523994823267,-0.008614014324144437,-0.384760291175839
28.927411686000003,0.014473523994823323,-0.00861401432414513,-0.38476029117584254
28.977586316000004,0.014465421639360793,-0.008617908996051499,-0.3845870396052433
29.027553157000003,0.014465421639359849,-0.008617908996051749,-0.3845870396052451
29.077819107000003,0.014310934931733743,-0.008696419467760563,-0.38456915969381456
29.127557677,0.014310934931734104,-0.008696419467760536,-0.38456915969381633
29.177611893,0.014285520078756664,-0.008750554033764901,-0.3845141302072541
29.227598254,0.014285520078757274,-0.008750554033764152,-0.3845141302072541
29.277523685,0.014397863963499902,-0.00894679695273734,-0.384385016009551
29.327795376,0.01439786396349979,-0.008946796952736369,-0.38438501600954744
29.377631488,0.014316240522850798,-0.008953162414213012,-0.38431413180976115
29.428464265,0.014316240522850299,-0.008953162414212817,-0.3843141318097594
29.478446922000003,0.014290652095951095,-0.009073109720776573,-0.38413114833059936
29.528468914,0.014290652095949985,-0.00907310972077538,-0.38413114833059936
29.57853189,0.014318466151991283,-0.009201921053205636,-0.38394711675995197
29.628502324000003,0.014318466151991949,-0.009201921053204942,-0.3839471167599502
29.678471795,0.01429317642389899,-0.00923813654113978,-0.3838046053863682
29.728676019,0.014293176423899379,-0.009238136541138503,-0.3838046053863682
29.778595969,0.014297490404212132,-0.009245215591822675,-0.38365643763842705
29.828693207,0.014297490404212299,-0.009245215591823647,-0.3836564376384253
29.877469986,0.014165650231424576,-0.009275060843682265,-0.383594240561246
29.927512425000003,0.014165650231424298,-0.009275060843682653,-0.38359424056124425
29.978539843000004,0.014218660149014573,-0.009315870850684999,-0.3835474334785296
30.02808959,0.014218660149012907,-0.009315870850684999,-0.3835474334785314
30.078460547,0.014091696105127172,-0.009342636721643871,-0.3834959893138574
30.128454039,0.014091696105127505,-0.009342636721644232,-0.38349598931385565
30.179172719,0.014119917830864637,-0.009338642855051177,-0.3834588281209079
30.228891752000003,0.014119917830863027,-0.009338642855050594,-0.3834588281209079
30.279117979,0.014202571728903657,-0.009381480394533459,-0.38332920504835677
30.328926795,0.014202571728903435,-0.009381480394534458,-0.383329205048355
30.378963086,0.014217720870549788,-0.009515688095187269,-0.3832545064878907
30.429803531,0.014217720870550898,-0.009515688095188046,-0.3832545064878907
30.479316720000003,0.014096381465115215,-0.009591183858494945,-0.38324200896425786
30.52930599,0.014096381465115049,-0.009591183858494223,-0.38324200896425786
30.579333817,0.014177941618023215,-0.009594142502430458,-0.38318412590577466
30.629280622000003,0.014177941618024048,-0.009594142502430597,-0.3831841259057729
30.679312653,0.014192917173975972,-0.00978695278710659,-0.3831390731711384
30.729318609000003,0.014192917173974862,-0.009786952787106229,-0.38313907317114015
30.779309398,0.01414962190118374,-0.009721149336716084,-0.38313227587279286
30.829601537,0.014149621901183518,-0.009721149336715251,-0.38313227587279464
30.879672276,0.014173066857079641,-0.009696980032023989,-0.38308783679182135
30.929840112,0.014173066857080807,-0.009696980032022795,-0.3830878367918231
30.979327875000003,0.013999665550499196,-0.009745062231571178,-0.38304482488278424
31.029305517,0.013999665550498641,-0.009745062231572038,-0.3830448248827807
31.079319771,0.01406397861802744,-0.009724209404611495,-0.3829615116614935
31.129391603,0.014063978618028494,-0.009724209404610634,-0.3829615116614953
31.179326427000003,0.014094861086154487,-0.009925369230956216,-0.38290681792107506
31.229351534000003,0.014094861086153043,-0.009925369230955605,-0.3829068179210733
31.27931423,0.01408401785417529,-0.009991745622678738,-0.38284670618891603
31.33029198,0.0140840178541764,-0.009991745622677878,-0.38284670618891603
31.380324106000003,0.01402328390373575,-0.010041948161643888,-0.38278068100311025
31.430305766000004,0.014023283903736028,-0.010041948161643444,-0.38278068100310847
31.480323780000003,0.014018394399656242,-0.010189958125358417,-0.382680129995407
31.530370721,0.014018394399655298,-0.01018995812535825,-0.38268012999540524
31.580300841000003,0.014030423462440766,-0.010060023070540741,-0.38259902618353436
31.630494938,0.01403042346244171,-0.010060023070541463,-0.38259902618353614
31.680354851,0.014060879373706925,-0.010126718245542066,-0.38255918357451435
31.73032227,0.014060879373707924,-0.0101267182455419,-0.3825591835745126
31.780775622000004,0.013999335994670625,-0.01027873528328671,-0.3824957163945797
31.831384335000003,0.013999335994670792,-0.01027873528328685,-0.38249571639458146
31.8813019,0.013858068748195174,-0.010181194955999118,-0.3825142294043111
31.931327101,0.013858068748194896,-0.01018119495599834,-0.3825142294043111
31.981297262,0.014037615135998716,-0.010315833015569459,-0.38244251794196416
32.030445879000006,0.014037615135999326,-0.010315833015568515,-0.3824425179419624
32.080296404,0.014126983118000092,-0.010204631007015436,-0.3824971404494377
32.130353107000005,0.014126983118000036,-0.010204631007015685,-0.3824971404494395
32.180308841,0.014066425175478181,-0.010278696399825066,-0.38253430572430425
32.230337542,0.014066425175479819,-0.0102786963998239,-0.382534305724306
32.280332279,0.014079501732431554,-0.010071460847303315,-0.3825454820294407
32.331329754,0.014079501732431166,-0.01007146084730276,-0.3825454820294407
32.381320138,0.014100537548821901,-0.010005428101143132,-0.38252936343020316
32.431266761,0.014100537548820846,-0.0100054281011428,-0.38252936343020316
32.481296333,0.013967047819732958,-0.009980825033265583,-0.38257549628988663
32.531332071,0.01396704781973257,-0.009980825033267166,-0.3825754962898884
32.581279583000004,0.014026401623130402,-0.009882107958919778,-0.38259339027167094
32.631334452000004,0.014026401623131735,-0.009882107958918807,-0.3825933902716727
32.681333541,0.013981197291636882,-0.009871658248906512,-0.3826783567349672
32.731374872,0.013981197291635217,-0.009871658248907178,-0.38267835673497075
32.781309735,0.014021517614536738,-0.009896536567739228,-0.38270263855429576
32.832642433000004,0.01402151761453621,-0.0098965365677387,-0.382702638554294
32.882284004,0.014008850438356868,-0.009889962853263073,-0.382674491310091
32.933227589000005,0.014008850438355258,-0.009889962853262602,-0.38267449131009457
32.982311389,0.01400625404780581,-0.009845783001127428,-0.38264759684490635
33.033064668,0.014006254047805866,-0.009845783001127623,-0.38264759684490457
33.082282012,0.014002548222865507,-0.009860652486593569,-0.382657038492459
33.133177873,0.01400254822286473,-0.00986065248659504,-0.3826570384924608
33.182302823,0.014151488473228835,-0.009830430412063662,-0.38259758916196596
33.232529055,0.014151488473230167,-0.009830430412062635,-0.38259758916196596
33.282324005,0.013965775229630384,-0.009788155719203329,-0.3825230719548802
33.332672836,0.013965775229630772,-0.009788155719203773,-0.382523071954882
33.38333035,0.01396240879370858,-0.00958435883925432,-0.38249170121391707
33.433470614,0.013962408793708803,-0.009584358839254209,-0.38249170121391884
33.483311066,0.01382259910601602,-0.009591148612310973,-0.38244902346539966
33.533439293,0.01382259910601441,-0.009591148612310862,-0.38244902346539966
33.58230673,0.013890997571224195,-0.009525871799040991,-0.3824672664114299
33.632403899,0.013890997571223085,-0.009525871799042296,-0.38246726641142814
33.682428768,0.013910233852436227,-0.009485949553508483,-0.3824364460601384
33.732697521,0.01391023385243606,-0.009485949553509565,-0.3824364460601384
33.782293053000004,0.013852341822816416,-0.009482596526271259,-0.3823654146501205
33.832792559000005,0.013852341822817582,-0.009482596526270731,-0.382365414650117
33.883323402,0.013796955129981359,-0.00951936352094429,-0.38234066190661764
33.933500484,0.013796955129981303,-0.009519363520944624,-0.38234066190661764
33.983297084,0.013946347842638096,-0.009494960314658407,-0.38234571027629016
34.033497094000005,0.013946347842637763,-0.009494960314658712,-0.3823457102762866
34.083288359,0.013885648437499787,-0.009343645098339348,-0.3822970014203477
34.133918207,0.01388564843749826,-0.009343645098338599,-0.38229700142034595
34.183766235,0.013861131494918855,-0.009359792125660571,-0.3822741742053477
34.236615535000006,0.013861131494919188,-0.009359792125660932,-0.3822741742053495
34.283373675,0.013967026684912398,-0.009371777947106752,-0.38220144201448036
34.334375506,0.01396702668491262,-0.009371777947106447,-0.38220144201447503
34.384361393,0.013980350382839457,-0.009399653961868648,-0.3822086755647742
34.434353855000005,0.01398035038283918,-0.00939965396186776,-0.3822086755647742
34.484295555,0.014091001629446598,-0.009336346241630877,-0.3821687082190852
34.534324240000004,0.014091001629445876,-0.00933634624163135,-0.382168708219087
34.583403968,0.014086309759301308,-0.009308101314451672,-0.3821433942284962
34.633398022,0.01408630975930053,-0.009308101314451228,-0.3821433942284962
34.68430807,0.014170804311669505,-0.009203146618560448,-0.38209130420264614
34.733442375,0.014170804311669671,-0.009203146618559976,-0.38209130420264614
34.784293253,0.014134787219220346,-0.009203099690933025,-0.38205496166620634
34.834541007000006,0.014134787219221734,-0.009203099690933636,-0.38205496166620634
34.884328274000005,0.01426125179945853,-0.009111567885263627,-0.381998625963055
34.934335646,0.014261251799458807,-0.00911156788526396,-0.381998625963055
34.984287699,0.014216264644898169,-0.009083015132142186,-0.3820252679503291
35.034369853,0.014216264644897336,-0.009083015132142103,-0.3820252679503291
35.084275941,0.014200342499413265,-0.008994844191363982,-0.3820557645928808
35.134378966,0.014200342499413487,-0.00899484419136412,-0.3820557645928808
35.184260312,0.014068489680446994,-0.00902950326563337,-0.38203668172694627
35.234393746,0.014068489680446938,-0.009029503265633038,-0.3820366817269445
35.284330447,0.014125743495754461,-0.009068087183425416,-0.3820180665808728
35.334404748000004,0.014125743495754017,-0.009068087183425722,-0.382018066580871
35.385305982000006,0.014136663022650098,-0.009080742672870484,-0.3819578082930146
35.436173566,0.014136663022648877,-0.009080742672870096,-0.3819578082930146
35.485323577,0.014223259367686258,-0.009027240989954943,-0.38187325289309904
35.535317651,0.014223259367685981,-0.009027240989955831,-0.3818732528931026
35.585302299000006,0.01424441184570982,-0.00902128857150361,-0.38180793939910807
35.635500737,0.01424441184570896,-0.009021288571503527,-0.38180793939910984
35.685332413000005,0.014226681836687571,-0.008965530200752247,-0.38176995017399484
35.735468977000004,0.014226681836687377,-0.008965530200752164,-0.38176995017399484
35.785310432,0.014302828182480964,-0.009000878916409383,-0.3817090959468423
35.836483256,0.014302828182479965,-0.009000878916409993,-0.3817090959468423
35.886281803,0.014281406141927633,-0.009005378067068998,-0.38166461286631126
35.936303677000005,0.014281406141928854,-0.009005378067069525,-0.38166461286631304
35.986291049,0.014210272836520155,-0.009011733170219333,-0.3816715693618029
36.03629833,0.014210272836519988,-0.009011733170219,-0.38167156936180113
36.086296165,0.0141457700340486,-0.008989452885228177,-0.3816354887279054
36.136348818,0.014145770034048488,-0.008989452885228816,-0.3816354887279072
36.186296484,0.014250873353574112,-0.008917103632074486,-0.38150991453996674
36.235628617,0.01425087335357389,-0.008917103632074236,-0.3815099145399685
36.285387866,0.01434322978429331,-0.008989790020614008,-0.38144449846240747
36.335344477,0.0143432297842927,-0.00898979002061348,-0.38144449846240747
36.386283252000005,0.01449288658069825,-0.008897590143463169,-0.38141940095477267
36.436335368,0.014492886580699693,-0.008897590143464196,-0.3814194009547709
36.486358001,0.014391862116176712,-0.008936049869963547,-0.3813606150002773
36.536344725,0.014391862116176213,-0.008936049869963825,-0.3813606150002773
36.586314485,0.014476628467549824,-0.008843857963691304,-0.38130789162173073
36.636388714,0.014476628467550934,-0.008843857963691665,-0.3813078916217325
36.686328713,0.014330436273363056,-0.0088448803004256,-0.38124611768483163
36.736398163,0.014330436273363556,-0.008844880300425406,-0.38124611768483163
36.786334681,0.01445841024724287,-0.00893368994344923,-0.3811694783340176
36.836593031,0.014458410247244036,-0.008933689943449424,-0.3811694783340176
36.886310057,0.014518628982449044,-0.008932608483372712,-0.381075360902992
36.937385526,0.014518628982448434,-0.00893260848337235,-0.381075360902992
36.987308489,0.014476702265304897,-0.008957414522411,-0.3810197666806463
37.037316197,0.014476702265306673,-0.008957414522409862,-0.3810197666806463
37.087329201,0.014457583605019253,-0.009024468892353504,-0.3809627046649453
37.137352317,0.014457583605017643,-0.00902446889235295,-0.3809627046649453
37.187308078,0.014431312157015264,-0.009078940803586316,-0.3808643307353936
37.237358529000005,0.014431312157015097,-0.009078940803586316,-0.3808643307353954
37.287348958,0.014504139443953235,-0.009137159411435891,-0.3807871059951946
37.337487229,0.014504139443953123,-0.009137159411434698,-0.38078710599519283
37.387362522,0.014644152009740563,-0.009109454457421062,-0.38067887730264793
37.438948241000006,0.014644152009741285,-0.009109454457421895,-0.38067887730264616
37.488481627000006,0.01475255519584473,-0.009021327371149718,-0.3806319532281517
37.538795407,0.014752555195845674,-0.009021327371149052,-0.3806319532281517
37.587255717000005,0.014607861326972671,-0.009125044187562908,-0.38059893105737075
37.63734543,0.014607861326972671,-0.00912504418756288,-0.38059893105737075
37.687336489,0.014633713496926881,-0.009194696045902673,-0.3805175100421696
37.737339418000005,0.014633713496925493,-0.009194696045902173,-0.3805175100421696
37.787345441,0.014794679299407476,-0.009195324150129552,-0.3804360781383327
37.837407875,0.014794679299407976,-0.009195324150130052,-0.38043607813833447
37.888347413000005,0.014799191218430652,-0.00922196088663682,-0.38037443906156554
37.937717273,0.014799191218432428,-0.009221960886636155,-0.3803744390615673
37.988326756,0.014804790999759954,-0.009256663499686402,-0.3803097458469029
38.038291722,0.014804790999760176,-0.009256663499688011,-0.38030974584690114
38.088352453,0.01475733243664179,-0.009274611548079181,-0.380213147952702
38.138372904,0.0147573324366429,-0.009274611548079154,-0.3802131479527002
38.188298443,0.014811410329637675,-0.00926795852470974,-0.38014204765554993
38.238354062,0.014811410329638841,-0.00926795852470988,-0.38014204765554993
38.28833353,0.014869503786533622,-0.009278322485512247,-0.380077046233378
38.338378963,0.014869503786534621,-0.00927832248551258,-0.38007704623337624
38.388271463,0.01488681405191547,-0.009328344257903493,-0.3800387301964463
38.438381345,0.014886814051915165,-0.009328344257904686,-0.3800387301964463
38.489357292,0.014878270480672195,-0.009282888388776889,-0.3799990049169484
38.539341222,0.014878270480672473,-0.009282888388778582,-0.3799990049169484
38.589285336,0.014719175405380397,-0.009405983195995088,-0.37993938123534043
38.639312324,0.014719175405381313,-0.009405983195995615,-0.37993938123533866
38.689341294,0.014759286137706995,-0.009419834783863601,-0.37984461062710473
38.739366393000005,0.01475928613770744,-0.00941983478386424,-0.3798446106271065
38.78931884,0.014834711266903,-0.009431097287880469,-0.37975954069887763
38.839512487,0.014834711266903222,-0.009431097287880552,-0.37975954069887585
38.889377042,0.014612649302595482,-0.009542036977479906,-0.37971515688959734
38.9403166,0.014612649302594816,-0.009542036977479212,-0.37971515688959556
38.990313755,0.014565262916655941,-0.009542143232830452,-0.3797036213725491
39.039289485000005,0.01456526291665683,-0.009542143232829314,-0.3797036213725491
39.089338753,0.014582764365428436,-0.009551516407039828,-0.3796338369386998
39.139321722000005,0.01458276436542777,-0.009551516407039218,-0.3796338369386998
39.189277190000006,0.014535173818943037,-0.009597916732871636,-0.37952649304979325
39.239451873,0.014535173818941927,-0.009597916732872691,-0.379526493049795
39.289431546,0.014718674159738432,-0.009566810417579952,-0.3794545836507375
39.339384661,0.014718674159739764,-0.009566810417580202,-0.3794545836507357
39.389296886,0.014727058327307141,-0.009720860148129479,-0.379373219098051
39.44030141,0.01472705832730592,-0.009720860148130284,-0.3793732190980492
39.490324807,0.014580443232053486,-0.0097594098264977,-0.37933122757146265
39.540344389000005,0.014580443232052653,-0.009759409826498061,-0.37933122757146087
39.590303431,0.014613299666790092,-0.009780564270170294,-0.3792259449080717
39.640327569,0.01461329966678987,-0.009780564270171627,-0.37922594490807526
39.690340447,0.014694197497503059,-0.00980131762290204,-0.3791496555761249
39.740397309,0.014694197497503836,-0.0098013176229019,-0.37914965557612845
39.790283143,0.014709843881449414,-0.009809160176351944,-0.37906242589770045
39.841545274000005,0.01470984388144958,-0.009809160176352805,-0.37906242589770045
39.890660717,0.01474119851314254,-0.009833293082097877,-0.37899835482697597
39.941966203,0.014741198513141263,-0.009833293082097544,-0.3789983548269724
39.991576042000005,0.014646642477325555,-0.009902868311007423,-0.37894082763437
40.040920330000006,0.014646642477324112,-0.009902868311006285,-0.37894082763437176
40.092138627,0.014542703397350809,-0.009933017273215189,-0.3788717715378098
40.141578902,0.014542703397350698,-0.009933017273214412,-0.3788717715378116
40.191446607,0.0146507047229823,-0.009866075569643612,-0.3787603153264243
40.240587643000005,0.0146507047229828,-0.009866075569644805,-0.37876031532642607
40.290745697000006,0.014596944287575186,-0.009760135828727229,-0.3787367467393423
40.340820747,0.014596944287575353,-0.009760135828726757,-0.37873674673934055
40.391454012,0.014473729278499103,-0.00967760054863162,-0.37871896811443584
40.440860044,0.014473729278498937,-0.009677600548631815,-0.3787189681144376
40.492752802000005,0.014406315475188114,-0.00966607223858329,-0.37867048088241617
40.541950453000005,0.01440631547518939,-0.00966607223858254,-0.37867048088241617
40.591829325,0.01442700184242196,-0.00966352929202316,-0.3786268483112867
40.641669788,0.014427001842422071,-0.009663529292023465,-0.3786268483112867
40.691978202,0.014594278672883654,-0.009659428364802103,-0.3785830356902
40.743527776,0.014594278672881933,-0.009659428364801936,-0.3785830356902018
40.792969754000005,0.014513164306927645,-0.009625541680319205,-0.37853465569842726
40.841900243000005,0.014513164306928561,-0.009625541680319372,-0.3785346556984255
40.894855505,0.014590334268064109,-0.009446414125649977,-0.3785245622026796
40.942249078,0.014590334268062555,-0.009446414125649671,-0.3785245622026814
40.992650666,0.014430846301062727,-0.009367508200924662,-0.3784862349171547
41.04227936,0.014430846301062727,-0.009367508200925079,-0.3784862349171547
41.092512475,0.014494962292595115,-0.00938768538349094,-0.378464186803555
41.142335475,0.014494962292593783,-0.00938768538349169,-0.3784641868035532
41.192641539,0.014571147975321386,-0.009298719576439407,-0.3784308685891862
41.242426167000005,0.014571147975321247,-0.00929871957643913,-0.37843086858918795
41.292442326,0.014701303492369644,-0.009140387834127545,-0.3784079541680345
41.342321256000005,0.014701303492370421,-0.009140387834128488,-0.37840795416803097
41.39338549,0.014438989347036524,-0.009104295886690122,-0.37838519741299415
41.443406871,0.014438989347036468,-0.009104295886690095,-0.37838519741299415
41.493525091,0.014354364485744175,-0.009102275293368517,-0.3783545270617168
41.543320905,0.014354364485744397,-0.009102275293369017,-0.3783545270617168
41.592664695,0.014381836953467952,-0.009141824728182535,-0.37830274041112233
41.642526642,0.014381836953468563,-0.009141824728183728,-0.37830274041112233
41.692574821,0.014383783110066606,-0.0090843688484048,-0.3782257182884674
41.742335504,0.014383783110066939,-0.009084368848404495,-0.3782257182884692
41.792357108,0.014342076354983746,-0.009098186387912016,-0.3781826756360527
41.842440809,0.014342076354983191,-0.009098186387911794,-0.3781826756360491
41.892937217,0.014122768766512972,-0.009096149613847943,-0.37813536686043037
41.944297228,0.014122768766513083,-0.009096149613848026,-0.37813536686043214
41.993990279,0.013990212752985953,-0.00914570741005541,-0.378102665917579
42.044125946,0.013990212752986286,-0.009145707410055354,-0.3781026659175808
42.093687804000005,0.01400247626334622,-0.009137572754121775,-0.378036706811411
42.144071596,0.014002476263346608,-0.009137572754120776,-0.37803670681141277
42.193616250000005,0.014017605335724881,-0.00908160296048141,-0.37797951740196467
42.243907314000005,0.014017605335724437,-0.0090816029604813,-0.37797951740196467
42.293632718000005,0.013888668957958095,-0.009184698402775887,-0.37794441749908714
42.343682307,0.013888668957957595,-0.009184698402777608,-0.3779444174990836
42.394477231,0.013870524093245462,-0.009117316399403691,-0.37789915852786393
42.443728832000005,0.01387052409324624,-0.009117316399405662,-0.3778991585278657
42.495202146,0.013897943281268033,-0.009076986385413655,-0.3778338794352436
42.544859324,0.013897943281267311,-0.00907698638541285,-0.3778338794352418
42.594753589,0.013894511171663682,-0.009139040653718927,-0.3777794002750614
42.645015207,0.013894511171663848,-0.009139040653718289,-0.3777794002750614
42.694822542,0.013675432436433932,-0.009125259846531147,-0.37774143556738515
42.744922911,0.013675432436434432,-0.00912525984653037,-0.37774143556738515
42.794393098,0.013541096367382432,-0.009249034331612171,-0.37768341259243243
42.844423705,0.013541096367381655,-0.009249034331611422,-0.37768341259243243
42.894383364,0.013554738936728039,-0.00919836998878168,-0.3776209548181537
42.944415786,0.013554738936727928,-0.009198369988783484,-0.3776209548181555
42.995306366,0.01354954882691814,-0.00911453810913454,-0.3775797641738752
43.045422293,0.013549548826918334,-0.009114538109134401,-0.3775797641738734
43.095434603,0.013349793606850457,-0.00915179610536293,-0.3775541536768632
43.1443145,0.013349793606851235,-0.009151796105363319,-0.3775541536768632
43.194331107,0.013210078945001091,-0.009164816918397295,-0.3775050128158757
43.244514796,0.013210078945002257,-0.009164816918398072,-0.3775050128158757
43.294440639,0.013225670259618183,-0.009103473474498192,-0.3774735641043634
43.344328239,0.013225670259618239,-0.009103473474497636,-0.37747356410435984
43.394341882000006,0.013116475649561476,-0.00908891039255913,-0.37744450648589734
43.445756657,0.013116475649559589,-0.009088910392559435,-0.37744450648589556
43.495478877,0.013194380142466933,-0.009066898786734445,-0.37738770354632933
43.545392349,0.013194380142468043,-0.009066898786734445,-0.3773877035463311
43.595363249,0.013363106185492357,-0.009030826672425496,-0.3773552571036838
43.645444600000005,0.01336310618549219,-0.009030826672426384,-0.3773552571036838
43.695561860000005,0.013145602192753902,-0.008979039464656474,-0.37733573319823854
43.745872538,0.01314560219275468,-0.00897903946465567,-0.37733573319823854
43.795631946,0.013135328558922466,-0.008918735252494786,-0.3773126974593133
43.845477711,0.013135328558921078,-0.00891873525249412,-0.37731269745931506
43.895426019000006,0.012993150619966642,-0.00879922822594692,-0.3772798399493382
43.945599581,0.012993150619966642,-0.008799228225947087,-0.3772798399493382
43.996302115000006,0.012878636618773809,-0.008761139791407996,-0.37722349814760747
44.046828232,0.012878636618773087,-0.008761139791408329,-0.37722349814760925
44.096471005000005,0.013099558523986199,-0.008829408078453699,-0.37713899871486234
44.146977806,0.013099558523986199,-0.00882940807845245,-0.37713899871486056
44.196850962000006,0.012888164028974303,-0.008927183490317292,-0.37706906032525644
44.246769584000006,0.01288816402897519,-0.008927183490317153,-0.3770690603252582
44.296616201000006,0.013049065577324326,-0.008766149897942055,-0.3770275158995595
44.346300032,0.013049065577324548,-0.008766149897943165,-0.37702751589955597
44.396380496000006,0.01290302788536729,-0.008691412328506454,-0.3770095530348172
44.446491183000006,0.012903027885368179,-0.008691412328507148,-0.377009553034819
44.495490458000006,0.012672121946627035,-0.008665378662544437,-0.3769642960742523
44.546298146000005,0.01267212194662598,-0.00866537866254416,-0.3769642960742523
44.596366554,0.012801153136757726,-0.008558195856258055,-0.3769176671509715
44.646552449000005,0.01280115313675878,-0.008558195856258888,-0.37691766715097685
44.696426346,0.012784180276692259,-0.008474741558043286,-0.37687108661710944
44.746448324,0.012784180276692703,-0.008474741558043591,-0.37687108661710944
44.796430357000006,0.012735739532081292,-0.008384340817809283,-0.37685691466294813
44.846530619,0.012735739532081791,-0.008384340817808783,-0.3768569146629499
44.896597472,0.012631894725866677,-0.008401832810234738,-0.3768098645624747
44.946418738000006,0.012631894725866843,-0.008401832810235155,-0.3768098645624747
44.997315914000005,0.012508049427568224,-0.008378389884491577,-0.376772207402313
45.047584889,0.012508049427569001,-0.008378389884490328,-0.376772207402313
45.097505086000005,0.012648786058244321,-0.00833868363292603,-0.37673119729507576
45.147330537,0.012648786058245098,-0.008338683632926086,-0.37673119729507754
45.197312034,0.012734276965892022,-0.008093057592843095,-0.3767194114051229
45.247518746,0.012734276965891966,-0.008093057592842345,-0.3767194114051211
45.297551894,0.012478242769430326,-0.00790128394147635,-0.3767334324894449
45.347325083,0.012478242769430714,-0.007901283941475351,-0.3767334324894449
45.397351693000005,0.012633944282270437,-0.007723494674402781,-0.3767192183945305
45.448299464,0.012633944282271381,-0.007723494674404474,-0.37671921839453226
45.498444211000006,0.01256998084162933,-0.007699104075808483,-0.37668486704057536
45.548305886,0.012569980841629247,-0.007699104075808844,-0.37668486704057713
45.598304106,0.012529825906748837,-0.007611046178296471,-0.3766686829694734
45.64759138,0.012529825906747671,-0.007611046178295694,-0.3766686829694734
45.69746013,0.012513648256922694,-0.007472461910879552,-0.37666473543531787
45.747422107000006,0.01251364825692336,-0.00747246191087822,-0.37666473543531964
45.797549074,0.012438543263850022,-0.007354820534740875,-0.3766396986831051
45.847370619,0.012438543263850105,-0.007354820534741319,-0.37663969868310687
45.898441139000006,0.01239589275776809,-0.007258010076063359,-0.37659158620523137
45.948321521,0.012395892757767313,-0.007258010076062693,-0.37659158620523137
45.998303667,0.01239192942848838,-0.007200534300062761,-0.37653785768587156
46.048610720000006,0.01239192942848838,-0.007200534300063344,-0.37653785768587156
46.098609645,0.012300810798690276,-0.007094800910471127,-0.37648388071949945
46.148388058,0.012300810798691442,-0.0070948009104715715,-0.37648388071950123
46.198326703,0.01237952584011609,-0.007010918885619083,-0.37644170883212524
46.248546121,0.012379525840117034,-0.007010918885618694,-0.3764417088321288
46.29854925,0.01234771064507123,-0.0071258126566858815,-0.3763832040828916
46.349292382,0.012347710645070814,-0.007125812656685632,-0.37638320408289516
46.399318049,0.012342944100218578,-0.0071451980872774545,-0.3763413741118633
46.449476538000006,0.012342944100218411,-0.0071451980872782594,-0.3763413741118651
46.499578080000006,0.012269632928513796,-0.007271694769172832,-0.3762899053970816
46.549309546,0.012269632928515434,-0.0072716947691713885,-0.3762899053970852
46.599304805,0.012225045378529809,-0.0072553213438945885,-0.37624782475343643
46.649546706,0.012225045378530974,-0.007255321343894616,-0.37624782475343466
46.69961382,0.012284899583282494,-0.007119926085192796,-0.37618832978423455
46.749478589000006,0.012284899583281633,-0.0071199260851917134,-0.3761883297842381
46.799431327,0.012289814597393367,-0.007115256499670791,-0.37614911188385136
46.849619356000005,0.012289814597391868,-0.00711525649967068,-0.37614911188385136
46.899415049000005,0.012350280811290304,-0.006977728797864374,-0.37610690024154536
46.948723309,0.012350280811289582,-0.006977728797865734,-0.37610690024154714
46.999278395000005,0.01234834324454015,-0.007027574742761861,-0.3760543459461765
47.049512057,0.012348343244541427,-0.007027574742761417,-0.37605434594617826
47.09948689,0.012595149788152016,-0.006865349021540984,-0.3759997084863098
47.149346346,0.012595149788151738,-0.006865349021540845,-0.3759997084863098
47.1993104,0.012634705110102673,-0.006729923826322898,-0.37591228145450195
47.249406665,0.012634705110103422,-0.006729923826322898,-0.3759122814545037
47.29932705,0.01240880529383967,-0.006737803282358817,-0.37586220429030703
47.350301678,0.012408805293840641,-0.006737803282357291,-0.37586220429030703
47.400751981000006,0.012407686001452312,-0.006712195250551528,-0.3758204225103636
47.450823115000006,0.012407686001452145,-0.006712195250550612,-0.3758204225103654
47.500509228000006,0.012475001922201578,-0.0066411544031846625,-0.3757524644944539
47.550335979,0.01247500192220205,-0.006641154403184357,-0.3757524644944503
47.600588438,0.012463036157655538,-0.006691841647435054,-0.3756955504442612
47.65050936,0.012463036157655094,-0.006691841647435415,-0.3756955504442612
47.700361501,0.012507314073075176,-0.006760289366524924,-0.3756352707633912
47.750381355,0.012507314073076259,-0.006760289366523786,-0.375635270763393
47.80030261,0.012557220991959939,-0.006769385515634357,-0.3755881363792799
47.850417656000005,0.012557220991958218,-0.006769385515635107,-0.3755881363792781
47.901412675,0.012411638055261243,-0.006726589438991432,-0.3755448189741646
47.951310449000005,0.012411638055260132,-0.0067265894389899605,-0.3755448189741646
48.002168591,0.012332936555960683,-0.006587488120894797,-0.3754934091464843
48.051440331,0.012332936555960294,-0.006587488120895574,-0.3754934091464861
48.100307050000005,0.012362994047213582,-0.0066169327801550715,-0.3754432723140262
48.15032809,0.012362994047213,-0.0066169327801542666,-0.3754432723140262
48.200300128,0.012352194799595428,-0.006593808296394971,-0.3753958796243815
48.250344281,0.012352194799595706,-0.006593808296394554,-0.3753958796243797
48.300429714,0.01223003219589519,-0.006483417949913917,-0.37533794238940743
48.35030832,0.01223003219589519,-0.0064834179499142774,-0.37533794238940743
48.40139114,0.012352287278485585,-0.00642804696734689,-0.37527290213065534
48.451911986000006,0.01235228727848492,-0.0064280469673464735,-0.37527290213065534
48.501303066000006,0.012147723291891621,-0.006340431571398436,-0.3752424353520727
48.551315532,0.012147723291892953,-0.006340431571398741,-0.3752424353520727
48.601362611000006,0.012183715281302743,-0.006298497678383752,-0.37520067936933543
48.651301036,0.01218371528130191,-0.006298497678382531,-0.37520067936933543
48.701273499,0.012220537855697877,-0.006263239772071411,-0.37512783671625094
48.751598704,0.012220537855698765,-0.006263239772071633,-0.37512783671625094
48.801315673000005,0.012313695144357456,-0.006250635185405307,-0.3750711642466342
48.851304935,0.012313695144356984,-0.006250635185405029,-0.37507116424663245
48.90266266,0.012405606818871817,-0.006079871030182232,-0.37499584806892905
48.952456801,0.012405606818872095,-0.006079871030183065,-0.3749958480689308
49.002303685,0.012485536128990893,-0.0060570941217835406,-0.37494563793010904
49.052427622,0.01248553612899217,-0.006057094121784207,-0.3749456379301108
49.102309193,0.012342630044412273,-0.005949373047234696,-0.3748991804767474
49.152392776000006,0.012342630044411274,-0.0059493730472351125,-0.37489918047674564
49.202290718,0.012610992790944131,-0.005929073430383125,-0.37483474299858166
49.252615795,0.012610992790944353,-0.005929073430381543,-0.3748347429985781
49.302294541,0.012528464362828118,-0.0058999144508306844,-0.37479121679147553
49.352656157000006,0.01252846436282834,-0.0058999144508310175,-0.37479121679147553
49.402293437,0.012469125123523161,-0.005735114971501448,-0.3747578532407907
49.45264083,0.012469125123522995,-0.005735114971501198,-0.3747578532407889
49.502351151000006,0.012540105056226214,-0.005749499604461833,-0.3747038745403408
49.55258339,0.01254010505622627,-0.005749499604461389,-0.37470387454033904
49.602290174,0.012551703668917141,-0.005711161088045202,-0.37465774709578703
49.652538061,0.012551703668917003,-0.005711161088046424,-0.3746577470957906
49.70227544,0.012673583696707902,-0.00551550555222341,-0.37460953642224837
49.752471065,0.012673583696709623,-0.005515505552224076,-0.37460953642225014
49.803320059,0.012797768555072975,-0.005601198853812217,-0.37454262246528636
49.853425052000006,0.012797768555074862,-0.005601198853811246,-0.37454262246528636
49.903478319,0.012773165720135704,-0.0056298844426470596,-0.37448186557401897
49.953480028,0.012773165720134594,-0.005629884442645783,-0.37448186557402074
50.003293875,0.012836624801473323,-0.005571514846705816,-0.37444237147338555
50.053387867000005,0.012836624801474183,-0.0055715148467054,-0.3744423714733838
50.103295200000005,0.013084024287060403,-0.005483856181038471,-0.37436456010899377
50.153370636000005,0.013084024287061291,-0.005483856181038471,-0.37436456010899555
50.203288525000005,0.013168266996464728,-0.0052992660705725725,-0.3743175929041822
50.253373313,0.01316826699646595,-0.005299266070571768,-0.37431759290418043
50.303438562,0.01324585669867101,-0.00519392618581771,-0.37429738422103576
50.354431862000006,0.013245856698671843,-0.005193926185818348,-0.37429738422103576
50.404287971,0.013471043887811118,-0.005141808947061316,-0.3742449479656944
50.45442365,0.01347104388781184,-0.005141808947059984,-0.3742449479656962
50.504273684000005,0.013673599953188564,-0.005053843638133659,-0.37420861100286196
50.55442216,0.013673599953187843,-0.005053843638133326,-0.37420861100286373
50.604306696,0.013721317724147475,-0.004943603199374619,-0.3741879018505543
50.654345000000006,0.013721317724146864,-0.004943603199374924,-0.37418790185054895
50.7035057,0.013744110101421125,-0.004786416985230135,-0.37416376055202605
50.754236930000005,0.01374411010142157,-0.004786416985228886,-0.37416376055202427
50.80361355,0.01405336550036368,-0.004767074991870152,-0.37410358255667653
50.854552219000006,0.014053365500364845,-0.004767074991869347,-0.3741035825566783
50.904307045,0.01410786893822763,-0.004627037158147496,-0.3740864028797226
50.95432935,0.014107868938226131,-0.004627037158148634,-0.37408640287971906
51.004536386000005,0.014147531555113668,-0.004479664234767644,-0.374043233401375
51.05446513,0.014147531555112669,-0.004479664234767644,-0.374043233401375
51.10435426,0.01423175908700025,-0.0043469847616700585,-0.37401137219072744
51.154395121,0.014231759086999585,-0.004346984761670031,-0.37401137219072744
51.20430103,0.014437590357651242,-0.0042517517198639165,-0.3739798149280382
51.254370337000005,0.014437590357650854,-0.004251751719862473,-0.3739798149280382
51.305294078,0.014463137662348635,-0.004037338414808966,-0.3739665932274896
51.355528042,0.014463137662348524,-0.0040373384148097435,-0.3739665932274896
51.405331594,0.014565287778386005,-0.0038806175217940275,-0.373944162287561
51.455372714000006,0.01456528777838495,-0.003880617521793861,-0.3739441622875592
51.505290438,0.014761214250532062,-0.0038537717454583398,-0.37390515477897246
51.5554829,0.014761214250532173,-0.0038537717454585063,-0.3739051547789707
51.605300341,0.014916838681318323,-0.003852896993251448,-0.37385560603168244
51.65535161,0.014916838681319433,-0.0038528969932520585,-0.3738556060316842
51.705299429,0.015047104835289704,-0.0037166247100742233,-0.3738070362968209
51.755768368000005,0.015047104835289371,-0.003716624710074584,-0.3738070362968191
51.806293700000005,0.01516319853437964,-0.0037326313325722893,-0.37376354032306836
51.855329008000005,0.015163198534380917,-0.0037326313325736216,-0.37376354032306836
51.905275328,0.015371714005343817,-0.003658577293138593,-0.3737283627588024
51.955360248000005,0.0153717140053444,-0.003658577293138343,-0.3737283627588024
52.00531042,0.015552537247799814,-0.0035090264345212507,-0.3736867117173137
52.05533422600001,0.01555253724779937,-0.0035090264345217226,-0.3736867117173137
52.105296899,0.015638369126152185,-0.0034010197873251824,-0.3736502720509485
52.155414839,0.015638369126152185,-0.003401019787326126,-0.3736502720509485
52.205284118,0.015715923760277806,-0.003269095793137916,-0.37362113391074026
52.255408707,0.015715923760277195,-0.003269095793138138,-0.37362113391074026
52.306287430000005,0.015850832816500904,-0.0032522616075068844,-0.3735907458499579
52.356401333,0.015850832816500737,-0.0032522616075075783,-0.3735907458499579
52.406284205000006,0.015950453505959916,-0.0031404829977757787,-0.37356472316935907
52.456327401,0.015950453505959694,-0.003140482997775307,-0.3735647231693626
52.506747265,0.01607767724028175,-0.003113771549563299,-0.37351949225113934
52.55645698,0.016077677240281196,-0.0031137715495619944,-0.37351949225113934
52.606282552,0.01625685096096688,-0.003100035813577734,-0.37346520632130087
52.656706491,0.01625685096096613,-0.0031000358135766237,-0.37346520632130087
52.706441244,0.01638128417936041,-0.0030734555488388104,-0.37342091066209804
52.756885424,0.01638128417936141,-0.003073455548839421,-0.37342091066209626
52.80794849,0.01652621611022631,-0.0030174063164658538,-0.3733904611395449
52.859138268,0.016526216110225256,-0.0030174063164657983,-0.3733904611395449
52.907746462000006,0.016708202277897377,-0.002994957946076765,-0.37335760730269385
52.95779841900001,0.016708202277897655,-0.0029949579460775144,-0.3733576073026921
53.007608307000005,0.01682426042427576,-0.0030197640389099667,-0.3733009753126222
53.057390842,0.01682426042427687,-0.003019764038908773,-0.3733009753126204
53.107576732000005,0.01695710770033587,-0.0030433617158362736,-0.3732473284583069
53.157821903000006,0.016957107700336843,-0.003043361715836579,-0.37324732845831043
53.207724278,0.01708927470368693,-0.003031556494793336,-0.3732018642004036
53.257826015000006,0.017089274703687263,-0.0030315564947937523,-0.3732018642004036
53.30773389,0.017218023731807197,-0.0029318553503736855,-0.3731574995434137
53.357507295000005,0.017218023731807197,-0.00293185535037474,-0.37315749954341015
53.407796469,0.017333841704745778,-0.0028735454842903907,-0.3731061650691885
53.457603153,0.01733384170474561,-0.002873545484289114,-0.3731061650691885
53.507546919000006,0.017483386760102748,-0.002855817509151315,-0.37305950432991253
53.557324527000006,0.017483386760103248,-0.0028558175091517868,-0.3730595043299143
53.607301591,0.017597563891386947,-0.002890802101581269,-0.3729985929865727
53.657362104,0.01759756389138717,-0.002890802101581269,-0.37299859298657445
53.707301666000006,0.017824833599546952,-0.002874883725192817,-0.3729512105476527
53.75731458400001,0.017824833599546397,-0.002874883725192595,-0.3729512105476491
53.807431915,0.018011565869519408,-0.0028371611391341256,-0.37290341068357513
53.858322938,0.018011565869519075,-0.0028371611391347917,-0.37290341068357336
53.908310670000006,0.01812404015704261,-0.0028080441944765278,-0.37286475349791104
53.958409742,0.018124040157043664,-0.0028080441944766943,-0.37286475349791104
54.008700732,0.01829005803967737,-0.0027773405960678788,-0.3728036996647308
54.058596201,0.018290058039677204,-0.0027773405960664632,-0.37280369966472726
54.10854445,0.018500358064538647,-0.0026371541053779868,-0.3727446344788259
54.158364544,0.01850035806453948,-0.002637154105378431,-0.3727446344788259
54.208312848000006,0.01865547693151104,-0.002624251528933058,-0.3726873281442451
54.25845546,0.01865547693151115,-0.0026242515289330026,-0.3726873281442433
54.308306741,0.01886303668204603,-0.0026250184627428785,-0.3726435543140898
54.35838097800001,0.018863036682047585,-0.002625018462743156,-0.372643554314088
54.409300298000005,0.019027034405637466,-0.0026322855668189926,-0.37259314058478665
54.459438391000006,0.019027034405635523,-0.0026322855668196865,-0.3725931405847849
54.509291302,0.01910410188964612,-0.0026076331580283385,-0.37254499810475394
54.559373317,0.019104101889647118,-0.0026076331580274226,-0.37254499810475217
54.609312529,0.019309002831472355,-0.0026120173218394105,-0.3724879864456838
54.659332615,0.0193090028314718,-0.002612017321839216,-0.3724879864456838
54.709309440000006,0.019477334790538703,-0.0026821467038614932,-0.3724398817051533
54.759367232,0.019477334790539258,-0.002682146703861271,-0.3724398817051551
54.809410468,0.019603965784198457,-0.002636057447221646,-0.3723965525897466
54.858348923,0.01960396578419832,-0.002636057447219814,-0.3723965525897466
54.909324581,0.019765226224026267,-0.0026776015913634044,-0.37233808118900136
54.959295147000006,0.01976522622402571,-0.002677601591362072,-0.37233808118900136
55.009379257000006,0.01995522111115461,-0.002669839251224493,-0.3722929142662714
55.059322155,0.019955221111154414,-0.0026698392512244373,-0.3722929142662732
55.109302056,0.020138629564843247,-0.002574226106202032,-0.372258392709794
55.159308032000006,0.020138629564843358,-0.0025742261062011718,-0.372258392709794
55.209321971,0.020249487457024873,-0.0025940703129133935,-0.37221432710932234
55.259328206000006,0.020249487457024262,-0.0025940703129142817,-0.37221432710932056
55.309431873,0.02046502388989896,-0.002638701509148439,-0.37215478354568177
55.359377438,0.020465023889898792,-0.002638701509149216,-0.37215478354568354
55.410305278,0.020686643902211282,-0.0026683928595780393,-0.3720929628078409
55.46032871800001,0.020686643902211144,-0.002668392859576846,-0.3720929628078409
55.510287099,0.020841751040852674,-0.0027589340084162584,-0.37203153808084544
55.56034033700001,0.020841751040853007,-0.0027589340084161473,-0.37203153808084366
55.610308996,0.02104473130534612,-0.002803622183609078,-0.37197144074282384
55.66030886,0.021044731305346065,-0.0028036221836082176,-0.3719714407428256
55.711294426,0.021228910641846732,-0.0028027718484573416,-0.3719114486104793
55.760286125,0.021228910641846566,-0.0028027718484568698,-0.37191144861048286
55.811368937000005,0.021439220854385932,-0.0029052876866299815,-0.37183940281011374
55.860355656,0.02143922085438693,-0.002905287686630953,-0.37183940281011374
55.911317666,0.02168993579296763,-0.003056966901689606,-0.37176083124704284
55.96130055,0.021689935792968906,-0.0030569669016888845,-0.3717608312470446
56.011306731000005,0.021806500129135653,-0.0030926592055893765,-0.3717016682435297
56.061598002,0.021806500129134765,-0.003092659205589432,-0.3717016682435279
56.112012205000006,0.02193478035588381,-0.003174648999200641,-0.37163402344832974
56.16084184,0.021934780355883976,-0.00317464899920053,-0.37163402344832974
56.210924952000006,0.022194553255435956,-0.00334464135745699,-0.3715559290956616
56.260634783,0.022194553255437066,-0.003344641357457684,-0.3715559290956616
56.31049379,0.022381298563681484,-0.0034171660318901287,-0.3714845218733771
56.360538639000005,0.022381298563681207,-0.0034171660318900454,-0.37148452187337355
56.411599989,0.02252798072386822,-0.0035296025557898236,-0.3714219463919193
56.461687341,0.022527980723868413,-0.0035296025557905175,-0.37142194639192105
56.51157433,0.022808609184535977,-0.0036782475645410484,-0.371343465562358
56.56164599700001,0.022808609184537698,-0.0036782475645403545,-0.3713434655623562
56.611573007,0.022952588723722467,-0.00372475848359749,-0.37129640300231515
56.661686268,0.022952588723722633,-0.003724758483596241,-0.3712964030023116
56.711551311,0.02311963959839408,-0.0038006434646170872,-0.3712295362825415
56.761765856,0.023119639598393027,-0.0038006434646173926,-0.3712295362825415
56.811869820000005,0.023250032969038215,-0.004016683368414736,-0.37115550555151167
56.861800739,0.023250032969037493,-0.004016683368413931,-0.37115550555151344
56.912578075000006,0.02344733704733487,-0.004145132618251057,-0.3710851757257707
56.962307538000005,0.023447337047334704,-0.004145132618251668,-0.37108517572576893
57.012646369,0.02368040424731155,-0.0042471964999525325,-0.3710170849849401
57.062353294000005,0.023680404247309994,-0.0042471964999512,-0.3710170849849401
57.112663049000005,0.02384795169977655,-0.004320662546778958,-0.3709651008481192
57.162302248,0.023847951699777714,-0.0043206625467800686,-0.3709651008481192
57.212420215,0.023983372474979836,-0.004332698665910739,-0.37091434024631376
57.262364635,0.02398337247498067,-0.004332698665910711,-0.37091434024631376
57.31438426,0.02412001793899926,-0.004473891275022734,-0.3708559638681823
57.363889989,0.024120017939000093,-0.00447389127502279,-0.37085596386817876
57.414771256,0.02436735351056918,-0.004604894608794763,-0.370780970083155
57.465157274000006,0.02436735351056979,-0.00460489460879468,-0.37078097008315325
57.513407324000006,0.024547183591889565,-0.004733618805316975,-0.37071591838679474
57.562628668,0.0245471835918894,-0.004733618805317058,-0.3707159183867912
57.612700113,0.02471961654556254,-0.004836588445071177,-0.3706615534619164
57.662610513,0.02471961654556354,-0.004836588445072704,-0.3706615534619164
57.713068294,0.02487261449933681,-0.004856142184778173,-0.37060451850778797
57.76260876600001,0.02487261449933728,-0.004856142184777618,-0.3706045185077933
57.812921836,0.025026172902439275,-0.005013698761670182,-0.37054013521292006
57.862542702000006,0.02502617290243908,-0.005013698761669821,-0.37054013521292006
57.91320644100001,0.025190832386266404,-0.005190302898647969,-0.3704774187658266
57.963545476,0.025190832386267847,-0.005190302898647359,-0.3704774187658284
58.01394683,0.025407121428917268,-0.005318440754926712,-0.3704085078602031
58.063758318000005,0.02540712142891688,-0.005318440754924714,-0.3704085078602013
58.113559528,0.02555078524175619,-0.005400526650500448,-0.37035736931966134
58.163503597,0.02555078524175594,-0.005400526650501558,-0.3703573693196631
58.213684939,0.025704823050927694,-0.005513671938069925,-0.370301078391865
58.264723086,0.025704823050926584,-0.005513671938070036,-0.37030107839186677
58.31476355,0.02588728149232028,-0.00560850467126095,-0.37023627289412353
58.364955689000006,0.025887281492320863,-0.005608504671260478,-0.37023627289412175
58.414808679,0.02610477729630989,-0.005754144080826529,-0.3701647543826585
58.464915109,0.026104777296310056,-0.005754144080825752,-0.3701647543826585
58.514349336,0.02630363690868276,-0.005848272524568876,-0.37010778530388855
58.564339778,0.02630363690868076,-0.005848272524568904,-0.37010778530388677
58.614384909,0.02635701319072764,-0.005869999245909585,-0.3700674502134973
58.664371647,0.02635701319072775,-0.005869999245909363,-0.3700674502134973
58.714331644000005,0.026422269973118417,-0.005990325455655587,-0.3700118343275385
58.763367386000006,0.026422269973119028,-0.005990325455655809,-0.3700118343275367
58.813510096,0.02667674455051605,-0.006305502052258133,-0.3699227978867743
58.870615427,0.02667674455051544,-0.006305502052257744,-0.36992279788677607
58.91438518100001,0.026852853510928698,-0.006474038611197108,-0.36985355902162276
58.96468303,0.026852853510929642,-0.006474038611196997,-0.36985355902162276
59.015000992,0.026956541547542012,-0.006627766210844321,-0.3697879030393363
59.064543615000005,0.026956541547541624,-0.006627766210845487,-0.36978790303933984
59.1146096,0.02714830721000372,-0.006807346783227031,-0.369713246593232
59.164360493,0.027148307210002776,-0.006807346783225698,-0.3697132465932338
59.214355789,0.02730474665505095,-0.006936042107750756,-0.36965389676327653
59.264339714,0.02730474665504984,-0.006936042107752227,-0.3696538967632783
59.314349752000005,0.02740952681772285,-0.007151279617238632,-0.36958118932254
59.364421793000005,0.027409526817723323,-0.007151279617238299,-0.36958118932254
59.415338028,0.027585052501850393,-0.007282148068078892,-0.3695148967123725
59.465298914,0.02758505250184956,-0.007282148068078559,-0.3695148967123725
59.515361732,0.027717578670066412,-0.007423715968168182,-0.3694442880242228
59.56530672900001,0.027717578670066523,-0.0074237159681685705,-0.36944428802421925
59.615302025000005,0.027855348713819506,-0.0076644169283542896,-0.36936342750279216
59.66535375,0.027855348713819894,-0.0076644169283539565,-0.36936342750279394
59.71538519600001,0.02795872421066259,-0.00784859543976077,-0.36929599244876954
59.765323878,0.027958724210662922,-0.007848595439761158,-0.36929599244876776
59.81536289900001,0.02805871685295941,-0.008046928700976369,-0.36922241005055056
59.86532900900001,0.02805871685296074,-0.008046928700976647,-0.369222410050547
59.916371271,0.028237535809610692,-0.008268027753260326,-0.36914698822465297
59.966312769000005,0.028237535809610526,-0.008268027753260826,-0.3691469882246512
60.016328660000006,0.028402046990232854,-0.008485741904197958,-0.3690693444329636
60.06634458800001,0.02840204699023191,-0.008485741904199151,-0.36906934443296535
60.116352405,0.02844917763321192,-0.008684328243508593,-0.3689940298641776
60.166311867000005,0.02844917763321314,-0.008684328243508344,-0.3689940298641794
60.216333592000005,0.028597815577894925,-0.008849077210338063,-0.36891138451005645
60.265344928000005,0.028597815577894703,-0.00884907721033773,-0.36891138451005645
60.315622463,0.028692190241429605,-0.009188339396553419,-0.36881710523258704
60.365391989,0.02869219024142905,-0.009188339396554751,-0.3688171052325888
60.415432289,0.02883824614618946,-0.009443597059167003,-0.36873162640043056
60.466300559,0.028838246146189017,-0.009443597059167919,-0.3687316264004288
60.516405029000005,0.02891802904537566,-0.009609415036090418,-0.36865771687167204
60.566327452,0.028918029045376825,-0.00960941503609039,-0.3686577168716738
60.61686537200001,0.028980233689267942,-0.0097963745242792,-0.3685905731675785
60.666467426,0.02898023368926725,-0.00979637452427845,-0.36859057316758204
60.71675329400001,0.029003492497019445,-0.01002022718523149,-0.3685196697158961
60.766897878,0.029003492497018835,-0.01002022718522999,-0.3685196697158961
60.816533785,0.029102205057704444,-0.010099850716550923,-0.36845755326416807
60.866346556,0.029102205057705388,-0.010099850716550784,-0.36845755326416985
60.91640684,0.02920767682634523,-0.010272134219676321,-0.3683944063595206
60.96736219100001,0.029207676826345008,-0.010272134219676265,-0.3683944063595206
61.017337803,0.029351988004971352,-0.010355534312035203,-0.36833402884649225
61.067335343,0.02935198800497202,-0.010355534312035175,-0.36833402884649047
61.117339050000005,0.029520359937364682,-0.010448225433668523,-0.3682722122382085
61.16732823700001,0.029520359937364182,-0.010448225433668412,-0.3682722122382085
61.217325795,0.029574134208819824,-0.010524829461652202,-0.3682138373221733
61.267305482000005,0.029574134208820935,-0.010524829461651952,-0.36821383732217683
61.317382248,0.029611832493937007,-0.010706562517973583,-0.36815171408447434
61.367367287,0.029611832493937562,-0.010706562517974083,-0.3681517140844761
61.417329177000006,0.029800739633115192,-0.010799931137038643,-0.3680872474877859
61.468314603,0.029800739633113554,-0.010799931137038976,-0.3680872474877859
61.51832777400001,0.02988752459019539,-0.010949524300856495,-0.36802730726874167
61.568353278,0.02988752459019528,-0.010949524300854746,-0.3680273072687452
61.61832935300001,0.030014419598677122,-0.01107734581826289,-0.36797084303166017
61.668294854,0.030014419598676567,-0.011077345818261947,-0.36797084303166017
61.71831156100001,0.030101077955095756,-0.011118922425352923,-0.36792401498516725
61.768335658000005,0.030101077955094313,-0.0111189224253532,-0.367924014985169
61.81832343800001,0.030261390065648958,-0.011346433253434707,-0.36785727008183855
61.86739072500001,0.03026139006564932,-0.011346433253433402,-0.3678572700818421
61.917355949000005,0.030290202762405294,-0.011409705814176552,-0.36779805042533376
61.967439847,0.030290202762405072,-0.011409705814176052,-0.3677980504253373
62.018367643000005,0.030388981988132835,-0.011449192890668536,-0.3677557490298877
62.068302958,0.030388981988131808,-0.011449192890668286,-0.3677557490298877
62.118348242,0.030509339192387186,-0.011477794946161801,-0.36771179084128747
62.168340987,0.03050933919238724,-0.011477794946162245,-0.3677117908412857
62.218324324,0.030585788562419725,-0.011529035175954355,-0.36766245737584136
62.268309438,0.030585788562418836,-0.011529035175953578,-0.36766245737584136
62.318343944000006,0.03066583047371685,-0.01167446813305667,-0.36760369409261706
62.36839358100001,0.030665830473715627,-0.011674468133055588,-0.36760369409261884
62.418326174,0.030789255434967022,-0.011713090039633695,-0.36755957286664653
62.46831851100001,0.030789255434965968,-0.011713090039634971,-0.36755957286664476
62.51932716300001,0.03075972825561074,-0.01174600366475878,-0.36750443144988054
62.569314796,0.03075972825561113,-0.011746003664758753,-0.36750443144987877
62.619315096,0.030852949700465093,-0.011814407333035293,-0.3674461537206142
62.66946736800001,0.03085294970046587,-0.011814407333035848,-0.36744615372061773
62.719306845000006,0.030940435993261795,-0.011891527908563432,-0.3673906193224443
62.769366741000006,0.030940435993261073,-0.011891527908562183,-0.3673906193224443
62.819325077,0.030955388368751946,-0.011993955748455465,-0.36732612481766047
62.869385734000005,0.030955388368751113,-0.011993955748454632,-0.36732612481766047
62.919339589,0.03096663179234091,-0.012151902433637785,-0.3672736667255485
62.970373114,0.030966631792341326,-0.012151902433638534,-0.3672736667255485
63.019362175000005,0.030979987084020166,-0.012213912149791839,-0.36721311254795097
63.069345884,0.030979987084021054,-0.012213912149792117,-0.3672131125479545
63.119311776,0.030963493194158365,-0.012105210168832425,-0.3671652032142596
63.16952692300001,0.030963493194158587,-0.012105210168833286,-0.36716520321425783
63.219335122,0.031014364287805796,-0.012101611947981011,-0.3671078569029316
63.269320479,0.03101436428780674,-0.01210161194798201,-0.36710785690293335
63.319447899,0.031112301961451205,-0.01211729258576294,-0.3670457371199909
63.369678861,0.031112301961452093,-0.012117292585763328,-0.3670457371199891
63.41944555800001,0.03113562620371385,-0.01229147780792672,-0.36699080074199486
63.469320946,0.031135626203714184,-0.012291477807927026,-0.36699080074199486
63.520334303000006,0.03111168294706318,-0.012442178025091039,-0.3669394861919102
63.570351069,0.031111682947063596,-0.012442178025092454,-0.3669394861919102
63.620378076,0.031148546875479355,-0.01247161412891129,-0.36689359621350803
63.67040299000001,0.031148546875479244,-0.012471614128911568,-0.36689359621350803
63.720309083,0.031202647452875376,-0.012491293249708296,-0.36683237051089357
63.770409872,0.03120264745287532,-0.012491293249707908,-0.36683237051089357
63.820324596000006,0.03132234428678443,-0.01253812606795729,-0.36677271681908685
63.87033877,0.03132234428678432,-0.012538126067956956,-0.3667727168190904
63.921140654000006,0.03138046589885396,-0.012603666822680881,-0.366709528419884
63.970489348,0.031380465898853904,-0.012603666822681464,-0.36670952841988047
64.020882635,0.03135414564084493,-0.01263214322419784,-0.3666570219189573
64.071666241,0.03135414564084377,-0.012632143224198478,-0.3666570219189573
64.121302709,0.031295430180225126,-0.012561996242244688,-0.36660236661274226
64.171357497,0.03129543018022557,-0.012561996242245493,-0.36660236661274226
64.22133952200001,0.0313492494603948,-0.012694516451276394,-0.3665279602219105
64.271301638,0.03134924946039663,-0.012694516451277116,-0.3665279602219087
64.32130734900001,0.03153991713511184,-0.012647974631494308,-0.3664684749662701
64.371449493,0.031539917135112505,-0.012647974631493697,-0.3664684749662719
64.421320901,0.031336564383824705,-0.01264737643945077,-0.36642137184768764
64.471349613,0.03133656438382404,-0.012647376439450159,-0.36642137184768764
64.520349084,0.03136075974906033,-0.012615926762867657,-0.36636184045036835
64.57135709,0.031360759749060274,-0.012615926762867269,-0.3663618404503701
64.62135404200001,0.031395945119018165,-0.012676784365104499,-0.3662946324994891
64.671350585,0.03139594511901789,-0.012676784365103722,-0.3662946324994909
64.721293904,0.03148189616090691,-0.012717529852542181,-0.3662353760753856
64.771413584,0.0314818961609073,-0.012717529852541237,-0.3662353760753838
64.821410407,0.03144556248463942,-0.012668559441057714,-0.3661789047701127
64.871337263,0.0314455624846392,-0.012668559441057797,-0.36617890477011095
64.921396293,0.03136322715794154,-0.012614295987743496,-0.36612077777190777
64.971709356,0.03136322715794021,-0.012614295987741803,-0.366120777771906
65.021559893,0.0314361712913383,-0.01262210895000282,-0.3660610667083599
65.072512268,0.031436171291338466,-0.012622108950002597,-0.3660610667083528
65.122412901,0.031461923741856856,-0.012706801195918382,-0.3660084792827316
65.172480672,0.0314619237418578,-0.012706801195919465,-0.3660084792827334
65.22243914100001,0.031526007598337014,-0.012747690102498377,-0.3659490225372011
65.27240824,0.0315260075983361,-0.012747690102496323,-0.3659490225371993
65.322406619,0.03150024804361501,-0.012752261684421617,-0.365891684681662
65.372489058,0.03150024804361501,-0.012752261684421978,-0.3658916846816638
65.42229476,0.03145706295750922,-0.01292183369695074,-0.36582993748599435
65.472482889,0.031457062957508275,-0.012921833696949214,-0.36582993748599435
65.52343500500001,0.03158970565656313,-0.01278563605417693,-0.3657686013216761
65.573446996,0.03158970565656305,-0.012785636054175903,-0.36576860132167965
65.623297126,0.03160577726974495,-0.012943748458742299,-0.3657051331498824
65.673387195,0.03160577726974367,-0.012943748458742493,-0.3657051331498842
65.723407945,0.03137278654880793,-0.012902981567100097,-0.36565142798123595
65.773461623,0.03137278654880826,-0.012902981567101263,-0.36565142798123595
65.82341231400001,0.03126881068470777,-0.012999823806927518,-0.36559420932654163
65.873479272,0.03126881068470844,-0.012999823806927963,-0.3655942093265452
65.922345905,0.031284116020473984,-0.01316884011689054,-0.36552763070145033
65.97255839,0.03128411602047221,-0.013168840116889985,-0.36552763070145033
66.022488896,0.031118457500339036,-0.013039077120866271,-0.3654720572177581
66.073429938,0.031118457500339425,-0.013039077120866077,-0.36547205721775633
66.123549714,0.03096024076472903,-0.013094743593133645,-0.36541455016466173
66.173382641,0.030960240764729974,-0.013094743593134478,-0.36541455016466173
66.223337278,0.030870504267952292,-0.013135173622982055,-0.3653576781880066
66.27350581500001,0.030870504267952903,-0.013135173622980806,-0.3653576781880066
66.32350908400001,0.03077483477054266,-0.013170012426823363,-0.3652931552402663
66.373479593,0.03077483477054338,-0.013170012426822919,-0.3652931552402645
66.423307593,0.030611074986713283,-0.013182191120339692,-0.3652311934026926
66.473437332,0.030611074986712727,-0.013182191120339276,-0.36523119340268906
66.523535162,0.030702924210064486,-0.013380073966396039,-0.3651513316542925
66.573417777,0.030702924210065152,-0.013380073966397038,-0.36515133165429603
66.624291445,0.030748839411439632,-0.013234409577740913,-0.3650949671298971
66.67437516300001,0.030748839411440743,-0.013234409577742079,-0.36509496712989886
66.724532274,0.03064322099564956,-0.013113574699960523,-0.3650365623768739
66.77450535700001,0.03064322099565031,-0.013113574699959135,-0.3650365623768739
66.824375379,0.030536397202874488,-0.013149339376479857,-0.3649760378412701
66.87468120300001,0.030536397202875043,-0.013149339376479524,-0.36497603784127186
66.924366308,0.030289317173111868,-0.01319477692248014,-0.36491118794045363
66.97449193700001,0.03028931717311162,-0.01319477692248111,-0.36491118794045363
67.02452559800001,0.030170423647043698,-0.013375829724844718,-0.36484091017657505
67.075512441,0.030170423647043698,-0.013375829724846078,-0.3648409101765786
67.125469635,0.030135996404628718,-0.013336212777798312,-0.36477550669727066
67.17550163,0.030135996404629162,-0.013336212777798312,-0.36477550669727243
67.225605351,0.029938682519811854,-0.01339452736707597,-0.3647127560417065
67.27598203000001,0.029938682519811438,-0.013394527367077358,-0.3647127560417083
67.32610866,0.029915550353828535,-0.013496151405245932,-0.36464611512301737
67.375511935,0.029915550353828757,-0.01349615140524521,-0.36464611512301914
67.424264322,0.029843949393103364,-0.01349263032257153,-0.3645807934369305
67.47436911700001,0.02984394939310303,-0.013492630322573362,-0.3645807934369323
67.524493357,0.02964914294765092,-0.013479518434463489,-0.36451742004908105
67.574592522,0.029649142947650753,-0.013479518434462406,-0.3645174200490793
67.625302535,0.029590314272838203,-0.01361292225944441,-0.3644462822735175
67.67546925900001,0.029590314272837093,-0.013612922259442717,-0.3644462822735193
67.725609815,0.029604054532759327,-0.013564398123757676,-0.3643927786756027
67.775625086,0.02960405453275894,-0.013564398123757593,-0.36439277867560094
67.825703602,0.029610772691330722,-0.013291145093884654,-0.3643336839336335
67.87543987800001,0.02961077269132989,-0.013291145093884627,-0.36433368393363175
67.92531951400001,0.029636568952883358,-0.013271531664620029,-0.36425937881778836
67.97546209000001,0.029636568952884468,-0.01327153166461953,-0.36425937881779014
68.025589591,0.029640644858532794,-0.013148096695701966,-0.36419650956250926
68.075429724,0.029640644858532017,-0.0131480966957023,-0.3641965095625075
68.12650914800001,0.029729997508571304,-0.013030906687034688,-0.3641433320188643
68.176496641,0.029729997508570416,-0.013030906687034605,-0.3641433320188625
68.226289643,0.029641054158337732,-0.01289773938915098,-0.36408182171408043
68.27636380700001,0.029641054158337565,-0.012897739389150703,-0.3640818217140822
68.326576943,0.02954439411764187,-0.012765283355686913,-0.36400923134821106
68.376412965,0.02954439411764248,-0.012765283355688606,-0.36400923134821106
68.426273896,0.02949764759124862,-0.012759762961016247,-0.36394611536801236
68.47639224800001,0.029497647591249454,-0.012759762961016746,-0.36394611536801236
68.526648849,0.02937594980362157,-0.012638462671835382,-0.363890703039079
68.576506002,0.02937594980362207,-0.012638462671835604,-0.363890703039079
68.627284094,0.029283014921485162,-0.012549002232624534,-0.3638322450476945
68.67733638700001,0.029283014921484052,-0.012549002232624507,-0.3638322450476945
68.72749279700001,0.029285732091110073,-0.012495214713002134,-0.3637610657560799
68.777580352,0.029285732091110184,-0.01249521471300305,-0.3637610657560799
68.82635085300001,0.029083690507428595,-0.012259870542413703,-0.36369902657240516
68.87644409500001,0.029083690507428928,-0.012259870542414592,-0.36369902657240516
68.92647024,0.029162945654006567,-0.012351062536756163,-0.36363272873306407
68.97659105700001,0.029162945654007066,-0.012351062536755941,-0.36363272873306407
69.026466879,0.029050787186275295,-0.012110630701820252,-0.36357101263179104
69.07731855,0.02905078718627474,-0.012110630701819391,-0.3635710126317928
69.12626828500001,0.028946363522217855,-0.01204272827301997,-0.3635127272080343
69.177659375,0.02894636352221755,-0.012042728273019804,-0.36351272720803607
69.22751814,0.029051717222766615,-0.01203218346864493,-0.36344700312830547
69.27741718600001,0.029051717222766615,-0.012032183468644209,-0.36344700312830547
69.327479999,0.028870791567610077,-0.011688042239114488,-0.3633978908210729
69.377364637,0.028870791567609688,-0.011688042239114349,-0.3633978908210729
69.42730383300001,0.028948839195408194,-0.01143102413153152,-0.36334051434098846
69.477326496,0.02894883919540986,-0.01143102413153163,-0.36334051434098846
69.52741383,0.029031893666521535,-0.011298157335274506,-0.36328074277213496
69.57780442100001,0.02903189366652234,-0.011298157335274617,-0.36328074277213673
69.628278664,0.029231069908922075,-0.010898642151424415,-0.36323110570881134
69.67843265,0.02923106990892238,-0.01089864215142336,-0.36323110570880957
69.72853137300001,0.029221007153958034,-0.01076746915528351,-0.3631737698419819
69.77876956600001,0.029221007153956924,-0.010767469155282428,-0.36317376984197836
69.828282425,0.029282971732812635,-0.010506952117478818,-0.36311849156797926
69.878350796,0.02928297173281197,-0.010506952117479873,-0.36311849156797926
69.92835410800001,0.029456272309033416,-0.010304282842206913,-0.3630659278932562
69.97731264000001,0.02945627230903436,-0.010304282842207108,-0.3630659278932544
70.027342027,0.02962365970631714,-0.010161734179704313,-0.3630067459727382
70.078318744,0.02962365970631725,-0.010161734179703535,-0.36300674597273996
70.128428858,0.029589271624521074,-0.009899839431695479,-0.3629538206778786
70.17842491100001,0.029589271624521435,-0.009899839431695506,-0.3629538206778786
70.22841374000001,0.029615210978891027,-0.00975028517830609,-0.36290266043375574
70.27835251100001,0.02961521097889236,-0.009750285178307089,-0.3629026604337575
70.32831093200001,0.029483488286065174,-0.009573389252957393,-0.3628482893487117
70.378521644,0.02948348828606473,-0.00957338925295681,-0.3628482893487117
70.428297758,0.029483737043503766,-0.00941067020650646,-0.362793931998997
70.479296421,0.029483737043503933,-0.009410670206505517,-0.3627939319989988
70.52866140100001,0.02955495607411404,-0.009293019129345242,-0.3627388982643023
70.57985303800001,0.02955495607411268,-0.009293019129345187,-0.3627388982643023
70.62990231500001,0.0297819365159126,-0.009007714709187209,-0.36268388852332123
70.67966218800001,0.02978193651591321,-0.00900771470918632,-0.36268388852332123
70.72952328800001,0.02961837035147835,-0.00856605119218165,-0.3626303801450472
70.77952730300001,0.02961837035147863,-0.00856605119218154,-0.3626303801450472
70.829292992,0.029617716239116104,-0.008481395211857479,-0.36257307654892124
70.879345345,0.029617716239115577,-0.008481395211857923,-0.362573076548923
70.929315786,0.02946132331062673,-0.008387843201827616,-0.36252071325719015
70.980616115,0.029461323310626675,-0.008387843201827117,-0.3625207132571884
71.030596241,0.029415243758836418,-0.008266923230502321,-0.3624643938049523
71.079315707,0.02941524375883653,-0.008266923230501044,-0.3624643938049523
71.129285425,0.02940504830724683,-0.008104000299683778,-0.3624114141793786
71.179309832,0.02940504830724683,-0.008104000299682501,-0.3624114141793786
71.229708704,0.029523853261942234,-0.007897847067061314,-0.36236453190503326
71.279329497,0.029523853261942512,-0.007897847067061453,-0.36236453190503504
71.32930266000001,0.029691831121369694,-0.0076964486657473685,-0.36230555984280777
71.37934951300001,0.029691831121369888,-0.007696448665747341,-0.3623055598428042
71.43030193300001,0.029708666624706503,-0.007276608149810682,-0.36226118273185826
71.480324099,0.02970866662470595,-0.007276608149811542,-0.3622611827318618
71.530359989,0.029760709359167303,-0.006974518017129033,-0.36220997422561396
71.580321392,0.029760709359166637,-0.006974518017129949,-0.3622099742256122
71.630316353,0.029766423493579053,-0.0068412346349684405,-0.36215543662985716
71.68033185200001,0.029766423493579552,-0.006841234634968718,-0.36215543662985894
71.73028547700001,0.029978848852560303,-0.006507472750710841,-0.36210038484713003
71.780340312,0.029978848852558915,-0.006507472750711479,-0.3621003848471265
71.830263899,0.03010797550599098,-0.006088198913237142,-0.36205352024054527
71.88035070000001,0.030107975505991286,-0.006088198913235726,-0.3620535202405488
71.93027815900001,0.030096899149626988,-0.005624945220966432,-0.36200990137297495
71.981572266,0.030096899149626488,-0.00562494522096596,-0.3620099013729696
72.03128956500001,0.030138036674686064,-0.0054816242973179385,-0.36196519803669247
72.08130586200001,0.030138036674687396,-0.005481624297318605,-0.36196519803669247
72.131416738,0.030256348984223358,-0.00514111833661382,-0.3619212833517569
72.18129182300001,0.030256348984224135,-0.005141118336614181,-0.36192128335175333
72.231501279,0.03028431248778629,-0.005011918194238157,-0.36187407519917514
72.28128867400001,0.030284312487785903,-0.005011918194236881,-0.36187407519917514
72.33028948900001,0.030165104939414655,-0.004853584921325038,-0.36183134288976326
72.380280192,0.03016510493941421,-0.004853584921325066,-0.36183134288976504
72.43027996900001,0.030313057705702584,-0.004244359778672602,-0.3617879436146296
72.481288265,0.030313057705703306,-0.004244359778673296,-0.3617879436146314
72.531295821,0.030330079910028174,-0.004004473984012075,-0.3617418380982791
72.581295024,0.030330079910028618,-0.004004473984012269,-0.36174183809828264
72.631294653,0.030286167427576782,-0.0037877394995897706,-0.3617001684462977
72.68133897,0.030286167427576838,-0.0037877394995887714,-0.36170016844629593
72.73131107900001,0.03034196426645014,-0.003595467116530915,-0.36165320295616254
72.781323876,0.03034196426644864,-0.003595467116529999,-0.36165320295616254
72.83130506,0.03033883235584872,-0.003178324697926782,-0.361609735770406
72.88129967200001,0.030338832355849166,-0.0031783246979276425,-0.36160973577040423
72.931286895,0.0304380374245819,-0.0028555778032414714,-0.3615696322425048
72.981301804,0.030438037424582176,-0.0028555778032429424,-0.3615696322425048
73.03239743900001,0.03040895729003651,-0.002693308341970957,-0.3615245997631753
73.08231575,0.030408957290036343,-0.0026933083419712622,-0.3615245997631753
73.13263462,0.03030813237410951,-0.002487947903170057,-0.3614828075162606
73.182295955,0.030308132374108454,-0.002487947903168558,-0.3614828075162606
73.232670995,0.030240203993235293,-0.002130744651151345,-0.3614437113564861
73.282275307,0.030240203993235792,-0.002130744651150762,-0.3614437113564861
73.332431021,0.030625415789072352,-0.0016109180785169042,-0.36139000644858044
73.382270624,0.03062541578907263,-0.0016109180785173205,-0.36139000644857866
73.43238792800001,0.030515649348191787,-0.0013540901965618524,-0.3613524063600586
73.48228484900001,0.030515649348191565,-0.0013540901965613805,-0.3613524063600586
73.532521622,0.030416476825607053,-0.001070993204203008,-0.361315591047644
73.583289369,0.03041647682560683,-0.001070993204204368,-0.36131559104764044
73.633502104,0.03040575614293739,-0.0006264449801722527,-0.36127930926747176
73.68336833800001,0.0304057561429375,-0.0006264449801731409,-0.36127930926747354
73.733393488,0.030377643932774506,-0.0003770586597067749,-0.3612418416814567
73.78336135800001,0.030377643932774034,-0.0003770586597070802,-0.3612418416814531
73.834657412,0.030409627436546183,0.00030371496991066227,-0.36120722636102265
73.884041307,0.030409627436545905,0.00030371496991091207,-0.3612072263610244
73.933532985,0.030424658150699058,0.0006169206777723313,-0.36116900167927746
73.982526895,0.03042465815069828,0.0006169206777724978,-0.36116900167927746
74.03248708000001,0.03037707744965068,0.0010849876191697527,-0.3611350545837517
74.083309369,0.03037707744965057,0.001084987619168698,-0.3611350545837517
74.13369467000001,0.030256409991687938,0.0013626377998320893,-0.36110026916944094
74.183300947,0.03025640999168855,0.001362637799831673,-0.3611002691694427
74.23354914800001,0.030201397239105088,0.0018808707666517488,-0.3610640918002641
74.283358084,0.030201397239106587,0.001880870766651943,-0.3610640918002659
74.33336977200001,0.030114504248184404,0.002175758306836195,-0.3610302035018407
74.383350551,0.030114504248184848,0.002175758306836195,-0.36103020350183535
74.433387241,0.02999111208412497,0.0025502520777259674,-0.3609974512963685
74.483298609,0.029991112084124805,0.0025502520777259396,-0.36099745129636673
74.533386394,0.029819443023368697,0.0028361827434902065,-0.36096399920899636
74.584290298,0.029819443023367975,0.0028361827434912057,-0.36096399920899636
74.63436228500001,0.029801805499221623,0.003200245619918496,-0.3609312524363766
74.684307136,0.02980180549922007,0.003200245619918718,-0.3609312524363748
74.73431838,0.030147417450560487,0.0039476106563538504,-0.3608870230747243
74.784376867,0.03014741745055921,0.003947610656353767,-0.3608870230747172
74.834341405,0.030227294162942175,0.004404225678474066,-0.3608514332520958
74.88430268500001,0.030227294162942786,0.0044042256784748435,-0.360851433252094
74.934389045,0.0301388989363523,0.005244283870856431,-0.3608193925036023
74.98432932300001,0.03013889893635291,0.00524428387085632,-0.36081939250360406
75.03434434600001,0.030242080552700557,0.005864991196693925,-0.36078497912231455
75.084271383,0.0302420805527005,0.005864991196694175,-0.3607849791223128
75.135356372,0.03014725798355916,0.006234579726962369,-0.3607486863131655
75.185270149,0.030147257983559217,0.006234579726964284,-0.3607486863131655
75.23598676600001,0.030358332861424864,0.0068056018344545,-0.36070988691881745
75.285300602,0.030358332861424087,0.006805601834453667,-0.36070988691881745
75.33534873800001,0.030444583867696273,0.007751415155211688,-0.36068466292895884
75.384273553,0.030444583867697383,0.00775141515521216,-0.36068466292895884
75.434346487,0.030580068725141518,0.008612012299490573,-0.3606519553272527
75.48435517600001,0.030580068725141407,0.008612012299490657,-0.3606519553272527
75.534332438,0.03057549579736263,0.00923117604430082,-0.36062041311594406
75.58431447800001,0.030575495797362018,0.00923117604430046,-0.36062041311594406
75.635368872,0.03038112667350168,0.009776246498469476,-0.36058880566458207
75.685326837,0.030381126673501735,0.009776246498469476,-0.36058880566458207
75.73532510000001,0.030467102108772626,0.010226045481658425,-0.36053746729343317
75.785768387,0.030467102108772515,0.01022604548165898,-0.36053746729343317
75.83545793,0.030143354279941748,0.010642810976663364,-0.36050902768669957
75.885357133,0.030143354279943024,0.010642810976662725,-0.360509027686696
75.935312877,0.0302493137978338,0.011449305755938721,-0.36047232302738585
75.985347032,0.03024931379783291,0.011449305755939526,-0.36047232302738763
76.035326165,0.030006610760797248,0.011887033486925325,-0.36044119628882143
76.08528546400001,0.030006610760796748,0.011887033486925658,-0.36044119628882143
76.13632360000001,0.030266395949823027,0.012671894732536854,-0.36040785827399446
76.18632892000001,0.030266395949823666,0.012671894732537575,-0.36040785827399446
76.23637270600001,0.030344045975716216,0.01327110907065815,-0.36037440608034466
76.286294577,0.030344045975714495,0.013271109070659232,-0.3603744060803429
76.336321694,0.030298755068239508,0.013695254095748566,-0.36034080454478534
76.386295957,0.030298755068241257,0.013695254095748621,-0.3603408045447871
76.43631809300001,0.0304230071998291,0.01437299435092479,-0.3603066751285855
76.486356674,0.030423007199828433,0.014372994350923984,-0.3603066751285855
76.536327048,0.030340062689518554,0.014921346970257154,-0.3602776880523493
76.586315645,0.030340062689519887,0.014921346970257071,-0.36027768805235105
76.637336706,0.03041926013110466,0.015245550148244996,-0.36023848665323044
76.687282968,0.030419260131104242,0.015245550148245662,-0.36023848665323044
76.73731127,0.03020771852548415,0.01593301642543682,-0.3602099344756553
76.786313054,0.030207718525482985,0.015933016425436125,-0.3602099344756553
76.83639862000001,0.029993358728643393,0.016151204526593688,-0.36017493994735794
76.886340383,0.029993358728643504,0.016151204526594826,-0.36017493994735794
76.936320054,0.030075490032169694,0.01666210565465026,-0.36013696780289806
76.98627963300001,0.030075490032171193,0.016662105654649123,-0.3601369678028963
77.036340142,0.030071816177323518,0.017192658599878452,-0.3601042066801572
77.08630153600001,0.030071816177323685,0.017192658599879423,-0.36010420668015897
77.136380306,0.030206439050857736,0.017662983481912004,-0.360077899240391
77.18701819900001,0.030206439050857486,0.017662983481911837,-0.3600778992403928
77.237489675,0.030313692081463617,0.01810125026105977,-0.36004853448520713
77.28765569100001,0.03031369208146395,0.018101250261059715,-0.36004853448520713
77.33732649400001,0.030380954552448936,0.018688864273001038,-0.3600235986156175
77.387284924,0.0303809545524501,0.018688864273000705,-0.3600235986156193
77.437337563,0.030819751830151787,0.01919276938063952,-0.3599916926249094
77.48739385,0.03081975183015223,0.01919276938063924,-0.3599916926249076
77.537315334,0.0310042739467698,0.019687974668707114,-0.3599654273784676
77.587299043,0.031004273946769634,0.019687974668707225,-0.3599654273784658
77.63732616200001,0.031223028037632383,0.020189846473034595,-0.3599408996200797
77.688314797,0.031223028037630995,0.02018984647303604,-0.3599408996200797
77.738340064,0.031424573479895385,0.020826405257407338,-0.35992078151669027
77.78830480900001,0.031424573479894746,0.020826405257408698,-0.35992078151669027
77.838348948,0.031644994051708175,0.0212289286035785,-0.3598890945534041
77.888292397,0.03164499405170734,0.02122892860357875,-0.3598890945534041
77.938320851,0.03174792159245632,0.021611123994997927,-0.3598635228257372
77.98837564,0.03174792159245593,0.021611123994997483,-0.3598635228257372
78.038316662,0.03190775966543924,0.022038093807243503,-0.3598358363862282
78.08835461700001,0.031907759665440294,0.022038093807243087,-0.3598358363862282
78.138307733,0.032374111890134116,0.022561441367024926,-0.3598111538721458
78.188302277,0.03237411189013434,0.02256144136702415,-0.359811153872144
78.238329101,0.03255367938349954,0.023030382006775096,-0.35978904351970975
78.28833083100001,0.03255367938350018,0.02303038200677479,-0.35978904351970975
78.33832708,0.03264887771690733,0.02370993858535539,-0.35976775040101394
78.388476299,0.03264887771690711,0.02370993858535478,-0.3597677504010175
78.438320058,0.03294644594837989,0.024004906903435347,-0.3597315746862684
78.488403403,0.032946445948380615,0.024004906903435375,-0.3597315746862719
78.538343741,0.03327030645663767,0.02431686068661551,-0.3596987560810945
78.588335341,0.03327030645663864,0.02431686068661576,-0.3596987560810945
78.638334719,0.033404876156432284,0.024984542317032038,-0.359680570533806
78.689366209,0.03340487615643223,0.024984542317031122,-0.35968057053380953
78.739300899,0.033615886322935884,0.025429343169829588,-0.359658631667676
78.789318889,0.033615886322934385,0.025429343169830476,-0.359658631667676
78.839350288,0.03356311597454903,0.02583567985556834,-0.3596316409309548
78.88943578300001,0.03356311597454903,0.025835679855567784,-0.3596316409309548
78.939305211,0.033582987891277616,0.02595186345677722,-0.35959777856967357
78.98934016700001,0.033582987891277394,0.02595186345677611,-0.3595977785696771
79.039313674,0.03361304999067688,0.026202522100836345,-0.3595678751374436
79.089391854,0.03361304999067735,0.026202522100836456,-0.3595678751374436
79.139303747,0.03358179913616005,0.02669643248616088,-0.3595508495682811
79.189406503,0.03358179913616177,0.02669643248616191,-0.3595508495682793
79.24031195,0.033527061679565595,0.027056888514237903,-0.3595252524702861
79.29029621800001,0.03352706167956643,0.027056888514237515,-0.35952525247028433
79.34025789100001,0.03336960788041665,0.027200615912572196,-0.3594955843826124
79.39031327400001,0.03336960788041654,0.027200615912570447,-0.35949558438261064
79.44032154300001,0.03346640858377886,0.02741270218092426,-0.3594653957896963
79.490380777,0.033466408583778584,0.027412702180923287,-0.3594653957896963
79.540305986,0.033485795791958095,0.027820918798764138,-0.35944497497866124
79.58936409100001,0.033485795791956596,0.027820918798763056,-0.35944497497865946
79.639313875,0.033463745454975324,0.028060249275820404,-0.3594157594100462
79.689303013,0.03346374545497574,0.028060249275821653,-0.35941575941004444
79.740299948,0.03349102737056636,0.028199426910586772,-0.35938200967993694
79.790350922,0.03349102737056575,0.0281994269105878,-0.3593820096799387
79.840325727,0.03339078491162667,0.0281808875407131,-0.3593481730450119
79.890315441,0.03339078491162628,0.0281808875407141,-0.3593481730450119
79.94034995300001,0.03311793502650956,0.028266368094523292,-0.3593192866266701
79.990326999,0.03311793502650834,0.028266368094522626,-0.35931928662666834
80.040303453,0.03313299762131183,0.02837673567208379,-0.35928939445138575
80.09029598100001,0.033132997621310833,0.028376735672083347,-0.35928939445138397
80.14030747400001,0.033138680681171484,0.02848201060198635,-0.35925912673479665
80.190340875,0.033138680681171484,0.02848201060198599,-0.3592591267347931
80.241333958,0.032840639703502816,0.028510349841868426,-0.35923164770673566
80.29138975000001,0.032840639703503205,0.0285103498418669,-0.3592316477067339
80.341309552,0.03293509028202074,0.028598204076901973,-0.35920032550109937
80.391309155,0.03293509028202102,0.028598204076901557,-0.35920032550109937
80.441290627,0.03269030441332055,0.02838030345955994,-0.35916384892259856
80.491467536,0.032690304413321936,0.028380303459559386,-0.35916384892259856
80.54144134100001,0.032367150685847834,0.028273275519825974,-0.35913045164279467
80.59161189800001,0.03236715068584714,0.028273275519826613,-0.35913045164279467
80.641301169,0.03188288827657776,0.028117124961627604,-0.359100808244154
80.691344015,0.03188288827657837,0.028117124961627937,-0.359100808244154
80.741344526,0.031487525621789636,0.027819516352389134,-0.35906454234005025
80.792462875,0.031487525621791024,0.02781951635238819,-0.35906454234005203
80.84237858600001,0.03130954512257339,0.027658730102763346,-0.3590304148073127
80.892882255,0.031309545122572446,0.027658730102764234,-0.3590304148073109
80.94228753,0.03114613088157009,0.027639807590113447,-0.359001616037121
80.99265854400001,0.03114613088156909,0.027639807590112614,-0.3590016160371192
81.04230798,0.030974119973099956,0.02760243573107618,-0.3589711816380099
81.092648029,0.030974119973099623,0.02760243573107718,-0.35897118163800634
81.142304337,0.030836152451105492,0.027627013518238347,-0.35894437173657145
81.192661442,0.030836152451106158,0.027627013518238014,-0.3589443717365679
81.24133143600001,0.030769814508860127,0.027612908320077012,-0.3589152659904862
81.292702301,0.03076981450885985,0.02761290832007679,-0.3589152659904915
81.34228449400001,0.030671509178440415,0.02759169135325451,-0.35888554188435684
81.392591041,0.030671509178442358,0.027591691353254566,-0.35888554188435684
81.44230850000001,0.030657875013064828,0.02767446658714548,-0.3588588868506353
81.49257617500001,0.030657875013065494,0.027674466587145508,-0.3588588868506353
81.542280059,0.030574484922292422,0.027778953854926347,-0.3588346373399425
81.592733373,0.030574484922290812,0.027778953854926514,-0.3588346373399389
81.642305769,0.030466214835702554,0.02780946740515214,-0.35880868796638943
81.69259650000001,0.03046621483570361,0.02780946740515139,-0.35880868796638943
81.742328571,0.03040997663278089,0.027635052272519472,-0.35877415145646907
81.79240484600001,0.030409976632781333,0.027635052272519667,-0.35877415145646907
81.843440509,0.029930898701500064,0.027368940959128424,-0.35874282175633354
81.893717444,0.029930898701498287,0.027368940959128063,-0.3587428217563282
81.94329912,0.029825381029163267,0.02705316159032048,-0.3587060001880573
81.993347172,0.029825381029162712,0.027053161590320535,-0.35870600018805554
82.043300349,0.029478619533636286,0.026524378221601225,-0.3586656481322006
82.093391349,0.029478619533636896,0.026524378221600836,-0.3586656481322006
82.143280874,0.02908644068261579,0.026162744464499843,-0.3586309465731272
82.193396949,0.02908644068261529,0.026162744464498677,-0.358630946573129
82.24427241800001,0.028680556435054794,0.02569678750426599,-0.3585948811338735
82.293522686,0.028680556435054794,0.02569678750426438,-0.3585948811338717
82.344312613,0.028375428330432828,0.025278008231548077,-0.35855842871776566
82.394342202,0.02837542833043294,0.025278008231549798,-0.3585584287177639
82.444297045,0.027952589743175882,0.02478007272061991,-0.3585227015477894
82.494357654,0.027952589743177825,0.024780072720619467,-0.358522701547793
82.544584328,0.02752303406352785,0.02424532413142169,-0.35848643193637386
82.59346722400001,0.02752303406352752,0.024245324131421303,-0.35848643193637386
82.643359157,0.027114392635454343,0.023591217222339533,-0.3584451877175798
82.693436489,0.02711439263545451,0.02359121722233956,-0.3584451877175798
82.743313273,0.02655837406381195,0.022871762832490983,-0.3584066316699399
82.79339471600001,0.02655837406381284,0.022871762832492037,-0.35840663166993814
82.844540127,0.02610998662284736,0.02228742132543765,-0.3583690937372488
82.894416116,0.026109986622847303,0.022287421325437845,-0.35836909373725057
82.944329033,0.025576961017795524,0.021558541372915185,-0.3583293251552657
82.994526354,0.025576961017794886,0.021558541372913964,-0.35832932515526394
83.044268688,0.025069617056919458,0.020684951603603785,-0.3582855937598133
83.094444767,0.025069617056919624,0.02068495160360434,-0.35828559375981506
83.144269957,0.024414034420765396,0.01970717388058099,-0.3582408141372895
83.194438018,0.024414034420765507,0.01970717388057966,-0.3582408141372877
83.244341953,0.023813753042484898,0.018814998163469016,-0.35819890648714825
83.295355282,0.02381375304248473,0.01881499816346896,-0.35819890648714825
83.345303312,0.023164864684605824,0.017743522088226882,-0.3581530726876956
83.395460243,0.023164864684605657,0.017743522088226465,-0.35815307268769736
83.44531960100001,0.02260924337550585,0.016835424302152596,-0.35811039777428455
83.49533341200001,0.022609243375504517,0.016835424302153235,-0.35811039777428455
83.545300443,0.02214541788454083,0.01598940564368348,-0.3580668799187041
83.595488653,0.02214541788453961,0.015989405643684645,-0.3580668799187041
83.64533312200001,0.02161886331875501,0.015118106370042045,-0.3580247317211267
83.695371287,0.021618863318755788,0.015118106370042517,-0.3580247317211285
83.74529692600001,0.02082061236592353,0.013690797109697644,-0.3579702315628399
83.795979997,0.020820612365924612,0.01369079710969831,-0.3579702315628399
83.847064961,0.020820612365923585,0.013690797109697617,-0.3579702315628399
83.895955082,0.020820612365923696,0.013690797109698366,-0.35797023156283814
83.94537480700001,0.02007013185101525,0.012291032904546667,-0.35791651794218104
83.995340098,0.020070131851015305,0.012291032904545224,-0.3579165179421846
84.04535002200001,0.01924455123554747,0.010551082413575608,-0.3578548405443964
84.095343685,0.019244551235547414,0.01055108241357594,-0.3578548405443964
84.14528816100001,0.018553736168143153,0.009257587478299328,-0.357803280942683
84.19625619300001,0.018553736168143736,0.00925758747829769,-0.35780328094268476
84.245326342,0.017916800875017236,0.007950542212919964,-0.35775108971252756
84.29563491200001,0.017916800875017513,0.007950542212918965,-0.35775108971252934
84.346300705,0.01791680087501804,0.007950542212919853,-0.3577510897125258
84.396365539,0.017916800875016764,0.00795054221291941,-0.35775108971252756
84.44632596000001,0.017269633772081877,0.006499921043691126,-0.35769521388035486
84.4964973,0.017269633772082238,0.006499921043690293,-0.3576952138803584
84.546372938,0.016592008480047882,0.005133506068879801,-0.3576423848090524
84.596403474,0.016592008480048215,0.005133506068879884,-0.35764238480905064
84.646345894,0.015948660921386804,0.00380446026800485,-0.3575895810789529
84.696402727,0.015948660921386082,0.0038044602680061546,-0.35758958107895644
84.746318775,0.015303920091039536,0.0022959333954593597,-0.3575314884245966
84.796352923,0.015303920091040035,0.0022959333954594707,-0.3575314884245966
84.84639359,0.015303920091040035,0.002295933395459554,-0.3575314884245966
84.897392365,0.015303920091039203,0.002295933395460331,-0.3575314884245966
84.94731398900001,0.014670667400716209,0.0010137015703000074,-0.35747975763078976
84.99729706100001,0.014670667400715764,0.0010137015703001462,-0.35747975763078976
85.047344728,0.014158881324688344,-0.0003563505144354995,-0.357423082088431
85.09736298700001,0.01415888132468851,-0.0003563505144362211,-0.3574230820884292
85.147298741,0.014158881324688788,-0.00035635051443727583,-0.3574230820884292
85.197366169,0.014158881324688566,-0.0003563505144372481,-0.3574230820884292
85.247370149,0.013522994656560483,-0.002025578376383258,-0.3573595876977489
85.296418336,0.013522994656560705,-0.0020255783763832025,-0.3573595876977471
85.347311254,0.012923793907085201,-0.0035656556362675673,-0.35729828214212134
85.397319846,0.012923793907084258,-0.0035656556362659297,-0.3572982821421249
85.447350068,0.012923793907085035,-0.003565655636267595,-0.3572982821421231
85.49730536,0.012923793907085424,-0.003565655636266152,-0.35729828214212134
85.547329656,0.012255734579453142,-0.005279483534632534,-0.3572342611772239
85.59734145200001,0.012255734579452587,-0.005279483534633839,-0.35723426117722745
85.64735421,0.011617457373810564,-0.007072045051785186,-0.3571650810508977
85.69733957800001,0.011617457373811424,-0.007072045051786019,-0.3571650810508995
85.74730376000001,0.011201273962972602,-0.00854322432549548,-0.35710316098517225
85.797316814,0.011201273962972713,-0.008543224325495535,-0.35710316098517225
85.847478952,0.010660862675671012,-0.010145197257181271,-0.3570406079908395
85.89837874300001,0.010660862675670457,-0.010145197257181077,-0.3570406079908377
85.948356241,0.010660862675671179,-0.010145197257182603,-0.3570406079908377
85.998373371,0.0106608626756719,-0.010145197257181493,-0.3570406079908377
86.048365371,0.010041003583076608,-0.01197732812067398,-0.3569711813263332
86.09838959400001,0.01004100358307658,-0.011977328120673841,-0.35697118132632966
86.148402594,0.00944974168416901,-0.013627530804648874,-0.3569078592939192
86.198336998,0.009449741684168789,-0.013627530804649068,-0.356907859293921
86.24842809500001,0.00890387059576711,-0.015249612612766777,-0.35684461476667195
86.298329756,0.008903870595766472,-0.015249612612767027,-0.3568446147666684
86.348300273,0.008339228349362071,-0.01696728381754381,-0.35678013163041733
86.399313421,0.008339228349360794,-0.01696728381754317,-0.35678013163041555
86.449358108,0.00789472985898415,-0.01824449228275793,-0.3567268443673175
86.4993572,0.007894729858985317,-0.018244492282758124,-0.35672684436731394
86.549287381,0.0074210813675102405,-0.01977257749096495,-0.3566645018771375
86.599357478,0.007421081367510379,-0.019772577490966003,-0.35666450187714105
86.64935529200001,0.006942360213871984,-0.02141373296436877,-0.3565986828933063
86.69935744,0.006942360213871845,-0.021413732964367327,-0.35659868289330987
86.749310826,0.006359459382298482,-0.02314683284110014,-0.35653389138477287
86.79939771900001,0.006359459382297261,-0.023146832841100112,-0.35653389138477287
86.848619251,0.005747389526942703,-0.02494391469999427,-0.3564679628255778
86.89865305100001,0.00574738952694287,-0.024943914699994463,-0.3564679628255778
86.949307273,0.005747389526942148,-0.02494391469999485,-0.3564679628255796
86.999304885,0.005747389526943036,-0.024943914699995073,-0.35646796282558135
87.04938653900001,0.005189012486490396,-0.026770902803172597,-0.356399575212448
87.100037001,0.005189012486490924,-0.02677090280317168,-0.356399575212448
87.149467267,0.004708706964563103,-0.02866165030057144,-0.3563257405236371
87.20012730500001,0.004708706964561715,-0.028661650300572467,-0.3563257405236353
87.24960014700001,0.004083299935665474,-0.03068895340314365,-0.35625284484226505
87.299618853,0.0040832999356665844,-0.03068895340314387,-0.35625284484226505
87.34930381800001,0.0034891543508158707,-0.03258136999830347,-0.35618279763626504
87.39930254100001,0.0034891543508161205,-0.03258136999830491,-0.35618279763626326
87.449534629,0.0029758845204576057,-0.03457809108922691,-0.3561073158175141
87.50033180400001,0.0029758845204576057,-0.034578091089227186,-0.3561073158175141
87.550305748,0.00242810414074765,-0.036450968396124855,-0.3560367357591794
87.600295618,0.002428104140748566,-0.03645096839612358,-0.3560367357591776
87.65050126,0.0018285885303787608,-0.03855288795009093,-0.3559607897325492
87.70046703700001,0.0018285885303804261,-0.03855288795009282,-0.35596078973255274
87.750332586,0.0013682888199983978,-0.04032470448244646,-0.3558919717183944
87.800296771,0.0013682888199992027,-0.04032470448244638,-0.35589197171839615
87.85046093000001,0.0009650623217706267,-0.0420324132089239,-0.35582441525187214
87.900697186,0.0009650623217712373,-0.04203241320892365,-0.35582441525187036
87.951285239,0.0009650623217715704,-0.042032413208925035,-0.3558244152518757
88.00133091100001,0.0009650623217704601,-0.04203241320892412,-0.35582441525187214
88.051430604,0.0004936473319807066,-0.04387156657220709,-0.3557534888415308
88.101335601,0.0004936473319805956,-0.04387156657220703,-0.3557534888415308
88.15128523,6.314934327206201e-05,-0.04576185314220091,-0.3556794007004225
88.200338273,6.314934327333876e-05,-0.04576185314220038,-0.35567940070042425
88.25042268700001,-0.0004100703359566915,-0.04757744465064867,-0.3556102224644295
88.30066920300001,-0.0004100703359575242,-0.04757744465064981,-0.35561022246442775
88.35029948100001,-0.0008385419483482037,-0.04922131385282813,-0.3555456708013125
88.400344597,-0.0008385419483484258,-0.04922131385282685,-0.3555456708013143
88.45143610400001,-0.0012302485850025358,-0.05104300003629492,-0.35547375844130435
88.501396771,-0.0012302485850029243,-0.05104300003629522,-0.3554737584413079
88.55129508200001,-0.0016143900471024542,-0.05269451045839804,-0.3554077315499935
88.60130903000001,-0.0016143900471018435,-0.052694510458398736,-0.3554077315499935
88.65143833500001,-0.0020279452724151215,-0.05465746235275898,-0.35532984632263087
88.701437967,-0.0020279452724156766,-0.05465746235275984,-0.35532984632263265
88.751328908,-0.002392273891232727,-0.05617162309626039,-0.35526793242962285
88.80132629900001,-0.0023922738912325325,-0.05617162309626009,-0.35526793242962107
88.851535185,-0.0027516037396012327,-0.05782622225375558,-0.35520095240572225
88.901647028,-0.00275160373960176,-0.05782622225375672,-0.35520095240572225
88.951296567,-0.0027516037396019266,-0.057826222253756915,-0.355200952405724
89.00240355800001,-0.0027516037396014825,-0.05782622225375533,-0.35520095240572225
89.051656354,-0.0031203670496695313,-0.05956140510502128,-0.3551293400918336
89.102321116,-0.003120367049669892,-0.05956140510502045,-0.35512934009183716
89.152751181,-0.0034846903178208932,-0.06141103626182273,-0.35505296662372743
89.202581249,-0.003484690317822059,-0.061411036261822816,-0.35505296662372565
89.25261219900001,-0.003820903837810752,-0.06314806813360152,-0.3549808411835489
89.302288684,-0.003820903837811085,-0.06314806813360016,-0.35498084118355067
89.352640744,-0.004075248331795039,-0.06483737022654004,-0.3549069640005218
89.402726438,-0.004075248331795678,-0.06483737022654001,-0.3549069640005218
89.452600231,-0.004345090135374541,-0.06648475388635883,-0.3548361186083788
89.502350609,-0.004345090135374263,-0.0664847538863601,-0.3548361186083806
89.55341165300001,-0.004623286749407207,-0.06823263648593719,-0.35476115345155534
89.60344178800001,-0.004623286749407429,-0.06823263648593589,-0.35476115345155534
89.65362545,-0.004866322848859461,-0.06994660862239485,-0.3546858675601374
89.702286028,-0.0048663228488591,-0.06994660862239468,-0.354685867560141
89.75268935000001,-0.0051083335705990884,-0.071488787449662,-0.3546187371866498
89.80244334000001,-0.005108333570599144,-0.07148878744966297,-0.35461873718664805
89.852805716,-0.005294484394155752,-0.07309384816293052,-0.35454653046720885
89.902621174,-0.005294484394156973,-0.07309384816293155,-0.35454653046720885
89.952654088,-0.005294484394156668,-0.07309384816293049,-0.35454653046721063
90.002474676,-0.00529448439415614,-0.07309384816293063,-0.35454653046720885
90.053510867,-0.005495998849165407,-0.07473030482537563,-0.35447013257846294
90.103345363,-0.005495998849166378,-0.07473030482537546,-0.35447013257846294
90.153429817,-0.005717320779956875,-0.07626947915299559,-0.35440032409892375
90.203445082,-0.005717320779957624,-0.07626947915299565,-0.3544003240989291
90.253415419,-0.005874663595411389,-0.07769373534810098,-0.3543333613202897
90.303350994,-0.005874663595411417,-0.0776937353481007,-0.3543333613202879
90.353372593,-0.006063098818728435,-0.07907021071281786,-0.35427140922413436
90.404863069,-0.006063098818727519,-0.07907021071281675,-0.35427140922413436
90.453584114,-0.006179666628741531,-0.0805194561769137,-0.3542014842676746
90.503731219,-0.0061796666287431135,-0.08051945617691392,-0.35420148426767817
90.554346777,-0.0063325089038871185,-0.08192293654616226,-0.3541332337584464
90.604618334,-0.006332508903886258,-0.08192293654616206,-0.3541332337584464
90.654637043,-0.0065121035394398175,-0.08324836593894769,-0.3540713467477872
90.704301919,-0.006512103539440733,-0.08324836593894647,-0.3540713467477907
90.754493286,-0.006624281306133295,-0.08456761919236394,-0.3540052239221847
90.804314188,-0.006624281306133545,-0.08456761919236477,-0.3540052239221829
90.854558652,-0.006757021046196576,-0.08583064518993155,-0.3539442538651283
90.904592142,-0.006757021046197215,-0.08583064518993128,-0.35394425386513007
90.95431591,-0.006757021046197131,-0.08583064518993017,-0.35394425386512474
91.004411607,-0.006757021046197326,-0.0858306451899308,-0.3539442538651283
91.054515267,-0.006834004686927797,-0.08709925123260878,-0.3538787469662861
91.105295687,-0.0068340046869277415,-0.08709925123261014,-0.3538787469662861
91.155551263,-0.0068642379018249156,-0.08835019050346643,-0.3538096782421505
91.204471468,-0.00686423790182511,-0.08835019050346735,-0.35380967824215404
91.254497457,-0.006950078832028417,-0.08955737724890314,-0.3537483351490991
91.304286396,-0.0069500788320291385,-0.08955737724890375,-0.3537483351490991
91.354329034,-0.007013449453527165,-0.09071130593057886,-0.3536836415188773
91.404431342,-0.0070134494535263325,-0.0907113059305793,-0.35368364151887555
91.454498148,-0.007217228656909019,-0.0918381102480556,-0.353631820685294
91.504344479,-0.007217228656910546,-0.09183811024805524,-0.3536318206852922
91.554363912,-0.007435425609187807,-0.09297482193333609,-0.353582019504719
91.605596376,-0.007435425609187363,-0.09297482193333706,-0.35358201950472257
91.655532267,-0.007663508212666925,-0.09406286394749569,-0.3535332174258716
91.705301279,-0.007663508212665843,-0.09406286394749613,-0.3535332174258734
91.755456757,-0.00780500699340006,-0.09515566117266852,-0.353480682966401
91.805293069,-0.007805006993398256,-0.09515566117266766,-0.35348068296639923
91.85546103,-0.00789285827800873,-0.09614670006727327,-0.35342581886978053
91.905464593,-0.00789285827800773,-0.09614670006727238,-0.35342581886978053
91.95533926,-0.007892858278008813,-0.09614670006727374,-0.35342581886978053
92.005696787,-0.00789285827800884,-0.09614670006727247,-0.35342581886977875
92.056618716,-0.007991347732170334,-0.09713710537434012,-0.35337048216554123
92.106327541,-0.007991347732170806,-0.09713710537434125,-0.35337048216554123
92.156400089,-0.007947052310064484,-0.09807107827066713,-0.353310109045637
92.20661909,-0.00794705231006329,-0.09807107827066777,-0.353310109045637
92.256477052,-0.007956930609933022,-0.09895776271734907,-0.3532532830274686
92.306274271,-0.007956930609934854,-0.09895776271735027,-0.3532532830274686
92.356409786,-0.007805922061499937,-0.09974815578167984,-0.3531904501930132
92.406537559,-0.007805922061500076,-0.09974815578168073,-0.3531904501930132
92.456757264,-0.007799677489370882,-0.10055750432634727,-0.35313427764204874
92.506354194,-0.007799677489370105,-0.10055750432634694,-0.35313427764204874
92.556363257,-0.007817715691541105,-0.101368495384802,-0.3530802366882959
92.60663991,-0.00781771569153955,-0.101368495384801,-0.35308023668829946
92.656451851,-0.007575831154571,-0.10208312343931852,-0.35301579960428064
92.706297665,-0.007575831154570917,-0.1020831234393188,-0.3530157996042753
92.756475682,-0.007333356023750903,-0.10263768255981143,-0.35295254822296407
92.806308162,-0.007333356023750626,-0.1026376825598117,-0.3529525482229605
92.856503903,-0.0070352026057518,-0.10316805362667544,-0.35288858720406857
92.906410518,-0.007035202605751217,-0.10316805362667508,-0.35288858720406857
92.956331115,-0.007035202605752078,-0.103168053626675,-0.3528885872040668
93.006313659,-0.0070352026057508565,-0.10316805362667453,-0.3528885872040668
93.056326798,-0.006911537809331764,-0.10372788277312672,-0.3528324591540759
93.107327251,-0.006911537809331597,-0.10372788277312658,-0.3528324591540759
93.15733176,-0.006791614945363678,-0.10429855995356285,-0.3527770722288892
93.207735884,-0.006791614945363705,-0.10429855995356316,-0.3527770722288892
93.25747123,-0.00665432218144385,-0.10490190176962697,-0.3527215685027514
93.307376381,-0.006654322181443462,-0.10490190176962763,-0.35272156850275316
93.357982553,-0.006415293431983438,-0.10527363391089195,-0.35266515380262753
93.412276874,-0.006415293431981994,-0.10527363391089112,-0.35266515380262753
93.462256251,-0.006158890151502006,-0.10564151983641698,-0.35260888110003563
93.50917546,-0.006158890151502672,-0.10564151983641781,-0.3526088811000374
93.55795229,-0.0057537619329405265,-0.10589008160943031,-0.3525488121667788
93.607796271,-0.0057537619329391665,-0.10589008160942959,-0.3525488121667788
93.658406036,-0.00538402265446325,-0.10600498196965297,-0.3524924959355129
93.70883842,-0.005384022654463888,-0.1060049819696533,-0.3524924959355076
93.758215524,-0.0051319391163500705,-0.10618365433987992,-0.3524404691582088
93.809639908,-0.005131939116351236,-0.10618365433988125,-0.3524404691582088
93.8584415,-0.00470362291382681,-0.1062660385424277,-0.35238329031756166
93.908581295,-0.0047036229138262,-0.10626603854242955,-0.35238329031756166
93.958290548,-0.004703622913826561,-0.10626603854242805,-0.35238329031756166
94.007292132,-0.0047036229138270325,-0.10626603854242947,-0.3523832903175599
94.05731531,-0.0041301684769914915,-0.1059788477975549,-0.35232471510118657
94.10832232,-0.0041301684769914915,-0.10597884779755509,-0.35232471510118835
94.158318015,-0.0036535231722957806,-0.1058640444804757,-0.35226945218558114
94.20829695,-0.0036535231722968353,-0.10586404448047562,-0.35226945218557937
94.258294349,-0.0033161168046778045,-0.10569220828075987,-0.35222030186593756
94.308275876,-0.0033161168046791367,-0.10569220828075937,-0.35222030186593756
94.358345445,-0.0030227008508282305,-0.1058868342098766,-0.35216890334426765
94.408303453,-0.0030227008508277864,-0.10588683420987749,-0.35216890334426587
94.458321945,-0.002510936376040912,-0.10563262262400824,-0.352116024229824
94.508356346,-0.0025109363760398573,-0.1056326226240073,-0.352116024229824
94.558312057,-0.0018153659153455348,-0.1050865605724132,-0.35206030113065623
94.608321401,-0.001815365915346201,-0.10508656057241245,-0.3520603011306527
94.659274612,-0.001106975634610874,-0.10433024941000399,-0.3520074789789991
94.70931518,-0.0011069756346105408,-0.10433024941000332,-0.3520074789789991
94.759727546,-0.0004828131711687722,-0.1036787297740592,-0.35195729111166685
94.809502469,-0.00048281317116904976,-0.10367872977405854,-0.35195729111166685
94.85928645,-8.165220396499917e-05,-0.10355946479718287,-0.3519096306799767
94.909509307,-8.165220396438855e-05,-0.10355946479718339,-0.35190963067997316
94.959324585,-8.16522039644163e-05,-0.10355946479718195,-0.35190963067997494
95.009334245,-8.165220396408324e-05,-0.10355946479718273,-0.3519096306799767
95.059297865,0.0006111969160029762,-0.10282882631554494,-0.3518594822789165
95.109334119,0.000611196916004253,-0.10282882631554488,-0.3518594822789183
95.160362873,0.0012120354530126831,-0.10213678790308456,-0.3518127285178885
95.210746405,0.0012120354530134603,-0.10213678790308403,-0.3518127285178885
95.260310077,0.0019077930957199785,-0.10135516050249713,-0.3517641779796641
95.310276753,0.0019077930957187572,-0.10135516050249621,-0.3517641779796641
95.36030534,0.0026174570686331167,-0.10061589914181651,-0.35171492036487173
95.410295351,0.0026174570686315624,-0.10061589914181626,-0.35171492036486995
95.460286843,0.003399819682317007,-0.09962588423029586,-0.3516674910612281
95.510313374,0.003399819682315619,-0.0996258842302965,-0.3516674910612263
95.559317404,0.004274184725205354,-0.09833339216149689,-0.3516210001178699
95.609305118,0.0042741847252055765,-0.0983333921614952,-0.3516210001178699
95.659547032,0.005191952626567131,-0.09712422113866906,-0.35157208702003295
95.710300844,0.005191952626567464,-0.0971242211386695,-0.3515720870200294
95.760517237,0.005880763390551547,-0.0961148196990966,-0.3515298773491988
95.810348369,0.005880763390550214,-0.09611481969909547,-0.3515298773492006
95.860313028,0.006762911620380535,-0.09486710769636125,-0.35148409761904453
95.910280409,0.006762911620379813,-0.09486710769636039,-0.351484097619041
95.960304145,0.006762911620380119,-0.0948671076963602,-0.351484097619041
96.010353808,0.006762911620380729,-0.09486710769636031,-0.35148409761904276
96.060288354,0.007714052571993341,-0.09332709772943548,-0.3514397104064866
96.110339054,0.007714052571994062,-0.09332709772943559,-0.3514397104064848
96.161280859,0.008667416441284242,-0.09175513015550896,-0.35139656396307295
96.211274168,0.008667416441283882,-0.09175513015550837,-0.35139656396307295
96.261362222,0.009540261624413404,-0.09038982750944866,-0.3513538961367395
96.311298064,0.009540261624412738,-0.09038982750944874,-0.3513538961367413
96.361303299,0.010551834035124552,-0.08873782597945859,-0.35131161314592596
96.411396261,0.010551834035124108,-0.08873782597945828,-0.35131161314592596
96.461320325,0.011502002469207073,-0.08707062983692021,-0.35127126593064517
96.511363155,0.01150200246920624,-0.08707062983692077,-0.35127126593064695
96.561290144,0.01231231658152665,-0.08562885199228357,-0.3512334662881553
96.611344697,0.012312316581526622,-0.0856288519922837,-0.3512334662881553
96.662270798,0.013328057766113482,-0.08387310788982691,-0.35119342546523313
96.711291145,0.01332805776611301,-0.08387310788982777,-0.3511934254652296
96.761559283,0.01421755781093248,-0.08205649035186952,-0.351159494016299
96.811358599,0.014217557810931758,-0.08205649035186785,-0.351159494016299
96.86130161,0.014880477022980676,-0.08085803102641761,-0.3511250108312005
96.91139274,0.014880477022981287,-0.08085803102641878,-0.3511250108312005
96.961306211,0.014880477022981453,-0.08085803102641731,-0.35112501083119696
97.01413903,0.014880477022980843,-0.0808580310264185,-0.3511250108312023
97.061437765,0.015722741237749416,-0.07925408727428629,-0.35109042254204503
97.111390313,0.015722741237749527,-0.07925408727428535,-0.35109042254204326
97.162327915,0.016775286181132498,-0.07724341503021051,-0.3510550242558974
97.212746193,0.01677528618113261,-0.0772434150302102,-0.35105502425589563
97.262316183,0.017670379310104622,-0.07547339835247677,-0.3510218178842539
97.312929767,0.017670379310104095,-0.07547339835247854,-0.3510218178842557
97.36239464,0.01869854904211965,-0.07326426248119977,-0.35099021498886884
97.412736877,0.018698549042119483,-0.07326426248119836,-0.3509902149888653
97.462258438,0.019766442856906236,-0.07123104252742979,-0.35095488426056853
97.512655307,0.01976644285690521,-0.07123104252742898,-0.3509548842605703
97.562292319,0.020836181495890505,-0.0691551664041854,-0.3509211995541719
97.61238006,0.020836181495889283,-0.06915516640418579,-0.3509211995541719
97.663298606,0.02183899075950596,-0.06678123514854106,-0.35089407790038507
97.713407181,0.021838990759505517,-0.06678123514854198,-0.35089407790038507
97.763359266,0.022805740992547174,-0.0646268089885336,-0.350864395500901
97.813456933,0.022805740992547674,-0.06462680898853373,-0.3508643955008992
97.863796634,0.02373663029261963,-0.06254628036182436,-0.35083561373454764
97.913389719,0.023736630292618965,-0.06254628036182527,-0.3508356137345494
97.963310007,0.024911411393258087,-0.05980362557138835,-0.350808743022176
98.013479272,0.024911411393259475,-0.05980362557138785,-0.35080874302217957
98.063290943,0.02595368783938906,-0.057479107372063354,-0.35078068513271
98.112530842,0.025953687839389117,-0.057479107372063104,-0.3507806851327082
98.163322641,0.026941910759993526,-0.05526110701710876,-0.35075308900256275
98.213444219,0.02694191075999436,-0.05526110701710854,-0.35075308900256097
98.263287354,0.028166378314852164,-0.052648844752321816,-0.3507229718765874
98.313683373,0.02816637831485036,-0.05264884475232087,-0.3507229718765874
98.363389908,0.029370514395730296,-0.04997602708012497,-0.3506950387306329
98.413524968,0.029370514395730407,-0.049976027080125995,-0.3506950387306311
98.46328558,0.030646638386115227,-0.046970729344868206,-0.3506698209665924
98.513367489,0.030646638386115116,-0.04697072934486779,-0.3506698209665924
98.563270239,0.03166713838339513,-0.04395382025834471,-0.35065374767549784
98.613547288,0.0316671383833943,-0.04395382025834518,-0.35065374767549606
98.664303604,0.032668982028738136,-0.04180395992261676,-0.3506247448331816
98.714324972,0.032668982028736915,-0.04180395992261668,-0.3506247448331834
98.764347729,0.033610757212607756,-0.039269556124796934,-0.3506044373630868
98.81437556,0.03361075721260659,-0.039269556124796295,-0.350604437363085
98.864303721,0.03478944442776913,-0.03647766091476978,-0.3505809750816056
98.914339405,0.03478944442777032,-0.03647766091476984,-0.3505809750816056
98.964311161,0.035877669952870145,-0.03377084898612612,-0.350558316128339
99.014350494,0.035877669952870866,-0.03377084898612559,-0.35055831612833543
99.064337805,0.03689120493183912,-0.030946223960230446,-0.3505406814429257
99.11435423,0.03689120493183948,-0.030946223960230806,-0.3505406814429257
99.164324948,0.03801406036480637,-0.027948450023013105,-0.3505223415552372
99.215422395,0.038014060364805924,-0.02794845002301269,-0.350522341555239
99.265307239,0.03909798328516656,-0.025335063958081577,-0.35049923296912766
99.315406575,0.039097983285165644,-0.025335063958081327,-0.3504992329691241
99.365287677,0.04000089667336432,-0.022846602632162177,-0.3504805911120439
99.415335474,0.040000896673364816,-0.022846602632162094,-0.3504805911120439
99.465306155,0.04094502815157294,-0.020146827004745876,-0.3504641933139645
99.515499367,0.04094502815157125,-0.02014682700474585,-0.3504641933139645
99.56528439,0.0419245920072856,-0.017339005794976853,-0.3504485426680475
99.6143748,0.041924592007286876,-0.017339005794977214,-0.35044854266804926
99.664359111,0.042969392649002486,-0.014109225715078971,-0.35043697896517756
99.714353664,0.04296939264900296,-0.014109225715077361,-0.35043697896517756
99.765277602,0.04414677168794168,-0.0110776433396782,-0.35041791744287387
99.815384254,0.04414677168794251,-0.011077643339677201,-0.3504179174428774
99.865322564,0.045504425608064836,-0.007562023707464394,-0.3504007585357414
99.915372603,0.04550442560806528,-0.0075620237074637,-0.3504007585357414
99.965281393,0.04665620809005461,-0.0040019684102128306,-0.35039091658986443
100.015363878,0.046656208090055495,-0.0040019684102127195,-0.35039091658986443
100.065316059,0.0476800878614575,-0.0006193900985008993,-0.35038303610353694
100.115647261,0.047680087861456444,-0.0006193900985006495,-0.3503830361035405
100.165293092,0.048660291382712606,0.002414904040840854,-0.35037132318970166
100.216325612,0.04866029138271283,0.002414904040839938,-0.3503713231896999
100.266279997,0.049792516692654554,0.005774449874775683,-0.35035910751397026
100.317174156,0.049792516692655275,0.005774449874775378,-0.35035910751397203
100.366446152,0.050997828718206406,0.009229191772235773,-0.35034581463281356
100.417430353,0.05099782871820707,0.009229191772234913,-0.35034581463281356
100.466319568,0.05227665522926589,0.013103381893348504,-0.3503362424410774
100.51637294,0.052276655229265945,0.013103381893348615,-0.35033624244107564
100.5663354,0.0531712905125358,0.01596380141050932,-0.35032475080292436
100.616351159,0.05317129051253644,0.015963801410509765,-0.35032475080292613
100.666276839,0.054264746236780126,0.019285743610594985,-0.35031381432454367
100.716788329,0.054264746236781625,0.019285743610595596,-0.3503138143245401
100.767373657,0.05539987359705556,0.022949437576562648,-0.35030563513331536
100.8172983,0.055399873597053395,0.022949437576561982,-0.3503056351333136
100.867308875,0.056470740440087375,0.026402965246482724,-0.35029706072771916
100.917336376,0.056470740440087375,0.02640296524648178,-0.35029706072771916
100.967325654,0.057495048190965625,0.02976142906644008,-0.3502883625039903
101.016323487,0.05749504819096635,0.029761429066439887,-0.3502883625039921
101.066300226,0.05847585026913549,0.033002156044289827,-0.3502801296765732
101.116400269,0.05847585026913532,0.03300215604428902,-0.3502801296765732
101.166333173,0.0594399629250042,0.03620923674908405,-0.35027209297866513
101.216327635,0.059439962925004086,0.0362092367490838,-0.35027209297866513
101.267291893,0.06046822256763679,0.03999053152080562,-0.35026981139528957
101.317319302,0.06046822256763598,0.03999053152080553,-0.3502698113952878
101.367329969,0.06125122290315496,0.04330683016129222,-0.35026837012646084
101.417315339,0.06125122290315532,0.04330683016129361,-0.35026837012646084
101.4672848,0.06198931661943774,0.046485351933621466,-0.3502663311866261
101.51733271,0.06198931661943713,0.04648535193362083,-0.3502663311866261
101.567308172,0.06266140942903958,0.04933726947650194,-0.3502622949037981
101.617360693,0.06266140942903864,0.04933726947650177,-0.35026229490379635
101.66728143,0.06329010003696178,0.051925413940963255,-0.3502549060325961
101.717357212,0.06329010003696106,0.05192541394096524,-0.3502549060325961
101.768356489,0.06392904886094256,0.05505566999312378,-0.3502557214955395
101.818304246,0.06392904886094436,0.055055669993124084,-0.3502557214955395
101.868311507,0.06459261586207299,0.05809444995156157,-0.3502547517496879
101.918386142,0.06459261586207315,0.05809444995156282,-0.3502547517496879
101.968290712,0.06526193279094933,0.061122715519321774,-0.3502530317309702
102.01836681,0.06526193279094833,0.061122715519323495,-0.35025303173096844
102.068395332,0.06585057374154013,0.06419602437602331,-0.35025467379215414
102.118335867,0.06585057374154102,0.06419602437602295,-0.35025467379215414
102.168310904,0.06649451903252829,0.06738544101239852,-0.35025537801883644
102.218295978,0.06649451903252859,0.06738544101239853,-0.35025537801884
102.268279701,0.06697846858701179,0.07005047038894126,-0.3502546039177634
102.319347687,0.06697846858701059,0.0700504703889416,-0.35025460391776164
102.369302038,0.06743010376198455,0.07249827528748953,-0.35025199628713644
102.419390674,0.06743010376198477,0.07249827528748759,-0.35025199628713466
102.469286299,0.06775821672366983,0.07503631441469588,-0.35025522375084783
102.519317691,0.06775821672366891,0.07503631441469637,-0.3502552237508496
102.568299876,0.06814190655444818,0.07765153896582219,-0.3502572208582251
102.618312656,0.06814190655444827,0.07765153896582154,-0.3502572208582251
102.668297564,0.0685461311303423,0.08040305414012427,-0.3502605564724135
102.718390922,0.06854613113034258,0.08040305414012322,-0.35026055647241705
102.768305233,0.06873625119953375,0.08284561761242021,-0.35026713144000965
102.818361368,0.0687362511995333,0.08284561761242036,-0.3502671314400043
102.869314034,0.06907628615855022,0.08526498472733765,-0.35026698208833373
102.919366762,0.06907628615854933,0.08526498472733873,-0.3502669820883355
102.96928489,0.06931897306257662,0.087837537343113,-0.3502723026321064
103.019328246,0.0693189730625765,0.08783753734311295,-0.3502723026321082
103.069272061,0.06955519257731768,0.09031460881445935,-0.35027680953922236
103.119303732,0.06955519257731835,0.09031460881445888,-0.35027680953922413
103.169306679,0.06995510821364942,0.09310834886200879,-0.3502792874783598
103.21930144,0.06995510821365003,0.09310834886200946,-0.35027928747836157
103.269275626,0.07016204536662324,0.0954722695783858,-0.3502821830843921
103.319356856,0.07016204536662318,0.09547226957838592,-0.35028218308439385
103.369354747,0.07033596821077243,0.09778191495559459,-0.35028552170608407
103.420289375,0.07033596821077037,0.0977819149555932,-0.3502855217060805
103.470290859,0.07070832076319361,0.10031802186497314,-0.3502842134693811
103.520311678,0.07070832076319233,0.10031802186497395,-0.3502842134693793
103.570264881,0.07083859432530137,0.1028678945697097,-0.35029196226456705
103.620210344,0.07083859432530082,0.1028678945697104,-0.3502919622645706
103.670786601,0.07121053219768592,0.10544011900215808,-0.3502926149318206
103.720500124,0.07121053219768714,0.10544011900215794,-0.3502926149318206
103.770695212,0.0713481208312986,0.10772070457791048,-0.3502971025865147
103.820315786,0.07134812083129688,0.10772070457790989,-0.3502971025865165
103.870285529,0.07142366159322555,0.1098249078058759,-0.35030033200760435
103.920333776,0.07142366159322572,0.10982490780587671,-0.3503003320076026
103.971296778,0.07141240701770668,0.11191828091705869,-0.35030499280618166
104.021310245,0.07141240701770687,0.11191828091705791,-0.3503049928061852
104.071297507,0.0714288474544143,0.1141595438017022,-0.3503110650478103
104.121407887,0.07142884745441441,0.11415954380170179,-0.35031106504781206
104.170342091,0.07152110183310223,0.11622743364500504,-0.35031138257571826
104.220309704,0.07152110183310217,0.11622743364500361,-0.35031138257572003
104.270358544,0.07164470329262534,0.1182452369064602,-0.3503087239197793
104.320347288,0.0716447032926249,0.11824523690645933,-0.3503087239197793
104.370321716,0.07162805878761186,0.12042683185386538,-0.3503115822033127
104.420331665,0.0716280587876113,0.12042683185386516,-0.35031158220331093
104.471292944,0.07152810615687816,0.1224159064173799,-0.35031486079592256
104.521275206,0.07152810615687871,0.12241590641738005,-0.35031486079592256
104.571331361,0.07156138410421742,0.12436038656564731,-0.3503145933875089
104.621322827,0.07156138410421664,0.12436038656564716,-0.35031459338750714
104.671334572,0.07164043211424964,0.12609768319421266,-0.3503124614806641
104.721325964,0.07164043211425103,0.12609768319421166,-0.3503124614806623
104.771321079,0.0714893969082947,0.1277916539493575,-0.3503161563370263
104.82135277,0.07148939690829559,0.12779165394935635,-0.3503161563370263
104.872446465,0.07127970135279774,0.12943827132614869,-0.35031750238513837
104.922314981,0.0712797013527976,0.12943827132614724,-0.3503175023851366
104.97260704,0.07123982857376521,0.13108234207858074,-0.35031694694454174
105.022316973,0.07123982857376565,0.13108234207858221,-0.35031694694454174
105.072450856,0.07112974568001354,0.13272243290290653,-0.35031765199689957
105.122299241,0.07112974568001235,0.13272243290290664,-0.35031765199690135
105.172402752,0.07082104866982841,0.13422943077134972,-0.35032012606944285
105.222503744,0.0708210486698288,0.13422943077135144,-0.35032012606944285
105.272656775,0.07062256827803615,0.13578107162232594,-0.35032172765146896
105.322301112,0.07062256827803676,0.13578107162232575,-0.35032172765147074
105.372715307,0.07044218382619577,0.13716719204755368,-0.3503212936899125
105.422302863,0.07044218382619644,0.1371671920475544,-0.35032129368991427
105.473382891,0.0700589773275343,0.13839221445522878,-0.3503228108256238
105.523284372,0.0700589773275333,0.1383922144552276,-0.350322810825622
105.572536298,0.06969429518635845,0.13960578622168193,-0.3503239812965546
105.62234057,0.06969429518635861,0.13960578622168274,-0.35032398129655107
105.672614794,0.0692527640305512,0.1407892502196309,-0.35032667383783433
105.722264168,0.06925276403055114,0.14078925021963073,-0.35032667383783433
105.772400014,0.06894993999936733,0.14192165570680076,-0.35032454103692245
105.822339405,0.06894993999936738,0.1419216557068014,-0.35032454103692245
105.872443343,0.06853895208053662,0.14299363412259583,-0.35032675572633565
105.922364474,0.06853895208053651,0.1429936341225946,-0.3503267557263321
105.972516507,0.06819288078665176,0.1439287736047702,-0.35032023264724543
106.023323984,0.06819288078665015,0.14392877360476986,-0.35032023264724543
106.072730198,0.06789703193853763,0.14488037317553323,-0.35031690401596727
106.123329033,0.06789703193853869,0.1448803731755336,-0.3503169040159637
106.173474566,0.06739262712418159,0.14566723696960204,-0.35031403389260163
106.223362936,0.06739262712418054,0.14566723696960177,-0.35031403389259985
106.273368017,0.06682054975172824,0.14634773347640526,-0.3503083128313378
106.323338781,0.06682054975172863,0.14634773347640523,-0.35030831283134134
106.37336014,0.0664066061428022,0.1470229636044512,-0.3503012997197459
106.423285549,0.0664066061428023,0.14702296360445172,-0.3503012997197459
106.473393691,0.06587333037265064,0.14761259286689943,-0.3502962769591953
106.52437364,0.0658733303726495,0.14761259286689773,-0.35029627695919174
106.574330107,0.06549833712475228,0.14825663990059848,-0.3502893737903179
106.624288222,0.06549833712475212,0.14825663990059795,-0.35028937379032143
106.674363529,0.06506364722762309,0.1486844281528002,-0.35027852967164463
106.724312939,0.0650636472276217,0.14868442815279992,-0.35027852967164463
106.774371337,0.06466029079877128,0.1489211457012391,-0.35026216691018597
106.824390253,0.06466029079877156,0.1489211457012378,-0.35026216691018597
106.874417798,0.06392466642048572,0.14887713405436157,-0.35024727500719877
106.92436234,0.06392466642048586,0.14887713405436095,-0.35024727500720054
106.973396034,0.06341478185907934,0.14909986737676845,-0.35023429158721164
107.024056226,0.06341478185908017,0.14909986737676958,-0.35023429158720987
107.073770236,0.06280545479061761,0.14918184665339368,-0.3502211218829423
107.124370184,0.06280545479061783,0.14918184665339457,-0.3502211218829441
107.174478846,0.062407394630482615,0.14936374378556497,-0.3502059484129312
107.224363383,0.06240739463048184,0.14936374378556502,-0.3502059484129312
107.27432937,0.061855916612608974,0.14930720963471905,-0.3501890854317402
107.324416012,0.061855916612609974,0.14930720963471913,-0.350189085431742
107.374417353,0.06110597330319473,0.14916899655203675,-0.3501762522732914
107.424478938,0.06110597330319323,0.14916899655203725,-0.35017625227328786
107.474317121,0.06052194676025924,0.14862302243544984,-0.3501493267022049
107.524422523,0.06052194676025788,0.14862302243545028,-0.35014932670220666
107.575334285,0.059729786121133666,0.14809609208571245,-0.35012883869282696
107.625304216,0.059729786121132666,0.14809609208571123,-0.35012883869282696
107.675383728,0.059094289658543325,0.14769208535125927,-0.3501078193199305
107.725320584,0.05909428965854391,0.14769208535125922,-0.3501078193199305
107.775438672,0.05865464074733284,0.14771715922257703,-0.35009316632077336
107.825387695,0.05865464074733259,0.14771715922257517,-0.3500931663207716
107.875420094,0.05810459220224706,0.1474598376425103,-0.35007536707252207
107.925338469,0.05810459220224734,0.1474598376425101,-0.35007536707252207
107.975434297,0.05731959025913941,0.14665038403838526,-0.35005051991360503
108.025357153,0.05731959025913935,0.14665038403838523,-0.3500505199136068
108.076356218,0.05674746007961434,0.14606658816332524,-0.35002567837192977
108.126366282,0.05674746007961465,0.14606658816332418,-0.35002567837192977
108.176358327,0.0559914594986724,0.14493585524821828,-0.3499932476674257
108.226356799,0.055991459498672624,0.1449358552482184,-0.3499932476674221
108.276343399,0.055268265610137035,0.1441279119637137,-0.34996800572137055
108.326317128,0.05526826561013631,0.14412791196371344,-0.3499680057213741
108.376349287,0.054426473018037685,0.14290511400192196,-0.3499361367345468
108.426394853,0.05442647301803802,0.14290511400192082,-0.3499361367345468
108.475370397,0.05369488433656844,0.14175837130585628,-0.34990405478300346
108.525472134,0.05369488433656716,0.14175837130585628,-0.34990405478300524
108.576346617,0.052925199612325,0.1407827097461051,-0.3498771061031398
108.626287955,0.05292519961232603,0.14078270974610466,-0.3498771061031416
108.676353727,0.0522445672032259,0.1396392477326685,-0.34984483669831334
108.726480872,0.05224456720322673,0.13963924773266823,-0.34984483669831157
108.776380227,0.0513917454179626,0.13810499380143143,-0.3498081283869876
108.826412663,0.051391745417962265,0.13810499380143068,-0.3498081283869876
108.876488436,0.05079846924754772,0.13715819143286842,-0.3497788991704347
108.926368569,0.05079846924754716,0.1371581914328689,-0.3497788991704347
108.976393451,0.05007284875297141,0.1358499843225736,-0.34974507082174
109.027358958,0.05007284875297047,0.13584998432257234,-0.34974507082174
109.077347727,0.049449490020604864,0.1346891365238901,-0.3497121301716408
109.127626937,0.04944949002060389,0.1346891365238888,-0.34971213017163905
109.177324486,0.04867621084753582,0.13284023584601712,-0.34966849707656245
109.227300475,0.04867621084753604,0.1328402358460159,-0.3496684970765642
109.277346173,0.048152431595564316,0.13170193397291002,-0.3496344647773455
109.327429076,0.04815243159556337,0.13170193397291008,-0.3496344647773473
109.37742177,0.047514525329539925,0.13068383332497707,-0.3496061104639878
109.427293903,0.04751452532953915,0.1306838333249782,-0.3496061104639878
109.477322543,0.0469715032439304,0.12950009444639266,-0.3495720192715073
109.528345666,0.046971503243930124,0.12950009444639252,-0.3495720192715073
109.57833399,0.04617487625410979,0.12708474762961977,-0.3495181644919203
109.627297941,0.04617487625411154,0.1270847476296202,-0.3495181644919203
109.677331897,0.04587865580328618,0.12632648791895157,-0.3494878932339578
109.727401263,0.04587865580328604,0.12632648791895035,-0.349487893233956
109.777761885,0.04522840390571353,0.12452058047773457,-0.34944396820544554
109.827434525,0.04522840390571392,0.12452058047773476,-0.34944396820544377
109.877544265,0.04475747393789403,0.12330927695616903,-0.34940874681275247
109.927538423,0.04475747393789392,0.12330927695616944,-0.3494087468127489
109.977435465,0.04413716769113729,0.12139968542401745,-0.3493624060414735
110.027671267,0.04413716769113668,0.12139968542401584,-0.3493624060414735
110.078337111,0.043415544898935066,0.11975723717745607,-0.34932526517270723
110.127766628,0.043415544898934566,0.11975723717745675,-0.349325265172709
110.178375728,0.04299480963748897,0.11740726941165897,-0.34926389220702525
110.228329144,0.04299480963748736,0.11740726941165847,-0.3492638922070235
110.278885315,0.04228137179579283,0.11463120366594913,-0.3492010403061361
110.329093838,0.04228137179579361,0.11463120366595023,-0.34920104030613786
110.3789491,0.042006394499289,0.11357892841567382,-0.34916496167853417
110.428286629,0.04200639449928972,0.11357892841567276,-0.3491649616785377
110.478324957,0.041287525488705734,0.11111408323409358,-0.34910957464073
110.528496292,0.041287525488704846,0.1111140832340953,-0.3491095746407247
110.578677646,0.04042570504473489,0.10785451623872018,-0.34904043607449786
110.629299896,0.04042570504473458,0.10785451623872098,-0.34904043607449786
110.679291999,0.03977663748517507,0.10477040712305549,-0.34897037053826097
110.729404756,0.03977663748517535,0.104770407123055,-0.3489703705382592
110.779405619,0.039138625027852314,0.10192949099812293,-0.34890574181103773
110.829361369,0.03913862502785187,0.10192949099812187,-0.3489057418110342
110.879633378,0.038447497504731365,0.09920136132667379,-0.3488453186629066
110.929528736,0.03844749750473131,0.09920136132667332,-0.348845318662903
110.979657977,0.03775879491953266,0.09658420236052251,-0.3487874639156381
111.029422476,0.03775879491953335,0.09658420236052194,-0.3487874639156381
111.079317649,0.03715330918085466,0.09391746564667947,-0.34872617985811694
111.129643698,0.03715330918085605,0.09391746564668034,-0.34872617985811516
111.179536685,0.036395086718023106,0.0907087797174439,-0.3486563368686202
111.229356057,0.03639508671802413,0.09070877971744487,-0.34865633686862374
111.279280269,0.03568764757541515,0.08710500634608377,-0.3485777214483896
111.329451531,0.03568764757541598,0.08710500634608305,-0.3485777214483896
111.37941893,0.0350399964700962,0.08418747192320229,-0.3485131591153312
111.429325604,0.03503999647009626,0.0841874719232033,-0.34851315911532943
111.479314819,0.03445960564734657,0.08104065553199014,-0.34844080097508723
111.52946708,0.03445960564734751,0.08104065553198977,-0.348440800975089
111.580420442,0.03382141378842701,0.07718376425676603,-0.3483545423526362
111.630289613,0.03382141378842771,0.07718376425676535,-0.34835454235263796
111.6802952,0.033195702497222423,0.0740869687416485,-0.34828510469456475
111.73058182,0.0331957024972222,0.07408696874164918,-0.3482851046945612
111.780554534,0.03303695241692711,0.0720444850861624,-0.34822631795204373
111.830576789,0.03303695241692531,0.07204448508616135,-0.3482263179520455
111.880438683,0.03244687065046448,0.06829064322215088,-0.3481416370495616
111.930554203,0.03244687065046509,0.06829064322215092,-0.3481416370495598
111.980573254,0.03203454961352614,0.06478981934710162,-0.3480576517813656
112.030496837,0.03203454961352725,0.06478981934710161,-0.3480576517813674
112.08031997,0.031587212677866405,0.06091136861526253,-0.34796805640376327
112.130842105,0.03158721267786521,0.06091136861526267,-0.34796805640376327
112.181497248,0.031458440079909056,0.05911750682138733,-0.34791378932322026
112.231382606,0.03145844007990928,0.059117506821387916,-0.34791378932321493
112.281586353,0.03118246171680228,0.0563888226916133,-0.3478438952717884
112.331546438,0.031182461716801946,0.05638882269161362,-0.34784389527178305
112.3812844,0.031184294127643175,0.05326588350236122,-0.34775724171182
112.43135062,0.03118429412764273,0.053265883502361805,-0.34775724171182354
112.481556034,0.03129666955657051,0.050079543261839776,-0.34766658183880494
112.53149421,0.0312966695565699,0.05007954326183925,-0.34766658183880317
112.581288712,0.030947262711115864,0.0471106378561989,-0.3475938499524336
112.631316912,0.030947262711116197,0.04711063785619887,-0.3475938499524336
112.681465433,0.030869874113299778,0.044222121245165724,-0.34751583105096095
112.731688348,0.030869874113299084,0.0442221212451652,-0.34751583105096095
112.781667619,0.03053726812721158,0.04114204026790852,-0.3474390882418792
112.831423712,0.03053726812721147,0.04114204026790802,-0.3474390882418774
112.881455302,0.0305463868556462,0.039005387285297094,-0.34737503183841945
112.931608103,0.03054638685564459,0.03900538728529815,-0.34737503183841767
112.98152965,0.030476837980834892,0.03627166252322764,-0.3473000728174096
113.031284354,0.030476837980835336,0.03627166252322858,-0.3473000728174096
113.081398486,0.030272605544072545,0.032653104233451136,-0.34720953051315817
113.13251447,0.030272605544072184,0.032653104233452246,-0.34720953051315817
113.182293806,0.029970963521675442,0.029309809322734304,-0.3471277990997983
113.232657007,0.029970963521674165,0.029309809322734276,-0.34712779909980185
113.282432175,0.02971238854296826,0.025504413831349576,-0.3470353389919083
113.332529973,0.02971238854296876,0.025504413831348216,-0.3470353389919083
113.382292326,0.029663722589780922,0.022811833394119074,-0.34695997856235294
113.432529113,0.029663722589779395,0.02281183339411791,-0.3469599785623547
113.482605872,0.029603476290918695,0.01969736690026097,-0.34687678334830885
113.532425136,0.029603476290918584,0.019697366900260693,-0.34687678334830707
113.582507784,0.029477614088128656,0.016068341088368965,-0.3467841593599683
113.633870245,0.029477614088129767,0.016068341088369464,-0.34678415935997187
113.684367232,0.029158652805634733,0.011659814635291393,-0.34668085181627895
113.734250536,0.02915865280563404,0.011659814635291643,-0.3466808518162754
113.783580939,0.029106005670570534,0.008181034269662046,-0.34659013145390993
113.833453021,0.02910600567057023,0.008181034269661852,-0.3465901314539117
113.8833927,0.029229342043342654,0.005804687501921535,-0.3465170685050172
113.933438959,0.029229342043343043,0.005804687501921618,-0.34651706850501895
113.982681895,0.02903244733846505,0.002009755154218612,-0.3464223798875157
114.032624481,0.02903244733846566,0.00200975515421864,-0.3464223798875157
114.082297812,0.028530055040414837,-0.0022166575890915086,-0.34632813747680125
114.13343815,0.02853005504041406,-0.0022166575890926743,-0.34632813747680125
114.183259452,0.027920200633408054,-0.0077435509055335805,-0.34621044062158823
114.233554243,0.02792020063340686,-0.007743550905533858,-0.34621044062158823
114.283511145,0.02761572745090718,-0.012062876814079193,-0.3461088889910524
114.333616926,0.027615727450907124,-0.012062876814078,-0.34610888899105596
114.383278515,0.027508200964939056,-0.015528873787251235,-0.346018584624435
114.433429039,0.027508200964939278,-0.015528873787252068,-0.3460185846244368
114.483295992,0.027284392037987215,-0.020441641826044632,-0.3459013843019605
114.533617581,0.02728439203798627,-0.020441641826045243,-0.3459013843019605
114.583301023,0.02667847255236333,-0.025507016917189484,-0.34579261705890474
114.633456084,0.026678472552363774,-0.025507016917189873,-0.3457926170589065
114.683335075,0.026064697350446475,-0.0312754011968705,-0.3456692220611828
114.734486728,0.02606469735044653,-0.03127540119687036,-0.34566922206118633
114.784406128,0.025810001104619118,-0.03543385976021532,-0.34556944681470725
114.834379199,0.025810001104618507,-0.035433859760215264,-0.3455694468147037
114.884456812,0.025555662257662204,-0.039866780449007294,-0.3454634292860739
114.934454977,0.02555566225766165,-0.0398667804490081,-0.3454634292860703
114.984405843,0.025122486455898374,-0.04448162036892303,-0.34535819986046334
115.034404526,0.025122486455899595,-0.04448162036892389,-0.34535819986046157
115.08430063,0.024686343333549687,-0.05054215568648299,-0.34522392821066106
115.134501009,0.024686343333548855,-0.050542155686483015,-0.34522392821066106
115.184295811,0.02404819042717793,-0.05594642582838125,-0.3451088844124435
115.234691257,0.024048190427178817,-0.05594642582838194,-0.3451088844124435
115.285486596,0.023722817037083843,-0.0605138365633994,-0.3450026582433594
115.335439221,0.02372281703708473,-0.06051383656339901,-0.34500265824335763
115.38442957,0.023535248031208156,-0.06459131354135383,-0.34490301735969275
115.434322748,0.023535248031207656,-0.06459131354135367,-0.34490301735969275
115.484292411,0.023516027443468923,-0.06878024742947034,-0.3447964295549646
115.534400841,0.023516027443469034,-0.06878024742947011,-0.3447964295549646
115.584331243,0.02347674785577314,-0.07280018429144691,-0.34469374448510237
115.634316944,0.023476747855772973,-0.07280018429144758,-0.34469374448510237
115.685296978,0.023261783358906996,-0.07810583478469335,-0.3445698930993668
115.735727685,0.023261783358906357,-0.07810583478469452,-0.3445698930993668
115.785281418,0.023122878654521117,-0.0821303642825846,-0.34446936556428653
115.835380404,0.023122878654521256,-0.08213036428258341,-0.34446936556428653
115.885277657,0.023067184479834135,-0.08628613280111544,-0.34436429752193654
115.935440684,0.023067184479833525,-0.08628613280111405,-0.34436429752193654
115.985350196,0.02310631765851795,-0.09016537833474847,-0.3442629945739615
116.035308934,0.02310631765851867,-0.09016537833474753,-0.3442629945739615
116.085281154,0.02338078923335854,-0.09379879013176823,-0.3441598576612055
116.135440681,0.023380789233357346,-0.09379879013176898,-0.3441598576612037
116.185296672,0.023905682940974116,-0.09729736677611328,-0.34405305486385274
116.235665488,0.023905682940973394,-0.09729736677611167,-0.34405305486385096
116.286359082,0.024328183626015548,-0.10040583190666122,-0.3439583449605017
116.336413844,0.02432818362601455,-0.10040583190666233,-0.3439583449605035
116.386339987,0.024916296140549354,-0.1026793447758188,-0.3438765371843804
116.437427325,0.024916296140548883,-0.1026793447758203,-0.3438765371843786
116.486266482,0.02533300860289245,-0.10569987279434132,-0.34378423437489936
116.537485623,0.02533300860289292,-0.10569987279434065,-0.34378423437489936
116.586291408,0.025647266320992013,-0.10917414006100828,-0.3436843316504792
116.636417784,0.02564726632099318,-0.10917414006100945,-0.34368433165048096
116.687560792,0.025986770616516663,-0.1128033361742033,-0.34358115721360427
116.737434673,0.025986770616517163,-0.1128033361742033,-0.34358115721360427
116.786443339,0.0263891242396955,-0.11659069878401448,-0.34347188512562354
116.836423746,0.02638912423969586,-0.11659069878401285,-0.3434718851256253
116.886513325,0.027050518883647012,-0.11960129746255452,-0.34337199149064546
116.936458582,0.027050518883646096,-0.11960129746255496,-0.34337199149064723
116.986473324,0.027756704825457973,-0.1219710170088712,-0.34328474927452923
117.036574478,0.02775670482545753,-0.12197101700887075,-0.34328474927452923
117.086334576,0.028601580034120944,-0.12488554313274317,-0.3431800483582208
117.137388784,0.028601580034119167,-0.12488554313274339,-0.3431800483582208
117.187288279,0.02925492794756218,-0.12817590963851255,-0.3430742216334721
117.23736458,0.02925492794756257,-0.12817590963851225,-0.34307422163347034
117.287293354,0.030076966340316647,-0.13152748982218618,-0.342963868790072
117.337343487,0.030076966340316064,-0.13152748982218698,-0.34296386879007557
117.387406732,0.030572580438036456,-0.1344054354113542,-0.34287132537138376
117.437317209,0.030572580438037372,-0.13440543541135355,-0.342871325371382
117.487300838,0.030612208480846143,-0.13708683815261838,-0.34279448365849063
117.537369472,0.03061220848084556,-0.13708683815261913,-0.34279448365849063
117.587314451,0.030934321121001418,-0.14059831455328292,-0.34269432249820575
117.637366732,0.030934321121002917,-0.14059831455328345,-0.342694322498204
117.688296896,0.0309109363834435,-0.1439118926120106,-0.34260807766342793
117.738421125,0.0309109363834445,-0.14391189261201012,-0.34260807766342793
117.788402717,0.031001910662530163,-0.1471308782056551,-0.3425193729171596
117.83833703,0.031001910662529608,-0.14713087820565499,-0.3425193729171596
117.887321345,0.03085892501832388,-0.15018566654524854,-0.3424389278766391
117.937372016,0.030858925018324934,-0.1501856665452498,-0.34243892787664265
117.987296254,0.03149086899122511,-0.1537915581962449,-0.3423258673664087
118.037291144,0.03149086899122494,-0.15379155819624474,-0.3423258673664087
118.087298387,0.03198297910028808,-0.15689834862262622,-0.34222890124428673
118.137386264,0.031982979100288356,-0.1568983486226261,-0.34222890124428673
118.188268463,0.03246254563287526,-0.15976445710509213,-0.3421352613832802
118.238291318,0.03246254563287593,-0.15976445710509243,-0.34213526138327843
118.288318043,0.03256983453372858,-0.16257094454538973,-0.3420555284609108
118.338312544,0.032569834533728304,-0.16257094454538976,-0.3420555284609108
118.38831325,0.032852241739657895,-0.16611825578794187,-0.3419541175658001
118.438381737,0.032852241739658505,-0.1661182557879423,-0.34195411756580185
118.488324531,0.0333447122919433,-0.16844918137400755,-0.34187126649701405
118.53833933,0.0333447122919433,-0.16844918137400564,-0.34187126649701405
118.58829344,0.03381756236158601,-0.17117211665954513,-0.3417813392611393
118.638343426,0.033817562361586395,-0.1711721166595442,-0.3417813392611393
118.688345854,0.034716212730889706,-0.1735636127648376,-0.3416863666959973
118.739387247,0.034716212730888374,-0.17356361276483856,-0.34168636669599906
118.789525386,0.0353507633232058,-0.17572936936725836,-0.34160305526434165
118.839590059,0.03535076332320666,-0.17572936936725872,-0.34160305526433987
118.889305064,0.03572177470164922,-0.17870106754080317,-0.3415098108517487
118.939372478,0.03572177470164989,-0.17870106754080434,-0.3415098108517487
118.989291513,0.03615810831172395,-0.18109164867772318,-0.34142931704287527
119.039307202,0.036158108311723336,-0.1810916486777235,-0.34142931704287527
119.089305723,0.03693873489535088,-0.18298435113750647,-0.34134685794026787
119.139377452,0.03693873489535135,-0.18298435113750589,-0.3413468579402661
119.190302859,0.03733733512142706,-0.18535557638326852,-0.3412655236544513
119.240291435,0.03733733512142601,-0.18535557638326827,-0.3412655236544495
119.290313791,0.03769257048804758,-0.18755282418330052,-0.34118710062416646
119.340289811,0.03769257048804869,-0.1875528241833001,-0.34118710062416824
119.390322889,0.03828196962178351,-0.19066546754212324,-0.3410851804174264
119.440335522,0.03828196962178382,-0.1906654675421224,-0.3410851804174264
119.489326006,0.038451274647256894,-0.19270146629447915,-0.34101504888576883
119.539297229,0.038451274647256284,-0.19270146629447835,-0.34101504888576883
119.589296158,0.03850345832521471,-0.19505100798820924,-0.34094274150636217
119.639308383,0.03850345832521451,-0.1950510079882091,-0.34094274150636217
119.6892942,0.038551123341354715,-0.19744043791205312,-0.34086944963810595
119.739313315,0.03855112334135613,-0.19744043791205174,-0.3408694496381077
119.790293595,0.03856277087717441,-0.19978252044727135,-0.3407983210071084
119.840445366,0.03856277087717347,-0.19978252044727177,-0.3407983210071066
119.890321956,0.038510502326972174,-0.20165011661858043,-0.34073661012110534
119.940323627,0.03851050232697131,-0.20165011661858154,-0.3407366101211089
119.990292462,0.0387287534312466,-0.2036578244783615,-0.34066421323284857
120.040343506,0.03872875343124771,-0.20365782447836114,-0.34066421323285034
120.090314767,0.038752263644299345,-0.20573682808986865,-0.3405961866342935
120.140273658,0.03875226364429932,-0.20573682808986848,-0.3405961866342899
120.1903027,0.03883760135865377,-0.2072843590266232,-0.3405337994287496
120.240842512,0.038837601358652496,-0.20728435902662343,-0.34053379942874784
120.290590187,0.038532419886504465,-0.20928806545101025,-0.3404775229383201
120.341080311,0.03853241988650469,-0.20928806545100978,-0.3404775229383201
120.391290623,0.03852738256417643,-0.21147037471999686,-0.34040850138233125
120.441312258,0.03852738256417643,-0.21147037471999697,-0.34040850138233125
120.491345319,0.03821971510149852,-0.21354627012852984,-0.34034891305514314
120.541332433,0.0382197151014988,-0.21354627012853017,-0.3403489130551467
120.591260452,0.03788762870017595,-0.21541719462049475,-0.3402951539060428
120.641364647,0.03788762870017509,-0.21541719462049425,-0.34029515390604814
120.691309703,0.037849250301166704,-0.21687648699735906,-0.3402384860318435
120.741315059,0.03784925030116576,-0.21687648699735917,-0.3402384860318417
120.792885392,0.038266336218417574,-0.21833426438775652,-0.34017045072700824
120.842410129,0.03826633621841691,-0.21833426438775685,-0.34017045072701
120.892412431,0.0385702897529307,-0.2193760843763,-0.3401145602848228
120.942331431,0.038570289752929865,-0.21937608437630085,-0.340114560284821
120.992575098,0.03875920810320918,-0.22061388372236881,-0.340059524899484
121.041333441,0.0387592081032081,-0.22061388372236954,-0.340059524899484
121.091306741,0.03884363941854574,-0.22168602653872274,-0.34001033182970986
121.141371601,0.03884363941854441,-0.22168602653872282,-0.3400103318297063
121.191289527,0.038734744303584506,-0.22276430154945318,-0.33996556262027333
121.241351851,0.03873474430358459,-0.22276430154945184,-0.33996556262027333
121.291393766,0.03913196753853043,-0.22378067325971357,-0.3399077535751207
121.342314674,0.03913196753852968,-0.22378067325971387,-0.3399077535751207
121.392438816,0.039404781223024876,-0.22514372020140727,-0.33984736313254693
121.442428672,0.03940478122302521,-0.22514372020140638,-0.3398473631325487
121.492633281,0.03990206060173074,-0.2257652001753328,-0.3397946639198324
121.542309472,0.03990206060173104,-0.2257652001753337,-0.3397946639198359
121.592448207,0.039571534129988484,-0.226465900089792,-0.33976219068401825
121.64237443,0.039571534129990094,-0.22646590008979212,-0.33976219068402
121.692749456,0.04016620519187791,-0.22751706006420494,-0.3396996229428524
121.742421405,0.040166205191876025,-0.2275170600642052,-0.33969962294285416
121.793181509,0.04029379817184531,-0.22770703506232004,-0.3396654193524036
121.84235032,0.040293798171844364,-0.22770703506231982,-0.3396654193524018
121.893376235,0.040676177991887275,-0.22801057588662482,-0.3396210650922935
121.943309423,0.04067617799188805,-0.2280105758866256,-0.3396210650922935
121.993380174,0.0408070442992699,-0.22849697816274375,-0.33958143686298925
122.043286823,0.040807044299271344,-0.22849697816274453,-0.33958143686298925
122.093599217,0.04104507133809099,-0.22885464841633313,-0.3395424216433014
122.143301484,0.04104507133809149,-0.22885464841633524,-0.3395424216433014
122.193396032,0.04083807737485823,-0.22859267405843708,-0.33952615644962947
122.243299052,0.04083807737485745,-0.2285926740584359,-0.3395261564496277
122.293446159,0.04085355571238658,-0.22817948951988412,-0.3395052502434819
122.343367846,0.040853555712387246,-0.2281794895198841,-0.3395052502434801
122.393410947,0.04103401710308674,-0.22780522389212965,-0.3394797810781487
122.444299318,0.04103401710308707,-0.22780522389212915,-0.33947978107815224
122.494336418,0.041119055922052616,-0.22777721116563246,-0.33945138533025343
122.544286607,0.04111905592205284,-0.227777211165633,-0.3394513853302552
122.594321967,0.04140680295566643,-0.22767002047593016,-0.3394201747376808
122.64430662,0.0414068029556664,-0.2276700204759296,-0.33942017473767905
122.693415484,0.04144597908937109,-0.22698853031223812,-0.33940591035270273
122.743337393,0.04144597908937139,-0.22698853031223848,-0.3394059103527045
122.793411181,0.04137816989571008,-0.22594784577941865,-0.3394004494009657
122.843463099,0.04137816989570964,-0.2259478457794186,-0.3394004494009657
122.893529869,0.04079203349509142,-0.2250305719572735,-0.3394072083765103
122.944373886,0.04079203349509225,-0.2250305719572732,-0.3394072083765103
122.9944126,0.040659553283502514,-0.2243802852554376,-0.3393982057199949
123.04430336,0.040659553283502625,-0.22438028525543763,-0.33939820571999846
123.094308553,0.04053099721020559,-0.22368338217115932,-0.3393886670389481
123.144297004,0.04053099721020614,-0.22368338217115818,-0.3393886670389463
123.194347792,0.04098368212855252,-0.22257967200892803,-0.33937037609087106
123.244359614,0.04098368212855272,-0.22257967200892742,-0.33937037609087106
123.294332805,0.04112558350024095,-0.2214194858673828,-0.3393626309369058
123.344358333,0.041125583500242036,-0.22141948586738394,-0.3393626309369093
123.394432362,0.040916164639972,-0.2202928900429092,-0.33936546577612425
123.445336865,0.04091616463997089,-0.22029289004290997,-0.3393654657761225
123.495341391,0.04082801426790528,-0.21893231267680216,-0.3393681899601191
123.545876613,0.040828014267904555,-0.21893231267680338,-0.3393681899601173
123.595784597,0.04106814060135172,-0.2173540084587686,-0.339366158859832
123.645953243,0.04106814060135233,-0.21735400845876904,-0.33936615885982846
123.695412776,0.04147943223784245,-0.2160108481906423,-0.3393564358664509
123.745360114,0.041479432237842506,-0.21601084819064165,-0.33935643586644915
123.795310896,0.041974473469186424,-0.21483103198349957,-0.33934155731029847
123.845407632,0.04197447346918573,-0.214831031983501,-0.3393415573102949
123.895331821,0.042005343207883794,-0.21276410318644556,-0.33935492443751514
123.946314496,0.042005343207884405,-0.21276410318644573,-0.33935492443751514
123.996337783,0.04219115625252079,-0.2111868704681233,-0.33935624088334393
124.046291993,0.04219115625252126,-0.2111868704681235,-0.3393562408833457
124.095333614,0.04230921938256518,-0.20964380562098311,-0.33935869987660183
124.145307473,0.042309219382566765,-0.20964380562098298,-0.3393586998766036
124.195694781,0.04262207359622516,-0.2076557682412745,-0.3393643294866653
124.245318786,0.04262207359622447,-0.20765576824127324,-0.3393643294866635
124.295342018,0.04286604237330027,-0.20577220395134016,-0.3393718119372551
124.345306988,0.04286604237330133,-0.2057722039513391,-0.3393718119372551
124.395443874,0.04283100650013799,-0.20384893381587507,-0.33938584604269906
124.446330525,0.042831006500138935,-0.2038489338158752,-0.3393858460427026
124.496301476,0.04324222208694661,-0.20190339488628542,-0.3393902276502647
124.546370192,0.04324222208694675,-0.20190339488628486,-0.3393902276502647
124.595869858,0.04355051367993962,-0.20040171528298514,-0.33939021324131247
124.646308928,0.0435505136799397,-0.20040171528298412,-0.339390213241316
124.696325215,0.043846588198655057,-0.19862432355220325,-0.33939501378119097
124.746303111,0.04384658819865467,-0.1986243235522025,-0.3393950137811892
124.796324824,0.043699483085278434,-0.19591744958109047,-0.33942765125464014
124.846288294,0.04369948308527788,-0.195917449581091,-0.3394276512546419
124.896339714,0.043967945714154744,-0.19361706553589686,-0.3394435201105548
124.946334557,0.043967945714155854,-0.19361706553589647,-0.33944352011055656
124.997306954,0.044445052809162944,-0.19204319825753202,-0.3394418342816259
125.047331132,0.044445052809163305,-0.19204319825753133,-0.3394418342816259
125.097399904,0.044753277637220756,-0.18922096200089866,-0.3394651883352111
125.147326113,0.04475327763722137,-0.18922096200089888,-0.33946518833520933
125.197340086,0.04483039711159581,-0.1863738942885343,-0.3394956980071999
125.247310076,0.04483039711159653,-0.18637389428853324,-0.33949569800719814
125.297291177,0.04527921369483712,-0.18436625211664906,-0.339503101227697
125.347398896,0.04527921369483745,-0.18436625211664964,-0.3395031012276988
125.397337143,0.04555559525941305,-0.18208618526484388,-0.3395201230110896
125.4463328,0.045555595259413384,-0.1820861852648425,-0.3395201230110896
125.497313086,0.045735885477877936,-0.179051805323416,-0.3395521484240973
125.547291576,0.0457358854778773,-0.17905180532341639,-0.33955214842410086
125.597320495,0.045824302876407375,-0.17607303510647992,-0.33958570229428453
125.647333357,0.04582430287640782,-0.17607303510648006,-0.3395857022942863
125.697332663,0.045909218096168436,-0.1729129532297575,-0.33962293122784004
125.747354877,0.045909218096167326,-0.17291295322975703,-0.33962293122784004
125.797369832,0.0458122871917106,-0.16962582308558885,-0.33966804871830547
125.847310913,0.0458122871917096,-0.16962582308558963,-0.33966804871830547
125.897318257,0.04534591590690662,-0.16603193748776565,-0.339729112992849
125.948285693,0.045345915906906786,-0.16603193748776574,-0.33972911299284725
125.998292111,0.04497529646907161,-0.16178351041244127,-0.33979728914413876
126.048319068,0.04497529646907064,-0.16178351041243988,-0.33979728914414054
126.09831806,0.04501592927709991,-0.15860483751259438,-0.3398365285378251
126.148283587,0.04501592927709924,-0.15860483751259347,-0.3398365285378233
126.198316136,0.04504517810603603,-0.15593263873336308,-0.33986827049666957
126.24836552,0.04504517810603614,-0.15593263873336421,-0.33986827049666957
126.298328455,0.045004307998972426,-0.15302696976164906,-0.33990688042961104
126.348372616,0.04500430799897159,-0.15302696976164915,-0.33990688042961104
126.398303289,0.04495113889685032,-0.1501559065159944,-0.33994452147834053
126.449373952,0.04495113889685004,-0.15015590651599528,-0.3399445214783441
126.499296255,0.044658581989773016,-0.14667730547614824,-0.3399993328539761
126.549284487,0.04465858198977235,-0.146677305476149,-0.3399993328539761
126.599310129,0.04418301711143291,-0.14246841806016472,-0.3400718737891264
126.649310695,0.0441830171114313,-0.14246841806016472,-0.3400718737891264
126.699318576,0.043805820727721156,-0.1383998387293687,-0.34013892493729436
126.749393091,0.04380582072772127,-0.13839983872936695,-0.3401389249372908
126.798330931,0.043510138019346306,-0.1347253123036168,-0.3401972063579368
126.849077059,0.04351013801934578,-0.1347253123036159,-0.3401972063579404
126.898561338,0.04334054379114666,-0.13152489028474765,-0.34024491047013683
126.948945482,0.043340543791148045,-0.13152489028474837,-0.3402449104701386
126.999313515,0.043418037552321626,-0.12916410082493426,-0.3402715736996953
127.049338046,0.04341803755232054,-0.12916410082493338,-0.3402715736996935
127.09934304,0.04307852209092511,-0.12590356727581847,-0.3403255476583187
127.149313327,0.04307852209092439,-0.12590356727581936,-0.34032554765832046
127.199326414,0.04275993865575595,-0.1218450563294563,-0.3403919428217428
127.249402523,0.04275993865575539,-0.12184505632945647,-0.3403919428217428
127.299336568,0.04243595633120628,-0.11830701361549381,-0.3404503015317317
127.349279798,0.042435956331207,-0.1183070136154945,-0.34045030153172995
127.400316572,0.0421139799767305,-0.11481280759705725,-0.3405083440896082
127.449347826,0.04211397997673183,-0.11481280759705795,-0.3405083440896064
127.500326763,0.042127219084031775,-0.11263309877000949,-0.34053531185233865
127.550348313,0.04212721908403247,-0.11263309877001018,-0.34053531185233865
127.600305952,0.041915141821183555,-0.10948912926281354,-0.3405846846695262
127.650347651,0.04191514182118333,-0.10948912926281346,-0.3405846846695262
127.700317031,0.04215593294455752,-0.10766811126057768,-0.34059911767550766
127.75029582,0.04215593294455672,-0.10766811126057799,-0.34059911767550943
127.80028259,0.04204552349928625,-0.10519704361405402,-0.34063464445505787
127.850389423,0.0420455234992867,-0.10519704361405269,-0.34063464445505787
127.900326636,0.04184054042097557,-0.10249702991341889,-0.34067690954580065
127.95040145,0.04184054042097607,-0.10249702991341911,-0.34067690954580243
128.001289586,0.04143050521172609,-0.09909431438464777,-0.34073690419361746
128.051334639,0.0414305052117252,-0.09909431438464777,-0.34073690419361924
128.10132591,0.04138697995150353,-0.09700727604569001,-0.34076487424774626
128.15134214600002,0.04138697995150398,-0.09700727604568951,-0.34076487424774626
128.200318879,0.040771967109992535,-0.09288015049476211,-0.34084320162119397
128.250348394,0.040771967109991925,-0.09288015049476173,-0.34084320162119397
128.30032135000002,0.04044988477564529,-0.0890111078816489,-0.3409092043000701
128.350298361,0.04044988477564482,-0.08901110788164907,-0.34090920430006655
128.400302393,0.04010428063187832,-0.08579009717816688,-0.34096530316997686
128.450475767,0.04010428063187749,-0.08579009717816688,-0.3409653031699822
128.50031041900002,0.03987509794497435,-0.08311607507132032,-0.34100869322520033
128.550399733,0.03987509794497282,-0.08311607507131924,-0.34100869322520033
128.60132227900002,0.039514744203578256,-0.07994826328592927,-0.3410645958819387
128.651386129,0.039514744203578755,-0.07994826328592985,-0.3410645958819405
128.70133297200002,0.0390051611952672,-0.07635558913869725,-0.3411320932107387
128.75129618600002,0.03900516119526748,-0.07635558913869686,-0.3411320932107387
128.80129325500002,0.03869669659263636,-0.07304047751551399,-0.341189143945142
128.851372588,0.03869669659263614,-0.07304047751551418,-0.341189143945142
128.90135108200002,0.03835051207307266,-0.07003810730473328,-0.34124234809118725
128.951347262,0.03835051207307233,-0.07003810730473192,-0.34124234809118725
129.00127918,0.037653777676623756,-0.06573592643452553,-0.34132746872436925
129.051478538,0.03765377767662337,-0.06573592643452492,-0.34132746872437103
129.102319359,0.03684096278109253,-0.06088888813055798,-0.34142500632225037
129.152526829,0.03684096278109228,-0.060888888130558455,-0.34142500632225037
129.20232585,0.03603153075060345,-0.05662978469863014,-0.34151289437200916
129.25260875,0.03603153075060464,-0.056629784698630864,-0.3415128943720074
129.30238369600002,0.03526844044572702,-0.052194145712265216,-0.34160244816015783
129.352590036,0.03526844044572705,-0.052194145712265244,-0.3416024481601596
129.402298886,0.034552411446181486,-0.047794015194398326,-0.34169036231182126
129.452637289,0.03455241144618315,-0.04779401519439905,-0.3416903623118248
129.502337323,0.03358702585759321,-0.04297758226749987,-0.3417922587113491
129.552541478,0.033587025857594016,-0.042977582267500064,-0.34179225871135266
129.60328773700002,0.032836885552161216,-0.03867746599395225,-0.34187964003515603
129.653473114,0.032836885552161355,-0.038677465993952,-0.34187964003515425
129.703307878,0.03201055986163748,-0.034478148193292035,-0.3419677641247887
129.753412508,0.0320105598616372,-0.03447814819329076,-0.3419677641247887
129.80231972,0.03134449625008373,-0.031135654274260932,-0.34203692636813443
129.852427741,0.03134449625008501,-0.03113565427426085,-0.34203692636813265
129.9024127,0.030491531761162594,-0.02647765657082579,-0.3421338735192805
129.952539166,0.03049153176116362,-0.026477656570825292,-0.34213387351928226
130.00229902,0.029472938379953018,-0.021599081586407637,-0.3422389959822638
130.052541474,0.02947293837995474,-0.02159908158640711,-0.3422389959822638
130.103336219,0.02851061890420109,-0.016796059805943564,-0.34234131295678694
130.153263323,0.028510618904201812,-0.016796059805943814,-0.34234131295678516
130.20372390100002,0.027670744233693395,-0.012852120660053562,-0.3424258259285544
130.253520349,0.027670744233693756,-0.012852120660053618,-0.3424258259285562
130.303286906,0.026793043808407246,-0.009231365504605793,-0.3425061799279092
130.35339139,0.026793043808406553,-0.009231365504604794,-0.34250617992790744
130.403404924,0.02581851269583385,-0.004889776133649354,-0.342601402957623
130.453436793,0.025818512695833185,-0.004889776133649215,-0.34260140295762653
130.503295004,0.024851965041349233,-0.00029379377408600416,-0.34270100873635734
130.553378579,0.024851965041348678,-0.0002937937740859764,-0.3427010087363609
130.60343848600002,0.023958313479317817,0.0039022733925843933,-0.34279180763544126
130.654451854,0.023958313479317983,0.0039022733925853925,-0.3427918076354377
130.704288101,0.023088069225064622,0.008150268629173146,-0.34288305607870306
130.75432147,0.0230880692250639,0.008150268629172841,-0.34288305607870306
130.804302243,0.02238363214428743,0.011176712811523382,-0.34294905072162685
130.854862198,0.022383632144288318,0.011176712811522771,-0.34294905072162685
130.90440704,0.021831417335596237,0.013794492776173367,-0.34300407726538396
130.954340034,0.02183141733559707,0.013794492776172201,-0.3430040772653804
131.004389979,0.02129380341738929,0.016408064667189776,-0.3430588446329761
131.054437794,0.02129380341738918,0.01640806466718936,-0.3430588446329743
131.104285357,0.020378577827205424,0.020666405278109645,-0.34315197345649473
131.15540878800002,0.020378577827205757,0.020666405278109312,-0.3431519734564965
131.2044076,0.01930509323289642,0.0257611563534689,-0.3432636716944124
131.254459137,0.019305093232896975,0.025761156353467957,-0.3432636716944142
131.30426616100002,0.018420596755182594,0.030467303073463264,-0.3433634898098834
131.354356478,0.018420596755181484,0.03046730307346443,-0.3433634898098852
131.404519337,0.01746059139931072,0.03410939156665743,-0.3434476240281086
131.454468498,0.01746059139931072,0.03410939156665896,-0.3434476240281068
131.504297098,0.016506252948074118,0.03802257961832459,-0.3435363706953627
131.554390489,0.01650625294807323,0.038022579618323865,-0.3435363706953627
131.604712635,0.015468732072705188,0.04206655257696432,-0.34362947235213426
131.6544756,0.015468732072704938,0.04206655257696272,-0.34362947235213426
131.705283143,0.014385994776605182,0.0474979098635358,-0.3437474286424269
131.755429686,0.01438599477660496,0.04749790986353582,-0.34374742864242513
131.805312418,0.013404239415748809,0.05186227387225523,-0.34384439300813874
131.855559838,0.01340423941574892,0.05186227387225427,-0.34384439300813874
131.90540814300002,0.012494687144220112,0.055005650645607,-0.34391908181437536
131.95530274700002,0.012494687144219696,0.055005650645605905,-0.34391908181437536
132.00539767700002,0.0117437939227098,0.05801761859213678,-0.34398720758005474
132.055701118,0.011743793922710077,0.05801761859213636,-0.34398720758005474
132.105292149,0.010629676134788157,0.061508624574100335,-0.3440739065678162
132.155446138,0.010629676134787158,0.0615086245741006,-0.3440739065678162
132.20583364,0.009789693643771746,0.06511313602223727,-0.34415465178795124
132.256481694,0.009789693643771802,0.06511313602223573,-0.34415465178795124
132.306313442,0.009034948036477086,0.068147976043602,-0.3442234302762035
132.35636572200002,0.009034948036476698,0.06814797604360294,-0.3442234302762035
132.40644928100002,0.00848863248953774,0.07022749601770517,-0.3442707765009807
132.456443223,0.008488632489538711,0.07022749601770503,-0.3442707765009789
132.506280898,0.0077748025405575405,0.07217748843910951,-0.34432089823907397
132.55636229,0.007774802540558512,0.07217748843910932,-0.34432089823906686
132.606541891,0.006887170331242476,0.075334624118895,-0.3443957684289014
132.65642162400002,0.0068871703312426424,0.075334624118895,-0.34439576842889963
132.706292856,0.00610060834919518,0.07910322538726974,-0.3444776580500015
132.75638806400002,0.006100608349195402,0.07910322538727058,-0.3444776580500015
132.807293354,0.005451165657307244,0.082210429026684,-0.34454507528352885
132.857527978,0.005451165657307522,0.08221042902668334,-0.34454507528352885
132.90646603000002,0.0047288804364569725,0.0841416672176389,-0.34459529095989616
132.956341282,0.004728880436456029,0.08414166721763819,-0.34459529095989794
133.006628205,0.004303554627403505,0.08649429915510488,-0.34464441166401905
133.056452732,0.004303554627403061,0.08649429915510436,-0.34464441166401905
133.106283426,0.003541866801766047,0.0884438636676318,-0.3446957376917723
133.156485844,0.0035418668017664356,0.08844386366763174,-0.34469573769176876
133.206488177,0.0027509089938305697,0.09108564683115529,-0.3447598796530489
133.256526957,0.002750908993830792,0.09108564683115539,-0.3447598796530489
133.30630627800002,0.0022651587159574493,0.09296560350850382,-0.3448028703045676
133.35730383400002,0.0022651587159566167,0.09296560350850389,-0.3448028703045676
133.40747489900002,0.0016091780111133214,0.09501735518930429,-0.3448531280946945
133.458467917,0.0016091780111127107,0.095017355189305,-0.3448531280946945
133.50750578900002,0.0009007137731406045,0.09734690829529222,-0.344909308957595
133.55768528000002,0.0009007137731412151,0.09734690829529272,-0.3449093089575932
133.60751523300002,0.0001908945496001957,0.10000319155304875,-0.34497095831799385
133.657886068,0.0001908945496001957,0.10000319155304918,-0.34497095831799385
133.70728672,-0.0010001009889826773,0.10274062357438599,-0.3450471891619795
133.757378651,-0.0010001009889830104,0.10274062357438621,-0.3450471891619813
133.808080208,-0.0017230682921380858,0.10528518361118831,-0.3451078142820041
133.85750265800002,-0.00172306829213692,0.10528518361118938,-0.3451078142820023
133.908447508,-0.0023691475301669263,0.10696859282028501,-0.34515204149905543
133.95828774100002,-0.002369147530166482,0.10696859282028393,-0.345152041499059
134.008678338,-0.003059165333627545,0.10890999710105724,-0.34520186767029415
134.058618372,-0.0030591653336272118,0.10890999710105825,-0.34520186767029415
134.10829176200002,-0.003777182047221661,0.11167621972185549,-0.345266183382547
134.158322746,-0.0037771820472221607,0.11167621972185492,-0.3452661833825488
134.20851848,-0.004576561865536344,0.11408458566937012,-0.3453264265708551
134.258634728,-0.00457656186553812,0.1140845856693691,-0.3453264265708551
134.309310008,-0.004989574971009159,0.1165606069003754,-0.3453769317905362
134.358328324,-0.004989574971009381,0.11656060690037559,-0.3453769317905344
134.408368679,-0.0056782987214578085,0.11816582617570794,-0.3454214474079116
134.458661752,-0.0056782987214580305,0.11816582617570937,-0.3454214474079116
134.508279527,-0.006499159147658445,0.1194727746408563,-0.3454647886609816
134.55834832800002,-0.00649915914765864,0.11947277464085614,-0.3454647886609781
134.608526858,-0.007203171439847167,0.1215074798685874,-0.34551647414362563
134.658578454,-0.007203171439846556,0.12150747986858762,-0.34551647414362563
134.708293365,-0.007560937234520143,0.12400203865365186,-0.3455658134265338
134.75840392700002,-0.007560937234520726,0.12400203865365135,-0.3455658134265356
134.808380038,-0.00833840368288985,0.12592339585279194,-0.34561786166899644
134.85873593,-0.008338403682888906,0.1259233958527931,-0.34561786166899644
134.909756786,-0.00895353244019298,0.1275627804633228,-0.34566013850190025
134.959399101,-0.008953532440193701,0.1275627804633246,-0.34566013850190025
135.009516424,-0.009679504419565416,0.12907411708071043,-0.3457038449042358
135.059470831,-0.009679504419564777,0.12907411708071012,-0.3457038449042358
135.10929219300002,-0.010530858257616127,0.13101942741809122,-0.34575806546191323
135.159360588,-0.010530858257615905,0.13101942741809242,-0.3457580654619097
135.209609789,-0.011142486252407435,0.13272284331036707,-0.3458019941955879
135.259688536,-0.011142486252406936,0.1327228433103674,-0.34580199419558966
135.30930412700002,-0.011571842633857132,0.13444277010446903,-0.34584111223547254
135.360405969,-0.0115718426338563,0.1344427701044698,-0.34584111223547254
135.41050668,-0.012026736963101137,0.13615775622696022,-0.34588063840650385
135.460493681,-0.012026736963102136,0.13615775622696127,-0.3458806384065021
135.510283542,-0.013346212130058543,0.13710174540644715,-0.3459332997025708
135.560324842,-0.013346212130058821,0.13710174540644804,-0.3459332997025726
135.610442888,-0.013309196545580187,0.13832806050157506,-0.3459519903461956
135.660757111,-0.013309196545579716,0.1383280605015754,-0.3459519903461956
135.71030794,-0.014060960957222146,0.13924415882531482,-0.34598710742474736
135.759488618,-0.014060960957222396,0.13924415882531604,-0.34598710742474736
135.809301646,-0.014546595461341155,0.14069277299813027,-0.34602449472894037
135.861323059,-0.01454659546134257,0.14069277299813038,-0.34602449472894037
135.910427271,-0.014843803626214763,0.14197393058073313,-0.3460534054702862
135.96157539400002,-0.014843803626216734,0.1419739305807326,-0.3460534054702844
136.01060082400002,-0.015639755962800816,0.1428705597043214,-0.3460909127574894
136.060536971,-0.015639755962801954,0.1428705597043208,-0.34609091275749115
136.11029355300002,-0.01637840287005815,0.14373928328294217,-0.34612628271670864
136.160331558,-0.01637840287005815,0.143739283282942,-0.3461262827167122
136.21042349200002,-0.017077395972424886,0.14457669204164456,-0.34615998829638706
136.260340731,-0.017077395972424136,0.14457669204164497,-0.3461599882963853
136.31027211900002,-0.01751207899118995,0.14553445646884142,-0.34618794602997305
136.361794652,-0.017512078991190422,0.14553445646883983,-0.34618794602997127
136.411412208,-0.01799718906661374,0.1465965184215014,-0.34621799158565203
136.461335762,-0.01799718906661485,0.14659651842150043,-0.34621799158565025
136.51129081800002,-0.018512832001069235,0.1476057267043881,-0.346249135051675
136.561585356,-0.01851283200106904,0.1476057267043872,-0.34624913505167676
136.611627047,-0.01915592913863462,0.14856458537430967,-0.3462830171860052
136.661299401,-0.019155929138634342,0.1485645853743102,-0.34628301718600696
136.711317294,-0.0196918388038011,0.14929274385722804,-0.34631090263180475
136.76190738600002,-0.019691838803799933,0.1492927438572284,-0.346310902631803
136.811579797,-0.020810646222479967,0.1495627667625364,-0.34634901819172725
136.86188567000002,-0.020810646222480522,0.14956276676253488,-0.3463490181917237
136.914165895,-0.021266218134278425,0.1503742494672564,-0.3463742944467434
136.96677249,-0.021266218134278425,0.15037424946725547,-0.3463742944467416
137.01470445200002,-0.02115786954254234,0.15157763104199878,-0.34638953986735643
137.064382419,-0.02115786954254209,0.15157763104199792,-0.34638953986735643
137.113656956,-0.02165147502710313,0.1524686010704568,-0.34641658826745925
137.16279954200002,-0.021651475027103073,0.15246860107045726,-0.34641658826745747
137.216704729,-0.022028579697684847,0.1535611387770282,-0.3464432612147448
137.261829736,-0.022028579697685152,0.15356113877702898,-0.346443261214743
137.31175679100002,-0.022642298249362702,0.15428516192336078,-0.3464712518661166
137.361663475,-0.022642298249362647,0.15428516192336128,-0.3464712518661184
137.41298081300002,-0.02329002658094642,0.1551843899430055,-0.34650422554168614
137.462283074,-0.023290026580946116,0.15518438994300576,-0.3465042255416879
137.512603133,-0.023756822089491203,0.15594874263035258,-0.34652881238103816
137.562329825,-0.023756822089491064,0.15594874263035235,-0.34652881238103994
137.61245466900002,-0.024043712739522938,0.15668620407703238,-0.34654805832349034
137.66234450000002,-0.024043712739524326,0.15668620407703135,-0.3465480583234868
137.712620835,-0.024325743140704348,0.15720437266954176,-0.34656313106417613
137.762511611,-0.024325743140703404,0.15720437266954163,-0.34656313106417613
137.812473853,-0.024807836747170686,0.1578546043745935,-0.34658904060925977
137.86252349100002,-0.024807836747170964,0.15785460437459345,-0.3465890406092633
137.913476642,-0.025308522498829894,0.15849478208162118,-0.346615728621364
137.963433552,-0.02530852249883106,0.15849478208162174,-0.3466157286213658
138.013475375,-0.026002280997575816,0.1589501271135248,-0.346644398447987
138.063402876,-0.02600228099757715,0.15895012711352458,-0.3466443984479888
138.113407751,-0.02661385243152975,0.15937749036385604,-0.346669112286941
138.163408349,-0.026613852431528334,0.15937749036385537,-0.3466691122869445
138.213500563,-0.026923865221463172,0.1599377532866903,-0.34668685447506853
138.26335357800002,-0.026923865221462395,0.15993775328668922,-0.34668685447506675
138.3134522,-0.027224834233495393,0.16045926182387701,-0.3467032434871751
138.363347995,-0.027224834233495532,0.16045926182387688,-0.34670324348717685
138.413433079,-0.027697674725007476,0.1610765927880326,-0.3467276408869697
138.463307985,-0.027697674725006394,0.1610765927880326,-0.34672764088696617
138.513371253,-0.02846564646520247,0.16148311234203577,-0.3467578182675908
138.563356368,-0.02846564646520175,0.16148311234203708,-0.3467578182675908
138.61345132300002,-0.029091881438111672,0.16193650931010928,-0.34678504645761343
138.663296745,-0.029091881438110118,0.16193650931011053,-0.34678504645761166
138.713372643,-0.02934159399570596,0.16244129056019443,-0.3467996221130356
138.76335024000002,-0.02934159399570474,0.16244129056019418,-0.34679962211303383
138.813405082,-0.02955627000745223,0.16280669675675347,-0.34680829491214205
138.863497649,-0.029556270007452423,0.16280669675675344,-0.34680829491214027
138.914349851,-0.029982232048754553,0.16297130600922308,-0.346821804805046
138.96436217200002,-0.029982232048754165,0.16297130600922344,-0.34682180480504776
139.01434960400002,-0.03022508277566155,0.16323207257172245,-0.34683031886054927
139.06434227600002,-0.030225082775662215,0.16323207257172062,-0.34683031886054927
139.11433378200002,-0.03042155961007026,0.16357557953485116,-0.34684033299686057
139.164351659,-0.030421559610068954,0.16357557953485025,-0.34684033299686057
139.214335239,-0.030819198184251745,0.16408689640218496,-0.3468608370670818
139.264286594,-0.030819198184251967,0.16408689640218477,-0.34686083706708004
139.314319769,-0.031135715123816826,0.16441228150631526,-0.3468729895402536
139.365309738,-0.031135715123816604,0.16441228150631576,-0.3468729895402536
139.41534474600002,-0.032090770454507284,0.16488945722100806,-0.34691201908941594
139.465495964,-0.03209077045450606,0.16488945722100803,-0.34691201908941594
139.516122395,-0.033086158806998944,0.16527882501530922,-0.34695075885142757
139.565377359,-0.03308615880699953,0.16527882501530844,-0.34695075885142934
139.615335937,-0.033277978475619,0.16542636463074897,-0.34696078722242696
139.66529883,-0.033277978475618725,0.16542636463074958,-0.34696078722242696
139.71544299200002,-0.03398435921658796,0.16558604043281858,-0.34698669336759735
139.765534892,-0.03398435921658896,0.1655860404328175,-0.3469866933675938
139.81541039200002,-0.034355767227602724,0.16561077365788737,-0.34699940531335827
139.86560261300002,-0.03435576722760214,0.1656107736578869,-0.34699940531335294
139.91645431700002,-0.034693949875367336,0.16550362683042297,-0.3470086580092939
139.966395635,-0.03469394987536767,0.16550362683042147,-0.3470086580092939
140.015336972,-0.035053845642256665,0.16526099638092318,-0.34701793445776197
140.065311385,-0.035053845642256776,0.1652609963809232,-0.34701793445776374
140.115410953,-0.03533089441503487,0.1650737253029369,-0.347026513752672
140.165315714,-0.03533089441503459,0.16507372530293665,-0.34702651375267024
140.216085413,-0.03577464042501191,0.16468972407509452,-0.3470361221905556
140.26560748600002,-0.035774640425010246,0.16468972407509497,-0.3470361221905538
140.315757668,-0.03589821146619948,0.16405137945817094,-0.3470303645911965
140.365444972,-0.035898211466200425,0.16405137945817125,-0.3470303645911965
140.415360512,-0.03592077853525333,0.16341364175073095,-0.3470217488176761
140.466304443,-0.03592077853525319,0.16341364175073098,-0.3470217488176779
140.516357934,-0.03658306499494007,0.16294977047274004,-0.34703911169337687
140.566298901,-0.0365830649949411,0.16294977047274023,-0.34703911169337687
140.61633435500002,-0.03661820691254536,0.16232030909268902,-0.34703291584845
140.666433923,-0.03661820691254539,0.16232030909268857,-0.34703291584845
140.716355574,-0.03660393884907187,0.16130761003817,-0.3470173955701874
140.766352007,-0.03660393884907118,0.1613076100381704,-0.3470173955701892
140.816313605,-0.03639982436258701,0.1605180453620244,-0.3470024537564971
140.866286667,-0.0363998243625884,0.1605180453620241,-0.34700245375650063
140.916296361,-0.03642560129071712,0.15970795519620912,-0.346993905249418
140.967485159,-0.036425601290717785,0.15970795519621112,-0.34699390524941975
141.017318528,-0.036603639230830515,0.15881861142464437,-0.34698898453731175
141.06742570900002,-0.03660363923083074,0.1588186114246458,-0.34698898453731175
141.117341342,-0.03693889722585697,0.15797455876113276,-0.3469897998988323
141.167318145,-0.036938897225858136,0.15797455876113295,-0.3469897998988305
141.21732469100002,-0.03671067415788065,0.1569160945584063,-0.34696943750795306
141.26731951300002,-0.036710674157881346,0.15691609455840552,-0.34696943750795306
141.31733920800002,-0.03657001985607233,0.15556997248575866,-0.3469458463238819
141.366312566,-0.0365700198560725,0.155569972485757,-0.3469458463238837
141.41734555800002,-0.03640310591851392,0.15431125180117017,-0.34692445636607516
141.467286341,-0.0364031059185142,0.15431125180117133,-0.34692445636607516
141.51735263,-0.036629011053315674,0.15361823099366773,-0.34692786493294037
141.56730958100002,-0.036629011053316396,0.15361823099366673,-0.3469278649329386
141.617312015,-0.0371162123744756,0.15314208432734938,-0.3469444728048803
141.667301374,-0.03711621237447593,0.15314208432734877,-0.3469444728048803
141.717330588,-0.037075422585131634,0.1523567826982558,-0.3469391166128126
141.76729496500002,-0.037075422585133244,0.15235678269825603,-0.34693911661281085
141.817299455,-0.03756387232254821,0.15116080812722554,-0.34693953179411174
141.86736637500002,-0.03756387232254857,0.15116080812722504,-0.3469395317941153
141.918437352,-0.03786168762419384,0.15060786513812074,-0.3469480119596149
141.968306891,-0.03786168762419391,0.1506078651381199,-0.34694801195961666
142.01830632600002,-0.037589731537607335,0.14988059917433355,-0.34693598645929846
142.068354061,-0.03758973153760703,0.14988059917433477,-0.34693598645929846
142.118317197,-0.03670779241389386,0.146380879332285,-0.34684874599721205
142.16829928,-0.03670779241389299,0.1463808793322861,-0.3468487459972138
142.218287566,-0.03582025281075116,0.14296237742079815,-0.34676108114099513
142.268306021,-0.03582025281075274,0.14296237742079743,-0.3467610811409969
142.318328476,-0.03646153726383616,0.14136888486680732,-0.3467585057958491
142.368321559,-0.036461537263836497,0.14136888486680665,-0.3467585057958491
142.418307808,-0.03765796535087049,0.14079526221049465,-0.34679394753938375
142.469451252,-0.03765796535087078,0.140795262210494,-0.3467939475393873
142.519301809,-0.038501900694095495,0.13948005508098443,-0.34680636193974124
142.56930165100002,-0.03850190069409634,0.13948005508098588,-0.3468063619397448
142.619308976,-0.040653994897136725,0.13798609613395588,-0.34684928159250816
142.669497718,-0.040653994897137335,0.13798609613395474,-0.3468492815925064
142.71931562400002,-0.04052775148943327,0.13833964743119698,-0.34686369002208295
142.76829068700002,-0.040527751489433994,0.13833964743119664,-0.3468636900220847
142.81831314200002,-0.04162306827959106,0.13808865549519828,-0.34690321436315585
142.86829254,-0.04162306827959139,0.13808865549519841,-0.34690321436315585
142.918307107,-0.043406803126757876,0.13638176993193635,-0.3469321314639515
142.969283506,-0.0434068031267586,0.13638176993193543,-0.34693213146394797
143.019296757,-0.044525575257011285,0.13523954692621531,-0.3469537036280439
143.069309694,-0.044525575257011174,0.13523954692621565,-0.3469537036280439
143.11930563,-0.04575593898493052,0.13521816105206402,-0.34700131731830197
143.169290769,-0.04575593898493091,0.13521816105206522,-0.3470013173183055
143.219319133,-0.04721277986935185,0.1359561107983689,-0.3470707819965284
143.26932257,-0.04721277986935157,0.13595611079836942,-0.34707078199652486
143.319311727,-0.04816505527531634,0.1357526578847405,-0.34710594812614737
143.369307756,-0.04816505527531567,0.13575265788473861,-0.3471059481261509
143.41930121,-0.04910688584323569,0.13619227424941777,-0.3471536476057864
143.469378873,-0.04910688584323675,0.1361922742494171,-0.34715364760578815
143.520730664,-0.04951903586650941,0.13749092285132294,-0.3472029051804437
143.570489012,-0.04951903586650852,0.13749092285132308,-0.3472029051804455
143.620908046,-0.05151582252947229,0.13808827283827532,-0.3472827651258221
143.67040069400002,-0.05151582252947162,0.13808827283827574,-0.34728276512582035
143.720293754,-0.05140117241921094,0.1387178835214321,-0.34730238831762605
143.770417142,-0.051401172419210495,0.13871788352143127,-0.34730238831762605
143.820288145,-0.051289582244721466,0.13813973544985073,-0.3472971196615813
143.870288786,-0.05128958224471947,0.1381397354498507,-0.3472971196615795
143.92160335300002,-0.05256261609300927,0.14117694843428621,-0.3474031072766479
143.970340682,-0.05256261609301027,0.14117694843428671,-0.3474031072766479
144.020320007,-0.0530496324938437,0.14272753479724457,-0.3474555367661001
144.070316092,-0.053049632493844534,0.1427275347972447,-0.34745553676610186
144.120302621,-0.05634895139203827,0.1429979643786582,-0.3475639657167342
144.170404416,-0.05634895139203802,0.14299796437865772,-0.3475639657167324
144.220316997,-0.060276771868726486,0.1423507560746043,-0.34767140761411675
144.270297303,-0.06027677186872732,0.14235075607460368,-0.34767140761411675
144.32032026000002,-0.0651912647488806,0.14224166056146742,-0.3478163266232972
144.37030993800002,-0.06519126474888193,0.14224166056146811,-0.3478163266232954
144.421304431,-0.06823806742809868,0.14502854394362583,-0.3479659540997666
144.471418319,-0.06823806742809901,0.1450285439436275,-0.3479659540997613
144.521312306,-0.0764263357327305,0.14604107169697228,-0.348227485827433
144.57130731700002,-0.07642633573272897,0.14604107169697236,-0.34822748582743124
144.621290568,-0.07896004790350158,0.15235249753531155,-0.34842954345849364
144.671350676,-0.07896004790350228,0.15235249753531127,-0.3484295434584972
144.721303795,-0.08389651860046546,0.1612173026468025,-0.348751214187347
144.771316696,-0.08389651860046582,0.16121730264680226,-0.348751214187347
144.82134576500002,-0.08379930981995251,0.1681261286275019,-0.3488868794534099
144.871418319,-0.08379930981995247,0.16812612862750306,-0.3488868794534099
144.921892062,-0.0882617593809949,0.17242879499641608,-0.3491042951290293
144.973663452,-0.08826175938099454,0.17242879499641758,-0.3491042951290275
145.02229238700002,-0.09653258409929344,0.1757445524722237,-0.3494126950169196
145.072537469,-0.0965325840992941,0.1757445524722247,-0.3494126950169196
145.12227970700002,-0.10130052320180763,0.18293272809148664,-0.3496951024109194
145.17142846800002,-0.10130052320180688,0.18293272809148825,-0.3496951024109194
145.22131612200002,-0.10169982847285566,0.19207797428532436,-0.3498895346587343
145.271313134,-0.10169982847285614,0.19207797428532503,-0.3498895346587325
145.32129579300002,-0.11041193882119377,0.19739978711624173,-0.35024789207568574
145.371371477,-0.11041193882119574,0.1973997871162404,-0.3502478920756875
145.42248747800002,-0.11546681750911718,0.20444288944485642,-0.3505334826321551
145.472727263,-0.11546681750911764,0.20444288944485586,-0.3505334826321569
145.522320345,-0.119494913418799,0.20988053413019545,-0.35075974280935185
145.572670303,-0.11949491341879975,0.20988053413019442,-0.3507597428093501
145.622326759,-0.1246958305331774,0.21604657838509214,-0.3510341452609165
145.672687625,-0.12469583053317762,0.21604657838509353,-0.3510341452609147
145.722296727,-0.1302543964255395,0.22192180204635822,-0.3513123392356796
145.77255556900002,-0.13025439642554015,0.22192180204635892,-0.3513123392356796
145.822324365,-0.13291291940879726,0.22818169601598787,-0.35151342293874954
145.872742735,-0.13291291940879665,0.2281816960159886,-0.35151342293874954
145.92230865000002,-0.1384220395648708,0.23351670805206481,-0.35177821202094606
145.97270500000002,-0.13842203956487106,0.23351670805206476,-0.35177821202094783
146.023322697,-0.14241628085205263,0.2411876456581843,-0.3520455037129899
146.07343530900002,-0.14241628085205357,0.24118764565818496,-0.3520455037129935
146.12329285200002,-0.1410045383541497,0.2563214462500055,-0.3523059197765157
146.173434688,-0.14100453835415105,0.25632144625000375,-0.3523059197765175
146.223388865,-0.1404390257920793,0.26164457495482485,-0.3523994115664646
146.27342180600002,-0.1404390257920783,0.26164457495482346,-0.3523994115664646
146.323331759,-0.1327994113062755,0.2659240041234517,-0.3522687505291291
146.373417889,-0.13279941130627523,0.265924004123453,-0.35226875052913265
146.423407994,-0.11273334331396476,0.2784039293191753,-0.35194040776855395
146.474354968,-0.11273334331396496,0.2784039293191768,-0.35194040776855395
146.52428207,-0.11033074655207778,0.2911925080337495,-0.3521305412895632
146.574374218,-0.11033074655207754,0.2911925080337493,-0.35213054128956145
146.624336933,-0.10791895501477757,0.2962157115600135,-0.352169082758067
146.673468546,-0.10791895501477844,0.296215711560015,-0.352169082758067
146.72328106700002,-0.11279216485751045,0.30446853882837704,-0.35247659087173133
146.773415144,-0.11279216485751109,0.30446853882837854,-0.35247659087172956
146.823680413,-0.11033701410357655,0.3085046559616558,-0.35249193160069225
146.873710485,-0.11033701410357771,0.30850465596165627,-0.35249193160069225
146.92344891000002,-0.11402574778946536,0.3135295606724922,-0.35270237223863354
146.974627899,-0.11402574778946661,0.31352956067249205,-0.35270237223863177
147.024331452,-0.10668035370753368,0.31782797805254404,-0.35257593754221617
147.074354449,-0.10668035370753445,0.31782797805254503,-0.35257593754221617
147.124274404,-0.11023251033617909,0.32124977276577177,-0.35275348166419285
147.17435260800002,-0.11023251033617712,0.32124977276577193,-0.35275348166419107
147.224330954,-0.10716665854548961,0.3267603545200607,-0.35277888077909303
147.27438793500002,-0.1071666585454881,0.32676035452005964,-0.35277888077909303
147.32430301800002,-0.11705697271564691,0.33376036239866536,-0.3532056848132843
147.374377778,-0.11705697271564575,0.33376036239866613,-0.3532056848132843
147.42437403300002,-0.11703596733105989,0.3372253380830137,-0.3532795389324388
147.475594709,-0.11703596733106089,0.3372253380830131,-0.3532795389324388
147.525332875,-0.11662462981803626,0.3403090164842197,-0.3533345182937673
147.575339168,-0.11662462981803895,0.34030901648421946,-0.3533345182937655
147.62527966000002,-0.11822975463011343,0.3446474909354104,-0.3534712482817106
147.675432054,-0.11822975463011387,0.34464749093541164,-0.3534712482817124
147.725320339,-0.11726319299998311,0.3489979435707165,-0.35353452753976455
147.775336688,-0.11726319299998175,0.3489979435707163,-0.3535345275397628
147.82531648,-0.11971257173180863,0.35576457087022967,-0.3537429537462202
147.87538083200002,-0.11971257173181062,0.355764570870229,-0.3537429537462238
147.926297584,-0.11999780132043836,0.3604395165760114,-0.3538483127659706
147.975395049,-0.11999780132043718,0.3604395165760116,-0.3538483127659706
148.025317986,-0.12110371611400139,0.36358489193997,-0.353948202257623
148.07542680400002,-0.12110371611400042,0.3635848919399695,-0.35394820225762125
148.125356519,-0.1266095611245358,0.37048289578345184,-0.35424359462984967
148.175342311,-0.1266095611245349,0.37048289578345267,-0.3542435946298479
148.225279805,-0.1268419784221897,0.3746644715331311,-0.3543366420259364
148.27550316600002,-0.12684197842219025,0.3746644715331312,-0.3543366420259382
148.325316375,-0.12934599053264678,0.37955659844264433,-0.3545096806152941
148.37538482000002,-0.1293459905326463,0.37955659844264517,-0.3545096806152923
148.42631211,-0.1298135248240242,0.3849079778083988,-0.3546291194797053
148.476399093,-0.1298135248240252,0.3849079778084001,-0.3546291194797053
148.526332142,-0.13615342593090982,0.38886272121398424,-0.3548939731641596
148.57635402900002,-0.13615342593091018,0.38886272121398324,-0.35489397316416316
148.626292726,-0.13772471282232732,0.3938344328226109,-0.35503802656283057
148.676394284,-0.13772471282232823,0.3938344328226111,-0.3550380265628288
148.72633896300002,-0.14031232047935926,0.39591113808662604,-0.3551567287318189
148.776458004,-0.1403123204793593,0.3959111380866267,-0.35515672873181714
148.826346088,-0.14146188608739516,0.39795717503223976,-0.35523294332393185
148.87634677100002,-0.14146188608739535,0.3979571750322393,-0.3552329433239336
148.927305582,-0.14216083960086948,0.4030630658138844,-0.3553558921176716
148.977641284,-0.1421608396008718,0.40306306581388557,-0.35535589211767515
149.02731089300002,-0.14860453290226197,0.404899602927252,-0.3555811029840221
149.07742376800002,-0.14860453290226192,0.4048996029272505,-0.35558110298402035
149.127318612,-0.15103920442724578,0.4045948415485938,-0.3556506729886646
149.17733659200002,-0.15103920442724642,0.4045948415485933,-0.3556506729886646
149.22726217800002,-0.15344207960046002,0.4056614669065147,-0.3557443295239313
149.277391332,-0.1534420796004612,0.4056614669065151,-0.3557443295239313
149.326370994,-0.15411298985665248,0.4107375922748965,-0.35586622395278233
149.37651335200002,-0.15411298985665317,0.41073759227489737,-0.35586622395278766
149.427449496,-0.15449374198064314,0.41119067381089336,-0.3558897165463524
149.477325431,-0.15449374198064217,0.4111906738108947,-0.3558897165463559
149.527372969,-0.15586889379672642,0.41035136373991565,-0.35591872601210817
149.577356595,-0.15586889379672578,0.4103513637399146,-0.35591872601210817
149.627288478,-0.15745289688128686,0.4122446026182844,-0.356003071084098
149.677382333,-0.15745289688128622,0.41224460261828544,-0.35600307108410156
149.727322272,-0.1618847480981921,0.4158027777771697,-0.3562016558296808
149.777480946,-0.16188474809819348,0.415802777777169,-0.356201655829679
149.827327324,-0.1617634413823097,0.41843958768208894,-0.3562519632035066
149.877344213,-0.16176344138230933,0.41843958768208905,-0.3562519632035066
149.92731732200002,-0.16722067242337602,0.42024702550714854,-0.3564465626831055
149.978308303,-0.16722067242337635,0.42024702550714815,-0.3564465626831055
150.028329414,-0.16697254832079,0.42104114570596757,-0.3564572365702592
150.078320227,-0.16697254832078945,0.42104114570596773,-0.3564572365702592
150.128349487,-0.16747217105687617,0.42126748457221924,-0.35647838181373004
150.178839162,-0.1674721710568765,0.4212674845722202,-0.3564783818137318
150.228466047,-0.1681520767274695,0.4236100800316723,-0.3565456254339292
150.278617629,-0.16815207672746862,0.42361008003167255,-0.356545625433931
150.328368669,-0.16985324873432925,0.42534375853443385,-0.35663081875518543
150.37835176000002,-0.1698532487343287,0.42534375853443446,-0.35663081875518365
150.42840337200002,-0.17209775830299112,0.42632474837687157,-0.35671482204806537
150.47935403600002,-0.17209775830298954,0.4263247483768712,-0.3567148220480618
150.529321404,-0.1716449900048559,0.4264416335259965,-0.3567072653758636
150.579336348,-0.17164499000485567,0.4264416335259973,-0.35670726537586184
150.62929745600002,-0.17198806392604893,0.4294788817232929,-0.3567757684047823
150.679362125,-0.1719880639260477,0.42947888172329196,-0.3567757684047841
150.72934566,-0.17692310131105066,0.4288138727210291,-0.35690632104373776
150.779342511,-0.17692310131105082,0.42881387272102894,-0.35690632104373954
150.829338825,-0.17875832389314594,0.43015674354126177,-0.35698510188106347
150.878510908,-0.1787583238931469,0.4301567435412616,-0.3569851018810617
150.928395364,-0.17897460620754152,0.43218071712971623,-0.35703050950932713
150.97851763,-0.17897460620754102,0.43218071712971706,-0.35703050950932536
151.029359715,-0.18009777368196123,0.43093813743908677,-0.35704192169735727
151.079301119,-0.1800977736819623,0.4309381374390873,-0.35704192169735727
151.12934573200002,-0.18357808284382227,0.43180698646739246,-0.3571603002886867
151.179366085,-0.183578082843823,0.43180698646739324,-0.3571603002886885
151.22928947,-0.1843547075173001,0.43103652752733435,-0.357170496964617
151.279351807,-0.1843547075173017,0.431036527527335,-0.357170496964617
151.329345251,-0.18594292109439642,0.4314346476616,-0.35722493397046584
151.37932349000002,-0.1859429210943941,0.4314346476616,-0.35722493397046584
151.429288414,-0.18864090088242969,0.4306838278012168,-0.3572901085008233
151.479344658,-0.18864090088242996,0.43068382780121617,-0.3572901085008233
151.530362123,-0.18876423702660666,0.43131776716664727,-0.3573065468316283
151.580344233,-0.18876423702660544,0.43131776716664766,-0.3573065468316283
151.630305249,-0.18927657088081573,0.4323033661689195,-0.3573402642949741
151.680294156,-0.18927657088081618,0.4323033661689204,-0.3573402642949741
151.730339232,-0.1905634628038691,0.4316122767223147,-0.35736389616954334
151.780373975,-0.1905634628038687,0.4316122767223147,-0.3573638961695451
151.830286341,-0.19093949516595093,0.43203598891264705,-0.3573847016700977
151.880415682,-0.19093949516595082,0.43203598891264855,-0.3573847016700977
151.93035481,-0.19277723558633647,0.43144656158194455,-0.3574272049305005
151.98132312500002,-0.19277723558633741,0.43144656158194467,-0.3574272049305005
152.031342905,-0.19477722656166857,0.43171439665751965,-0.35748974819378176
152.080321329,-0.19477722656166735,0.4317143966575196,-0.3574897481937853
152.130400853,-0.1969034973684003,0.43179945337194026,-0.3575536731204725
152.180331257,-0.19690349736840151,0.4317994533719407,-0.35755367312047426
152.230321721,-0.19699669073272685,0.4311515215706473,-0.3575440556215721
152.280306962,-0.19699669073272585,0.43115152157064696,-0.3575440556215739
152.330459267,-0.19900683326814272,0.43048141064983425,-0.3575888622131913
152.380420877,-0.19900683326814328,0.4304814106498348,-0.3575888622131931
152.430294075,-0.1998917808353502,0.4312284316216126,-0.3576286212966515
152.48138699,-0.19989178083535047,0.4312284316216112,-0.3576286212966515
152.531331728,-0.20146973451239025,0.43162083540924095,-0.3576821026006449
152.58133747000002,-0.20146973451238998,0.43162083540924057,-0.3576821026006467
152.631320692,-0.20323795352733348,0.4304622439179224,-0.3577113822482225
152.681296284,-0.20323795352733265,0.4304622439179234,-0.3577113822482243
152.731440886,-0.20257768808106313,0.43038101943811513,-0.35769080812014487
152.781369068,-0.2025776880810622,0.4303810194381139,-0.35769080812014487
152.831297455,-0.20412026400364397,0.429698122532422,-0.3577215213977034
152.881518599,-0.2041202640036428,0.4296981225324219,-0.3577215213977052
152.93139255600002,-0.20475032011853445,0.4306095684158005,-0.3577570893029094
152.982421191,-0.20475032011853322,0.43060956841580056,-0.3577570893029094
153.03245523200002,-0.20602425765304594,0.43070171489311404,-0.3577960427726534
153.08230672500002,-0.20602425765304644,0.4307017148931147,-0.357796042772657
153.132411881,-0.20691188439739155,0.4309334602853237,-0.3578261659036368
153.182330712,-0.2069118843973905,0.43093346028532387,-0.35782616590363503
153.232497427,-0.207351621159235,0.431202721565324,-0.35784445898526407
153.28231932600002,-0.2073516211592361,0.43120272156532424,-0.35784445898526585
153.332655866,-0.20826270112641898,0.4305900106431635,-0.3578579273512794
153.38234642400002,-0.20826270112642054,0.430590010643162,-0.3578579273512812
153.432548252,-0.20999981927459643,0.4300628100607939,-0.35789616099569876
153.484834866,-0.20999981927459554,0.4300628100607929,-0.35789616099570054
153.532796456,-0.21105341452520343,0.43060651429942015,-0.35793594966059494
153.584262689,-0.21105341452520404,0.4306065142994213,-0.35793594966059317
153.63295285700002,-0.2111806072295574,0.43070257652108546,-0.3579411657225968
153.682597895,-0.21118060722955734,0.4307025765210854,-0.3579411657225986
153.73241268200002,-0.21196276906636058,0.4296651572634611,-0.3579435707158769
153.782454409,-0.21196276906636047,0.42966515726346044,-0.3579435707158751
153.83266071900002,-0.2123896723131728,0.4301341273640589,-0.35796472421879955
153.882485342,-0.21238967231317257,0.43013412736405776,-0.35796472421879777
153.932596944,-0.2120800547573925,0.43080505229593347,-0.35796890147651794
153.98244288200002,-0.2120800547573931,0.4308050522959335,-0.35796890147651617
154.03344273800002,-0.21261097705431592,0.43074201304027593,-0.35798241191975855
154.083534469,-0.21261097705431292,0.43074201304027704,-0.35798241191975855
154.133364907,-0.21334948227893175,0.4316257603458603,-0.3580206528477099
154.183298887,-0.2133494822789327,0.4316257603458613,-0.3580206528477081
154.23341234100002,-0.21311475381250644,0.4313745206769659,-0.35800783998292296
154.28345510600002,-0.21311475381250544,0.43137452067696636,-0.35800783998292296
154.33367626900002,-0.21353151360935785,0.4314134227398261,-0.3580188807035327
154.38327512,-0.21353151360935718,0.43141342273982586,-0.3580188807035327
154.43340029700002,-0.21413235891735893,0.4322351525057522,-0.35805103669907723
154.483669055,-0.2141323589173585,0.4322351525057516,-0.358051036699079
154.534463678,-0.2142775994373436,0.4333550222496865,-0.3580766113708247
154.584275318,-0.2142775994373454,0.4333550222496859,-0.3580766113708247
154.634342436,-0.2144492576805462,0.43269727788506995,-0.3580672578855495
154.68445909300002,-0.21444925768054618,0.43269727788506973,-0.3580672578855477
154.73439372200002,-0.21498914443659817,0.4330857271519556,-0.3580892629850645
154.78464818400002,-0.21498914443659842,0.4330857271519559,-0.35808926298506094
154.834357116,-0.21520449467187058,0.4328758249930517,-0.3580896224846999
154.883627708,-0.2152044946718708,0.43287582499305194,-0.35808962248470166
154.933430052,-0.21537842996486903,0.4332007511469352,-0.35809981130476665
154.984426557,-0.21537842996486786,0.433200751146934,-0.35809981130476665
155.034320185,-0.21598744838958017,0.4329393638768748,-0.35811078380858063
155.084655282,-0.21598744838957987,0.432939363876876,-0.35811078380857886
155.134413846,-0.21674547238033326,0.43293638634622594,-0.3581307124536792
155.18428695400002,-0.216745472380332,0.4329363863462259,-0.35813071245367745
155.234399575,-0.21710069951951114,0.4323386693119924,-0.35812737979865084
155.284470657,-0.21710069951951252,0.43233866931199266,-0.35812737979865084
155.334495107,-0.21741608440821591,0.431814252013229,-0.3581247003924517
155.38440299500002,-0.21741608440821514,0.4318142520132287,-0.3581247003924517
155.434331624,-0.21788289205035416,0.43227199371954445,-0.3581451507395226
155.48447824800002,-0.2178828920503546,0.4322719937195459,-0.35814515073952613
155.535395748,-0.21842355599308516,0.43167422449027626,-0.3581478965433291
155.585279431,-0.21842355599308583,0.4316742244902755,-0.3581478965433291
155.635626825,-0.219108405487759,0.4322883778609721,-0.35817832996307963
155.685589419,-0.21910840548775756,0.4322883778609716,-0.3581783299630814
155.73541941300002,-0.21961125483414046,0.43129593295794194,-0.358171362581583
155.785607483,-0.21961125483414046,0.4312959329579438,-0.358171362581583
155.83534260300002,-0.2203227326973618,0.42987476339262615,-0.35816179841585694
155.885532229,-0.22032273269736202,0.42987476339262637,-0.3581617984158587
155.935598886,-0.2207189822111526,0.42934359376054004,-0.35816108402112334
155.98564148600002,-0.22071898221115327,0.42934359376054104,-0.3581610840211251
156.036323067,-0.22125936251826595,0.429208504299093,-0.3581726468176285
156.08643946700002,-0.2212593625182666,0.4292085042990945,-0.3581726468176303
156.136431305,-0.22193737617339915,0.42906566056980894,-0.3581876211425623
156.18528033700002,-0.22193737617339848,0.429065660569808,-0.3581876211425641
156.23549616900002,-0.22262614901261046,0.4285338552833421,-0.35819624734452127
156.285634108,-0.22262614901261069,0.42853385528334315,-0.35819624734452127
156.33546952900002,-0.22383107887032216,0.4283402081547193,-0.35822577102520015
156.38527606000002,-0.22383107887032228,0.42834020815471946,-0.35822577102520015
156.435486966,-0.22515777106167734,0.42746518868737704,-0.35824551097381274
156.485678389,-0.225157771061677,0.4274651886873778,-0.3582455109738145
156.535508125,-0.22578904643808784,0.4264795111779604,-0.3582427552696519
156.58627884,-0.22578904643808817,0.4264795111779618,-0.3582427552696501
156.63633321900002,-0.22606428970723141,0.42520688835803744,-0.35822431040937275
156.686457971,-0.2260642897072329,0.425206888358038,-0.35822431040937097
156.73648364500002,-0.22746955073360253,0.4243993301350826,-0.35824826039246815
156.787538506,-0.22746955073360148,0.42439933013508363,-0.3582482603924646
156.83667961100002,-0.2280634854422181,0.4239706904915949,-0.35825585476679933
156.886739231,-0.22806348544221688,0.4239706904915963,-0.35825585476679933
156.936601451,-0.22835218159662074,0.42357939721497384,-0.3582549347485635
156.986481617,-0.22835218159662185,0.4235793972149739,-0.35825493474856174
157.036324373,-0.22940030990581162,0.42396878744599387,-0.358292251395552
157.086616173,-0.22940030990580973,0.42396878744599376,-0.3582922513955502
157.137665795,-0.23086670263088382,0.4227958982446124,-0.3583103625453923
157.18728379700002,-0.23086670263088255,0.4227958982446113,-0.3583103625453923
157.23742307,-0.23191994209857092,0.41993039763994056,-0.35828217964543185
157.287599512,-0.2319199420985698,0.41993039763994117,-0.35828217964543363
157.33752771800002,-0.23285449027952893,0.41816617391108846,-0.3582720919084128
157.387352695,-0.23285449027952998,0.4181661739110879,-0.35827209190840925
157.437329033,-0.2336161145930507,0.4165027062883079,-0.35825927369088184
157.487687133,-0.23361611459305126,0.41650270628830827,-0.35825927369088184
157.53748699800002,-0.23404261889322336,0.4156928984687217,-0.3582541397931571
157.587292456,-0.23404261889322348,0.41569289846872187,-0.3582541397931589
157.63831539,-0.23508438940461646,0.414865762299523,-0.3582666085878099
157.688533483,-0.23508438940461668,0.41486576229952177,-0.3582666085878081
157.73861475200002,-0.23571766187458565,0.4139239692033948,-0.35826475298107674
157.788541347,-0.23571766187458482,0.4139239692033947,-0.3582647529810803
157.838320396,-0.2362267764009121,0.4134023274273909,-0.35826739518748063
157.888466671,-0.23622677640091216,0.41340232742739014,-0.3582673951874842
157.93776636,-0.2368445103414582,0.41266001206992664,-0.3582688769297917
157.987606876,-0.23684451034145798,0.4126600120699277,-0.3582688769297899
158.037288143,-0.2374578114947616,0.41202901844005435,-0.35827297384890144
158.088736047,-0.23745781149476192,0.41202901844005485,-0.3582729738488979
158.138552377,-0.23776825842780103,0.41147562624609874,-0.3582693946446742
158.188299591,-0.23776825842779975,0.4114756262460975,-0.358269394644676
158.23830091300002,-0.23847741425687108,0.4103577177238439,-0.35826650671320515
158.288504635,-0.2384774142568723,0.4103577177238441,-0.35826650671320337
158.338446194,-0.23909705589389196,0.40980413903374974,-0.35827233634963385
158.38837201200002,-0.2390970558938924,0.4098041390337496,-0.35827233634963207
158.438316571,-0.23950034350541194,0.4092755915408993,-0.3582723819971747
158.488576574,-0.23950034350541005,0.4092755915408993,-0.3582723819971765
158.53859117500002,-0.2399787405651172,0.4088759743041693,-0.3582772314320799
158.58927162700002,-0.2399787405651176,0.4088759743041701,-0.3582772314320781
158.639326989,-0.2403834610225063,0.40912571869130443,-0.3582930189283893
158.689504692,-0.24038346102250674,0.40912571869130393,-0.3582930189283875
158.73958753600002,-0.24071815175009792,0.4088050208044669,-0.358295322830271
158.789507335,-0.24071815175009814,0.4088050208044653,-0.35829532283026744
158.839302387,-0.24135599381652934,0.4074302048274442,-0.3582852326691146
158.889679712,-0.24135599381652978,0.40743020482744435,-0.3582852326691146
158.940029406,-0.24183227416934483,0.40690131802055257,-0.3582877263977
158.98949118000002,-0.24183227416934294,0.4069013180205532,-0.3582877263977
159.039318697,-0.24216837488027,0.4056541385135371,-0.35827160128037505
159.089707597,-0.242168374880269,0.40565413851353876,-0.35827160128037505
159.13949263,-0.24256199887056107,0.4046815286016242,-0.35826277459500133
159.189298052,-0.2425619988705623,0.4046815286016232,-0.35826277459499956
159.239320636,-0.2428315748030757,0.4041757674180328,-0.35825976521908665
159.28931482800002,-0.2428315748030757,0.4041757674180318,-0.35825976521908665
159.33943563900002,-0.2430981430140957,0.40335286705940004,-0.35825022907177306
159.38931369600002,-0.2430981430140966,0.4033528670593997,-0.35825022907177306
159.43940463500002,-0.24345672847852118,0.4018540452194469,-0.3582299732193661
159.48938667800002,-0.2434567284785198,0.4018540452194473,-0.3582299732193679
159.53929173600002,-0.24375222097397056,0.40062067108854543,-0.35821315557401867
159.589322487,-0.24375222097396806,0.40062067108854466,-0.35821315557401867
159.640365147,-0.2440042159187112,0.3997043580325922,-0.35820134949253735
159.690353006,-0.2440042159187103,0.3997043580325914,-0.35820134949253735
159.740497077,-0.24417820403895624,0.39867502584286274,-0.35818547943045864
159.790484714,-0.24417820403895674,0.3986750258428625,-0.35818547943045687
159.840407774,-0.24440099331814943,0.39756470092536433,-0.35816906063083565
159.890276516,-0.2444009933181489,0.397564700925364,-0.35816906063083565
159.940362437,-0.24452711727896242,0.3966590150162828,-0.35815378165740874
159.990304183,-0.2445271172789627,0.39665901501628253,-0.35815378165740874
160.04032395200002,-0.24463968507381034,0.39526967220206327,-0.3581288386982173
160.092383726,-0.2446396850738094,0.3952696722020626,-0.3581288386982191
160.14154111300002,-0.2447562275060401,0.39429076133012053,-0.358112043512234
160.191547863,-0.24475622750603965,0.3942907613301199,-0.3581120435122358
160.24142223500002,-0.24482681273037993,0.39286299292909577,-0.35808516689141356
160.29139565,-0.24482681273037998,0.39286299292909627,-0.35808516689141534
160.341331674,-0.24484523330904712,0.3920792764680975,-0.35806924594370493
160.391563362,-0.24484523330904762,0.39207927646809887,-0.35806924594370493
160.441469884,-0.24485894217515947,0.3909234335928026,-0.35804605445540894
160.491860397,-0.24485894217516024,0.39092343359280335,-0.35804605445540716
160.540370802,-0.24482939362268397,0.3902043503918436,-0.358030359698013
160.590318419,-0.2448293936226848,0.39020435039184315,-0.3580303596980112
160.640316984,-0.24469162109097664,0.3888244347700317,-0.35799886769219746
160.691610677,-0.2446916210909762,0.3888244347700312,-0.3579988676921957
160.74159818500002,-0.24449178508293412,0.387534727709767,-0.3579673146351414
160.79161584300002,-0.24449178508293457,0.3875347277097668,-0.3579673146351414
160.841397118,-0.24434784973003432,0.38671970796288313,-0.35794613803977526
160.891321198,-0.2443478497300331,0.3867197079628839,-0.35794613803977526
160.94127559400002,-0.24442798050332143,0.3861814546139875,-0.3579367010129033
160.991359627,-0.24442798050332037,0.3861814546139871,-0.35793670101289976
161.041307319,-0.2442672075302295,0.38550222875483464,-0.35791847521356956
161.09139987100002,-0.2442672075302283,0.38550222875483325,-0.35791847521356956
161.14130022700002,-0.24404378487619216,0.3851443974494553,-0.3579047076386779
161.19136618500002,-0.2440437848761916,0.3851443974494568,-0.3579047076386779
161.24235510300002,-0.24354365019611246,0.3837868290588931,-0.35786382309009923
161.292378095,-0.24354365019611168,0.3837868290588923,-0.357863823090101
161.342595358,-0.24350053134740707,0.3824591474410951,-0.35783563642163685
161.39259159000002,-0.24350053134740812,0.38245914744109444,-0.3578356364216351
161.44231006500002,-0.24317327276701428,0.3820078333817023,-0.3578168970862734
161.49255957100002,-0.243173272767015,0.38200783338170147,-0.35781689708626985
161.54229456500002,-0.24286929263164664,0.3809150601758733,-0.3577865041101749
161.592487475,-0.24286929263164686,0.3809150601758736,-0.3577865041101749
161.64232236400002,-0.24240706131835366,0.37956588174085026,-0.3577465082525535
161.693457994,-0.242407061318354,0.3795658817408506,-0.3577465082525553
161.743621902,-0.2415805402633508,0.37838499323656144,-0.3576990399609592
161.793469848,-0.24158054026334969,0.3783849932365607,-0.357699039960961
161.842444263,-0.24105640539434242,0.3770469786010525,-0.3576574317351735
161.89354794800002,-0.24105640539434336,0.37704697860105224,-0.3576574317351717
161.94228394200002,-0.24028764537937192,0.37530798542392435,-0.3576014252690065
161.99337108900002,-0.24028764537937236,0.37530798542392557,-0.3576014252690065
162.042312798,-0.23933881079180902,0.3730939824776608,-0.35753100670170923
162.092439205,-0.2393388107918093,0.37309398247766135,-0.357531006701711
162.143328155,-0.23833245212850895,0.37145140002407995,-0.35747003807737165
162.19352414000002,-0.23833245212850818,0.37145140002408117,-0.35747003807737165
162.243299638,-0.23739360371558166,0.3698308911489998,-0.3574118873257266
162.293444787,-0.23739360371558155,0.36983089114900036,-0.35741188732572304
162.34328358500002,-0.23659836416309477,0.3681588231645712,-0.3573569045685989
162.393379305,-0.2365983641630961,0.36815882316457005,-0.3573569045686025
162.443280143,-0.23581868712716225,0.36690977907101063,-0.3573096612092055
162.49336471400002,-0.23581868712716314,0.36690977907100997,-0.3573096612092055
162.543313444,-0.23553450577250667,0.36605360117341434,-0.35728409059991684
162.594341143,-0.2355345057725059,0.36605360117341457,-0.35728409059991684
162.644285373,-0.23477555480627088,0.3648123324460841,-0.3572386180532856
162.694406613,-0.2347755548062716,0.3648123324460843,-0.35723861805328383
162.744426347,-0.23393701628466618,0.36381092324024517,-0.3571950397046688
162.79472365200002,-0.23393701628466484,0.363810923240244,-0.35719503970466704
162.844321419,-0.23267484119325665,0.3621389823163699,-0.357127281744523
162.894394027,-0.2326748411932562,0.3621389823163703,-0.3571272817445248
162.944638701,-0.2317071493003543,0.3605968039639446,-0.3570696218836318
162.994408533,-0.23170714930035397,0.3605968039639444,-0.35706962188363356
163.04428631500002,-0.23075082505341654,0.35915630744815147,-0.3570149454470606
163.09441061200002,-0.23075082505341654,0.3591563074481521,-0.35701494544706414
163.145282581,-0.2298228506988963,0.35791130000352617,-0.3569644638077065
163.194331723,-0.22982285069889646,0.35791130000352434,-0.3569644638077101
163.24431779,-0.22860880697020936,0.35633102264691363,-0.3568997813712276
163.29433965500002,-0.2286088069702094,0.3563310226469134,-0.3568997813712276
163.344290515,-0.2277997479497338,0.3552985171415296,-0.3568567597821346
163.394807816,-0.22779974794973418,0.3552985171415301,-0.35685675978213105
163.444445585,-0.22663359044393072,0.3542763577609538,-0.35680342482295124
163.495632997,-0.22663359044393155,0.35427635776095395,-0.35680342482295124
163.544989213,-0.22571132354773493,0.35287179915483463,-0.35675093894531074
163.594330076,-0.2257113235477342,0.3528717991548352,-0.35675093894531074
163.645291958,-0.22476014873708489,0.3519339788967725,-0.3567056930503796
163.695324693,-0.224760148737085,0.35193397889677264,-0.3567056930503796
163.74548271400002,-0.2237773039658736,0.35091704708927257,-0.3566575235120961
163.795560897,-0.22377730396587364,0.3509170470892719,-0.35665752351209434
163.845301987,-0.22278023882510517,0.34987704632467503,-0.35660932670989354
163.895433007,-0.22278023882510445,0.34987704632467526,-0.3566093267098953
163.945413186,-0.2216479837798812,0.3485488326389402,-0.356552003447149
163.99533576800002,-0.2216479837798817,0.3485488326389407,-0.35655200344715077
164.04525823900002,-0.22058909657499481,0.3476724255453747,-0.3565046815434876
164.09534623800002,-0.2205890965749947,0.3476724255453733,-0.3565046815434858
164.14631836200002,-0.21934181639205724,0.3471173589215524,-0.35645694406491835
164.19633424600002,-0.2193418163920584,0.3471173589215524,-0.35645694406491657
164.246268458,-0.21873450303362396,0.3460945821697909,-0.3564207251853819
164.296375329,-0.21873450303362435,0.3460945821697913,-0.3564207251853837
164.345302892,-0.21767380717962276,0.3454409778677176,-0.3563770659424996
164.39546835800002,-0.21767380717962315,0.34544097786771766,-0.35637706594249785
164.44529225000002,-0.21647146341804924,0.3442541584111137,-0.35631965932319787
164.49539230500002,-0.2164714634180508,0.34425415841111534,-0.3563196593231961
164.545288219,-0.21551099020792752,0.3433863661849915,-0.356275505296491
164.59540499800002,-0.21551099020792708,0.3433863661849908,-0.356275505296491
164.64630524700002,-0.2146703721180152,0.3427117406948766,-0.3562385309947338
164.696323927,-0.2146703721180152,0.34271174069487603,-0.35623853099473735
164.74630092,-0.21447345045336375,0.3420583789437951,-0.35622076657137036
164.79635851,-0.2144734504533648,0.34205837894379604,-0.3562207665713739
164.846339911,-0.2136543479606492,0.34135927804677435,-0.35618383072227644
164.896369705,-0.2136543479606477,0.3413592780467748,-0.35618383072227466
164.946379959,-0.21202260491741087,0.33988394625670443,-0.3561096478016612
164.99632071000002,-0.2120226049174102,0.3398839462567048,-0.35610964780165943
165.046289945,-0.2100532596520583,0.3387005838927216,-0.35603010577791494
165.09733937,-0.21005325965205845,0.3387005838927226,-0.35603010577791494
165.147300992,-0.20899027880140397,0.33741073986183473,-0.355975338703999
165.197334082,-0.2089902788014042,0.3374107398618348,-0.35597533870400255
165.24728575900002,-0.2083686084475065,0.3366880078301578,-0.3559429172042581
165.297322331,-0.20836860844750765,0.3366880078301573,-0.35594291720425986
165.34729399100002,-0.20672871318673552,0.33544082713862394,-0.35587222548879005
165.397352656,-0.20672871318673686,0.3354408271386242,-0.3558722254887918
165.447311352,-0.20525158018829576,0.33417493215587146,-0.35580570291591584
165.497279068,-0.20525158018829576,0.33417493215587124,-0.35580570291591407
165.547289008,-0.2032657796433328,0.3327861507057742,-0.35572293867431704
165.597381008,-0.20326577964333248,0.3327861507057743,-0.35572293867431526
165.648306945,-0.201264721529877,0.3313091264705668,-0.35563709393778886
165.698295273,-0.20126472152987707,0.3313091264705662,-0.3556370939377853
165.74876498,-0.19946822118028207,0.3298276982426881,-0.35555728699635125
165.79830943000002,-0.19946822118028124,0.32982769824268704,-0.35555728699635125
165.848291703,-0.1977400095858084,0.32850595565514545,-0.3554826716991073
165.898357166,-0.19774000958580829,0.32850595565514507,-0.3554826716991055
165.948305215,-0.19512942371633452,0.3269617585017867,-0.35537759906446986
165.99730591300002,-0.19512942371633357,0.32696175850178744,-0.35537759906447164
166.04731716900002,-0.19325359670409203,0.3255104512830036,-0.35529627469227876
166.097414856,-0.1932535967040921,0.3255104512830044,-0.35529627469228053
166.147328625,-0.19125163974666715,0.32402322398859473,-0.355210661343051
166.198295824,-0.19125163974666676,0.3240232239885956,-0.355210661343051
166.248291394,-0.18924820611716736,0.32240923048563275,-0.3551229080756251
166.29832411400002,-0.18924820611716842,0.3224092304856335,-0.35512290807562685
166.348273181,-0.18739251931484602,0.32100190107049503,-0.35504265910734034
166.39834264400002,-0.18739251931484613,0.3210019010704943,-0.35504265910733857
166.44831425,-0.18550087854919983,0.31950503422406523,-0.35495990048259074
166.498312153,-0.1855008785491976,0.31950503422406573,-0.35495990048259074
166.54838406000002,-0.18315245624372406,0.3181011834346065,-0.35486543525929193
166.598410206,-0.18315245624372367,0.3181011834346046,-0.3548654352592937
166.648399702,-0.1809237076055597,0.3167810812992569,-0.35477609435271695
166.698457053,-0.1809237076055606,0.31678108129925636,-0.35477609435271873
166.749674488,-0.1790445237722158,0.3153238864099569,-0.3546948203591782
166.799688652,-0.17904452377221658,0.31532388640995834,-0.35469482035918
166.84969842700002,-0.17684389037718506,0.3138165716350459,-0.35460316886566723
166.899307643,-0.1768438903771844,0.3138165716350458,-0.35460316886566723
166.949300028,-0.1753595693261259,0.312525047610723,-0.3545363865324642
166.999310248,-0.17535956932612523,0.31252504761072175,-0.3545363865324642
167.04936189600002,-0.1730668963900387,0.3112113266731372,-0.35444521310357757
167.099318261,-0.1730668963900388,0.31121132667313595,-0.35444521310357757
167.150396042,-0.17306689639003991,0.3112113266731371,-0.35444521310357757
167.200349017,-0.17306689639003986,0.3112113266731372,-0.3544452131035758
167.24931567800002,-0.17133738843789914,0.31030536732203945,-0.35437706529596014
167.299336565,-0.17133738843789886,0.31030536732204084,-0.35437706529596014
167.349307227,-0.1697685443040982,0.30888213207785176,-0.354305865994089
167.39933511400002,-0.1697685443040985,0.3088821320778526,-0.35430586599408365
167.449296053,-0.16767722661014806,0.3074484289134452,-0.35421825774354865
167.499325663,-0.1676772266101479,0.3074484289134459,-0.3542182577435451
167.54927875,-0.1656484070254189,0.30636367220723754,-0.3541391096928237
167.599362418,-0.16564840702541905,0.30636367220723637,-0.3541391096928237
167.649312283,-0.16344672379254427,0.3050057491927739,-0.3540495382521378
167.699389321,-0.16344672379254266,0.3050057491927746,-0.35404953825214136
167.750270572,-0.16160539746228475,0.3037415488597369,-0.353972617776229
167.800306868,-0.16160539746228508,0.30374154885973803,-0.3539726177762308
167.850377258,-0.1598560555387853,0.30261321202461705,-0.353901549500625
167.90033388400002,-0.15985605553878451,0.30261321202461666,-0.353901549500625
167.950445295,-0.15825489368697637,0.30151607363304134,-0.3538347719192263
168.00031676700002,-0.15825489368697743,0.3015160736330421,-0.35383477191922985
168.050324469,-0.15671347212795855,0.30026157153900634,-0.35376713579347197
168.100331727,-0.15671347212795855,0.30026157153900734,-0.35376713579347374
168.15130052100002,-0.1548951179067744,0.29915644769934424,-0.35369471417958565
168.201320038,-0.15489511790677613,0.2991564476993437,-0.3536947141795874
168.25132416600002,-0.15341555004674717,0.2978602251713609,-0.3536277101649059
168.301312015,-0.15341555004674534,0.2978602251713612,-0.3536277101649059
168.35133940400002,-0.15152486963373268,0.29673271700047177,-0.35355180347188586
168.401283121,-0.15152486963373413,0.29673271700047193,-0.3535518034718841
168.45131202800002,-0.14965484887709385,0.2957258738575467,-0.3534783794625813
168.501317526,-0.1496548488770934,0.2957258738575472,-0.35347837946257954
168.551308338,-0.14824719087249355,0.29433368571153773,-0.353412637719412
168.600307797,-0.14824719087249283,0.29433368571153723,-0.353412637719412
168.651349318,-0.1482471908724926,0.29433368571153873,-0.3534126377194138
168.70130579500002,-0.14824719087249338,0.29433368571153895,-0.3534126377194138
168.75131383000002,-0.14634071292262607,0.29334607689072373,-0.3533386245661436
168.801394684,-0.14634071292262557,0.2933460768907242,-0.3533386245661436
168.85129980800002,-0.1439157645870512,0.29220028893053734,-0.3532464944861573
168.90132503,-0.14391576458705152,0.2922002889305362,-0.3532464944861591
168.951313991,-0.14188689158359014,0.2909723434986841,-0.35316464251981117
169.00133410200002,-0.1418868915835897,0.29097234349868495,-0.3531646425198076
169.05128563600002,-0.1396361110961069,0.2893746068192742,-0.35307139008592436
169.10131121,-0.13963611109610696,0.2893746068192734,-0.35307139008592614
169.151263188,-0.13963611109610613,0.28937460681927424,-0.35307139008592436
169.202322506,-0.13963611109610735,0.28937460681927274,-0.35307139008592436
169.252741584,-0.1379037157506347,0.2876215879255153,-0.35299034192418155
169.302296484,-0.13790371575063493,0.2876215879255161,-0.3529903419241798
169.352496994,-0.13560068697204458,0.28628518186427837,-0.35289956007205703
169.402377653,-0.1356006869720447,0.2862851818642795,-0.3528995600720588
169.452624425,-0.13377599443462485,0.2854996696519131,-0.3528312985066453
169.502452914,-0.1337759944346248,0.2854996696519127,-0.3528312985066435
169.55263760900002,-0.13205816677678195,0.2841397862193603,-0.35275667620049234
169.60229181,-0.1320581667767815,0.28413978621936115,-0.35275667620049056
169.652651644,-0.1293608245761676,0.2830325137902815,-0.3526574134342848
169.702336718,-0.1293608245761681,0.28303251379028055,-0.3526574134342866
169.753391017,-0.12936082457616788,0.2830325137902812,-0.3526574134342866
169.803308197,-0.12936082457616715,0.2830325137902808,-0.3526574134342848
169.85351106000002,-0.12774715811600756,0.28195188006081623,-0.35259097512673954
169.903318549,-0.12774715811600668,0.28195188006081584,-0.35259097512673954
169.953488281,-0.12774715811600745,0.281951880060816,-0.3525909751267413
170.00327076800002,-0.1277471581160075,0.28195188006081573,-0.3525909751267413
170.05580635700002,-0.12618017208617305,0.28085594359299265,-0.35252533457988555
170.102579117,-0.1261801720861721,0.2808559435929922,-0.35252533457989266
170.153536005,-0.12538289255886226,0.28015649177404983,-0.3524876291225354
170.202369605,-0.12538289255886337,0.2801564917740507,-0.3524876291225336
170.253385218,-0.12368818917834529,0.27920613324928745,-0.3524209234694684
170.30330676900002,-0.12368818917834479,0.2792061332492881,-0.3524209234694702
170.353339456,-0.12185013519157839,0.2785410662154191,-0.35235509629016626
170.403304639,-0.12185013519157778,0.27854106621541985,-0.35235509629016626
170.45342555300002,-0.1202066399356097,0.277659785470046,-0.35229079393738694
170.503371087,-0.12020663993560965,0.2776597854700462,-0.35229079393738516
170.553375864,-0.11841197444398271,0.27677360066501255,-0.35222221044544355
170.60329023,-0.11841197444398183,0.2767736006650128,-0.35222221044544355
170.6534187,-0.1163428620005661,0.276229012350803,-0.3521510263290448
170.704329937,-0.1163428620005672,0.27622901235080366,-0.35215102632904305
170.754354568,-0.11480021420540376,0.2753296958080336,-0.35209089364109936
170.80433308500002,-0.11480021420540348,0.2753296958080343,-0.3520908936410958
170.854345475,-0.11391251431459742,0.27447729372992563,-0.35204928069120456
170.90434877200002,-0.1139125143145992,0.27447729372992463,-0.35204928069120633
170.954331031,-0.11391251431459826,0.27447729372992574,-0.3520492806912028
171.004314901,-0.11391251431459892,0.27447729372992485,-0.3520492806912028
171.054362164,-0.11243928194551994,0.27378975398842353,-0.3519935912116523
171.10431325500002,-0.11243928194551955,0.2737897539884218,-0.3519935912116523
171.154340405,-0.11102717197840994,0.2732407402669659,-0.35194131548742114
171.205311776,-0.11102717197840983,0.27324074026696515,-0.35194131548741936
171.254382576,-0.11020926303148221,0.27274457790056195,-0.351908017020385
171.30440448500002,-0.1102092630314831,0.27274457790056206,-0.351908017020385
171.35434183400002,-0.11020926303148265,0.2727445779005615,-0.351908017020385
171.404317037,-0.11020926303148304,0.272744577900561,-0.351908017020385
171.45437320800002,-0.10957792976341119,0.2719680197161065,-0.3518751289627531
171.504331132,-0.1095779297634123,0.27196801971610696,-0.3518751289627531
171.55434137400002,-0.10957792976341185,0.2719680197161078,-0.3518751289627513
171.60433081800002,-0.10957792976341207,0.2719680197161066,-0.35187512896275663
171.65535447000002,-0.10813511698505514,0.2714765519266215,-0.3518237080460658
171.70532808000002,-0.10813511698505504,0.2714765519266227,-0.3518237080460658
171.755323266,-0.10728533765823495,0.27062795482064655,-0.3517840544553561
171.80557068800002,-0.1072853376582385,0.27062795482064633,-0.3517840544553579
171.855363197,-0.10631726424143137,0.27009078728563446,-0.3517469647271767
171.905296213,-0.10631726424143188,0.2700907872856346,-0.3517469647271767
171.955342347,-0.10631726424142994,0.27009078728563407,-0.3517469647271767
172.005389037,-0.10631726424142851,0.27009078728563396,-0.3517469647271767
172.05538974200002,-0.10529785755602472,0.26963429944320977,-0.3517090941445886
172.10530573900002,-0.10529785755602333,0.2696342994432096,-0.35170909414458684
172.15540032,-0.10414725399280278,0.2690505300449561,-0.3516643202401202
172.20630659600002,-0.10414725399280378,0.26905053004495577,-0.35166432024012373
172.256335543,-0.1013216218049035,0.2682244641289362,-0.35156865187402
172.30630715400002,-0.10132162180490356,0.2682244641289374,-0.3515686518740182
172.356361178,-0.09752605274033782,0.26737530109092283,-0.3514454738056312
172.406374884,-0.09752605274033682,0.2673753010909232,-0.35144547380563296
172.456310067,-0.09529584066660923,0.26658139403605563,-0.3513681112616016
172.50631479100002,-0.09529584066660851,0.26658139403605685,-0.3513681112616034
172.556347406,-0.09433475420710902,0.2660652729351145,-0.35133093030398577
172.606366686,-0.09433475420711057,0.26606527293511406,-0.351330930303984
172.656326,-0.09232068006029714,0.2652430678775861,-0.35125866181993004
172.70632928,-0.09232068006029587,0.26524306787758645,-0.35125866181993537
172.75630665100002,-0.09068454044155438,0.26454397876324537,-0.3511989866213696
172.806753974,-0.09068454044155344,0.264543978763246,-0.35119898662137317
172.856402124,-0.08859840596378898,0.2638324151532212,-0.3511260100092244
172.90634553,-0.0885984059637906,0.2638324151532211,-0.3511260100092244
172.95630701200002,-0.08859840596379054,0.2638324151532214,-0.35112601000922616
173.006385445,-0.0885984059637902,0.2638324151532212,-0.35112601000922616
173.056340741,-0.08668332209205354,0.2627565490453687,-0.351052164801251
173.106308946,-0.08668332209205337,0.2627565490453685,-0.351052164801251
173.15638158200002,-0.08364231204928696,0.2626218101909966,-0.3509620936000104
173.206324563,-0.08364231204928746,0.2626218101909965,-0.3509620936000104
173.257316085,-0.08196787678160938,0.262156356062779,-0.35090442147352974
173.30729199400002,-0.08196787678160916,0.2621563560627792,-0.35090442147352796
173.357765153,-0.07941900872836494,0.2616659848414299,-0.3508207945732167
173.407630444,-0.07941900872836649,0.2616659848414312,-0.3508207945732149
173.458630985,-0.07765145200439344,0.2614528999547924,-0.35076464418997055
173.50729193,-0.07765145200439283,0.2614528999547918,-0.35076464418997055
173.557313749,-0.0769740296694954,0.26107888162924286,-0.35073651204604417
173.607386533,-0.07697402966949624,0.26107888162924375,-0.35073651204604595
173.657339478,-0.0761669231939418,0.2606479937748367,-0.3507036681898885
173.707317683,-0.07616692319394303,0.26064799377483605,-0.3507036681898903
173.75731627800002,-0.07457378346221727,0.260283185256142,-0.3506500483077062
173.80755679400002,-0.0745737834622171,0.2602831852561418,-0.35065004830770796
173.85832458200002,-0.07224733963620147,0.26016941688410766,-0.3505781833433588
173.90842762900002,-0.07224733963620084,0.260169416884108,-0.3505781833433588
173.95830631,-0.07224733963620089,0.2601694168841083,-0.3505781833433588
174.008330593,-0.0722473396362009,0.260169416884108,-0.35057818334336055
174.05833728200002,-0.07061006087523097,0.2593644295236397,-0.35051668498431887
174.108468867,-0.07061006087522981,0.25936442952364086,-0.3505166849843171
174.158311214,-0.06833417827319233,0.2597384658630732,-0.35045174645853905
174.207425074,-0.0683341782731913,0.2597384658630741,-0.35045174645853727
174.25748810000002,-0.06718925999734382,0.2593778308838953,-0.3504096930853233
174.30831615000002,-0.06718925999734485,0.25937783088389493,-0.3504096930853269
174.358368712,-0.06467587633826341,0.26003855532993053,-0.35034359895955625
174.408393106,-0.0646758763382638,0.2600385553299292,-0.35034359895955447
174.458316716,-0.06317773086431772,0.2602797417704916,-0.3503005304843789
174.508352481,-0.0631777308643171,0.2602797417704913,-0.3503005304843789
174.55834424300002,-0.062032957594726115,0.2602677095768031,-0.35026312772475166
174.60831793100002,-0.06203295759472735,0.2602677095768027,-0.35026312772475166
174.658324509,-0.06046493808812212,0.26023644138255164,-0.3502124485650828
174.708353606,-0.060464938088122866,0.2602364413825511,-0.3502124485650846
174.758334257,-0.059371571944427326,0.2603601455745084,-0.3501781746437551
174.809279518,-0.05937157194442633,0.2603601455745084,-0.35017817464375156
174.859330637,-0.05883722575019479,0.2599355009408493,-0.35015081118693736
174.90934317900002,-0.058837225750195565,0.2599355009408473,-0.3501508111869356
174.95929471800002,-0.05883722575019312,0.25993550094084683,-0.35015081118693736
175.009333891,-0.058837225750194344,0.2599355009408459,-0.35015081118693736
175.059332747,-0.059484537502345614,0.2609158990405921,-0.3501746615697705
175.109356123,-0.05948453750234539,0.2609158990405914,-0.35017466156976873
175.160340017,-0.06496945701450829,0.2610721085289931,-0.35031959092068377
175.209360484,-0.06496945701450879,0.26107210852899443,-0.350319590920682
175.26036862,-0.06867330938990557,0.2611294487164877,-0.3504169696317181
175.310302065,-0.06867330938990418,0.26112944871648636,-0.3504169696317181
175.36031271800002,-0.06987421212940631,0.2607634491411608,-0.35044062978270496
175.40962192400002,-0.06987421212940487,0.2607634491411619,-0.3504406297827032
175.459317133,-0.06993585837234717,0.26043707415398565,-0.3504330487458933
175.509412606,-0.06993585837234628,0.26043707415398587,-0.35043304874589687
175.559307475,-0.07107632930341015,0.25992675695973877,-0.3504524082184517
175.609521843,-0.0710763293034106,0.25992675695974055,-0.35045240821845525
175.659416768,-0.07020129498549475,0.2596445670022567,-0.3504198722686116
175.70935050900002,-0.07020129498549327,0.2596445670022578,-0.3504198722686098
175.760324458,-0.06908680584009386,0.25922293965819265,-0.35037772469675943
175.810358705,-0.06908680584009402,0.25922293965819243,-0.3503777246967612
175.860358859,-0.06794198517202149,0.2590205689681697,-0.35033722875875917
175.910341882,-0.06794198517202099,0.25902056896817016,-0.35033722875875917
175.960277272,-0.06794198517202273,0.2590205689681695,-0.3503372287587574
176.010443231,-0.06794198517202087,0.2590205689681693,-0.35033722875875917
176.060481313,-0.06609973814674036,0.25919397403461253,-0.35028272527452486
176.11032681,-0.06609973814673933,0.2591939740346121,-0.35028272527452486
176.16029523900002,-0.06518600655303788,0.2588637598952368,-0.3502464405861172
176.210524869,-0.06518600655303722,0.2588637598952377,-0.35024644058611365
176.261342347,-0.06367420819583713,0.25842567537009176,-0.350194153141862
176.311280737,-0.06367420819583577,0.2584256753700924,-0.35019415314186375
176.361308615,-0.06235346686833915,0.2591212172920203,-0.35016055453368544
176.411357678,-0.062353466868339036,0.25912121729201987,-0.350160554533689
176.461316126,-0.06127379683248685,0.2589626913383296,-0.3501222745421195
176.51131189,-0.06127379683248735,0.25896269133833183,-0.3501222745421195
176.561293116,-0.059889191890840826,0.2590135710592778,-0.35007904381664545
176.61150406000002,-0.05988919189084123,0.2590135710592787,-0.35007904381664545
176.661584088,-0.05913091887872396,0.25897466929220725,-0.3500517064083084
176.711520479,-0.059130918878723904,0.2589746692922079,-0.3500517064083084
176.76237857,-0.05816189997348045,0.25860804536921256,-0.35001494342231787
176.81154925,-0.058161899973479175,0.258608045369213,-0.3500149434223232
176.861432602,-0.0568269201031292,0.25867381945044543,-0.3499731134041646
176.91138782800002,-0.05682692010313001,0.25867381945044565,-0.3499731134041628
176.961299273,-0.05682692010313,0.25867381945044476,-0.3499731134041628
177.01150445800002,-0.05682692010312945,0.25867381945044365,-0.3499731134041646
177.06143796,-0.05599102653757887,0.25838313698916715,-0.3499401280939214
177.11134162800002,-0.05599102653757845,0.25838313698916715,-0.34994012809392316
177.16131346600002,-0.05452017546377974,0.2585932122822261,-0.3498962826625167
177.21162687900002,-0.05452017546377966,0.25859321228222765,-0.34989628266251493
177.262379298,-0.05370941780849853,0.25841360548653136,-0.3498664980085433
177.312661358,-0.05370941780849797,0.2584136054865298,-0.3498664980085415
177.36243729600002,-0.05291196231921297,0.2586007289449648,-0.34984181325758357
177.41259055100002,-0.052911962319213246,0.25860072894496544,-0.3498418132575818
177.462308764,-0.05222239069434553,0.25863980765725314,-0.3498189675096075
177.512748925,-0.05222239069434503,0.25863980765725314,-0.3498189675096093
177.562435246,-0.05145204650923796,0.2586239502421921,-0.34979240717633253
177.612690304,-0.051452046509238555,0.25862395024219165,-0.34979240717633253
177.662277805,-0.05059730327987576,0.25869343745404993,-0.34976577275905996
177.71251175100002,-0.05059730327987477,0.2586934374540504,-0.3497657727590582
177.763316007,-0.04989649740066196,0.25874572070178603,-0.3497425304112962
177.812689811,-0.049896497400661544,0.25874572070178403,-0.3497425304112962
177.86335972700002,-0.04948496492875659,0.25880140387421835,-0.3497290692828461
177.913355956,-0.0494849649287582,0.258801403874217,-0.3497290692828443
177.963629219,-0.04948496492875776,0.25880140387421635,-0.34972906928284253
178.013687637,-0.04948496492875837,0.2588014038742179,-0.34972906928284253
178.06340361000002,-0.04853221367773056,0.2592743813562328,-0.3497038528827314
178.112404837,-0.04853221367772953,0.2592743813562327,-0.3497038528827332
178.16247151500002,-0.04769888238837679,0.25965657518324314,-0.3496811738116765
178.21263625400002,-0.0476988823883753,0.25965657518324303,-0.34968117381167474
178.263270594,-0.04689706672750114,0.25988110648863927,-0.3496568129934978
178.31362228700002,-0.04689706672750066,0.2598811064886377,-0.3496568129934996
178.363414357,-0.045973141309573196,0.26012015291013646,-0.3496291506953426
178.413598263,-0.04597314130957392,0.2601201529101361,-0.34962915069534084
178.46327560400002,-0.044678147520220146,0.2602401343033901,-0.349590154872919
178.51343608300002,-0.04467814752022087,0.26024013430338955,-0.3495901548729208
178.56360474800002,-0.043160817398932905,0.26022600374593047,-0.3495426327652176
178.61341493,-0.04316081739893407,0.2602260037459314,-0.3495426327652158
178.663312598,-0.041515158743259284,0.25999328126862487,-0.34948894882603554
178.713414129,-0.04151515874326073,0.2599932812686243,-0.3494889488260373
178.764340096,-0.039892746819676916,0.259927915354073,-0.34943883444262447
178.81445074,-0.03989274681967653,0.25992791535407256,-0.3494388344426209
178.864324833,-0.038714129670873426,0.2597446085419377,-0.3493988615016974
178.91440455,-0.038714129670873704,0.2597446085419376,-0.34939886150169386
178.964486488,-0.038714129670873454,0.2597446085419368,-0.34939886150169563
179.014682007,-0.038714129670874585,0.25974460854193715,-0.3493988615016974
179.064404203,-0.03747189276374724,0.2595008489464452,-0.349356705173534
179.114399859,-0.03747189276374785,0.25950084894644476,-0.349356705173534
179.164779259,-0.036071325983857705,0.2593907765237864,-0.3493109172454236
179.21452766000002,-0.03607132598385765,0.2593907765237857,-0.34931091724542007
179.26531239800002,-0.03464941338700006,0.2592379107809277,-0.3492659443466035
179.315431969,-0.03464941338700189,0.2592379107809277,-0.3492659443466035
179.36543471800002,-0.033363074825631,0.25909720078399623,-0.3492247764756886
179.415487414,-0.033363074825631056,0.259097200783996,-0.34922477647568684
179.465316394,-0.0327246632454356,0.25926823869401283,-0.3492046023558011
179.515540952,-0.03272466324543588,0.2592682386940133,-0.3492046023557993
179.564510716,-0.03190642190100901,0.25913459610261613,-0.34917689114559813
179.614684567,-0.03190642190100862,0.25913459610261635,-0.3491768911456017
179.66428216300002,-0.030915129587140322,0.25927070590853396,-0.3491481288476823
179.71438578800002,-0.030915129587141488,0.2592707059085342,-0.34914812884767876
179.76432003300002,-0.03060450584787322,0.25939249711504586,-0.3491369713615864
179.814766974,-0.0306045058478715,0.259392497115046,-0.34913697136158817
179.865319848,-0.03008117413259062,0.2594080023718228,-0.3491184994631258
179.915403121,-0.030081174132590427,0.2594080023718227,-0.34911849946312756
179.96545231800002,-0.030081174132590538,0.25940800237182127,-0.3491184994631258
180.016512666,-0.03008117413259037,0.2594080023718226,-0.34911849946312756
180.0655924,-0.02976165098502892,0.2594756911378924,-0.3491052993999979
180.116747382,-0.02976165098503092,0.25947569113789215,-0.34910529940000146
180.170536682,-0.029421620504075985,0.2595147571338917,-0.34909231027444854
180.215782863,-0.02942162050407504,0.2595147571338908,-0.34909231027444676
180.266172784,-0.029540647349118543,0.2594899275213082,-0.34909049337715103
180.315980244,-0.02954064734911882,0.25948992752130945,-0.34909049337714926
180.366574176,-0.029734494241378417,0.2596559330448177,-0.34909581101238985
180.416505737,-0.029734494241379195,0.25965593304481893,-0.3490958110123863
180.466281881,-0.02974139191997155,0.25949047876762754,-0.3490913346545561
180.516391137,-0.029741391919971272,0.25949047876762793,-0.3490913346545579
180.566499022,-0.029601369560980167,0.2598497238334679,-0.34908919954045636
180.616510143,-0.02960136956098136,0.25984972383346927,-0.3490891995404546
180.666294843,-0.03058125594460087,0.2597006195139744,-0.3491095570659173
180.716356356,-0.030581255944601454,0.2597006195139743,-0.34910955706591906
180.766357902,-0.030779685667802537,0.2595405482511396,-0.3491092463286751
180.816667799,-0.030779685667802092,0.2595405482511389,-0.3491092463286751
180.867367071,-0.030629363518245578,0.2596531046749352,-0.3491026068042906
180.91745279,-0.0306293635182443,0.25965310467493574,-0.3491026068042906
180.96758753,-0.03062936351824228,0.2596531046749356,-0.3491026068042906
181.017464273,-0.030629363518243857,0.2596531046749354,-0.3491026068042924
181.067573308,-0.03152962128454205,0.2597220799770752,-0.3491206107577831
181.117407715,-0.031529621284542717,0.2597220799770753,-0.3491206107577849
181.167471155,-0.03191196225905541,0.2598144032774573,-0.3491284084195012
181.217117422,-0.0319119622590551,0.2598144032774572,-0.3491284084195012
181.266382983,-0.03218823151293826,0.2598879946343534,-0.3491338156691359
181.316349139,-0.032188231512939584,0.25988799463435336,-0.3491338156691359
181.366316684,-0.03278627118052696,0.2599271328506487,-0.3491452172038194
181.41745974,-0.03278627118052578,0.25992713285064845,-0.3491452172038194
181.467273721,-0.032981710659341405,0.25981145710104603,-0.34914441720667533
181.517428462,-0.03298171065934164,0.2598114571010466,-0.34914441720667355
181.567486975,-0.03317817390761077,0.26021277835927237,-0.34915090963861317
181.617544099,-0.03317817390761121,0.2602127783592725,-0.34915090963861317
181.667327875,-0.03338014736477887,0.2606111895043928,-0.3491563629979595
181.71737761,-0.033380147364779296,0.2606111895043929,-0.3491563629979595
181.767411603,-0.033520787968849566,0.26089965696394907,-0.34916078441166754
181.817669091,-0.033520787968849775,0.2608996569639488,-0.34916078441166576
181.86833175,-0.03404811443585726,0.26134647013751505,-0.34917433154002
181.918749378,-0.03404811443585741,0.26134647013751516,-0.34917433154002
181.968606621,-0.033753860283394464,0.2620348072573587,-0.34917044890461213
182.018457882,-0.03375386028339438,0.2620348072573593,-0.34917044890461035
182.068472616,-0.034274251052255435,0.26136401348320193,-0.3491768589537525
182.118366917,-0.03427425105225482,0.26136401348320293,-0.3491768589537543
182.168522844,-0.03463313046566715,0.2615781346300441,-0.34918422115767456
182.218513558,-0.03463313046566829,0.26157813463004453,-0.34918422115767456
182.268289908,-0.03498443352866949,0.2618544587624612,-0.34919358755188945
182.318309494,-0.03498443352866891,0.2618544587624604,-0.34919358755188945
182.36947896,-0.03543410645552759,0.2619573241545673,-0.34920309584128084
182.418701482,-0.035434106455527664,0.26195732415456785,-0.3492030958412826
182.468281617,-0.035582007408150956,0.26247116428227557,-0.34920853037516686
182.518324204,-0.03558200740815011,0.26247116428227385,-0.34920853037516686
182.56829643600005,-0.036294343054503284,0.2624534899602309,-0.34922312195049976
182.618379173,-0.036294343054503755,0.26245348996023,-0.349223121950498
182.668283993,-0.03709594322053005,0.2626634533938033,-0.3492420787817885
182.718364305,-0.03709594322052976,0.2626634533938033,-0.3492420787817885
182.768286274,-0.03757682675348108,0.26263211905079625,-0.34925188850873035
182.818329769,-0.03757682675348145,0.26263211905079625,-0.3492518885087339
182.868613167,-0.03841409761822952,0.26269149627863964,-0.3492718994498798
182.919779357,-0.03841409761822915,0.26269149627863797,-0.3492718994498798
182.969308693,-0.03841409761822945,0.2626914962786384,-0.3492718994498798
183.019653669,-0.038414097618229226,0.2626914962786385,-0.3492718994498798
183.070218398,-0.0390143903495608,0.26269224864114143,-0.34928471404182915
183.119390659,-0.03901439034956021,0.26269224864114066,-0.34928471404182915
183.169279849,-0.03910287399227319,0.26327134634913485,-0.3492894134332154
183.219389497,-0.03910287399227365,0.26327134634913574,-0.3492894134332136
183.269287151,-0.039862153479708444,0.26316793027214025,-0.34930491232919003
183.319451838,-0.03986215347970643,0.26316793027214,-0.3493049123291918
183.369322213,-0.04057916857671846,0.26314511194560203,-0.3493197252400986
183.42026163,-0.04057916857671852,0.26314511194560286,-0.3493197252400986
183.471213845,-0.04178423592756944,0.2633106215534815,-0.3493490451623842
183.520780128,-0.041784235927570114,0.26331062155348206,-0.3493490451623824
183.57030357500005,-0.04238908364521167,0.2632398010367448,-0.3493610434944543
183.620286623,-0.042389083645210934,0.26323980103674555,-0.3493610434944543
183.670358249,-0.04283834669704986,0.26298306986990383,-0.3493644339559001
183.72031061,-0.042838346697049265,0.26298306986990405,-0.34936443395589656
183.770292287,-0.04344353369633938,0.2632939462017948,-0.349379370189304
183.820535406,-0.043443533696339236,0.26329394620179375,-0.34937937018930576
183.870276829,-0.04358318144496029,0.26346262839885215,-0.34938164934235516
183.920672142,-0.043583181444960206,0.263462628398852,-0.3493816493423534
183.970316912,-0.043583181444960956,0.26346262839885315,-0.34938164934235516
184.020306183,-0.043583181444960595,0.26346262839885215,-0.34938164934235516
184.070306196,-0.04397803176520743,0.2636684271287002,-0.3493889773188261
184.120324246,-0.043978031765207495,0.26366842712869987,-0.3493889773188297
184.170314388,-0.04445313340117579,0.2636843673914059,-0.34939660516304194
184.220369644,-0.044453133401174544,0.26368436739140466,-0.34939660516304194
184.270272262,-0.04502553257365474,0.2640046034518587,-0.34940991140725863
184.320387207,-0.045025532573655255,0.26400460345185883,-0.34940991140725863
184.370304882,-0.04560149521794339,0.2641223609755849,-0.3494220015318863
184.420328692,-0.045601495217942156,0.26412236097558484,-0.3494220015318863
184.471314076,-0.04642906280833731,0.26423641865535974,-0.3494395111940154
184.52130368,-0.046429062808337265,0.2642364186553592,-0.34943951119401717
184.571295322,-0.04682110700495326,0.26429350158787623,-0.34944581028698174
184.621311002,-0.04682110700495472,0.26429350158787723,-0.34944581028698174
184.67133409,-0.04712592790550561,0.2644270782562812,-0.3494524329373192
184.72132706500005,-0.04712592790550614,0.26442707825628253,-0.34945243293732453
184.771323522,-0.04761723096059173,0.26448320902738587,-0.34946305345931705
184.821309682,-0.04761723096059192,0.2644832090273856,-0.34946305345931705
184.871306917,-0.048052309098305976,0.2644185546555504,-0.34947042392801286
184.921756994,-0.04805230909830582,0.2644185546555522,-0.3494704239280182
184.971351576,-0.048782730497970064,0.2645999821610234,-0.34948639704982476
185.022534824,-0.04878273049797054,0.26459998216102315,-0.3494863970498283
185.072446425,-0.04912339613020976,0.2648108509261111,-0.34949271435565343
185.122311986,-0.049123396130210474,0.2648108509261122,-0.34949271435565343
185.172578607,-0.049525173685060875,0.2647497922218713,-0.3494979297296652
185.222412667,-0.0495251736850609,0.2647497922218707,-0.349497929729667
185.271274634,-0.05002067762968204,0.26499875889574837,-0.3495086215666099
185.321297519,-0.05002067762968075,0.26499875889574864,-0.34950862156661344
185.371321607,-0.05016123232171056,0.264882209341108,-0.3495075922828885
185.421295342,-0.05016123232171141,0.2648822093411094,-0.34950759228288675
185.472640099,-0.050516040339418505,0.26515067612030174,-0.34951473834599334
185.522313982,-0.05051604033941964,0.2651506761203017,-0.3495147383459951
185.572580678,-0.05090493718048374,0.26536603965292305,-0.3495230358912078
185.622299045,-0.05090493718048356,0.2653660396529223,-0.34952303589120426
185.67242701,-0.051371932874275064,0.2652854872045561,-0.3495308046245036
185.722283534,-0.051371932874275744,0.26528548720455636,-0.3495308046245036
185.772641568,-0.05176892297827364,0.2652602436258873,-0.34953676253585186
185.822327156,-0.05176892297827339,0.26526024362588735,-0.34953676253585364
185.872525034,-0.052081447366427995,0.265320758818081,-0.34954211732699747
185.922467174,-0.052081447366428724,0.2653207588180818,-0.34954211732699747
185.973449356,-0.052545883102809554,0.2653427706742767,-0.3495502959825032
186.023320881,-0.052545883102809804,0.2653427706742767,-0.3495502959825032
186.073465182,-0.05280043313164884,0.2656100044226388,-0.34955592849249406
186.123307946,-0.052800433131649005,0.2656100044226384,-0.34955592849249406
186.173445487,-0.05314957946861554,0.26592690803409846,-0.3495650347043764
186.223331069,-0.05314957946861537,0.2659269080340969,-0.3495650347043764
186.27344496,-0.054137000562779175,0.26635166867182747,-0.34958669451959246
186.323302151,-0.05413700056277926,0.26635166867182614,-0.34958669451959246
186.373372077,-0.0556292175555454,0.266742629956795,-0.3496227577071309
186.424295644,-0.05562921755554395,0.26674262995679565,-0.3496227577071309
186.474338568,-0.057358806416464736,0.26684689857713106,-0.3496637012445323
186.524327248,-0.0573588064164639,0.2668468985771302,-0.34966370124453405
186.574322447,-0.059548241434262295,0.266610237782291,-0.34971385132762833
186.623283735,-0.05954824143426268,0.26661023778229076,-0.34971385132762833
186.673377459,-0.06127538580437408,0.2657963232204106,-0.34974707928331483
186.723312228,-0.06127538580437508,0.265796323220409,-0.3497470792833166
186.773562257,-0.061760973502741345,0.2654580796517281,-0.3497541534865789
186.823489693,-0.06176097350274179,0.26545807965172763,-0.34975415348658245
186.874083391,-0.06192950458970636,0.26556455254411837,-0.3497574509642458
186.924458816,-0.06192950458970675,0.2655645525441166,-0.3497574509642458
186.97436377,-0.06192950458970384,0.2655645525441168,-0.3497574509642458
187.024349618,-0.0619295045897037,0.26556455254411704,-0.3497574509642458
187.074374301,-0.06246443379319738,0.26539302881027504,-0.3497676601389976
187.124330203,-0.0624644337931968,0.2653930288102755,-0.3497676601389976
187.174349015,-0.06277808496587572,0.26551056866162404,-0.3497734834578594
187.224309436,-0.06277808496587567,0.26551056866162326,-0.3497734834578594
187.274347675,-0.06278081170515541,0.26547123794704425,-0.34977130217223973
187.324718304,-0.06278081170515501,0.2654712379470433,-0.34977130217223795
187.374384096,-0.06302798791050179,0.26542869791943313,-0.3497738658138676
187.425300868,-0.06302798791050168,0.26542869791943413,-0.3497738658138694
187.475449688,-0.06315983816141774,0.2653617954999351,-0.3497734321115118
187.525329511,-0.06315983816141774,0.26536179549993505,-0.34977343211151357
187.575328137,-0.06318367490796079,0.26537263274346024,-0.3497712413539098
187.625353135,-0.06318367490796012,0.26537263274346024,-0.3497712413539116
187.675456508,-0.06336293895547573,0.2654063628128865,-0.34977240096519857
187.725353887,-0.06336293895547393,0.2654063628128868,-0.34977240096519857
187.775315937,-0.06343096243225879,0.26544304427442406,-0.34977162716580423
187.826301584,-0.06343096243225876,0.2654430442744241,-0.34977162716580246
187.875316969,-0.06363446606908374,0.26539529162179476,-0.34977343051042453
187.926292652,-0.06363446606908388,0.2653952916217961,-0.3497734305104263
187.976281038,-0.06366674719584364,0.2654529558349579,-0.34977166008434324
188.02535789,-0.06366674719584386,0.26545295583495754,-0.349771660084345
188.075412798,-0.06375344993499721,0.26532376759564824,-0.349769005685145
188.125299844,-0.0637534499349986,0.2653237675956483,-0.34976900568514324
188.175344826,-0.0637539433549717,0.2653033449668417,-0.3497652001631284
188.225398345,-0.0637539433549712,0.26530334496684216,-0.3497652001631266
188.275392009,-0.06364920985469996,0.2652456065968329,-0.3497599070516042
188.325323224,-0.06364920985469996,0.2652456065968337,-0.349759907051606
188.375343668,-0.06376738419517664,0.26523957143357707,-0.3497570294764021
188.426407596,-0.06376738419517602,0.26523957143357874,-0.3497570294764021
188.476367851,-0.06372309261315467,0.26526008426583564,-0.34975371129303134
188.52629627,-0.06372309261315556,0.26526008426583636,-0.3497537112930331
188.576323973,-0.06364420629154871,0.265143017690294,-0.34974746313782035
188.626368695,-0.06364420629154821,0.26514301769029414,-0.34974746313782035
188.676357655,-0.06357588566976263,0.2653293994293702,-0.3497440381110568
188.726294612,-0.06357588566976247,0.26532939942937095,-0.3497440381110586
188.776289535,-0.06368440634605504,0.2652762113804299,-0.349744467332437
188.826350314,-0.06368440634605405,0.26527621138042984,-0.34974446733244235
188.877329943,-0.06374897998924395,0.2653161825219018,-0.3497449551476475
188.927311403,-0.06374897998924273,0.2653161825219028,-0.34974495514764925
188.977331328,-0.06388932472450587,0.2651804156567955,-0.3497449411720055
189.0273119,-0.06388932472450548,0.2651804156567945,-0.3497449411720055
189.077339437,-0.06408879018532099,0.2650892292802116,-0.34974669779148115
189.127368937,-0.06408879018532043,0.26508922928021234,-0.34974669779148293
189.176363822,-0.06407854185345396,0.26498394676680037,-0.34974258717565476
189.226317077,-0.06407854185345396,0.26498394676680087,-0.349742587175653
189.276361707,-0.06402074792975543,0.26502085316722085,-0.34973793216921045
189.326323185,-0.06402074792975454,0.26502085316722157,-0.3497379321692087
189.377325759,-0.06409154540967554,0.2650664019139538,-0.3497368061225945
189.4272872,-0.0640915454096751,0.2650664019139533,-0.34973680612259805
189.477324367,-0.06416991273135042,0.26512813303469135,-0.3497365861978121
189.527325532,-0.06416991273134987,0.2651281330346924,-0.3497365861978139
189.577309178,-0.06432411072972721,0.26499646149236034,-0.3497355210853961
189.627379532,-0.06432411072972682,0.2649964614923621,-0.3497355210853943
189.677351547,-0.06436865878687931,0.26479667959815456,-0.349736529018994
189.727364417,-0.06436865878687859,0.26479667959815517,-0.34973652901899044
189.77735397,-0.06445801873269119,0.2647768216932449,-0.349735583317873
189.827309855,-0.0644580187326913,0.2647768216932439,-0.3497355833178748
189.878297281,-0.06460306251730757,0.26466226600656567,-0.34973702092432646
189.928310133,-0.06460306251730846,0.26466226600656617,-0.34973702092432823
189.978306484,-0.06472846268196503,0.26455553740786825,-0.3497383861589789
190.028315984,-0.0647284626819652,0.2645555374078671,-0.3497383861589789
190.078346022,-0.06482998230811421,0.2644970673509355,-0.3497379477041118
190.129742897,-0.06482998230811399,0.26449706735093587,-0.3497379477041118
190.178417506,-0.06492110140499863,0.26445300118981346,-0.349739296839358
190.229787009,-0.06492110140499951,0.2644530011898133,-0.34973929683936156
190.278346889,-0.06500471191134016,0.26437748789064736,-0.34973885493653434
190.328347999,-0.06500471191133972,0.2643774878906463,-0.34973885493653256
190.379309424,-0.06494702256082974,0.26434544180372094,-0.3497319216183321
190.429291256,-0.06494702256083151,0.26434544180372,-0.3497319216183339
190.479321701,-0.06496323111947255,0.2642908851757415,-0.34972883925272136
190.529322867,-0.06496323111947166,0.2642908851757424,-0.3497288392527187
190.578352903,-0.06484390945114527,0.2642202770416653,-0.34971849745177597
190.628306585,-0.06484390945114882,0.26422027704166623,-0.3497184974517742
190.678305362,-0.06474258150768186,0.26412294986208984,-0.3497105463868788
190.728369087,-0.06474258150768364,0.26412294986208806,-0.3497105463868815
190.778334288,-0.06464976898003272,0.26397937081673395,-0.3497037174520816
190.828322842,-0.06464976898003272,0.2639793708167346,-0.34970371745207807
190.878390328,-0.06445698770718877,0.26383698886044527,-0.349690578587289
190.929296287,-0.06445698770719055,0.2638369888604437,-0.349690578587289
190.979411905,-0.06418969834624022,0.2637136360344652,-0.3496764708660969
191.02931214,-0.064189698346242,0.2637136360344665,-0.34967647086609865
191.079306992,-0.06401353083487216,0.26363600642710594,-0.34966479660748284
191.129360884,-0.06401353083487304,0.26363600642710505,-0.3496647966074864
191.179322289,-0.06391026360292518,0.2635790319874509,-0.3496574769166205
191.229299603,-0.06391026360292429,0.26357903198745136,-0.3496574769166214
191.27933066,-0.06384545354612747,0.263529774097788,-0.3496514976935501
191.329326141,-0.06384545354612925,0.2635297740977882,-0.34965149769354475
191.380286641,-0.0637827887392799,0.2634815436375073,-0.34964489143256117
191.430279048,-0.06378278873927812,0.2634815436375084,-0.3496448914325647
191.480316402,-0.06375538939206926,0.2634413638627435,-0.34964000203918033
191.530389443,-0.06375538939206749,0.2634413638627433,-0.3496400020391892
191.580282826,-0.0637348094135799,0.26340484184931645,-0.3496352181883431
191.630336903,-0.06373480941358345,0.26340484184931623,-0.3496352181883413
191.680297049,-0.06371999055273214,0.26337103223894853,-0.34963062949053025
191.730426501,-0.06371999055273392,0.26337103223894764,-0.34963062949053003
191.780324292,-0.06369003396856776,0.26334402912859045,-0.349625723627657
191.830406964,-0.06369003396857131,0.26334402912859034,-0.3496257236276552
191.880322978,-0.06364808272704181,0.26331365270006957,-0.3496203231213695
191.93034888800003,-0.06364808272704714,0.2633136527000697,-0.34962032312137126
191.980273811,-0.06363425288981084,0.26327142972632445,-0.3496155815954438
192.030369595,-0.06363425288980906,0.2632714297263241,-0.34961558159544553
192.080308037,-0.06365179221903716,0.2632044511990502,-0.3496115770891705
192.130354337,-0.06365179221903894,0.2632044511990489,-0.3496115770891724
192.180299316,-0.06362311508501328,0.2630321497499515,-0.34960606605529
192.230288687,-0.0636231150850124,0.2630321497499507,-0.34960606605529243
192.280327319,-0.06353792123719693,0.26297018308004405,-0.34960027463478927
192.330296837,-0.06353792123719693,0.2629701830800455,-0.34960027463479015
192.380330618,-0.06363001570494209,0.26288175019873106,-0.3496000348507806
192.4313031,-0.0636300157049412,0.26288175019873034,-0.3496000348507824
192.48128936,-0.06360097174737689,0.26283366004413916,-0.3495960782122083
192.53134616,-0.06360097174737422,0.26283366004414,-0.3495960782122065
192.581290528,-0.06353738489811267,0.26281821410147344,-0.34959148185192745
192.631338236,-0.06353738489811267,0.262818214101474,-0.34959148185192745
192.681384369,-0.06346806256748927,0.2628093115536138,-0.3495868773864892
192.73135285,-0.06346806256748971,0.26280931155361237,-0.34958687738649097
192.781312256,-0.06338854107335434,0.26280084200499154,-0.3495818825616581
192.831398003,-0.06338854107335434,0.26280084200499165,-0.3495818825616599
192.881296258,-0.06330114981832624,0.2627875086899683,-0.3495765523472407
192.93142223,-0.06330114981832757,0.2627875086899686,-0.34957655234723894
192.982335969,-0.06321554112111216,0.2627784016427954,-0.3495712758174694
193.03280573900005,-0.06321554112111216,0.2627784016427951,-0.34957127581747116
193.082275451,-0.06311926210664742,0.2627733905609928,-0.3495656103753735
193.132633899,-0.06311926210664676,0.2627733905609936,-0.3495656103753735
193.182349829,-0.0629974547405241,0.26277495406453666,-0.3495592510756893
193.232461282,-0.0629974547405221,0.26277495406453655,-0.3495592510756893
193.282303219,-0.06290933123142917,0.26276841262540274,-0.34955404617543806
193.332644259,-0.06290933123143015,0.2627684126254024,-0.3495540461754363
193.382315445,-0.062817416193086,0.26278830672176123,-0.34954913765353623
193.432883295,-0.06281741619308673,0.26278830672176223,-0.34954913765353446
193.482459105,-0.06274415851628334,0.2627918307673253,-0.34954477308290066
193.533755682,-0.06274415851628334,0.2627918307673257,-0.34954477308290244
193.582364789,-0.06263466851003541,0.2628317236256418,-0.3495399103603365
193.632593266,-0.06263466851003618,0.2628317236256422,-0.3495399103603365
193.682410517,-0.06254752446330003,0.26284675588521667,-0.34953561507164643
193.732586288,-0.06254752446330047,0.2628467558852168,-0.34953561507164643
193.782286773,-0.06250295451641608,0.2628152677180752,-0.34953236653251984
193.832799897,-0.06250295451641585,0.2628152677180755,-0.3495323665325216
193.882319724,-0.06245020932116263,0.2628377266703581,-0.3495300428685635
193.93261804,-0.06245020932116052,0.26283772667035743,-0.34953004286856526
193.982365047,-0.06246428311400665,0.26285034699014476,-0.3495297919589735
194.033454649,-0.0624642831140062,0.2628503469901431,-0.3495297919589735
194.083282679,-0.06237974333031093,0.26294697913675935,-0.3495283540262193
194.133447783,-0.06237974333031082,0.26294697913676035,-0.34952835402622107
194.183294759,-0.06239704550038805,0.26301974135469797,-0.3495299277085522
194.233387119,-0.062397045500387494,0.26301974135469797,-0.3495299277085504
194.283324821,-0.062372484924096305,0.2630941023861624,-0.3495304381179807
194.333498278,-0.06237248492409592,0.26309410238616393,-0.3495304381179807
194.383280898,-0.06226705148214584,0.263177373404165,-0.3495291664951754
194.433435761,-0.062267051482146146,0.26317737340416514,-0.3495291664951754
194.484277164,-0.06225090294393992,0.263258284073984,-0.3495303953712856
194.534299168,-0.06225090294393976,0.2632582840739829,-0.3495303953712874
194.58437521200003,-0.06221920436649922,0.26334380551276276,-0.34953162490699086
194.634355751,-0.06221920436649994,0.2633438055127628,-0.34953162490699086
194.683329009,-0.062153984083292535,0.2634647570243447,-0.34953150080840345
194.733527912,-0.06215398408329231,0.26346475702434435,-0.34953150080840345
194.783322533,-0.06213981166940635,0.2636287465758246,-0.34953386428553124
194.833540085,-0.06213981166940741,0.263628746575824,-0.349533864285533
194.883352059,-0.06211197272493177,0.26377808685999465,-0.3495354200554033
194.933486422,-0.062111972724930506,0.2637780868599979,-0.34953542005540683
194.984311807,-0.06204049415587368,0.2639118407031449,-0.34953521102204554
195.034340997,-0.06204049415587262,0.2639118407031447,-0.3495352110220473
195.084286701,-0.06197096751471002,0.26398171063109976,-0.3495338483627428
195.134373284,-0.06197096751470865,0.2639817106310984,-0.34953384836274104
195.184305191,-0.061874820352542104,0.26407063941812603,-0.349532285667161
195.234456555,-0.06187482035254138,0.2640706394181267,-0.349532285667161
195.284352015,-0.0617982799430907,0.2641871060810991,-0.34953199172201543
195.334347981,-0.06179827994309234,0.26418710608109996,-0.3495319917220172
195.38427887,-0.06208881336388472,0.26404461263748286,-0.3495415703481779
195.435751476,-0.062088813363883666,0.2640446126374829,-0.3495415703481761
195.485295287,-0.06186348579369128,0.2642932614036321,-0.34953783889786294
195.53536123900005,-0.06186348579369107,0.2642932614036325,-0.3495378388978647
195.585306369,-0.061761679023887295,0.26459049851793753,-0.34954004512374404
195.635624168,-0.061761679023887,0.2645904985179367,-0.3495400451237476
195.685307431,-0.06170039625095848,0.2646401974321948,-0.34954044920303495
195.735348067,-0.06170039625095934,0.26464019743219586,-0.34954044920303495
195.785297863,-0.061638866938479184,0.2647371389982996,-0.349541208359172
195.835519399,-0.06163886693847951,0.26473713899829854,-0.34954120835916846
195.88539134,-0.061692905938792064,0.2649553746430908,-0.34954705729449564
195.935373214,-0.06169290593879151,0.2649553746430899,-0.3495470572944992
195.986286104,-0.06157849581373198,0.2651858915981009,-0.3495478881635137
196.03637641,-0.061578495813733265,0.26518589159810085,-0.3495478881635137
196.086303984,-0.06161120880016539,0.2653101005425349,-0.3495516007695052
196.135340729,-0.06161120880016424,0.26531010054253557,-0.349551600769507
196.185313621,-0.06156571404740382,0.2655500291854486,-0.34955550927445067
196.235447077,-0.061565714047404616,0.26555002918544857,-0.349555509274456
196.285355725,-0.06150611524112657,0.26582026382897994,-0.34955877483119835
196.335354451,-0.061506115241126216,0.2658202638289796,-0.34955877483119835
196.385277932,-0.06153007949022732,0.26595872677910226,-0.3495623436815496
196.435402814,-0.06153007949022721,0.26595872677910193,-0.3495623436815478
196.486316186,-0.061500024586832236,0.26613131314931976,-0.3495648281477557
196.536385861,-0.06150002458683161,0.2661313131493196,-0.3495648281477557
196.586328455,-0.061422993715197965,0.26644251337604674,-0.3495687421929503
196.636398407,-0.061422993715198604,0.2664425133760482,-0.3495687421929503
196.686364021,-0.06141302812961807,0.26662465469119573,-0.34957245602071474
196.736864813,-0.061413028129616076,0.26662465469119484,-0.34957245602071474
196.786694863,-0.0613560664797193,0.2670083406788535,-0.3495767804246377
196.836725351,-0.06135606647972075,0.26700834067885315,-0.3495767804246359
196.886468823,-0.061239673736403155,0.2674545909818896,-0.3495792522547898
196.936471199,-0.0612396737364027,0.2674545909818895,-0.34957925225478625
196.987310938,-0.06117387225280185,0.2678634412226701,-0.3495829158254775
197.037537585,-0.06117387225280437,0.26786344122266986,-0.3495829158254793
197.087335616,-0.0611679455733318,0.26811299158676355,-0.3495870371709433
197.137379976,-0.06116794557333333,0.26811299158676394,-0.34958703717094153
197.187296476,-0.0611700310980384,0.26832377730546564,-0.34959124797248187
197.237358559,-0.061170031098039965,0.26832377730546497,-0.34959124797248187
197.287339674,-0.06104245505108025,0.26858862360839836,-0.34959227081713173
197.33633201,-0.06104245505108181,0.26858862360839875,-0.34959227081713173
197.386292624,-0.06094525922804727,0.26884718050501316,-0.34959328453744476
197.436393061,-0.06094525922804672,0.26884718050501166,-0.349593284537443
197.487328916,-0.06097732831349376,0.2690600556778647,-0.3495975467660166
197.537322421,-0.06097732831349395,0.2690600556778644,-0.3495975467660184
197.58730246200005,-0.06100595940885441,0.269333677099705,-0.3496017105632596
197.637386472,-0.06100595940885456,0.26933367709970485,-0.3496017105632596
197.687343419,-0.06101363277487158,0.2695505893880502,-0.3496041299745958
197.737349999,-0.06101363277487121,0.2695505893880489,-0.349604129974594
197.787443139,-0.060940511169447265,0.2697886522560723,-0.34960380440628924
197.837432607,-0.06094051116944678,0.26978865225607324,-0.34960380440628747
197.887373239,-0.06088096551520328,0.2700114202330759,-0.349604393947363
197.938362913,-0.060880965515202015,0.2700114202330774,-0.34960439394736476
197.988343603,-0.06091732060553173,0.2703670101208179,-0.3496088701008837
198.03835311,-0.06091732060553123,0.27036701012081943,-0.34960887010088193
198.088473549,-0.060881581135226605,0.27050268695151386,-0.349608670698732
198.138368474,-0.06088158113522664,0.2705026869515139,-0.3496086706987338
198.188311477,-0.06079278749420271,0.27069729594501307,-0.34960741689288
198.238414897,-0.06079278749420335,0.2706972959450139,-0.34960741689288
198.289318751,-0.0607779333475065,0.27089295044770617,-0.349606837530807
198.338358461,-0.06077793334750671,0.2708929504477068,-0.3496068375308017
198.388337855,-0.06081358109205175,0.2710770756107409,-0.3496083548414415
198.439305657,-0.06081358109205201,0.27107707561074157,-0.34960835484144503
198.489334665,-0.06082173121619948,0.2712167445738751,-0.349609582317127
198.539332911,-0.06082173121619949,0.2712167445738751,-0.349609582317127
198.589330436,-0.060808253427565906,0.27150520097046055,-0.3496104664047781
198.638342144,-0.060808253427566884,0.27150520097046255,-0.3496104664047781
198.688446915,-0.06079141650315016,0.2716814359286664,-0.3496097737472912
198.738323266,-0.06079141650315145,0.27168143592866567,-0.34960977374729296
198.788314605,-0.06093291624462366,0.2718574540654457,-0.34961428420711904
198.838580108,-0.06093291624462277,0.2718574540654458,-0.3496142842071155
198.88847312700003,-0.06099743229932664,0.27194793124645433,-0.3496163529142535
198.939329869,-0.060997432299326804,0.27194793124645505,-0.34961635291425175
198.989361544,-0.06097124168375259,0.27219650626650793,-0.3496168878807442
199.039377422,-0.06097124168375284,0.27219650626650865,-0.34961688788074596
199.089347742,-0.06100934310136305,0.27223765877364636,-0.34961692183546766
199.139347156,-0.06100934310136369,0.27223765877364614,-0.34961692183546766
199.189305235,-0.061109924337989646,0.2722158351727053,-0.34961824722780044
199.239345725,-0.061109924337989674,0.27221583517270675,-0.3496182472278022
199.289352622,-0.061136124296791716,0.2722969061478258,-0.34961781057937635
199.339384667,-0.06113612429679183,0.27229690614782476,-0.3496178105793728
199.389295076,-0.061160801192081116,0.2724500818745397,-0.34961781187680785
199.440304123,-0.06116080119208095,0.2724500818745396,-0.34961781187680785
199.490379671,-0.06120349394772152,0.27261588598644254,-0.3496179795788006
199.540413772,-0.061203493947720816,0.2726158859864426,-0.3496179795787988
199.590310681,-0.06123056702890184,0.27269893696337416,-0.349617193854618
199.640328966,-0.06123056702890184,0.272698936963375,-0.349617193854618
199.690369587,-0.061329057557268835,0.2728476512819622,-0.34962035756741194
199.740342925,-0.06132905755726864,0.27284765128196287,-0.34962035756741017
199.790286836,-0.061411576114916475,0.2730296896320191,-0.3496227520482478
199.840510431,-0.06141157611491749,0.2730296896320197,-0.34962275204824955
199.890458676,-0.06155505067028011,0.27314395387235857,-0.3496248523912122
199.941339549,-0.06155505067028155,0.27314395387235724,-0.34962485239121044
199.991332075,-0.06161052593805211,0.2731191804028179,-0.3496228426533925
200.040296449,-0.061610525938051275,0.27311918040281835,-0.3496228426533925
200.090827691,-0.06160028806416307,0.27333206334846105,-0.3496214175839665
200.140825421,-0.06160028806416323,0.2733320633484593,-0.3496214175839647
200.191363015,-0.06172368316779592,0.2734593760793953,-0.34962435040465856
200.24031588800003,-0.06172368316779728,0.27345937607939563,-0.3496243504046568
200.290422865,-0.06182920220021246,0.2735777138943511,-0.34962443514605823
200.34043917,-0.06182920220021248,0.2735777138943508,-0.34962443514605646
200.391298042,-0.0619116219651312,0.2737148022558502,-0.3496241783833334
200.441301605,-0.06191162196512926,0.2737148022558502,-0.3496241783833369
200.491398526,-0.06203545122957063,0.2738597571081045,-0.34962384009086556
200.541399108,-0.062035451229570215,0.27385975710810406,-0.3496238400908638
200.591271867,-0.06220572396150725,0.27420251192736167,-0.3496253512357672
200.641306877,-0.06220572396150853,0.2742025119273621,-0.349625351235769
200.691505711,-0.06231626034811799,0.2744671595785333,-0.34962672547395357
200.741415769,-0.06231626034811817,0.2744671595785332,-0.34962672547395535
200.791326253,-0.06243081052603161,0.27487489329422293,-0.3496302906740354
200.841305834,-0.0624308105260315,0.274874893294224,-0.3496302906740354
200.891430313,-0.06270231482742394,0.27521314952840137,-0.34963404463637104
200.942352819,-0.06270231482742439,0.27521314952840026,-0.34963404463637104
200.992460611,-0.06266194402325809,0.27501682913303394,-0.3496312118906939
201.042352965,-0.06266194402325745,0.2750168291330337,-0.3496312118906939
201.09242497800005,-0.06295998018212923,0.2750653630212876,-0.3496337769195481
201.142339296,-0.0629599801821289,0.2750653630212866,-0.3496337769195499
201.19267465700003,-0.06324834742614305,0.275313733136445,-0.34963840007473657
201.242469987,-0.0632483474261416,0.2753137331364457,-0.3496384000747348
201.291441363,-0.06334083925766754,0.2755638319583491,-0.3496388797472143
201.341294789,-0.0633408392576662,0.27556383195835,-0.3496388797472161
201.392490718,-0.06353392978940536,0.2757709254052694,-0.3496405657338091
201.442439983,-0.06353392978940658,0.2757709254052684,-0.3496405657338091
201.491764767,-0.06365605763481662,0.2760174463964158,-0.3496415543903115
201.54238357,-0.0636560576348155,0.276017446396416,-0.349641554390308
201.592651502,-0.06382884186553711,0.27622627584042236,-0.34964381466824257
201.642408292,-0.06382884186553595,0.2762262758404217,-0.34964381466824257
201.692662112,-0.06400083690384928,0.2764136476951087,-0.34964589640715005
201.74238866,-0.0640008369038485,0.2764136476951081,-0.34964589640715005
201.792410874,-0.06422709202029797,0.2764740982626158,-0.34964777940956715
201.842357972,-0.06422709202029808,0.2764740982626167,-0.3496477794095618
201.892555326,-0.06412284903938281,0.27661286551539443,-0.3496428571399637
201.943426497,-0.06412284903938337,0.2766128655153958,-0.3496428571399619
201.993432525,-0.06421241464308403,0.2767105691812356,-0.3496437112482482
202.043659473,-0.06421241464308314,0.2767105691812356,-0.3496437112482482
202.09350177,-0.06434675819125801,0.2768070113193043,-0.3496445025548027
202.143302083,-0.06434675819125901,0.27680701131930485,-0.3496445025548027
202.193366096,-0.06452192263572365,0.2767908152306669,-0.3496447308085049
202.24341240400005,-0.0645219226357237,0.27679081523066795,-0.34964473080850134
202.293453175,-0.06468569749150588,0.27675139765171664,-0.34964454393150923
202.343298027,-0.06468569749150621,0.2767513976517166,-0.3496445439315039
202.393375819,-0.06478490309275675,0.27675346320021127,-0.3496434907735111
202.444441871,-0.0647849030927572,0.2767534632002111,-0.34964349077351464
202.494474993,-0.06492218012719242,0.27673090904180087,-0.34964333026498373
202.544385071,-0.06492218012719264,0.2767309090418006,-0.3496433302649855
202.594341115,-0.06506392786082327,0.2765801782552366,-0.34964301061288516
202.644515616,-0.06506392786082493,0.2765801782552357,-0.34964301061288694
202.693416192,-0.06525234128592405,0.27645061609132804,-0.3496429476366476
202.743333289,-0.06525234128592361,0.2764506160913286,-0.3496429476366476
202.793638427,-0.06545776526493108,0.27626500759921635,-0.349642152254523
202.843502762,-0.06545776526493219,0.276265007599218,-0.349642152254523
202.893587425,-0.06572131211822585,0.2759419214236971,-0.3496438277800884
202.943599529,-0.06572131211822652,0.27594192142369667,-0.3496438277800902
202.994319729,-0.06590150928975924,0.2757696529710654,-0.3496433300699504
203.044560234,-0.06590150928976013,0.27576965297106243,-0.3496433300699504
203.094466776,-0.06606265142853807,0.27544758797089874,-0.3496442343427457
203.144306036,-0.0660626514285374,0.27544758797089886,-0.34964423434274217
203.194348808,-0.06601003700640051,0.2755537784146538,-0.3496412168698715
203.244614981,-0.06601003700640051,0.27555377841465356,-0.3496412168698715
203.294448908,-0.06604158397829063,0.275331423909594,-0.3496373849256198
203.344317077,-0.06604158397829107,0.27533142390959386,-0.3496373849256216
203.39520702700003,-0.06610954446570272,0.2751590035708402,-0.3496335774077064
203.44580635000003,-0.0661095444657025,0.2751590035708411,-0.3496335774077064
203.494935717,-0.06620395164736559,0.2750890687750027,-0.34963228008530045
203.545282118,-0.0662039516473667,0.2750890687750043,-0.3496322800853022
203.595615628,-0.06630260992264714,0.27502308707873935,-0.34963085620882595
203.645511281,-0.0663026099226458,0.27502308707874024,-0.34963085620882595
203.695394969,-0.06648101874672085,0.2749522377505744,-0.34963129431428186
203.745378516,-0.06648101874671941,0.2749522377505753,-0.34963129431427653
203.79546766,-0.06659057462699103,0.27487481506863043,-0.3496305029139606
203.84567598,-0.0665905746269897,0.2748748150686313,-0.3496305029139659
203.89548372,-0.06663257554345725,0.2747742970171896,-0.34962759856052905
203.945620091,-0.06663257554345703,0.27477429701718936,-0.3496275985605273
203.995334382,-0.06680278465768119,0.2748030747256509,-0.34962829543535534
204.045730341,-0.06680278465768047,0.2748030747256529,-0.3496282954353571
204.095507747,-0.06694480085188392,0.2748004421783832,-0.3496293047416916
204.145364972,-0.06694480085188242,0.27480044217838406,-0.3496293047416916
204.196216347,-0.06701014645029185,0.2747275170007879,-0.34962830190051086
204.24549076,-0.06701014645029246,0.27472751700079057,-0.34962830190051264
204.29540091400003,-0.06706187732665525,0.2746800844758426,-0.34962748596227655
204.345288363,-0.06706187732665603,0.2746800844758419,-0.3496274859622748
204.39554924100003,-0.06717685960779929,0.2746647123635444,-0.3496272998029415
204.446475509,-0.06717685960779907,0.27466471236354484,-0.3496272998029415
204.49647289,-0.06730207549900014,0.2746634732020927,-0.34962741895215643
204.546360006,-0.06730207549900025,0.27466347320209206,-0.34962741895215643
204.596371276,-0.06746148674686836,0.27474690652373646,-0.34962867957651333
204.646776996,-0.06746148674686858,0.27474690652373823,-0.34962867957651333
204.696353001,-0.06778138306665693,0.27475503263246126,-0.3496338244463235
204.746392551,-0.06778138306665782,0.2747550326324615,-0.3496338244463235
204.796433398,-0.06806156960309068,0.27489488382328586,-0.3496401448390234
204.846661367,-0.06806156960309143,0.27489488382328364,-0.3496401448390216
204.897392847,-0.06823438956166566,0.2750708049220323,-0.34964455304087494
204.94731691,-0.06823438956166494,0.2750708049220312,-0.3496445530408767
204.997290865,-0.06821271912720506,0.2751565609212071,-0.34964290481484994
205.047683177,-0.06821271912720439,0.27515656092120566,-0.34964290481484994
205.097583127,-0.06850713639638006,0.2751679349537799,-0.34964772506700825
205.147310068,-0.06850713639637879,0.27516793495377934,-0.34964772506700825
205.197350471,-0.06874322284197365,0.27522311831740653,-0.3496510573250564
205.247617127,-0.06874322284197507,0.27522311831740653,-0.34965105732505997
205.296407384,-0.06888980335803391,0.2753562002460522,-0.3496532824432581
205.347295244,-0.06888980335803463,0.27535620024605145,-0.3496532824432581
205.397332424,-0.06902796580768479,0.2754930235784825,-0.34965694925941726
205.447394532,-0.0690279658076845,0.2754930235784834,-0.34965694925941726
205.497535571,-0.06916747223120856,0.27547234084050864,-0.34965812535177854
205.547311032,-0.06916747223120834,0.27547234084050887,-0.34965812535177676
205.597334027,-0.0691445151010531,0.27541558967257185,-0.34965378827230076
205.647479695,-0.06914451510105302,0.2754155896725716,-0.34965378827230076
205.698023183,-0.0691231770244292,0.27539738125727475,-0.3496511351186431
205.747391454,-0.0691231770244283,0.2753973812572754,-0.3496511351186449
205.798296315,-0.06915433586804381,0.27551519493201027,-0.34965172333550854
205.848645384,-0.06915433586804517,0.2755151949320087,-0.3496517233355103
205.89842957,-0.06925169388541308,0.27556383830998943,-0.3496522197811789
205.948383765,-0.06925169388541352,0.2755638383099902,-0.34965221978118066
205.998299476,-0.06945176477012137,0.2755120184200429,-0.3496532123774827
206.048496352,-0.06945176477012249,0.27551201842004247,-0.3496532123774809
206.098607223,-0.06955662640679328,0.2755123912309574,-0.34965368083073756
206.148369647,-0.06955662640679328,0.27551239123095855,-0.34965368083073933
206.198327065,-0.06980929258732826,0.27544031052579054,-0.3496584684600865
206.248429417,-0.06980929258732893,0.27544031052579176,-0.3496584684600865
206.299131414,-0.06993006278169256,0.2754580569361764,-0.34966006649860937
206.348317176,-0.06993006278169345,0.2754580569361781,-0.3496600664986076
206.39841200900003,-0.0701071042347099,0.2755311282940982,-0.3496649866171442
206.44877358,-0.07010710423470878,0.27553112829409954,-0.3496649866171442
206.498540227,-0.0702299053740833,0.27553297443522995,-0.34966779388033586
206.548341191,-0.07022990537408412,0.2755329744352297,-0.34966779388033586
206.59828596000003,-0.07041926047902569,0.2755242250362901,-0.3496717512191587
206.648365273,-0.07041926047902433,0.2755242250362908,-0.3496717512191587
206.698425178,-0.0706016471716506,0.27554514648553985,-0.3496760030318704
206.749158751,-0.07060164717164902,0.27554514648554007,-0.34967600303186863
206.799866971,-0.07072909288248597,0.2755653464457042,-0.34967949475507254
206.849943767,-0.07072909288248552,0.27556534644570463,-0.3496794947550743
206.899612909,-0.07084660707724222,0.2756043106201414,-0.34968260503742776
206.949426412,-0.07084660707724122,0.2756043106201404,-0.34968260503742954
206.999302066,-0.07096674504671469,0.27561856087664083,-0.3496857636335129
207.049704196,-0.07096674504671485,0.27561856087664083,-0.3496857636335129
207.099518661,-0.07108376955164161,0.2756267633782161,-0.34968879704326206
207.149323682,-0.07108376955164233,0.27562676337821607,-0.34968879704326206
207.199315176,-0.07124402931310345,0.2756238647746818,-0.34969295050301774
207.249356007,-0.07124402931310284,0.27562386477468104,-0.34969295050301596
207.300783565,-0.07133131636203693,0.2756124137283466,-0.34969482289558584
207.350297273,-0.07133131636203757,0.27561241372834566,-0.34969482289558407
207.400480056,-0.07143038217515679,0.2756039221289375,-0.34969704141810354
207.450465791,-0.07143038217515715,0.27560392212893836,-0.34969704141810354
207.500254551,-0.07153784946405911,0.2755970359255143,-0.34969965625207067
207.549295546,-0.07153784946405858,0.2755970359255154,-0.34969965625207067
207.599320691,-0.07165212527998376,0.27558442961532537,-0.34970265072674955
207.649319278,-0.07165212527998237,0.27558442961532637,-0.3497026507267478
207.699300272,-0.07176948291269881,0.2755879392510088,-0.34970561518315435
207.750515467,-0.0717694829126978,0.2755879392510094,-0.34970561518315435
207.80028293,-0.07196586863520649,0.27558114261116595,-0.3497110167801676
207.850301056,-0.07196586863520665,0.27558114261116556,-0.3497110167801676
207.900515694,-0.07210655802663377,0.2755292908903756,-0.34971496820489634
207.950363218,-0.07210655802663485,0.2755292908903761,-0.3497149682048999
208.000338878,-0.07221436624925515,0.27551958933959797,-0.3497176631661443
208.05028963100003,-0.0722143662492541,0.2755195893395977,-0.34971766316614605
208.100309109,-0.07233911466273155,0.2755107975805332,-0.3497216741973599
208.150273232,-0.07233911466273063,0.27551079758053343,-0.3497216741973599
208.200329694,-0.07263684043920732,0.2754763283528296,-0.3497302390014845
208.251706047,-0.07263684043920707,0.2754763283528303,-0.34973023900148625
208.301284814,-0.07281283584416759,0.2754583795965297,-0.34973566647481036
208.351292755,-0.07281283584416648,0.27545837959653074,-0.34973566647481036
208.401289528,-0.07294472125556326,0.2754403374436114,-0.349740025310771
208.452029752,-0.07294472125556262,0.27544033744361274,-0.3497400253107692
208.50127264800005,-0.07316090996438293,0.2754475292973838,-0.3497470353410055
208.551302442,-0.07316090996438193,0.2754475292973849,-0.3497470353410055
208.601284974,-0.07331544386950457,0.2754369827512939,-0.349752106522752
208.651312545,-0.07331544386950481,0.2754369827512919,-0.3497521065227538
208.701305651,-0.07348294333532568,0.27540360180889784,-0.34975754015265537
208.752383524,-0.0734829433353244,0.2754036018088972,-0.3497575401526536
208.802285607,-0.07367147954542087,0.2753687566252566,-0.3497634311292739
208.852684552,-0.07367147954542047,0.2753687566252566,-0.3497634311292721
208.903060718,-0.07397159517720509,0.2753207192094067,-0.3497729085316088
208.952579669,-0.07397159517720589,0.275320719209407,-0.3497729085316106
209.001319389,-0.07414592793182904,0.2753016177141307,-0.3497787826973511
209.051290846,-0.07414592793182972,0.27530161771413125,-0.3497787826973493
209.101321178,-0.07432125510127335,0.2752785630941476,-0.34978456532817326
209.151526779,-0.07432125510127442,0.2752785630941476,-0.34978456532816793
209.201382471,-0.07460792347697617,0.2751785385931159,-0.3497943138534083
209.252393192,-0.07460792347697649,0.27517853859311736,-0.3497943138534083
209.302286145,-0.07477133787317305,0.27513711633153237,-0.34979937008475126
209.352443373,-0.07477133787317301,0.27513711633153237,-0.3497993700847495
209.402314121,-0.07498312756348106,0.2750973517181636,-0.34980644185131915
209.452756958,-0.07498312756348051,0.275097351718165,-0.3498064418513209
209.502296206,-0.07530236143439681,0.274977043107409,-0.3498169263101083
209.553444954,-0.07530236143439639,0.2749770431074089,-0.3498169263101083
209.602327516,-0.0754639261648134,0.27492856723729836,-0.3498220788141069
209.653501395,-0.07546392616481262,0.27492856723729686,-0.3498220788141069
209.702297303,-0.07582200573096298,0.274849969655385,-0.34983322255693494
209.752629893,-0.07582200573096254,0.27484996965538366,-0.34983322255693317
209.80329402,-0.07600675101642981,0.27478696974373124,-0.34983934418698226
209.85367644700003,-0.07600675101643062,0.27478696974373196,-0.34983934418698404
209.903271273,-0.07631005683110237,0.2747137905909535,-0.3498510974776341
209.953399592,-0.07631005683110242,0.27471379059095274,-0.3498510974776359
210.002295544,-0.07643937420720853,0.2746739072154319,-0.3498560258454866
210.053781201,-0.07643937420720937,0.2746739072154307,-0.34985602584549014
210.102464271,-0.07658108105552225,0.2746450692653954,-0.34986155739406755
210.15416894,-0.07658108105552314,0.27464506926539567,-0.34986155739406755
210.203293165,-0.0768920226408969,0.2746021652375886,-0.34987383456644316
210.25351812,-0.07689202264089764,0.27460216523758957,-0.3498738345664414
210.303321624,-0.07712366987030939,0.27458149606876525,-0.3498833831338519
210.353401293,-0.0771236698703085,0.2745814960687645,-0.3498833831338537
210.403297432,-0.07743162403518775,0.27452855675425497,-0.3498946375415013
210.453402472,-0.07743162403518686,0.2745285567542548,-0.3498946375415013
210.503314502,-0.07782089123185365,0.27444396331106335,-0.34990912776536476
210.553351723,-0.07782089123185337,0.2744439633110642,-0.34990912776536476
210.604311943,-0.07803725776106407,0.2744225913789,-0.34991817107077594
210.65431407000003,-0.0780372577610639,0.2744225913789006,-0.3499181710707724
210.704299436,-0.07829800874760756,0.27441411760557577,-0.3499294717098369
210.754477092,-0.0782980087476074,0.274414117605576,-0.3499294717098351
210.80427326300003,-0.07864342292601911,0.2744230466129869,-0.3499436182769369
210.854385212,-0.07864342292601997,0.2744230466129867,-0.3499436182769369
210.904272648,-0.0789976736325545,0.2744154512253366,-0.34995774781063993
210.954333335,-0.0789976736325545,0.27441545122533756,-0.3499577478106417
211.004303479,-0.07921292826767212,0.2744047300175576,-0.3499668583271145
211.053515098,-0.07921292826767279,0.2744047300175575,-0.3499668583271127
211.104293493,-0.0795783461917614,0.2743678473927249,-0.3499813865531074
211.154341179,-0.0795783461917608,0.27436784739272424,-0.3499813865531056
211.20430836000003,-0.07980401832012468,0.274349304190138,-0.3499904170426831
211.254376307,-0.07980401832012324,0.27434930419013787,-0.3499904170426831
211.304293504,-0.08005597659028485,0.2743431064694235,-0.3500011248020236
211.354339523,-0.08005597659028572,0.27434310646942445,-0.35000112480202183
211.404294833,-0.08032384369950298,0.2743466523506676,-0.35001324198766604
211.45438767,-0.08032384369950256,0.27434665235066813,-0.3500132419876696
211.504292885,-0.0806117615250569,0.27434427899564373,-0.3500255796196523
211.554355294,-0.08061176152505656,0.2743442789956438,-0.3500255796196541
211.60529864300003,-0.08076113552540776,0.27435492554965557,-0.35003219701026644
211.655322161,-0.08076113552540737,0.27435492554965646,-0.35003219701027
211.705278953,-0.08101964862046855,0.27435638967589376,-0.3500436821727835
211.755641527,-0.08101964862046845,0.2743563896758933,-0.35004368217277815
211.80528324500003,-0.08137749705687404,0.2743514205986066,-0.35005942658890987
211.855315302,-0.0813774970568728,0.27435142059860484,-0.35005942658891165
211.905288095,-0.08171171912977593,0.27433254670571183,-0.35007368524933824
211.955379711,-0.08171171912977582,0.2743325467057122,-0.35007368524933646
212.005306279,-0.08206628292665025,0.2742946524068266,-0.35008936213375463
212.056482716,-0.08206628292664975,0.27429465240682693,-0.35008936213375286
212.106274925,-0.08240772248851141,0.2742701550735936,-0.350105010963933
212.156385838,-0.08240772248851123,0.2742701550735945,-0.35010501096393654
212.206292035,-0.08274850349352478,0.274261060062766,-0.3501201519257524
212.256359834,-0.08274850349352608,0.2742610600627664,-0.35012015192575596
212.30530855,-0.08308128268911374,0.2742490849073101,-0.35013504296919606
212.355359515,-0.08308128268911524,0.2742490849073091,-0.35013504296919606
212.405262471,-0.0834230711339485,0.27425854729969956,-0.35015052381042544
212.455449611,-0.08342307113394481,0.27425854729969956,-0.35015052381042544
212.505387921,-0.08361120568235918,0.2742826998031719,-0.35015970036933375
212.55545112700003,-0.08361120568235803,0.27428269980317366,-0.35015970036933375
212.60628397,-0.08393512799075808,0.27430387762305597,-0.3501774018834407
212.656314026,-0.08393512799075639,0.2743038776230564,-0.3501774018834407
212.70628374600005,-0.08423553759245703,0.27432428262159736,-0.35019290489608146
212.756371824,-0.08423553759245558,0.27432428262159747,-0.35019290489608146
212.806301985,-0.08449458985102287,0.2743393159135253,-0.3502060272978422
212.856331061,-0.0844945898510229,0.2743393159135269,-0.3502060272978387
212.906314467,-0.08479186642334766,0.2743526183587355,-0.35022149852854056
212.956312837,-0.08479186642334818,0.2743526183587355,-0.350221498528537
213.006331967,-0.08506715935153406,0.2743833405941523,-0.3502360167049101
213.057323635,-0.08506715935153256,0.27438334059415137,-0.35023601670490656
213.107267094,-0.08542414881763707,0.27441388200586986,-0.3502542861315536
213.157344061,-0.08542414881763583,0.2744138820058725,-0.3502542861315536
213.207307077,-0.08578694684826074,0.2744448266356182,-0.3502734294375429
213.257309762,-0.08578694684826223,0.2744448266356178,-0.35027342943754647
213.307320596,-0.08601091110298748,0.2744708332129635,-0.3502859861650567
213.358363045,-0.08601091110298717,0.2744708332129626,-0.3502859861650567
213.407669949,-0.08628853831150186,0.27449640426630273,-0.3502988107521414
213.457961595,-0.08628853831150098,0.27449640426630106,-0.35029881075213964
213.507294037,-0.0864684533983621,0.27451711003978296,-0.3503078399838131
213.558347339,-0.08646845339836343,0.27451711003978296,-0.3503078399838113
213.60830678,-0.08665538837205713,0.27453585582038925,-0.3503172659982958
213.658287427,-0.08665538837205705,0.27453585582039075,-0.3503172659982976
213.708303946,-0.08684790939621206,0.2745501402823281,-0.3503268065647358
213.757295221,-0.08684790939621313,0.27455014028232766,-0.35032680656473403
213.807371003,-0.08705402939325833,0.27456350488159226,-0.3503371297010176
213.857324204,-0.08705402939325935,0.274563504881593,-0.3503371297010194
213.907304685,-0.08733160230622095,0.2745740504646572,-0.35035254759712586
213.957311204,-0.08733160230622183,0.2745740504646563,-0.35035254759712586
214.00731894600003,-0.08753816277828386,0.27457650684159285,-0.35036374261220793
214.057402396,-0.08753816277828463,0.2745765068415922,-0.3503637426122097
214.10827090900003,-0.08773349910890604,0.2745905596635565,-0.3503740485630207
214.158314412,-0.08773349910890738,0.27459055966355495,-0.35037404856302246
214.208290337,-0.08790664593196973,0.2745962216788336,-0.3503829966109855
214.258411808,-0.08790664593197112,0.2745962216788341,-0.3503829966109855
214.308312432,-0.08810182120576282,0.274598039977738,-0.350393865518134
214.358356861,-0.0881018212057636,0.27459803997773957,-0.35039386551813223
214.408324396,-0.08829735142374862,0.2746070887151826,-0.35040433531162485
214.458339879,-0.08829735142374906,0.2746070887151818,-0.35040433531162307
214.50830084,-0.08849631032095284,0.27461645083287844,-0.350414938952456
214.559379588,-0.08849631032095331,0.2746164508328774,-0.35041493895245424
214.609286269,-0.08869520181349877,0.27462444680647297,-0.35042566856125923
214.659321289,-0.0886952018134971,0.2746244468064718,-0.350425668561261
214.709297566,-0.08890342000548368,0.2746377429723733,-0.3504369152214615
214.75938444200003,-0.08890342000548257,0.2746377429723731,-0.35043691522146503
214.809381239,-0.0891106223698852,0.27465139095660995,-0.3504484034020283
214.859316107,-0.08911062236988476,0.27465139095660906,-0.35044840340202654
214.908325291,-0.08935185330498507,0.2746614983335789,-0.3504621678575184
214.958346738,-0.08935185330498552,0.2746614983335789,-0.3504621678575184
215.00931329500003,-0.08959013752516798,0.27467375335275546,-0.3504769299799495
215.05932476,-0.08959013752516576,0.27467375335275557,-0.3504769299799495
215.109286407,-0.0898049838001449,0.27469080701296195,-0.3504897212441733
215.159308336,-0.08980498380014512,0.27469080701296267,-0.3504897212441733
215.209309985,-0.09003256023832673,0.27470232814312134,-0.35050256609398467
215.259363934,-0.09003256023832762,0.2747023281431209,-0.35050256609398467
215.309299672,-0.09026910102519148,0.27471169226267567,-0.3505167999582586
215.359302748,-0.09026910102519037,0.27471169226267755,-0.3505167999582568
215.409315157,-0.09049824527218897,0.27472264816309133,-0.3505298706386597
215.459304046,-0.09049824527218786,0.2747226481630911,-0.3505298706386597
215.51030155,-0.09073254617504656,0.2747378738105348,-0.3505437444245416
215.560323052,-0.09073254617504523,0.2747378738105356,-0.35054374442454517
215.610281218,-0.09096816689793608,0.2747515872557773,-0.350558239655383
215.660304331,-0.09096816689793574,0.27475158725577664,-0.3505582396553848
215.710304907,-0.09118149386171437,0.2747570828572482,-0.35057068160986304
215.760309223,-0.09118149386171559,0.2747570828572484,-0.35057068160986304
215.810428101,-0.09140494623469841,0.27476573436685015,-0.3505834567434736
215.860297059,-0.09140494623469797,0.27476573436685,-0.35058345674347535
215.910292635,-0.09161689017713881,0.2747631627926531,-0.3505957311844554
215.9603609,-0.09161689017713895,0.2747631627926528,-0.35059573118445364
216.011285826,-0.09187929390418753,0.2747751498082676,-0.35061177480254635
216.061418817,-0.09187929390418725,0.27477514980826806,-0.35061177480254635
216.111290756,-0.09212224537532965,0.2747677161590341,-0.35062557912209513
216.161312185,-0.09212224537532931,0.2747677161590345,-0.35062557912209513
216.211302298,-0.09233481814127154,0.2747707237278436,-0.3506387412564447
216.260465529,-0.09233481814127131,0.27477072372784456,-0.35063874125644645
216.310278298,-0.0925734902308617,0.27477955446016916,-0.3506534372356036
216.360282374,-0.09257349023086081,0.27477955446017016,-0.3506534372356036
216.410300674,-0.09279051811602113,0.27477924269811344,-0.35066626427957814
216.460472611,-0.09279051811602057,0.27477924269811255,-0.35066626427957814
216.510319438,-0.09300731892992614,0.2747741980000103,-0.3506787589818732
216.561411614,-0.09300731892992556,0.2747741980000119,-0.3506787589818696
216.611331593,-0.09324440499602502,0.2747701743921755,-0.3506927896962342
216.66130622300005,-0.09324440499602527,0.27477017439217627,-0.35069278969623774
216.711484198,-0.09347957163930759,0.27476514568047,-0.35070628105676604
216.76150651600005,-0.09347957163930776,0.27476514568047095,-0.3507062810567678
216.811524075,-0.09373813281814392,0.27475507245120034,-0.3507209331985699
216.861307121,-0.09373813281814285,0.27475507245120173,-0.3507209331985699
216.91131682800005,-0.09398562051510653,0.27475818224858894,-0.35073614206561565
216.961348166,-0.0939856205151074,0.27475818224858894,-0.3507361420656139
217.012623705,-0.09422751503257801,0.27475655857885456,-0.35075049399960356
217.062303616,-0.09422751503257826,0.27475655857885384,-0.3507504939996
217.112663991,-0.09442113841468669,0.2747522323106948,-0.35076113854053403
217.162340123,-0.09442113841468819,0.27475223231069423,-0.3507611385405305
217.212535915,-0.09442113841468969,0.2747522323106954,-0.35076113854053403
217.262310423,-0.09442113841468969,0.2747522323106938,-0.3507611385405305
217.312466546,-0.09442113841468869,0.274752232310695,-0.3507611385405305
217.362320726,-0.09442113841468996,0.2747522323106948,-0.35076113854053226
217.412628006,-0.09466294778745879,0.274739649390145,-0.3507752980209986
217.462354696,-0.09466294778745712,0.27473964939014606,-0.35077529802100216
217.51240046100003,-0.09491134021335829,0.2747376740918461,-0.35079048288226744
217.562290902,-0.09491134021335756,0.27473767409184546,-0.35079048288226566
217.612582403,-0.09491134021335856,0.27473767409184446,-0.35079048288226744
217.662323613,-0.09491134021335756,0.2747376740918459,-0.35079048288226744
217.71256274100003,-0.09517512743495593,0.27471143495560635,-0.3508070360326503
217.762295413,-0.09517512743495482,0.27471143495560735,-0.3508070360326503
217.812481056,-0.09542173679365851,0.27469193491276367,-0.35082274191336715
217.862312569,-0.09542173679365828,0.2746919349127641,-0.35082274191336893
217.91264814700003,-0.09563640829965525,0.27467593663710055,-0.3508369808286478
217.963310245,-0.09563640829965547,0.2746759366371019,-0.3508369808286478
218.013373419,-0.09585214340692527,0.274667772577183,-0.35085198102086146
218.063342198,-0.09585214340692616,0.2746677725771828,-0.35085198102086146
218.11338413,-0.09606866565216488,0.274661628857305,-0.3508679117422293
218.163414709,-0.09606866565216521,0.2746616288573049,-0.3508679117422293
218.213553351,-0.09630412808696431,0.2746548108857563,-0.35088598318943554
218.263358991,-0.09630412808696542,0.27465481088575583,-0.35088598318943287
218.313349864,-0.09653581830264346,0.27465999493117055,-0.35090312161293724
218.363306606,-0.09653581830264502,0.27465999493116977,-0.35090312161293724
218.414354652,-0.09674344417573844,0.27465346829315007,-0.3509176472995197
218.464303764,-0.09674344417573932,0.2746534682931498,-0.3509176472995179
218.514328694,-0.09691371247561209,0.2746397280227464,-0.3509296215395157
218.564323624,-0.09691371247561165,0.2746397280227447,-0.35092962153951746
218.61340564800005,-0.09710182535902767,0.2746204924633626,-0.35094255291677
218.663369927,-0.09710182535902878,0.27462049246336206,-0.35094255291677
218.713396044,-0.09732472164030104,0.27462348617794924,-0.35095943665653095
218.763288837,-0.09732472164030104,0.27462348617794885,-0.3509594366565274
218.813365845,-0.09755983293012704,0.27463420224419277,-0.3509782050354726
218.863321051,-0.09755983293012571,0.2746342022441924,-0.35097820503547084
218.914329354,-0.09779415720160634,0.2746074093771155,-0.35099567650091146
218.964266985,-0.09779415720160534,0.2746074093771149,-0.35099567650091146
219.014330807,-0.09799663225376709,0.27462188750211536,-0.3510119702938752
219.064312385,-0.09799663225376656,0.2746218875021152,-0.3510119702938752
219.114350169,-0.09799663225376598,0.27462188750211686,-0.3510119702938752
219.164269187,-0.09799663225376587,0.27462188750211697,-0.3510119702938752
219.214332917,-0.09819785990175522,0.27459102856095136,-0.3510263977313617
219.264347293,-0.09819785990175633,0.2745910285609521,-0.35102639773136346
219.314366983,-0.09819785990175667,0.2745910285609525,-0.3510263977313617
219.365308598,-0.09819785990175595,0.27459102856095186,-0.35102639773136346
219.415406386,-0.09819785990175656,0.27459102856095136,-0.35102639773136346
219.465348646,-0.09819785990175567,0.274591028560952,-0.35102639773136346
219.515425173,-0.09842464415330654,0.2745715846754277,-0.35104358972502503
219.565282632,-0.09842464415330651,0.27457158467542775,-0.35104358972502503
219.61537216,-0.09842464415330676,0.2745715846754281,-0.3510435897250268
219.66539344300003,-0.09842464415330754,0.2745715846754293,-0.3510435897250268
219.714332979,-0.09842464415330698,0.2745715846754292,-0.3510435897250268
219.764398376,-0.09842464415330632,0.2745715846754294,-0.3510435897250286
219.815341342,-0.09842464415330654,0.2745715846754285,-0.35104358972502503
219.865303197,-0.09842464415330693,0.27457158467542864,-0.3510435897250286
219.915343964,-0.09842464415330737,0.27457158467542864,-0.35104358972502503
219.965301633,-0.09842464415330782,0.2745715846754291,-0.35104358972502503
220.015019363,-0.0984246441533076,0.2745715846754293,-0.3510435897250268
220.065483117,-0.0984246441533061,0.2745715846754281,-0.35104358972502503
220.115886164,-0.0984246441533066,0.27457158467542875,-0.3510435897250268
220.165290208,-0.09842464415330604,0.2745715846754284,-0.35104358972502503
220.215314437,-0.09842464415330654,0.2745715846754284,-0.3510435897250268
220.266291999,-0.0984246441533071,0.27457158467542964,-0.3510435897250286
220.316310986,-0.09842464415330737,0.2745715846754285,-0.3510435897250268
220.366324826,-0.09842464415330637,0.2745715846754279,-0.3510435897250286
220.41630221800003,-0.0984246441533072,0.2745715846754286,-0.3510435897250268
220.46629989,-0.09842464415330665,0.27457158467542786,-0.3510435897250268
220.516377344,-0.09842464415330632,0.27457158467542936,-0.3510435897250268
220.566292381,-0.0984246441533067,0.2745715846754294,-0.35104358972502503
220.616367261,-0.09842464415330704,0.2745715846754282,-0.3510435897250268
220.66628844700003,-0.09842464415330765,0.27457158467542797,-0.35104358972503036
220.718303883,-0.09842464415330682,0.27457158467542875,-0.35104358972502503
220.767316461,-0.09842464415330571,0.2745715846754291,-0.3510435897250268
220.817399786,-0.09842464415330743,0.27457158467542964,-0.3510435897250268
220.866354564,-0.0984246441533076,0.2745715846754281,-0.3510435897250268
220.91787601,-0.09842464415330793,0.2745715846754283,-0.3510435897250286
220.966312444,-0.0984246441533062,0.27457158467542947,-0.35104358972502503
221.02191540400003,-0.0984246441533066,0.27457158467542925,-0.3510435897250268
221.066367644,-0.09842464415330754,0.2745715846754292,-0.3510435897250286
221.126580982,-0.09842464415330743,0.274571584675429,-0.3510435897250268
221.166340876,-0.09842464415330748,0.27457158467542914,-0.3510435897250268
221.228562831,-0.0984246441533061,0.2745715846754292,-0.3510435897250268
221.267303592,-0.09842464415330765,0.27457158467542836,-0.35104358972502325
221.331520236,-0.09842464415330626,0.2745715846754285,-0.3510435897250268
221.36736157,-0.09842464415330693,0.2745715846754294,-0.3510435897250286
221.44021964,-0.09842464415330637,0.2745715846754279,-0.35104358972502503
221.467299708,-0.09842464415330626,0.2745715846754289,-0.3510435897250268
221.538973413,-0.09842464415330615,0.27457158467542914,-0.3510435897250286
221.567396095,-0.09842464415330698,0.27457158467542875,-0.35104358972502325
221.642912653,-0.09842464415330704,0.27457158467542836,-0.3510435897250268
221.668311308,-0.09842464415330648,0.27457158467542775,-0.35104358972502503
221.745283098,-0.09842464415330693,0.2745715846754285,-0.3510435897250286
221.768305671,-0.09842464415330648,0.27457158467542814,-0.3510435897250268
221.84840631,-0.0984246441533076,0.2745715846754285,-0.3510435897250268
221.868302647,-0.09842464415330615,0.2745715846754282,-0.35104358972502503
221.951015215,-0.09842464415330687,0.27457158467542864,-0.35104358972503036
221.968349478,-0.0984246441533072,0.27457158467542914,-0.3510435897250286
222.055861471,-0.09842464415330704,0.27457158467542775,-0.35104358972502503
222.06834867600003,-0.09842464415330726,0.274571584675429,-0.3510435897250286
222.157552064,-0.09842464415330765,0.27457158467542864,-0.3510435897250268
222.16831378,-0.09842464415330676,0.2745715846754286,-0.3510435897250268
222.261628795,-0.09842464415330726,0.274571584675429,-0.3510435897250286
222.268409632,-0.0984246441533076,0.2745715846754283,-0.3510435897250268
222.362267197,-0.09842464415330682,0.27457158467542886,-0.35104358972503036
222.368372643,-0.09842464415330643,0.2745715846754291,-0.3510435897250268
222.465479618,-0.0984246441533077,0.274571584675428,-0.3510435897250286
222.46832946900005,-0.09842464415330632,0.2745715846754294,-0.3510435897250268
222.684869823,-0.09842464415330626,0.2745715846754292,-0.35104358972502503
222.68741741500003,-0.0984246441533071,0.27457158467542886,-0.3510435897250268
222.79939262200003,-0.09842464415330765,0.2745715846754279,-0.35104358972502325
222.802334274,-0.0984246441533072,0.27457158467542947,-0.3510435897250268
222.918608453,-0.09842464415330604,0.2745715846754283,-0.3510435897250268
222.92091240200003,-0.09842464415330632,0.27457158467542864,-0.35104358972502503
223.039412544,-0.0984246441533072,0.27457158467542936,-0.35104358972502503
223.04201358300003,-0.09842464415330726,0.27457158467542797,-0.35104358972502503
223.044739704,-0.09842464415330687,0.27457158467542875,-0.3510435897250268
223.167580764,-0.09842464415330637,0.27457158467542797,-0.3510435897250268
223.293983678,-0.0984246441533062,0.27457158467542897,-0.35104358972502503
223.296881846,-0.09842464415330754,0.27457158467542914,-0.35104358972502503
223.299906948,-0.09842464415330637,0.2745715846754282,-0.3510435897250268
223.301318418,-0.09842464415330748,0.27457158467542947,-0.35104358972502503
223.438863441,-0.09842464415330604,0.27457158467542836,-0.3510435897250268
223.439186608,-0.09842464415330726,0.2745715846754295,-0.3510435897250268
223.575806559,-0.0984246441533071,0.274571584675428,-0.35104358972502325
223.578992521,-0.09842464415330693,0.27457158467542836,-0.3510435897250268
223.58008738100003,-0.09842464415330754,0.27457158467542814,-0.3510435897250268
223.582982382,-0.09842464415330626,0.2745715846754289,-0.3510435897250268
223.726803379,-0.09842464415330598,0.27457158467542875,-0.35104358972502503
223.727861404,-0.09842464415330598,0.2745715846754284,-0.35104358972502325
223.872693794,-0.09842464415330754,0.27457158467542864,-0.3510435897250268
223.877521685,-0.09842464415330587,0.27457158467542947,-0.3510435897250268
224.025016194,-0.09842464415330593,0.27457158467542897,-0.3510435897250286
224.02707912800005,-0.09842464415330687,0.2745715846754285,-0.35104358972502503
224.029515732,-0.09842464415330732,0.2745715846754295,-0.3510435897250268
224.033246356,-0.09842464415330615,0.2745715846754285,-0.3510435897250286
224.18909881200003,-0.0984246441533076,0.2745715846754284,-0.35104358972502325
224.191498229,-0.09842464415330598,0.2745715846754287,-0.3510435897250268
224.194575407,-0.0984246441533061,0.27457158467542775,-0.3510435897250268
224.197896692,-0.09842464415330754,0.27457158467542925,-0.3510435897250268
224.361754853,-0.09842464415330632,0.2745715846754282,-0.3510435897250268
224.362118077,-0.09842464415330715,0.27457158467542814,-0.3510435897250286
224.52793301800003,-0.0984246441533071,0.2745715846754295,-0.3510435897250268
224.530846298,-0.0984246441533076,0.2745715846754281,-0.35104358972502503
224.53359195700003,-0.09842464415330698,0.2745715846754288,-0.3510435897250286
224.536181755,-0.09842464415330643,0.2745715846754284,-0.3510435897250286
224.71030377,-0.09842464415330715,0.27457158467542886,-0.35104358972502503
224.713136341,-0.09842464415330654,0.27457158467542786,-0.3510435897250268
224.71600773,-0.0984246441533067,0.2745715846754291,-0.3510435897250286
224.718195764,-0.09842464415330693,0.27457158467542825,-0.3510435897250286
224.897898159,-0.09842464415330648,0.27457158467542964,-0.3510435897250268
224.900273574,-0.09842464415330662,0.27457158467542975,-0.3510435897250268
224.90311872100003,-0.09842464415330543,0.2745715846754295,-0.3510435897250268
224.90441888900003,-0.09842464415330776,0.2745715846754293,-0.3510435897250286
225.091844196,-0.09842464415330716,0.2745715846754301,-0.3510435897250268
225.095334064,-0.09842464415330632,0.2745715846754302,-0.3510435897250268
225.096890192,-0.09842464415330654,0.274571584675428,-0.3510435897250286
225.099618146,-0.09842464415330743,0.2745715846754293,-0.3510435897250268
225.293902869,-0.09842464415331009,0.2745715846754286,-0.3510435897250268
225.296417126,-0.09842464415330876,0.27457158467542975,-0.3510435897250268
225.30004948400003,-0.09842464415330943,0.2745715846754285,-0.35104358972502503
225.301969596,-0.09842464415330926,0.2745715846754302,-0.3510435897250268
225.502891907,-0.09842464415330915,0.2745715846754284,-0.3510435897250268
225.505722367,-0.09842464415330904,0.2745715846754293,-0.3510435897250268
225.508013167,-0.09842464415330893,0.27457158467542797,-0.3510435897250259
225.511368454,-0.0984246441533082,0.2745715846754282,-0.3510435897250286
225.71837258,-0.09842464415330882,0.27457158467542886,-0.3510435897250259
225.722684275,-0.09842464415330787,0.27457158467542797,-0.3510435897250277
225.725253535,-0.09842464415330765,0.2745715846754291,-0.3510435897250286
225.72927686000003,-0.0984246441533092,0.2745715846754293,-0.3510435897250277
225.944278119,-0.09842464415330837,0.2745715846754282,-0.3510435897250268
225.947530049,-0.09842464415330765,0.2745715846754282,-0.3510435897250268
225.950128088,-0.0984246441533072,0.2745715846754295,-0.3510435897250268
225.953753798,-0.09842464415330676,0.27457158467542864,-0.3510435897250268
226.173765978,-0.09842464415330644,0.27457158467542886,-0.3510435897250268
226.176661868,-0.09842464415330687,0.2745715846754285,-0.3510435897250277
226.181815352,-0.0984246441533084,0.2745715846754295,-0.3510435897250277
226.182193337,-0.0984246441533088,0.27457158467542886,-0.3510435897250286
226.184164711,-0.09842464415330816,0.27457158467542897,-0.3510435897250268
226.185471824,-0.09842464415330937,0.2745715846754284,-0.3510435897250268
226.417279206,-0.09842464415330891,0.2745715846754263,-0.35104358972502503
226.42041611,-0.09842464415330898,0.2745715846754267,-0.3510435897250286
226.423663983,-0.09842464415330801,0.27457158467542797,-0.3510435897250268
226.42403067100005,-0.09842464415330943,0.27457158467542664,-0.35104358972502503
226.640359805,-0.09842464415330915,0.2745715846754283,-0.3510435897250268
226.6421993,-0.09842464415330832,0.2745715846754278,-0.3510435897250286
226.644692204,-0.09842464415330987,0.2745715846754265,-0.3510435897250286
226.647209091,-0.09842464415330943,0.27457158467542697,-0.3510435897250268
226.870770533,-0.09842464415330698,0.274571584675426,-0.3510435897250268
226.871329806,-0.09842464415330768,0.2745715846754269,-0.35104358972502503
226.871923526,-0.09842464415330918,0.2745715846754275,-0.3510435897250268
226.873676961,-0.09842464415330907,0.27457158467542686,-0.3510435897250286
227.102135708,-0.09842464415330804,0.2745715846754263,-0.3510435897250286
227.104291666,-0.09842464415330791,0.27457158467542775,-0.3510435897250268
227.10636565700003,-0.09842464415330868,0.2745715846754263,-0.3510435897250286
227.108975642,-0.09842464415330981,0.27457158467542714,-0.3510435897250268
227.111822788,-0.09842464415330898,0.27457158467542697,-0.3510435897250286
227.114141738,-0.09842464415330843,0.2745715846754274,-0.3510435897250268
227.35161986000003,-0.09842464415330987,0.27457158467542825,-0.3510435897250268
227.35358977,-0.09842464415330865,0.2745715846754275,-0.3510435897250268
227.357250723,-0.09842464415330976,0.27457158467542664,-0.3510435897250286
227.359550468,-0.0984246441533092,0.27457158467542686,-0.3510435897250268
227.60607954,-0.09842464415330826,0.2745715846754263,-0.3510435897250268
227.606497528,-0.09842464415330865,0.2745715846754271,-0.3510435897250286
227.60689058800003,-0.09842464415331009,0.27457158467542664,-0.35104358972503036
227.608978894,-0.0984246441533091,0.2745715846754275,-0.3510435897250268
227.61177263,-0.09842464415330987,0.2745715846754273,-0.3510435897250268
227.613336054,-0.0984246441533092,0.27457158467542647,-0.3510435897250268
227.86646578800003,-0.09842464415330898,0.27457158467542797,-0.3510435897250268
227.86854514900003,-0.09842464415330898,0.2745715846754264,-0.3510435897250268
244.810534229,1.9984014443252818e-15,9.159339953157541e-16,-1.7763568394002505e-15
244.860574422,1.2212453270876722e-15,1.7763568394002505e-15,-1.7763568394002505e-15
244.910548851,-1.018227834159724e-06,5.6104221284616895e-05,-9.934232920727482e-07
244.961362107,-1.0182278348258578e-06,5.610422128560222e-05,-9.934232920727482e-07
245.01151491700003,0.00046516436861332444,0.0001500818991594377,0.00023404485253486484
245.061586407,0.00046516436861487875,0.00015008189915866055,0.00023404485253486484
245.111313581,0.001103152975174937,-0.00024935811770734895,-0.0003310856182903166
245.161492059,0.0011031529751759361,-0.0002493581177060722,-0.00033108561829209293
245.211502694,-0.0001425745427853231,-0.00011905518499863432,-0.002327977026650885
245.261314744,-0.00014257454278554516,-0.00011905518499887024,-0.002327977026650885
245.31034195100003,-0.00010136388378034766,0.0002570254670878902,-0.004049471572113106
245.360307954,-0.00010136388378090277,0.0002570254670877792,-0.004049471572114882
245.41163225800005,-0.0009691316665396688,0.0005827615380485929,-0.006839149457329441
245.46139563800003,-0.0009691316665383365,0.0005827615380490092,-0.006839149457331217
245.511416737,-0.0008162048629896113,0.00031718452163031347,-0.007956735496719602
245.561479801,-0.0008162048629893892,0.00031718452163022326,-0.007956735496721379
245.61155121700003,-0.0006431743146794178,-0.00024595882373662503,-0.011018440846877198
245.661317208,-0.0006431743146791957,-0.0002459588237365279,-0.011018440846875421
245.711298286,-0.0010355864001705406,-0.00011707064297038217,-0.018200011542329975
245.76151460000003,-0.0010355864001715398,-0.00011707064297016012,-0.018200011542329975
245.812032098,-0.0020211939189045403,0.00016705797685810653,-0.03268052002320587
245.862145906,-0.0020211939189044292,0.00016705797685857837,-0.03268052002320765
245.912450782,-0.0027536924148016118,0.00021058064522273823,-0.044777079755895954
245.962767546,-0.0027536924148017228,0.000210580645222877,-0.044777079755895954
246.012664324,-0.004468666743651428,0.00047458375644753026,-0.0673510406453861
246.062477596,-0.0044686667436529826,0.0004745837564473082,-0.0673510406453861
246.112539216,-0.005881733552742241,0.0006998932602007985,-0.08805477497535641
246.162947671,-0.005881733552741797,0.0006998932602002295,-0.08805477497535641
246.212607453,-0.006935804513107935,0.0008768590935456511,-0.10387882686156402
246.26238439,-0.006935804513106936,0.0008768590935445547,-0.10387882686156402
246.312540849,-0.007958200474891042,0.0010058128482258177,-0.11950848216598686
246.363518227,-0.007958200474892374,0.0010058128482252349,-0.11950848216598686
246.412650311,-0.009439490078583468,0.0012071818979847437,-0.141541903246317
246.462285573,-0.00943949007858269,0.0012071818979844245,-0.14154190324631521
246.512503351,-0.011352370781080201,0.001464394180562073,-0.16997502323388858
246.562298178,-0.01135237078108009,0.0014643941805631971,-0.16997502323388858
246.613310631,-0.01255619180561185,0.001606307143096758,-0.18779043287172925
246.662540795,-0.01255619180561196,0.0016063071430967302,-0.18779043287172925
246.71404587,-0.013959581609567562,0.0017853477313176241,-0.20845612519613965
246.762690111,-0.013959581609567562,0.001785347731318332,-0.20845612519614143
246.81240711900003,-0.015199198915847645,0.0018920629826148297,-0.22705453958941035
246.863474891,-0.01519919891584709,0.0018920629826152807,-0.22705453958941035
246.913444784,-0.016697027100531225,0.00209359018615006,-0.24927788384463767
246.963315579,-0.016697027100531003,0.0020935901861494216,-0.24927788384463767
247.013360551,-0.0183570526627006,0.0024078157213764245,-0.27435776867537953
247.06344945100005,-0.018357052662699935,0.00240781572137673,-0.2743577686753813
247.113400381,-0.01887997921277329,0.00245358427844429,-0.28385498063788006
247.163364274,-0.01887997921277318,0.0024535842784439155,-0.28385498063788006
247.21337591,-0.019569710914448812,0.0026008726259490467,-0.29181026586803505
247.26330293100003,-0.019569710914450145,0.0026008726259507745,-0.2918102658680368
247.313466687,-0.02079521301760401,0.00276099299236926,-0.3091108923160668
247.364408452,-0.020795213017605008,0.0027609929923699678,-0.3091108923160615
247.414597877,-0.021633862271480453,0.002846270162600417,-0.32188566450503586
247.46429981000003,-0.021633862271479676,0.0028462701625997094,-0.32188566450503764
247.514316058,-0.02242093952873314,0.0028998185388149356,-0.33552776810917173
247.56447024,-0.022420939528733475,0.002899818538816351,-0.3355277681091753
247.61516032300003,-0.02310491679228932,0.0030413207100874057,-0.3441860939909116
247.664630909,-0.023104916792289654,0.003041320710087697,-0.3441860939909098
