receive_time_cst,receive_time_ns,elapsed_bag_s,bag_log_time_ns,steady_time_s,request_time_ns,request_steady_time_s,voltage_v,cell_count,latency_s,payload_hex
2026-09-28T14:25:54.617+08:00,1790576754617227376,0.377119263,1790576754617374406,966.250568299,1790576754605208354,966.238548815,22.05,6,0.012016818000006424,067805dd2b079e02009d08
2026-09-28T14:25:55.118+08:00,1790576755118214869,0.878106756,1790576755118361714,966.751555848,1790576755109356110,966.742696607,22.05,6,0.008856186000002708,067805dd2c07a802009d08
2026-09-28T14:25:55.609+08:00,1790576755609218502,1.369110389,1790576755609362643,967.242559203,1790576755605236388,967.238576942,22.05,6,0.003979834999995546,067805dd2d07a802009d08
2026-09-28T14:25:56.119+08:00,1790576756119211376,1.879103263,1790576756119389998,967.752552374,1790576756110800411,967.744141019,22.05,6,0.00840829899993878,067805dd2e07a802009d08
2026-09-28T14:25:56.610+08:00,1790576756610252320,2.370144207,1790576756610820164,968.24359354,1790576756605232439,968.238572974,22.05,6,0.005015787999923305,067805dd2f079402009d08
2026-09-28T14:25:57.121+08:00,1790576757121250258,2.881142145,1790576757122475165,968.7545912,1790576757115488948,968.748829409,22.03,6,0.0057579210000540115,067805dc30077003009b08
2026-09-28T14:25:57.613+08:00,1790576757613748003,3.37363989,1790576757614742902,969.247089667,1790576757605812497,969.23915305,22.04,6,0.00792987699992409,067805dc31079e02009c08
2026-09-28T14:25:58.123+08:00,1790576758123263823,3.88315571,1790576758124467990,969.756605228,1790576758114368064,969.747709099,22.05,6,0.008886666000080368,067805dd32078002009d08
2026-09-28T14:25:58.614+08:00,1790576758614249802,4.374141689,1790576758614990749,970.247591207,1790576758605226901,970.238567435,22.05,6,0.00901958699989791,067805dd32078002009d08
2026-09-28T14:25:59.115+08:00,1790576759115230678,4.875122565,1790576759115478555,970.748571564,1790576759106467894,970.739808392,22.05,6,0.008759913000062625,067805dd3307a802009d08
2026-09-28T14:25:59.615+08:00,1790576759615606224,5.375498111,1790576759617012271,971.248948073,1790576759605250699,971.238591141,22.04,6,0.010350765999987743,067805dc34078a02009c08
2026-09-28T14:26:00.116+08:00,1790576760116293482,5.876185369,1790576760116468900,971.749634905,1790576760108405287,971.741745785,22.03,6,0.007884731999979522,067805dc35075c03009b08
2026-09-28T14:26:00.617+08:00,1790576760617273924,6.377165811,1790576760617414732,972.25061507,1790576760605262826,972.238603361,22.04,6,0.012007635000031769,067805dc36078a02009c08
2026-09-28T14:26:01.118+08:00,1790576761118704886,6.878596773,1790576761118929284,972.75204594,1790576761110050079,972.743390558,22.05,6,0.008651511000039136,067805dd37076202009d08
2026-09-28T14:26:01.609+08:00,1790576761609918625,7.369810512,1790576761610109672,973.24325979,1790576761605239006,973.238579559,22.05,6,0.004676471000038873,067805dd38078a02009d08
2026-09-28T14:26:02.120+08:00,1790576762120242438,7.880134325,1790576762120648901,973.753583454,1790576762112117069,973.74545764,22.05,6,0.008122443999923235,067805dd39076202009d08
2026-09-28T14:26:02.611+08:00,1790576762611578039,8.371469926,1790576762611787659,974.244919592,1790576762605327436,974.23866797,22.04,6,0.006246269999905962,067805dc3a075802009c08
2026-09-28T14:26:03.121+08:00,1790576763121718247,8.881610134,1790576763121972476,974.7550588,1790576763113816497,974.747156939,22.04,6,0.00789795299999696,067805dc3b074e02009c08
2026-09-28T14:26:03.613+08:00,1790576763613239799,9.373131686,1790576763613654058,975.246580945,1790576763605221740,975.2385622,22.02,6,0.008015540999963378,067805dc3c076c02009a08
2026-09-28T14:26:04.123+08:00,1790576764123711434,9.883603321,1790576764124097102,975.757052969,1790576764117354113,975.750694592,22.03,6,0.0063520990000824895,067805dc3c07a802009b08
2026-09-28T14:26:04.614+08:00,1790576764614595254,10.374487141,1790576764614804263,976.247936714,1790576764605325936,976.238666489,22.04,6,0.009263058999977147,067805dc3d076c02009c08
2026-09-28T14:26:05.115+08:00,1790576765115246631,10.875138518,1790576765115608966,976.748588239,1790576765106552213,976.739892692,22.04,6,0.008690473000001475,067805dc3e077602009c08
2026-09-28T14:26:05.616+08:00,1790576765616234542,11.376126429,1790576765617309548,977.249575928,1790576765605233433,977.238573893,22.03,6,0.010997498000051564,067805dc3f078002009b08
2026-09-28T14:26:06.117+08:00,1790576766117504536,11.877396423,1790576766118451641,977.750845478,1790576766108798674,977.742139171,22.02,6,0.0087017509999896,067805dc40076202009a08
2026-09-28T14:26:06.618+08:00,1790576766618287601,12.378179488,1790576766618473445,978.251629432,1790576766605263492,978.238603952,22.02,6,0.013019499000051837,067805dc41077602009a08
2026-09-28T14:26:07.119+08:00,1790576767119298216,12.879190103,1790576767119769231,978.75263925,1790576767110413713,978.743754192,22.02,6,0.008880540000063775,067805dc4207b202009a08
2026-09-28T14:26:07.609+08:00,1790576767609472669,13.369364556,1790576767609730935,979.242813889,1790576767605518905,979.238859569,22.02,6,0.003949097999907281,067805dc43077602009a08
2026-09-28T14:26:08.120+08:00,1790576768120323739,13.880215626,1790576768120919712,979.753664885,1790576768112467542,979.745808039,22.02,6,0.007852660999901673,067805dc44076c02009a08
2026-09-28T14:26:08.611+08:00,1790576768611235952,14.371127839,1790576768611437017,980.244577024,1790576768605677446,980.239017907,22.03,6,0.005556413000022076,067805dc44076202009b08
2026-09-28T14:26:09.122+08:00,1790576769122236513,14.8821284,1790576769122372988,980.755577973,1790576769113400322,980.746740987,22.01,6,0.008833023000079265,067805dc45077602009908
2026-09-28T14:26:09.613+08:00,1790576769613347250,15.373239137,1790576769614401739,981.246688284,1790576769605312023,981.238652798,22.01,6,0.008032264000007672,067805dc46077602009908
2026-09-28T14:26:10.124+08:00,1790576770124229183,15.88412107,1790576770124633906,981.757570588,1790576770115369679,981.748710362,22.0,6,0.00885648600001332,067805dc47078002009808
2026-09-28T14:26:10.614+08:00,1790576770614439236,16.374331123,1790576770614739926,982.247780307,1790576770605248154,982.238588614,22.03,6,0.00918684199996278,067805dc48074e02009b08
2026-09-28T14:26:11.115+08:00,1790576771115245902,16.875137789,1790576771115855356,982.748586992,1790576771107402999,982.740743534,22.04,6,0.007837346999963302,067805dc49076202009c08
2026-09-28T14:26:11.616+08:00,1790576771616263941,17.376155828,1790576771616537317,983.249605475,1790576771605223739,983.23856457,22.05,6,0.011034128000005694,067805dd4a076c02009d08
2026-09-28T14:26:12.117+08:00,1790576772117266891,17.877158778,1790576772118360730,983.750608481,1790576772109900596,983.743241297,22.04,6,0.0073609989999567915,067805dc4b077602009c08
2026-09-28T14:26:12.608+08:00,1790576772608281602,18.368173489,1790576772608753396,984.241623285,1790576772605223297,984.238563998,22.04,6,0.0030532869999433387,067805dc4b077602009c08
2026-09-28T14:26:13.119+08:00,1790576773119315445,18.879207332,1790576773119603339,984.752656461,1790576773110328816,984.743669332,22.02,6,0.008983259000046928,067805dc4c078a02009a08
2026-09-28T14:26:13.610+08:00,1790576773610306302,19.370198189,1790576773611055601,985.243647318,1790576773605204793,985.238545253,22.02,6,0.005098491000012473,067805dc4d075802009a08
2026-09-28T14:26:14.121+08:00,1790576774121360511,19.881252398,1790576774122983845,985.754701527,1790576774112328772,985.745669474,22.04,6,0.00902836800003115,067805dc4e07c602009c08
2026-09-28T14:26:14.612+08:00,1790576774612249461,20.372141348,1790576774612501653,986.245590588,1790576774605238038,986.238578702,22.02,6,0.007008052999935899,067805dc4f077602009a08
2026-09-28T14:26:15.123+08:00,1790576775123219263,20.88311115,1790576775123571321,986.756560445,1790576775114358516,986.747699014,22.02,6,0.008856671999978971,067805dc50076c02009a08
2026-09-28T14:26:15.614+08:00,1790576775614486450,21.374378337,1790576775615593789,987.247828392,1790576775605316181,987.238656642,22.03,6,0.009163342999954693,067805dc5107ee02009b08
2026-09-28T14:26:16.114+08:00,1790576776114667237,21.874559124,1790576776114805676,987.748008309,1790576776106498422,987.739838939,22.03,6,0.008157388999961768,067805dc52077602009b08
2026-09-28T14:26:16.615+08:00,1790576776615261054,22.375152941,1790576776616228473,988.248603292,1790576776605311523,988.238651984,21.99,6,0.009945253000068988,067805dc53078a02009708
2026-09-28T14:26:17.116+08:00,1790576777116293428,22.876185315,1790576777116548583,988.749634611,1790576777107552453,988.740893081,22.01,6,0.00873777100002826,067805dc53074e02009908
2026-09-28T14:26:17.617+08:00,1790576777617340701,23.377232588,1790576777617930804,989.250681699,1790576777605461387,989.238801978,22.02,6,0.01187618400001611,067805dc54077602009a08
2026-09-28T14:26:18.118+08:00,1790576778118595691,23.878487578,1790576778119020801,989.751936947,1790576778109438198,989.742779325,22.02,6,0.009151288999987628,067805dc55074e02009a08
2026-09-28T14:26:18.609+08:00,1790576778609483419,24.369375306,1790576778610026339,990.24282501,1790576778605360921,990.238701604,22.03,6,0.004118349999998827,067805dc56078a02009b08
2026-09-28T14:26:19.120+08:00,1790576779120233419,24.880125306,1790576779120438392,990.753574639,1790576779111352821,990.744693504,22.02,6,0.00887695000005806,067805dc57078002009a08
2026-09-28T14:26:19.610+08:00,1790576779610319902,25.370211789,1790576779610806324,991.243661122,1790576779605232632,991.238573204,21.99,6,0.005084065999994891,067805dc58076c02009708
2026-09-28T14:26:20.121+08:00,1790576780121461676,25.881353563,1790576780121959913,991.754803081,1790576780113549886,991.746890383,22.01,6,0.007906512999966253,067805dc59074e02009908
2026-09-28T14:26:20.612+08:00,1790576780612239938,26.372131825,1790576780612452039,992.245581287,1790576780605317325,992.238657878,22.04,6,0.006919149999930596,067805dc5a075802009c08
2026-09-28T14:26:21.123+08:00,1790576781123249751,26.883141638,1790576781123732636,992.756590878,1790576781115408383,992.748749047,22.04,6,0.007837775999973928,067805dc5a078002009c08
2026-09-28T14:26:21.614+08:00,1790576781614232887,27.374124774,1790576781615819463,993.247573829,1790576781605296772,993.238637233,22.04,6,0.008934355000064897,067805dc5b078002009c08
2026-09-28T14:26:22.116+08:00,1790576782116423242,27.876315129,1790576782116673786,993.749766406,1790576782106410194,993.739750636,22.04,6,0.009560531999909472,067805dc5c079402009c08
2026-09-28T14:26:22.616+08:00,1790576782616234697,28.376126584,1790576782616641567,994.249576213,1790576782605833203,994.239173868,22.03,6,0.010397290000014436,067805dc5d076202009b08
2026-09-28T14:26:23.116+08:00,1790576783116528911,28.876420798,1790576783116655979,994.749869853,1790576783108580603,994.741921082,22.02,6,0.007944382000005135,067805dc5e075802009a08
2026-09-28T14:26:23.618+08:00,1790576783618220757,29.378112644,1790576783618737956,995.251562662,1790576783605250750,995.23859121,22.03,6,0.012966156000061346,067805dc5f078a02009b08
2026-09-28T14:26:24.118+08:00,1790576784118265496,29.878157383,1790576784118639461,995.751606457,1790576784110559714,995.743900341,22.04,6,0.00770317100000284,067805dc6007b202009c08
2026-09-28T14:26:24.609+08:00,1790576784609225044,30.369116931,1790576784610005027,996.242566634,1790576784605244520,996.238585128,22.04,6,0.003977765000058753,067805dc6107b202009c08
2026-09-28T14:26:25.120+08:00,1790576785120254579,30.880146466,1790576785120501975,996.753596187,1790576785111377164,996.744717661,22.04,6,0.00887304499997299,067805dc62078002009c08
2026-09-28T14:26:25.611+08:00,1790576785611227713,31.3711196,1790576785611543606,997.244569192,1790576785605233168,997.238573629,22.03,6,0.005991655999991963,067805dc62078002009b08
2026-09-28T14:26:26.121+08:00,1790576786121455724,31.881347611,1790576786121700102,997.754796629,1790576786113445714,997.746786415,22.02,6,0.008006640000076004,067805dc63076c02009a08
2026-09-28T14:26:26.612+08:00,1790576786612473740,32.372365627,1790576786612583827,998.24581533,1790576786605217066,998.238557527,22.02,6,0.007253691999949297,067805dc6407bc02009a08
2026-09-28T14:26:27.123+08:00,1790576787123501432,32.883393319,1790576787123735588,998.756842633,1790576787114848488,998.748189115,22.03,6,0.008649722000086513,067805dc65078002009b08
2026-09-28T14:26:27.614+08:00,1790576787614238677,33.374130564,1790576787614489499,999.247579748,1790576787605216194,999.238556729,22.04,6,0.009019722999937585,067805dc66077602009c08
2026-09-28T14:26:28.116+08:00,1790576788116356857,33.876248744,1790576788116525239,999.749698114,1790576788106379917,999.739720581,22.04,6,0.009972552000022006,067805dc67076c02009c08
2026-09-28T14:26:28.615+08:00,1790576788615431055,34.375322942,1790576788616633779,1000.248772312,1790576788605237588,1000.238578048,22.01,6,0.010189782999987074,067805dc68070203009908
2026-09-28T14:26:29.116+08:00,1790576789116265251,34.876157138,1790576789116676103,1000.749607434,1790576789107885146,1000.741225607,22.01,6,0.008372937999979513,067805dc69077602009908
2026-09-28T14:26:29.617+08:00,1790576789617537789,35.377429676,1790576789618015064,1001.250878879,1790576789605326394,1001.238666854,21.99,6,0.012207487999944533,067805dc6a07b202009708
2026-09-28T14:26:30.118+08:00,1790576790118365443,35.87825733,1790576790118618191,1001.751706625,1790576790109484953,1001.742825599,22.01,6,0.008877767000058157,067805dc6a078002009908
2026-09-28T14:26:30.609+08:00,1790576790609238979,36.369130866,1790576790609429934,1002.242580995,1790576790605230122,1002.238571046,22.02,6,0.004004079000083038,067805dc6b078002009a08
2026-09-28T14:26:31.120+08:00,1790576791120234393,36.88012628,1790576791120378090,1002.753575539,1790576791111518451,1002.74485893,22.02,6,0.008712478999996165,067805dc6c078002009a08
2026-09-28T14:26:31.611+08:00,1790576791611263102,37.371154989,1790576791611451612,1003.244604081,1790576791605542544,1003.238883097,22.02,6,0.005717854000067746,067805dc6d076c02009a08
2026-09-28T14:26:32.122+08:00,1790576792122425021,37.882316908,1790576792122543053,1003.755766019,1790576792113515402,1003.746855974,22.02,6,0.008905673999947794,067805dc6e076202009a08
2026-09-28T14:26:32.612+08:00,1790576792612267462,38.372159349,1790576792612784717,1004.245608386,1790576792605402437,1004.238743009,22.0,6,0.006862822000016422,067805dc6f077602009808
2026-09-28T14:26:33.113+08:00,1790576793113334051,38.873225938,1790576793113775161,1004.746675401,1790576793105403703,1004.738744219,21.99,6,0.007927256000016314,067805dc70078a02009708
2026-09-28T14:26:33.614+08:00,1790576793614422649,39.374314536,1790576793614731894,1005.247764017,1790576793605230691,1005.238571151,22.01,6,0.009187477000068611,067805dc71079402009908
2026-09-28T14:26:34.115+08:00,1790576794115422086,39.875313973,1790576794115723295,1005.748763103,1790576794107369966,1005.740710464,22.02,6,0.008047471999930167,067805dc72079e02009a08
2026-09-28T14:26:34.616+08:00,1790576794616273559,40.376165446,1790576794616946510,1006.249614612,1790576794605596390,1006.238937239,22.02,6,0.010673280999981216,067805dc7207a802009a08
2026-09-28T14:26:35.117+08:00,1790576795117258991,40.877150878,1790576795118173895,1006.750600026,1790576795108551122,1006.741891712,22.0,6,0.008704351000005772,067805dc74072003009808
2026-09-28T14:26:35.618+08:00,1790576795618233656,41.378125543,1790576795618352521,1007.251574635,1790576795605224832,1007.238565292,22.03,6,0.013006250999978874,067805dc74078002009b08
2026-09-28T14:26:36.119+08:00,1790576796119233137,41.879125024,1790576796119809723,1007.752574005,1790576796110351665,1007.743692144,22.01,6,0.008878454000068814,067805dc75077602009908
2026-09-28T14:26:36.609+08:00,1790576796609492609,42.369384496,1790576796609718988,1008.242834144,1790576796605332018,1008.238672608,22.02,6,0.004155720999960977,067805dc76078002009a08
2026-09-28T14:26:37.120+08:00,1790576797120549319,42.880441206,1790576797120898711,1008.753890539,1790576797112381222,1008.745721701,22.03,6,0.008164023000063025,067805dc77076202009b08
2026-09-28T14:26:37.611+08:00,1790576797611357519,43.371249406,1790576797611824646,1009.244698609,1790576797605546409,1009.238887017,22.03,6,0.005807628999946246,067805dc78078a02009b08
2026-09-28T14:26:38.122+08:00,1790576798122277137,43.882169024,1790576798123385976,1009.755619282,1790576798113908326,1009.747248823,22.03,6,0.008364774000028774,067805dc79074e02009b08
2026-09-28T14:26:38.614+08:00,1790576798614221705,44.374113592,1790576798614442380,1010.247564258,1790576798605223459,1010.23856392,22.03,6,0.008992300999921099,067805dc7a074402009b08
2026-09-28T14:26:39.124+08:00,1790576799124239190,44.884131077,1790576799125731512,1010.757580947,1790576799115504081,1010.74884506,22.01,6,0.008729924000022038,067805dc7b072a03009908
2026-09-28T14:26:39.615+08:00,1790576799615308421,45.375200308,1790576799615581501,1011.248649622,1790576799605501044,1011.238841505,22.01,6,0.009803376000036224,067805dc7c07c602009908
2026-09-28T14:26:40.116+08:00,1790576800116309358,45.876201245,1790576800116542885,1011.749650596,1790576800107427533,1011.740767993,22.03,6,0.008876880999991954,067805dc7d078002009b08
2026-09-28T14:26:40.617+08:00,1790576800617235549,46.377127436,1790576800617506888,1012.250576694,1790576800605247066,1012.238587934,22.03,6,0.01198539000006349,067805dc7d077602009b08
2026-09-28T14:26:41.117+08:00,1790576801117285318,46.877177205,1790576801117471773,1012.75062652,1790576801109350043,1012.742690541,22.03,6,0.007931145000043216,067805dc7e077602009b08
2026-09-28T14:26:41.609+08:00,1790576801609332103,47.36922399,1790576801609574092,1013.242673045,1790576801605432388,1013.238772922,22.03,6,0.0038969380000253295,067805dc7f078002009b08
2026-09-28T14:26:42.119+08:00,1790576802119248610,47.879140497,1790576802119416603,1013.752589904,1790576802111321760,1013.744662591,22.03,6,0.007923239000092508,067805dc80078002009b08
2026-09-28T14:26:42.610+08:00,1790576802610248156,48.370140043,1790576802610476369,1014.243589099,1790576802605219066,1014.238559508,22.02,6,0.005025905000024977,067805dc81078a02009a08
2026-09-28T14:26:43.121+08:00,1790576803121280867,48.881172754,1790576803122309229,1014.754622013,1790576803112450983,1014.745791518,22.03,6,0.008827327999938461,067805dc82078a02009b08
2026-09-28T14:26:43.612+08:00,1790576803612425752,49.372317639,1790576803613304990,1015.245766934,1790576803605495857,1015.238836521,22.03,6,0.006926283999973748,067805dc83077602009b08
2026-09-28T14:26:44.123+08:00,1790576804123237095,49.883128982,1790576804123483640,1015.756578037,1790576804114512095,1015.747852648,22.04,6,0.00872231499999998,067805dc84077602009c08
2026-09-28T14:26:44.613+08:00,1790576804613560120,50.373452007,1790576804613706781,1016.246901155,1790576804605426039,1016.23876661,22.04,6,0.008130897000000914,067805dc85078002009c08
2026-09-28T14:26:45.114+08:00,1790576805114310887,50.874202774,1790576805114532044,1016.747651977,1790576805106131770,1016.739472546,22.03,6,0.008175449999953344,067805dc86078002009b08
2026-09-28T14:26:45.615+08:00,1790576805615410740,51.375302627,1790576805615689894,1017.248752145,1790576805605223471,1017.238563932,22.01,6,0.010183379999944009,067805dc87079e02009908
2026-09-28T14:26:46.115+08:00,1790576806115622560,51.875514447,1790576806117143807,1017.748964817,1790576806107848721,1017.741189182,22.01,6,0.007752433000064229,067805dc87078002009908
2026-09-28T14:26:46.616+08:00,1790576806616246927,52.376138814,1790576806616541747,1018.249587906,1790576806605220529,1018.238561083,22.0,6,0.011022990000014943,067805dc88078002009808
2026-09-28T14:26:47.117+08:00,1790576807117233132,52.877125019,1790576807117644373,1018.750574407,1790576807109489958,1018.742830437,22.01,6,0.007738173999996434,067805dc89078002009908
2026-09-28T14:26:47.608+08:00,1790576807608241364,53.368133251,1790576807608604385,1019.241582769,1790576807605210370,1019.238551015,22.01,6,0.0030272359999798937,067805dc8a07a802009908
2026-09-28T14:26:48.119+08:00,1790576808119231580,53.879123467,1790576808120162983,1019.752572707,1790576808110845249,1019.744185747,21.99,6,0.008382589999996526,067805dc8b070203009708
2026-09-28T14:26:48.610+08:00,1790576808610539569,54.370431456,1790576808611007270,1020.243880788,1790576808605456054,1020.238796681,22.02,6,0.005080570999894007,067805dc8c079e02009a08
2026-09-28T14:26:49.121+08:00,1790576809121305361,54.881197248,1790576809121701529,1020.754646507,1790576809112381925,1020.745722385,22.01,6,0.00891921499999171,067805dc8d070c03009908
2026-09-28T14:26:49.612+08:00,1790576809612359669,55.372251556,1790576809612569845,1021.245701259,1790576809605226671,1021.23856741,22.02,6,0.007129294000037589,067805dc8e078002009a08
2026-09-28T14:26:50.123+08:00,1790576810123583193,55.88347508,1790576810123993082,1021.756924728,1790576810114434766,1021.747775264,22.03,6,0.00914390800005549,067805dc8f07a802009b08
2026-09-28T14:26:50.613+08:00,1790576810613264628,56.373156515,1790576810613508951,1022.246606163,1790576810605508788,1022.23884923,22.03,6,0.007752710999966439,067805dc90075802009b08
2026-09-28T14:26:51.114+08:00,1790576811114460628,56.874352515,1790576811115362606,1022.747801773,1790576811106893594,1022.74023411,22.03,6,0.007562812000060148,067805dc91072003009b08
2026-09-28T14:26:51.615+08:00,1790576811615405795,57.375297682,1790576811615719022,1023.248747256,1790576811605219192,1023.238559653,22.02,6,0.01018215900000996,067805dc92078a02009a08
2026-09-28T14:26:52.116+08:00,1790576812116387538,57.876279425,1790576812117113172,1023.749728628,1790576812107536764,1023.740877262,22.01,6,0.008847846999969988,067805dc93070203009908
2026-09-28T14:26:52.617+08:00,1790576812617248924,58.377140811,1790576812617652202,1024.250589699,1790576812605222328,1024.238562863,22.01,6,0.012023429000009855,067805dc94079e02009908
2026-09-28T14:26:53.117+08:00,1790576813117434342,58.877326229,1790576813117578298,1024.750775543,1790576813109394551,1024.742735344,22.02,6,0.008035439999957816,067805dc95075802009a08
2026-09-28T14:26:53.609+08:00,1790576813609274472,59.369166359,1790576813609568107,1025.242615859,1790576813605275039,1025.238615499,22.03,6,0.00399469300009514,067805dc95079402009b08
2026-09-28T14:26:54.119+08:00,1790576814119508196,59.879400083,1790576814119739667,1025.752849657,1790576814111470497,1025.744810995,22.03,6,0.008033976999968218,067805dc96076202009b08
2026-09-28T14:26:54.610+08:00,1790576814610362640,60.370254527,1790576814610537521,1026.24370399,1790576814605321030,1026.238661639,22.02,6,0.005037925000124233,067805dc97078002009a08
2026-09-28T14:26:55.121+08:00,1790576815121245142,60.881137029,1790576815121510057,1026.754586659,1790576815113281736,1026.746622271,22.01,6,0.007959110000001601,067805dc98071004009908
2026-09-28T14:26:55.612+08:00,1790576815612225684,61.372117571,1790576815612433786,1027.245566755,1790576815605328749,1027.238669302,22.01,6,0.006894138999996358,067805dc99079e02009908
2026-09-28T14:26:56.123+08:00,1790576816123226544,61.883118431,1790576816123369241,1027.756567486,1790576816114418434,1027.74775895,22.02,6,0.008805480000091848,067805dc9a076202009a08
2026-09-28T14:26:56.614+08:00,1790576816614227224,62.374119111,1790576816614392902,1028.247568555,1790576816605233141,1028.238573843,22.03,6,0.00898847200005548,067805dc9b075802009b08
2026-09-28T14:26:57.115+08:00,1790576817115391253,62.87528314,1790576817116058834,1028.748732102,1790576817106683935,1028.740024432,22.03,6,0.00870152200013763,067805dc9c077602009b08
2026-09-28T14:26:57.616+08:00,1790576817616154937,63.376046824,1790576817617586966,1029.249496731,1790576817605491521,1029.238832055,22.02,6,0.010658121000005849,067805dc9d072a03009a08
2026-09-28T14:26:58.116+08:00,1790576818116492124,63.876384011,1790576818116783333,1029.749833158,1790576818108503015,1029.741843494,22.02,6,0.00798538699996243,067805dc9e078a02009a08
2026-09-28T14:26:58.617+08:00,1790576818617394886,64.377286773,1790576818617594526,1030.250736476,1790576818605273108,1030.238613773,22.0,6,0.012117333000105646,067805dc9f077602009808
2026-09-28T14:26:59.118+08:00,1790576819118271356,64.878163243,1790576819118512734,1030.751612354,1790576819109406730,1030.742747228,22.01,6,0.00886092199993982,067805dca0075802009908
2026-09-28T14:26:59.609+08:00,1790576819609246476,65.369138363,1790576819609444948,1031.242587621,1790576819605239616,1031.238580077,22.02,6,0.0040037109999957465,067805dca0075802009a08
2026-09-28T14:27:00.120+08:00,1790576820120227305,65.880119192,1790576820120612936,1031.753568339,1790576820111420676,1031.744761136,22.03,6,0.008802351999975144,067805dca1077602009b08
2026-09-28T14:27:00.611+08:00,1790576820611239377,66.371131264,1790576820611726763,1032.244580338,1790576820605281196,1032.238621657,22.03,6,0.005954865999910908,067805dca2077602009b08
2026-09-28T14:27:01.121+08:00,1790576821121224761,66.881116648,1790576821121399494,1032.754565925,1790576821113538360,1032.746878987,22.02,6,0.00768386400000054,067805dca3078002009a08
2026-09-28T14:27:01.613+08:00,1790576821613038289,67.372930176,1790576821613181672,1033.246379268,1790576821605235005,1033.238575465,22.01,6,0.007800692000046183,067805dca4076c02009908
2026-09-28T14:27:02.123+08:00,1790576822123363113,67.883255,1790576822124503062,1033.756704203,1790576822114649739,1033.747990199,22.0,6,0.008708355999942796,067805dca5076c02009808
2026-09-28T14:27:02.614+08:00,1790576822614231711,68.374123598,1790576822614693043,1034.247572653,1790576822605258127,1034.238598735,22.02,6,0.008970696000005773,067805dca6078002009a08
2026-09-28T14:27:03.125+08:00,1790576823125250292,68.885142179,1790576823125521817,1034.758591753,1790576823117314902,1034.750655474,22.02,6,0.007930204999865964,067805dca7075802009a08
2026-09-28T14:27:03.616+08:00,1790576823616430331,69.376322218,1790576823617013176,1035.249771514,1790576823605231326,1035.238571787,22.03,6,0.011193838000053802,067805dca8076c02009b08
2026-09-28T14:27:04.117+08:00,1790576824117327036,69.877218923,1790576824117980248,1035.750668089,1790576824108445669,1035.741786148,22.02,6,0.008876718999999866,067805dca9078002009a08
2026-09-28T14:27:04.617+08:00,1790576824617435820,70.377327707,1790576824617979259,1036.250776744,1790576824605472515,1036.238812976,22.02,6,0.011960212000076353,067805dcaa078002009a08
2026-09-28T14:27:05.118+08:00,1790576825118281463,70.87817335,1790576825118590283,1036.751622701,1790576825110378516,1036.743719106,22.0,6,0.007899002999920413,067805dcab07b202009808
2026-09-28T14:27:05.609+08:00,1790576825609282826,71.369174713,1790576825609957685,1037.242624009,1790576825605489641,1037.238830102,22.02,6,0.0037897029999385268,067805dcab079402009a08
2026-09-28T14:27:06.120+08:00,1790576826120222848,71.880114735,1790576826120516261,1037.75356366,1790576826111760573,1037.745101219,22.03,6,0.00845884900013516,067805dcac077602009b08
2026-09-28T14:27:06.611+08:00,1790576826611239368,72.371131255,1790576826611464543,1038.244580717,1790576826605396996,1038.238737697,22.02,6,0.005838501999960499,067805dcad076c02009a08
2026-09-28T14:27:07.122+08:00,1790576827122270914,72.882162801,1790576827122424666,1038.755612504,1790576827113362622,1038.746703119,22.02,6,0.008905589000050895,067805dcae078002009a08
2026-09-28T14:27:07.613+08:00,1790576827613232205,73.373124092,1790576827613610633,1039.24657324,1790576827605277222,1039.238617813,22.01,6,0.00795183399986854,067805dcaf078a02009908
2026-09-28T14:27:08.123+08:00,1790576828123619938,73.883511825,1790576828124057641,1039.756961732,1790576828115445076,1039.748785999,22.01,6,0.008169362000217006,067805dcb0077602009908
2026-09-28T14:27:08.614+08:00,1790576828614244197,74.374136084,1790576828614450448,1040.247585362,1790576828605229910,1040.238570426,22.0,6,0.009011768999926062,067805dcb107c602009808
2026-09-28T14:27:09.125+08:00,1790576829125221840,74.885113727,1790576829125410147,1040.75856306,1790576829117437590,1040.750778088,22.01,6,0.007781213000043863,067805dcb2077602009908
2026-09-28T14:27:09.616+08:00,1790576829616243592,75.376135479,1790576829616391529,1041.249584848,1790576829605444808,1041.238785472,22.02,6,0.010795616999985214,067805dcb3078002009a08
2026-09-28T14:27:10.117+08:00,1790576830117276626,75.877168513,1790576830117719699,1041.75061792,1790576830108815851,1041.742156348,22.02,6,0.008455739000055473,067805dcb4075802009a08
2026-09-28T14:27:10.618+08:00,1790576830618234912,76.378126799,1790576830618406794,1042.251575929,1790576830605226041,1042.238566502,22.0,6,0.013006204000021171,067805dcb4077602009808
2026-09-28T14:27:11.119+08:00,1790576831119254272,76.879146159,1790576831119423561,1042.75259551,1790576831110552192,1042.743892671,21.99,6,0.008698506000200723,067805dcb5078002009708
2026-09-28T14:27:11.610+08:00,1790576831610242840,77.370134727,1790576831610790612,1043.243583986,1790576831605273151,1043.238613816,21.98,6,0.004966355000078693,067805dcb6075802009608
2026-09-28T14:27:12.120+08:00,1790576832120278108,77.880169995,1790576832120598687,1043.753620087,1790576832112348106,1043.745688659,21.99,6,0.007925428999897122,067805dcb7078002009708
2026-09-28T14:27:12.611+08:00,1790576832611286573,78.37117846,1790576832612352712,1044.244627552,1790576832605310522,1044.238651112,21.99,6,0.005972662999965905,067805dcb8076202009708
2026-09-28T14:27:13.122+08:00,1790576833122233533,78.88212542,1790576833122514040,1044.755574827,1790576833113437939,1044.746778418,22.0,6,0.008792797999831237,067805dcb9079402009808
2026-09-28T14:27:13.614+08:00,1790576833614265555,79.374157442,1790576833614470583,1045.247606478,1790576833605381205,1045.238721666,22.0,6,0.008881331000111459,067805dcba076c02009808
2026-09-28T14:27:14.124+08:00,1790576834124269807,79.884161694,1790576834124618365,1045.757611156,1790576834115424085,1045.748764545,21.99,6,0.008840481999868643,067805dcbb078002009708
2026-09-28T14:27:14.615+08:00,1790576834615556796,80.375448683,1790576834615892300,1046.248897831,1790576834605545625,1046.238886215,21.98,6,0.01000576399997044,067805dcbb076c02009608
2026-09-28T14:27:15.115+08:00,1790576835115266954,80.875158841,1790576835115423225,1046.7486081,1790576835107882353,1046.741222832,21.98,6,0.007379453000112335,067805dcbc076202009608
2026-09-28T14:27:15.616+08:00,1790576835616459480,81.376351367,1790576835616872684,1047.249800755,1790576835605361134,1047.238701576,21.99,6,0.011094475999925635,067805dcbd076c02009708
2026-09-28T14:27:16.117+08:00,1790576836117237248,81.877129135,1790576836117505829,1047.750578468,1790576836109488737,1047.742829234,22.0,6,0.00774567799999204,067805dcbe076c02009808
2026-09-28T14:27:16.618+08:00,1790576836618233440,82.378125327,1790576836618699252,1048.251574326,1790576836605287675,1048.238628247,22.0,6,0.012942115999976522,067805dcbf074e02009808
2026-09-28T14:27:17.119+08:00,1790576837119243651,82.879135538,1790576837119526954,1048.752584667,1790576837110845613,1048.74418611,21.99,6,0.008395019999852593,067805dcc0074e02009708
2026-09-28T14:27:17.610+08:00,1790576837610239180,83.370131067,1790576837610395784,1049.243580992,1790576837605263398,1049.238603989,21.99,6,0.004972355000063544,067805dcc1077602009708
2026-09-28T14:27:18.120+08:00,1790576838120301910,83.880193797,1790576838120599527,1049.753643186,1790576838112896309,1049.746236789,21.97,6,0.007400767000035557,067805dcc1078002009508
2026-09-28T14:27:18.611+08:00,1790576838611300170,84.371192057,1790576838612189464,1050.244641593,1790576838605750821,1050.239091281,21.98,6,0.005544090000057622,067805dcc2077602009608
2026-09-28T14:27:19.122+08:00,1790576839122804864,84.882696751,1790576839123828338,1050.756146214,1790576839114492822,1050.747833338,21.99,6,0.008308190999969156,067805dcc307b202009708
2026-09-28T14:27:19.613+08:00,1790576839613234417,85.373126304,1790576839614311481,1051.246575451,1790576839605220509,1051.238561118,21.99,6,0.00801037099995483,067805dcc4075802009708
2026-09-28T14:27:20.124+08:00,1790576840124227439,85.884119326,1790576840124793618,1051.7575684,1790576840115447361,1051.74878784,22.0,6,0.008777227000109633,067805dcc5078002009808
2026-09-28T14:27:20.615+08:00,1790576840615389746,86.375281633,1790576840617219110,1052.248731132,1790576840605232580,1052.238573041,21.99,6,0.0101526839998769,067805dcc6075802009708
2026-09-28T14:27:21.116+08:00,1790576841116512488,86.876404375,1790576841116823807,1052.749853263,1790576841107356074,1052.740696942,21.97,6,0.009151413999916258,067805dcc7078002009508
2026-09-28T14:27:21.617+08:00,1790576841617322528,87.377214415,1790576841617696586,1053.250663655,1790576841605424642,1053.238765195,21.98,6,0.011894294000057926,067805dcc8077602009608
2026-09-28T14:27:22.117+08:00,1790576842117273997,87.877165884,1790576842117695663,1053.750616364,1790576842109311494,1053.742651973,21.99,6,0.007956058999980087,067805dcc8076202009708
2026-09-28T14:27:22.608+08:00,1790576842608305011,88.368196898,1790576842610997819,1054.241646083,1790576842605223498,1054.238564107,22.0,6,0.0030761610000809014,067805dcc9076c02009808
2026-09-28T14:27:23.119+08:00,1790576843119232118,88.879124005,1790576843119505421,1054.752573357,1790576843111383647,1054.744724145,21.99,6,0.007844767000051434,067805dcca076c02009708
2026-09-28T14:27:23.610+08:00,1790576843610281585,89.370173472,1790576843610492446,1055.24362249,1790576843605329376,1055.238669929,22.01,6,0.004949783000029129,067805dccb078a02009908
2026-09-28T14:27:24.121+08:00,1790576844121227959,89.881119846,1790576844121436987,1055.754569235,1790576844112323942,1055.745664606,22.01,6,0.008899981000013213,067805dccc076202009908
2026-09-28T14:27:24.612+08:00,1790576844612380911,90.372272798,1790576844613197116,1056.245721816,1790576844605298740,1056.2386392,22.0,6,0.0070792459998756385,067805dccd078002009808
2026-09-28T14:27:25.122+08:00,1790576845122220658,90.882112545,1790576845122400205,1056.755561748,1790576845114071811,1056.747412345,22.0,6,0.008146866000060982,067805dcce077602009808
2026-09-28T14:27:25.613+08:00,1790576845613268678,91.373160565,1790576845613409338,1057.246609749,1790576845605297101,1057.238637747,22.01,6,0.007968540000092617,067805dccf078002009908
2026-09-28T14:27:26.114+08:00,1790576846114222766,91.874114653,1790576846115615075,1057.747563467,1790576846105804246,1057.739144799,22.02,6,0.008415223999918453,067805dccf077602009a08
2026-09-28T14:27:26.615+08:00,1790576846615227322,92.375119209,1790576846616434361,1058.248568393,1790576846605259795,1058.238600385,22.02,6,0.009963231000028827,067805dcd0075802009a08
2026-09-28T14:27:27.116+08:00,1790576847116337560,92.876229447,1790576847116777374,1058.749678613,1790576847107509298,1058.740849943,22.01,6,0.008825058999946123,067805dcd1075802009908
2026-09-28T14:27:27.616+08:00,1790576847616981380,93.376873267,1790576847617308403,1059.250322433,1790576847605565620,1059.238906358,21.99,6,0.011410464000164211,067805dcd207b202009708
2026-09-28T14:27:28.118+08:00,1790576848118553162,93.878445049,1790576848119113378,1059.751894048,1790576848111433714,1059.74477423,22.0,6,0.007113466999953744,067805dcd3077602009808
2026-09-28T14:27:28.609+08:00,1790576848609818493,94.36971038,1790576848610061168,1060.243160565,1790576848605277173,1060.238617763,22.0,6,0.004537153999990551,067805dcd4076202009808
2026-09-28T14:27:29.119+08:00,1790576849119562389,94.879454276,1790576849119953557,1060.75290446,1790576849111201550,1060.7445424,22.0,6,0.008355819999906089,067805dcd5077602009808
2026-09-28T14:27:29.610+08:00,1790576849610324565,95.370216452,1790576849610465781,1061.243665655,1790576849605210844,1061.238551545,22.01,6,0.005110240000021804,067805dcd6078002009908
2026-09-28T14:27:30.121+08:00,1790576850121216085,95.881107972,1790576850121531849,1061.754557046,1790576850113099903,1061.746440493,22.01,6,0.008113867000020036,067805dcd7076202009908
2026-09-28T14:27:30.611+08:00,1790576850611754594,96.371646481,1790576850612170409,1062.24509598,1790576850605229194,1062.238569636,22.01,6,0.006522215000131837,067805dcd7079e02009908
2026-09-28T14:27:31.123+08:00,1790576851123739426,96.883631313,1790576851123899142,1062.757081257,1790576851116843005,1062.750183966,21.99,6,0.0068912360000012995,067805dcd8076c02009708
2026-09-28T14:27:31.613+08:00,1790576851613266135,97.373158022,1790576851613981956,1063.246607022,1790576851605225283,1063.238565854,21.99,6,0.00803720500016425,067805dcd9078002009708
2026-09-28T14:27:32.114+08:00,1790576852114566572,97.874458459,1790576852116104857,1063.74790844,1790576852106406280,1063.73974676,22.01,6,0.008154588000024887,067805dcda077602009908
2026-09-28T14:27:32.615+08:00,1790576852615869534,98.375761421,1790576852616115023,1064.249210754,1790576852605441193,1064.238781987,22.01,6,0.01042356299990388,067805dcdb076202009908
2026-09-28T14:27:33.116+08:00,1790576853116611429,98.876503316,1790576853116906935,1064.749953019,1790576853107467828,1064.740808345,22.01,6,0.00913930399997298,067805dcdc079402009908
2026-09-28T14:27:33.617+08:00,1790576853617262020,99.377153907,1790576853617523546,1065.250603925,1790576853605233064,1065.238573524,22.0,6,0.012024179000036384,067805dcdd07b202009808
2026-09-28T14:27:34.117+08:00,1790576854117348341,99.877240228,1790576854117537944,1065.750689653,1790576854109354912,1065.742695613,21.98,6,0.007989910999867789,067805dcde077602009608
2026-09-28T14:27:34.608+08:00,1790576854608262753,100.36815464,1790576854608772027,1066.241603788,1790576854605262532,1066.238603159,21.99,6,0.002995666000060737,067805dcdf077602009708
2026-09-28T14:27:35.119+08:00,1790576855119348898,100.879240785,1790576855119929113,1066.75268997,1790576855110592780,1066.743933259,22.0,6,0.00875372900009097,067805dce0074402009808
2026-09-28T14:27:35.610+08:00,1790576855610347481,101.370239368,1790576855610770962,1067.243689182,1790576855605218334,1067.238559073,22.01,6,0.005125127999917822,067805dce1077602009908
2026-09-28T14:27:36.121+08:00,1790576856121276807,101.881168694,1790576856121570220,1067.754618416,1790576856112971447,1067.746312149,22.01,6,0.008300267000095118,067805dce207a802009908
2026-09-28T14:27:36.612+08:00,1790576856612233937,102.372125824,1790576856612452871,1068.245574971,1790576856605378439,1068.2387189,22.01,6,0.0068529599998328194,067805dce2078002009908
2026-09-28T14:27:37.123+08:00,1790576857123220454,102.883112341,1790576857123671638,1068.75656147,1790576857114516870,1068.747857627,22.01,6,0.008701027999904909,067805dce3078002009908
2026-09-28T14:27:37.613+08:00,1790576857613528582,103.373420469,1790576857613697852,1069.246869857,1790576857605352068,1069.238692676,21.99,6,0.008169404000000213,067805dce407a802009708
2026-09-28T14:27:38.114+08:00,1790576858114253757,103.874145644,1790576858114546819,1069.747595218,1790576858106384989,1069.73972545,21.99,6,0.007865546000175527,067805dce5079402009708
2026-09-28T14:27:38.615+08:00,1790576858615350145,104.375242032,1790576858615554543,1070.248691457,1790576858605257362,1070.238597953,21.98,6,0.0100878929999908,067805dce6079402009608
2026-09-28T14:27:39.116+08:00,1790576859116530753,104.87642264,1790576859116648044,1070.749871843,1790576859107384299,1070.740724797,21.99,6,0.009141676000126608,067805dce7077602009708
2026-09-28T14:27:39.617+08:00,1790576859617347679,105.377239566,1790576859618150829,1071.250689028,1790576859605457789,1071.238798379,21.99,6,0.01188440900000387,067805dce8078a02009708
2026-09-28T14:27:40.117+08:00,1790576860117593298,105.877485185,1790576860117995873,1071.750934592,1790576860109405358,1071.742745856,21.98,6,0.008184236000033707,067805dce9079402009608
2026-09-28T14:27:40.608+08:00,1790576860608396334,106.368288221,1790576860609084748,1072.241737405,1790576860605301543,1072.238642244,21.97,6,0.003090976000066803,067805dcea076c02009508
2026-09-28T14:27:41.119+08:00,1790576861119225981,106.879117868,1790576861119938691,1072.75256696,1790576861110339423,1072.743679921,21.97,6,0.008883984000021883,067805dceb078002009508
2026-09-28T14:27:41.610+08:00,1790576861610255626,107.370147513,1790576861610587759,1073.243597068,1790576861605326896,1073.238667486,21.97,6,0.004924341000105414,067805dcec076c02009508
2026-09-28T14:27:42.121+08:00,1790576862121236237,107.881128124,1790576862121433673,1073.754577197,1790576862112533523,1073.745874058,21.98,6,0.008700306000037017,067805dcec076202009608
2026-09-28T14:27:42.611+08:00,1790576862611288079,108.371179966,1790576862611435036,1074.244629318,1790576862605257842,1074.238598284,22.0,6,0.005974479999849791,067805dced078002009808
2026-09-28T14:27:43.122+08:00,1790576863122242607,108.882134494,1790576863122459838,1074.755584197,1790576863114402688,1074.747743427,22.0,6,0.007833900000150607,067805dcee076202009808
2026-09-28T14:27:43.613+08:00,1790576863613256544,109.373148431,1790576863613521532,1075.246597579,1790576863605247226,1075.23858776,22.0,6,0.008006448000060118,067805dcef078002009808
2026-09-28T14:27:44.114+08:00,1790576864114229587,109.874121474,1790576864114388284,1075.747570732,1790576864105341455,1075.738681952,21.98,6,0.008883965999984866,067805dcf0078a02009608
2026-09-28T14:27:44.615+08:00,1790576864615256318,110.375148205,1790576864616413768,1076.248597927,1790576864605547722,1076.238888293,21.99,6,0.00970419000009315,067805dcf1077602009708
2026-09-28T14:27:45.115+08:00,1790576865115402386,110.875294273,1790576865116714014,1076.748744476,1790576865107370235,1076.740710695,22.0,6,0.008026874000051976,067805dcf207b202009808
2026-09-28T14:27:45.616+08:00,1790576865616386200,111.376278087,1790576865616742499,1077.249727309,1790576865605265221,1077.238605755,22.01,6,0.011117497999975967,067805dcf3078a02009908
2026-09-28T14:27:46.117+08:00,1790576866117461068,111.877352955,1790576866118065042,1077.750802195,1790576866109485988,1077.742826468,22.0,6,0.007970116000024063,067805dcf3076202009808
2026-09-28T14:27:46.608+08:00,1790576866608234129,112.368126016,1790576866608622372,1078.241575201,1790576866605248518,1078.238589183,21.99,6,0.0029816480000590673,067805dcf4076c02009708
2026-09-28T14:27:47.119+08:00,1790576867119232073,112.87912396,1790576867119428176,1078.752573219,1790576867110358588,1078.743699067,21.98,6,0.008871558999999252,067805dcf5073403009608
2026-09-28T14:27:47.610+08:00,1790576867610329350,113.370221237,1790576867610466992,1079.243670384,1790576867605236738,1079.23857718,21.98,6,0.005089612000119814,067805dcf6078002009608
2026-09-28T14:27:48.121+08:00,1790576868121455425,113.881347312,1790576868121788540,1079.754796756,1790576868112342839,1079.745683429,21.99,6,0.00910908599985305,067805dcf7077602009708
2026-09-28T14:27:48.611+08:00,1790576868611490810,114.371382697,1790576868611772224,1080.244832289,1790576868605307301,1080.238648169,21.99,6,0.006179250000059255,067805dcf8078002009708
2026-09-28T14:27:49.122+08:00,1790576869122545229,114.882437116,1790576869124750300,1080.755886856,1790576869113392219,1080.74673292,22.0,6,0.00914676899992628,067805dcf9078002009808
2026-09-28T14:27:49.613+08:00,1790576869613383956,115.373275843,1790576869613546486,1081.246724935,1790576869605341972,1081.238682525,21.97,6,0.00803944699987369,067805dcfa077602009508
2026-09-28T14:27:50.123+08:00,1790576870123615658,115.883507545,1790576870123894942,1081.756957211,1790576870115355943,1081.748696959,21.97,6,0.008254734000047392,067805dcfb079402009508
2026-09-28T14:27:50.614+08:00,1790576870614505761,116.374397648,1790576870614866393,1082.247847073,1790576870605242070,1082.238582512,21.96,6,0.00926015400000324,067805dcfc077602009408
2026-09-28T14:27:51.115+08:00,1790576871115259270,116.875151157,1790576871115616458,1082.74860062,1790576871106558148,1082.739898627,21.96,6,0.008696696000015436,067805dcfd078002009408
2026-09-28T14:27:51.616+08:00,1790576871616489857,117.376381744,1790576871616751216,1083.249831558,1790576871605330804,1083.238671246,21.99,6,0.011152942000080657,067805dcfe076c02009708
2026-09-28T14:27:52.117+08:00,1790576872117257317,117.877149204,1790576872117744962,1083.750598629,1790576872108652468,1083.741993058,21.99,6,0.00860062700007802,067805dcfe07c602009708
2026-09-28T14:27:52.617+08:00,1790576872617229094,118.377120981,1790576872617384199,1084.250570277,1790576872605276465,1084.238617407,21.98,6,0.011949703000027512,067805dcff077602009608
2026-09-28T14:27:53.118+08:00,1790576873118247643,118.87813953,1790576873119262321,1084.751589085,1790576873110605937,1084.743946435,21.97,6,0.0076368350000848295,067805dc00089402009508
2026-09-28T14:27:53.609+08:00,1790576873609257538,119.369149425,1790576873609409013,1085.242599017,1790576873605326782,1085.238667817,21.97,6,0.003925181999875349,067805dc01087602009508
2026-09-28T14:27:54.119+08:00,1790576874119682908,119.879574795,1790576874119871603,1085.753025053,1790576874111874116,1085.74521491,21.98,6,0.007802698999967106,067805dc02089402009608
2026-09-28T14:27:54.610+08:00,1790576874610378971,120.370270858,1790576874610643293,1086.243720432,1790576874605233416,1086.238574229,21.99,6,0.005140498999935517,067805dc03086c02009708
2026-09-28T14:27:55.121+08:00,1790576875121250754,120.881142641,1790576875121502577,1086.7545919,1790576875113374188,1086.746714686,22.0,6,0.007873084000038943,067805dc04088002009808
2026-09-28T14:27:55.612+08:00,1790576875612213831,121.372105718,1790576875612544817,1087.245555069,1790576875605496437,1087.238837101,22.0,6,0.006714709000107177,067805dc05088002009808
2026-09-28T14:27:56.123+08:00,1790576876123263187,121.883155074,1790576876123449124,1087.756604148,1790576876114432662,1087.747773141,21.99,6,0.008827581000105056,067805dc06088002009708
2026-09-28T14:27:56.614+08:00,1790576876614524036,122.374415923,1790576876614905982,1088.247864978,1790576876605234660,1088.238575454,21.99,6,0.009283097999968959,067805dc06087602009708
2026-09-28T14:27:57.115+08:00,1790576877115363563,122.87525545,1790576877115735806,1088.748704412,1790576877106339009,1088.73967947,21.97,6,0.009019793999868853,067805dc07087602009508
2026-09-28T14:27:57.616+08:00,1790576877616249816,123.376141703,1790576877617829303,1089.249590832,1790576877605328640,1089.238669231,21.99,6,0.010918767000021035,067805dc0908da02009708
2026-09-28T14:27:58.116+08:00,1790576878116237535,123.876129422,1790576878116380325,1089.749578532,1790576878108475963,1089.741816461,22.01,6,0.007758774999956586,067805dc09086c02009908
2026-09-28T14:27:58.617+08:00,1790576878617415374,124.377307261,1790576878617738008,1090.250756353,1790576878605278825,1090.238619286,22.01,6,0.012133604000155174,067805dc0a086202009908
2026-09-28T14:27:59.118+08:00,1790576879118231748,124.878123635,1790576879118815723,1090.751573024,1790576879110374255,1090.743714845,22.01,6,0.007854363999967973,067805dc0b085802009908
2026-09-28T14:27:59.609+08:00,1790576879609267163,125.36915905,1790576879609406657,1091.242608123,1790576879605267391,1091.238607926,21.98,6,0.003997679000121934,067805dc0c085802009608
2026-09-28T14:28:00.119+08:00,1790576880119682721,125.879574608,1790576880120128480,1091.753023811,1790576880111840579,1091.745181151,21.97,6,0.007836734999955297,067805dc0d087602009508
2026-09-28T14:28:00.611+08:00,1790576880611392983,126.37128487,1790576880611689340,1092.244734462,1790576880605460962,1092.238801404,22.0,6,0.005928612999923644,067805dc0e088002009808
2026-09-28T14:28:01.121+08:00,1790576881121621722,126.881513609,1790576881121880878,1092.754962961,1790576881114225431,1092.747565892,22.0,6,0.007392697999875963,067805dc0f087602009808
2026-09-28T14:28:01.612+08:00,1790576881612446973,127.37233886,1790576881612834123,1093.245788785,1790576881605246840,1093.238587578,22.01,6,0.007196114999942438,067805dc10085802009908
2026-09-28T14:28:02.123+08:00,1790576882123226232,127.883118119,1790576882123353727,1093.75656723,1790576882114558274,1093.747898753,22.01,6,0.008665477000022292,067805dc10087602009908
2026-09-28T14:28:02.614+08:00,1790576882614231611,128.374123498,1790576882614382234,1094.247572645,1790576882605233500,1094.238574183,22.0,6,0.00899527699993996,067805dc11080203009808
2026-09-28T14:28:03.115+08:00,1790576883115059770,128.874951657,1790576883115506991,1094.748400934,1790576883106478770,1094.739819268,22.0,6,0.00857696200000646,067805dc1208b202009808
2026-09-28T14:28:03.615+08:00,1790576883615248128,129.375140015,1790576883616628420,1095.248589403,1790576883605218080,1095.238558522,21.97,6,0.010026232999962303,067805dc1308a802009508
2026-09-28T14:28:04.116+08:00,1790576884116257007,129.876148894,1790576884116944200,1095.74959832,1790576884108437697,1095.741778139,21.97,6,0.00781575500013787,067805dc14089e02009508
2026-09-28T14:28:04.617+08:00,1790576884617415700,130.377307587,1790576884617554935,1096.25075655,1790576884605328834,1096.238669813,21.98,6,0.012083848000202124,067805dc15088a02009608
2026-09-28T14:28:05.118+08:00,1790576885118237613,130.8781295,1790576885118428623,1096.751578573,1790576885109331349,1096.742671847,21.98,6,0.00890324499982853,067805dc16088002009608
2026-09-28T14:28:05.609+08:00,1790576885609233176,131.369125063,1790576885609919684,1097.242574285,1790576885605220294,1097.23856081,21.99,6,0.00400964200002818,067805dc17087602009708
2026-09-28T14:28:06.120+08:00,1790576886120241692,131.880133579,1790576886120427628,1097.753582801,1790576886111432795,1097.744773292,21.98,6,0.008805600999949093,067805dc18087602009608
2026-09-28T14:28:06.611+08:00,1790576886611415662,132.371307549,1790576886612821934,1098.244756826,1790576886605305166,1098.238645608,21.97,6,0.006107254999960787,067805dc19087602009508
2026-09-28T14:28:07.121+08:00,1790576887121542129,132.881434016,1790576887121888743,1098.754883182,1790576887113418998,1098.746759477,21.97,6,0.008120371999893905,067805dc19086c02009508
2026-09-28T14:28:07.612+08:00,1790576887612246606,133.372138493,1790576887612469059,1099.245587659,1790576887605510786,1099.238851357,21.97,6,0.0067306170001302235,067805dc1a086202009508
2026-09-28T14:28:08.123+08:00,1790576888123408238,133.883300125,1790576888124014453,1099.756749699,1790576888115776049,1099.749116547,21.98,6,0.007628725999893504,067805dc1b084e02009608
2026-09-28T14:28:08.614+08:00,1790576888614314972,134.374206859,1790576888614596034,1100.247656581,1790576888605993202,1100.23933381,21.97,6,0.008318714999859367,067805dc1c086202009508
2026-09-28T14:28:09.115+08:00,1790576889115260311,134.875152198,1790576889115700570,1100.748601994,1790576889106353510,1100.739694008,21.96,6,0.008902819000013551,067805dc1d088002009408
2026-09-28T14:28:09.616+08:00,1790576889616272799,135.376164686,1790576889616494808,1101.249614241,1790576889605316550,1101.238657122,21.97,6,0.010951730999977372,067805dc1e087602009508
2026-09-28T14:28:10.116+08:00,1790576890116501712,135.876393599,1790576890116684945,1101.749842784,1790576890108519149,1101.74185961,21.97,6,0.007978711000077965,067805dc1f088002009508
2026-09-28T14:28:10.617+08:00,1790576890617240515,136.377132402,1790576890617428284,1102.250581605,1790576890605218682,1102.238559216,21.95,6,0.012018481999803043,067805dc20080c03009308
2026-09-28T14:28:11.118+08:00,1790576891118269751,136.878161638,1790576891118601810,1102.751610989,1790576891110412664,1102.74375318,21.96,6,0.007852938999803882,067805dc21088002009408
2026-09-28T14:28:11.609+08:00,1790576891609247591,137.369139478,1790576891609447416,1103.24258907,1790576891605237542,1103.238577984,21.96,6,0.004005790000064735,067805dc22084e02009408
2026-09-28T14:28:12.120+08:00,1790576892120335547,137.880227434,1790576892121590049,1103.753676656,1790576892111330232,1103.744670711,21.96,6,0.009002278000025399,067805dc22087602009408
2026-09-28T14:28:12.611+08:00,1790576892611249156,138.371141043,1790576892611658564,1104.244590023,1790576892605276635,1104.238617207,21.95,6,0.0059696129999338154,067805dc23086c02009308
2026-09-28T14:28:13.122+08:00,1790576893122237548,138.882129435,1790576893122378394,1104.755578527,1790576893113357616,1104.746698113,21.95,6,0.008876931999793669,067805dc2408a802009308
2026-09-28T14:28:13.612+08:00,1790576893612268200,139.372160087,1790576893613337783,1105.245609568,1790576893605217745,1105.238558298,21.97,6,0.0070458999998663785,067805dc25086c02009508
2026-09-28T14:28:14.124+08:00,1790576894124781421,139.884673308,1790576894125339027,1105.75812253,1790576894115229592,1105.748570293,21.97,6,0.009548310999889509,067805dc26086202009508
2026-09-28T14:28:14.614+08:00,1790576894614224419,140.374116306,1790576894614466112,1106.247565509,1790576894605473426,1106.23881396,21.97,6,0.008747346000063771,067805dc27086c02009508
2026-09-28T14:28:15.125+08:00,1790576895125718783,140.88561067,1790576895126069823,1106.759060076,1790576895116441386,1106.74978205,21.98,6,0.009271637999972882,067805dc28086c02009608
2026-09-28T14:28:15.615+08:00,1790576895615451977,141.375343864,1790576895615810610,1107.248793938,1790576895605237084,1107.238577656,21.97,6,0.01021109700013767,067805dc29087003009508
2026-09-28T14:28:16.116+08:00,1790576896116241474,141.876133361,1790576896116401819,1107.749582768,1790576896108541510,1107.741882007,21.97,6,0.007696983999949225,067805dc2a080203009508
2026-09-28T14:28:16.617+08:00,1790576896617258392,142.377150279,1790576896617514233,1108.250599649,1790576896605241614,1108.238582519,21.97,6,0.012011408000034862,067805dc2b087602009508
2026-09-28T14:28:17.118+08:00,1790576897118277996,142.878169883,1790576897118736125,1108.751620679,1790576897110559477,1108.743900104,21.97,6,0.007711778999919261,067805dc2c08b202009508
2026-09-28T14:28:17.609+08:00,1790576897609229612,143.369121499,1790576897609715999,1109.242570665,1790576897605224118,1109.238564579,21.95,6,0.004003030999911061,067805dc2c087602009308
2026-09-28T14:28:18.120+08:00,1790576898120222126,143.880114013,1790576898120402840,1109.753563142,1790576898112840814,1109.746181275,21.95,6,0.007378866999943057,067805dc2d088002009308
2026-09-28T14:28:18.612+08:00,1790576898612086393,144.37197828,1790576898612269848,1110.245428261,1790576898605516658,1110.238857118,21.96,6,0.006566440000142393,067805dc2e089402009408
2026-09-28T14:28:19.122+08:00,1790576899122704521,144.882596408,1790576899122919753,1110.756045574,1790576899113594506,1110.746935004,21.95,6,0.009107033999953273,067805dc2f089e02009308
2026-09-28T14:28:19.612+08:00,1790576899612532456,145.372424343,1790576899613200520,1111.245873935,1790576899605279324,1111.238619932,21.94,6,0.007249577000038698,067805db3008da02009208
2026-09-28T14:28:20.123+08:00,1790576900123486575,145.883378462,1790576900123797525,1111.756827535,1790576900115499456,1111.748839953,21.95,6,0.007981822999909127,067805dc31086c02009308
2026-09-28T14:28:20.614+08:00,1790576900614267270,146.374159157,1790576900614533851,1112.247608268,1790576900605492314,1112.238832868,21.95,6,0.00877265899998747,067805dc32086202009308
2026-09-28T14:28:21.115+08:00,1790576901115479221,146.875371108,1790576901116084788,1112.748820904,1790576901106680063,1112.740020727,21.95,6,0.008791991999942184,067805dc33088002009308
2026-09-28T14:28:21.616+08:00,1790576901616287620,147.376179507,1790576901616584033,1113.249629099,1790576901605367738,1113.238708273,21.95,6,0.010916326000142362,067805dc34088002009308
2026-09-28T14:28:22.116+08:00,1790576902116268574,147.876160461,1790576902116479065,1113.749609868,1790576902108331453,1113.74167195,21.95,6,0.007932307000146466,067805dc35084e02009308
2026-09-28T14:28:22.617+08:00,1790576902617281210,148.377173097,1790576902617746135,1114.250622226,1790576902605218711,1114.238559264,21.95,6,0.012060165999855599,067805dc35088002009308
2026-09-28T14:28:23.118+08:00,1790576903118341253,148.87823314,1790576903119126682,1114.751682621,1790576903110977051,1114.744317493,21.95,6,0.0073611090001577395,067805dc36089e02009308
2026-09-28T14:28:23.609+08:00,1790576903609269976,149.369161863,1790576903610327190,1115.242611325,1790576903605330127,1115.238670588,21.95,6,0.0039359779998449085,067805dc37086c02009308
2026-09-28T14:28:24.120+08:00,1790576904120268449,149.880160336,1790576904120482236,1115.753609668,1790576904111485234,1115.744825731,21.95,6,0.008777252000072622,067805dc38085802009308
2026-09-28T14:28:24.611+08:00,1790576904611242601,150.371134488,1790576904611754560,1116.244583673,1790576904605240840,1116.238581542,21.95,6,0.005998501000021861,067805dc39086c02009308
2026-09-28T14:28:25.121+08:00,1790576905121757414,150.881649301,1790576905122538881,1116.755497858,1790576905113512139,1116.746852581,21.95,6,0.00824007200003507,067805dc3a087602009308
2026-09-28T14:28:25.612+08:00,1790576905612237241,151.372129128,1790576905612494360,1117.245578813,1790576905605240968,1117.23858141,21.94,6,0.0069935330000134854,067805db3b086c02009208
2026-09-28T14:28:26.123+08:00,1790576906123244243,151.88313613,1790576906123553563,1117.756585574,1790576906114513674,1117.747854134,21.94,6,0.008727532000193605,067805db3c08a802009208
2026-09-28T14:28:26.613+08:00,1790576906613545138,152.373437025,1790576906613827219,1118.24688621,1790576906605247495,1118.238588177,21.94,6,0.008293921999893428,067805db3c087602009208
2026-09-28T14:28:27.115+08:00,1790576907115546458,152.875438345,1790576907115716617,1118.748888233,1790576907106838202,1118.740178663,21.95,6,0.008702106999862735,067805dc3d086202009308
2026-09-28T14:28:27.615+08:00,1790576907615563607,153.375455494,1790576907615746914,1119.24890516,1790576907605261550,1119.238602233,21.95,6,0.010297428000058062,067805dc3e087602009308
2026-09-28T14:28:28.116+08:00,1790576908116290227,153.876182114,1790576908116453832,1119.749631225,1790576908108427621,1119.741768137,21.95,6,0.007858329000100639,067805dc3f086c02009308
2026-09-28T14:28:28.617+08:00,1790576908617425982,154.377317869,1790576908617656713,1120.250767295,1790576908605522827,1120.238863398,21.94,6,0.01189834100000553,067805db40084803009208
2026-09-28T14:28:29.118+08:00,1790576909118245270,154.878137157,1790576909118653994,1120.751586842,1790576909109413113,1120.742753943,21.94,6,0.008829009999999471,067805db41088a02009208
2026-09-28T14:28:29.609+08:00,1790576909609205671,155.369097558,1790576909609445105,1121.242546798,1790576909605281654,1121.238622337,21.93,6,0.003921739000134039,067805db42087602009108
2026-09-28T14:28:30.120+08:00,1790576910120251914,155.880143801,1790576910120765910,1121.753593022,1790576910111397349,1121.744737995,21.93,6,0.00885150900012377,067805db43084402009108
2026-09-28T14:28:30.611+08:00,1790576910611650263,156.37154215,1790576910612044784,1122.244991391,1790576910605298314,1122.238638886,21.94,6,0.006347357000095144,067805db44088002009208
2026-09-28T14:28:31.121+08:00,1790576911121458657,156.881350544,1790576911121781662,1122.754799877,1790576911113651307,1122.746991805,21.95,6,0.007802905999824361,067805dc44084e02009308
2026-09-28T14:28:31.612+08:00,1790576911612431937,157.372323824,1790576911612694556,1123.245772879,1790576911605224080,1123.238564689,21.95,6,0.0072049309999329125,067805dc45087602009308
2026-09-28T14:28:32.123+08:00,1790576912123250108,157.883141995,1790576912123825509,1123.756591161,1790576912114558370,1123.74789896,21.94,6,0.008689294000078007,067805db46086c02009208
2026-09-28T14:28:32.614+08:00,1790576912614232504,158.374124391,1790576912614727020,1124.247573372,1790576912605285480,1124.238626107,21.93,6,0.008944765000023835,067805db4708a802009108
2026-09-28T14:28:33.115+08:00,1790576913115230452,158.875122339,1790576913115999253,1124.748571543,1790576913106986695,1124.740327211,21.94,6,0.008241479999924195,067805db48086c02009208
2026-09-28T14:28:33.616+08:00,1790576913616265218,159.376157105,1790576913616754290,1125.249606623,1790576913605224395,1125.238564967,21.94,6,0.011035601000003226,067805db49087602009208
2026-09-28T14:28:34.117+08:00,1790576914117702208,159.877594095,1790576914117855794,1125.75104341,1790576914108553193,1125.74189408,21.95,6,0.009145033999857333,067805dc4a087602009308
2026-09-28T14:28:34.617+08:00,1790576914617447090,160.377338977,1790576914618044490,1126.250788143,1790576914605531990,1126.238872728,21.95,6,0.011908563000133654,067805dc4b089e02009308
2026-09-28T14:28:35.118+08:00,1790576915118375348,160.878267235,1790576915119352658,1126.751716438,1790576915110816764,1126.744157206,21.94,6,0.007553714000096079,067805db4c089e02009208
2026-09-28T14:28:35.609+08:00,1790576915609364295,161.369256182,1790576915609490437,1127.242706329,1790576915605418501,1127.238758943,21.95,6,0.00394264600004135,067805dc4c085802009308
2026-09-28T14:28:36.119+08:00,1790576916119853240,161.879745127,1790576916120392754,1127.753380581,1790576916111458304,1127.744799134,21.95,6,0.008389178000015818,067805dc4d08c602009308
2026-09-28T14:28:36.611+08:00,1790576916611236378,162.371128265,1790576916611691674,1128.244577672,1790576916605323262,1128.238664204,21.95,6,0.005908597999905396,067805dc4e086202009308
2026-09-28T14:28:37.122+08:00,1790576917122292027,162.882183914,1790576917122507091,1128.755633432,1790576917113408981,1128.74674946,21.96,6,0.00887743499993121,067805dc4f085802009408
2026-09-28T14:28:37.613+08:00,1790576917613208208,163.373100095,1790576917613462123,1129.246549224,1790576917605207051,1129.238547586,21.96,6,0.007998601999815946,067805dc50087602009408
2026-09-28T14:28:38.123+08:00,1790576918123207036,163.883098923,1790576918124114368,1129.75654783,1790576918116449456,1129.74978999,21.96,6,0.006755711000096198,067805dc51086c02009408
2026-09-28T14:28:38.614+08:00,1790576918614201312,164.374093199,1790576918614315807,1130.247542235,1790576918605204123,1130.238544565,21.95,6,0.008995263000088016,067805dc52085802009308
2026-09-28T14:28:39.116+08:00,1790576919116646320,164.876538207,1790576919117218777,1130.749987336,1790576919109097218,1130.742437678,21.95,6,0.007546287999957713,067805dc53087602009308
2026-09-28T14:28:39.616+08:00,1790576919616263342,165.376155229,1790576919616457556,1131.249604395,1790576919605248684,1131.238589219,21.95,6,0.011011250999899858,067805dc53086c02009308
2026-09-28T14:28:40.117+08:00,1790576920117219826,165.877111713,1790576920117466057,1131.750560879,1790576920108307875,1131.741648372,21.95,6,0.008909507999987909,067805dc5408bc02009308
2026-09-28T14:28:40.618+08:00,1790576920618204739,166.378096626,1790576920618294587,1132.251545477,1790576920605197963,1132.238538497,21.95,6,0.013004888000068604,067805dc55088002009308
2026-09-28T14:28:41.118+08:00,1790576921118255415,166.878147302,1790576921118492775,1132.751596412,1790576921110316366,1132.743656863,21.96,6,0.007937011999956667,067805dc56087602009408
2026-09-28T14:28:41.609+08:00,1790576921609203132,167.369095019,1790576921609311553,1133.242543778,1790576921605211414,1133.238551949,21.95,6,0.003989550999904168,067805dc57085802009308
2026-09-28T14:28:42.120+08:00,1790576922120200918,167.880092805,1790576922120302006,1133.753541878,1790576922111280874,1133.744621408,21.95,6,0.008918081000047096,067805dc5808da02009308
2026-09-28T14:28:42.611+08:00,1790576922611214933,168.37110682,1790576922611324928,1134.244555819,1790576922605226689,1134.23856715,21.95,6,0.005985817999999199,067805dc59086c02009308
2026-09-28T14:28:43.122+08:00,1790576923122201668,168.882093555,1790576923122297460,1134.755542573,1790576923113275254,1134.746615752,21.95,6,0.008924877000026754,067805dc5a08a802009308
2026-09-28T14:28:43.612+08:00,1790576923612214509,169.372106396,1790576923612440592,1135.245555469,1790576923605202179,1135.23854264,21.96,6,0.0070091069999307365,067805dc5b086202009408
2026-09-28T14:28:44.123+08:00,1790576924123199971,169.883091858,1790576924123321892,1135.75654082,1790576924114379367,1135.747719846,21.96,6,0.008819233999929565,067805dc5b086202009408
2026-09-28T14:28:44.614+08:00,1790576924614198125,170.374090012,1790576924614274826,1136.247538956,1790576924605199751,1136.238540212,21.96,6,0.008996873999876698,067805dc5c086202009408
2026-09-28T14:28:45.115+08:00,1790576925115211797,170.875103684,1790576925116383691,1136.748552776,1790576925106280142,1136.739620639,21.95,6,0.008929748000127802,067805dc5d08c602009308
2026-09-28T14:28:45.616+08:00,1790576925616254415,171.376146302,1790576925616618473,1137.249595968,1790576925605227238,1137.238567699,21.92,6,0.011023473000022932,067805db5e08b202009008
2026-09-28T14:28:46.116+08:00,1790576926116438163,171.87633005,1790576926116773649,1137.74977942,1790576926108377101,1137.741717728,21.92,6,0.008056692000081966,067805db5f085802009008
2026-09-28T14:28:46.617+08:00,1790576926617235241,172.377127128,1790576926617436269,1138.250576386,1790576926605308029,1138.238648637,21.93,6,0.011923730999797044,067805db60088002009108
2026-09-28T14:28:47.118+08:00,1790576927118227996,172.878119883,1790576927118428821,1138.751569142,1790576927109565959,1138.742907142,21.93,6,0.00865796300013244,067805db61086202009108
2026-09-28T14:28:47.609+08:00,1790576927609229589,173.369121476,1790576927609890691,1139.242570568,1790576927605235612,1139.238576239,21.93,6,0.003990515000168671,067805db62087602009108
2026-09-28T14:28:48.120+08:00,1790576928120246568,173.880138455,1790576928120532593,1139.753587918,1790576928111376392,1139.744717149,21.93,6,0.008866472999898178,067805db63086c02009108
2026-09-28T14:28:48.611+08:00,1790576928611243759,174.371135646,1790576928611367883,1140.244584738,1790576928605320882,1140.238661473,21.94,6,0.005917968999938239,067805db64086202009208
2026-09-28T14:28:49.121+08:00,1790576929121233564,174.881125451,1790576929121670453,1140.754574562,1790576929113412732,1140.746753229,21.93,6,0.00781861099994785,067805db64088002009108
2026-09-28T14:28:49.612+08:00,1790576929612372623,175.37226451,1790576929612848251,1141.245713713,1790576929605242409,1141.238583111,21.93,6,0.007127158000002964,067805db65088002009108
2026-09-28T14:28:50.123+08:00,1790576930123241432,175.883133319,1790576930123572974,1141.756583208,1790576930114351868,1141.747692347,21.94,6,0.008886323999831802,067805db66086c02009208
2026-09-28T14:28:50.613+08:00,1790576930613715209,176.373607096,1790576930613858722,1142.247056448,1790576930605375492,1142.238716174,21.95,6,0.008335884999951304,067805dc67088002009308
2026-09-28T14:28:51.114+08:00,1790576931114437457,176.874329344,1790576931114788793,1142.74777901,1790576931106437947,1142.739778518,21.95,6,0.007996509999884438,067805dc68088002009308
2026-09-28T14:28:51.615+08:00,1790576931615330385,177.375222272,1790576931615864621,1143.248671383,1790576931605245038,1143.238585499,21.94,6,0.010081884000101127,067805db69089402009208
2026-09-28T14:28:52.116+08:00,1790576932116242480,177.876134367,1790576932116432750,1143.749583793,1790576932107448171,1143.740788668,21.92,6,0.00879166200002146,067805db6a08a802009008
2026-09-28T14:28:52.617+08:00,1790576932617232761,178.377124648,1790576932617419068,1144.250574388,1790576932605232588,1144.238573049,21.93,6,0.01199719099986396,067805db6b088002009108
2026-09-28T14:28:53.118+08:00,1790576933118399942,178.878291829,1790576933120776118,1144.751740773,1790576933109413474,1144.742753971,21.93,6,0.008983024000144724,067805db6c089e02009108
2026-09-28T14:28:53.608+08:00,1790576933608247351,179.368139238,1790576933608583003,1145.2415882,1790576933605259293,1145.238599883,21.94,6,0.002985205999948448,067805db6d087602009208
2026-09-28T14:28:54.119+08:00,1790576934119246468,179.879138355,1790576934119529530,1145.75258754,1790576934111637126,1145.744977587,21.95,6,0.0076065820001076645,067805dc6e084e02009308
2026-09-28T14:28:54.610+08:00,1790576934610696960,180.370588847,1790576934610928377,1146.244038588,1790576934605221731,1146.238562266,21.93,6,0.005470877000107066,067805db6f08a802009108
2026-09-28T14:28:55.121+08:00,1790576935121224250,180.881116137,1790576935121386873,1146.754565563,1790576935112406516,1146.745747013,21.93,6,0.008814975999939634,067805db6f088002009108
2026-09-28T14:28:55.612+08:00,1790576935612621657,181.372513544,1790576935612934514,1147.245962654,1790576935605280452,1147.238621005,21.93,6,0.007337686000028043,067805db70089e02009108
2026-09-28T14:28:56.122+08:00,1790576936122474757,181.882366644,1790576936123404847,1147.755815866,1790576936114674738,1147.748015347,21.93,6,0.007796537999865905,067805db71086c02009108
2026-09-28T14:28:56.613+08:00,1790576936613201289,182.373093176,1790576936613425242,1148.246542194,1790576936605234222,1148.238574756,21.93,6,0.00796499400007633,067805db72087602009108
2026-09-28T14:28:57.114+08:00,1790576937114221826,182.874113713,1790576937115464792,1148.747562787,1790576937105844851,1148.739185311,21.94,6,0.00837416099989241,067805db73085802009208
2026-09-28T14:28:57.615+08:00,1790576937615233997,183.375125884,1790576937616617882,1149.248575087,1790576937605224758,1149.238565218,21.94,6,0.01000597999995989,067805db74087602009208
2026-09-28T14:28:58.115+08:00,1790576938115640528,183.875532415,1790576938116052010,1149.748981581,1790576938107951300,1149.741291798,21.93,6,0.007683283000005758,067805db7508a802009108
2026-09-28T14:28:58.617+08:00,1790576938617235677,184.377127564,1790576938617400800,1150.250576842,1790576938605233060,1150.238573669,21.92,6,0.01199867299988,067805db76088a02009008
2026-09-28T14:28:59.117+08:00,1790576939117248025,184.877139912,1790576939117918330,1150.750589245,1790576939109838249,1150.743178765,21.92,6,0.007406665999951656,067805db77089402009008
2026-09-28T14:28:59.608+08:00,1790576939608404606,185.368296493,1790576939608833699,1151.241745289,1790576939605230149,1151.238570665,21.93,6,0.0031703279998964717,067805db78087602009108
2026-09-28T14:29:00.119+08:00,1790576940119347862,185.879239749,1790576940119500726,1151.752688841,1790576940111100658,1151.744441193,21.93,6,0.008244295999929818,067805db78089e02009108
2026-09-28T14:29:00.609+08:00,1790576940609673723,186.36956561,1790576940609872344,1152.243014757,1790576940605258948,1152.238599575,21.94,6,0.0044098490000124,067805db79086c02009208
2026-09-28T14:29:01.120+08:00,1790576941120405770,186.880297657,1790576941120527301,1152.753746915,1790576941112602213,1152.745942693,21.92,6,0.007800945000099091,067805db7a084402009008
2026-09-28T14:29:01.611+08:00,1790576941611241964,187.371133851,1790576941611545748,1153.244583443,1790576941605658943,1153.238999404,21.91,6,0.005580206000104226,067805db7b08bc02008f08
2026-09-28T14:29:02.122+08:00,1790576942122246874,187.882138761,1790576942123152743,1153.755587853,1790576942113425528,1153.746766025,21.91,6,0.008818734999977096,067805db7c085802008f08
2026-09-28T14:29:02.613+08:00,1790576942613740007,188.373631894,1790576942614450607,1154.247081579,1790576942605243481,1154.238584071,21.91,6,0.008491044999800579,067805db7d086202008f08
2026-09-28T14:29:03.114+08:00,1790576943114443582,188.874335469,1790576943114799123,1154.747784895,1790576943105376599,1154.738717096,21.92,6,0.009062668999831658,067805db7e088002009008
2026-09-28T14:29:03.614+08:00,1790576943614337954,189.374229841,1790576943614603850,1155.247678822,1790576943605220139,1155.238560581,21.93,6,0.009115074999954231,067805db7f086c02009108
2026-09-28T14:29:04.115+08:00,1790576944115499625,189.875391512,1790576944115617749,1155.748840678,1790576944107394359,1155.740734838,21.93,6,0.008100432999981422,067805db7f087602009108
2026-09-28T14:29:04.616+08:00,1790576944616286203,190.37617809,1790576944616489991,1156.249627219,1790576944605267006,1156.238607467,21.92,6,0.011014660000000731,067805db80083a02009008
2026-09-28T14:29:05.117+08:00,1790576945117492153,190.87738404,1790576945118066499,1156.750833355,1790576945108714898,1156.742055358,21.91,6,0.008773607999955857,067805db81088a02008f08
2026-09-28T14:29:05.618+08:00,1790576945618305290,191.378197177,1790576945618436044,1157.251646251,1790576945605224570,1157.238565104,21.92,6,0.013077868999971543,067805db8208bc02009008
2026-09-28T14:29:06.119+08:00,1790576946119356121,191.879248008,1790576946119793899,1157.752697359,1790576946110527831,1157.743868736,21.91,6,0.00882316100000935,067805db83088a02008f08
2026-09-28T14:29:06.610+08:00,1790576946610341773,192.37023366,1790576946610483434,1158.243682567,1790576946605262600,1158.23860332,21.9,6,0.005075321000049371,067805db84087602008e08
2026-09-28T14:29:07.121+08:00,1790576947121589358,192.881481245,1790576947122100652,1158.754930893,1790576947112547336,1158.745888315,21.9,6,0.009035856000082276,067805db85085802008e08
2026-09-28T14:29:07.611+08:00,1790576947611424952,193.371316839,1790576947611896395,1159.244766153,1790576947605251363,1159.238591935,21.91,6,0.006169200000158526,067805db86086c02008f08
2026-09-28T14:29:08.122+08:00,1790576948122369851,193.882261738,1790576948122505493,1159.755711533,1790576948114522500,1159.747862997,21.91,6,0.00784431399983987,067805db87087003008f08
2026-09-28T14:29:08.613+08:00,1790576948613313771,194.373205658,1790576948613484282,1160.246655065,1790576948605254521,1160.238595112,21.9,6,0.00805628600005548,067805db88089402008e08
2026-09-28T14:29:09.124+08:00,1790576949124307338,194.884199225,1790576949124491330,1160.757648558,1790576949116349362,1160.749689878,21.9,6,0.007954050000080315,067805db89086c02008e08
2026-09-28T14:29:09.615+08:00,1790576949615249743,195.37514163,1790576949616410786,1161.248591445,1790576949605228337,1161.23856889,21.91,6,0.010017610000204513,067805db89086202008f08
2026-09-28T14:29:10.116+08:00,1790576950116255962,195.876147849,1790576950116743867,1161.749597015,1790576950108164695,1161.741505156,21.92,6,0.008086470000080226,067805db8a089402009008
2026-09-28T14:29:10.617+08:00,1790576950617241091,196.377132978,1790576950617397881,1162.250582626,1790576950605265879,1162.23860634,21.91,6,0.011971953000056601,067805db8b087602008f08
2026-09-28T14:29:11.118+08:00,1790576951118232203,196.87812409,1790576951118424843,1162.751573367,1790576951109585404,1162.742925902,21.91,6,0.008644075999882261,067805db8c086c02008f08
2026-09-28T14:29:11.609+08:00,1790576951609389069,197.369280956,1790576951609523415,1163.242730085,1790576951605298984,1163.238639537,21.9,6,0.004087512000069182,067805db8d084e02008e08
2026-09-28T14:29:12.119+08:00,1790576952119445484,197.879337371,1790576952120180416,1163.752787167,1790576952111416937,1163.744757823,21.9,6,0.008021639999924446,067805db8e086202008e08
2026-09-28T14:29:12.610+08:00,1790576952610429806,198.370321693,1790576952610653222,1164.243770822,1790576952605290858,1164.238631318,21.9,6,0.00513415199998235,067805db8f086c02008e08
2026-09-28T14:29:13.121+08:00,1790576953121244840,198.881136727,1790576953121365409,1164.7545863,1790576953113686736,1164.747027622,21.91,6,0.007553641000185962,067805db90085802008f08
2026-09-28T14:29:13.612+08:00,1790576953612274626,199.372166513,1790576953612423120,1165.24561579,1790576953605240963,1165.238581516,21.91,6,0.007030033999853913,067805db91086c02008f08
2026-09-28T14:29:14.123+08:00,1790576954123354745,199.883246632,1790576954123541163,1165.756695984,1790576954114384201,1165.747724699,21.91,6,0.008967803000132335,067805db92084402008f08
2026-09-28T14:29:14.613+08:00,1790576954613729656,200.373621543,1790576954614203524,1166.24707082,1790576954605579373,1166.238919815,21.9,6,0.008146615999976348,067805db9208a802008e08
2026-09-28T14:29:15.115+08:00,1790576955115228908,200.875120795,1790576955115679074,1166.748569869,1790576955106601368,1166.739941903,21.89,6,0.008624854999879972,067805db93086c02008d08
2026-09-28T14:29:15.616+08:00,1790576955616481044,201.376372931,1790576955616594114,1167.249822431,1790576955605253615,1167.238594168,21.87,6,0.01122393000014199,067805db94086c02008b08
2026-09-28T14:29:16.117+08:00,1790576956117576873,201.87746876,1790576956117708331,1167.750917815,1790576956108380802,1167.741721651,21.89,6,0.009191868000016257,067805db95084402008d08
2026-09-28T14:29:16.617+08:00,1790576956617547253,202.37743914,1790576956617932625,1168.250888491,1790576956605240499,1168.238581274,21.89,6,0.01230197700010649,067805db96088002008d08
2026-09-28T14:29:17.118+08:00,1790576957118237899,202.878129786,1790576957118429909,1168.7515791,1790576957110360789,1168.743701287,21.89,6,0.007873868999922706,067805db97086c02008d08
2026-09-28T14:29:17.609+08:00,1790576957609213720,203.369105607,1790576957609508189,1169.242554977,1790576957605224501,1169.238564961,21.88,6,0.00398709000000963,067805db9808bc02008c08
2026-09-28T14:29:18.120+08:00,1790576958120262151,203.880154038,1790576958120903494,1169.753603908,1790576958112153181,1169.745493623,21.87,6,0.008104952000167032,067805db9908a802008b08
2026-09-28T14:29:18.611+08:00,1790576958611339008,204.371230895,1790576958611755268,1170.244680172,1790576958605506645,1170.238847272,21.87,6,0.005829660000017611,067805db9a088a02008b08
2026-09-28T14:29:19.122+08:00,1790576959122462458,204.882354345,1790576959122995047,1170.755804196,1790576959113675165,1170.747015663,21.87,6,0.008781812000052014,067805db9b086202008b08
2026-09-28T14:29:19.613+08:00,1790576959613356956,205.373248843,1790576959613485673,1171.246697917,1790576959605546399,1171.23888686,21.88,6,0.007801667999956408,067805db9b083002008c08
2026-09-28T14:29:20.124+08:00,1790576960124327824,205.884219711,1790576960124472225,1171.757669025,1790576960115695042,1171.74903554,21.88,6,0.008629521999864664,067805db9c086202008c08
2026-09-28T14:29:20.615+08:00,1790576960615382040,206.375273927,1790576960615698397,1172.248723464,1790576960605227065,1172.238567507,21.89,6,0.010151420000056532,067805db9d088002008d08
2026-09-28T14:29:21.116+08:00,1790576961116360855,206.876252742,1790576961116517385,1172.749702315,1790576961107360533,1172.740701031,21.88,6,0.008995709999908286,067805db9e087602008c08
2026-09-28T14:29:21.617+08:00,1790576961617254730,207.377146617,1790576961617728377,1173.250595932,1790576961605234649,1173.238575294,21.89,6,0.012016879000157132,067805db9f088002008d08
2026-09-28T14:29:22.117+08:00,1790576962117539411,207.877431298,1790576962117637073,1173.750880316,1790576962109366832,1173.742707348,21.88,6,0.008169819999920946,067805dba0086c02008c08
2026-09-28T14:29:22.608+08:00,1790576962608393013,208.3682849,1790576962609265791,1174.241733696,1790576962605233184,1174.238573645,21.88,6,0.0031548099998417456,067805dba1087602008c08
2026-09-28T14:29:23.119+08:00,1790576963119347336,208.879239223,1790576963119685007,1174.752688648,1790576963111394896,1174.744735431,21.89,6,0.007947644000068976,067805dba208a802008d08
2026-09-28T14:29:23.610+08:00,1790576963610309918,209.370201805,1790576963610636182,1175.243651471,1790576963605422311,1175.238762753,21.89,6,0.0048418870001114556,067805dba208bc02008d08
2026-09-28T14:29:24.121+08:00,1790576964121282299,209.881174186,1790576964121532993,1175.754623482,1790576964112840306,1175.746180822,21.88,6,0.00843878999990011,067805dba3084402008c08
2026-09-28T14:29:24.612+08:00,1790576964612412971,210.372304858,1790576964612779011,1176.245754042,1790576964605259182,1176.238599717,21.88,6,0.007150196000111464,067805dba4086c02008c08
2026-09-28T14:29:25.123+08:00,1790576965123403243,210.88329513,1790576965123703360,1176.756744444,1790576965115069560,1176.748410243,21.88,6,0.00832857199998216,067805dba5084402008c08
2026-09-28T14:29:25.614+08:00,1790576965614349018,211.374240905,1790576965614641450,1177.24769046,1790576965605211239,1177.2385517,21.88,6,0.009133241999961683,067805dba6083a02008c08
2026-09-28T14:29:26.115+08:00,1790576966115572283,211.87546417,1790576966115872363,1177.748914095,1790576966106354915,1177.739695524,21.89,6,0.009209572000145272,067805dba7085802008d08
2026-09-28T14:29:26.616+08:00,1790576966616647056,212.376538943,1790576966617819655,1178.249988702,1790576966605229023,1178.238569613,21.89,6,0.011413514999958352,067805dba8086202008d08
2026-09-28T14:29:27.117+08:00,1790576967117239888,212.877131775,1790576967117682129,1178.750581016,1790576967108503593,1178.741844275,21.88,6,0.008731184999987818,067805dba8085802008c08
2026-09-28T14:29:27.618+08:00,1790576967618239002,213.378130889,1790576967618482214,1179.251580203,1790576967605240165,1179.238580626,21.88,6,0.012995966000062253,067805dba9086c02008c08
2026-09-28T14:29:28.118+08:00,1790576968118240399,213.878132286,1790576968118388115,1179.751581582,1790576968110483840,1179.743824337,21.88,6,0.0077540229999613075,067805dbaa087602008c08
2026-09-28T14:29:28.609+08:00,1790576968609335399,214.369227286,1790576968609626220,1180.242676638,1790576968605273850,1180.238614477,21.88,6,0.004057587000033891,067805dbab08da02008c08
2026-09-28T14:29:29.120+08:00,1790576969120494271,214.880386158,1790576969121051025,1180.753836861,1790576969111401194,1180.744741673,21.88,6,0.009086651000188795,067805dbac086c02008c08
2026-09-28T14:29:29.611+08:00,1790576969611234863,215.37112675,1790576969611396449,1181.244575953,1790576969605251339,1181.238591911,21.88,6,0.00598070900014136,067805dbad08a802008c08
2026-09-28T14:29:30.122+08:00,1790576970122317981,215.882209868,1790576970122644912,1181.755659053,1790576970113766993,1181.74710749,21.88,6,0.008546692999971128,067805dbae084402008c08
2026-09-28T14:29:30.613+08:00,1790576970613308937,216.373200824,1790576970613649144,1182.246650027,1790576970605518286,1182.238858895,21.88,6,0.007786538999880577,067805dbaf085802008c08
2026-09-28T14:29:31.123+08:00,1790576971123261180,216.883153067,1790576971123646312,1182.756602308,1790576971115587821,1182.748928318,21.88,6,0.007669007999993482,067805dbaf085802008c08
2026-09-28T14:29:31.614+08:00,1790576971614333987,217.374225874,1790576971614459704,1183.247675151,1790576971605220318,1183.238561223,21.87,6,0.009110317000022405,067805dbb0085802008b08
2026-09-28T14:29:32.115+08:00,1790576972115245766,217.875137653,1790576972115427777,1183.748586819,1790576972106846789,1183.740187731,21.88,6,0.008395476999794482,067805dbb1086202008c08
2026-09-28T14:29:32.616+08:00,1790576972616256376,218.376148263,1790576972616841555,1184.249597448,1790576972605313155,1184.238653597,21.88,6,0.010938110000097367,067805dbb2086c02008c08
2026-09-28T14:29:33.117+08:00,1790576973117229581,218.877121468,1790576973117801464,1184.750570523,1790576973109400395,1184.742741004,21.89,6,0.007826427000054537,067805dbb3088002008d08
2026-09-28T14:29:33.608+08:00,1790576973608320689,219.368212576,1790576973608612751,1185.241661557,1790576973605217136,1185.238557597,21.88,6,0.0031014789999517234,067805dbb4086c02008c08
2026-09-28T14:29:34.119+08:00,1790576974119355360,219.879247247,1790576974119648551,1185.752696931,1790576974110861183,1185.744201662,21.88,6,0.008490010000059556,067805dbb5086202008c08
2026-09-28T14:29:34.610+08:00,1790576974610233554,220.370125441,1790576974610420398,1186.243574496,1790576974605229100,1186.238569634,21.87,6,0.005000898999924175,067805dbb6088a02008b08
2026-09-28T14:29:35.121+08:00,1790576975121246265,220.881138152,1790576975121384852,1186.754587652,1790576975112449713,1186.745790321,21.86,6,0.008792163999942204,067805dbb6086202008a08
2026-09-28T14:29:35.612+08:00,1790576975612275993,221.37216788,1790576975612631515,1187.245618343,1790576975605482615,1187.238823187,21.86,6,0.00678634099995179,067805dbb7086202008a08
2026-09-28T14:29:36.123+08:00,1790576976123705079,221.883596966,1790576976124208650,1187.757046984,1790576976114628112,1187.747968869,21.87,6,0.00907011499998589,067805dbb8085802008b08
2026-09-28T14:29:36.614+08:00,1790576976614549003,222.37444089,1790576976615033964,1188.247890093,1790576976605203418,1188.238543971,21.85,6,0.009341567000092255,067805dbb9085802008908
2026-09-28T14:29:37.115+08:00,1790576977115353339,222.875245226,1790576977115759988,1188.74869454,1790576977106632153,1188.739972947,21.84,6,0.008717962999980955,067805daba084e02008808
2026-09-28T14:29:37.615+08:00,1790576977615595904,223.375487791,1790576977616141807,1189.248938309,1790576977605250009,1189.23859047,21.85,6,0.010338821000004828,067805dbbb080c03008908
2026-09-28T14:29:38.117+08:00,1790576978117255521,223.877147408,1790576978118063524,1189.750596685,1790576978108279161,1189.741619659,21.85,6,0.008970100999931674,067805dbbc084e02008908
2026-09-28T14:29:38.617+08:00,1790576978617256822,224.377148709,1790576978617351929,1190.25059756,1790576978605200018,1190.238540479,21.85,6,0.012055451999913203,067805dbbd089402008908
2026-09-28T14:29:39.118+08:00,1790576979118211731,224.878103618,1790576979118341541,1190.751552636,1790576979110279401,1190.743619954,21.85,6,0.00793014500004574,067805dbbd086c02008908
2026-09-28T14:29:39.609+08:00,1790576979609198695,225.369090582,1790576979609343133,1191.242539489,1790576979605198087,1191.238538529,21.86,6,0.003999201000169705,067805dbbe087602008a08
2026-09-28T14:29:40.120+08:00,1790576980120203200,225.880095087,1790576980120287696,1191.753543956,1790576980112280221,1191.7456207,21.85,6,0.00792123799988076,067805dbbf088002008908
2026-09-28T14:29:40.611+08:00,1790576980611206906,226.371098793,1790576980611335327,1192.244547774,1790576980605203698,1192.23854414,21.84,6,0.006001745000048686,067805dac0088002008808
2026-09-28T14:29:41.122+08:00,1790576981122200322,226.882092209,1790576981122383592,1192.755541208,1790576981113293088,1192.746633715,21.84,6,0.008905586000082621,067805dac1089402008808
2026-09-28T14:29:41.613+08:00,1790576981613205105,227.373096992,1790576981613285917,1193.246546047,1790576981605204870,1193.238545423,21.84,6,0.007999086999916472,067805dac2089e02008808
2026-09-28T14:29:42.114+08:00,1790576982114200929,227.874092816,1790576982114293184,1193.747541852,1790576982105272900,1193.738613471,21.85,6,0.008926492000000508,067805dbc3087602008908
2026-09-28T14:29:42.615+08:00,1790576982615407357,228.375299244,1790576982615623014,1194.248748114,1790576982605199660,1194.23854012,21.85,6,0.010205086000041774,067805dbc4088002008908
2026-09-28T14:29:43.116+08:00,1790576983116227969,228.876119856,1790576983116322761,1194.749568799,1790576983107275255,1194.740615734,21.85,6,0.008950621000167303,067805dbc4088002008908
2026-09-28T14:29:43.617+08:00,1790576983617267092,229.377158979,1790576983621148464,1195.250608552,1790576983605196251,1195.238536712,21.85,6,0.012067469999919922,067805dbc5086c02008908
2026-09-28T14:29:44.118+08:00,1790576984118212757,229.878104644,1790576984120943178,1195.751553736,1790576984109473293,1195.742813791,21.85,6,0.008737259000099584,067805dbc6081603008908
2026-09-28T14:29:44.608+08:00,1790576984608977336,230.368869223,1790576984609111664,1196.242318945,1790576984605236569,1196.238577103,21.86,6,0.0037375270001120953,067805dbc7086c02008a08
2026-09-28T14:29:45.119+08:00,1790576985119638500,230.879530387,1790576985119939468,1196.75297996,1790576985111362017,1196.744702774,21.85,6,0.008271594000007099,067805dbc8086c02008908
2026-09-28T14:29:45.610+08:00,1790576985610220127,231.370112014,1790576985610461376,1197.243561421,1790576985605353222,1197.238693683,21.86,6,0.0048643119998814655,067805dbc9087602008a08
2026-09-28T14:29:46.121+08:00,1790576986121260833,231.88115272,1790576986121620929,1197.754602256,1790576986112490852,1197.74583135,21.87,6,0.0087658330000977,067805dbca086c02008b08
2026-09-28T14:29:46.611+08:00,1790576986611755393,232.37164728,1790576986611959773,1198.245096779,1790576986605264742,1198.238605276,21.85,6,0.006484632999899986,067805dbcb088002008908
2026-09-28T14:29:47.123+08:00,1790576987123304820,232.883196707,1790576987123536792,1198.756646429,1790576987114498916,1198.747839709,21.85,6,0.008801350000112507,067805dbcb084e02008908
2026-09-28T14:29:47.614+08:00,1790576987614492853,233.37438474,1790576987614862875,1199.247835407,1790576987605218857,1199.238559373,21.84,6,0.00926755199998297,067805dacd081603008808
2026-09-28T14:29:48.115+08:00,1790576988115393679,233.875285566,1790576988115554358,1199.748734973,1790576988106332415,1199.739672913,21.84,6,0.00905757900000026,067805dace083e03008808
2026-09-28T14:29:48.615+08:00,1790576988615242885,234.375134772,1790576988615451580,1200.248583976,1790576988605225236,1200.238565789,21.86,6,0.01001442799997676,067805dbcf088002008a08
2026-09-28T14:29:49.116+08:00,1790576989116264802,234.876156689,1790576989117026844,1200.749606503,1790576989108502149,1200.741843035,21.86,6,0.007758412999919528,067805dbcf085802008a08
2026-09-28T14:29:49.617+08:00,1790576989617249055,235.377140942,1790576989618147369,1201.250590775,1790576989605396298,1201.238737073,21.86,6,0.011847886999930779,067805dbd0085802008a08
2026-09-28T14:29:50.118+08:00,1790576990118276603,235.87816849,1790576990118532426,1201.751617971,1790576990109472569,1201.742813325,21.83,6,0.008800423999900886,067805dad1087602008708
2026-09-28T14:29:50.609+08:00,1790576990609279726,236.369171613,1790576990609475014,1202.242621187,1790576990605237805,1202.238578247,21.83,6,0.004037976999825332,067805dad2087602008708
2026-09-28T14:29:51.120+08:00,1790576991120502790,236.880394677,1790576991120718170,1202.75384364,1790576991111825806,1202.745166785,21.84,6,0.008672132999890891,067805dad3085802008808
2026-09-28T14:29:51.611+08:00,1790576991611301461,237.371193348,1790576991611549784,1203.244642403,1790576991605407840,1203.238748412,21.82,6,0.005889769000077649,067805dad4086202008608
2026-09-28T14:29:52.122+08:00,1790576992122277353,237.88216924,1790576992122535231,1203.755618573,1790576992114111699,1203.747452159,21.83,6,0.008163043999957154,067805dad5085802008708
2026-09-28T14:29:52.613+08:00,1790576992613242705,238.373134592,1790576992613604523,1204.246584407,1790576992605218193,1204.238558728,21.83,6,0.008021752999866294,067805dad608b202008708
2026-09-28T14:29:53.124+08:00,1790576993124399703,238.88429159,1790576993124523272,1204.75774096,1790576993116645976,1204.749986436,21.81,6,0.007750358000066626,067805dad708f802008508
2026-09-28T14:29:53.615+08:00,1790576993615253989,239.375145876,1790576993615472590,1205.248595153,1790576993605374703,1205.238715608,21.81,6,0.009874082000123963,067805dad7085802008508
2026-09-28T14:29:54.116+08:00,1790576994116236716,239.876128603,1790576994116380358,1205.749577843,1790576994107549621,1205.740890137,21.81,6,0.00868407699999807,067805dad8084e02008508
2026-09-28T14:29:54.616+08:00,1790576994616289318,240.376181205,1790576994616496736,1206.249630464,1790576994605220416,1206.238560951,21.8,6,0.01106560600010198,067805dad9086c02008408
2026-09-28T14:29:55.117+08:00,1790576995117464689,240.877356576,1790576995117645403,1206.750805686,1790576995109527561,1206.742868096,21.81,6,0.007933424000157174,067805dada085802008508
2026-09-28T14:29:55.608+08:00,1790576995608290128,241.368182015,1790576995608594782,1207.241631496,1790576995605341364,1207.238681936,21.82,6,0.002945171000192204,067805dadb084e02008608
2026-09-28T14:29:56.119+08:00,1790576996119263142,241.879155029,1790576996119829859,1207.752604232,1790576996111562746,1207.744903484,21.82,6,0.007696563000081369,067805dadc086202008608
2026-09-28T14:29:56.610+08:00,1790576996610232893,242.37012478,1790576996610480882,1208.243574002,1790576996605254622,1208.238595157,21.8,6,0.004975086000058582,067805dadc088a02008408
2026-09-28T14:29:57.121+08:00,1790576997121331275,242.881223162,1790576997123704915,1208.754672513,1790576997114265759,1208.747606293,21.8,6,0.007058331000052931,067805dadd087602008408
2026-09-28T14:29:57.612+08:00,1790576997612605367,243.372497254,1790576997612749009,1209.245946105,1790576997605270622,1209.238611434,21.81,6,0.007331616000101349,067805dade084e02008508
2026-09-28T14:29:58.123+08:00,1790576998123232123,243.88312401,1790576998123502648,1209.756573194,1790576998115174667,1209.748515202,21.8,6,0.008054604000108156,067805dadf084e02008408
2026-09-28T14:29:58.614+08:00,1790576998614234192,244.374126079,1790576998614788187,1210.247575227,1790576998605222388,1210.238562923,21.81,6,0.009007841000084227,067805dae0085802008508
2026-09-28T14:29:59.115+08:00,1790576999115567621,244.875459508,1790576999115962679,1210.748908471,1790576999106554947,1210.739895408,21.81,6,0.009008767000068474,067805dae1086202008508
2026-09-28T14:29:59.615+08:00,1790576999615346155,245.375238042,1790576999616562752,1211.248687116,1790576999605343245,1211.238684132,21.8,6,0.009999892000223554,067805dae2085802008408
2026-09-28T14:30:00.116+08:00,1790577000116269012,245.876160899,1790577000116675902,1211.749610084,1790577000108364531,1211.741705029,21.8,6,0.007898535999856904,067805dae2088a02008408
2026-09-28T14:30:00.617+08:00,1790577000617600761,246.377492648,1790577000618354266,1212.250941647,1790577000605406424,1212.23874744,21.81,6,0.01219107800011443,067805dae408b202008508
2026-09-28T14:30:01.118+08:00,1790577001118522898,246.878414785,1790577001119093522,1212.751863877,1790577001109398820,1212.742739355,21.81,6,0.009120559000166395,067805dae5080203008508
2026-09-28T14:30:01.609+08:00,1790577001609277633,247.36916952,1790577001609515123,1213.24261863,1790577001605247637,1213.238588227,21.82,6,0.004027015000019674,067805dae5086202008608
2026-09-28T14:30:02.119+08:00,1790577002119528804,247.879420691,1790577002120034930,1213.75286969,1790577002111465219,1213.744805716,21.83,6,0.008060197000077096,067805dae6085802008708
2026-09-28T14:30:02.610+08:00,1790577002610394889,248.370286776,1790577002610790520,1214.24373596,1790577002605219755,1214.23856029,21.83,6,0.005170967000140081,067805dae7084e02008708
2026-09-28T14:30:03.121+08:00,1790577003121885176,248.881777063,1790577003122559574,1214.755226766,1790577003113627766,1214.746968301,21.81,6,0.008252317000142284,067805dae808bc02008508
2026-09-28T14:30:03.612+08:00,1790577003612240618,249.372132505,1790577003612619658,1215.245581894,1790577003605228859,1215.238569412,21.81,6,0.0070071489999463665,067805dae9086202008508
2026-09-28T14:30:04.123+08:00,1790577004123428755,249.883320642,1790577004123532639,1215.756769752,1790577004114351842,1215.74769234,21.81,6,0.009073783000076219,067805daea086202008508
2026-09-28T14:30:04.614+08:00,1790577004614398840,250.374290727,1790577004615575420,1216.24774043,1790577004605291928,1216.238632574,21.81,6,0.009102615000074366,067805daeb086c02008508
2026-09-28T14:30:05.114+08:00,1790577005114501558,250.874393445,1790577005115064960,1216.747842908,1790577005106579300,1216.739919909,21.81,6,0.007916090999970038,067805daeb084e02008508
2026-09-28T14:30:05.615+08:00,1790577005615456890,251.375348777,1790577005615830671,1217.248797777,1790577005605264136,1217.238604689,21.84,6,0.010187865999796486,067805daec086202008808
2026-09-28T14:30:06.116+08:00,1790577006116367947,251.876259834,1790577006116952960,1217.749709408,1790577006109128568,1217.742469029,21.83,6,0.007236120000015944,067805daed082602008708
2026-09-28T14:30:06.617+08:00,1790577006617456165,252.377348052,1790577006617606733,1218.250797311,1790577006605218942,1218.238559384,21.81,6,0.012234446000093158,067805daee085802008508
2026-09-28T14:30:07.118+08:00,1790577007118221546,252.878113433,1790577007118628121,1218.751563006,1790577007109728293,1218.743068754,21.8,6,0.008490437000091333,067805daef088002008408
2026-09-28T14:30:07.609+08:00,1790577007609513698,253.369405585,1790577007609643545,1219.24285477,1790577007605398483,1219.238739203,21.8,6,0.004112270999939938,067805daf008da02008408
2026-09-28T14:30:08.120+08:00,1790577008120240216,253.880132103,1790577008120399431,1219.753581324,1790577008111922771,1219.745263305,21.81,6,0.00831413099990641,067805daf1086202008508
2026-09-28T14:30:08.611+08:00,1790577008611302917,254.371194804,1790577008611781823,1220.244644248,1790577008605283838,1220.238624373,21.81,6,0.006015542000113783,067805daf2089402008508
2026-09-28T14:30:09.122+08:00,1790577009122515972,254.882407859,1790577009125402424,1220.755857451,1790577009116229164,1220.749569643,21.81,6,0.006280715999992026,067805daf3086c02008508
2026-09-28T14:30:09.613+08:00,1790577009613286892,255.373178779,1790577009614231371,1221.246627871,1790577009605542645,1221.238883365,21.79,6,0.007739932000049521,067805daf308da02008308
2026-09-28T14:30:10.124+08:00,1790577010124616704,255.884508591,1790577010124796881,1221.757958646,1790577010115381223,1221.748721721,21.8,6,0.008869439999898532,067805daf508ac03008408
2026-09-28T14:30:10.615+08:00,1790577010615238040,256.375129927,1790577010615468215,1222.24857913,1790577010605225573,1222.238566034,21.8,6,0.010009873999933916,067805daf5086c02008408
2026-09-28T14:30:11.116+08:00,1790577011116225346,256.876117233,1790577011116548536,1222.749566362,1790577011107329573,1222.740670145,21.8,6,0.008893253999985973,067805daf6086202008408
2026-09-28T14:30:11.617+08:00,1790577011617229838,257.377121725,1790577011617378739,1223.250570724,1790577011605209901,1223.238550454,21.8,6,0.0120147889999771,067805daf7088a02008408
2026-09-28T14:30:12.118+08:00,1790577012118229757,257.878121644,1790577012118351696,1223.751570681,1790577012109355317,1223.742695815,21.81,6,0.008870792000152505,067805daf808a802008508
2026-09-28T14:30:12.609+08:00,1790577012609222137,258.369114024,1790577012609352613,1224.242563302,1790577012605241417,1224.238582007,21.8,6,0.0039781099999345315,067805daf9089402008408
2026-09-28T14:30:13.120+08:00,1790577013120225451,258.880117338,1790577013120362094,1224.753566393,1790577013111349696,1224.744690194,21.8,6,0.008872866000046997,067805dafa08a802008408
2026-09-28T14:30:13.610+08:00,1790577013610225505,259.370117392,1790577013610356518,1225.243566762,1790577013605207273,1225.238547733,21.8,6,0.0050147510000897455,067805dafb089402008408
2026-09-28T14:30:14.121+08:00,1790577014121259227,259.881151114,1790577014121520031,1225.754600466,1790577014113335136,1225.746675689,21.8,6,0.007920683999827816,067805dafc088002008408
2026-09-28T14:30:14.612+08:00,1790577014612236539,260.372128426,1790577014612425512,1226.245577499,1790577014605204206,1226.238544685,21.8,6,0.007029536999880293,067805dafd088a02008408
2026-09-28T14:30:15.123+08:00,1790577015123212617,260.883104504,1790577015123346704,1226.756553763,1790577015115349264,1226.748689854,21.81,6,0.007860686999947575,067805dafe088a02008508
2026-09-28T14:30:15.614+08:00,1790577015614233818,261.374125705,1790577015614408736,1227.247574649,1790577015605201403,1227.238541863,21.81,6,0.009029638000129125,067805dafe087602008508
2026-09-28T14:30:16.115+08:00,1790577016115217024,261.875108911,1790577016115493772,1227.748558152,1790577016106439043,1227.739779855,21.79,6,0.008774612000024717,067805daff088002008308
2026-09-28T14:30:16.616+08:00,1790577016616246545,262.376138432,1790577016616406131,1228.249587506,1790577016605208659,1228.23854912,21.8,6,0.01103473800003485,067805da00098002008408
2026-09-28T14:30:17.117+08:00,1790577017117213773,262.87710566,1790577017117335361,1228.750554771,1790577017108381461,1228.741721958,21.8,6,0.008830054000100063,067805da01099402008408
2026-09-28T14:30:17.618+08:00,1790577017618234519,263.378126406,1790577017618355551,1229.251575517,1790577017605200699,1229.238541252,21.8,6,0.013031856999987212,067805da0209a802008408
2026-09-28T14:30:18.119+08:00,1790577018119355631,263.879247518,1790577018119465868,1229.752697185,1790577018110402954,1229.743744081,21.8,6,0.008949325999992652,067805da03099402008408
2026-09-28T14:30:18.610+08:00,1790577018610282787,264.370174674,1790577018610510111,1230.243623729,1790577018605202890,1230.238543351,21.8,6,0.005077562999986185,067805da04095802008408
2026-09-28T14:30:19.120+08:00,1790577019120259417,264.880151304,1790577019120389670,1230.753600396,1790577019112365935,1230.745706432,21.8,6,0.007891056000062235,067805da05093e03008408
2026-09-28T14:30:19.611+08:00,1790577019611415694,265.371307581,1790577019611653184,1231.244756673,1790577019605227992,1231.238568453,21.8,6,0.006184535000102187,067805da06098002008408
2026-09-28T14:30:20.122+08:00,1790577020122233883,265.88212577,1790577020122435152,1231.755575196,1790577020113382812,1231.74672331,21.79,6,0.008847125999864147,067805da07099402008308
2026-09-28T14:30:20.613+08:00,1790577020613225947,266.373117834,1790577020613373034,1232.246567075,1790577020605441128,1232.238781588,21.79,6,0.0077819309999540565,067805da0809c602008308
2026-09-28T14:30:21.124+08:00,1790577021124210687,266.884102574,1790577021124338922,1232.757551722,1790577021115311100,1232.748651597,21.8,6,0.008897329000092213,067805da09099402008408
2026-09-28T14:30:21.615+08:00,1790577021615499019,267.375390906,1790577021616134010,1233.248840794,1790577021605223045,1233.238563579,21.79,6,0.010267956000006961,067805da0a096c02008308
2026-09-28T14:30:22.116+08:00,1790577022116223008,267.876114895,1790577022116965940,1233.749564617,1790577022107523357,1233.740864095,21.8,6,0.008689300000014555,067805da0a097602008408
2026-09-28T14:30:22.616+08:00,1790577022616553683,268.37644557,1790577022616757915,1234.249894773,1790577022605248548,1234.238589102,21.77,6,0.011299078999854828,067805da0b095802008108
2026-09-28T14:30:23.117+08:00,1790577023117293322,268.877185209,1790577023118049420,1234.750634634,1790577023109523483,1234.742864036,21.78,6,0.007764524000094752,067805da0c096202008208
2026-09-28T14:30:23.608+08:00,1790577023608261930,269.368153817,1790577023608538511,1235.241603317,1790577023605208596,1235.238549205,21.79,6,0.003047537999918859,067805da0d098002008308
2026-09-28T14:30:24.119+08:00,1790577024119333728,269.879225615,1790577024119526794,1235.752674893,1790577024111315455,1235.744656009,21.79,6,0.008014236000008168,067805da0e098a02008308
2026-09-28T14:30:24.610+08:00,1790577024610251026,270.370142913,1790577024610447518,1236.243592246,1790577024605221424,1236.238561884,21.8,6,0.005026176999990639,067805da0f098002008408
2026-09-28T14:30:25.121+08:00,1790577025121221516,270.881113403,1790577025121361084,1236.754562773,1790577025112319521,1236.745660019,21.79,6,0.008899920999965616,067805da1009bc02008308
2026-09-28T14:30:25.612+08:00,1790577025612309605,271.372201492,1790577025612755142,1237.245650751,1790577025605223755,1237.238564623,21.78,6,0.007081424000034531,067805da11098002008208
2026-09-28T14:30:26.122+08:00,1790577026122546405,271.882438292,1790577026122856059,1237.755887792,1790577026114398934,1237.747739432,21.78,6,0.008139138000160528,067805da12098002008208
2026-09-28T14:30:26.614+08:00,1790577026614215731,272.374107618,1790577026614328745,1238.247556784,1790577026605212814,1238.238553349,21.77,6,0.009000656999887724,067805da12096c02008108
2026-09-28T14:30:27.114+08:00,1790577027114311035,272.874202922,1790577027114433900,1238.747652051,1790577027106338019,1238.739678628,21.77,6,0.007970774999876085,067805da13098002008108
2026-09-28T14:30:27.615+08:00,1790577027615418057,273.375309944,1790577027615705731,1239.248759314,1790577027605212099,1239.23855267,21.78,6,0.010201440999935585,067805da14098a02008208
2026-09-28T14:30:28.116+08:00,1790577028116259388,273.876151275,1790577028116457120,1239.749600274,1790577028108312575,1239.741653072,21.79,6,0.007943943000100262,067805da15099e02008308
2026-09-28T14:30:28.617+08:00,1790577028617227677,274.377119564,1790577028617339543,1240.25056936,1790577028605230461,1240.238570921,21.78,6,0.01199447599992709,067805da16096c02008208
2026-09-28T14:30:29.118+08:00,1790577029118238151,274.878130038,1790577029118467085,1240.751579148,1790577029110339354,1240.743679851,21.77,6,0.007895907999909468,067805da17090c03008108
2026-09-28T14:30:29.609+08:00,1790577029609233307,275.369125194,1790577029609646308,1241.242574323,1790577029605302510,1241.238643081,21.76,6,0.003927926999949705,067805da18094e02008008
2026-09-28T14:30:30.120+08:00,1790577030120222954,275.880114841,1790577030120339079,1241.753563841,1790577030112404321,1241.745744818,21.77,6,0.007815948999905231,067805da1909da02008108
2026-09-28T14:30:30.611+08:00,1790577030611409475,276.371301362,1790577030611768959,1242.244750509,1790577030605229624,1242.238570196,21.75,6,0.006176294999931997,067805da1a095802007f08
2026-09-28T14:30:31.122+08:00,1790577031122212910,276.882104797,1790577031122627355,1242.755553833,1790577031113599902,1242.746940363,21.75,6,0.008610803000010492,067805da1b096c02007f08
2026-09-28T14:30:31.613+08:00,1790577031613207847,277.373099734,1790577031613339009,1243.246548789,1790577031605213814,1243.238554274,21.78,6,0.00799212699985219,067805da1b097602008208
2026-09-28T14:30:32.123+08:00,1790577032123248891,277.883140778,1790577032123393347,1243.756589833,1790577032115833851,1243.749174941,21.76,6,0.007411446999867621,067805da1c095802008008
2026-09-28T14:30:32.614+08:00,1790577032614312272,278.374204159,1790577032614588816,1244.247653695,1790577032605207193,1244.238547709,21.75,6,0.009100579000005382,067805da1d098a02007f08
2026-09-28T14:30:33.115+08:00,1790577033115216517,278.875108404,1790577033115599890,1244.748557681,1790577033106349390,1244.739689962,21.74,6,0.008863589999918986,067805d91e096202007e08
2026-09-28T14:30:33.616+08:00,1790577033616292978,279.376184865,1790577033616533616,1245.249634661,1790577033605260887,1245.238601441,21.73,6,0.011027590000139753,067805d91f098002007d08
2026-09-28T14:30:34.117+08:00,1790577034117251167,279.877143054,1790577034117448103,1245.750592128,1790577034108323914,1245.741664411,21.75,6,0.008922883999957776,067805da2009d002007f08
2026-09-28T14:30:34.608+08:00,1790577034608223982,280.368115869,1790577034608357810,1246.241564943,1790577034605276477,1246.23861703,21.77,6,0.002944783000202733,067805da21098a02008108
2026-09-28T14:30:35.119+08:00,1790577035119214324,280.879106211,1790577035119403668,1246.752555692,1790577035110349550,1246.743690047,21.77,6,0.008862219000093319,067805da22099402008108
2026-09-28T14:30:35.610+08:00,1790577035610227028,281.370118915,1790577035610389892,1247.243568007,1790577035605221684,1247.238562237,21.73,6,0.005002492999892638,067805d923099402007d08
2026-09-28T14:30:36.121+08:00,1790577036121311498,281.881203385,1790577036121587413,1247.754652533,1790577036112302230,1247.745643098,21.74,6,0.009005453999861857,067805d924090203007e08
2026-09-28T14:30:36.612+08:00,1790577036612231356,282.372123243,1790577036612482605,1248.245572909,1790577036605213652,1248.238554205,21.74,6,0.007014686000047732,067805d925098a02007e08
2026-09-28T14:30:37.123+08:00,1790577037123391103,282.88328299,1790577037124087092,1248.756732396,1790577037114312874,1248.74765339,21.74,6,0.009075117999827853,067805d925094e02007e08
2026-09-28T14:30:37.613+08:00,1790577037613226360,283.373118247,1790577037613498608,1249.246567487,1790577037605222734,1249.238563287,21.74,6,0.007998866999969323,067805d926098002007e08
2026-09-28T14:30:38.115+08:00,1790577038115212902,283.875104789,1790577038115386839,1249.748553899,1790577038106344646,1249.739685143,21.74,6,0.008865607999950953,067805d927099402007e08
2026-09-28T14:30:38.615+08:00,1790577038615229936,284.375121823,1790577038615403706,1250.248571267,1790577038605212024,1250.238552485,21.73,6,0.010013245000209281,067805d928094803007d08
2026-09-28T14:30:39.116+08:00,1790577039116231947,284.876123834,1790577039116510491,1250.749573111,1790577039108303633,1250.741644186,21.73,6,0.007924758999934056,067805d929098002007d08
2026-09-28T14:30:39.617+08:00,1790577039617226312,285.377118199,1790577039617354122,1251.250567236,1790577039605210170,1251.238550631,21.75,6,0.012014068000098632,067805da2a098002007f08
2026-09-28T14:30:40.118+08:00,1790577040118248306,285.878140193,1790577040118425391,1251.751589341,1790577040110377489,1251.743717987,21.74,6,0.007866927999884865,067805d92b091603007e08
2026-09-28T14:30:40.609+08:00,1790577040609217761,286.369109648,1790577040609340367,1252.242559129,1790577040605237874,1252.238578519,21.75,6,0.003977796000071976,067805da2c098a02007f08
2026-09-28T14:30:41.120+08:00,1790577041120228281,286.880120168,1790577041120514325,1252.753569279,1790577041111350377,1252.744690875,21.75,6,0.008875829999851703,067805da2d098002007f08
2026-09-28T14:30:41.611+08:00,1790577041611227793,287.37111968,1790577041611368546,1253.244568568,1790577041605232712,1253.238573172,21.76,6,0.005992877999915436,067805da2e098a02008008
2026-09-28T14:30:42.122+08:00,1790577042122226481,287.882118368,1790577042122460194,1253.755567682,1790577042113317227,1253.746658058,21.74,6,0.008905216999892218,067805d92f09b202007e08
2026-09-28T14:30:42.613+08:00,1790577042613232513,288.3731244,1790577042613356359,1254.246573529,1790577042605205684,1254.23854633,21.74,6,0.00802405100012038,067805d93009ee02007e08
2026-09-28T14:30:43.123+08:00,1790577043123228727,288.883120614,1790577043123352222,1254.756569669,1790577043115613529,1254.748954045,21.75,6,0.00761247600007664,067805da31098002007f08
2026-09-28T14:30:43.614+08:00,1790577043614226983,289.37411887,1790577043614399809,1255.24756798,1790577043605207585,1255.238548212,21.74,6,0.009015619999900082,067805d931097602007e08
2026-09-28T14:30:44.115+08:00,1790577044115247984,289.875139871,1790577044115511251,1255.748589463,1790577044107338872,1255.740679407,21.75,6,0.007905056000026889,067805da32099402007f08
2026-09-28T14:30:44.616+08:00,1790577044616216266,290.376108153,1790577044616353964,1256.249557319,1790577044605218414,1256.238558968,21.75,6,0.010995629000035478,067805da33097602007f08
2026-09-28T14:30:45.117+08:00,1790577045117222399,290.877114286,1790577045117348968,1256.750563619,1790577045108322811,1256.74166342,21.74,6,0.008897162000039316,067805d93409c602007e08
2026-09-28T14:30:45.618+08:00,1790577045618213794,291.378105681,1790577045618353899,1257.251554902,1790577045605216008,1257.238556468,21.74,6,0.012995063999824197,067805d935098a02007e08
2026-09-28T14:30:46.119+08:00,1790577046119324943,291.87921683,1790577046119534304,1257.752666107,1790577046110362264,1257.743702743,21.73,6,0.008957437999924878,067805d936096c02007d08
2026-09-28T14:30:46.610+08:00,1790577046610215727,292.370107614,1790577046610351073,1258.243556799,1790577046605276101,1258.238616803,21.73,6,0.004937495999911334,067805d937098002007d08
2026-09-28T14:30:47.120+08:00,1790577047120237873,292.88012976,1790577047120546934,1258.753579204,1790577047112350446,1258.745690999,21.74,6,0.007883741999876293,067805d938098a02007e08
2026-09-28T14:30:47.611+08:00,1790577047611235043,293.37112693,1790577047611389481,1259.244576189,1790577047605269313,1259.238610199,21.75,6,0.005962989999943602,067805da39099402007f08
2026-09-28T14:30:48.122+08:00,1790577048122211114,293.882103001,1790577048122335849,1259.755552185,1790577048114321742,1259.747662258,21.74,6,0.007886779000045863,067805d93a096c02007e08
2026-09-28T14:30:48.613+08:00,1790577048613225729,294.373117616,1790577048613488626,1260.246567005,1790577048605208678,1260.238549138,21.73,6,0.008012866999933976,067805d93a097602007d08
2026-09-28T14:30:49.114+08:00,1790577049114208222,294.874100109,1790577049114375530,1260.747549275,1790577049105482497,1260.738823013,21.73,6,0.008723485000018627,067805d93b098a02007d08
2026-09-28T14:30:49.615+08:00,1790577049615364487,295.375256374,1790577049615659382,1261.248705522,1790577049605222469,1261.23856293,21.73,6,0.010138572999949247,067805d93c098a02007d08
2026-09-28T14:30:50.116+08:00,1790577050116287114,295.876179001,1790577050116524622,1261.749628167,1790577050107353452,1261.740694154,21.72,6,0.00892982799996389,067805d93d099402007c08
2026-09-28T14:30:50.617+08:00,1790577050617213723,296.37710561,1790577050617347754,1262.250554832,1790577050605211358,1262.238551966,21.71,6,0.011999607000007018,067805d93e09a802007b08
2026-09-28T14:30:51.118+08:00,1790577051118242328,296.878134215,1790577051118431524,1262.751583326,1790577051109323222,1262.742663831,21.71,6,0.00891545799981941,067805d93f09b202007b08
2026-09-28T14:30:51.609+08:00,1790577051609223617,297.369115504,1790577051609397962,1263.242564503,1790577051605221248,1263.238561709,21.7,6,0.003999572000111584,067805d940098002007a08
2026-09-28T14:30:52.120+08:00,1790577052120241396,297.880133283,1790577052120362447,1263.753582413,1790577052111349345,1263.744690064,21.7,6,0.00888949699992736,067805d941097602007a08
2026-09-28T14:30:52.611+08:00,1790577052611220205,298.371112092,1790577052611364347,1264.244561184,1790577052605210014,1264.238550474,21.72,6,0.006007785000065269,067805d942098002007c08
2026-09-28T14:30:53.122+08:00,1790577053122221080,298.882112967,1790577053122377314,1264.755562226,1790577053113331509,1264.746672007,21.72,6,0.008887384999979986,067805d94309c602007c08
2026-09-28T14:30:53.612+08:00,1790577053612313113,299.372205,1790577053612488457,1265.24565424,1790577053605220893,1265.238561446,21.72,6,0.007089553000014348,067805d944098002007c08
2026-09-28T14:30:54.124+08:00,1790577054124225432,299.884117319,1790577054124365111,1265.757566652,1790577054115334362,1265.748674878,21.73,6,0.00888858899998013,067805d945098002007d08
2026-09-28T14:30:54.614+08:00,1790577054614222693,300.37411458,1790577054614549253,1266.247564265,1790577054605227034,1266.238567495,21.74,6,0.008992139999918436,067805d946098002007e08
2026-09-28T14:30:55.115+08:00,1790577055115400299,300.875292186,1790577055115555255,1266.74874163,1790577055107342656,1266.740683135,21.72,6,0.008050679999996646,067805d946098a02007c08
2026-09-28T14:30:55.616+08:00,1790577055616239753,301.37613164,1790577055616443911,1267.249580769,1790577055605205532,1267.238546067,21.72,6,0.01103103600007671,067805d947090203007c08
2026-09-28T14:30:56.117+08:00,1790577056117361733,301.87725362,1790577056117498765,1267.75070299,1790577056108321836,1267.741662315,21.72,6,0.009037212000066575,067805d948098a02007c08
2026-09-28T14:30:56.618+08:00,1790577056618251428,302.378143315,1790577056618495196,1268.251592555,1790577056605210625,1268.238551252,21.72,6,0.01303769200012539,067805d949098a02007c08
2026-09-28T14:30:57.119+08:00,1790577057119222694,302.879114581,1790577057119489405,1268.752563858,1790577057110341160,1268.743681676,21.72,6,0.00887894199991024,067805d94a09d002007c08
2026-09-28T14:30:57.610+08:00,1790577057610233232,303.370125119,1790577057610378115,1269.243574081,1790577057605209073,1269.238549626,21.72,6,0.005021011000053477,067805d94b099402007c08
2026-09-28T14:30:58.121+08:00,1790577058121208097,303.881099984,1790577058121390756,1269.75454915,1790577058112332044,1269.745672597,21.71,6,0.008874034999962532,067805d94c098002007b08
2026-09-28T14:30:58.611+08:00,1790577058611297471,304.371189358,1790577058611442058,1270.244638747,1790577058605227356,1270.238567817,21.72,6,0.006065614999897662,067805d94d096c02007c08
2026-09-28T14:30:59.122+08:00,1790577059122239821,304.882131708,1790577059122565881,1270.755580874,1790577059114347875,1270.747688373,21.71,6,0.007889500999908705,067805d94e09bc02007b08
2026-09-28T14:30:59.613+08:00,1790577059613213641,305.373105528,1790577059613348117,1271.246554602,1790577059605236754,1271.238577215,21.72,6,0.007974534999902971,067805d94f098a02007c08
2026-09-28T14:31:00.114+08:00,1790577060114214651,305.874106538,1790577060114341701,1271.747555519,1790577060106296410,1271.739636889,21.72,6,0.00791589000004933,067805d950098002007c08
2026-09-28T14:31:00.615+08:00,1790577060615215311,306.375107198,1790577060615485540,1272.248556438,1790577060605208620,1272.238549173,21.71,6,0.010004080000044269,067805d951098002007b08
2026-09-28T14:31:01.116+08:00,1790577061116024127,306.875916014,1790577061116466108,1272.749366772,1790577061107442191,1272.740782726,21.72,6,0.008572361999995337,067805d952096c02007c08
2026-09-28T14:31:01.617+08:00,1790577061617268055,307.377159942,1790577061617400568,1273.250609386,1790577061605212488,1273.238553041,21.7,6,0.012052790000097957,067805d952095802007a08
2026-09-28T14:31:02.118+08:00,1790577062118215645,307.878107532,1790577062118340954,1273.751556679,1790577062109339110,1273.742679608,21.7,6,0.008874257000115904,067805d95309da02007a08
2026-09-28T14:31:02.609+08:00,1790577062609233079,308.369124966,1790577062609363981,1274.24257441,1790577062605224784,1274.238565485,21.71,6,0.0040058689999113994,067805d954098002007b08
2026-09-28T14:31:03.119+08:00,1790577063119218253,308.87911014,1790577063119348099,1274.752558898,1790577063111409155,1274.74474969,21.71,6,0.007806671000025744,067805d955098002007b08
2026-09-28T14:31:03.610+08:00,1790577063610262798,309.370154685,1790577063610389385,1275.243603666,1790577063605227176,1275.238567822,21.71,6,0.005033362999938618,067805d956098002007b08
2026-09-28T14:31:04.121+08:00,1790577064121212544,309.881104431,1790577064121343761,1275.754553468,1790577064113316469,1275.746657559,21.71,6,0.007893094000110068,067805d957097602007b08
2026-09-28T14:31:04.612+08:00,1790577064612224445,310.372116332,1790577064612367068,1276.245565627,1790577064605208702,1276.238549163,21.69,6,0.0070132609998836415,067805d958098002007908
2026-09-28T14:31:05.123+08:00,1790577065123341815,310.883233702,1790577065123470217,1276.756682905,1790577065114339193,1276.747679931,21.69,6,0.008999214999903415,067805d959096c02007908
2026-09-28T14:31:05.614+08:00,1790577065614243721,311.374135608,1790577065614884046,1277.247584922,1790577065605516717,1277.238857289,21.69,6,0.008724152000013419,067805d95a096c02007908
2026-09-28T14:31:06.115+08:00,1790577066115347254,311.875239141,1790577066115632131,1277.748688659,1790577066106390205,1277.739731147,21.68,6,0.008952568000040628,067805d95b094803007808
2026-09-28T14:31:06.616+08:00,1790577066616251927,312.376143814,1790577066616513916,1278.249593184,1790577066605207669,1278.238548185,21.7,6,0.011040703000162466,067805d95c09a802007a08
2026-09-28T14:31:07.117+08:00,1790577067117249059,312.877140946,1790577067117479883,1278.750590038,1790577067108394913,1278.741735447,21.69,6,0.008851183999922796,067805d95c098002007908
2026-09-28T14:31:07.617+08:00,1790577067617496927,313.377388814,1790577067617721122,1279.250838166,1790577067605247812,1279.238588347,21.69,6,0.012246189000052254,067805d95d097602007908
2026-09-28T14:31:08.118+08:00,1790577068118348437,313.878240324,1790577068118489950,1279.751690472,1790577068110353847,1279.743694345,21.67,6,0.007990293999910136,067805d95e098002007708
2026-09-28T14:31:08.609+08:00,1790577068609228423,314.36912031,1790577068609358436,1280.242569531,1790577068605237757,1280.238578329,21.66,6,0.003986795000173515,067805d95f098002007608
2026-09-28T14:31:09.120+08:00,1790577069120737023,314.88062891,1790577069121504343,1280.754078095,1790577069111477505,1280.744817984,21.67,6,0.00925638900002923,067805d960094402007708
2026-09-28T14:31:09.611+08:00,1790577069611227119,315.371119006,1790577069611479683,1281.24456808,1790577069605238056,1281.238578702,21.68,6,0.00598637799998869,067805d961093002007808
2026-09-28T14:31:10.122+08:00,1790577070122625763,315.88251765,1790577070122884993,1281.755967131,1790577070113453537,1281.746794035,21.68,6,0.009167984999976397,067805d962098002007808
2026-09-28T14:31:10.613+08:00,1790577070613298205,316.373190092,1790577070613573045,1282.246639573,1790577070605300893,1282.238641575,21.68,6,0.007992794000074355,067805d962097602007808
2026-09-28T14:31:11.124+08:00,1790577071124232981,316.884124868,1790577071124366345,1282.757574034,1790577071115469441,1282.748809921,21.66,6,0.008760613000049489,067805d963096c02007608
2026-09-28T14:31:11.615+08:00,1790577071615507491,317.375399378,1790577071615818441,1283.248848785,1790577071605218497,1283.238558958,21.67,6,0.010282937999818387,067805d964096c02007708
2026-09-28T14:31:12.115+08:00,1790577072115268571,317.875160458,1790577072116162274,1283.74860992,1790577072107414086,1283.740755121,21.67,6,0.007849633000205358,067805d965096202007708
2026-09-28T14:31:12.616+08:00,1790577072616533478,318.376425365,1790577072617040271,1284.249874642,1790577072605522589,1284.23886329,21.66,6,0.011007130000052712,067805d966096202007608
2026-09-28T14:31:13.117+08:00,1790577073117263926,318.877155813,1790577073117642355,1284.750605294,1790577073109194969,1284.7425358,21.66,6,0.008065105000014228,067805d967095802007608
2026-09-28T14:31:13.608+08:00,1790577073608638731,319.368530618,1790577073609015734,1285.241979766,1790577073605220690,1285.238561224,21.67,6,0.0034142829999836977,067805d968095802007708
2026-09-28T14:31:14.119+08:00,1790577074119256339,319.879148226,1790577074120421253,1285.752597596,1790577074110330640,1285.743671138,21.67,6,0.008922180999888951,067805d968096c02007708
2026-09-28T14:31:14.610+08:00,1790577074610471171,320.370363058,1790577074610864951,1286.24381215,1790577074605244835,1286.238585388,21.65,6,0.00522298500004581,067805d969098002007508
2026-09-28T14:31:15.121+08:00,1790577075121240886,320.881132773,1790577075121418175,1286.754582161,1790577075112639691,1286.745980319,21.65,6,0.008597138000141058,067805d96a095802007508
2026-09-28T14:31:15.612+08:00,1790577075612261616,321.372153503,1790577075612938180,1287.245603002,1790577075605373961,1287.238714421,21.67,6,0.0068820819999473315,067805d96b096202007708
2026-09-28T14:31:16.123+08:00,1790577076123376410,321.883268297,1790577076123512293,1287.756717741,1790577076114345548,1287.747686027,21.67,6,0.009028139999827545,067805d96c096c02007708
2026-09-28T14:31:16.613+08:00,1790577076613249449,322.373141336,1790577076613648784,1288.246590983,1790577076605450850,1288.238791422,21.66,6,0.007794505999981993,067805d96d096202007608
2026-09-28T14:31:17.114+08:00,1790577077114337758,322.874229645,1790577077114462845,1288.747678811,1790577077106460329,1288.739800827,21.65,6,0.007874354000023231,067805d96e096202007508
2026-09-28T14:31:17.615+08:00,1790577077615321424,323.375213311,1790577077615643244,1289.248662459,1790577077605398878,1289.238739487,21.63,6,0.009917583000060404,067805d86f09c602007308
2026-09-28T14:31:18.116+08:00,1790577078116240019,323.876131906,1790577078116690093,1289.749581961,1790577078107407001,1289.74074748,21.64,6,0.008829111000068224,067805d86f096202007408
2026-09-28T14:31:18.617+08:00,1790577078617492731,324.377384618,1790577078618026542,1290.250958594,1790577078605477588,1290.238818159,21.64,6,0.012011644000040178,067805d870098002007408
2026-09-28T14:31:19.118+08:00,1790577079118493973,324.87838586,1790577079119345363,1290.751835192,1790577079109227214,1290.742567896,21.63,6,0.009263481999823853,067805d871096c02007308
2026-09-28T14:31:19.609+08:00,1790577079609805714,325.369697601,1790577079609948671,1291.243146842,1790577079605312940,1291.238653401,21.64,6,0.004488866999963648,067805d872096202007408
2026-09-28T14:31:20.120+08:00,1790577080120269801,325.880161688,1790577080120714134,1291.753611446,1790577080111804989,1291.745145487,21.65,6,0.008459848000029524,067805d973095802007508
2026-09-28T14:31:20.610+08:00,1790577080610224582,326.370116469,1790577080610478571,1292.243565654,1790577080605352842,1292.238693284,21.65,6,0.0048688140000194835,067805d974092602007508
2026-09-28T14:31:21.121+08:00,1790577081121308755,326.881200642,1790577081122428467,1292.754650178,1790577081112433386,1292.745773847,21.63,6,0.00887072000000444,067805d875095802007308
2026-09-28T14:31:21.612+08:00,1790577081612229719,327.372121606,1790577081612594667,1293.245570643,1790577081605609293,1293.238949754,21.62,6,0.0066183700000692625,067805d875095802007208
2026-09-28T14:31:22.122+08:00,1790577082122587886,327.882479773,1790577082122790211,1293.755929662,1790577082114579593,1293.747920276,21.62,6,0.008003959999996368,067805d876095802007208
2026-09-28T14:31:22.614+08:00,1790577082614275394,328.374167281,1790577082614608862,1294.247616503,1790577082605242051,1294.238582493,21.63,6,0.00902930600000218,067805d877098a02007308
2026-09-28T14:31:23.115+08:00,1790577083115312713,328.8752046,1790577083117215874,1294.748654396,1790577083106365607,1294.739706124,21.64,6,0.00894290200017167,067805d878095802007408
2026-09-28T14:31:23.615+08:00,1790577083615880627,329.375772514,1790577083616856494,1295.249222106,1790577083605220760,1295.238561295,21.64,6,0.01065496000001076,067805d879096c02007408
2026-09-28T14:31:24.116+08:00,1790577084116252753,329.87614464,1790577084116496984,1295.749593825,1790577084108425563,1295.741766598,21.63,6,0.007824004999974932,067805d87a099e02007308
2026-09-28T14:31:24.617+08:00,1790577084617355572,330.377247459,1790577084617533694,1296.250696625,1790577084605472015,1296.238812569,21.63,6,0.011878297000066596,067805d87b096202007308
2026-09-28T14:31:25.118+08:00,1790577085118238956,330.878130843,1790577085119127548,1296.751579954,1790577085110358287,1296.743699044,21.63,6,0.007876909999822601,067805d87b097602007308
2026-09-28T14:31:25.609+08:00,1790577085609246200,331.369138087,1790577085609681311,1297.242587253,1790577085605346956,1297.238687491,21.62,6,0.0038953359999140957,067805d87c097602007208
2026-09-28T14:31:26.120+08:00,1790577086120242697,331.880134584,1790577086120503798,1297.753583806,1790577086111490509,1297.744830988,21.63,6,0.008748669999931735,067805d87d096202007308
2026-09-28T14:31:26.611+08:00,1790577086611278275,332.371170162,1790577086611624167,1298.244619531,1790577086605281397,1298.238621857,21.63,6,0.005994174000079511,067805d87e095802007308
2026-09-28T14:31:27.122+08:00,1790577087122380084,332.882271971,1790577087122736476,1298.755721415,1790577087113536251,1298.746876804,21.63,6,0.008839943999873867,067805d87f096c02007308
2026-09-28T14:31:27.613+08:00,1790577087613275001,333.373166888,1790577087613815275,1299.246618295,1790577087605448811,1299.238789253,21.62,6,0.007821838999916508,067805d880096202007208
2026-09-28T14:31:28.124+08:00,1790577088124323629,333.884215516,1790577088124685595,1299.757664867,1790577088115516647,1299.748857144,21.62,6,0.008803278999948816,067805d881095802007208
2026-09-28T14:31:28.615+08:00,1790577088615573033,334.37546492,1790577088616022162,1300.248914105,1790577088605200154,1300.238540596,21.62,6,0.010368824000124732,067805d881095802007208
2026-09-28T14:31:29.115+08:00,1790577089115469278,334.875361165,1790577089115997960,1300.748810442,1790577089107445300,1300.74078589,21.62,6,0.008020218999945428,067805d882096202007208
2026-09-28T14:31:29.616+08:00,1790577089616517124,335.376409011,1790577089617009918,1301.249858196,1790577089605234246,1301.238574817,21.62,6,0.011278582999921127,067805d883095802007208
2026-09-28T14:31:30.117+08:00,1790577090117575081,335.877466968,1790577090117836977,1301.750916078,1790577090108571811,1301.741912308,21.62,6,0.00899973399987175,067805d884095802007208
2026-09-28T14:31:30.608+08:00,1790577090608225716,336.368117603,1790577090608386895,1302.241566436,1790577090605223601,1302.238564247,21.6,6,0.002999355999918407,067805d885095802007008
2026-09-28T14:31:31.119+08:00,1790577091119349122,336.879241009,1790577091119533855,1302.752690101,1790577091110657468,1302.74399817,21.61,6,0.008688561000099071,067805d886096202007108
2026-09-28T14:31:31.610+08:00,1790577091610434222,337.370326109,1790577091610724265,1303.243775479,1790577091605236051,1303.238576604,21.61,6,0.005194190000111121,067805d886092602007108
2026-09-28T14:31:32.121+08:00,1790577092121267697,337.881159584,1790577092121600035,1303.754609102,1790577092112342923,1303.745683421,21.6,6,0.008919237000100111,067805d887096202007008
2026-09-28T14:31:32.612+08:00,1790577092612356446,338.372248333,1790577092612657211,1304.245697462,1790577092605226930,1304.238567483,21.61,6,0.007126423000045179,067805d888097602007108
2026-09-28T14:31:33.122+08:00,1790577093122727145,338.882619032,1790577093123312084,1304.756068365,1790577093114518193,1304.747858672,21.61,6,0.008205156000030911,067805d889095802007108
2026-09-28T14:31:33.613+08:00,1790577093613221642,339.373113529,1790577093613393209,1305.246562825,1790577093605233626,1305.238574364,21.61,6,0.007983572000057393,067805d88a095802007108
2026-09-28T14:31:34.114+08:00,1790577094114353045,339.874244932,1790577094115246823,1305.747693987,1790577094105762498,1305.739103089,21.6,6,0.008587991000013062,067805d88b094402007008
2026-09-28T14:31:34.615+08:00,1790577094615234497,340.375126384,1790577094615546891,1306.248575383,1790577094605234250,1306.238574933,21.59,6,0.0099968209999588,067805d88b098002006f08
2026-09-28T14:31:35.116+08:00,1790577095116238221,340.876130108,1790577095116395826,1306.749579237,1790577095107352576,1306.74069311,21.6,6,0.008882978999963598,067805d88c095802007008
2026-09-28T14:31:35.616+08:00,1790577095616475664,341.376367551,1790577095616956588,1307.249816551,1790577095605238858,1307.238579411,21.6,6,0.011232047000021339,067805d88d093002007008
2026-09-28T14:31:36.117+08:00,1790577096117345062,341.877236949,1790577096117635031,1307.75068693,1790577096109401988,1307.742742504,21.6,6,0.007939036999914606,067805d88e095802007008
2026-09-28T14:31:36.608+08:00,1790577096608245064,342.368136951,1790577096608629529,1308.241586117,1790577096605241375,1308.238581965,21.6,6,0.003000577999955567,067805d88f096202007008
2026-09-28T14:31:37.119+08:00,1790577097119286074,342.879177961,1790577097119766628,1308.752627219,1790577097110883630,1308.744224294,21.57,6,0.008399313999916558,067805d89009e402006d08
2026-09-28T14:31:37.610+08:00,1790577097610304924,343.370196811,1790577097610967192,1309.243646255,1790577097605685581,1309.239026337,21.59,6,0.004615361999867673,067805d891099402006f08
2026-09-28T14:31:38.121+08:00,1790577098121225291,343.881117178,1790577098121488614,1309.754566326,1790577098112414605,1309.745755325,21.58,6,0.008807816000171442,067805d892098002006e08
2026-09-28T14:31:38.612+08:00,1790577098612330287,344.372222174,1790577098612628275,1310.245671414,1790577098605265158,1310.238605766,21.59,6,0.007061722999878839,067805d89209b202006f08
2026-09-28T14:31:39.122+08:00,1790577099122250476,344.882142363,1790577099122559352,1310.75559151,1790577099114379417,1310.747719989,21.59,6,0.007866465999995853,067805d893098a02006f08
2026-09-28T14:31:39.613+08:00,1790577099613245366,345.373137253,1790577099613514225,1311.24658666,1790577099605246350,1311.238586903,21.6,6,0.007994794000069305,067805d894096202007008
2026-09-28T14:31:40.114+08:00,1790577100114268836,345.874160723,1790577100114769297,1311.74761026,1790577100107317220,1311.740657996,21.6,6,0.006946152999944388,067805d895091c02007008
2026-09-28T14:31:40.615+08:00,1790577100615301751,346.375193638,1790577100615752788,1312.248643619,1790577100605225230,1312.238565672,21.59,6,0.0100716699998884,067805d896095802006f08
2026-09-28T14:31:41.116+08:00,1790577101116649042,346.876540929,1790577101116923420,1312.749990392,1790577101107417133,1312.740757705,21.59,6,0.009227094999914698,067805d897096202006f08
2026-09-28T14:31:41.617+08:00,1790577101617272309,347.377164196,1790577101617580685,1313.250613659,1790577101605290238,1313.238630698,21.59,6,0.011977015999946161,067805d897093a02006f08
2026-09-28T14:31:42.118+08:00,1790577102118351390,347.878243277,1790577102118753429,1313.751692462,1790577102109798805,1313.743139524,21.59,6,0.008548011999891969,067805d898093a02006f08
2026-09-28T14:31:42.608+08:00,1790577102608735106,348.368626993,1790577102609188235,1314.242076215,1790577102605354266,1314.23869482,21.59,6,0.0033765989999210433,067805d899094e02006f08
2026-09-28T14:31:43.120+08:00,1790577103120469353,348.88036124,1790577103120722101,1314.753810776,1790577103112841765,1314.746182429,21.59,6,0.007623254999998608,067805d89a097602006f08
2026-09-28T14:31:43.610+08:00,1790577103610255132,349.370147019,1790577103610724223,1315.243596889,1790577103605209862,1315.238550396,21.57,6,0.005041419000008318,067805d89b094e02006d08
2026-09-28T14:31:44.122+08:00,1790577104122307829,349.882199716,1790577104122595984,1315.755648734,1790577104113350279,1315.746690776,21.58,6,0.008954069000083109,067805d89c095802006e08
2026-09-28T14:31:44.612+08:00,1790577104612225122,350.372117009,1790577104612482760,1316.24556612,1790577104605245304,1316.238585912,21.56,6,0.006977078000090842,067805d89d095802006c08
2026-09-28T14:31:45.123+08:00,1790577105123201884,350.883093771,1790577105123870449,1316.756542937,1790577105115290772,1316.748631214,21.55,6,0.007907761000069513,067805d89d096202006b08
2026-09-28T14:31:45.614+08:00,1790577105614260612,351.374152499,1790577105615006136,1317.247601628,1790577105607722960,1317.241063421,21.56,6,0.00653467000006458,067805d89e095802006c08
2026-09-28T14:31:46.115+08:00,1790577106115346734,351.875238621,1790577106117343928,1317.748687732,1790577106107618355,1317.740958834,21.57,6,0.007725250000021333,067805d89f095802006d08
2026-09-28T14:31:46.616+08:00,1790577106616350602,352.376242489,1790577106617492054,1318.249692062,1790577106605228068,1318.238568621,21.56,6,0.01111855299996023,067805d8a0096603006c08
2026-09-28T14:31:47.116+08:00,1790577107116369363,352.87626125,1790577107116564929,1318.749710342,1790577107108335107,1318.741675604,21.55,6,0.008029812000131642,067805d8a1095802006b08
2026-09-28T14:31:47.618+08:00,1790577107618233565,353.378125452,1790577107618385152,1319.251574711,1790577107605235555,1319.238576015,21.55,6,0.012994826000067405,067805d8a2099402006b08
2026-09-28T14:31:48.118+08:00,1790577108118273215,353.878165102,1790577108118686865,1319.751614361,1790577108109964823,1319.743305469,21.55,6,0.00830513300002167,067805d8a2095802006b08
2026-09-28T14:31:48.609+08:00,1790577108609209285,354.369101172,1790577108609422979,1320.242550634,1790577108605260432,1320.238601022,21.55,6,0.003946759999962524,067805d8a3094e02006b08
2026-09-28T14:31:49.120+08:00,1790577109120246308,354.880138195,1790577109120856116,1320.753587713,1790577109111852049,1320.745192583,21.55,6,0.008391074999963166,067805d8a4095802006b08
2026-09-28T14:31:49.611+08:00,1790577109611250672,355.371142559,1790577109611741670,1321.244591503,1790577109605533689,1321.238874353,21.55,6,0.00571224300006179,067805d8a5096202006b08
2026-09-28T14:31:50.122+08:00,1790577110122282048,355.882173935,1790577110122590609,1321.755624194,1790577110114716754,1321.748057252,21.54,6,0.007558257000027879,067805d7a609a802006a08
2026-09-28T14:31:50.613+08:00,1790577110613228749,356.373120636,1790577110613555569,1322.246569932,1790577110605271119,1322.238611673,21.55,6,0.00795448100006979,067805d8a7097602006b08
2026-09-28T14:31:51.124+08:00,1790577111124226628,356.884118515,1790577111124378622,1322.757567681,1790577111114852780,1322.748193278,21.55,6,0.00937086600015391,067805d8a8096c02006b08
2026-09-28T14:31:51.614+08:00,1790577111614220536,357.374112423,1790577111614364160,1323.247561663,1790577111605222839,1323.238563485,21.55,6,0.008994604000008621,067805d8a9098002006b08
2026-09-28T14:31:52.115+08:00,1790577112115268852,357.875160739,1790577112115436604,1323.748610145,1790577112107316407,1323.74065696,21.55,6,0.007950666999931855,067805d8a9095802006b08
2026-09-28T14:31:52.616+08:00,1790577112616253078,358.376144965,1790577112616380369,1324.249594057,1790577112605208819,1324.238549353,21.56,6,0.011040574999924502,067805d8aa097602006c08
2026-09-28T14:31:53.117+08:00,1790577113117290858,358.877182745,1790577113117459703,1324.750632022,1790577113108332974,1324.741673879,21.55,6,0.008953217999987828,067805d8ab098002006b08
2026-09-28T14:31:53.618+08:00,1790577113618242661,359.378134548,1790577113618445819,1325.251583677,1790577113605207818,1325.238548464,21.55,6,0.013029787000050419,067805d8ac096c02006b08
2026-09-28T14:31:54.119+08:00,1790577114119225741,359.879117628,1790577114119372660,1325.752566757,1790577114110355260,1325.743695758,21.55,6,0.008868516999882559,067805d8ad096c02006b08
2026-09-28T14:31:54.609+08:00,1790577114609248914,360.369140801,1790577114609377823,1326.242590005,1790577114605214277,1326.238554738,21.55,6,0.004032248000157779,067805d8ae099402006b08
2026-09-28T14:31:55.120+08:00,1790577115120314995,360.880206882,1790577115120773824,1326.753656808,1790577115112342914,1326.745683411,21.55,6,0.007968561999859958,067805d8af098002006b08
2026-09-28T14:31:55.611+08:00,1790577115611221198,361.371113085,1790577115611388967,1327.244562233,1790577115605225746,1327.238566299,21.55,6,0.005993043999978909,067805d8b0098002006b08
